Unity Editor version:    6000.5.2f1 (eb73d3b415a1)
Branch:                  6000.5/staging
Build type:              Release
Batch mode:              NO
macOS version:           Version 26.6.2 (Build 25G83)
Darwin version:          25.6.0
Architecture:            arm64
Running under Rosetta:   NO
Available memory:        16384 MB
Date:                    2026-10-03T15:55:37Z
[Licensing::Module] Trying to connect to existing licensing client channel...
[Licensing::IpcConnector] Successfully connected to: "LicenseClient-farhad" at "2026-10-03T15:55:37.325504Z"
Launching external process: /Applications/Unity/Hub/Editor/6000.5.2f1/Unity.app/Contents/Helpers/PackageManager/Server/UnityPackageManager

COMMAND LINE ARGUMENTS:
/Applications/Unity/Hub/Editor/6000.5.2f1/Unity.app/Contents/MacOS/Unity
-projectPath
/Users/farhad/Projects/WarlineCapture
-logFile
/private/tmp/warline-s004-regressions-10.log
-quit
-executeMethod
Game.Tests.Editor.SkirmishSharedMaterialsTests.RunS004DeliveryValidation
Successfully changed project path to: /Users/farhad/Projects/WarlineCapture
/Users/farhad/Projects/WarlineCapture
[UnityMemory] Configuration Parameters - Can be set up in boot.config
    "memorysetup-temp-allocator-size-gi-baking-worker=262144"
    "memorysetup-temp-allocator-size-gi-baking-worker=262144"
    "memorysetup-temp-allocator-size-gi-baking-worker=262144"
    "memorysetup-temp-allocator-size-gi-baking-worker=262144"
    "memorysetup-temp-allocator-size-gi-baking-worker=262144"
    "memorysetup-temp-allocator-size-nav-mesh-worker=65536"
    "memorysetup-temp-allocator-size-audio-worker=65536"
    "memorysetup-temp-allocator-size-cloud-worker=32768"
    "memorysetup-allocator-temp-initial-block-size-main=262144"
    "memorysetup-allocator-temp-initial-block-size-worker=262144"
    "memorysetup-temp-allocator-size-preload-manager=33554432"
    "memorysetup-temp-allocator-size-gfx=262144"
    "memorysetup-temp-allocator-size-background-worker=32768"
    "memorysetup-temp-allocator-size-job-worker=262144"
    "memorysetup-bucket-allocator-granularity=16"
    "memorysetup-bucket-allocator-bucket-count=8"
    "memorysetup-bucket-allocator-block-size=33554432"
    "memorysetup-bucket-allocator-block-count=8"
    "memorysetup-main-allocator-block-size=16777216"
    "memorysetup-thread-allocator-block-size=16777216"
    "memorysetup-main-allocator-mimalloc-enabled=0"
    "memorysetup-gfx-main-allocator-block-size=16777216"
    "memorysetup-gfx-thread-allocator-block-size=16777216"
    "memorysetup-cache-allocator-block-size=4194304"
    "memorysetup-typetree-allocator-block-size=2097152"
    "memorysetup-profiler-bucket-allocator-granularity=16"
    "memorysetup-profiler-bucket-allocator-bucket-count=8"
    "memorysetup-profiler-bucket-allocator-block-size=33554432"
    "memorysetup-profiler-bucket-allocator-block-count=8"
    "memorysetup-profiler-allocator-block-size=16777216"
    "memorysetup-profiler-editor-allocator-block-size=1048576"
    "memorysetup-temp-allocator-size-main=16777216"
    "memorysetup-job-temp-allocator-block-size=2097152"
    "memorysetup-job-temp-allocator-block-size-background=1048576"
    "memorysetup-job-temp-allocator-reduction-small-platforms=262144"
Logging is directed to a specific file, skipping project log.Player connection [8466637184]  Target information:

Player connection [8466637184]  * "[IP] 192.168.2.175 [Port] 55506 [Flags] 2 [Guid] 2791203901 [EditorId] 2791203901 [Version] 1048832 [Id] OSXEditor(0,Farhads-Air-2) [Debug] 1 [PackageName] OSXEditor [ProjectName] Editor" 

Player connection [8466637184] Host joined multi-casting on [225.0.0.222:54997]...
Player connection [8466637184] Host joined alternative multi-casting on [225.0.0.222:34997]...
Input System module state changed to: Initialized.
[Physics::Module] Initialized fallback backend.
[Physics::Module] Id: 0xdecafbad
[Licensing::Client] Error: HandshakeResponse reported an error:
	ResponseCode: 505
	ResponseStatus: Unsupported protocol version '1.18.1'.
[Licensing::Module] Error: Failed to handshake to channel: "LicenseClient-farhad"
[Licensing::IpcConnector] LicenseClient-farhad channel disconnected successfully.
[Licensing::IpcConnector] Channel LicenseClient-farhad-6000.5.2 doesn't exist
Launching external process: /Applications/Unity/Hub/Editor/6000.5.2f1/Unity.app/Contents/Helpers/UnityLicensingClient.app/Contents/MacOS/Unity.Licensing.Client
[Licensing::Module] Successfully launched the LicensingClient (PId: 96339)
[Package Manager] Connected to IPC stream "Upm-96333" after 1.1 seconds.
[Licensing::Module] Licensing is not yet initialized.
[Licensing::IpcConnector] Successfully connected to: "LicenseClient-farhad-6000.5.2" at "2026-10-03T15:55:39.999456Z"
[Licensing::Client] Handshaking with LicensingClient:
  Version:                 1.18.1+9fbee8e
  Session Id:              a1e860c7f0f84312846de6e5d2c60194
  Correlation Id:          9ec0a47c99d52ab212c6a7c641a846b8
  External correlation Id: 4717378650835231613
  Machine Id:              10T5sSSYWiUOOlqtQecUz0BYTYA=
[Licensing::Module] Successfully connected to LicensingClient on channel: "LicenseClient-farhad-6000.5.2" (connect: 1.95s, validation: 0.10s, handshake: 0.59s)
[Licensing::IpcConnector] Successfully connected to: "LicenseClient-farhad-6000.5.2-notifications" at "2026-10-03T15:55:40.690284Z"
[Licensing::Module] Connected to LicensingClient (PId: 96339, launch time: 0.00, total connection time: 2.64s)
[Licensing::Module] Error: Access token is unavailable; failed to update
[Licensing::Client] Successfully resolved entitlement details
[Licensing::Module] License group:
  Id: 2197950-UnityPersXXXX
  Product: Unity Personal
  Type: Assigned
  Expiration: Unlimited
[Licensing::Client] Successfully updated license, isAsync: True, time: 0.03
[Licensing::Client] Successfully resolved entitlement details
[Licensing::Module] Licensing Background thread has ended after 3.41s
[Licensing::Module] Licensing is initialized (took 1.55s).
[Licensing::Client] Successfully resolved entitlement details
Library Redirect Path: Library/
[Physics::Module] Selected backend.
[Physics::Module] Name: PhysX
[Physics::Module] Id: 0xf2b8ea05
[Physics::Module] SDK Version: 4.1.2
[Physics::Module] Integration Version: 1.0.0
[Physics::Module] Threading Mode: Multi-Threaded
Initialize engine version: 6000.5.2f1 (eb73d3b415a1)
[Subsystems] Discovering subsystems at path /Applications/Unity/Hub/Editor/6000.5.2f1/Unity.app/Contents/Resources/UnitySubsystems
[Subsystems] Discovering subsystems at path /Users/farhad/Projects/WarlineCapture/Assets
GfxDevice: creating device client; kGfxThreadingModeThreaded
 preferred device: Apple M5 (high power)
Metal devices available: 1
0: Apple M5 (high power)
Using device Apple M5 (high power)
Initializing Metal device caps: Apple M5
Mac GPU Family: 2
Apple GPU Family: 9
MSL Version: 3.0
Has Float MSAA: 1
Has Float Filtering: 1
ReadWrite Texture Tier: 2
Initialize mono
Mono path[0] = '/Applications/Unity/Hub/Editor/6000.5.2f1/Unity.app/Contents/Resources/Scripting/Managed'
Mono path[1] = '/Applications/Unity/Hub/Editor/6000.5.2f1/Unity.app/Contents/Resources/Scripting/BCLExtensions/runtime/netstandard2.1'
Mono path[2] = '/Applications/Unity/Hub/Editor/6000.5.2f1/Unity.app/Contents/Resources/Scripting/MonoBleedingEdge/lib/mono/unityjit-macos'
Mono config path = '/Applications/Unity/Hub/Editor/6000.5.2f1/Unity.app/Contents/Resources/Scripting/MonoBleedingEdge/etc'
Using monoOptions --debugger-agent=transport=dt_socket,embedding=1,server=y,suspend=n,address=127.0.0.1:56333
CodeReloadManager initialized
ImportWorker Server TCP listen port: 0
AcceleratorClientConnectionCallback - disconnected - :0
Begin MonoManager ReloadAssembly
Registering precompiled unity dll's ...
Register platform support module: /Applications/Unity/Hub/Editor/6000.5.2f1/PlaybackEngines/MacStandaloneSupport/UnityEditor.OSXStandalone.Extensions.dll
[Licensing::Client] Successfully resolved entitlement details
Register platform support module: /Applications/Unity/Hub/Editor/6000.5.2f1/PlaybackEngines/AndroidPlayer/UnityEditor.Android.Extensions.dll
Registered in 0.003121 seconds.
Native extension for Android target not found
Native extension for OSXStandalone target not found
Package Manager log level set to [2]
ScheduleIndexationOnStartup MainProcess:False IndexOnStartup:True
Mono: successfully reloaded assembly
- Finished resetting the current domain, in  0.565 seconds
Domain Reload Profiling: 1106ms
	BeginReloadAssembly (108ms)
		CreateAndSetChildDomain (10ms)
	RebuildCommonClasses (5ms)
	RebuildNativeTypeToScriptingClass (20ms)
	initialDomainReloadingComplete (68ms)
	LoadAllAssembliesAndSetupDomain (337ms)
		LoadAssemblies (98ms)
		AnalyzeDomain (260ms)
			TypeCache.Refresh (259ms)
				TypeCache.ScanAssembly (239ms)
	FinalizeReload (568ms)
		SetupLoadedEditorAssemblies (0ms)
			InitializePlatformSupportModulesInManaged (105ms)
			BeforeProcessingInitializeOnLoad (102ms)
			ProcessInitializeOnLoadAttributes (130ms)
			ProcessInitializeOnLoadMethodAttributes (129ms)
[Licensing::Client] Successfully resolved entitlement details
Application.AssetDatabase Initial Refresh Start
[Package Manager] Restoring resolved packages state from cache
[Licensing::Client] Successfully resolved entitlement details
[Package Manager] Registered 70 packages:
  Packages from [https://packages.unity.com]:
    com.unity.addressables@3.1.0 (location: /Users/farhad/Projects/WarlineCapture/Library/PackageCache/com.unity.addressables@9bffe1a216ce)
    com.unity.ai.assistant@2.13.0-pre.2 (location: /Users/farhad/Projects/WarlineCapture/Library/PackageCache/com.unity.ai.assistant@6fee27370e6a)
    com.unity.collab-proxy@2.12.4 (location: /Users/farhad/Projects/WarlineCapture/Library/PackageCache/com.unity.collab-proxy@0b1559bcd34e)
    com.unity.ide.rider@3.0.40 (location: /Users/farhad/Projects/WarlineCapture/Library/PackageCache/com.unity.ide.rider@e4950c6d131b)
    com.unity.ide.visualstudio@2.0.27 (location: /Users/farhad/Projects/WarlineCapture/Library/PackageCache/com.unity.ide.visualstudio@dc1ddd4f09b6)
    com.unity.inputsystem@1.19.0 (location: /Users/farhad/Projects/WarlineCapture/Library/PackageCache/com.unity.inputsystem@21a28c3a6c83)
    com.unity.probuilder@6.1.2 (location: /Users/farhad/Projects/WarlineCapture/Library/PackageCache/com.unity.probuilder@8be9724b2335)
    com.unity.timeline@1.8.12 (location: /Users/farhad/Projects/WarlineCapture/Library/PackageCache/com.unity.timeline@8cd8509afae5)
    com.unity.visualscripting@1.9.11 (location: /Users/farhad/Projects/WarlineCapture/Library/PackageCache/com.unity.visualscripting@8bed5ad90189)
    com.unity.pipeline@0.6.0-exp.1 (location: /Users/farhad/Projects/WarlineCapture/Library/PackageCache/com.unity.pipeline@9bb4172c603c)
    com.unity.burst@1.8.29 (location: /Users/farhad/Projects/WarlineCapture/Library/PackageCache/com.unity.burst@6bb9aca3ef38)
    com.unity.nuget.mono-cecil@1.11.6 (location: /Users/farhad/Projects/WarlineCapture/Library/PackageCache/com.unity.nuget.mono-cecil@ecb9724e46ff)
    com.unity.nuget.newtonsoft-json@3.2.2 (location: /Users/farhad/Projects/WarlineCapture/Library/PackageCache/com.unity.nuget.newtonsoft-json@4dfd81071c64)
    com.unity.searcher@4.9.4 (location: /Users/farhad/Projects/WarlineCapture/Library/PackageCache/com.unity.searcher@d45a78918735)
    com.unity.settings-manager@2.1.1 (location: /Users/farhad/Projects/WarlineCapture/Library/PackageCache/com.unity.settings-manager@0b8638c5ce86)
    com.unity.profiling.core@1.0.3 (location: /Users/farhad/Projects/WarlineCapture/Library/PackageCache/com.unity.profiling.core@8a49f7027d06)
    com.unity.test-framework.performance@3.5.0 (location: /Users/farhad/Projects/WarlineCapture/Library/PackageCache/com.unity.test-framework.performance@8b56083ec0f0)
    com.unity.scriptablebuildpipeline@3.1.1 (location: /Users/farhad/Projects/WarlineCapture/Library/PackageCache/com.unity.scriptablebuildpipeline@ea93f1084040)
  Built-in packages:
    com.unity.2d.sprite@1.0.0 (location: /Users/farhad/Projects/WarlineCapture/Library/PackageCache/com.unity.2d.sprite@053a968eab56)
    com.unity.entities@6.5.0 (location: /Users/farhad/Projects/WarlineCapture/Library/PackageCache/com.unity.entities@bab66ffaba49)
    com.unity.entities.graphics@6.5.0 (location: /Users/farhad/Projects/WarlineCapture/Library/PackageCache/com.unity.entities.graphics@66588da3a112)
    com.unity.multiplayer.center@1.0.1 (location: /Users/farhad/Projects/WarlineCapture/Library/PackageCache/com.unity.multiplayer.center@b860850997d0)
    com.unity.render-pipelines.universal@17.5.0 (location: /Users/farhad/Projects/WarlineCapture/Library/PackageCache/com.unity.render-pipelines.universal@748d7458cc62)
    com.unity.serialization@6.5.0 (location: /Users/farhad/Projects/WarlineCapture/Library/PackageCache/com.unity.serialization@b2610f80ff18)
    com.unity.shadergraph@17.5.0 (location: /Users/farhad/Projects/WarlineCapture/Library/PackageCache/com.unity.shadergraph@2df19e8719bc)
    com.unity.test-framework@1.7.0 (location: /Users/farhad/Projects/WarlineCapture/Library/PackageCache/com.unity.test-framework@1405238725ab)
    com.unity.ugui@2.5.0 (location: /Users/farhad/Projects/WarlineCapture/Library/PackageCache/com.unity.ugui@3d1ea40b73ef)
    com.unity.modules.accessibility@1.0.0 (location: /Users/farhad/Projects/WarlineCapture/Library/PackageCache/com.unity.modules.accessibility)
    com.unity.modules.adaptiveperformance@1.0.0 (location: /Users/farhad/Projects/WarlineCapture/Library/PackageCache/com.unity.modules.adaptiveperformance)
    com.unity.modules.ai@1.0.0 (location: /Users/farhad/Projects/WarlineCapture/Library/PackageCache/com.unity.modules.ai)
    com.unity.modules.androidjni@1.0.0 (location: /Users/farhad/Projects/WarlineCapture/Library/PackageCache/com.unity.modules.androidjni)
    com.unity.modules.animation@1.0.0 (location: /Users/farhad/Projects/WarlineCapture/Library/PackageCache/com.unity.modules.animation)
    com.unity.modules.assetbundle@1.0.0 (location: /Users/farhad/Projects/WarlineCapture/Library/PackageCache/com.unity.modules.assetbundle)
    com.unity.modules.audio@1.0.0 (location: /Users/farhad/Projects/WarlineCapture/Library/PackageCache/com.unity.modules.audio)
    com.unity.modules.cloth@1.0.0 (location: /Users/farhad/Projects/WarlineCapture/Library/PackageCache/com.unity.modules.cloth)
    com.unity.modules.director@1.0.0 (location: /Users/farhad/Projects/WarlineCapture/Library/PackageCache/com.unity.modules.director)
    com.unity.modules.imageconversion@1.0.0 (location: /Users/farhad/Projects/WarlineCapture/Library/PackageCache/com.unity.modules.imageconversion)
    com.unity.modules.imgui@1.0.0 (location: /Users/farhad/Projects/WarlineCapture/Library/PackageCache/com.unity.modules.imgui)
    com.unity.modules.jsonserialize@1.0.0 (location: /Users/farhad/Projects/WarlineCapture/Library/PackageCache/com.unity.modules.jsonserialize)
    com.unity.modules.physicscore2d@1.0.0 (location: /Users/farhad/Projects/WarlineCapture/Library/PackageCache/com.unity.modules.physicscore2d)
    com.unity.modules.screencapture@1.0.0 (location: /Users/farhad/Projects/WarlineCapture/Library/PackageCache/com.unity.modules.screencapture)
    com.unity.modules.tilemap@1.0.0 (location: /Users/farhad/Projects/WarlineCapture/Library/PackageCache/com.unity.modules.tilemap)
    com.unity.modules.ui@1.0.0 (location: /Users/farhad/Projects/WarlineCapture/Library/PackageCache/com.unity.modules.ui)
    com.unity.modules.uielements@1.0.0 (location: /Users/farhad/Projects/WarlineCapture/Library/PackageCache/com.unity.modules.uielements)
    com.unity.modules.umbra@1.0.0 (location: /Users/farhad/Projects/WarlineCapture/Library/PackageCache/com.unity.modules.umbra)
    com.unity.modules.unityanalytics@1.0.0 (location: /Users/farhad/Projects/WarlineCapture/Library/PackageCache/com.unity.modules.unityanalytics)
    com.unity.modules.unitywebrequest@1.0.0 (location: /Users/farhad/Projects/WarlineCapture/Library/PackageCache/com.unity.modules.unitywebrequest)
    com.unity.modules.unitywebrequestassetbundle@1.0.0 (location: /Users/farhad/Projects/WarlineCapture/Library/PackageCache/com.unity.modules.unitywebrequestassetbundle)
    com.unity.modules.unitywebrequestaudio@1.0.0 (location: /Users/farhad/Projects/WarlineCapture/Library/PackageCache/com.unity.modules.unitywebrequestaudio)
    com.unity.modules.unitywebrequesttexture@1.0.0 (location: /Users/farhad/Projects/WarlineCapture/Library/PackageCache/com.unity.modules.unitywebrequesttexture)
    com.unity.modules.unitywebrequestwww@1.0.0 (location: /Users/farhad/Projects/WarlineCapture/Library/PackageCache/com.unity.modules.unitywebrequestwww)
    com.unity.modules.vectorgraphics@1.0.0 (location: /Users/farhad/Projects/WarlineCapture/Library/PackageCache/com.unity.modules.vectorgraphics)
    com.unity.modules.vehicles@1.0.0 (location: /Users/farhad/Projects/WarlineCapture/Library/PackageCache/com.unity.modules.vehicles)
    com.unity.modules.video@1.0.0 (location: /Users/farhad/Projects/WarlineCapture/Library/PackageCache/com.unity.modules.video)
    com.unity.modules.wind@1.0.0 (location: /Users/farhad/Projects/WarlineCapture/Library/PackageCache/com.unity.modules.wind)
    com.unity.modules.xr@1.0.0 (location: /Users/farhad/Projects/WarlineCapture/Library/PackageCache/com.unity.modules.xr)
    com.unity.modules.physics@1.0.0 (location: /Users/farhad/Projects/WarlineCapture/Library/PackageCache/com.unity.modules.physics)
    com.unity.modules.subsystems@1.0.0 (location: /Users/farhad/Projects/WarlineCapture/Library/PackageCache/com.unity.modules.subsystems)
    com.unity.modules.hierarchycore@1.0.0 (location: /Users/farhad/Projects/WarlineCapture/Library/PackageCache/com.unity.modules.hierarchycore)
    com.unity.modules.physics2d@1.0.0 (location: /Users/farhad/Projects/WarlineCapture/Library/PackageCache/com.unity.modules.physics2d)
    com.unity.modules.particlesystem@1.0.0 (location: /Users/farhad/Projects/WarlineCapture/Library/PackageCache/com.unity.modules.particlesystem)
    com.unity.ext.nunit@2.1.0 (location: /Users/farhad/Projects/WarlineCapture/Library/PackageCache/com.unity.ext.nunit@44f7d31723bd)
    com.unity.render-pipelines.core@17.5.0 (location: /Users/farhad/Projects/WarlineCapture/Library/PackageCache/com.unity.render-pipelines.core@9fe9377312a8)
    com.unity.collections@6.5.0 (location: /Users/farhad/Projects/WarlineCapture/Library/PackageCache/com.unity.collections@a43cabe808ca)
    com.unity.render-pipelines.universal-config@17.5.0 (location: /Users/farhad/Projects/WarlineCapture/Library/PackageCache/com.unity.render-pipelines.universal-config@fdda01c80fe3)
    com.unity.modules.hierarchy@1.0.0 (location: /Users/farhad/Projects/WarlineCapture/Library/PackageCache/com.unity.modules.hierarchy)
    com.unity.mathematics@1.4.0 (location: /Users/farhad/Projects/WarlineCapture/Library/PackageCache/com.unity.mathematics@981956d94fb6)
    com.unity.modules.terrain@1.0.0 (location: /Users/farhad/Projects/WarlineCapture/Library/PackageCache/com.unity.modules.terrain)
  Embedded packages:
    com.sniveler-code.gpu-animation@file:/Users/farhad/Projects/WarlineCapture/Packages/com.sniveler-code.gpu-animation (location: /Users/farhad/Projects/WarlineCapture/Packages/com.sniveler-code.gpu-animation)
  Git packages:
    com.nosuchstudio.rtltmpro@https://github.com/hk1ll3r/RTLTMPro.git?path=/UPMPackage#69c9193fc27218f17679cc57382a61ac4a717b2b (location: /Users/farhad/Projects/WarlineCapture/Library/PackageCache/com.nosuchstudio.rtltmpro@44858274f18a)
[Subsystems] No new subsystems found in resolved package list.
[Package Manager] Done registering packages in 0.02 seconds
Assembly reference Packages/com.unity.entities/Unity.Scenes.Editor/Internals/Properties/Unity.Properties.Internals.asmref has no target assembly definition
Assembly reference Packages/com.unity.entities/Unity.Scenes.Editor/Internals/Properties/Unity.Properties.Internals.asmref has no target assembly definition
[ScriptCompilation] Requested script compilation because: AssetDatabase observed changes in script compilation related files
info: Microsoft.Hosting.Lifetime[14]
      Now listening on: http://unix:/tmp/ilpp.sock-cab634237f5413a71fd009541e827d78
info: Microsoft.Hosting.Lifetime[0]
      Application started. Press Ctrl+C to shut down.
info: Microsoft.Hosting.Lifetime[0]
      Hosting environment: Production
info: Microsoft.Hosting.Lifetime[0]
      Content root path: /Users/farhad/Projects/WarlineCapture
info: Microsoft.AspNetCore.Hosting.Diagnostics[1]
      Request starting HTTP/2 POST http://ilpp/UnityILPP.PostProcessing/Ping - application/grpc -
info: Microsoft.AspNetCore.Routing.EndpointMiddleware[0]
      Executing endpoint 'gRPC - /UnityILPP.PostProcessing/Ping'
info: Microsoft.AspNetCore.Routing.EndpointMiddleware[1]
      Executed endpoint 'gRPC - /UnityILPP.PostProcessing/Ping'
info: Microsoft.AspNetCore.Hosting.Diagnostics[2]
      Request finished HTTP/2 POST http://ilpp/UnityILPP.PostProcessing/Ping - 200 - application/grpc 52.8996ms
Starting: /Applications/Unity/Hub/Editor/6000.5.2f1/Unity.app/Contents/Resources/BuildPipeline/bee_backend --ipc --defer-dag-verification --dagfile="Library/Bee/200b0aE.dag" --continue-on-failure --profile="Library/Bee/backend1.traceevents" ScriptAssemblies
WorkingDir: /Users/farhad/Projects/WarlineCapture
info: Microsoft.AspNetCore.Hosting.Diagnostics[1]
      Request starting HTTP/2 POST http://ilpp/UnityILPP.PostProcessing/ConfigurePostProcessors - application/grpc -
info: Microsoft.AspNetCore.Routing.EndpointMiddleware[0]
      Executing endpoint 'gRPC - /UnityILPP.PostProcessing/ConfigurePostProcessors'
warn: Unity.ILPP.Runner.PostProcessingAssemblyLoadContext[0]
      Assembly system.runtime.interopservices.windowsruntime has duplicate hint path. Ignoring "/Applications/Unity/Hub/Editor/6000.5.2f1/Unity.app/Contents/Resources/Scripting/NetStandard/Extensions/2.0.0/System.Runtime.InteropServices.WindowsRuntime.dll" in favor of "/Applications/Unity/Hub/Editor/6000.5.2f1/Unity.app/Contents/Resources/Scripting/UnityReferenceAssemblies/unity-4.8-api/Facades/System.Runtime.InteropServices.WindowsRuntime.dll"
warn: Unity.ILPP.Runner.PostProcessingAssemblyLoadContext[0]
      Assembly system.componentmodel.composition has duplicate hint path. Ignoring "/Applications/Unity/Hub/Editor/6000.5.2f1/Unity.app/Contents/Resources/Scripting/NetStandard/compat/2.1.0/shims/netfx/System.ComponentModel.Composition.dll" in favor of "/Applications/Unity/Hub/Editor/6000.5.2f1/Unity.app/Contents/Resources/Scripting/UnityReferenceAssemblies/unity-4.8-api/System.ComponentModel.Composition.dll"
info: Unity.ILPP.Runner.PostProcessingAssemblyLoadContext[0]
      Resolved Mono.Cecil, Version=0.11.5.0, Culture=neutral, PublicKeyToken=50cebf1cceb9d05e with Library/PackageCache/com.unity.nuget.mono-cecil@ecb9724e46ff/Mono.Cecil.dll
info: Unity.ILPP.Runner.PostProcessingAssemblyLoadContext[0]
      Resolved Unity.Burst.Cecil, Version=0.11.6.0, Culture=neutral, PublicKeyToken=50cebf1cceb9d05e with Library/PackageCache/com.unity.burst@6bb9aca3ef38/Unity.Burst.CodeGen/Unity.Burst.Cecil.dll
info: Unity.ILPP.Runner.PostProcessingAssemblyLoadContext[0]
      Resolved Unity.Entities, Version=0.0.0.0, Culture=neutral, PublicKeyToken=null with Library/Bee/artifacts/200b0aE.dag/Unity.Entities.dll
info: Microsoft.AspNetCore.Routing.EndpointMiddleware[1]
      Executed endpoint 'gRPC - /UnityILPP.PostProcessing/ConfigurePostProcessors'
info: Microsoft.AspNetCore.Hosting.Diagnostics[2]
      Request finished HTTP/2 POST http://ilpp/UnityILPP.PostProcessing/ConfigurePostProcessors - 200 - application/grpc 37.3937ms
info: Microsoft.AspNetCore.Hosting.Diagnostics[1]
      Request starting HTTP/2 POST http://ilpp/UnityILPP.PostProcessing/PostProcessAssembly - application/grpc -
info: Microsoft.AspNetCore.Routing.EndpointMiddleware[0]
      Executing endpoint 'gRPC - /UnityILPP.PostProcessing/PostProcessAssembly'
info: Microsoft.AspNetCore.Hosting.Diagnostics[1]
      Request starting HTTP/2 POST http://ilpp/UnityILPP.PostProcessing/PostProcessAssembly - application/grpc -
info: Microsoft.AspNetCore.Routing.EndpointMiddleware[0]
      Executing endpoint 'gRPC - /UnityILPP.PostProcessing/PostProcessAssembly'
info: Microsoft.AspNetCore.Hosting.Diagnostics[1]
      Request starting HTTP/2 POST http://ilpp/UnityILPP.PostProcessing/PostProcessAssembly - application/grpc -
info: Microsoft.AspNetCore.Hosting.Diagnostics[1]
      Request starting HTTP/2 POST http://ilpp/UnityILPP.PostProcessing/PostProcessAssembly - application/grpc -
info: Microsoft.AspNetCore.Routing.EndpointMiddleware[0]
      Executing endpoint 'gRPC - /UnityILPP.PostProcessing/PostProcessAssembly'
info: Microsoft.AspNetCore.Routing.EndpointMiddleware[0]
      Executing endpoint 'gRPC - /UnityILPP.PostProcessing/PostProcessAssembly'
info: Microsoft.AspNetCore.Hosting.Diagnostics[1]
      Request starting HTTP/2 POST http://ilpp/UnityILPP.PostProcessing/PostProcessAssembly - application/grpc -
info: Microsoft.AspNetCore.Routing.EndpointMiddleware[0]
      Executing endpoint 'gRPC - /UnityILPP.PostProcessing/PostProcessAssembly'
info: Unity.ILPP.Runner.PostProcessingPipeline[0]
      Processing assembly Library/Bee/artifacts/200b0aE.dag/Game.Tests.PlayMode.dll, with 138 defines and 317 references
info: Unity.ILPP.Runner.PostProcessingPipeline[0]
      processors: Unity.Entities.CodeGen.EntitiesILPostProcessors, Unity.Jobs.CodeGen.JobsILPostProcessor, Unity.Pipeline.CodeGen.HotReloadInPlaceILPostProcessor, zzzUnity.Burst.CodeGen.BurstILPostProcessor
info: Unity.ILPP.Runner.PostProcessingPipeline[0]
      running Unity.Entities.CodeGen.EntitiesILPostProcessors
info: Unity.ILPP.Runner.PostProcessingAssemblyLoadContext[0]
      Resolved Mono.Cecil.Rocks, Version=0.11.5.0, Culture=neutral, PublicKeyToken=50cebf1cceb9d05e with Library/PackageCache/com.unity.nuget.mono-cecil@ecb9724e46ff/Mono.Cecil.Rocks.dll
info: Unity.ILPP.Runner.PostProcessingPipeline[0]
      Processing assembly Library/Bee/artifacts/200b0aE.dag/Game.Composition.dll, with 138 defines and 335 references
info: Unity.ILPP.Runner.PostProcessingPipeline[0]
      Processing assembly Library/Bee/artifacts/200b0aE.dag/Game.Tests.MapPreparation.Native.dll, with 138 defines and 298 references
info: Unity.ILPP.Runner.PostProcessingPipeline[0]
      processors: Unity.Entities.CodeGen.EntitiesILPostProcessors, Unity.Jobs.CodeGen.JobsILPostProcessor, Unity.Pipeline.CodeGen.HotReloadInPlaceILPostProcessor, zzzUnity.Burst.CodeGen.BurstILPostProcessor
info: Unity.ILPP.Runner.PostProcessingPipeline[0]
      processors: Unity.Entities.CodeGen.EntitiesILPostProcessors, Unity.Jobs.CodeGen.JobsILPostProcessor, Unity.Pipeline.CodeGen.HotReloadInPlaceILPostProcessor, zzzUnity.Burst.CodeGen.BurstILPostProcessor
info: Unity.ILPP.Runner.PostProcessingPipeline[0]
      Processing assembly Library/Bee/artifacts/200b0aE.dag/Game.UI.Shell.Ecs.dll, with 138 defines and 326 references
info: Unity.ILPP.Runner.PostProcessingPipeline[0]
      processors: Unity.Entities.CodeGen.EntitiesILPostProcessors, Unity.Jobs.CodeGen.JobsILPostProcessor, Unity.Pipeline.CodeGen.HotReloadInPlaceILPostProcessor, zzzUnity.Burst.CodeGen.BurstILPostProcessor
info: Unity.ILPP.Runner.PostProcessingPipeline[0]
      Processing assembly Library/Bee/artifacts/200b0aE.dag/Game.UI.Runtime.dll, with 138 defines and 319 references
info: Unity.ILPP.Runner.PostProcessingPipeline[0]
      running Unity.Entities.CodeGen.EntitiesILPostProcessors
info: Unity.ILPP.Runner.PostProcessingPipeline[0]
      processors: Unity.Entities.CodeGen.EntitiesILPostProcessors, Unity.Jobs.CodeGen.JobsILPostProcessor, Unity.Pipeline.CodeGen.HotReloadInPlaceILPostProcessor, zzzUnity.Burst.CodeGen.BurstILPostProcessor
info: Unity.ILPP.Runner.PostProcessingAssemblyLoadContext[0]
      Resolved UnityEngine.CoreModule, Version=0.0.0.0, Culture=neutral, PublicKeyToken=null with /Applications/Unity/Hub/Editor/6000.5.2f1/Unity.app/Contents/Resources/Scripting/Managed/UnityEngine/UnityEngine.CoreModule.dll
info: Unity.ILPP.Runner.PostProcessingPipeline[0]
      running Unity.Entities.CodeGen.EntitiesILPostProcessors
info: Unity.ILPP.Runner.PostProcessingPipeline[0]
      running Unity.Jobs.CodeGen.JobsILPostProcessor
info: Unity.ILPP.Runner.PostProcessingPipeline[0]
      running Unity.Pipeline.CodeGen.HotReloadInPlaceILPostProcessor
info: Unity.ILPP.Runner.PostProcessingPipeline[0]
      running zzzUnity.Burst.CodeGen.BurstILPostProcessor
info: Unity.ILPP.Runner.PostProcessingPipeline[0]
      running Unity.Entities.CodeGen.EntitiesILPostProcessors
info: Unity.ILPP.Runner.PostProcessingPipeline[0]
      running Unity.Entities.CodeGen.EntitiesILPostProcessors
info: Unity.ILPP.Runner.PostProcessingAssemblyLoadContext[0]
      Resolved Unity.Collections, Version=0.0.0.0, Culture=neutral, PublicKeyToken=null with Library/Bee/artifacts/200b0aE.dag/Unity.Collections.dll
info: Unity.ILPP.Runner.PostProcessingAssemblyLoadContext[0]
      Resolved Unity.Burst, Version=0.0.0.0, Culture=neutral, PublicKeyToken=null with Library/Bee/artifacts/200b0aE.dag/Unity.Burst.dll
info: Microsoft.AspNetCore.Routing.EndpointMiddleware[1]
      Executed endpoint 'gRPC - /UnityILPP.PostProcessing/PostProcessAssembly'
info: Microsoft.AspNetCore.Hosting.Diagnostics[2]
      Request finished HTTP/2 POST http://ilpp/UnityILPP.PostProcessing/PostProcessAssembly - 200 - application/grpc 76.3350ms
info: Unity.ILPP.Runner.PostProcessingAssemblyLoadContext[0]
      Resolved Unity.Cecil.Awesome, Version=1.0.0.0, Culture=neutral, PublicKeyToken=null with Library/PackageCache/com.unity.entities@bab66ffaba49/Unity.Entities.CodeGen/Unity.Cecil.Awesome.dll
info: Unity.ILPP.Runner.PostProcessingAssemblyLoadContext[0]
      Resolved Unity.Scripting, Version=0.0.0.0, Culture=neutral, PublicKeyToken=null with /Applications/Unity/Hub/Editor/6000.5.2f1/Unity.app/Contents/Resources/Scripting/Managed/UnityEngine/Unity.Scripting.dll
  - EILPP : Game.Tests.MapPreparation.Native : : 625ms (~554ms)
    - EILPP : Game.Tests.MapPreparation.Native : GetAllComponentTypes: 3ms 
  - EILPP : Game.Tests.PlayMode : : 626ms (~554ms)
    - EILPP : Game.Tests.PlayMode : GetAllComponentTypes: 6ms 
    - EILPP : Game.Tests.PlayMode : ComponentDataPP: 39ms 
    - EILPP : Game.Tests.PlayMode : StaticTypeRegistryPostProcessor: 27ms 
info: Unity.ILPP.Runner.PostProcessingPipeline[0]
      running Unity.Jobs.CodeGen.JobsILPostProcessor
    - EILPP : Game.Tests.MapPreparation.Native : Cloner: 2ms 
    - EILPP : Game.Tests.MapPreparation.Native : ComponentDataPP: 39ms 
    - EILPP : Game.Tests.MapPreparation.Native : StaticTypeRegistryPostProcessor: 27ms 
info: Unity.ILPP.Runner.PostProcessingPipeline[0]
      running Unity.Jobs.CodeGen.JobsILPostProcessor
info: Unity.ILPP.Runner.PostProcessingAssemblyLoadContext[0]
      Resolved UnityEditor.CoreModule, Version=0.0.0.0, Culture=neutral, PublicKeyToken=null with /Applications/Unity/Hub/Editor/6000.5.2f1/Unity.app/Contents/Resources/Scripting/Managed/UnityEngine/UnityEditor.CoreModule.dll
info: Unity.ILPP.Runner.PostProcessingPipeline[0]
      running Unity.Pipeline.CodeGen.HotReloadInPlaceILPostProcessor
info: Unity.ILPP.Runner.PostProcessingPipeline[0]
      running Unity.Pipeline.CodeGen.HotReloadInPlaceILPostProcessor
info: Unity.ILPP.Runner.PostProcessingPipeline[0]
      running zzzUnity.Burst.CodeGen.BurstILPostProcessor
info: Unity.ILPP.Runner.PostProcessingPipeline[0]
      running zzzUnity.Burst.CodeGen.BurstILPostProcessor
info: Microsoft.AspNetCore.Routing.EndpointMiddleware[1]
      Executed endpoint 'gRPC - /UnityILPP.PostProcessing/PostProcessAssembly'
info: Microsoft.AspNetCore.Routing.EndpointMiddleware[1]
      Executed endpoint 'gRPC - /UnityILPP.PostProcessing/PostProcessAssembly'
info: Microsoft.AspNetCore.Hosting.Diagnostics[2]
      Request finished HTTP/2 POST http://ilpp/UnityILPP.PostProcessing/PostProcessAssembly - 200 - application/grpc 833.5068ms
info: Microsoft.AspNetCore.Hosting.Diagnostics[2]
      Request finished HTTP/2 POST http://ilpp/UnityILPP.PostProcessing/PostProcessAssembly - 200 - application/grpc 813.3385ms
  - EILPP : Game.Composition : : 1096ms (~536ms)
  - EILPP : Game.UI.Shell.Ecs : : 1097ms (~554ms)
    - EILPP : Game.Composition : GetAllComponentTypes: 2ms 
    - EILPP : Game.Composition : Cloner: 5ms 
    - EILPP : Game.UI.Shell.Ecs : GetAllComponentTypes: 4ms 
    - EILPP : Game.UI.Shell.Ecs : Cloner: 122ms 
    - EILPP : Game.Composition : ComponentDataPP: 34ms 
    - EILPP : Game.Composition : StaticTypeRegistryPostProcessor: 199ms 
    - EILPP : Game.Composition : WriteAssembly: 320ms 
    - EILPP : Game.UI.Shell.Ecs : ComponentDataPP: 1ms 
    - EILPP : Game.UI.Shell.Ecs : StaticTypeRegistryPostProcessor: 113ms 
    - EILPP : Game.UI.Shell.Ecs : WriteAssembly: 303ms 
info: Unity.ILPP.Runner.PostProcessingPipeline[0]
      running Unity.Jobs.CodeGen.JobsILPostProcessor
info: Unity.ILPP.Runner.PostProcessingPipeline[0]
      running Unity.Jobs.CodeGen.JobsILPostProcessor
info: Unity.ILPP.Runner.PostProcessingPipeline[0]
      running Unity.Pipeline.CodeGen.HotReloadInPlaceILPostProcessor
info: Unity.ILPP.Runner.PostProcessingPipeline[0]
      running zzzUnity.Burst.CodeGen.BurstILPostProcessor
info: Unity.ILPP.Runner.PostProcessingPipeline[0]
      running Unity.Pipeline.CodeGen.HotReloadInPlaceILPostProcessor
info: Unity.ILPP.Runner.PostProcessingPipeline[0]
      running zzzUnity.Burst.CodeGen.BurstILPostProcessor
info: Microsoft.AspNetCore.Routing.EndpointMiddleware[1]
      Executed endpoint 'gRPC - /UnityILPP.PostProcessing/PostProcessAssembly'
info: Microsoft.AspNetCore.Hosting.Diagnostics[2]
      Request finished HTTP/2 POST http://ilpp/UnityILPP.PostProcessing/PostProcessAssembly - 200 - application/grpc 1293.8814ms
info: Unity.ILPP.Runner.PostProcessingAssemblyLoadContext[0]
      Resolved Unity.Burst.Cecil.Rocks, Version=0.11.6.0, Culture=neutral, PublicKeyToken=50cebf1cceb9d05e with Library/PackageCache/com.unity.burst@6bb9aca3ef38/Unity.Burst.CodeGen/Unity.Burst.Cecil.Rocks.dll
info: Microsoft.AspNetCore.Routing.EndpointMiddleware[1]
      Executed endpoint 'gRPC - /UnityILPP.PostProcessing/PostProcessAssembly'
info: Microsoft.AspNetCore.Hosting.Diagnostics[2]
      Request finished HTTP/2 POST http://ilpp/UnityILPP.PostProcessing/PostProcessAssembly - 200 - application/grpc 1803.2142ms
info: Microsoft.AspNetCore.Hosting.Diagnostics[1]
      Request starting HTTP/2 POST http://ilpp/UnityILPP.PostProcessing/PostProcessAssembly - application/grpc -
info: Microsoft.AspNetCore.Routing.EndpointMiddleware[0]
      Executing endpoint 'gRPC - /UnityILPP.PostProcessing/PostProcessAssembly'
info: Unity.ILPP.Runner.PostProcessingPipeline[0]
      Processing assembly Library/Bee/artifacts/200b0aE.dag/Game.Editor.dll, with 136 defines and 355 references
info: Unity.ILPP.Runner.PostProcessingPipeline[0]
      processors: Unity.Entities.CodeGen.EntitiesILPostProcessors, Unity.Jobs.CodeGen.JobsILPostProcessor, Unity.Pipeline.CodeGen.HotReloadInPlaceILPostProcessor, zzzUnity.Burst.CodeGen.BurstILPostProcessor
info: Unity.ILPP.Runner.PostProcessingPipeline[0]
      running Unity.Entities.CodeGen.EntitiesILPostProcessors
  - EILPP : Game.Editor : : 1852ms (~237ms)
    - EILPP : Game.Editor : GetAllComponentTypes: 18ms 
    - EILPP : Game.Editor : ComponentDataPP: 75ms 
    - EILPP : Game.Editor : StaticTypeRegistryPostProcessor: 26ms 
    - EILPP : Game.Editor : WriteAssembly: 1496ms 
info: Unity.ILPP.Runner.PostProcessingPipeline[0]
      running Unity.Jobs.CodeGen.JobsILPostProcessor
info: Unity.ILPP.Runner.PostProcessingPipeline[0]
      running Unity.Pipeline.CodeGen.HotReloadInPlaceILPostProcessor
info: Unity.ILPP.Runner.PostProcessingPipeline[0]
      running zzzUnity.Burst.CodeGen.BurstILPostProcessor
info: Microsoft.AspNetCore.Routing.EndpointMiddleware[1]
      Executed endpoint 'gRPC - /UnityILPP.PostProcessing/PostProcessAssembly'
info: Microsoft.AspNetCore.Hosting.Diagnostics[2]
      Request finished HTTP/2 POST http://ilpp/UnityILPP.PostProcessing/PostProcessAssembly - 200 - application/grpc 2192.6350ms
info: Microsoft.AspNetCore.Hosting.Diagnostics[1]
      Request starting HTTP/2 POST http://ilpp/UnityILPP.PostProcessing/PostProcessAssembly - application/grpc -
info: Microsoft.AspNetCore.Routing.EndpointMiddleware[0]
      Executing endpoint 'gRPC - /UnityILPP.PostProcessing/PostProcessAssembly'
info: Unity.ILPP.Runner.PostProcessingPipeline[0]
      Processing assembly Library/Bee/artifacts/200b0aE.dag/Game.Tests.Editor.dll, with 136 defines and 332 references
info: Unity.ILPP.Runner.PostProcessingPipeline[0]
      processors: Unity.Entities.CodeGen.EntitiesILPostProcessors, Unity.Jobs.CodeGen.JobsILPostProcessor, Unity.Pipeline.CodeGen.HotReloadInPlaceILPostProcessor, zzzUnity.Burst.CodeGen.BurstILPostProcessor
info: Unity.ILPP.Runner.PostProcessingPipeline[0]
      running Unity.Entities.CodeGen.EntitiesILPostProcessors
  - EILPP : Game.Tests.Editor : : 1575ms (~231ms)
    - EILPP : Game.Tests.Editor : GetAllComponentTypes: 1ms 
    - EILPP : Game.Tests.Editor : ComponentDataPP: 52ms 
    - EILPP : Game.Tests.Editor : StaticTypeRegistryPostProcessor: 12ms 
    - EILPP : Game.Tests.Editor : WriteAssembly: 1279ms 
info: Unity.ILPP.Runner.PostProcessingPipeline[0]
      running Unity.Jobs.CodeGen.JobsILPostProcessor
info: Unity.ILPP.Runner.PostProcessingPipeline[0]
      running Unity.Pipeline.CodeGen.HotReloadInPlaceILPostProcessor
info: Unity.ILPP.Runner.PostProcessingPipeline[0]
      running zzzUnity.Burst.CodeGen.BurstILPostProcessor
info: Microsoft.AspNetCore.Routing.EndpointMiddleware[1]
      Executed endpoint 'gRPC - /UnityILPP.PostProcessing/PostProcessAssembly'
info: Microsoft.AspNetCore.Hosting.Diagnostics[2]
      Request finished HTTP/2 POST http://ilpp/UnityILPP.PostProcessing/PostProcessAssembly - 200 - application/grpc 3689.5425ms
ExitCode: 0 Duration: 32s
[1444/2004  0s] ILPP-Configuration Library/ilpp-configuration.nevergeneratedoutput
[1976/2004  4s] Csc Library/Bee/artifacts/200b0aE.dag/Game.UI.Runtime.dll (+2 others)
Assets/Game/Scripts/UI/Screens/PauseOptionsV3PopupView.cs(147,125): warning CS0618: 'FindObjectsSortMode' is obsolete: 'FindObjectsSortMode has been deprecated. Use the FindObjectsByType overloads that do not take a FindObjectsSortMode parameter.'
Assets/Game/Scripts/UI/Screens/PauseOptionsV3PopupView.cs(147,42): warning CS0618: 'Object.FindObjectsByType<T>(FindObjectsInactive, FindObjectsSortMode)' is obsolete: 'FindObjectsByType with FindObjectsSortMode parameter has been deprecated. Use FindObjectsByType<T>() or FindObjectsByType<T>(FindObjectsInactive) instead. InstanceID will be replaced in the future with EntityId and previous sort order cannot be maintained.'
Assets/Game/Scripts/UI/Screens/MatchHudAssistantUiSystemHelper.Watch.cs(59,120): warning CS0618: 'FindObjectsSortMode' is obsolete: 'FindObjectsSortMode has been deprecated. Use the FindObjectsByType overloads that do not take a FindObjectsSortMode parameter.'
Assets/Game/Scripts/UI/Screens/MatchHudAssistantUiSystemHelper.Watch.cs(59,43): warning CS0618: 'Object.FindObjectsByType<T>(FindObjectsInactive, FindObjectsSortMode)' is obsolete: 'FindObjectsByType with FindObjectsSortMode parameter has been deprecated. Use FindObjectsByType<T>() or FindObjectsByType<T>(FindObjectsInactive) instead. InstanceID will be replaced in the future with EntityId and previous sort order cannot be maintained.'
Assets/Game/Scripts/UI/Screens/MatchHudAssistantUiSystemHelper.Watch.cs(244,126): warning CS0618: 'FindObjectsSortMode' is obsolete: 'FindObjectsSortMode has been deprecated. Use the FindObjectsByType overloads that do not take a FindObjectsSortMode parameter.'
Assets/Game/Scripts/UI/Screens/MatchHudAssistantUiSystemHelper.Watch.cs(244,43): warning CS0618: 'Object.FindObjectsByType<T>(FindObjectsInactive, FindObjectsSortMode)' is obsolete: 'FindObjectsByType with FindObjectsSortMode parameter has been deprecated. Use FindObjectsByType<T>() or FindObjectsByType<T>(FindObjectsInactive) instead. InstanceID will be replaced in the future with EntityId and previous sort order cannot be maintained.'
Assets/Game/Scripts/UI/Screens/BuildDrawerCatalogRuntimeView.MissionGuidance.cs(16,22): warning CS0414: The field 'BuildDrawerCatalogRuntimeView._guidedProductionInvocation' is assigned but its value is never used
[1981/2004  1s] ILPostProcess Library/Bee/artifacts/200b0aE.dag/post-processed/Game.Tests.PlayMode.dll (+pdb)
Processing assembly Library/Bee/artifacts/200b0aE.dag/Game.Tests.PlayMode.dll, with 138 defines and 317 references
processors: Unity.Entities.CodeGen.EntitiesILPostProcessors, Unity.Jobs.CodeGen.JobsILPostProcessor, Unity.Pipeline.CodeGen.HotReloadInPlaceILPostProcessor, zzzUnity.Burst.CodeGen.BurstILPostProcessor
running Unity.Entities.CodeGen.EntitiesILPostProcessors
running Unity.Jobs.CodeGen.JobsILPostProcessor
running Unity.Pipeline.CodeGen.HotReloadInPlaceILPostProcessor
running zzzUnity.Burst.CodeGen.BurstILPostProcessor
[1982/2004  1s] ILPostProcess Library/Bee/artifacts/200b0aE.dag/post-processed/Game.Tests.MapPreparation.Native.dll (+pdb)
Processing assembly Library/Bee/artifacts/200b0aE.dag/Game.Tests.MapPreparation.Native.dll, with 138 defines and 298 references
processors: Unity.Entities.CodeGen.EntitiesILPostProcessors, Unity.Jobs.CodeGen.JobsILPostProcessor, Unity.Pipeline.CodeGen.HotReloadInPlaceILPostProcessor, zzzUnity.Burst.CodeGen.BurstILPostProcessor
running Unity.Entities.CodeGen.EntitiesILPostProcessors
running Unity.Jobs.CodeGen.JobsILPostProcessor
running Unity.Pipeline.CodeGen.HotReloadInPlaceILPostProcessor
running zzzUnity.Burst.CodeGen.BurstILPostProcessor
[1987/2004  1s] ILPostProcess Library/Bee/artifacts/200b0aE.dag/post-processed/Game.UI.Runtime.dll (+pdb)
Processing assembly Library/Bee/artifacts/200b0aE.dag/Game.UI.Runtime.dll, with 138 defines and 319 references
processors: Unity.Entities.CodeGen.EntitiesILPostProcessors, Unity.Jobs.CodeGen.JobsILPostProcessor, Unity.Pipeline.CodeGen.HotReloadInPlaceILPostProcessor, zzzUnity.Burst.CodeGen.BurstILPostProcessor
running Unity.Entities.CodeGen.EntitiesILPostProcessors
running Unity.Jobs.CodeGen.JobsILPostProcessor
running Unity.Pipeline.CodeGen.HotReloadInPlaceILPostProcessor
running zzzUnity.Burst.CodeGen.BurstILPostProcessor
[1988/2004  0s] CopyFiles Library/ScriptAssemblies/Game.UI.Runtime.pdb
[1989/2004  0s] CopyFiles Library/ScriptAssemblies/Game.UI.Runtime.dll
[1990/2004  1s] ILPostProcess Library/Bee/artifacts/200b0aE.dag/post-processed/Game.Composition.dll (+pdb)
Processing assembly Library/Bee/artifacts/200b0aE.dag/Game.Composition.dll, with 138 defines and 335 references
processors: Unity.Entities.CodeGen.EntitiesILPostProcessors, Unity.Jobs.CodeGen.JobsILPostProcessor, Unity.Pipeline.CodeGen.HotReloadInPlaceILPostProcessor, zzzUnity.Burst.CodeGen.BurstILPostProcessor
running Unity.Entities.CodeGen.EntitiesILPostProcessors
running Unity.Jobs.CodeGen.JobsILPostProcessor
running Unity.Pipeline.CodeGen.HotReloadInPlaceILPostProcessor
running zzzUnity.Burst.CodeGen.BurstILPostProcessor
[1993/2004  2s] ILPostProcess Library/Bee/artifacts/200b0aE.dag/post-processed/Game.UI.Shell.Ecs.dll (+pdb)
Processing assembly Library/Bee/artifacts/200b0aE.dag/Game.UI.Shell.Ecs.dll, with 138 defines and 326 references
processors: Unity.Entities.CodeGen.EntitiesILPostProcessors, Unity.Jobs.CodeGen.JobsILPostProcessor, Unity.Pipeline.CodeGen.HotReloadInPlaceILPostProcessor, zzzUnity.Burst.CodeGen.BurstILPostProcessor
running Unity.Entities.CodeGen.EntitiesILPostProcessors
running Unity.Jobs.CodeGen.JobsILPostProcessor
running Unity.Pipeline.CodeGen.HotReloadInPlaceILPostProcessor
running zzzUnity.Burst.CodeGen.BurstILPostProcessor
[BUSY       8s] Csc Library/Bee/artifacts/200b0aE.dag/Game.Editor.dll (+2 others)
[1996/2004 13s] Csc Library/Bee/artifacts/200b0aE.dag/Game.Editor.dll (+2 others)
Assets/Game/Scripts/Editor/CH02M01GridlockWatchProbe.cs(140,104): warning CS0618: 'FindObjectsSortMode' is obsolete: 'FindObjectsSortMode has been deprecated. Use the FindObjectsByType overloads that do not take a FindObjectsSortMode parameter.'
Assets/Game/Scripts/Editor/CH02M01GridlockWatchProbe.cs(140,31): warning CS0618: 'Object.FindObjectsByType<T>(FindObjectsInactive, FindObjectsSortMode)' is obsolete: 'FindObjectsByType with FindObjectsSortMode parameter has been deprecated. Use FindObjectsByType<T>() or FindObjectsByType<T>(FindObjectsInactive) instead. InstanceID will be replaced in the future with EntityId and previous sort order cannot be maintained.'
Assets/Game/Scripts/Editor/CH02M04PowerRelayConfigBuilder.cs(61,164): warning CS0728: Possibly incorrect assignment to local 'blob' which is the argument to a using or lock statement. The Dispose call or unlocking will happen on the original value of the local.
Assets/Game/Scripts/Editor/CH02M02SupplyLineInputProbe.cs(178,106): warning CS0618: 'FindObjectsSortMode' is obsolete: 'FindObjectsSortMode has been deprecated. Use the FindObjectsByType overloads that do not take a FindObjectsSortMode parameter.'
Assets/Game/Scripts/Editor/CH02M02SupplyLineInputProbe.cs(178,33): warning CS0618: 'Object.FindObjectsByType<T>(FindObjectsInactive, FindObjectsSortMode)' is obsolete: 'FindObjectsByType with FindObjectsSortMode parameter has been deprecated. Use FindObjectsByType<T>() or FindObjectsByType<T>(FindObjectsInactive) instead. InstanceID will be replaced in the future with EntityId and previous sort order cannot be maintained.'
Assets/Game/Scripts/Editor/CH02M02SupplyLineInputProbe.cs(196,127): warning CS0618: 'FindObjectsSortMode' is obsolete: 'FindObjectsSortMode has been deprecated. Use the FindObjectsByType overloads that do not take a FindObjectsSortMode parameter.'
Assets/Game/Scripts/Editor/CH02M02SupplyLineInputProbe.cs(196,38): warning CS0618: 'Object.FindObjectsByType<T>(FindObjectsInactive, FindObjectsSortMode)' is obsolete: 'FindObjectsByType with FindObjectsSortMode parameter has been deprecated. Use FindObjectsByType<T>() or FindObjectsByType<T>(FindObjectsInactive) instead. InstanceID will be replaced in the future with EntityId and previous sort order cannot be maintained.'
Assets/Game/Scripts/Editor/CH02M03MarketLifelineInputProbe.cs(244,111): warning CS0618: 'FindObjectsSortMode' is obsolete: 'FindObjectsSortMode has been deprecated. Use the FindObjectsByType overloads that do not take a FindObjectsSortMode parameter.'
Assets/Game/Scripts/Editor/CH02M03MarketLifelineInputProbe.cs(244,38): warning CS0618: 'Object.FindObjectsByType<T>(FindObjectsInactive, FindObjectsSortMode)' is obsolete: 'FindObjectsByType with FindObjectsSortMode parameter has been deprecated. Use FindObjectsByType<T>() or FindObjectsByType<T>(FindObjectsInactive) instead. InstanceID will be replaced in the future with EntityId and previous sort order cannot be maintained.'
Assets/Game/Scripts/Editor/CH02M03MarketLifelineInputProbe.cs(303,146): warning CS0618: 'FindObjectsSortMode' is obsolete: 'FindObjectsSortMode has been deprecated. Use the FindObjectsByType overloads that do not take a FindObjectsSortMode parameter.'
Assets/Game/Scripts/Editor/CH02M03MarketLifelineInputProbe.cs(303,57): warning CS0618: 'Object.FindObjectsByType<T>(FindObjectsInactive, FindObjectsSortMode)' is obsolete: 'FindObjectsByType with FindObjectsSortMode parameter has been deprecated. Use FindObjectsByType<T>() or FindObjectsByType<T>(FindObjectsInactive) instead. InstanceID will be replaced in the future with EntityId and previous sort order cannot be maintained.'
Assets/Game/Scripts/Editor/CH02M04PowerRelayInputProbe.cs(58,585): warning CS0618: 'FindObjectsSortMode' is obsolete: 'FindObjectsSortMode has been deprecated. Use the FindObjectsByType overloads that do not take a FindObjectsSortMode parameter.'
Assets/Game/Scripts/Editor/CH02M04PowerRelayInputProbe.cs(58,512): warning CS0618: 'Object.FindObjectsByType<T>(FindObjectsInactive, FindObjectsSortMode)' is obsolete: 'FindObjectsByType with FindObjectsSortMode parameter has been deprecated. Use FindObjectsByType<T>() or FindObjectsByType<T>(FindObjectsInactive) instead. InstanceID will be replaced in the future with EntityId and previous sort order cannot be maintained.'
Assets/Game/Scripts/Editor/CH02M04PowerRelayInputProbe.cs(64,127): warning CS0618: 'FindObjectsSortMode' is obsolete: 'FindObjectsSortMode has been deprecated. Use the FindObjectsByType overloads that do not take a FindObjectsSortMode parameter.'
Assets/Game/Scripts/Editor/CH02M04PowerRelayInputProbe.cs(64,38): warning CS0618: 'Object.FindObjectsByType<T>(FindObjectsInactive, FindObjectsSortMode)' is obsolete: 'FindObjectsByType with FindObjectsSortMode parameter has been deprecated. Use FindObjectsByType<T>() or FindObjectsByType<T>(FindObjectsInactive) instead. InstanceID will be replaced in the future with EntityId and previous sort order cannot be maintained.'
Assets/Game/Scripts/Editor/CH02M04PowerRelayInputProbe.cs(77,119): warning CS0618: 'FindObjectsSortMode' is obsolete: 'FindObjectsSortMode has been deprecated. Use the FindObjectsByType overloads that do not take a FindObjectsSortMode parameter.'
Assets/Game/Scripts/Editor/CH02M04PowerRelayInputProbe.cs(77,46): warning CS0618: 'Object.FindObjectsByType<T>(FindObjectsInactive, FindObjectsSortMode)' is obsolete: 'FindObjectsByType with FindObjectsSortMode parameter has been deprecated. Use FindObjectsByType<T>() or FindObjectsByType<T>(FindObjectsInactive) instead. InstanceID will be replaced in the future with EntityId and previous sort order cannot be maintained.'
Assets/Game/Scripts/Editor/CH02M04PowerRelayInputProbe.cs(78,176): warning CS0618: 'FindObjectsSortMode' is obsolete: 'FindObjectsSortMode has been deprecated. Use the FindObjectsByType overloads that do not take a FindObjectsSortMode parameter.'
Assets/Game/Scripts/Editor/CH02M04PowerRelayInputProbe.cs(78,102): warning CS0618: 'Object.FindObjectsByType<T>(FindObjectsInactive, FindObjectsSortMode)' is obsolete: 'FindObjectsByType with FindObjectsSortMode parameter has been deprecated. Use FindObjectsByType<T>() or FindObjectsByType<T>(FindObjectsInactive) instead. InstanceID will be replaced in the future with EntityId and previous sort order cannot be maintained.'
Assets/Game/Scripts/Editor/CH04M04GroundedSignalInputProbe.cs(187,147): warning CS0618: 'FindObjectsSortMode' is obsolete: 'FindObjectsSortMode has been deprecated. Use the FindObjectsByType overloads that do not take a FindObjectsSortMode parameter.'
Assets/Game/Scripts/Editor/CH04M04GroundedSignalInputProbe.cs(187,74): warning CS0618: 'Object.FindObjectsByType<T>(FindObjectsInactive, FindObjectsSortMode)' is obsolete: 'FindObjectsByType with FindObjectsSortMode parameter has been deprecated. Use FindObjectsByType<T>() or FindObjectsByType<T>(FindObjectsInactive) instead. InstanceID will be replaced in the future with EntityId and previous sort order cannot be maintained.'
Assets/Game/Scripts/Editor/CH04M04GroundedSignalInputProbe.cs(215,100): warning CS0618: 'FindObjectsSortMode' is obsolete: 'FindObjectsSortMode has been deprecated. Use the FindObjectsByType overloads that do not take a FindObjectsSortMode parameter.'
Assets/Game/Scripts/Editor/CH04M04GroundedSignalInputProbe.cs(215,35): warning CS0618: 'Object.FindObjectsByType<T>(FindObjectsSortMode)' is obsolete: 'FindObjectsByType with FindObjectsSortMode parameter has been deprecated. Use FindObjectsByType<T>() or FindObjectsByType<T>(FindObjectsInactive) instead. InstanceID will be replaced in the future with EntityId and previous sort order cannot be maintained.'
Assets/Game/Scripts/Editor/CH04M05ArmorBreakInputProbe.cs(194,120): warning CS0618: 'FindObjectsSortMode' is obsolete: 'FindObjectsSortMode has been deprecated. Use the FindObjectsByType overloads that do not take a FindObjectsSortMode parameter.'
Assets/Game/Scripts/Editor/CH04M05ArmorBreakInputProbe.cs(194,47): warning CS0618: 'Object.FindObjectsByType<T>(FindObjectsInactive, FindObjectsSortMode)' is obsolete: 'FindObjectsByType with FindObjectsSortMode parameter has been deprecated. Use FindObjectsByType<T>() or FindObjectsByType<T>(FindObjectsInactive) instead. InstanceID will be replaced in the future with EntityId and previous sort order cannot be maintained.'
Assets/Game/Scripts/Editor/CH04M05ArmorBreakInputProbe.cs(197,147): warning CS0618: 'FindObjectsSortMode' is obsolete: 'FindObjectsSortMode has been deprecated. Use the FindObjectsByType overloads that do not take a FindObjectsSortMode parameter.'
Assets/Game/Scripts/Editor/CH04M05ArmorBreakInputProbe.cs(197,74): warning CS0618: 'Object.FindObjectsByType<T>(FindObjectsInactive, FindObjectsSortMode)' is obsolete: 'FindObjectsByType with FindObjectsSortMode parameter has been deprecated. Use FindObjectsByType<T>() or FindObjectsByType<T>(FindObjectsInactive) instead. InstanceID will be replaced in the future with EntityId and previous sort order cannot be maintained.'
Assets/Game/Scripts/Editor/CH05M01CitywideAlertInputProbe.cs(230,120): warning CS0618: 'FindObjectsSortMode' is obsolete: 'FindObjectsSortMode has been deprecated. Use the FindObjectsByType overloads that do not take a FindObjectsSortMode parameter.'
Assets/Game/Scripts/Editor/CH05M01CitywideAlertInputProbe.cs(230,47): warning CS0618: 'Object.FindObjectsByType<T>(FindObjectsInactive, FindObjectsSortMode)' is obsolete: 'FindObjectsByType with FindObjectsSortMode parameter has been deprecated. Use FindObjectsByType<T>() or FindObjectsByType<T>(FindObjectsInactive) instead. InstanceID will be replaced in the future with EntityId and previous sort order cannot be maintained.'
Assets/Game/Scripts/Editor/CH05M01CitywideAlertInputProbe.cs(233,147): warning CS0618: 'FindObjectsSortMode' is obsolete: 'FindObjectsSortMode has been deprecated. Use the FindObjectsByType overloads that do not take a FindObjectsSortMode parameter.'
Assets/Game/Scripts/Editor/CH05M01CitywideAlertInputProbe.cs(233,74): warning CS0618: 'Object.FindObjectsByType<T>(FindObjectsInactive, FindObjectsSortMode)' is obsolete: 'FindObjectsByType with FindObjectsSortMode parameter has been deprecated. Use FindObjectsByType<T>() or FindObjectsByType<T>(FindObjectsInactive) instead. InstanceID will be replaced in the future with EntityId and previous sort order cannot be maintained.'
Assets/Game/Scripts/Editor/CH04M03SplitFrontInputProbe.cs(242,106): warning CS0618: 'FindObjectsSortMode' is obsolete: 'FindObjectsSortMode has been deprecated. Use the FindObjectsByType overloads that do not take a FindObjectsSortMode parameter.'
Assets/Game/Scripts/Editor/CH04M03SplitFrontInputProbe.cs(242,30): warning CS0618: 'Object.FindObjectsByType<T>(FindObjectsInactive, FindObjectsSortMode)' is obsolete: 'FindObjectsByType with FindObjectsSortMode parameter has been deprecated. Use FindObjectsByType<T>() or FindObjectsByType<T>(FindObjectsInactive) instead. InstanceID will be replaced in the future with EntityId and previous sort order cannot be maintained.'
Assets/Game/Scripts/Editor/CH05M02TrustUnderFireInputProbe.cs(255,120): warning CS0618: 'FindObjectsSortMode' is obsolete: 'FindObjectsSortMode has been deprecated. Use the FindObjectsByType overloads that do not take a FindObjectsSortMode parameter.'
Assets/Game/Scripts/Editor/CH05M02TrustUnderFireInputProbe.cs(255,47): warning CS0618: 'Object.FindObjectsByType<T>(FindObjectsInactive, FindObjectsSortMode)' is obsolete: 'FindObjectsByType with FindObjectsSortMode parameter has been deprecated. Use FindObjectsByType<T>() or FindObjectsByType<T>(FindObjectsInactive) instead. InstanceID will be replaced in the future with EntityId and previous sort order cannot be maintained.'
Assets/Game/Scripts/Editor/CH05M02TrustUnderFireInputProbe.cs(258,147): warning CS0618: 'FindObjectsSortMode' is obsolete: 'FindObjectsSortMode has been deprecated. Use the FindObjectsByType overloads that do not take a FindObjectsSortMode parameter.'
Assets/Game/Scripts/Editor/CH05M02TrustUnderFireInputProbe.cs(258,74): warning CS0618: 'Object.FindObjectsByType<T>(FindObjectsInactive, FindObjectsSortMode)' is obsolete: 'FindObjectsByType with FindObjectsSortMode parameter has been deprecated. Use FindObjectsByType<T>() or FindObjectsByType<T>(FindObjectsInactive) instead. InstanceID will be replaced in the future with EntityId and previous sort order cannot be maintained.'
Assets/Game/Scripts/Editor/CH02M05RouteReopenedInputProbe.cs(92,301): warning CS0618: 'FindObjectsSortMode' is obsolete: 'FindObjectsSortMode has been deprecated. Use the FindObjectsByType overloads that do not take a FindObjectsSortMode parameter.'
Assets/Game/Scripts/Editor/CH02M05RouteReopenedInputProbe.cs(92,228): warning CS0618: 'Object.FindObjectsByType<T>(FindObjectsInactive, FindObjectsSortMode)' is obsolete: 'FindObjectsByType with FindObjectsSortMode parameter has been deprecated. Use FindObjectsByType<T>() or FindObjectsByType<T>(FindObjectsInactive) instead. InstanceID will be replaced in the future with EntityId and previous sort order cannot be maintained.'
Assets/Game/Scripts/Editor/CH02M05RouteReopenedInputProbe.cs(97,127): warning CS0618: 'FindObjectsSortMode' is obsolete: 'FindObjectsSortMode has been deprecated. Use the FindObjectsByType overloads that do not take a FindObjectsSortMode parameter.'
Assets/Game/Scripts/Editor/CH02M05RouteReopenedInputProbe.cs(97,38): warning CS0618: 'Object.FindObjectsByType<T>(FindObjectsInactive, FindObjectsSortMode)' is obsolete: 'FindObjectsByType with FindObjectsSortMode parameter has been deprecated. Use FindObjectsByType<T>() or FindObjectsByType<T>(FindObjectsInactive) instead. InstanceID will be replaced in the future with EntityId and previous sort order cannot be maintained.'
Assets/Game/Scripts/Editor/CH05M01CitywideAlertInputProbe.cs(361,129): warning CS0618: 'FindObjectsSortMode' is obsolete: 'FindObjectsSortMode has been deprecated. Use the FindObjectsByType overloads that do not take a FindObjectsSortMode parameter.'
Assets/Game/Scripts/Editor/CH05M01CitywideAlertInputProbe.cs(361,56): warning CS0618: 'Object.FindObjectsByType<T>(FindObjectsInactive, FindObjectsSortMode)' is obsolete: 'FindObjectsByType with FindObjectsSortMode parameter has been deprecated. Use FindObjectsByType<T>() or FindObjectsByType<T>(FindObjectsInactive) instead. InstanceID will be replaced in the future with EntityId and previous sort order cannot be maintained.'
Assets/Game/Scripts/Editor/CH05M02TrustUnderFireInputProbe.cs(342,129): warning CS0618: 'FindObjectsSortMode' is obsolete: 'FindObjectsSortMode has been deprecated. Use the FindObjectsByType overloads that do not take a FindObjectsSortMode parameter.'
Assets/Game/Scripts/Editor/CH05M02TrustUnderFireInputProbe.cs(342,56): warning CS0618: 'Object.FindObjectsByType<T>(FindObjectsInactive, FindObjectsSortMode)' is obsolete: 'FindObjectsByType with FindObjectsSortMode parameter has been deprecated. Use FindObjectsByType<T>() or FindObjectsByType<T>(FindObjectsInactive) instead. InstanceID will be replaced in the future with EntityId and previous sort order cannot be maintained.'
Assets/Game/Scripts/Editor/CH05M03NetworkCollapseInputProbe.cs(238,120): warning CS0618: 'FindObjectsSortMode' is obsolete: 'FindObjectsSortMode has been deprecated. Use the FindObjectsByType overloads that do not take a FindObjectsSortMode parameter.'
Assets/Game/Scripts/Editor/CH05M03NetworkCollapseInputProbe.cs(238,47): warning CS0618: 'Object.FindObjectsByType<T>(FindObjectsInactive, FindObjectsSortMode)' is obsolete: 'FindObjectsByType with FindObjectsSortMode parameter has been deprecated. Use FindObjectsByType<T>() or FindObjectsByType<T>(FindObjectsInactive) instead. InstanceID will be replaced in the future with EntityId and previous sort order cannot be maintained.'
Assets/Game/Scripts/Editor/CH05M03NetworkCollapseInputProbe.cs(241,147): warning CS0618: 'FindObjectsSortMode' is obsolete: 'FindObjectsSortMode has been deprecated. Use the FindObjectsByType overloads that do not take a FindObjectsSortMode parameter.'
Assets/Game/Scripts/Editor/CH05M03NetworkCollapseInputProbe.cs(241,74): warning CS0618: 'Object.FindObjectsByType<T>(FindObjectsInactive, FindObjectsSortMode)' is obsolete: 'FindObjectsByType with FindObjectsSortMode parameter has been deprecated. Use FindObjectsByType<T>() or FindObjectsByType<T>(FindObjectsInactive) instead. InstanceID will be replaced in the future with EntityId and previous sort order cannot be maintained.'
Assets/Game/Scripts/Editor/CH05M03NetworkCollapseInputProbe.cs(304,129): warning CS0618: 'FindObjectsSortMode' is obsolete: 'FindObjectsSortMode has been deprecated. Use the FindObjectsByType overloads that do not take a FindObjectsSortMode parameter.'
Assets/Game/Scripts/Editor/CH05M03NetworkCollapseInputProbe.cs(304,56): warning CS0618: 'Object.FindObjectsByType<T>(FindObjectsInactive, FindObjectsSortMode)' is obsolete: 'FindObjectsByType with FindObjectsSortMode parameter has been deprecated. Use FindObjectsByType<T>() or FindObjectsByType<T>(FindObjectsInactive) instead. InstanceID will be replaced in the future with EntityId and previous sort order cannot be maintained.'
Assets/Game/Scripts/Editor/CH05M04LastCorridorInputProbe.cs(263,120): warning CS0618: 'FindObjectsSortMode' is obsolete: 'FindObjectsSortMode has been deprecated. Use the FindObjectsByType overloads that do not take a FindObjectsSortMode parameter.'
Assets/Game/Scripts/Editor/CH05M04LastCorridorInputProbe.cs(263,47): warning CS0618: 'Object.FindObjectsByType<T>(FindObjectsInactive, FindObjectsSortMode)' is obsolete: 'FindObjectsByType with FindObjectsSortMode parameter has been deprecated. Use FindObjectsByType<T>() or FindObjectsByType<T>(FindObjectsInactive) instead. InstanceID will be replaced in the future with EntityId and previous sort order cannot be maintained.'
Assets/Game/Scripts/Editor/CH05M04LastCorridorInputProbe.cs(266,147): warning CS0618: 'FindObjectsSortMode' is obsolete: 'FindObjectsSortMode has been deprecated. Use the FindObjectsByType overloads that do not take a FindObjectsSortMode parameter.'
Assets/Game/Scripts/Editor/CH05M04LastCorridorInputProbe.cs(266,74): warning CS0618: 'Object.FindObjectsByType<T>(FindObjectsInactive, FindObjectsSortMode)' is obsolete: 'FindObjectsByType with FindObjectsSortMode parameter has been deprecated. Use FindObjectsByType<T>() or FindObjectsByType<T>(FindObjectsInactive) instead. InstanceID will be replaced in the future with EntityId and previous sort order cannot be maintained.'
Assets/Game/Scripts/Editor/CH05M02TrustUnderFireInputProbe.cs(436,126): warning CS0618: 'FindObjectsSortMode' is obsolete: 'FindObjectsSortMode has been deprecated. Use the FindObjectsByType overloads that do not take a FindObjectsSortMode parameter.'
Assets/Game/Scripts/Editor/CH05M02TrustUnderFireInputProbe.cs(436,38): warning CS0618: 'Object.FindObjectsByType<T>(FindObjectsInactive, FindObjectsSortMode)' is obsolete: 'FindObjectsByType with FindObjectsSortMode parameter has been deprecated. Use FindObjectsByType<T>() or FindObjectsByType<T>(FindObjectsInactive) instead. InstanceID will be replaced in the future with EntityId and previous sort order cannot be maintained.'
Assets/Game/Scripts/Editor/CH05M05CommandNodeInputProbe.cs(243,131): warning CS0618: 'FindObjectsSortMode' is obsolete: 'FindObjectsSortMode has been deprecated. Use the FindObjectsByType overloads that do not take a FindObjectsSortMode parameter.'
Assets/Game/Scripts/Editor/CH05M05CommandNodeInputProbe.cs(243,42): warning CS0618: 'Object.FindObjectsByType<T>(FindObjectsInactive, FindObjectsSortMode)' is obsolete: 'FindObjectsByType with FindObjectsSortMode parameter has been deprecated. Use FindObjectsByType<T>() or FindObjectsByType<T>(FindObjectsInactive) instead. InstanceID will be replaced in the future with EntityId and previous sort order cannot be maintained.'
Assets/Game/Scripts/Editor/CH05M05CommandNodeInputProbe.cs(249,120): warning CS0618: 'FindObjectsSortMode' is obsolete: 'FindObjectsSortMode has been deprecated. Use the FindObjectsByType overloads that do not take a FindObjectsSortMode parameter.'
Assets/Game/Scripts/Editor/CH05M05CommandNodeInputProbe.cs(249,47): warning CS0618: 'Object.FindObjectsByType<T>(FindObjectsInactive, FindObjectsSortMode)' is obsolete: 'FindObjectsByType with FindObjectsSortMode parameter has been deprecated. Use FindObjectsByType<T>() or FindObjectsByType<T>(FindObjectsInactive) instead. InstanceID will be replaced in the future with EntityId and previous sort order cannot be maintained.'
Assets/Game/Scripts/Editor/CH05M05CommandNodeInputProbe.cs(252,147): warning CS0618: 'FindObjectsSortMode' is obsolete: 'FindObjectsSortMode has been deprecated. Use the FindObjectsByType overloads that do not take a FindObjectsSortMode parameter.'
Assets/Game/Scripts/Editor/CH05M05CommandNodeInputProbe.cs(252,74): warning CS0618: 'Object.FindObjectsByType<T>(FindObjectsInactive, FindObjectsSortMode)' is obsolete: 'FindObjectsByType with FindObjectsSortMode parameter has been deprecated. Use FindObjectsByType<T>() or FindObjectsByType<T>(FindObjectsInactive) instead. InstanceID will be replaced in the future with EntityId and previous sort order cannot be maintained.'
Assets/Game/Scripts/Editor/CH05M04LastCorridorInputProbe.cs(330,129): warning CS0618: 'FindObjectsSortMode' is obsolete: 'FindObjectsSortMode has been deprecated. Use the FindObjectsByType overloads that do not take a FindObjectsSortMode parameter.'
Assets/Game/Scripts/Editor/CH05M04LastCorridorInputProbe.cs(330,56): warning CS0618: 'Object.FindObjectsByType<T>(FindObjectsInactive, FindObjectsSortMode)' is obsolete: 'FindObjectsByType with FindObjectsSortMode parameter has been deprecated. Use FindObjectsByType<T>() or FindObjectsByType<T>(FindObjectsInactive) instead. InstanceID will be replaced in the future with EntityId and previous sort order cannot be maintained.'
Assets/Game/Scripts/Editor/CH05M05CommandNodeInputProbe.cs(315,129): warning CS0618: 'FindObjectsSortMode' is obsolete: 'FindObjectsSortMode has been deprecated. Use the FindObjectsByType overloads that do not take a FindObjectsSortMode parameter.'
Assets/Game/Scripts/Editor/CH05M05CommandNodeInputProbe.cs(315,56): warning CS0618: 'Object.FindObjectsByType<T>(FindObjectsInactive, FindObjectsSortMode)' is obsolete: 'FindObjectsByType with FindObjectsSortMode parameter has been deprecated. Use FindObjectsByType<T>() or FindObjectsByType<T>(FindObjectsInactive) instead. InstanceID will be replaced in the future with EntityId and previous sort order cannot be maintained.'
Assets/Game/Scripts/Editor/CampaignTutorialEntryEditorProbe.Presentation.cs(20,86): warning CS0618: 'FindObjectsSortMode' is obsolete: 'FindObjectsSortMode has been deprecated. Use the FindObjectsByType overloads that do not take a FindObjectsSortMode parameter.'
Assets/Game/Scripts/Editor/CampaignTutorialEntryEditorProbe.Presentation.cs(20,36): warning CS0618: 'Object.FindObjectsByType<T>(FindObjectsSortMode)' is obsolete: 'FindObjectsByType with FindObjectsSortMode parameter has been deprecated. Use FindObjectsByType<T>() or FindObjectsByType<T>(FindObjectsInactive) instead. InstanceID will be replaced in the future with EntityId and previous sort order cannot be maintained.'
Assets/Game/Scripts/Editor/CampaignTutorialEntryEditorProbe.Recovery.cs(74,74): warning CS0618: 'FindObjectsSortMode' is obsolete: 'FindObjectsSortMode has been deprecated. Use the FindObjectsByType overloads that do not take a FindObjectsSortMode parameter.'
Assets/Game/Scripts/Editor/CampaignTutorialEntryEditorProbe.Recovery.cs(74,29): warning CS0618: 'Object.FindObjectsByType<T>(FindObjectsSortMode)' is obsolete: 'FindObjectsByType with FindObjectsSortMode parameter has been deprecated. Use FindObjectsByType<T>() or FindObjectsByType<T>(FindObjectsInactive) instead. InstanceID will be replaced in the future with EntityId and previous sort order cannot be maintained.'
Assets/Game/Scripts/Editor/CampaignTutorialEntryEditorProbe.Recovery.cs(114,83): warning CS0618: 'FindObjectsSortMode' is obsolete: 'FindObjectsSortMode has been deprecated. Use the FindObjectsByType overloads that do not take a FindObjectsSortMode parameter.'
Assets/Game/Scripts/Editor/CampaignTutorialEntryEditorProbe.Recovery.cs(114,38): warning CS0618: 'Object.FindObjectsByType<T>(FindObjectsSortMode)' is obsolete: 'FindObjectsByType with FindObjectsSortMode parameter has been deprecated. Use FindObjectsByType<T>() or FindObjectsByType<T>(FindObjectsInactive) instead. InstanceID will be replaced in the future with EntityId and previous sort order cannot be maintained.'
Assets/Game/Scripts/Editor/Skirmish/SkirmishS002AriaRunHarness.HelipadProbe.cs(51,111): warning CS0618: 'FindObjectsSortMode' is obsolete: 'FindObjectsSortMode has been deprecated. Use the FindObjectsByType overloads that do not take a FindObjectsSortMode parameter.'
Assets/Game/Scripts/Editor/Skirmish/SkirmishS002AriaRunHarness.HelipadProbe.cs(51,34): warning CS0618: 'Object.FindObjectsByType<T>(FindObjectsInactive, FindObjectsSortMode)' is obsolete: 'FindObjectsByType with FindObjectsSortMode parameter has been deprecated. Use FindObjectsByType<T>() or FindObjectsByType<T>(FindObjectsInactive) instead. InstanceID will be replaced in the future with EntityId and previous sort order cannot be maintained.'
Assets/Game/Scripts/Editor/Skirmish/SkirmishS002AriaRunHarness.HelipadProbe.cs(168,115): warning CS0618: 'FindObjectsSortMode' is obsolete: 'FindObjectsSortMode has been deprecated. Use the FindObjectsByType overloads that do not take a FindObjectsSortMode parameter.'
Assets/Game/Scripts/Editor/Skirmish/SkirmishS002AriaRunHarness.HelipadProbe.cs(168,38): warning CS0618: 'Object.FindObjectsByType<T>(FindObjectsInactive, FindObjectsSortMode)' is obsolete: 'FindObjectsByType with FindObjectsSortMode parameter has been deprecated. Use FindObjectsByType<T>() or FindObjectsByType<T>(FindObjectsInactive) instead. InstanceID will be replaced in the future with EntityId and previous sort order cannot be maintained.'
Assets/Game/Scripts/Editor/SettingsPopupPrefabBuilder.cs(896,13): warning CS0618: 'TMP_Text.enableWordWrapping' is obsolete: 'The enabledWordWrapping property is now obsolete. Please use the textWrappingMode property instead.'
Assets/Game/Scripts/Editor/Skirmish/SkirmishS002AriaRunHarness.cs(214,128): warning CS0618: 'FindObjectsSortMode' is obsolete: 'FindObjectsSortMode has been deprecated. Use the FindObjectsByType overloads that do not take a FindObjectsSortMode parameter.'
Assets/Game/Scripts/Editor/Skirmish/SkirmishS002AriaRunHarness.cs(214,41): warning CS0618: 'Object.FindObjectsByType<T>(FindObjectsInactive, FindObjectsSortMode)' is obsolete: 'FindObjectsByType with FindObjectsSortMode parameter has been deprecated. Use FindObjectsByType<T>() or FindObjectsByType<T>(FindObjectsInactive) instead. InstanceID will be replaced in the future with EntityId and previous sort order cannot be maintained.'
Assets/Game/Scripts/Editor/Skirmish/SkirmishS002AriaRunHarness.cs(478,91): warning CS0618: 'FindObjectsSortMode' is obsolete: 'FindObjectsSortMode has been deprecated. Use the FindObjectsByType overloads that do not take a FindObjectsSortMode parameter.'
Assets/Game/Scripts/Editor/Skirmish/SkirmishS002AriaRunHarness.cs(478,38): warning CS0618: 'Object.FindObjectsByType<T>(FindObjectsSortMode)' is obsolete: 'FindObjectsByType with FindObjectsSortMode parameter has been deprecated. Use FindObjectsByType<T>() or FindObjectsByType<T>(FindObjectsInactive) instead. InstanceID will be replaced in the future with EntityId and previous sort order cannot be maintained.'
Assets/Game/Scripts/Editor/OperationsReconLaunchSmokeValidation.cs(303,118): warning CS0618: 'FindObjectsSortMode' is obsolete: 'FindObjectsSortMode has been deprecated. Use the FindObjectsByType overloads that do not take a FindObjectsSortMode parameter.'
Assets/Game/Scripts/Editor/OperationsReconLaunchSmokeValidation.cs(303,44): warning CS0618: 'Object.FindObjectsByType<T>(FindObjectsInactive, FindObjectsSortMode)' is obsolete: 'FindObjectsByType with FindObjectsSortMode parameter has been deprecated. Use FindObjectsByType<T>() or FindObjectsByType<T>(FindObjectsInactive) instead. InstanceID will be replaced in the future with EntityId and previous sort order cannot be maintained.'
Assets/Game/Scripts/Editor/OperationsReconLaunchSmokeValidation.cs(349,145): warning CS0618: 'FindObjectsSortMode' is obsolete: 'FindObjectsSortMode has been deprecated. Use the FindObjectsByType overloads that do not take a FindObjectsSortMode parameter.'
Assets/Game/Scripts/Editor/OperationsReconLaunchSmokeValidation.cs(349,50): warning CS0618: 'Object.FindObjectsByType<T>(FindObjectsInactive, FindObjectsSortMode)' is obsolete: 'FindObjectsByType with FindObjectsSortMode parameter has been deprecated. Use FindObjectsByType<T>() or FindObjectsByType<T>(FindObjectsInactive) instead. InstanceID will be replaced in the future with EntityId and previous sort order cannot be maintained.'
Assets/Game/Scripts/Editor/OperationsReconLaunchSmokeValidation.cs(397,135): warning CS0618: 'FindObjectsSortMode' is obsolete: 'FindObjectsSortMode has been deprecated. Use the FindObjectsByType overloads that do not take a FindObjectsSortMode parameter.'
Assets/Game/Scripts/Editor/OperationsReconLaunchSmokeValidation.cs(397,40): warning CS0618: 'Object.FindObjectsByType<T>(FindObjectsInactive, FindObjectsSortMode)' is obsolete: 'FindObjectsByType with FindObjectsSortMode parameter has been deprecated. Use FindObjectsByType<T>() or FindObjectsByType<T>(FindObjectsInactive) instead. InstanceID will be replaced in the future with EntityId and previous sort order cannot be maintained.'
Assets/Game/Scripts/Editor/OperationsReconLaunchSmokeValidation.cs(456,140): warning CS0618: 'FindObjectsSortMode' is obsolete: 'FindObjectsSortMode has been deprecated. Use the FindObjectsByType overloads that do not take a FindObjectsSortMode parameter.'
Assets/Game/Scripts/Editor/OperationsReconLaunchSmokeValidation.cs(456,45): warning CS0618: 'Object.FindObjectsByType<T>(FindObjectsInactive, FindObjectsSortMode)' is obsolete: 'FindObjectsByType with FindObjectsSortMode parameter has been deprecated. Use FindObjectsByType<T>() or FindObjectsByType<T>(FindObjectsInactive) instead. InstanceID will be replaced in the future with EntityId and previous sort order cannot be maintained.'
Assets/Game/Scripts/Editor/OperationsReconLaunchSmokeValidation.cs(551,142): warning CS0618: 'FindObjectsSortMode' is obsolete: 'FindObjectsSortMode has been deprecated. Use the FindObjectsByType overloads that do not take a FindObjectsSortMode parameter.'
Assets/Game/Scripts/Editor/OperationsReconLaunchSmokeValidation.cs(551,47): warning CS0618: 'Object.FindObjectsByType<T>(FindObjectsInactive, FindObjectsSortMode)' is obsolete: 'FindObjectsByType with FindObjectsSortMode parameter has been deprecated. Use FindObjectsByType<T>() or FindObjectsByType<T>(FindObjectsInactive) instead. InstanceID will be replaced in the future with EntityId and previous sort order cannot be maintained.'
Assets/Game/Scripts/Editor/OperationsReconLaunchSmokeValidation.cs(887,137): warning CS0618: 'FindObjectsSortMode' is obsolete: 'FindObjectsSortMode has been deprecated. Use the FindObjectsByType overloads that do not take a FindObjectsSortMode parameter.'
Assets/Game/Scripts/Editor/OperationsReconLaunchSmokeValidation.cs(887,42): warning CS0618: 'Object.FindObjectsByType<T>(FindObjectsInactive, FindObjectsSortMode)' is obsolete: 'FindObjectsByType with FindObjectsSortMode parameter has been deprecated. Use FindObjectsByType<T>() or FindObjectsByType<T>(FindObjectsInactive) instead. InstanceID will be replaced in the future with EntityId and previous sort order cannot be maintained.'
Assets/Game/Scripts/Editor/OperationMapRenderInfrastructureEligibilityPolicy.cs(75,68): warning CS0618: 'Projector' is obsolete: 'Projector component is deprecated now that the Built-In Render Pipeline is deprecated. To use an alternative, refer to the documentation in the component help icon. #from(6000.5)'
Assets/Game/Scripts/Editor/OperationsReconLaunchSmokeValidation.cs(898,129): warning CS0618: 'FindObjectsSortMode' is obsolete: 'FindObjectsSortMode has been deprecated. Use the FindObjectsByType overloads that do not take a FindObjectsSortMode parameter.'
Assets/Game/Scripts/Editor/OperationsReconLaunchSmokeValidation.cs(898,34): warning CS0618: 'Object.FindObjectsByType<T>(FindObjectsInactive, FindObjectsSortMode)' is obsolete: 'FindObjectsByType with FindObjectsSortMode parameter has been deprecated. Use FindObjectsByType<T>() or FindObjectsByType<T>(FindObjectsInactive) instead. InstanceID will be replaced in the future with EntityId and previous sort order cannot be maintained.'
Assets/Game/Scripts/Editor/OperationsReconLaunchSmokeValidation.cs(915,133): warning CS0618: 'FindObjectsSortMode' is obsolete: 'FindObjectsSortMode has been deprecated. Use the FindObjectsByType overloads that do not take a FindObjectsSortMode parameter.'
Assets/Game/Scripts/Editor/OperationsReconLaunchSmokeValidation.cs(915,38): warning CS0618: 'Object.FindObjectsByType<T>(FindObjectsInactive, FindObjectsSortMode)' is obsolete: 'FindObjectsByType with FindObjectsSortMode parameter has been deprecated. Use FindObjectsByType<T>() or FindObjectsByType<T>(FindObjectsInactive) instead. InstanceID will be replaced in the future with EntityId and previous sort order cannot be maintained.'
Assets/Game/Scripts/Editor/OperationsReconLaunchSmokeValidation.cs(920,110): warning CS0618: 'FindObjectsSortMode' is obsolete: 'FindObjectsSortMode has been deprecated. Use the FindObjectsByType overloads that do not take a FindObjectsSortMode parameter.'
Assets/Game/Scripts/Editor/OperationsReconLaunchSmokeValidation.cs(920,36): warning CS0618: 'Object.FindObjectsByType<T>(FindObjectsInactive, FindObjectsSortMode)' is obsolete: 'FindObjectsByType with FindObjectsSortMode parameter has been deprecated. Use FindObjectsByType<T>() or FindObjectsByType<T>(FindObjectsInactive) instead. InstanceID will be replaced in the future with EntityId and previous sort order cannot be maintained.'
Assets/Game/Scripts/Editor/MissionTowerFireEditorProbe.cs(167,86): warning CS0618: 'FindObjectsSortMode' is obsolete: 'FindObjectsSortMode has been deprecated. Use the FindObjectsByType overloads that do not take a FindObjectsSortMode parameter.'
Assets/Game/Scripts/Editor/MissionTowerFireEditorProbe.cs(167,36): warning CS0618: 'Object.FindObjectsByType<T>(FindObjectsSortMode)' is obsolete: 'FindObjectsByType with FindObjectsSortMode parameter has been deprecated. Use FindObjectsByType<T>() or FindObjectsByType<T>(FindObjectsInactive) instead. InstanceID will be replaced in the future with EntityId and previous sort order cannot be maintained.'
Assets/Game/Scripts/Editor/MenuUiAuditCapture.cs(147,81): warning CS0618: 'FindObjectsSortMode' is obsolete: 'FindObjectsSortMode has been deprecated. Use the FindObjectsByType overloads that do not take a FindObjectsSortMode parameter.'
Assets/Game/Scripts/Editor/MenuUiAuditCapture.cs(147,34): warning CS0618: 'Object.FindObjectsByType<T>(FindObjectsSortMode)' is obsolete: 'FindObjectsByType with FindObjectsSortMode parameter has been deprecated. Use FindObjectsByType<T>() or FindObjectsByType<T>(FindObjectsInactive) instead. InstanceID will be replaced in the future with EntityId and previous sort order cannot be maintained.'
Assets/Game/Scripts/Editor/MenuUiAuditCapture.cs(162,81): warning CS0618: 'FindObjectsSortMode' is obsolete: 'FindObjectsSortMode has been deprecated. Use the FindObjectsByType overloads that do not take a FindObjectsSortMode parameter.'
Assets/Game/Scripts/Editor/MenuUiAuditCapture.cs(162,36): warning CS0618: 'Object.FindObjectsByType<T>(FindObjectsSortMode)' is obsolete: 'FindObjectsByType with FindObjectsSortMode parameter has been deprecated. Use FindObjectsByType<T>() or FindObjectsByType<T>(FindObjectsInactive) instead. InstanceID will be replaced in the future with EntityId and previous sort order cannot be maintained.'
Assets/Game/Scripts/Editor/M03RadarWarningMediaImporter.cs(40,47): warning CS0618: 'TextureImporter.spritesheet' is obsolete: 'Support for accessing sprite meta data through spritesheet has been removed. Please use the UnityEditor.U2D.Sprites.ISpriteEditorDataProvider interface instead.'
Assets/Game/Scripts/Editor/M04AirliftMediaImporter.cs(47,47): warning CS0618: 'TextureImporter.spritesheet' is obsolete: 'Support for accessing sprite meta data through spritesheet has been removed. Please use the UnityEditor.U2D.Sprites.ISpriteEditorDataProvider interface instead.'
Assets/Game/Scripts/Editor/M04AirliftEditorProbe.MobileActions.cs(47,107): warning CS0618: 'FindObjectsSortMode' is obsolete: 'FindObjectsSortMode has been deprecated. Use the FindObjectsByType overloads that do not take a FindObjectsSortMode parameter.'
Assets/Game/Scripts/Editor/M04AirliftEditorProbe.MobileActions.cs(47,42): warning CS0618: 'Object.FindObjectsByType<T>(FindObjectsSortMode)' is obsolete: 'FindObjectsByType with FindObjectsSortMode parameter has been deprecated. Use FindObjectsByType<T>() or FindObjectsByType<T>(FindObjectsInactive) instead. InstanceID will be replaced in the future with EntityId and previous sort order cannot be maintained.'
Assets/Game/Scripts/Editor/M04AirliftEditorProbe.MobileActions.cs(56,103): warning CS0618: 'FindObjectsSortMode' is obsolete: 'FindObjectsSortMode has been deprecated. Use the FindObjectsByType overloads that do not take a FindObjectsSortMode parameter.'
Assets/Game/Scripts/Editor/M04AirliftEditorProbe.MobileActions.cs(56,38): warning CS0618: 'Object.FindObjectsByType<T>(FindObjectsSortMode)' is obsolete: 'FindObjectsByType with FindObjectsSortMode parameter has been deprecated. Use FindObjectsByType<T>() or FindObjectsByType<T>(FindObjectsInactive) instead. InstanceID will be replaced in the future with EntityId and previous sort order cannot be maintained.'
Assets/Game/Scripts/Editor/M01ComicVoicePlaybackProbe.cs(50,78): warning CS0618: 'FindObjectsSortMode' is obsolete: 'FindObjectsSortMode has been deprecated. Use the FindObjectsByType overloads that do not take a FindObjectsSortMode parameter.'
Assets/Game/Scripts/Editor/M01ComicVoicePlaybackProbe.cs(50,26): warning CS0618: 'Object.FindObjectsByType<T>(FindObjectsSortMode)' is obsolete: 'FindObjectsByType with FindObjectsSortMode parameter has been deprecated. Use FindObjectsByType<T>() or FindObjectsByType<T>(FindObjectsInactive) instead. InstanceID will be replaced in the future with EntityId and previous sort order cannot be maintained.'
Assets/Game/Scripts/Editor/M04AirliftAirfieldInputProbe.cs(122,146): warning CS0618: 'FindObjectsSortMode' is obsolete: 'FindObjectsSortMode has been deprecated. Use the FindObjectsByType overloads that do not take a FindObjectsSortMode parameter.'
Assets/Game/Scripts/Editor/M04AirliftAirfieldInputProbe.cs(122,73): warning CS0618: 'Object.FindObjectsByType<T>(FindObjectsInactive, FindObjectsSortMode)' is obsolete: 'FindObjectsByType with FindObjectsSortMode parameter has been deprecated. Use FindObjectsByType<T>() or FindObjectsByType<T>(FindObjectsInactive) instead. InstanceID will be replaced in the future with EntityId and previous sort order cannot be maintained.'
Assets/Game/Scripts/Editor/M04AirliftAirfieldInputProbe.cs(138,88): warning CS0618: 'FindObjectsSortMode' is obsolete: 'FindObjectsSortMode has been deprecated. Use the FindObjectsByType overloads that do not take a FindObjectsSortMode parameter.'
Assets/Game/Scripts/Editor/M04AirliftAirfieldInputProbe.cs(138,25): warning CS0618: 'Object.FindObjectsByType<T>(FindObjectsSortMode)' is obsolete: 'FindObjectsByType with FindObjectsSortMode parameter has been deprecated. Use FindObjectsByType<T>() or FindObjectsByType<T>(FindObjectsInactive) instead. InstanceID will be replaced in the future with EntityId and previous sort order cannot be maintained.'
Assets/Game/Scripts/Editor/M04AirliftAirfieldInputProbe.cs(217,121): warning CS0618: 'FindObjectsSortMode' is obsolete: 'FindObjectsSortMode has been deprecated. Use the FindObjectsByType overloads that do not take a FindObjectsSortMode parameter.'
Assets/Game/Scripts/Editor/M04AirliftAirfieldInputProbe.cs(217,56): warning CS0618: 'Object.FindObjectsByType<T>(FindObjectsSortMode)' is obsolete: 'FindObjectsByType with FindObjectsSortMode parameter has been deprecated. Use FindObjectsByType<T>() or FindObjectsByType<T>(FindObjectsInactive) instead. InstanceID will be replaced in the future with EntityId and previous sort order cannot be maintained.'
Assets/Game/Scripts/Editor/M04AirliftEditorProbe.PlayerGuidance.cs(141,96): warning CS0618: 'FindObjectsSortMode' is obsolete: 'FindObjectsSortMode has been deprecated. Use the FindObjectsByType overloads that do not take a FindObjectsSortMode parameter.'
Assets/Game/Scripts/Editor/M04AirliftEditorProbe.PlayerGuidance.cs(141,31): warning CS0618: 'Object.FindObjectsByType<T>(FindObjectsSortMode)' is obsolete: 'FindObjectsByType with FindObjectsSortMode parameter has been deprecated. Use FindObjectsByType<T>() or FindObjectsByType<T>(FindObjectsInactive) instead. InstanceID will be replaced in the future with EntityId and previous sort order cannot be maintained.'
Assets/Game/Scripts/Editor/M04AirliftEditorProbe.PlayerGuidance.cs(153,108): warning CS0618: 'FindObjectsSortMode' is obsolete: 'FindObjectsSortMode has been deprecated. Use the FindObjectsByType overloads that do not take a FindObjectsSortMode parameter.'
Assets/Game/Scripts/Editor/M04AirliftEditorProbe.PlayerGuidance.cs(153,41): warning CS0618: 'Object.FindObjectsByType<T>(FindObjectsSortMode)' is obsolete: 'FindObjectsByType with FindObjectsSortMode parameter has been deprecated. Use FindObjectsByType<T>() or FindObjectsByType<T>(FindObjectsInactive) instead. InstanceID will be replaced in the future with EntityId and previous sort order cannot be maintained.'
Assets/Game/Scripts/Editor/HudButtonIconNativeValidation.cs(159,89): warning CS0618: 'FindObjectsSortMode' is obsolete: 'FindObjectsSortMode has been deprecated. Use the FindObjectsByType overloads that do not take a FindObjectsSortMode parameter.'
Assets/Game/Scripts/Editor/HudButtonIconNativeValidation.cs(159,33): warning CS0618: 'Object.FindObjectsByType<T>(FindObjectsSortMode)' is obsolete: 'FindObjectsByType with FindObjectsSortMode parameter has been deprecated. Use FindObjectsByType<T>() or FindObjectsByType<T>(FindObjectsInactive) instead. InstanceID will be replaced in the future with EntityId and previous sort order cannot be maintained.'
Assets/Game/Scripts/Editor/M03RadarWarningEditorLaunchProbe.Guidance.cs(171,69): warning CS0618: 'FindObjectsSortMode' is obsolete: 'FindObjectsSortMode has been deprecated. Use the FindObjectsByType overloads that do not take a FindObjectsSortMode parameter.'
Assets/Game/Scripts/Editor/M03RadarWarningEditorLaunchProbe.Guidance.cs(171,24): warning CS0618: 'Object.FindObjectsByType<T>(FindObjectsSortMode)' is obsolete: 'FindObjectsByType with FindObjectsSortMode parameter has been deprecated. Use FindObjectsByType<T>() or FindObjectsByType<T>(FindObjectsInactive) instead. InstanceID will be replaced in the future with EntityId and previous sort order cannot be maintained.'
Assets/Game/Scripts/Editor/M03RadarWarningEditorLaunchProbe.Guidance.cs(227,108): warning CS0618: 'FindObjectsSortMode' is obsolete: 'FindObjectsSortMode has been deprecated. Use the FindObjectsByType overloads that do not take a FindObjectsSortMode parameter.'
Assets/Game/Scripts/Editor/M03RadarWarningEditorLaunchProbe.Guidance.cs(227,35): warning CS0618: 'Object.FindObjectsByType<T>(FindObjectsInactive, FindObjectsSortMode)' is obsolete: 'FindObjectsByType with FindObjectsSortMode parameter has been deprecated. Use FindObjectsByType<T>() or FindObjectsByType<T>(FindObjectsInactive) instead. InstanceID will be replaced in the future with EntityId and previous sort order cannot be maintained.'
Assets/Game/Scripts/Editor/M03RadarWarningEditorLaunchProbe.Indicator.cs(93,112): warning CS0618: 'FindObjectsSortMode' is obsolete: 'FindObjectsSortMode has been deprecated. Use the FindObjectsByType overloads that do not take a FindObjectsSortMode parameter.'
Assets/Game/Scripts/Editor/M03RadarWarningEditorLaunchProbe.Indicator.cs(93,39): warning CS0618: 'Object.FindObjectsByType<T>(FindObjectsInactive, FindObjectsSortMode)' is obsolete: 'FindObjectsByType with FindObjectsSortMode parameter has been deprecated. Use FindObjectsByType<T>() or FindObjectsByType<T>(FindObjectsInactive) instead. InstanceID will be replaced in the future with EntityId and previous sort order cannot be maintained.'
Assets/Game/Scripts/Editor/M03RadarWarningEditorLaunchProbe.PlacementIndicator.cs(59,122): warning CS0618: 'FindObjectsSortMode' is obsolete: 'FindObjectsSortMode has been deprecated. Use the FindObjectsByType overloads that do not take a FindObjectsSortMode parameter.'
Assets/Game/Scripts/Editor/M03RadarWarningEditorLaunchProbe.PlacementIndicator.cs(59,36): warning CS0618: 'Object.FindObjectsByType<T>(FindObjectsInactive, FindObjectsSortMode)' is obsolete: 'FindObjectsByType with FindObjectsSortMode parameter has been deprecated. Use FindObjectsByType<T>() or FindObjectsByType<T>(FindObjectsInactive) instead. InstanceID will be replaced in the future with EntityId and previous sort order cannot be maintained.'
Assets/Game/Scripts/Editor/M03RadarWarningEditorLaunchProbe.PlacementIndicator.cs(62,111): warning CS0618: 'FindObjectsSortMode' is obsolete: 'FindObjectsSortMode has been deprecated. Use the FindObjectsByType overloads that do not take a FindObjectsSortMode parameter.'
Assets/Game/Scripts/Editor/M03RadarWarningEditorLaunchProbe.PlacementIndicator.cs(62,38): warning CS0618: 'Object.FindObjectsByType<T>(FindObjectsInactive, FindObjectsSortMode)' is obsolete: 'FindObjectsByType with FindObjectsSortMode parameter has been deprecated. Use FindObjectsByType<T>() or FindObjectsByType<T>(FindObjectsInactive) instead. InstanceID will be replaced in the future with EntityId and previous sort order cannot be maintained.'
Assets/Game/Scripts/Editor/CH05M01CitywideAlertInputProbe.cs(30,95): warning CS0414: The field 'CH05M01CitywideAlertInputProbe.closeChecked' is assigned but its value is never used
Assets/Game/Scripts/Editor/CH05M02TrustUnderFireInputProbe.cs(30,95): warning CS0414: The field 'CH05M02TrustUnderFireInputProbe.closeChecked' is assigned but its value is never used
Assets/Game/Scripts/Editor/CH05M03NetworkCollapseRulesValidation.cs(43,13): warning EA0002: You should only construct new CampaignMissionDefinitionBlob
            {
                MissionId = mission.MissionId,
                MissionRuntimeEnabled = (byte)(scenario.MissionRuntime.Enabled ? 1 : 0),
                BuildingDisabled = (byte)(restrictions.BuildingDisabled ? 1 : 0),
                ProductionDisabled = (byte)(restrictions.ProductionDisabled ? 1 : 0),
                EconomyDisabled = (byte)(restrictions.EconomyDisabled ? 1 : 0),
                TransportDisabled = (byte)(restrictions.TransportDisabled ? 1 : 0),
                AirDisabled = (byte)(restrictions.AirDisabled ? 1 : 0)
            } through a BlobBuilder, as it may only live in blob storage. Try using BlobBuilder .Construct/.ConstructRoot/.SetPointer.
[1997/2004  2s] ILPostProcess Library/Bee/artifacts/200b0aE.dag/post-processed/Game.Editor.dll (+pdb)
Processing assembly Library/Bee/artifacts/200b0aE.dag/Game.Editor.dll, with 136 defines and 355 references
processors: Unity.Entities.CodeGen.EntitiesILPostProcessors, Unity.Jobs.CodeGen.JobsILPostProcessor, Unity.Pipeline.CodeGen.HotReloadInPlaceILPostProcessor, zzzUnity.Burst.CodeGen.BurstILPostProcessor
running Unity.Entities.CodeGen.EntitiesILPostProcessors
running Unity.Jobs.CodeGen.JobsILPostProcessor
running Unity.Pipeline.CodeGen.HotReloadInPlaceILPostProcessor
running zzzUnity.Burst.CodeGen.BurstILPostProcessor
[1998/2004  0s] CopyFiles Library/ScriptAssemblies/Game.Editor.pdb
[1999/2004  0s] CopyFiles Library/ScriptAssemblies/Game.Editor.dll
[BUSY       8s] Csc Library/Bee/artifacts/200b0aE.dag/Game.Tests.Editor.dll (+2 others)
[2000/2004 10s] Csc Library/Bee/artifacts/200b0aE.dag/Game.Tests.Editor.dll (+2 others)
[2001/2004  3s] ILPostProcess Library/Bee/artifacts/200b0aE.dag/post-processed/Game.Tests.Editor.dll (+pdb)
Processing assembly Library/Bee/artifacts/200b0aE.dag/Game.Tests.Editor.dll, with 136 defines and 332 references
processors: Unity.Entities.CodeGen.EntitiesILPostProcessors, Unity.Jobs.CodeGen.JobsILPostProcessor, Unity.Pipeline.CodeGen.HotReloadInPlaceILPostProcessor, zzzUnity.Burst.CodeGen.BurstILPostProcessor
running Unity.Entities.CodeGen.EntitiesILPostProcessors
running Unity.Jobs.CodeGen.JobsILPostProcessor
running Unity.Pipeline.CodeGen.HotReloadInPlaceILPostProcessor
running zzzUnity.Burst.CodeGen.BurstILPostProcessor
[2002/2004  0s] CopyFiles Library/ScriptAssemblies/Game.Tests.Editor.pdb
[2003/2004  0s] CopyFiles Library/ScriptAssemblies/Game.Tests.Editor.dll
*** Tundra build success (32.38 seconds), 17 items updated, 2004 evaluated
Assets/Game/Scripts/UI/Screens/PauseOptionsV3PopupView.cs(147,125): warning CS0618: 'FindObjectsSortMode' is obsolete: 'FindObjectsSortMode has been deprecated. Use the FindObjectsByType overloads that do not take a FindObjectsSortMode parameter.'
Assets/Game/Scripts/UI/Screens/PauseOptionsV3PopupView.cs(147,42): warning CS0618: 'Object.FindObjectsByType<T>(FindObjectsInactive, FindObjectsSortMode)' is obsolete: 'FindObjectsByType with FindObjectsSortMode parameter has been deprecated. Use FindObjectsByType<T>() or FindObjectsByType<T>(FindObjectsInactive) instead. InstanceID will be replaced in the future with EntityId and previous sort order cannot be maintained.'
Assets/Game/Scripts/UI/Screens/MatchHudAssistantUiSystemHelper.Watch.cs(59,120): warning CS0618: 'FindObjectsSortMode' is obsolete: 'FindObjectsSortMode has been deprecated. Use the FindObjectsByType overloads that do not take a FindObjectsSortMode parameter.'
Assets/Game/Scripts/UI/Screens/MatchHudAssistantUiSystemHelper.Watch.cs(59,43): warning CS0618: 'Object.FindObjectsByType<T>(FindObjectsInactive, FindObjectsSortMode)' is obsolete: 'FindObjectsByType with FindObjectsSortMode parameter has been deprecated. Use FindObjectsByType<T>() or FindObjectsByType<T>(FindObjectsInactive) instead. InstanceID will be replaced in the future with EntityId and previous sort order cannot be maintained.'
Assets/Game/Scripts/UI/Screens/MatchHudAssistantUiSystemHelper.Watch.cs(244,126): warning CS0618: 'FindObjectsSortMode' is obsolete: 'FindObjectsSortMode has been deprecated. Use the FindObjectsByType overloads that do not take a FindObjectsSortMode parameter.'
Assets/Game/Scripts/UI/Screens/MatchHudAssistantUiSystemHelper.Watch.cs(244,43): warning CS0618: 'Object.FindObjectsByType<T>(FindObjectsInactive, FindObjectsSortMode)' is obsolete: 'FindObjectsByType with FindObjectsSortMode parameter has been deprecated. Use FindObjectsByType<T>() or FindObjectsByType<T>(FindObjectsInactive) instead. InstanceID will be replaced in the future with EntityId and previous sort order cannot be maintained.'
Assets/Game/Scripts/UI/Screens/BuildDrawerCatalogRuntimeView.MissionGuidance.cs(16,22): warning CS0414: The field 'BuildDrawerCatalogRuntimeView._guidedProductionInvocation' is assigned but its value is never used
Assets/Game/Scripts/UI/Screens/MatchHudAssistantUiSystemHelper.Watch.cs(59,120): warning CS0618: 'FindObjectsSortMode' is obsolete: 'FindObjectsSortMode has been deprecated. Use the FindObjectsByType overloads that do not take a FindObjectsSortMode parameter.'
Assets/Game/Scripts/UI/Screens/MatchHudAssistantUiSystemHelper.Watch.cs(59,43): warning CS0618: 'Object.FindObjectsByType<T>(FindObjectsInactive, FindObjectsSortMode)' is obsolete: 'FindObjectsByType with FindObjectsSortMode parameter has been deprecated. Use FindObjectsByType<T>() or FindObjectsByType<T>(FindObjectsInactive) instead. InstanceID will be replaced in the future with EntityId and previous sort order cannot be maintained.'
Assets/Game/Scripts/UI/Screens/MatchHudAssistantUiSystemHelper.Watch.cs(244,126): warning CS0618: 'FindObjectsSortMode' is obsolete: 'FindObjectsSortMode has been deprecated. Use the FindObjectsByType overloads that do not take a FindObjectsSortMode parameter.'
Assets/Game/Scripts/UI/Screens/MatchHudAssistantUiSystemHelper.Watch.cs(244,43): warning CS0618: 'Object.FindObjectsByType<T>(FindObjectsInactive, FindObjectsSortMode)' is obsolete: 'FindObjectsByType with FindObjectsSortMode parameter has been deprecated. Use FindObjectsByType<T>() or FindObjectsByType<T>(FindObjectsInactive) instead. InstanceID will be replaced in the future with EntityId and previous sort order cannot be maintained.'
Assets/Game/Scripts/UI/Screens/BuildDrawerCatalogRuntimeView.MissionGuidance.cs(16,22): warning CS0414: The field 'BuildDrawerCatalogRuntimeView._guidedProductionInvocation' is assigned but its value is never used
Assets/Game/Scripts/Editor/CH02M01GridlockWatchProbe.cs(140,104): warning CS0618: 'FindObjectsSortMode' is obsolete: 'FindObjectsSortMode has been deprecated. Use the FindObjectsByType overloads that do not take a FindObjectsSortMode parameter.'
Assets/Game/Scripts/Editor/CH02M01GridlockWatchProbe.cs(140,31): warning CS0618: 'Object.FindObjectsByType<T>(FindObjectsInactive, FindObjectsSortMode)' is obsolete: 'FindObjectsByType with FindObjectsSortMode parameter has been deprecated. Use FindObjectsByType<T>() or FindObjectsByType<T>(FindObjectsInactive) instead. InstanceID will be replaced in the future with EntityId and previous sort order cannot be maintained.'
Assets/Game/Scripts/Editor/CH02M04PowerRelayConfigBuilder.cs(61,164): warning CS0728: Possibly incorrect assignment to local 'blob' which is the argument to a using or lock statement. The Dispose call or unlocking will happen on the original value of the local.
Assets/Game/Scripts/Editor/CH02M02SupplyLineInputProbe.cs(178,106): warning CS0618: 'FindObjectsSortMode' is obsolete: 'FindObjectsSortMode has been deprecated. Use the FindObjectsByType overloads that do not take a FindObjectsSortMode parameter.'
Assets/Game/Scripts/Editor/CH02M02SupplyLineInputProbe.cs(178,33): warning CS0618: 'Object.FindObjectsByType<T>(FindObjectsInactive, FindObjectsSortMode)' is obsolete: 'FindObjectsByType with FindObjectsSortMode parameter has been deprecated. Use FindObjectsByType<T>() or FindObjectsByType<T>(FindObjectsInactive) instead. InstanceID will be replaced in the future with EntityId and previous sort order cannot be maintained.'
Assets/Game/Scripts/Editor/CH02M02SupplyLineInputProbe.cs(196,127): warning CS0618: 'FindObjectsSortMode' is obsolete: 'FindObjectsSortMode has been deprecated. Use the FindObjectsByType overloads that do not take a FindObjectsSortMode parameter.'
Assets/Game/Scripts/Editor/CH02M02SupplyLineInputProbe.cs(196,38): warning CS0618: 'Object.FindObjectsByType<T>(FindObjectsInactive, FindObjectsSortMode)' is obsolete: 'FindObjectsByType with FindObjectsSortMode parameter has been deprecated. Use FindObjectsByType<T>() or FindObjectsByType<T>(FindObjectsInactive) instead. InstanceID will be replaced in the future with EntityId and previous sort order cannot be maintained.'
Assets/Game/Scripts/Editor/CH02M03MarketLifelineInputProbe.cs(244,111): warning CS0618: 'FindObjectsSortMode' is obsolete: 'FindObjectsSortMode has been deprecated. Use the FindObjectsByType overloads that do not take a FindObjectsSortMode parameter.'
Assets/Game/Scripts/Editor/CH02M03MarketLifelineInputProbe.cs(244,38): warning CS0618: 'Object.FindObjectsByType<T>(FindObjectsInactive, FindObjectsSortMode)' is obsolete: 'FindObjectsByType with FindObjectsSortMode parameter has been deprecated. Use FindObjectsByType<T>() or FindObjectsByType<T>(FindObjectsInactive) instead. InstanceID will be replaced in the future with EntityId and previous sort order cannot be maintained.'
Assets/Game/Scripts/Editor/CH02M03MarketLifelineInputProbe.cs(303,146): warning CS0618: 'FindObjectsSortMode' is obsolete: 'FindObjectsSortMode has been deprecated. Use the FindObjectsByType overloads that do not take a FindObjectsSortMode parameter.'
Assets/Game/Scripts/Editor/CH02M03MarketLifelineInputProbe.cs(303,57): warning CS0618: 'Object.FindObjectsByType<T>(FindObjectsInactive, FindObjectsSortMode)' is obsolete: 'FindObjectsByType with FindObjectsSortMode parameter has been deprecated. Use FindObjectsByType<T>() or FindObjectsByType<T>(FindObjectsInactive) instead. InstanceID will be replaced in the future with EntityId and previous sort order cannot be maintained.'
Assets/Game/Scripts/Editor/CH02M04PowerRelayInputProbe.cs(58,585): warning CS0618: 'FindObjectsSortMode' is obsolete: 'FindObjectsSortMode has been deprecated. Use the FindObjectsByType overloads that do not take a FindObjectsSortMode parameter.'
Assets/Game/Scripts/Editor/CH02M04PowerRelayInputProbe.cs(58,512): warning CS0618: 'Object.FindObjectsByType<T>(FindObjectsInactive, FindObjectsSortMode)' is obsolete: 'FindObjectsByType with FindObjectsSortMode parameter has been deprecated. Use FindObjectsByType<T>() or FindObjectsByType<T>(FindObjectsInactive) instead. InstanceID will be replaced in the future with EntityId and previous sort order cannot be maintained.'
Assets/Game/Scripts/Editor/CH02M04PowerRelayInputProbe.cs(64,127): warning CS0618: 'FindObjectsSortMode' is obsolete: 'FindObjectsSortMode has been deprecated. Use the FindObjectsByType overloads that do not take a FindObjectsSortMode parameter.'
Assets/Game/Scripts/Editor/CH02M04PowerRelayInputProbe.cs(64,38): warning CS0618: 'Object.FindObjectsByType<T>(FindObjectsInactive, FindObjectsSortMode)' is obsolete: 'FindObjectsByType with FindObjectsSortMode parameter has been deprecated. Use FindObjectsByType<T>() or FindObjectsByType<T>(FindObjectsInactive) instead. InstanceID will be replaced in the future with EntityId and previous sort order cannot be maintained.'
Assets/Game/Scripts/Editor/CH02M04PowerRelayInputProbe.cs(77,119): warning CS0618: 'FindObjectsSortMode' is obsolete: 'FindObjectsSortMode has been deprecated. Use the FindObjectsByType overloads that do not take a FindObjectsSortMode parameter.'
Assets/Game/Scripts/Editor/CH02M04PowerRelayInputProbe.cs(77,46): warning CS0618: 'Object.FindObjectsByType<T>(FindObjectsInactive, FindObjectsSortMode)' is obsolete: 'FindObjectsByType with FindObjectsSortMode parameter has been deprecated. Use FindObjectsByType<T>() or FindObjectsByType<T>(FindObjectsInactive) instead. InstanceID will be replaced in the future with EntityId and previous sort order cannot be maintained.'
Assets/Game/Scripts/Editor/CH02M04PowerRelayInputProbe.cs(78,176): warning CS0618: 'FindObjectsSortMode' is obsolete: 'FindObjectsSortMode has been deprecated. Use the FindObjectsByType overloads that do not take a FindObjectsSortMode parameter.'
Assets/Game/Scripts/Editor/CH02M04PowerRelayInputProbe.cs(78,102): warning CS0618: 'Object.FindObjectsByType<T>(FindObjectsInactive, FindObjectsSortMode)' is obsolete: 'FindObjectsByType with FindObjectsSortMode parameter has been deprecated. Use FindObjectsByType<T>() or FindObjectsByType<T>(FindObjectsInactive) instead. InstanceID will be replaced in the future with EntityId and previous sort order cannot be maintained.'
Assets/Game/Scripts/Editor/CH04M04GroundedSignalInputProbe.cs(187,147): warning CS0618: 'FindObjectsSortMode' is obsolete: 'FindObjectsSortMode has been deprecated. Use the FindObjectsByType overloads that do not take a FindObjectsSortMode parameter.'
Assets/Game/Scripts/Editor/CH04M04GroundedSignalInputProbe.cs(187,74): warning CS0618: 'Object.FindObjectsByType<T>(FindObjectsInactive, FindObjectsSortMode)' is obsolete: 'FindObjectsByType with FindObjectsSortMode parameter has been deprecated. Use FindObjectsByType<T>() or FindObjectsByType<T>(FindObjectsInactive) instead. InstanceID will be replaced in the future with EntityId and previous sort order cannot be maintained.'
Assets/Game/Scripts/Editor/CH04M04GroundedSignalInputProbe.cs(215,100): warning CS0618: 'FindObjectsSortMode' is obsolete: 'FindObjectsSortMode has been deprecated. Use the FindObjectsByType overloads that do not take a FindObjectsSortMode parameter.'
Assets/Game/Scripts/Editor/CH04M04GroundedSignalInputProbe.cs(215,35): warning CS0618: 'Object.FindObjectsByType<T>(FindObjectsSortMode)' is obsolete: 'FindObjectsByType with FindObjectsSortMode parameter has been deprecated. Use FindObjectsByType<T>() or FindObjectsByType<T>(FindObjectsInactive) instead. InstanceID will be replaced in the future with EntityId and previous sort order cannot be maintained.'
Assets/Game/Scripts/Editor/CH04M05ArmorBreakInputProbe.cs(194,120): warning CS0618: 'FindObjectsSortMode' is obsolete: 'FindObjectsSortMode has been deprecated. Use the FindObjectsByType overloads that do not take a FindObjectsSortMode parameter.'
Assets/Game/Scripts/Editor/CH04M05ArmorBreakInputProbe.cs(194,47): warning CS0618: 'Object.FindObjectsByType<T>(FindObjectsInactive, FindObjectsSortMode)' is obsolete: 'FindObjectsByType with FindObjectsSortMode parameter has been deprecated. Use FindObjectsByType<T>() or FindObjectsByType<T>(FindObjectsInactive) instead. InstanceID will be replaced in the future with EntityId and previous sort order cannot be maintained.'
Assets/Game/Scripts/Editor/CH04M05ArmorBreakInputProbe.cs(197,147): warning CS0618: 'FindObjectsSortMode' is obsolete: 'FindObjectsSortMode has been deprecated. Use the FindObjectsByType overloads that do not take a FindObjectsSortMode parameter.'
Assets/Game/Scripts/Editor/CH04M05ArmorBreakInputProbe.cs(197,74): warning CS0618: 'Object.FindObjectsByType<T>(FindObjectsInactive, FindObjectsSortMode)' is obsolete: 'FindObjectsByType with FindObjectsSortMode parameter has been deprecated. Use FindObjectsByType<T>() or FindObjectsByType<T>(FindObjectsInactive) instead. InstanceID will be replaced in the future with EntityId and previous sort order cannot be maintained.'
Assets/Game/Scripts/Editor/CH05M01CitywideAlertInputProbe.cs(230,120): warning CS0618: 'FindObjectsSortMode' is obsolete: 'FindObjectsSortMode has been deprecated. Use the FindObjectsByType overloads that do not take a FindObjectsSortMode parameter.'
Assets/Game/Scripts/Editor/CH05M01CitywideAlertInputProbe.cs(230,47): warning CS0618: 'Object.FindObjectsByType<T>(FindObjectsInactive, FindObjectsSortMode)' is obsolete: 'FindObjectsByType with FindObjectsSortMode parameter has been deprecated. Use FindObjectsByType<T>() or FindObjectsByType<T>(FindObjectsInactive) instead. InstanceID will be replaced in the future with EntityId and previous sort order cannot be maintained.'
Assets/Game/Scripts/Editor/CH05M01CitywideAlertInputProbe.cs(233,147): warning CS0618: 'FindObjectsSortMode' is obsolete: 'FindObjectsSortMode has been deprecated. Use the FindObjectsByType overloads that do not take a FindObjectsSortMode parameter.'
Assets/Game/Scripts/Editor/CH05M01CitywideAlertInputProbe.cs(233,74): warning CS0618: 'Object.FindObjectsByType<T>(FindObjectsInactive, FindObjectsSortMode)' is obsolete: 'FindObjectsByType with FindObjectsSortMode parameter has been deprecated. Use FindObjectsByType<T>() or FindObjectsByType<T>(FindObjectsInactive) instead. InstanceID will be replaced in the future with EntityId and previous sort order cannot be maintained.'
Assets/Game/Scripts/Editor/CH04M03SplitFrontInputProbe.cs(242,106): warning CS0618: 'FindObjectsSortMode' is obsolete: 'FindObjectsSortMode has been deprecated. Use the FindObjectsByType overloads that do not take a FindObjectsSortMode parameter.'
Assets/Game/Scripts/Editor/CH04M03SplitFrontInputProbe.cs(242,30): warning CS0618: 'Object.FindObjectsByType<T>(FindObjectsInactive, FindObjectsSortMode)' is obsolete: 'FindObjectsByType with FindObjectsSortMode parameter has been deprecated. Use FindObjectsByType<T>() or FindObjectsByType<T>(FindObjectsInactive) instead. InstanceID will be replaced in the future with EntityId and previous sort order cannot be maintained.'
Assets/Game/Scripts/Editor/CH05M02TrustUnderFireInputProbe.cs(255,120): warning CS0618: 'FindObjectsSortMode' is obsolete: 'FindObjectsSortMode has been deprecated. Use the FindObjectsByType overloads that do not take a FindObjectsSortMode parameter.'
Assets/Game/Scripts/Editor/CH05M02TrustUnderFireInputProbe.cs(255,47): warning CS0618: 'Object.FindObjectsByType<T>(FindObjectsInactive, FindObjectsSortMode)' is obsolete: 'FindObjectsByType with FindObjectsSortMode parameter has been deprecated. Use FindObjectsByType<T>() or FindObjectsByType<T>(FindObjectsInactive) instead. InstanceID will be replaced in the future with EntityId and previous sort order cannot be maintained.'
Assets/Game/Scripts/Editor/CH05M02TrustUnderFireInputProbe.cs(258,147): warning CS0618: 'FindObjectsSortMode' is obsolete: 'FindObjectsSortMode has been deprecated. Use the FindObjectsByType overloads that do not take a FindObjectsSortMode parameter.'
Assets/Game/Scripts/Editor/CH05M02TrustUnderFireInputProbe.cs(258,74): warning CS0618: 'Object.FindObjectsByType<T>(FindObjectsInactive, FindObjectsSortMode)' is obsolete: 'FindObjectsByType with FindObjectsSortMode parameter has been deprecated. Use FindObjectsByType<T>() or FindObjectsByType<T>(FindObjectsInactive) instead. InstanceID will be replaced in the future with EntityId and previous sort order cannot be maintained.'
Assets/Game/Scripts/Editor/CH02M05RouteReopenedInputProbe.cs(92,301): warning CS0618: 'FindObjectsSortMode' is obsolete: 'FindObjectsSortMode has been deprecated. Use the FindObjectsByType overloads that do not take a FindObjectsSortMode parameter.'
Assets/Game/Scripts/Editor/CH02M05RouteReopenedInputProbe.cs(92,228): warning CS0618: 'Object.FindObjectsByType<T>(FindObjectsInactive, FindObjectsSortMode)' is obsolete: 'FindObjectsByType with FindObjectsSortMode parameter has been deprecated. Use FindObjectsByType<T>() or FindObjectsByType<T>(FindObjectsInactive) instead. InstanceID will be replaced in the future with EntityId and previous sort order cannot be maintained.'
Assets/Game/Scripts/Editor/CH02M05RouteReopenedInputProbe.cs(97,127): warning CS0618: 'FindObjectsSortMode' is obsolete: 'FindObjectsSortMode has been deprecated. Use the FindObjectsByType overloads that do not take a FindObjectsSortMode parameter.'
Assets/Game/Scripts/Editor/CH02M05RouteReopenedInputProbe.cs(97,38): warning CS0618: 'Object.FindObjectsByType<T>(FindObjectsInactive, FindObjectsSortMode)' is obsolete: 'FindObjectsByType with FindObjectsSortMode parameter has been deprecated. Use FindObjectsByType<T>() or FindObjectsByType<T>(FindObjectsInactive) instead. InstanceID will be replaced in the future with EntityId and previous sort order cannot be maintained.'
Assets/Game/Scripts/Editor/CH05M01CitywideAlertInputProbe.cs(361,129): warning CS0618: 'FindObjectsSortMode' is obsolete: 'FindObjectsSortMode has been deprecated. Use the FindObjectsByType overloads that do not take a FindObjectsSortMode parameter.'
Assets/Game/Scripts/Editor/CH05M01CitywideAlertInputProbe.cs(361,56): warning CS0618: 'Object.FindObjectsByType<T>(FindObjectsInactive, FindObjectsSortMode)' is obsolete: 'FindObjectsByType with FindObjectsSortMode parameter has been deprecated. Use FindObjectsByType<T>() or FindObjectsByType<T>(FindObjectsInactive) instead. InstanceID will be replaced in the future with EntityId and previous sort order cannot be maintained.'
Assets/Game/Scripts/Editor/CH05M02TrustUnderFireInputProbe.cs(342,129): warning CS0618: 'FindObjectsSortMode' is obsolete: 'FindObjectsSortMode has been deprecated. Use the FindObjectsByType overloads that do not take a FindObjectsSortMode parameter.'
Assets/Game/Scripts/Editor/CH05M02TrustUnderFireInputProbe.cs(342,56): warning CS0618: 'Object.FindObjectsByType<T>(FindObjectsInactive, FindObjectsSortMode)' is obsolete: 'FindObjectsByType with FindObjectsSortMode parameter has been deprecated. Use FindObjectsByType<T>() or FindObjectsByType<T>(FindObjectsInactive) instead. InstanceID will be replaced in the future with EntityId and previous sort order cannot be maintained.'
Assets/Game/Scripts/Editor/CH05M03NetworkCollapseInputProbe.cs(238,120): warning CS0618: 'FindObjectsSortMode' is obsolete: 'FindObjectsSortMode has been deprecated. Use the FindObjectsByType overloads that do not take a FindObjectsSortMode parameter.'
Assets/Game/Scripts/Editor/CH05M03NetworkCollapseInputProbe.cs(238,47): warning CS0618: 'Object.FindObjectsByType<T>(FindObjectsInactive, FindObjectsSortMode)' is obsolete: 'FindObjectsByType with FindObjectsSortMode parameter has been deprecated. Use FindObjectsByType<T>() or FindObjectsByType<T>(FindObjectsInactive) instead. InstanceID will be replaced in the future with EntityId and previous sort order cannot be maintained.'
Assets/Game/Scripts/Editor/CH05M03NetworkCollapseInputProbe.cs(241,147): warning CS0618: 'FindObjectsSortMode' is obsolete: 'FindObjectsSortMode has been deprecated. Use the FindObjectsByType overloads that do not take a FindObjectsSortMode parameter.'
Assets/Game/Scripts/Editor/CH05M03NetworkCollapseInputProbe.cs(241,74): warning CS0618: 'Object.FindObjectsByType<T>(FindObjectsInactive, FindObjectsSortMode)' is obsolete: 'FindObjectsByType with FindObjectsSortMode parameter has been deprecated. Use FindObjectsByType<T>() or FindObjectsByType<T>(FindObjectsInactive) instead. InstanceID will be replaced in the future with EntityId and previous sort order cannot be maintained.'
Assets/Game/Scripts/Editor/CH05M03NetworkCollapseInputProbe.cs(304,129): warning CS0618: 'FindObjectsSortMode' is obsolete: 'FindObjectsSortMode has been deprecated. Use the FindObjectsByType overloads that do not take a FindObjectsSortMode parameter.'
Assets/Game/Scripts/Editor/CH05M03NetworkCollapseInputProbe.cs(304,56): warning CS0618: 'Object.FindObjectsByType<T>(FindObjectsInactive, FindObjectsSortMode)' is obsolete: 'FindObjectsByType with FindObjectsSortMode parameter has been deprecated. Use FindObjectsByType<T>() or FindObjectsByType<T>(FindObjectsInactive) instead. InstanceID will be replaced in the future with EntityId and previous sort order cannot be maintained.'
Assets/Game/Scripts/Editor/CH05M04LastCorridorInputProbe.cs(263,120): warning CS0618: 'FindObjectsSortMode' is obsolete: 'FindObjectsSortMode has been deprecated. Use the FindObjectsByType overloads that do not take a FindObjectsSortMode parameter.'
Assets/Game/Scripts/Editor/CH05M04LastCorridorInputProbe.cs(263,47): warning CS0618: 'Object.FindObjectsByType<T>(FindObjectsInactive, FindObjectsSortMode)' is obsolete: 'FindObjectsByType with FindObjectsSortMode parameter has been deprecated. Use FindObjectsByType<T>() or FindObjectsByType<T>(FindObjectsInactive) instead. InstanceID will be replaced in the future with EntityId and previous sort order cannot be maintained.'
Assets/Game/Scripts/Editor/CH05M04LastCorridorInputProbe.cs(266,147): warning CS0618: 'FindObjectsSortMode' is obsolete: 'FindObjectsSortMode has been deprecated. Use the FindObjectsByType overloads that do not take a FindObjectsSortMode parameter.'
Assets/Game/Scripts/Editor/CH05M04LastCorridorInputProbe.cs(266,74): warning CS0618: 'Object.FindObjectsByType<T>(FindObjectsInactive, FindObjectsSortMode)' is obsolete: 'FindObjectsByType with FindObjectsSortMode parameter has been deprecated. Use FindObjectsByType<T>() or FindObjectsByType<T>(FindObjectsInactive) instead. InstanceID will be replaced in the future with EntityId and previous sort order cannot be maintained.'
Assets/Game/Scripts/Editor/CH05M02TrustUnderFireInputProbe.cs(436,126): warning CS0618: 'FindObjectsSortMode' is obsolete: 'FindObjectsSortMode has been deprecated. Use the FindObjectsByType overloads that do not take a FindObjectsSortMode parameter.'
Assets/Game/Scripts/Editor/CH05M02TrustUnderFireInputProbe.cs(436,38): warning CS0618: 'Object.FindObjectsByType<T>(FindObjectsInactive, FindObjectsSortMode)' is obsolete: 'FindObjectsByType with FindObjectsSortMode parameter has been deprecated. Use FindObjectsByType<T>() or FindObjectsByType<T>(FindObjectsInactive) instead. InstanceID will be replaced in the future with EntityId and previous sort order cannot be maintained.'
Assets/Game/Scripts/Editor/CH05M05CommandNodeInputProbe.cs(243,131): warning CS0618: 'FindObjectsSortMode' is obsolete: 'FindObjectsSortMode has been deprecated. Use the FindObjectsByType overloads that do not take a FindObjectsSortMode parameter.'
Assets/Game/Scripts/Editor/CH05M05CommandNodeInputProbe.cs(243,42): warning CS0618: 'Object.FindObjectsByType<T>(FindObjectsInactive, FindObjectsSortMode)' is obsolete: 'FindObjectsByType with FindObjectsSortMode parameter has been deprecated. Use FindObjectsByType<T>() or FindObjectsByType<T>(FindObjectsInactive) instead. InstanceID will be replaced in the future with EntityId and previous sort order cannot be maintained.'
Assets/Game/Scripts/Editor/CH05M05CommandNodeInputProbe.cs(249,120): warning CS0618: 'FindObjectsSortMode' is obsolete: 'FindObjectsSortMode has been deprecated. Use the FindObjectsByType overloads that do not take a FindObjectsSortMode parameter.'
Assets/Game/Scripts/Editor/CH05M05CommandNodeInputProbe.cs(249,47): warning CS0618: 'Object.FindObjectsByType<T>(FindObjectsInactive, FindObjectsSortMode)' is obsolete: 'FindObjectsByType with FindObjectsSortMode parameter has been deprecated. Use FindObjectsByType<T>() or FindObjectsByType<T>(FindObjectsInactive) instead. InstanceID will be replaced in the future with EntityId and previous sort order cannot be maintained.'
Assets/Game/Scripts/Editor/CH05M05CommandNodeInputProbe.cs(252,147): warning CS0618: 'FindObjectsSortMode' is obsolete: 'FindObjectsSortMode has been deprecated. Use the FindObjectsByType overloads that do not take a FindObjectsSortMode parameter.'
Assets/Game/Scripts/Editor/CH05M05CommandNodeInputProbe.cs(252,74): warning CS0618: 'Object.FindObjectsByType<T>(FindObjectsInactive, FindObjectsSortMode)' is obsolete: 'FindObjectsByType with FindObjectsSortMode parameter has been deprecated. Use FindObjectsByType<T>() or FindObjectsByType<T>(FindObjectsInactive) instead. InstanceID will be replaced in the future with EntityId and previous sort order cannot be maintained.'
Assets/Game/Scripts/Editor/CH05M04LastCorridorInputProbe.cs(330,129): warning CS0618: 'FindObjectsSortMode' is obsolete: 'FindObjectsSortMode has been deprecated. Use the FindObjectsByType overloads that do not take a FindObjectsSortMode parameter.'
Assets/Game/Scripts/Editor/CH05M04LastCorridorInputProbe.cs(330,56): warning CS0618: 'Object.FindObjectsByType<T>(FindObjectsInactive, FindObjectsSortMode)' is obsolete: 'FindObjectsByType with FindObjectsSortMode parameter has been deprecated. Use FindObjectsByType<T>() or FindObjectsByType<T>(FindObjectsInactive) instead. InstanceID will be replaced in the future with EntityId and previous sort order cannot be maintained.'
Assets/Game/Scripts/Editor/CH05M05CommandNodeInputProbe.cs(315,129): warning CS0618: 'FindObjectsSortMode' is obsolete: 'FindObjectsSortMode has been deprecated. Use the FindObjectsByType overloads that do not take a FindObjectsSortMode parameter.'
Assets/Game/Scripts/Editor/CH05M05CommandNodeInputProbe.cs(315,56): warning CS0618: 'Object.FindObjectsByType<T>(FindObjectsInactive, FindObjectsSortMode)' is obsolete: 'FindObjectsByType with FindObjectsSortMode parameter has been deprecated. Use FindObjectsByType<T>() or FindObjectsByType<T>(FindObjectsInactive) instead. InstanceID will be replaced in the future with EntityId and previous sort order cannot be maintained.'
Assets/Game/Scripts/Editor/CampaignTutorialEntryEditorProbe.Presentation.cs(20,86): warning CS0618: 'FindObjectsSortMode' is obsolete: 'FindObjectsSortMode has been deprecated. Use the FindObjectsByType overloads that do not take a FindObjectsSortMode parameter.'
Assets/Game/Scripts/Editor/CampaignTutorialEntryEditorProbe.Presentation.cs(20,36): warning CS0618: 'Object.FindObjectsByType<T>(FindObjectsSortMode)' is obsolete: 'FindObjectsByType with FindObjectsSortMode parameter has been deprecated. Use FindObjectsByType<T>() or FindObjectsByType<T>(FindObjectsInactive) instead. InstanceID will be replaced in the future with EntityId and previous sort order cannot be maintained.'
Assets/Game/Scripts/Editor/CampaignTutorialEntryEditorProbe.Recovery.cs(74,74): warning CS0618: 'FindObjectsSortMode' is obsolete: 'FindObjectsSortMode has been deprecated. Use the FindObjectsByType overloads that do not take a FindObjectsSortMode parameter.'
Assets/Game/Scripts/Editor/CampaignTutorialEntryEditorProbe.Recovery.cs(74,29): warning CS0618: 'Object.FindObjectsByType<T>(FindObjectsSortMode)' is obsolete: 'FindObjectsByType with FindObjectsSortMode parameter has been deprecated. Use FindObjectsByType<T>() or FindObjectsByType<T>(FindObjectsInactive) instead. InstanceID will be replaced in the future with EntityId and previous sort order cannot be maintained.'
Assets/Game/Scripts/Editor/CampaignTutorialEntryEditorProbe.Recovery.cs(114,83): warning CS0618: 'FindObjectsSortMode' is obsolete: 'FindObjectsSortMode has been deprecated. Use the FindObjectsByType overloads that do not take a FindObjectsSortMode parameter.'
Assets/Game/Scripts/Editor/CampaignTutorialEntryEditorProbe.Recovery.cs(114,38): warning CS0618: 'Object.FindObjectsByType<T>(FindObjectsSortMode)' is obsolete: 'FindObjectsByType with FindObjectsSortMode parameter has been deprecated. Use FindObjectsByType<T>() or FindObjectsByType<T>(FindObjectsInactive) instead. InstanceID will be replaced in the future with EntityId and previous sort order cannot be maintained.'
Assets/Game/Scripts/Editor/Skirmish/SkirmishS002AriaRunHarness.HelipadProbe.cs(51,111): warning CS0618: 'FindObjectsSortMode' is obsolete: 'FindObjectsSortMode has been deprecated. Use the FindObjectsByType overloads that do not take a FindObjectsSortMode parameter.'
Assets/Game/Scripts/Editor/Skirmish/SkirmishS002AriaRunHarness.HelipadProbe.cs(51,34): warning CS0618: 'Object.FindObjectsByType<T>(FindObjectsInactive, FindObjectsSortMode)' is obsolete: 'FindObjectsByType with FindObjectsSortMode parameter has been deprecated. Use FindObjectsByType<T>() or FindObjectsByType<T>(FindObjectsInactive) instead. InstanceID will be replaced in the future with EntityId and previous sort order cannot be maintained.'
Assets/Game/Scripts/Editor/Skirmish/SkirmishS002AriaRunHarness.HelipadProbe.cs(168,115): warning CS0618: 'FindObjectsSortMode' is obsolete: 'FindObjectsSortMode has been deprecated. Use the FindObjectsByType overloads that do not take a FindObjectsSortMode parameter.'
Assets/Game/Scripts/Editor/Skirmish/SkirmishS002AriaRunHarness.HelipadProbe.cs(168,38): warning CS0618: 'Object.FindObjectsByType<T>(FindObjectsInactive, FindObjectsSortMode)' is obsolete: 'FindObjectsByType with FindObjectsSortMode parameter has been deprecated. Use FindObjectsByType<T>() or FindObjectsByType<T>(FindObjectsInactive) instead. InstanceID will be replaced in the future with EntityId and previous sort order cannot be maintained.'
Assets/Game/Scripts/Editor/SettingsPopupPrefabBuilder.cs(896,13): warning CS0618: 'TMP_Text.enableWordWrapping' is obsolete: 'The enabledWordWrapping property is now obsolete. Please use the textWrappingMode property instead.'
Assets/Game/Scripts/Editor/Skirmish/SkirmishS002AriaRunHarness.cs(214,128): warning CS0618: 'FindObjectsSortMode' is obsolete: 'FindObjectsSortMode has been deprecated. Use the FindObjectsByType overloads that do not take a FindObjectsSortMode parameter.'
Assets/Game/Scripts/Editor/Skirmish/SkirmishS002AriaRunHarness.cs(214,41): warning CS0618: 'Object.FindObjectsByType<T>(FindObjectsInactive, FindObjectsSortMode)' is obsolete: 'FindObjectsByType with FindObjectsSortMode parameter has been deprecated. Use FindObjectsByType<T>() or FindObjectsByType<T>(FindObjectsInactive) instead. InstanceID will be replaced in the future with EntityId and previous sort order cannot be maintained.'
Assets/Game/Scripts/Editor/Skirmish/SkirmishS002AriaRunHarness.cs(478,91): warning CS0618: 'FindObjectsSortMode' is obsolete: 'FindObjectsSortMode has been deprecated. Use the FindObjectsByType overloads that do not take a FindObjectsSortMode parameter.'
Assets/Game/Scripts/Editor/Skirmish/SkirmishS002AriaRunHarness.cs(478,38): warning CS0618: 'Object.FindObjectsByType<T>(FindObjectsSortMode)' is obsolete: 'FindObjectsByType with FindObjectsSortMode parameter has been deprecated. Use FindObjectsByType<T>() or FindObjectsByType<T>(FindObjectsInactive) instead. InstanceID will be replaced in the future with EntityId and previous sort order cannot be maintained.'
Assets/Game/Scripts/Editor/OperationsReconLaunchSmokeValidation.cs(303,118): warning CS0618: 'FindObjectsSortMode' is obsolete: 'FindObjectsSortMode has been deprecated. Use the FindObjectsByType overloads that do not take a FindObjectsSortMode parameter.'
Assets/Game/Scripts/Editor/OperationsReconLaunchSmokeValidation.cs(303,44): warning CS0618: 'Object.FindObjectsByType<T>(FindObjectsInactive, FindObjectsSortMode)' is obsolete: 'FindObjectsByType with FindObjectsSortMode parameter has been deprecated. Use FindObjectsByType<T>() or FindObjectsByType<T>(FindObjectsInactive) instead. InstanceID will be replaced in the future with EntityId and previous sort order cannot be maintained.'
Assets/Game/Scripts/Editor/OperationsReconLaunchSmokeValidation.cs(349,145): warning CS0618: 'FindObjectsSortMode' is obsolete: 'FindObjectsSortMode has been deprecated. Use the FindObjectsByType overloads that do not take a FindObjectsSortMode parameter.'
Assets/Game/Scripts/Editor/OperationsReconLaunchSmokeValidation.cs(349,50): warning CS0618: 'Object.FindObjectsByType<T>(FindObjectsInactive, FindObjectsSortMode)' is obsolete: 'FindObjectsByType with FindObjectsSortMode parameter has been deprecated. Use FindObjectsByType<T>() or FindObjectsByType<T>(FindObjectsInactive) instead. InstanceID will be replaced in the future with EntityId and previous sort order cannot be maintained.'
Assets/Game/Scripts/Editor/OperationsReconLaunchSmokeValidation.cs(397,135): warning CS0618: 'FindObjectsSortMode' is obsolete: 'FindObjectsSortMode has been deprecated. Use the FindObjectsByType overloads that do not take a FindObjectsSortMode parameter.'
Assets/Game/Scripts/Editor/OperationsReconLaunchSmokeValidation.cs(397,40): warning CS0618: 'Object.FindObjectsByType<T>(FindObjectsInactive, FindObjectsSortMode)' is obsolete: 'FindObjectsByType with FindObjectsSortMode parameter has been deprecated. Use FindObjectsByType<T>() or FindObjectsByType<T>(FindObjectsInactive) instead. InstanceID will be replaced in the future with EntityId and previous sort order cannot be maintained.'
Assets/Game/Scripts/Editor/OperationsReconLaunchSmokeValidation.cs(456,140): warning CS0618: 'FindObjectsSortMode' is obsolete: 'FindObjectsSortMode has been deprecated. Use the FindObjectsByType overloads that do not take a FindObjectsSortMode parameter.'
Assets/Game/Scripts/Editor/OperationsReconLaunchSmokeValidation.cs(456,45): warning CS0618: 'Object.FindObjectsByType<T>(FindObjectsInactive, FindObjectsSortMode)' is obsolete: 'FindObjectsByType with FindObjectsSortMode parameter has been deprecated. Use FindObjectsByType<T>() or FindObjectsByType<T>(FindObjectsInactive) instead. InstanceID will be replaced in the future with EntityId and previous sort order cannot be maintained.'
Assets/Game/Scripts/Editor/OperationsReconLaunchSmokeValidation.cs(551,142): warning CS0618: 'FindObjectsSortMode' is obsolete: 'FindObjectsSortMode has been deprecated. Use the FindObjectsByType overloads that do not take a FindObjectsSortMode parameter.'
Assets/Game/Scripts/Editor/OperationsReconLaunchSmokeValidation.cs(551,47): warning CS0618: 'Object.FindObjectsByType<T>(FindObjectsInactive, FindObjectsSortMode)' is obsolete: 'FindObjectsByType with FindObjectsSortMode parameter has been deprecated. Use FindObjectsByType<T>() or FindObjectsByType<T>(FindObjectsInactive) instead. InstanceID will be replaced in the future with EntityId and previous sort order cannot be maintained.'
Assets/Game/Scripts/Editor/OperationsReconLaunchSmokeValidation.cs(887,137): warning CS0618: 'FindObjectsSortMode' is obsolete: 'FindObjectsSortMode has been deprecated. Use the FindObjectsByType overloads that do not take a FindObjectsSortMode parameter.'
Assets/Game/Scripts/Editor/OperationsReconLaunchSmokeValidation.cs(887,42): warning CS0618: 'Object.FindObjectsByType<T>(FindObjectsInactive, FindObjectsSortMode)' is obsolete: 'FindObjectsByType with FindObjectsSortMode parameter has been deprecated. Use FindObjectsByType<T>() or FindObjectsByType<T>(FindObjectsInactive) instead. InstanceID will be replaced in the future with EntityId and previous sort order cannot be maintained.'
Assets/Game/Scripts/Editor/OperationMapRenderInfrastructureEligibilityPolicy.cs(75,68): warning CS0618: 'Projector' is obsolete: 'Projector component is deprecated now that the Built-In Render Pipeline is deprecated. To use an alternative, refer to the documentation in the component help icon. #from(6000.5)'
Assets/Game/Scripts/Editor/OperationsReconLaunchSmokeValidation.cs(898,129): warning CS0618: 'FindObjectsSortMode' is obsolete: 'FindObjectsSortMode has been deprecated. Use the FindObjectsByType overloads that do not take a FindObjectsSortMode parameter.'
Assets/Game/Scripts/Editor/OperationsReconLaunchSmokeValidation.cs(898,34): warning CS0618: 'Object.FindObjectsByType<T>(FindObjectsInactive, FindObjectsSortMode)' is obsolete: 'FindObjectsByType with FindObjectsSortMode parameter has been deprecated. Use FindObjectsByType<T>() or FindObjectsByType<T>(FindObjectsInactive) instead. InstanceID will be replaced in the future with EntityId and previous sort order cannot be maintained.'
Assets/Game/Scripts/Editor/OperationsReconLaunchSmokeValidation.cs(915,133): warning CS0618: 'FindObjectsSortMode' is obsolete: 'FindObjectsSortMode has been deprecated. Use the FindObjectsByType overloads that do not take a FindObjectsSortMode parameter.'
Assets/Game/Scripts/Editor/OperationsReconLaunchSmokeValidation.cs(915,38): warning CS0618: 'Object.FindObjectsByType<T>(FindObjectsInactive, FindObjectsSortMode)' is obsolete: 'FindObjectsByType with FindObjectsSortMode parameter has been deprecated. Use FindObjectsByType<T>() or FindObjectsByType<T>(FindObjectsInactive) instead. InstanceID will be replaced in the future with EntityId and previous sort order cannot be maintained.'
Assets/Game/Scripts/Editor/OperationsReconLaunchSmokeValidation.cs(920,110): warning CS0618: 'FindObjectsSortMode' is obsolete: 'FindObjectsSortMode has been deprecated. Use the FindObjectsByType overloads that do not take a FindObjectsSortMode parameter.'
Assets/Game/Scripts/Editor/OperationsReconLaunchSmokeValidation.cs(920,36): warning CS0618: 'Object.FindObjectsByType<T>(FindObjectsInactive, FindObjectsSortMode)' is obsolete: 'FindObjectsByType with FindObjectsSortMode parameter has been deprecated. Use FindObjectsByType<T>() or FindObjectsByType<T>(FindObjectsInactive) instead. InstanceID will be replaced in the future with EntityId and previous sort order cannot be maintained.'
Assets/Game/Scripts/Editor/MissionTowerFireEditorProbe.cs(167,86): warning CS0618: 'FindObjectsSortMode' is obsolete: 'FindObjectsSortMode has been deprecated. Use the FindObjectsByType overloads that do not take a FindObjectsSortMode parameter.'
Assets/Game/Scripts/Editor/MissionTowerFireEditorProbe.cs(167,36): warning CS0618: 'Object.FindObjectsByType<T>(FindObjectsSortMode)' is obsolete: 'FindObjectsByType with FindObjectsSortMode parameter has been deprecated. Use FindObjectsByType<T>() or FindObjectsByType<T>(FindObjectsInactive) instead. InstanceID will be replaced in the future with EntityId and previous sort order cannot be maintained.'
Assets/Game/Scripts/Editor/MenuUiAuditCapture.cs(147,81): warning CS0618: 'FindObjectsSortMode' is obsolete: 'FindObjectsSortMode has been deprecated. Use the FindObjectsByType overloads that do not take a FindObjectsSortMode parameter.'
Assets/Game/Scripts/Editor/MenuUiAuditCapture.cs(147,34): warning CS0618: 'Object.FindObjectsByType<T>(FindObjectsSortMode)' is obsolete: 'FindObjectsByType with FindObjectsSortMode parameter has been deprecated. Use FindObjectsByType<T>() or FindObjectsByType<T>(FindObjectsInactive) instead. InstanceID will be replaced in the future with EntityId and previous sort order cannot be maintained.'
Assets/Game/Scripts/Editor/MenuUiAuditCapture.cs(162,81): warning CS0618: 'FindObjectsSortMode' is obsolete: 'FindObjectsSortMode has been deprecated. Use the FindObjectsByType overloads that do not take a FindObjectsSortMode parameter.'
Assets/Game/Scripts/Editor/MenuUiAuditCapture.cs(162,36): warning CS0618: 'Object.FindObjectsByType<T>(FindObjectsSortMode)' is obsolete: 'FindObjectsByType with FindObjectsSortMode parameter has been deprecated. Use FindObjectsByType<T>() or FindObjectsByType<T>(FindObjectsInactive) instead. InstanceID will be replaced in the future with EntityId and previous sort order cannot be maintained.'
Assets/Game/Scripts/Editor/M03RadarWarningMediaImporter.cs(40,47): warning CS0618: 'TextureImporter.spritesheet' is obsolete: 'Support for accessing sprite meta data through spritesheet has been removed. Please use the UnityEditor.U2D.Sprites.ISpriteEditorDataProvider interface instead.'
Assets/Game/Scripts/Editor/M04AirliftMediaImporter.cs(47,47): warning CS0618: 'TextureImporter.spritesheet' is obsolete: 'Support for accessing sprite meta data through spritesheet has been removed. Please use the UnityEditor.U2D.Sprites.ISpriteEditorDataProvider interface instead.'
Assets/Game/Scripts/Editor/M04AirliftEditorProbe.MobileActions.cs(47,107): warning CS0618: 'FindObjectsSortMode' is obsolete: 'FindObjectsSortMode has been deprecated. Use the FindObjectsByType overloads that do not take a FindObjectsSortMode parameter.'
Assets/Game/Scripts/Editor/M04AirliftEditorProbe.MobileActions.cs(47,42): warning CS0618: 'Object.FindObjectsByType<T>(FindObjectsSortMode)' is obsolete: 'FindObjectsByType with FindObjectsSortMode parameter has been deprecated. Use FindObjectsByType<T>() or FindObjectsByType<T>(FindObjectsInactive) instead. InstanceID will be replaced in the future with EntityId and previous sort order cannot be maintained.'
Assets/Game/Scripts/Editor/M04AirliftEditorProbe.MobileActions.cs(56,103): warning CS0618: 'FindObjectsSortMode' is obsolete: 'FindObjectsSortMode has been deprecated. Use the FindObjectsByType overloads that do not take a FindObjectsSortMode parameter.'
Assets/Game/Scripts/Editor/M04AirliftEditorProbe.MobileActions.cs(56,38): warning CS0618: 'Object.FindObjectsByType<T>(FindObjectsSortMode)' is obsolete: 'FindObjectsByType with FindObjectsSortMode parameter has been deprecated. Use FindObjectsByType<T>() or FindObjectsByType<T>(FindObjectsInactive) instead. InstanceID will be replaced in the future with EntityId and previous sort order cannot be maintained.'
Assets/Game/Scripts/Editor/M01ComicVoicePlaybackProbe.cs(50,78): warning CS0618: 'FindObjectsSortMode' is obsolete: 'FindObjectsSortMode has been deprecated. Use the FindObjectsByType overloads that do not take a FindObjectsSortMode parameter.'
Assets/Game/Scripts/Editor/M01ComicVoicePlaybackProbe.cs(50,26): warning CS0618: 'Object.FindObjectsByType<T>(FindObjectsSortMode)' is obsolete: 'FindObjectsByType with FindObjectsSortMode parameter has been deprecated. Use FindObjectsByType<T>() or FindObjectsByType<T>(FindObjectsInactive) instead. InstanceID will be replaced in the future with EntityId and previous sort order cannot be maintained.'
Assets/Game/Scripts/Editor/M04AirliftAirfieldInputProbe.cs(122,146): warning CS0618: 'FindObjectsSortMode' is obsolete: 'FindObjectsSortMode has been deprecated. Use the FindObjectsByType overloads that do not take a FindObjectsSortMode parameter.'
Assets/Game/Scripts/Editor/M04AirliftAirfieldInputProbe.cs(122,73): warning CS0618: 'Object.FindObjectsByType<T>(FindObjectsInactive, FindObjectsSortMode)' is obsolete: 'FindObjectsByType with FindObjectsSortMode parameter has been deprecated. Use FindObjectsByType<T>() or FindObjectsByType<T>(FindObjectsInactive) instead. InstanceID will be replaced in the future with EntityId and previous sort order cannot be maintained.'
Assets/Game/Scripts/Editor/M04AirliftAirfieldInputProbe.cs(138,88): warning CS0618: 'FindObjectsSortMode' is obsolete: 'FindObjectsSortMode has been deprecated. Use the FindObjectsByType overloads that do not take a FindObjectsSortMode parameter.'
Assets/Game/Scripts/Editor/M04AirliftAirfieldInputProbe.cs(138,25): warning CS0618: 'Object.FindObjectsByType<T>(FindObjectsSortMode)' is obsolete: 'FindObjectsByType with FindObjectsSortMode parameter has been deprecated. Use FindObjectsByType<T>() or FindObjectsByType<T>(FindObjectsInactive) instead. InstanceID will be replaced in the future with EntityId and previous sort order cannot be maintained.'
Assets/Game/Scripts/Editor/M04AirliftAirfieldInputProbe.cs(217,121): warning CS0618: 'FindObjectsSortMode' is obsolete: 'FindObjectsSortMode has been deprecated. Use the FindObjectsByType overloads that do not take a FindObjectsSortMode parameter.'
Assets/Game/Scripts/Editor/M04AirliftAirfieldInputProbe.cs(217,56): warning CS0618: 'Object.FindObjectsByType<T>(FindObjectsSortMode)' is obsolete: 'FindObjectsByType with FindObjectsSortMode parameter has been deprecated. Use FindObjectsByType<T>() or FindObjectsByType<T>(FindObjectsInactive) instead. InstanceID will be replaced in the future with EntityId and previous sort order cannot be maintained.'
Assets/Game/Scripts/Editor/M04AirliftEditorProbe.PlayerGuidance.cs(141,96): warning CS0618: 'FindObjectsSortMode' is obsolete: 'FindObjectsSortMode has been deprecated. Use the FindObjectsByType overloads that do not take a FindObjectsSortMode parameter.'
Assets/Game/Scripts/Editor/M04AirliftEditorProbe.PlayerGuidance.cs(141,31): warning CS0618: 'Object.FindObjectsByType<T>(FindObjectsSortMode)' is obsolete: 'FindObjectsByType with FindObjectsSortMode parameter has been deprecated. Use FindObjectsByType<T>() or FindObjectsByType<T>(FindObjectsInactive) instead. InstanceID will be replaced in the future with EntityId and previous sort order cannot be maintained.'
Assets/Game/Scripts/Editor/M04AirliftEditorProbe.PlayerGuidance.cs(153,108): warning CS0618: 'FindObjectsSortMode' is obsolete: 'FindObjectsSortMode has been deprecated. Use the FindObjectsByType overloads that do not take a FindObjectsSortMode parameter.'
Assets/Game/Scripts/Editor/M04AirliftEditorProbe.PlayerGuidance.cs(153,41): warning CS0618: 'Object.FindObjectsByType<T>(FindObjectsSortMode)' is obsolete: 'FindObjectsByType with FindObjectsSortMode parameter has been deprecated. Use FindObjectsByType<T>() or FindObjectsByType<T>(FindObjectsInactive) instead. InstanceID will be replaced in the future with EntityId and previous sort order cannot be maintained.'
Assets/Game/Scripts/Editor/HudButtonIconNativeValidation.cs(159,89): warning CS0618: 'FindObjectsSortMode' is obsolete: 'FindObjectsSortMode has been deprecated. Use the FindObjectsByType overloads that do not take a FindObjectsSortMode parameter.'
Assets/Game/Scripts/Editor/HudButtonIconNativeValidation.cs(159,33): warning CS0618: 'Object.FindObjectsByType<T>(FindObjectsSortMode)' is obsolete: 'FindObjectsByType with FindObjectsSortMode parameter has been deprecated. Use FindObjectsByType<T>() or FindObjectsByType<T>(FindObjectsInactive) instead. InstanceID will be replaced in the future with EntityId and previous sort order cannot be maintained.'
Assets/Game/Scripts/Editor/M03RadarWarningEditorLaunchProbe.Guidance.cs(171,69): warning CS0618: 'FindObjectsSortMode' is obsolete: 'FindObjectsSortMode has been deprecated. Use the FindObjectsByType overloads that do not take a FindObjectsSortMode parameter.'
Assets/Game/Scripts/Editor/M03RadarWarningEditorLaunchProbe.Guidance.cs(171,24): warning CS0618: 'Object.FindObjectsByType<T>(FindObjectsSortMode)' is obsolete: 'FindObjectsByType with FindObjectsSortMode parameter has been deprecated. Use FindObjectsByType<T>() or FindObjectsByType<T>(FindObjectsInactive) instead. InstanceID will be replaced in the future with EntityId and previous sort order cannot be maintained.'
Assets/Game/Scripts/Editor/M03RadarWarningEditorLaunchProbe.Guidance.cs(227,108): warning CS0618: 'FindObjectsSortMode' is obsolete: 'FindObjectsSortMode has been deprecated. Use the FindObjectsByType overloads that do not take a FindObjectsSortMode parameter.'
Assets/Game/Scripts/Editor/M03RadarWarningEditorLaunchProbe.Guidance.cs(227,35): warning CS0618: 'Object.FindObjectsByType<T>(FindObjectsInactive, FindObjectsSortMode)' is obsolete: 'FindObjectsByType with FindObjectsSortMode parameter has been deprecated. Use FindObjectsByType<T>() or FindObjectsByType<T>(FindObjectsInactive) instead. InstanceID will be replaced in the future with EntityId and previous sort order cannot be maintained.'
Assets/Game/Scripts/Editor/M03RadarWarningEditorLaunchProbe.Indicator.cs(93,112): warning CS0618: 'FindObjectsSortMode' is obsolete: 'FindObjectsSortMode has been deprecated. Use the FindObjectsByType overloads that do not take a FindObjectsSortMode parameter.'
Assets/Game/Scripts/Editor/M03RadarWarningEditorLaunchProbe.Indicator.cs(93,39): warning CS0618: 'Object.FindObjectsByType<T>(FindObjectsInactive, FindObjectsSortMode)' is obsolete: 'FindObjectsByType with FindObjectsSortMode parameter has been deprecated. Use FindObjectsByType<T>() or FindObjectsByType<T>(FindObjectsInactive) instead. InstanceID will be replaced in the future with EntityId and previous sort order cannot be maintained.'
Assets/Game/Scripts/Editor/M03RadarWarningEditorLaunchProbe.PlacementIndicator.cs(59,122): warning CS0618: 'FindObjectsSortMode' is obsolete: 'FindObjectsSortMode has been deprecated. Use the FindObjectsByType overloads that do not take a FindObjectsSortMode parameter.'
Assets/Game/Scripts/Editor/M03RadarWarningEditorLaunchProbe.PlacementIndicator.cs(59,36): warning CS0618: 'Object.FindObjectsByType<T>(FindObjectsInactive, FindObjectsSortMode)' is obsolete: 'FindObjectsByType with FindObjectsSortMode parameter has been deprecated. Use FindObjectsByType<T>() or FindObjectsByType<T>(FindObjectsInactive) instead. InstanceID will be replaced in the future with EntityId and previous sort order cannot be maintained.'
Assets/Game/Scripts/Editor/M03RadarWarningEditorLaunchProbe.PlacementIndicator.cs(62,111): warning CS0618: 'FindObjectsSortMode' is obsolete: 'FindObjectsSortMode has been deprecated. Use the FindObjectsByType overloads that do not take a FindObjectsSortMode parameter.'
Assets/Game/Scripts/Editor/M03RadarWarningEditorLaunchProbe.PlacementIndicator.cs(62,38): warning CS0618: 'Object.FindObjectsByType<T>(FindObjectsInactive, FindObjectsSortMode)' is obsolete: 'FindObjectsByType with FindObjectsSortMode parameter has been deprecated. Use FindObjectsByType<T>() or FindObjectsByType<T>(FindObjectsInactive) instead. InstanceID will be replaced in the future with EntityId and previous sort order cannot be maintained.'
Assets/Game/Scripts/Editor/CH05M01CitywideAlertInputProbe.cs(30,95): warning CS0414: The field 'CH05M01CitywideAlertInputProbe.closeChecked' is assigned but its value is never used
Assets/Game/Scripts/Editor/CH05M02TrustUnderFireInputProbe.cs(30,95): warning CS0414: The field 'CH05M02TrustUnderFireInputProbe.closeChecked' is assigned but its value is never used
Assets/Game/Scripts/Editor/CH05M03NetworkCollapseRulesValidation.cs(43,13): warning EA0002: You should only construct new CampaignMissionDefinitionBlob
AssetDatabase: script compilation time: 33.734430s
Total cache size 267784022
Total cache size after purge 267784022, took 00:00:00.4673224
Begin MonoManager ReloadAssembly
Symbol file LoadedFromMemory is not a mono symbol file
Assembly reference Packages/com.unity.entities/Unity.Scenes.Editor/Internals/Properties/Unity.Properties.Internals.asmref has no target assembly definition
Refreshing native plugins compatible for Editor in 3.49 ms, found 3 plugins.
Native extension for Android target not found
Native extension for OSXStandalone target not found
TypeManager.Initialize took: 470ms
The assembly Game.Authoring is using the BakingVersion attribute. But the following Baker/Baking systems/EntitySceneOptimizations systems are missing the attribute:
Game.Authoring.SupportAbilityCatalogAuthoring+SupportBaker.

Updating these bakers/systems won't trigger a scene import automatically. Please add a BakingVersion attribute on them and update their version number everytime you want them to be rerun before an import. 
Or don't use the attribute at all in their assembly to trigger scene import automatically after each changes in the assembly.
UnityEngine.Debug:ExtractStackTraceNoAlloc (byte*,int,string)
UnityEngine.StackTraceUtility:ExtractStackTrace () (at /Users/bokken/build/output/unity/unity/Runtime/Export/Scripting/StackTrace.cs:35)
UnityEngine.DebugLogHandler:Internal_Log (UnityEngine.LogType,UnityEngine.LogOption,string,UnityEngine.Object)
UnityEngine.DebugLogHandler:LogFormat (UnityEngine.LogType,UnityEngine.Object,string,object[])
UnityEngine.Logger:Log (UnityEngine.LogType,object)
UnityEngine.Debug:LogWarning (object)
Unity.Debug:LogWarning (object) (at ./Library/PackageCache/com.unity.entities@bab66ffaba49/Unity.Entities/Stubs/Unity/Debug.cs:13)
Unity.Scenes.Editor.TypeDependencyCache:PrintMissingBakingVersionAttributesWarning (System.Collections.Generic.Dictionary`2<string, System.Collections.Generic.List`1<System.Type>>) (at ./Library/PackageCache/com.unity.entities@bab66ffaba49/Unity.Scenes.Editor/TypeDependencyCache.cs:305)
Unity.Scenes.Editor.TypeDependencyCache:RegisterBakingAssemblies () (at ./Library/PackageCache/com.unity.entities@bab66ffaba49/Unity.Scenes.Editor/TypeDependencyCache.cs:284)
Unity.Scenes.Editor.TypeDependencyCache:.cctor () (at ./Library/PackageCache/com.unity.entities@bab66ffaba49/Unity.Scenes.Editor/TypeDependencyCache.cs:61)
System.Runtime.CompilerServices.RuntimeHelpers:RunClassConstructor (System.RuntimeTypeHandle)
UnityEditor.EditorAssemblies:ProcessInitializeOnLoadAttributes (System.ReadOnlySpan`1<intptr>) (at /Users/bokken/build/output/unity/unity/Editor/Mono/EditorAssemblies.cs:155)

(Filename: ./Library/PackageCache/com.unity.entities@bab66ffaba49/Unity.Entities/Stubs/Unity/Debug.cs Line: 13)

Refreshing native plugins compatible for Editor in 2.03 ms, found 3 plugins.
Start HTTP server: port:7800
[MODES] ModeService[none].Initialize
[MODES] ModeService[none].LoadModes
[MODES] Loading mode Default (0) for mode-current-id-WarlineCapture
[Licensing::Client] Error: Code 404 while processing request (status: Found 0 entitlement groups and 0 free entitlements matching requested entitlement ids)
[McpToolRegistry] Discovered 20 MCP tools
UnityEngine.Debug:ExtractStackTraceNoAlloc (byte*,int,string)
UnityEngine.StackTraceUtility:ExtractStackTrace () (at /Users/bokken/build/output/unity/unity/Runtime/Export/Scripting/StackTrace.cs:35)
UnityEngine.DebugLogHandler:Internal_Log (UnityEngine.LogType,UnityEngine.LogOption,string,UnityEngine.Object)
UnityEngine.DebugLogHandler:LogFormat (UnityEngine.LogType,UnityEngine.Object,string,object[])
UnityEngine.Logger:Log (UnityEngine.LogType,object)
UnityEngine.Debug:Log (object)
Unity.AI.Tracing.ConsoleSink:LogToConsole (string,string,System.Exception) (at ./Library/PackageCache/com.unity.ai.assistant@6fee27370e6a/Modules/Unity.AI.Tracing/TraceSinks.cs:313)
Unity.AI.Tracing.ConsoleSink:Write (Unity.AI.Tracing.TraceEvent) (at ./Library/PackageCache/com.unity.ai.assistant@6fee27370e6a/Modules/Unity.AI.Tracing/TraceSinks.cs:277)
Unity.AI.Tracing.TraceWriter:WriteEventInternal (string,string,Unity.AI.Tracing.TraceEventOptions,string,System.Nullable`1<int>) (at ./Library/PackageCache/com.unity.ai.assistant@6fee27370e6a/Modules/Unity.AI.Tracing/TraceWriter.cs:373)
Unity.AI.Tracing.TraceWriter:Event (string,Unity.AI.Tracing.TraceEventOptions) (at ./Library/PackageCache/com.unity.ai.assistant@6fee27370e6a/Modules/Unity.AI.Tracing/TraceWriter.cs:297)
Unity.AI.Tracing.TraceLogger:Emit (string,string,string,string,Unity.AI.Tracing.TraceEventOptions,object,System.Exception) (at ./Library/PackageCache/com.unity.ai.assistant@6fee27370e6a/Modules/Unity.AI.Tracing/TraceLogger.cs:105)
Unity.AI.Tracing.TraceLogger:Info (string,string,string,Unity.AI.Tracing.TraceEventOptions) (at ./Library/PackageCache/com.unity.ai.assistant@6fee27370e6a/Modules/Unity.AI.Tracing/TraceLogger.cs:35)
Unity.AI.MCP.Editor.Helpers.McpLog:Log (string,Unity.AI.Tracing.TraceEventOptions) (at ./Library/PackageCache/com.unity.ai.assistant@6fee27370e6a/Modules/Unity.AI.MCP.Editor/Helpers/McpLog.cs:15)
Unity.AI.MCP.Editor.ToolRegistry.McpToolRegistry:RefreshTools () (at ./Library/PackageCache/com.unity.ai.assistant@6fee27370e6a/Modules/Unity.AI.MCP.Editor/ToolRegistry/McpToolRegistry.cs:201)
Unity.AI.MCP.Editor.ToolRegistry.McpToolRegistry:Initialize () (at ./Library/PackageCache/com.unity.ai.assistant@6fee27370e6a/Modules/Unity.AI.MCP.Editor/ToolRegistry/McpToolRegistry.cs:177)
System.Reflection.RuntimeMethodInfo:Invoke (object,System.Reflection.BindingFlags,System.Reflection.Binder,object[],System.Globalization.CultureInfo)
System.Reflection.MethodBase:Invoke (object,object[])
UnityEditor.EditorAssemblies:ProcessInitializeOnLoadMethodAttributes () (at /Users/bokken/build/output/unity/unity/Editor/Mono/EditorAssemblies.cs:184)

(Filename: ./Library/PackageCache/com.unity.ai.assistant@6fee27370e6a/Modules/Unity.AI.Tracing/TraceSinks.cs Line: 313)

[McpToolRegistry] Available tools: Unity_ApplyTextEdits, Unity_CreateScript, Unity_DeleteScript, Unity_FindInFile, Unity_GetSha, Unity_ImportExternalModel, Unity_ListResources, Unity_ManageAsset, Unity_ManageEditor, Unity_ManageGameObject, Unity_ManageMenuItem, Unity_ManageScene, Unity_ManageScript, Unity_ManageScript_capabilities, Unity_ManageShader, Unity_ReadConsole, Unity_ReadResource, Unity_RunCommand, Unity_ScriptApplyEdits, Unity_ValidateScript
UnityEngine.Debug:ExtractStackTraceNoAlloc (byte*,int,string)
UnityEngine.StackTraceUtility:ExtractStackTrace () (at /Users/bokken/build/output/unity/unity/Runtime/Export/Scripting/StackTrace.cs:35)
UnityEngine.DebugLogHandler:Internal_Log (UnityEngine.LogType,UnityEngine.LogOption,string,UnityEngine.Object)
UnityEngine.DebugLogHandler:LogFormat (UnityEngine.LogType,UnityEngine.Object,string,object[])
UnityEngine.Logger:Log (UnityEngine.LogType,object)
UnityEngine.Debug:Log (object)
Unity.AI.Tracing.ConsoleSink:LogToConsole (string,string,System.Exception) (at ./Library/PackageCache/com.unity.ai.assistant@6fee27370e6a/Modules/Unity.AI.Tracing/TraceSinks.cs:313)
Unity.AI.Tracing.ConsoleSink:Write (Unity.AI.Tracing.TraceEvent) (at ./Library/PackageCache/com.unity.ai.assistant@6fee27370e6a/Modules/Unity.AI.Tracing/TraceSinks.cs:277)
Unity.AI.Tracing.TraceWriter:WriteEventInternal (string,string,Unity.AI.Tracing.TraceEventOptions,string,System.Nullable`1<int>) (at ./Library/PackageCache/com.unity.ai.assistant@6fee27370e6a/Modules/Unity.AI.Tracing/TraceWriter.cs:373)
Unity.AI.Tracing.TraceWriter:Event (string,Unity.AI.Tracing.TraceEventOptions) (at ./Library/PackageCache/com.unity.ai.assistant@6fee27370e6a/Modules/Unity.AI.Tracing/TraceWriter.cs:297)
Unity.AI.Tracing.TraceLogger:Emit (string,string,string,string,Unity.AI.Tracing.TraceEventOptions,object,System.Exception) (at ./Library/PackageCache/com.unity.ai.assistant@6fee27370e6a/Modules/Unity.AI.Tracing/TraceLogger.cs:105)
Unity.AI.Tracing.TraceLogger:Info (string,string,string,Unity.AI.Tracing.TraceEventOptions) (at ./Library/PackageCache/com.unity.ai.assistant@6fee27370e6a/Modules/Unity.AI.Tracing/TraceLogger.cs:35)
Unity.AI.MCP.Editor.Helpers.McpLog:Log (string,Unity.AI.Tracing.TraceEventOptions) (at ./Library/PackageCache/com.unity.ai.assistant@6fee27370e6a/Modules/Unity.AI.MCP.Editor/Helpers/McpLog.cs:15)
Unity.AI.MCP.Editor.ToolRegistry.McpToolRegistry:RefreshTools () (at ./Library/PackageCache/com.unity.ai.assistant@6fee27370e6a/Modules/Unity.AI.MCP.Editor/ToolRegistry/McpToolRegistry.cs:204)
Unity.AI.MCP.Editor.ToolRegistry.McpToolRegistry:Initialize () (at ./Library/PackageCache/com.unity.ai.assistant@6fee27370e6a/Modules/Unity.AI.MCP.Editor/ToolRegistry/McpToolRegistry.cs:177)
System.Reflection.RuntimeMethodInfo:Invoke (object,System.Reflection.BindingFlags,System.Reflection.Binder,object[],System.Globalization.CultureInfo)
System.Reflection.MethodBase:Invoke (object,object[])
UnityEditor.EditorAssemblies:ProcessInitializeOnLoadMethodAttributes () (at /Users/bokken/build/output/unity/unity/Editor/Mono/EditorAssemblies.cs:184)

(Filename: ./Library/PackageCache/com.unity.ai.assistant@6fee27370e6a/Modules/Unity.AI.Tracing/TraceSinks.cs Line: 313)

ScheduleIndexationOnStartup MainProcess:True IndexOnStartup:True
Mono: successfully reloaded assembly
[Idle]
UnityEngine.Debug:ExtractStackTraceNoAlloc (byte*,int,string)
UnityEngine.StackTraceUtility:ExtractStackTrace () (at /Users/bokken/build/output/unity/unity/Runtime/Export/Scripting/StackTrace.cs:35)
UnityEngine.DebugLogHandler:Internal_Log (UnityEngine.LogType,UnityEngine.LogOption,string,UnityEngine.Object)
UnityEngine.DebugLogHandler:LogFormat (UnityEngine.LogType,UnityEngine.Object,string,object[])
UnityEngine.Logger:Log (UnityEngine.LogType,object)
UnityEngine.Debug:Log (object)
Unity.AI.Tracing.ConsoleSink:LogToConsole (string,string,System.Exception) (at ./Library/PackageCache/com.unity.ai.assistant@6fee27370e6a/Modules/Unity.AI.Tracing/TraceSinks.cs:313)
Unity.AI.Tracing.ConsoleSink:Write (Unity.AI.Tracing.TraceEvent) (at ./Library/PackageCache/com.unity.ai.assistant@6fee27370e6a/Modules/Unity.AI.Tracing/TraceSinks.cs:277)
Unity.AI.Tracing.TraceWriter:WriteEventInternal (string,string,Unity.AI.Tracing.TraceEventOptions,string,System.Nullable`1<int>) (at ./Library/PackageCache/com.unity.ai.assistant@6fee27370e6a/Modules/Unity.AI.Tracing/TraceWriter.cs:373)
Unity.AI.Tracing.TraceWriter:Event (string,Unity.AI.Tracing.TraceEventOptions) (at ./Library/PackageCache/com.unity.ai.assistant@6fee27370e6a/Modules/Unity.AI.Tracing/TraceWriter.cs:297)
Unity.AI.Tracing.TraceLogger:Emit (string,string,string,string,Unity.AI.Tracing.TraceEventOptions,object,System.Exception) (at ./Library/PackageCache/com.unity.ai.assistant@6fee27370e6a/Modules/Unity.AI.Tracing/TraceLogger.cs:105)
Unity.AI.Tracing.TraceLogger:Info (string,string,string,Unity.AI.Tracing.TraceEventOptions) (at ./Library/PackageCache/com.unity.ai.assistant@6fee27370e6a/Modules/Unity.AI.Tracing/TraceLogger.cs:35)
Unity.AI.MCP.Editor.Helpers.McpLog:Log (string,Unity.AI.Tracing.TraceEventOptions) (at ./Library/PackageCache/com.unity.ai.assistant@6fee27370e6a/Modules/Unity.AI.MCP.Editor/Helpers/McpLog.cs:15)
Unity.AI.MCP.Editor.Bridge:LogBreadcrumb (string) (at ./Library/PackageCache/com.unity.ai.assistant@6fee27370e6a/Modules/Unity.AI.MCP.Editor/Bridge.cs:2055)
Unity.AI.MCP.Editor.Bridge:OnAfterAssemblyReload () (at ./Library/PackageCache/com.unity.ai.assistant@6fee27370e6a/Modules/Unity.AI.MCP.Editor/Bridge.cs:1899)
UnityEditor.AssemblyReloadEvents:OnAfterAssemblyReload () (at /Users/bokken/build/output/unity/unity/Editor/Mono/AssemblyReloadEvents.cs:43)

(Filename: ./Library/PackageCache/com.unity.ai.assistant@6fee27370e6a/Modules/Unity.AI.Tracing/TraceSinks.cs Line: 313)

- Finished resetting the current domain, in 13.447 seconds
Domain Reload Profiling: 15549ms
	BeginReloadAssembly (297ms)
		DisableScriptedObjects (18ms)
		CreateAndSetChildDomain (66ms)
	RebuildCommonClasses (11ms)
	RebuildNativeTypeToScriptingClass (23ms)
	initialDomainReloadingComplete (104ms)
	LoadAllAssembliesAndSetupDomain (1664ms)
		LoadAssemblies (660ms)
		AnalyzeDomain (917ms)
			TypeCache.Refresh (750ms)
				TypeCache.ScanAssembly (696ms)
			BuildScriptInfoCaches (152ms)
			ResolveRequiredComponents (11ms)
	FinalizeReload (13449ms)
		SetupLoadedEditorAssemblies (0ms)
			InitializePlatformSupportModulesInManaged (15ms)
			BeforeProcessingInitializeOnLoad (140ms)
			ProcessInitializeOnLoadAttributes (7219ms)
			ProcessInitializeOnLoadMethodAttributes (5549ms)
		AwakeInstancesAfterBackupRestoration (16ms)
Starting new worker id: 0 with log in /Users/farhad/Projects/WarlineCapture/Logs/AssetImportWorkerHW0.log

Asset Pipeline Refresh (id=6db5886ecc2514ae1b9b122a273668e6): Total: 54.220 seconds - Initiated by InitialRefreshV2(ForceSynchronousImport)
	(Values over 0.05ms)
	Summary:
		Imports: total=0 (actual=0, local cache=0, cache server=0)
		Asset DB Process Time: managed=0 ms, native=17378 ms
		Asset DB Callback time: managed=664 ms, native=40 ms
		Scripting: domain reloads=1, domain reload time=2227 ms, compile time=33741 ms, other=166 ms
		Project Asset Count: scripts=3475, non-scripts=23150
		Asset File Changes: new=0, changed=3, moved=0, deleted=0
		Scan Filter Count: 1
	InvokePackagesCallback: 31.646ms
	ApplyChangesToAssetFolders: 1.047ms
	Scan: 2189.441ms
	Collect global state as custom dependencies: 5.276ms
	OnSourceAssetsModified: 0.960ms
	CategorizeScriptCompilationAssets: 163.374ms
	ProcessAssetsWithTransientArtifactChanges: 231.604ms
	CategorizeAssets: 513.272ms
	CompileScripts: 33740.826ms
	ImportOutOfDateAssets: 13840.722ms (13499.768ms without children)
		ReloadNativeAssets: 0.528ms
		UnloadImportedAssets: 8.947ms
		EnsureUptoDateAssetsAreRegisteredWithGuidPM: 4.580ms
		ImportSchedulerStart: 326.897ms
	PostProcessAllAssets: 667.656ms
		VCAutoAddAssetPostprocess 1.522ms
		XRBuildSystem.XRAssetImported 0.206ms
		PostProcessCallbackCreateDeferredMaterials 0.095ms
		MonoPostProcessAllAssets: 663.912ms
			AssetPostprocessor.OnPostprocessAllAssets 415.001ms
			StyleCatalogPostProcessor.OnPostprocessAllAssets 37.986ms
			AssetReferenceReimportMonitor.OnPostprocessAllAssets 20.447ms
			UniversalRenderPipelineGlobalSettingsPostprocessor.OnPostprocessAllAssets 11.410ms
			SyncVS.PostprocessSyncProject 9.490ms
			BuilderAssetPostprocessor.OnPostprocessAllAssets 6.751ms
			AssetChangedListener.OnPostprocessAllAssets 4.374ms
			SceneAssetPostProcessor.OnPostprocessAllAssets 3.742ms
			GraphRefreshPostprocessor.OnPostprocessAllAssets 2.780ms
			AddressablesAssetPostProcessor.OnPostprocessAllAssets 2.731ms
			WindowAssetPostprocessingWatcher.OnPostprocessAllAssets 2.347ms
			SpriteSlicePostprocessor.OnPostprocessAllAssets 2.221ms
			SpeedTree9Postprocessor.OnPostprocessAllAssets 1.712ms
			RetainedModeAssetPostprocessor.OnPostprocessAllAssets 1.391ms
			ShaderGraphAssetPostProcessor.OnPostprocessAllAssets 1.319ms
			UVCSAssetPostprocessor.OnPostprocessAllAssets 1.011ms
			AssetChangeDetector.OnPostprocessAllAssets 0.765ms
			MaterialPostprocessor.OnPostprocessAllAssets 0.756ms
			RenderPipelineGlobalSettingsPostprocessor.OnPostprocessAllAssets 0.616ms
			SpriteEditorTexturePostprocessor.OnPostprocessAllAssets 0.615ms
			ArtifactBrowserPostProcessor.OnPostprocessAllAssets 0.442ms
			SampleDependencyImporterPostProcessor.OnPostprocessAllAssets 0.399ms
			SkillsProjectAssetPostprocessor.OnPostprocessAllAssets 0.382ms
			InputActionAssetPostprocessor.OnPostprocessAllAssets 0.359ms
			TextAssetPostProcessor.OnPostprocessAllAssets 0.350ms
			ShaderReflectionAssetPostProcessor.OnPostprocessAllAssets 0.334ms
			ReferencedClipsPostProcessor.OnPostprocessAllAssets 0.333ms
			PostProcessor.OnPostprocessAllAssets 0.325ms
			InputActionJsonNameModifierAssetProcessor.OnPostprocessAllAssets 0.278ms
			AssetPathToTypes.OnPostprocessAllAssets 0.275ms
			TMPro_TexturePostProcessor.OnPostprocessAllAssets 0.266ms
			AudioMixerPostprocessor.OnPostprocessAllAssets 0.261ms
			SamplePostprocessor.OnPostprocessAllAssets 0.261ms
			TerrainToolbarOverlayPostProcessor.OnPostprocessAllAssets 0.206ms
			AssetEvents.OnPostprocessAllAssets 0.204ms
			ProjectSettingsPostprocessor.OnPostprocessAllAssets 0.170ms
			AssetDatabaseCallbacks.OnPostprocessAllAssets 0.145ms
			SpeedTreePostProcessor.OnPostprocessAllAssets 0.136ms
			TrackSelectedAssetsProcessor.OnPostprocessAllAssets 0.125ms
			ConfigAssetsTracker.OnPostprocessAllAssets 0.108ms
			ScenarioDriftAssetsTracker.OnPostprocessAllAssets 0.093ms
			AudioContainerPostProcessor.OnPostprocessAllAssets 0.066ms
	PostAssetChangesProfiler: 8.668ms
	UnloadStreamsBegin: 3.557ms
	PersistCurrentRevisions: 1.082ms
	GenerateScriptTypeHashes: 9.935ms
	GenerateScriptTypeSerializationHashes: 15.336ms
	Untracked: 2817.049ms

Application.AssetDatabase Initial Refresh End
Shader Hidden/ChartRasterizerHardware is not supported: GPU does not support conservative rasterization
Launching external process: /Applications/Unity/Hub/Editor/6000.5.2f1/Unity.app/Contents/Helpers/UnityShaderCompiler
Launched and connected shader compiler UnityShaderCompiler after 0.10 seconds
Shader Hidden/ChartRasterizerHardware is not supported: GPU does not support conservative rasterization
Scanning for USB devices : 0.195ms
Initializing Unity extensions:
Worker ready: AssetImportWorkerHW0 0
2026-10-03 17:56:40.079 Unity[96333:45893966] NSEventModifierFlagFunction specified to -setKeyEquivalentModifierMask: for item <NSMenuItem: 0xa70f61400 Capture Live Owner Feedback, ke='Command-F10'>, but is only supported for system-provided menu items; will not be used
2026-10-03 17:56:40.079 Unity[96333:45893966] NSEventModifierFlagFunction specified to -setKeyEquivalentModifierMask: for item <NSMenuItem: 0xa70f61540 Log Live Owner Feedback State, ke='Command-F9'>, but is only supported for system-provided menu items; will not be used
2026-10-03 17:56:40.080 Unity[96333:45893966] NSEventModifierFlagFunction specified to -setKeyEquivalentModifierMask: for item <NSMenuItem: 0xa70f615e0 Validate Owner Feedback Fixes, ke='Command-F8'>, but is only supported for system-provided menu items; will not be used
2026-10-03 17:56:40.086 Unity[96333:45893966] NSEventModifierFlagFunction specified to -setKeyEquivalentModifierMask: for item <NSMenuItem: 0xa70fd5cc0 SDF, ke='Command-F12'>, but is only supported for system-provided menu items; will not be used
[Licensing::Client] Successfully resolved entitlement details
Unloading 1957 Unused Serialized files (Serialized files now loaded: 0)
Loaded scene 'Assets/Game/Scenes/Menu.unity'
	Deserialize:            1654.179 ms
	Integration:            1378.340 ms
	Integration of assets:  1639.742 ms
	Thread Wait Time:       -0.101 ms
	Total Operation Time:   4672.160 ms
Unloading 15259 unused Assets / (18.5 MB). Loaded Objects now: 46750.
Memory consumption went from 1.26 GB to 1.24 GB.
Total: 364.824167 ms (FindLiveObjects: 102.068167 ms CreateObjectMapping: 38.444333 ms MarkObjects: 182.727042 ms  DeleteObjects: 41.581625 ms)

[LAYOUT] About to load UserSettings/Layouts/default-6000.dwlt, keepMainWindow=False
[LAYOUT] About to save layout /Users/farhad/Projects/WarlineCapture/UserSettings/Layouts/default-6000.dwlt
[LAYOUT] About to save layout /Users/farhad/Library/Preferences/Unity/Editor-5.x/Layouts/current/default-6000.dwlt
[MODES] ModeService[default].InitializeCurrentMode
[MODES] ModeService[default].RaiseModeChanged(default, default)
2026-10-03 17:56:49.334 Unity[96333:45893966] NSEventModifierFlagFunction specified to -setKeyEquivalentModifierMask: for item <NSMenuItem: 0xa7ea46440 Capture Live Owner Feedback, ke='Command-F10'>, but is only supported for system-provided menu items; will not be used
2026-10-03 17:56:49.334 Unity[96333:45893966] NSEventModifierFlagFunction specified to -setKeyEquivalentModifierMask: for item <NSMenuItem: 0xa7ea46580 Log Live Owner Feedback State, ke='Command-F9'>, but is only supported for system-provided menu items; will not be used
2026-10-03 17:56:49.334 Unity[96333:45893966] NSEventModifierFlagFunction specified to -setKeyEquivalentModifierMask: for item <NSMenuItem: 0xa7ea46620 Validate Owner Feedback Fixes, ke='Command-F8'>, but is only supported for system-provided menu items; will not be used
2026-10-03 17:56:49.344 Unity[96333:45893966] NSEventModifierFlagFunction specified to -setKeyEquivalentModifierMask: for item <NSMenuItem: 0xa70fcfc00 SDF, ke='Command-F12'>, but is only supported for system-provided menu items; will not be used
Importing 'GUID: 576ea8bf79b7478480428278cdb00745 - Path: Assets/Game/Configs/SkirmishExpansion/Shared/SkirmishRoleCatalog_V1.asset' with importer (NativeFormatImporter)
Imported 'GUID: 576ea8bf79b7478480428278cdb00745' -> (Import Result ID: '144d8659ab03087759c73a109a97175a') in 0.011 seconds [static dependencies only]. Details - ImportResultOutputID=f7351269a4dcc19dbbc4e593b0c52b63 DependenciesID=f6da9a83c8751fc3e006504043271b6c StaticDependenciesID=72a0aba4d461e626981affd719fab2f7 
Refreshing native plugins compatible for Editor in 4.29 ms, found 3 plugins.

Asset Pipeline Refresh (id=213fbdee037174a4eb3a887c967b6fe4): Total: 1.531 seconds - Initiated by StopAssetImportingV2(NoUpdateAssetOptions)
	(Values over 0.05ms)
	Summary:
		Imports: total=1 (actual=1, local cache=0, cache server=0)
		Asset DB Process Time: managed=3 ms, native=1476 ms
		Asset DB Callback time: managed=29 ms, native=21 ms
		Scripting: domain reloads=0, domain reload time=0 ms, compile time=0 ms, other=0 ms
		Project Asset Count: scripts=3475, non-scripts=23150
		Asset File Changes: new=0, changed=0, moved=0, deleted=0
		Scan Filter Count: 6
	ApplyChangesToAssetFolders: 0.239ms
	Scan: 21.556ms
	Collect global state as custom dependencies: 1.212ms
	CategorizeScriptCompilationAssets: 0.161ms
	ProcessAssetsWithTransientArtifactChanges: 2.255ms
	CategorizeAssets: 796.219ms
	ImportOutOfDateAssets: 531.461ms (45.069ms without children)
		ImportManagerImport: 20.516ms (5.305ms without children)
			UpdateCategorizedAssets: 0.080ms
		ReloadNativeAssets: 0.913ms
		UnloadImportedAssets: 0.262ms
		EnsureUptoDateAssetsAreRegisteredWithGuidPM: 4.966ms
		InitializingProgressBar: 4.545ms
		ImportSchedulerStart: 455.186ms
	PostProcessAllAssets: 37.242ms
		XRBuildSystem.XRAssetImported 5.955ms
		PostProcessCallbackCreateDeferredMaterials 0.178ms
		MonoPostProcessAllAssets: 29.376ms
			SpriteEditorTexturePostprocessor.OnPostprocessAllAssets 12.147ms
			AssetPostprocessor.OnPostprocessAllAssets 7.214ms
			AddressablesAssetPostProcessor.OnPostprocessAllAssets 3.869ms
			SyncVS.PostprocessSyncProject 2.010ms
			AssetChangedListener.OnPostprocessAllAssets 0.991ms
			ShaderGraphAssetPostProcessor.OnPostprocessAllAssets 0.187ms
			RenderPipelineGlobalSettingsPostprocessor.OnPostprocessAllAssets 0.141ms
			UniversalRenderPipelineGlobalSettingsPostprocessor.OnPostprocessAllAssets 0.126ms
			RetainedModeAssetPostprocessor.OnPostprocessAllAssets 0.109ms
			GraphRefreshPostprocessor.OnPostprocessAllAssets 0.102ms
			SceneAssetPostProcessor.OnPostprocessAllAssets 0.090ms
			ReferencedClipsPostProcessor.OnPostprocessAllAssets 0.088ms
			SampleDependencyImporterPostProcessor.OnPostprocessAllAssets 0.080ms
			AssetReferenceReimportMonitor.OnPostprocessAllAssets 0.067ms
			SpriteSlicePostprocessor.OnPostprocessAllAssets 0.058ms
	PostAssetChangesProfiler: 14.041ms
	GatherAllCurrentPrimaryImportResultRevisions: 4.555ms
	UnloadStreamsBegin: 18.956ms
	PersistCurrentRevisions: 1.619ms
	Untracked: 101.074ms

[SkirmishS004RoleBindings] result=Passed roles=22
UnityEngine.Debug:ExtractStackTraceNoAlloc (byte*,int,string)
UnityEngine.StackTraceUtility:ExtractStackTrace () (at /Users/bokken/build/output/unity/unity/Runtime/Export/Scripting/StackTrace.cs:35)
UnityEngine.DebugLogHandler:Internal_Log (UnityEngine.LogType,UnityEngine.LogOption,string,UnityEngine.Object)
UnityEngine.DebugLogHandler:LogFormat (UnityEngine.LogType,UnityEngine.Object,string,object[])
UnityEngine.Logger:Log (UnityEngine.LogType,object)
UnityEngine.Debug:Log (object)
Game.Editor.SkirmishDefinitionBuilder:RefreshS004RoleBindings () (at Assets/Game/Scripts/Editor/Skirmish/SkirmishDefinitionBuilder.cs:33)
Game.Tests.Editor.SkirmishSharedMaterialsTests:RunS004DeliveryValidation () (at Assets/Tests/Editor/SkirmishExpansion/SkirmishSharedMaterialsTests.cs:210)

(Filename: Assets/Game/Scripts/Editor/Skirmish/SkirmishDefinitionBuilder.cs Line: 33)

Importing 'GUID: 57f18ca43b8ca4fa48aee0224cc72328 - Path: Assets/Game/Resources/SkirmishBattleCatalog.asset' with importer (NativeFormatImporter)
Imported 'GUID: 57f18ca43b8ca4fa48aee0224cc72328' -> (Import Result ID: '3338ce0689cef932426a466b731ee5fb') in 0.005 seconds [static dependencies only]. Details - ImportResultOutputID=8ec1d33ce5e08d201aaedcb5fe30083d DependenciesID=1f7aa1f0966d398cdb8a9b683a92ffa2 StaticDependenciesID=cae899b4ce9dff34b8d28c64399b492b 

Asset Pipeline Refresh (id=03013bd70146046c8b09cb1db2a9bf5f): Total: 0.543 seconds - Initiated by StopAssetImportingV2(NoUpdateAssetOptions)
	(Values over 0.05ms)
	Summary:
		Imports: total=1 (actual=1, local cache=0, cache server=0)
		Asset DB Process Time: managed=0 ms, native=534 ms
		Asset DB Callback time: managed=4 ms, native=3 ms
		Scripting: domain reloads=0, domain reload time=0 ms, compile time=0 ms, other=0 ms
		Project Asset Count: scripts=3475, non-scripts=23150
		Asset File Changes: new=0, changed=0, moved=0, deleted=0
		Scan Filter Count: 4
	ApplyChangesToAssetFolders: 0.238ms
	Scan: 12.225ms
	Collect global state as custom dependencies: 0.092ms
	CategorizeScriptCompilationAssets: 0.228ms
	ProcessAssetsWithTransientArtifactChanges: 0.102ms
	CategorizeAssets: 16.766ms
	ImportOutOfDateAssets: 484.893ms (49.471ms without children)
		ImportManagerImport: 8.526ms (2.298ms without children)
		ReloadNativeAssets: 1.568ms
		UnloadImportedAssets: 0.209ms
		EnsureUptoDateAssetsAreRegisteredWithGuidPM: 4.738ms
		InitializingProgressBar: 11.150ms
		ImportSchedulerStart: 409.227ms
	PostProcessAllAssets: 4.942ms
		XRBuildSystem.XRAssetImported 0.194ms
		MonoPostProcessAllAssets: 4.653ms
			SpriteEditorTexturePostprocessor.OnPostprocessAllAssets 1.734ms
			AddressablesAssetPostProcessor.OnPostprocessAllAssets 1.020ms
			SyncVS.PostprocessSyncProject 1.015ms
			AssetPostprocessor.OnPostprocessAllAssets 0.093ms
			AssetChangedListener.OnPostprocessAllAssets 0.069ms
			ShaderGraphAssetPostProcessor.OnPostprocessAllAssets 0.064ms
	PostAssetChangesProfiler: 3.310ms
	GatherAllCurrentPrimaryImportResultRevisions: 1.430ms
	PersistCurrentRevisions: 1.311ms
	Untracked: 17.506ms

Loaded scene 'Library/Unused/dd695434875834efaa6baa29218f1999'
	Deserialize:            17.730 ms
	Integration:            10.081 ms
	Integration of assets:  0.011 ms
	Thread Wait Time:       0.016 ms
	Total Operation Time:   27.839 ms
Importing 'GUID: 55d7c0139800d4cde8c2e97e255e423c - Path: Assets/Game/Prefabs/UI/Shell/Content/SCN13_SkirmishSetupContent.prefab' with importer (PrefabImporter)
Imported 'GUID: 55d7c0139800d4cde8c2e97e255e423c' -> (Import Result ID: '3bb6884bf0534878af1fbd9d36f2bf60') in 0.021 seconds [static and dynamic dependencies]. Details - ImportResultOutputID=a32925e85dc39d4dbd6999ce490c7768 DependenciesID=575b071c8f309b5af072c6f94e7e4d17 StaticDependenciesID=3230cddfe60a887af462d7062a672799 

Asset Pipeline Refresh (id=b7815cc1661394261aab0984b4d0f0c8): Total: 0.415 seconds - Initiated by StopAssetImportingV2(NoUpdateAssetOptions)
	(Values over 0.05ms)
	Summary:
		Imports: total=1 (actual=1, local cache=0, cache server=0)
		Asset DB Process Time: managed=0 ms, native=407 ms
		Asset DB Callback time: managed=4 ms, native=3 ms
		Scripting: domain reloads=0, domain reload time=0 ms, compile time=0 ms, other=0 ms
		Project Asset Count: scripts=3475, non-scripts=23150
		Asset File Changes: new=0, changed=1, moved=0, deleted=0
		Scan Filter Count: 7
	ApplyChangesToAssetFolders: 0.113ms
	Scan: 11.015ms
	Collect global state as custom dependencies: 0.052ms
	OnSourceAssetsModified: 0.894ms
	ProcessAssetsWithTransientArtifactChanges: 0.059ms
	CategorizeAssets: 44.144ms
	ImportOutOfDateAssets: 327.863ms (30.819ms without children)
		ImportManagerImport: 36.727ms (3.886ms without children)
		ReloadNativeAssets: 0.976ms
		UnloadImportedAssets: 1.531ms
		ReloadImportedAssets: 11.375ms
		EnsureUptoDateAssetsAreRegisteredWithGuidPM: 3.149ms
		InitializingProgressBar: 2.520ms
		ImportSchedulerStart: 252.136ms
	PostProcessAllAssets: 3.509ms
		XRBuildSystem.XRAssetImported 0.146ms
		MonoPostProcessAllAssets: 3.291ms
			SpriteEditorTexturePostprocessor.OnPostprocessAllAssets 1.378ms
			SyncVS.PostprocessSyncProject 0.902ms
			AssetPostprocessor.OnPostprocessAllAssets 0.402ms
			ShaderGraphAssetPostProcessor.OnPostprocessAllAssets 0.053ms
	PostAssetChangesProfiler: 3.160ms
	GatherAllCurrentPrimaryImportResultRevisions: 0.989ms
	UnloadStreamsBegin: 0.073ms
	PersistCurrentRevisions: 1.003ms
	Untracked: 22.441ms

[SkirmishBattleCatalog] result=Passed entries=120 playable=6 library=rebuilt
UnityEngine.Debug:ExtractStackTraceNoAlloc (byte*,int,string)
UnityEngine.StackTraceUtility:ExtractStackTrace () (at /Users/bokken/build/output/unity/unity/Runtime/Export/Scripting/StackTrace.cs:35)
UnityEngine.DebugLogHandler:Internal_Log (UnityEngine.LogType,UnityEngine.LogOption,string,UnityEngine.Object)
UnityEngine.DebugLogHandler:LogFormat (UnityEngine.LogType,UnityEngine.Object,string,object[])
UnityEngine.Logger:Log (UnityEngine.LogType,object)
UnityEngine.Debug:Log (object)
Game.Tests.Editor.SkirmishSharedMaterialsTests:RunS004DeliveryValidation () (at Assets/Tests/Editor/SkirmishExpansion/SkirmishSharedMaterialsTests.cs:211)

(Filename: Assets/Tests/Editor/SkirmishExpansion/SkirmishSharedMaterialsTests.cs Line: 211)

[UnitMoveOrderFocusedValidation] result=Passed tests=21
UnityEngine.Debug:ExtractStackTraceNoAlloc (byte*,int,string)
UnityEngine.StackTraceUtility:ExtractStackTrace () (at /Users/bokken/build/output/unity/unity/Runtime/Export/Scripting/StackTrace.cs:35)
UnityEngine.DebugLogHandler:Internal_Log (UnityEngine.LogType,UnityEngine.LogOption,string,UnityEngine.Object)
UnityEngine.DebugLogHandler:LogFormat (UnityEngine.LogType,UnityEngine.Object,string,object[])
UnityEngine.Logger:Log (UnityEngine.LogType,object)
UnityEngine.Debug:Log (object)
UnitMoveOrderSystemTests:RunFocusedValidation () (at Assets/Tests/Editor/UnitMoveOrderSystemTests.cs:49)
Game.Tests.Editor.SkirmishSharedMaterialsTests:RunFocusedValidation () (at Assets/Tests/Editor/SkirmishExpansion/SkirmishSharedMaterialsTests.cs:260)
Game.Tests.Editor.SkirmishSharedMaterialsTests:<RunBroaderRegressionValidation>g__Run|6_0 (System.Action,string,Game.Tests.Editor.SkirmishSharedMaterialsTests/<>c__DisplayClass6_0&) (at Assets/Tests/Editor/SkirmishExpansion/SkirmishSharedMaterialsTests.cs:182)
Game.Tests.Editor.SkirmishSharedMaterialsTests:RunBroaderRegressionValidation () (at Assets/Tests/Editor/SkirmishExpansion/SkirmishSharedMaterialsTests.cs:185)
Game.Tests.Editor.SkirmishSharedMaterialsTests:RunS004DeliveryValidation () (at Assets/Tests/Editor/SkirmishExpansion/SkirmishSharedMaterialsTests.cs:212)

(Filename: Assets/Tests/Editor/UnitMoveOrderSystemTests.cs Line: 49)

[AIFactionControlStartupValidation] result=Passed tests=4
UnityEngine.Debug:ExtractStackTraceNoAlloc (byte*,int,string)
UnityEngine.StackTraceUtility:ExtractStackTrace () (at /Users/bokken/build/output/unity/unity/Runtime/Export/Scripting/StackTrace.cs:35)
UnityEngine.DebugLogHandler:Internal_Log (UnityEngine.LogType,UnityEngine.LogOption,string,UnityEngine.Object)
UnityEngine.DebugLogHandler:LogFormat (UnityEngine.LogType,UnityEngine.Object,string,object[])
UnityEngine.Logger:Log (UnityEngine.LogType,object)
UnityEngine.Debug:Log (object)
AIFactionControlStartupSystemValidationTests:RunFocusedValidation () (at Assets/Tests/Editor/AIFactionControlStartupSystemValidationTests.cs:19)
Game.Tests.Editor.SkirmishSharedMaterialsTests:RunFocusedValidation () (at Assets/Tests/Editor/SkirmishExpansion/SkirmishSharedMaterialsTests.cs:261)
Game.Tests.Editor.SkirmishSharedMaterialsTests:<RunBroaderRegressionValidation>g__Run|6_0 (System.Action,string,Game.Tests.Editor.SkirmishSharedMaterialsTests/<>c__DisplayClass6_0&) (at Assets/Tests/Editor/SkirmishExpansion/SkirmishSharedMaterialsTests.cs:182)
Game.Tests.Editor.SkirmishSharedMaterialsTests:RunBroaderRegressionValidation () (at Assets/Tests/Editor/SkirmishExpansion/SkirmishSharedMaterialsTests.cs:185)
Game.Tests.Editor.SkirmishSharedMaterialsTests:RunS004DeliveryValidation () (at Assets/Tests/Editor/SkirmishExpansion/SkirmishSharedMaterialsTests.cs:212)

(Filename: Assets/Tests/Editor/AIFactionControlStartupSystemValidationTests.cs Line: 19)

[AriaPlayEditorValidation] selected catalog=S002 definition=skirmish.s002 version=2 size=Standard difficulty=Regular seed=104731 locale=en
UnityEngine.Debug:ExtractStackTraceNoAlloc (byte*,int,string)
UnityEngine.StackTraceUtility:ExtractStackTrace () (at /Users/bokken/build/output/unity/unity/Runtime/Export/Scripting/StackTrace.cs:35)
UnityEngine.DebugLogHandler:Internal_Log (UnityEngine.LogType,UnityEngine.LogOption,string,UnityEngine.Object)
UnityEngine.DebugLogHandler:LogFormat (UnityEngine.LogType,UnityEngine.Object,string,object[])
UnityEngine.Logger:Log (UnityEngine.LogType,object)
UnityEngine.Debug:Log (object)
Game.Editor.AriaPlayEditorValidation:AcceptExpandedPayload (Game.Configs.SkirmishAriaAcceptancePayload&) (at Assets/Game/Scripts/Editor/AriaPlayEditorValidation.cs:113)
Game.Tests.Editor.SkirmishS002AriaHarnessTests:PayloadLoggersDoNotStampVictory () (at Assets/Tests/Editor/SkirmishExpansion/SkirmishS002AriaHarnessTests.cs:1012)
Game.Tests.Editor.SkirmishS002AriaHarnessTests:RunFocusedValidation () (at Assets/Tests/Editor/SkirmishExpansion/SkirmishS002AriaHarnessTests.cs:1417)
Game.Tests.Editor.SkirmishExpandedAriaTests:RunFocusedValidation () (at Assets/Tests/Editor/SkirmishExpansion/SkirmishExpandedAriaTests.cs:1014)
Game.Tests.Editor.SkirmishSharedMaterialsTests:RunFocusedValidation () (at Assets/Tests/Editor/SkirmishExpansion/SkirmishSharedMaterialsTests.cs:265)
Game.Tests.Editor.SkirmishSharedMaterialsTests:<RunBroaderRegressionValidation>g__Run|6_0 (System.Action,string,Game.Tests.Editor.SkirmishSharedMaterialsTests/<>c__DisplayClass6_0&) (at Assets/Tests/Editor/SkirmishExpansion/SkirmishSharedMaterialsTests.cs:182)
Game.Tests.Editor.SkirmishSharedMaterialsTests:RunBroaderRegressionValidation () (at Assets/Tests/Editor/SkirmishExpansion/SkirmishSharedMaterialsTests.cs:185)
Game.Tests.Editor.SkirmishSharedMaterialsTests:RunS004DeliveryValidation () (at Assets/Tests/Editor/SkirmishExpansion/SkirmishSharedMaterialsTests.cs:212)

(Filename: Assets/Game/Scripts/Editor/AriaPlayEditorValidation.cs Line: 113)

[SkirmishExpandedAriaWatch] selected catalog=S002 definition=skirmish.s002 version=2 size=Standard difficulty=Regular seed=155923 locale=fa-IR
UnityEngine.Debug:ExtractStackTraceNoAlloc (byte*,int,string)
UnityEngine.StackTraceUtility:ExtractStackTrace () (at /Users/bokken/build/output/unity/unity/Runtime/Export/Scripting/StackTrace.cs:35)
UnityEngine.DebugLogHandler:Internal_Log (UnityEngine.LogType,UnityEngine.LogOption,string,UnityEngine.Object)
UnityEngine.DebugLogHandler:LogFormat (UnityEngine.LogType,UnityEngine.Object,string,object[])
UnityEngine.Logger:Log (UnityEngine.LogType,object)
UnityEngine.Debug:Log (object)
Game.Editor.SkirmishExpandedAriaWatchValidation:AcceptExpandedPayload (Game.Configs.SkirmishAriaAcceptancePayload&) (at Assets/Game/Scripts/Editor/Skirmish/SkirmishExpandedAriaWatchValidation.cs:32)
Game.Editor.SkirmishExpandedAriaWatchValidation:AcceptExpandedPayload (string,Game.Skirmish.Contracts.SkirmishSizeId,Game.Skirmish.Contracts.SkirmishDifficultyId,int,string) (at Assets/Game/Scripts/Editor/Skirmish/SkirmishExpandedAriaWatchValidation.cs:55)
Game.Tests.Editor.SkirmishS002AriaHarnessTests:PayloadLoggersDoNotStampVictory () (at Assets/Tests/Editor/SkirmishExpansion/SkirmishS002AriaHarnessTests.cs:1013)
Game.Tests.Editor.SkirmishS002AriaHarnessTests:RunFocusedValidation () (at Assets/Tests/Editor/SkirmishExpansion/SkirmishS002AriaHarnessTests.cs:1417)
Game.Tests.Editor.SkirmishExpandedAriaTests:RunFocusedValidation () (at Assets/Tests/Editor/SkirmishExpansion/SkirmishExpandedAriaTests.cs:1014)
Game.Tests.Editor.SkirmishSharedMaterialsTests:RunFocusedValidation () (at Assets/Tests/Editor/SkirmishExpansion/SkirmishSharedMaterialsTests.cs:265)
Game.Tests.Editor.SkirmishSharedMaterialsTests:<RunBroaderRegressionValidation>g__Run|6_0 (System.Action,string,Game.Tests.Editor.SkirmishSharedMaterialsTests/<>c__DisplayClass6_0&) (at Assets/Tests/Editor/SkirmishExpansion/SkirmishSharedMaterialsTests.cs:182)
Game.Tests.Editor.SkirmishSharedMaterialsTests:RunBroaderRegressionValidation () (at Assets/Tests/Editor/SkirmishExpansion/SkirmishSharedMaterialsTests.cs:185)
Game.Tests.Editor.SkirmishSharedMaterialsTests:RunS004DeliveryValidation () (at Assets/Tests/Editor/SkirmishExpansion/SkirmishSharedMaterialsTests.cs:212)

(Filename: Assets/Game/Scripts/Editor/Skirmish/SkirmishExpandedAriaWatchValidation.cs Line: 32)

'Game.Runtime.SkirmishSessionCleanupSystem' creates a query during OnUpdate. Please create queries in OnCreate and store them in the system for use in OnUpdate instead. This is significantly faster.
UnityEngine.Debug:ExtractStackTraceNoAlloc (byte*,int,string)
UnityEngine.StackTraceUtility:ExtractStackTrace () (at /Users/bokken/build/output/unity/unity/Runtime/Export/Scripting/StackTrace.cs:35)
UnityEngine.DebugLogHandler:Internal_Log (UnityEngine.LogType,UnityEngine.LogOption,string,UnityEngine.Object)
UnityEngine.DebugLogHandler:LogFormat (UnityEngine.LogType,UnityEngine.Object,string,object[])
UnityEngine.Logger:Log (UnityEngine.LogType,object)
UnityEngine.Debug:LogWarning (object)
Unity.Debug:LogWarning (object) (at ./Library/PackageCache/com.unity.entities@bab66ffaba49/Unity.Entities/Stubs/Unity/Debug.cs:13)
Unity.Entities.SystemState:CheckOnUpdate_Query () (at ./Library/PackageCache/com.unity.entities@bab66ffaba49/Unity.Entities/SystemState.cs:551)
Unity.Entities.SystemState:GetEntityQuery (Unity.Entities.ComponentType) (at ./Library/PackageCache/com.unity.entities@bab66ffaba49/Unity.Entities/SystemState.cs:834)
Game.Runtime.SkirmishSessionCleanupSystem:OnUpdate (Unity.Entities.SystemState&) (at Assets/Game/Scripts/Runtime/Skirmish/SkirmishSessionCleanupSystem.cs:22)
Game.Runtime.SkirmishSessionCleanupSystem:__codegen__OnUpdate (intptr,intptr)
Unity.Entities.SystemBaseRegistry/<>c__DisplayClass9_0:<SelectBurstFn>b__0 (intptr,intptr) (at ./Library/PackageCache/com.unity.entities@bab66ffaba49/Unity.Entities/SystemBaseRegistry.cs:251)
Unity.Entities.WorldUnmanagedImpl/Unity.Entities.UnmanagedUpdate_000015A0$BurstDirectCall:Invoke (void*)
Unity.Entities.WorldUnmanagedImpl:UnmanagedUpdate (void*)
Unity.Entities.WorldUnmanagedImpl:UpdateSystem (Unity.Entities.SystemHandle) (at ./Library/PackageCache/com.unity.entities@bab66ffaba49/Unity.Entities/WorldUnmanaged.cs:942)
Unity.Entities.SystemHandle:Update (Unity.Entities.WorldUnmanaged) (at ./Library/PackageCache/com.unity.entities@bab66ffaba49/Unity.Entities/WorldUnmanaged.cs:169)
Game.Tests.Editor.SkirmishS002AriaHarnessTests:FinishedMatchRetainsActorsAndSetupUntilExplicitCleanup () (at Assets/Tests/Editor/SkirmishExpansion/SkirmishS002AriaHarnessTests.cs:1128)
Game.Tests.Editor.SkirmishS002AriaHarnessTests:RunFocusedValidation () (at Assets/Tests/Editor/SkirmishExpansion/SkirmishS002AriaHarnessTests.cs:1421)
Game.Tests.Editor.SkirmishExpandedAriaTests:RunFocusedValidation () (at Assets/Tests/Editor/SkirmishExpansion/SkirmishExpandedAriaTests.cs:1014)
Game.Tests.Editor.SkirmishSharedMaterialsTests:RunFocusedValidation () (at Assets/Tests/Editor/SkirmishExpansion/SkirmishSharedMaterialsTests.cs:265)
Game.Tests.Editor.SkirmishSharedMaterialsTests:<RunBroaderRegressionValidation>g__Run|6_0 (System.Action,string,Game.Tests.Editor.SkirmishSharedMaterialsTests/<>c__DisplayClass6_0&) (at Assets/Tests/Editor/SkirmishExpansion/SkirmishSharedMaterialsTests.cs:182)
Game.Tests.Editor.SkirmishSharedMaterialsTests:RunBroaderRegressionValidation () (at Assets/Tests/Editor/SkirmishExpansion/SkirmishSharedMaterialsTests.cs:185)
Game.Tests.Editor.SkirmishSharedMaterialsTests:RunS004DeliveryValidation () (at Assets/Tests/Editor/SkirmishExpansion/SkirmishSharedMaterialsTests.cs:212)

(Filename: ./Library/PackageCache/com.unity.entities@bab66ffaba49/Unity.Entities/Stubs/Unity/Debug.cs Line: 13)

[SkirmishS002AriaHarnessTests] result=Passed
UnityEngine.Debug:ExtractStackTraceNoAlloc (byte*,int,string)
UnityEngine.StackTraceUtility:ExtractStackTrace () (at /Users/bokken/build/output/unity/unity/Runtime/Export/Scripting/StackTrace.cs:35)
UnityEngine.DebugLogHandler:Internal_Log (UnityEngine.LogType,UnityEngine.LogOption,string,UnityEngine.Object)
UnityEngine.DebugLogHandler:LogFormat (UnityEngine.LogType,UnityEngine.Object,string,object[])
UnityEngine.Logger:Log (UnityEngine.LogType,object)
UnityEngine.Debug:Log (object)
Game.Tests.Editor.SkirmishS002AriaHarnessTests:RunFocusedValidation () (at Assets/Tests/Editor/SkirmishExpansion/SkirmishS002AriaHarnessTests.cs:1425)
Game.Tests.Editor.SkirmishExpandedAriaTests:RunFocusedValidation () (at Assets/Tests/Editor/SkirmishExpansion/SkirmishExpandedAriaTests.cs:1014)
Game.Tests.Editor.SkirmishSharedMaterialsTests:RunFocusedValidation () (at Assets/Tests/Editor/SkirmishExpansion/SkirmishSharedMaterialsTests.cs:265)
Game.Tests.Editor.SkirmishSharedMaterialsTests:<RunBroaderRegressionValidation>g__Run|6_0 (System.Action,string,Game.Tests.Editor.SkirmishSharedMaterialsTests/<>c__DisplayClass6_0&) (at Assets/Tests/Editor/SkirmishExpansion/SkirmishSharedMaterialsTests.cs:182)
Game.Tests.Editor.SkirmishSharedMaterialsTests:RunBroaderRegressionValidation () (at Assets/Tests/Editor/SkirmishExpansion/SkirmishSharedMaterialsTests.cs:185)
Game.Tests.Editor.SkirmishSharedMaterialsTests:RunS004DeliveryValidation () (at Assets/Tests/Editor/SkirmishExpansion/SkirmishSharedMaterialsTests.cs:212)

(Filename: Assets/Tests/Editor/SkirmishExpansion/SkirmishS002AriaHarnessTests.cs Line: 1425)

[SkirmishExpandedAriaTests] result=Passed
UnityEngine.Debug:ExtractStackTraceNoAlloc (byte*,int,string)
UnityEngine.StackTraceUtility:ExtractStackTrace () (at /Users/bokken/build/output/unity/unity/Runtime/Export/Scripting/StackTrace.cs:35)
UnityEngine.DebugLogHandler:Internal_Log (UnityEngine.LogType,UnityEngine.LogOption,string,UnityEngine.Object)
UnityEngine.DebugLogHandler:LogFormat (UnityEngine.LogType,UnityEngine.Object,string,object[])
UnityEngine.Logger:Log (UnityEngine.LogType,object)
UnityEngine.Debug:Log (object)
Game.Tests.Editor.SkirmishExpandedAriaTests:RunFocusedValidation () (at Assets/Tests/Editor/SkirmishExpansion/SkirmishExpandedAriaTests.cs:1015)
Game.Tests.Editor.SkirmishSharedMaterialsTests:RunFocusedValidation () (at Assets/Tests/Editor/SkirmishExpansion/SkirmishSharedMaterialsTests.cs:265)
Game.Tests.Editor.SkirmishSharedMaterialsTests:<RunBroaderRegressionValidation>g__Run|6_0 (System.Action,string,Game.Tests.Editor.SkirmishSharedMaterialsTests/<>c__DisplayClass6_0&) (at Assets/Tests/Editor/SkirmishExpansion/SkirmishSharedMaterialsTests.cs:182)
Game.Tests.Editor.SkirmishSharedMaterialsTests:RunBroaderRegressionValidation () (at Assets/Tests/Editor/SkirmishExpansion/SkirmishSharedMaterialsTests.cs:185)
Game.Tests.Editor.SkirmishSharedMaterialsTests:RunS004DeliveryValidation () (at Assets/Tests/Editor/SkirmishExpansion/SkirmishSharedMaterialsTests.cs:212)

(Filename: Assets/Tests/Editor/SkirmishExpansion/SkirmishExpandedAriaTests.cs Line: 1015)

[SkirmishExpandedArmyTests] result=Passed
UnityEngine.Debug:ExtractStackTraceNoAlloc (byte*,int,string)
UnityEngine.StackTraceUtility:ExtractStackTrace () (at /Users/bokken/build/output/unity/unity/Runtime/Export/Scripting/StackTrace.cs:35)
UnityEngine.DebugLogHandler:Internal_Log (UnityEngine.LogType,UnityEngine.LogOption,string,UnityEngine.Object)
UnityEngine.DebugLogHandler:LogFormat (UnityEngine.LogType,UnityEngine.Object,string,object[])
UnityEngine.Logger:Log (UnityEngine.LogType,object)
UnityEngine.Debug:Log (object)
Game.Tests.Editor.SkirmishExpandedArmyTests:RunFocusedValidation () (at Assets/Tests/Editor/SkirmishExpansion/SkirmishExpandedArmyTests.cs:394)
Game.Tests.Editor.SkirmishSharedMaterialsTests:RunFocusedValidation () (at Assets/Tests/Editor/SkirmishExpansion/SkirmishSharedMaterialsTests.cs:267)
Game.Tests.Editor.SkirmishSharedMaterialsTests:<RunBroaderRegressionValidation>g__Run|6_0 (System.Action,string,Game.Tests.Editor.SkirmishSharedMaterialsTests/<>c__DisplayClass6_0&) (at Assets/Tests/Editor/SkirmishExpansion/SkirmishSharedMaterialsTests.cs:182)
Game.Tests.Editor.SkirmishSharedMaterialsTests:RunBroaderRegressionValidation () (at Assets/Tests/Editor/SkirmishExpansion/SkirmishSharedMaterialsTests.cs:185)
Game.Tests.Editor.SkirmishSharedMaterialsTests:RunS004DeliveryValidation () (at Assets/Tests/Editor/SkirmishExpansion/SkirmishSharedMaterialsTests.cs:212)

(Filename: Assets/Tests/Editor/SkirmishExpansion/SkirmishExpandedArmyTests.cs Line: 394)

[SkirmishExpandedEconomyTests] result=Passed
UnityEngine.Debug:ExtractStackTraceNoAlloc (byte*,int,string)
UnityEngine.StackTraceUtility:ExtractStackTrace () (at /Users/bokken/build/output/unity/unity/Runtime/Export/Scripting/StackTrace.cs:35)
UnityEngine.DebugLogHandler:Internal_Log (UnityEngine.LogType,UnityEngine.LogOption,string,UnityEngine.Object)
UnityEngine.DebugLogHandler:LogFormat (UnityEngine.LogType,UnityEngine.Object,string,object[])
UnityEngine.Logger:Log (UnityEngine.LogType,object)
UnityEngine.Debug:Log (object)
Game.Tests.Editor.SkirmishExpandedEconomyTests:RunFocusedValidation () (at Assets/Tests/Editor/SkirmishExpansion/SkirmishExpandedEconomyTests.cs:914)
Game.Tests.Editor.SkirmishSharedMaterialsTests:RunFocusedValidation () (at Assets/Tests/Editor/SkirmishExpansion/SkirmishSharedMaterialsTests.cs:268)
Game.Tests.Editor.SkirmishSharedMaterialsTests:<RunBroaderRegressionValidation>g__Run|6_0 (System.Action,string,Game.Tests.Editor.SkirmishSharedMaterialsTests/<>c__DisplayClass6_0&) (at Assets/Tests/Editor/SkirmishExpansion/SkirmishSharedMaterialsTests.cs:182)
Game.Tests.Editor.SkirmishSharedMaterialsTests:RunBroaderRegressionValidation () (at Assets/Tests/Editor/SkirmishExpansion/SkirmishSharedMaterialsTests.cs:185)
Game.Tests.Editor.SkirmishSharedMaterialsTests:RunS004DeliveryValidation () (at Assets/Tests/Editor/SkirmishExpansion/SkirmishSharedMaterialsTests.cs:212)

(Filename: Assets/Tests/Editor/SkirmishExpansion/SkirmishExpandedEconomyTests.cs Line: 914)

'Game.Runtime.SkirmishCheckpointSystem' creates a query during OnUpdate. Please create queries in OnCreate and store them in the system for use in OnUpdate instead. This is significantly faster.
UnityEngine.Debug:ExtractStackTraceNoAlloc (byte*,int,string)
UnityEngine.StackTraceUtility:ExtractStackTrace () (at /Users/bokken/build/output/unity/unity/Runtime/Export/Scripting/StackTrace.cs:35)
UnityEngine.DebugLogHandler:Internal_Log (UnityEngine.LogType,UnityEngine.LogOption,string,UnityEngine.Object)
UnityEngine.DebugLogHandler:LogFormat (UnityEngine.LogType,UnityEngine.Object,string,object[])
UnityEngine.Logger:Log (UnityEngine.LogType,object)
UnityEngine.Debug:LogWarning (object)
Unity.Debug:LogWarning (object) (at ./Library/PackageCache/com.unity.entities@bab66ffaba49/Unity.Entities/Stubs/Unity/Debug.cs:13)
Unity.Entities.SystemState:CheckOnUpdate_Query () (at ./Library/PackageCache/com.unity.entities@bab66ffaba49/Unity.Entities/SystemState.cs:551)
Unity.Entities.SystemState:GetEntityQuery (Unity.Entities.ComponentType) (at ./Library/PackageCache/com.unity.entities@bab66ffaba49/Unity.Entities/SystemState.cs:834)
Game.Runtime.SkirmishCheckpointSystem:OnUpdate (Unity.Entities.SystemState&) (at Assets/Game/Scripts/Runtime/Skirmish/SkirmishCheckpointSystem.cs:23)
Game.Runtime.SkirmishCheckpointSystem:__codegen__OnUpdate (intptr,intptr)
Unity.Entities.SystemBaseRegistry/<>c__DisplayClass9_0:<SelectBurstFn>b__0 (intptr,intptr) (at ./Library/PackageCache/com.unity.entities@bab66ffaba49/Unity.Entities/SystemBaseRegistry.cs:251)
Unity.Entities.WorldUnmanagedImpl/Unity.Entities.UnmanagedUpdate_000015A0$BurstDirectCall:Invoke (void*)
Unity.Entities.WorldUnmanagedImpl:UnmanagedUpdate (void*)
Unity.Entities.WorldUnmanagedImpl:UpdateSystem (Unity.Entities.SystemHandle) (at ./Library/PackageCache/com.unity.entities@bab66ffaba49/Unity.Entities/WorldUnmanaged.cs:942)
Unity.Entities.SystemHandle:Update (Unity.Entities.WorldUnmanaged) (at ./Library/PackageCache/com.unity.entities@bab66ffaba49/Unity.Entities/WorldUnmanaged.cs:169)
Game.Tests.Editor.SkirmishExpandedCheckpointTests:FirstCheckpointSystemRequestAttachesItsDocumentWithoutStructuralIterationFailure () (at Assets/Tests/Editor/SkirmishExpansion/SkirmishExpandedCheckpointTests.cs:46)
Game.Tests.Editor.SkirmishExpandedCheckpointTests:RunFocusedValidation () (at Assets/Tests/Editor/SkirmishExpansion/SkirmishExpandedCheckpointTests.cs:396)
Game.Tests.Editor.SkirmishSharedMaterialsTests:RunFocusedValidation () (at Assets/Tests/Editor/SkirmishExpansion/SkirmishSharedMaterialsTests.cs:269)
Game.Tests.Editor.SkirmishSharedMaterialsTests:<RunBroaderRegressionValidation>g__Run|6_0 (System.Action,string,Game.Tests.Editor.SkirmishSharedMaterialsTests/<>c__DisplayClass6_0&) (at Assets/Tests/Editor/SkirmishExpansion/SkirmishSharedMaterialsTests.cs:182)
Game.Tests.Editor.SkirmishSharedMaterialsTests:RunBroaderRegressionValidation () (at Assets/Tests/Editor/SkirmishExpansion/SkirmishSharedMaterialsTests.cs:185)
Game.Tests.Editor.SkirmishSharedMaterialsTests:RunS004DeliveryValidation () (at Assets/Tests/Editor/SkirmishExpansion/SkirmishSharedMaterialsTests.cs:212)

(Filename: ./Library/PackageCache/com.unity.entities@bab66ffaba49/Unity.Entities/Stubs/Unity/Debug.cs Line: 13)

[SkirmishStress] playRequested=1
UnityEngine.Debug:ExtractStackTraceNoAlloc (byte*,int,string)
UnityEngine.StackTraceUtility:ExtractStackTrace () (at /Users/bokken/build/output/unity/unity/Runtime/Export/Scripting/StackTrace.cs:35)
UnityEngine.DebugLogHandler:Internal_Log (UnityEngine.LogType,UnityEngine.LogOption,string,UnityEngine.Object)
UnityEngine.DebugLogHandler:LogFormat (UnityEngine.LogType,UnityEngine.Object,string,object[])
UnityEngine.Logger:Log (UnityEngine.LogType,object)
UnityEngine.Debug:Log (object)
Game.Composition.SkirmishLaunchProjection:TryRequestPlay (Unity.Entities.EntityManager) (at Assets/Game/Scripts/Composition/SkirmishLaunchProjection.cs:232)
Game.Composition.SkirmishCheckpointCompositionSystemHelper:TryReplayLive (Unity.Entities.EntityManager,Unity.Entities.Entity,string&) (at Assets/Game/Scripts/Composition/Skirmish/SkirmishCheckpointCompositionSystemHelper.cs:167)
Game.Composition.SkirmishCheckpointCompositionSystemHelper:TryConsumeExpandedReplay (Unity.Entities.EntityManager,Unity.Entities.Entity,Game.Components.SkirmishAction) (at Assets/Game/Scripts/Composition/Skirmish/SkirmishCheckpointCompositionSystemHelper.cs:181)
Game.Tests.Editor.SkirmishExpandedCheckpointTests:LivePauseSettlesOnceAndReplayReseedsFreshSession () (at Assets/Tests/Editor/SkirmishExpansion/SkirmishExpandedCheckpointTests.cs:333)
Game.Tests.Editor.SkirmishExpandedCheckpointTests:RunFocusedValidation () (at Assets/Tests/Editor/SkirmishExpansion/SkirmishExpandedCheckpointTests.cs:403)
Game.Tests.Editor.SkirmishSharedMaterialsTests:RunFocusedValidation () (at Assets/Tests/Editor/SkirmishExpansion/SkirmishSharedMaterialsTests.cs:269)
Game.Tests.Editor.SkirmishSharedMaterialsTests:<RunBroaderRegressionValidation>g__Run|6_0 (System.Action,string,Game.Tests.Editor.SkirmishSharedMaterialsTests/<>c__DisplayClass6_0&) (at Assets/Tests/Editor/SkirmishExpansion/SkirmishSharedMaterialsTests.cs:182)
Game.Tests.Editor.SkirmishSharedMaterialsTests:RunBroaderRegressionValidation () (at Assets/Tests/Editor/SkirmishExpansion/SkirmishSharedMaterialsTests.cs:185)
Game.Tests.Editor.SkirmishSharedMaterialsTests:RunS004DeliveryValidation () (at Assets/Tests/Editor/SkirmishExpansion/SkirmishSharedMaterialsTests.cs:212)

(Filename: Assets/Game/Scripts/Composition/SkirmishLaunchProjection.cs Line: 232)

[SkirmishExpandedCheckpointTests] result=Passed
UnityEngine.Debug:ExtractStackTraceNoAlloc (byte*,int,string)
UnityEngine.StackTraceUtility:ExtractStackTrace () (at /Users/bokken/build/output/unity/unity/Runtime/Export/Scripting/StackTrace.cs:35)
UnityEngine.DebugLogHandler:Internal_Log (UnityEngine.LogType,UnityEngine.LogOption,string,UnityEngine.Object)
UnityEngine.DebugLogHandler:LogFormat (UnityEngine.LogType,UnityEngine.Object,string,object[])
UnityEngine.Logger:Log (UnityEngine.LogType,object)
UnityEngine.Debug:Log (object)
Game.Tests.Editor.SkirmishExpandedCheckpointTests:RunFocusedValidation () (at Assets/Tests/Editor/SkirmishExpansion/SkirmishExpandedCheckpointTests.cs:405)
Game.Tests.Editor.SkirmishSharedMaterialsTests:RunFocusedValidation () (at Assets/Tests/Editor/SkirmishExpansion/SkirmishSharedMaterialsTests.cs:269)
Game.Tests.Editor.SkirmishSharedMaterialsTests:<RunBroaderRegressionValidation>g__Run|6_0 (System.Action,string,Game.Tests.Editor.SkirmishSharedMaterialsTests/<>c__DisplayClass6_0&) (at Assets/Tests/Editor/SkirmishExpansion/SkirmishSharedMaterialsTests.cs:182)
Game.Tests.Editor.SkirmishSharedMaterialsTests:RunBroaderRegressionValidation () (at Assets/Tests/Editor/SkirmishExpansion/SkirmishSharedMaterialsTests.cs:185)
Game.Tests.Editor.SkirmishSharedMaterialsTests:RunS004DeliveryValidation () (at Assets/Tests/Editor/SkirmishExpansion/SkirmishSharedMaterialsTests.cs:212)

(Filename: Assets/Tests/Editor/SkirmishExpansion/SkirmishExpandedCheckpointTests.cs Line: 405)

[AriaPlayEditorValidation] selected catalog=S002 definition=skirmish.s002 version=2 size=Standard difficulty=Regular seed=104731 locale=en
UnityEngine.Debug:ExtractStackTraceNoAlloc (byte*,int,string)
UnityEngine.StackTraceUtility:ExtractStackTrace () (at /Users/bokken/build/output/unity/unity/Runtime/Export/Scripting/StackTrace.cs:35)
UnityEngine.DebugLogHandler:Internal_Log (UnityEngine.LogType,UnityEngine.LogOption,string,UnityEngine.Object)
UnityEngine.DebugLogHandler:LogFormat (UnityEngine.LogType,UnityEngine.Object,string,object[])
UnityEngine.Logger:Log (UnityEngine.LogType,object)
UnityEngine.Debug:Log (object)
Game.Editor.AriaPlayEditorValidation:AcceptExpandedPayload (Game.Configs.SkirmishAriaAcceptancePayload&) (at Assets/Game/Scripts/Editor/AriaPlayEditorValidation.cs:113)
Game.Tests.Editor.SkirmishS002AriaHarnessTests:PayloadLoggersDoNotStampVictory () (at Assets/Tests/Editor/SkirmishExpansion/SkirmishS002AriaHarnessTests.cs:1012)
Game.Tests.Editor.SkirmishS002AriaHarnessTests:RunFocusedValidation () (at Assets/Tests/Editor/SkirmishExpansion/SkirmishS002AriaHarnessTests.cs:1417)
Game.Tests.Editor.SkirmishSharedMaterialsTests:RunFocusedValidation () (at Assets/Tests/Editor/SkirmishExpansion/SkirmishSharedMaterialsTests.cs:270)
Game.Tests.Editor.SkirmishSharedMaterialsTests:<RunBroaderRegressionValidation>g__Run|6_0 (System.Action,string,Game.Tests.Editor.SkirmishSharedMaterialsTests/<>c__DisplayClass6_0&) (at Assets/Tests/Editor/SkirmishExpansion/SkirmishSharedMaterialsTests.cs:182)
Game.Tests.Editor.SkirmishSharedMaterialsTests:RunBroaderRegressionValidation () (at Assets/Tests/Editor/SkirmishExpansion/SkirmishSharedMaterialsTests.cs:185)
Game.Tests.Editor.SkirmishSharedMaterialsTests:RunS004DeliveryValidation () (at Assets/Tests/Editor/SkirmishExpansion/SkirmishSharedMaterialsTests.cs:212)

(Filename: Assets/Game/Scripts/Editor/AriaPlayEditorValidation.cs Line: 113)

[SkirmishExpandedAriaWatch] selected catalog=S002 definition=skirmish.s002 version=2 size=Standard difficulty=Regular seed=155923 locale=fa-IR
UnityEngine.Debug:ExtractStackTraceNoAlloc (byte*,int,string)
UnityEngine.StackTraceUtility:ExtractStackTrace () (at /Users/bokken/build/output/unity/unity/Runtime/Export/Scripting/StackTrace.cs:35)
UnityEngine.DebugLogHandler:Internal_Log (UnityEngine.LogType,UnityEngine.LogOption,string,UnityEngine.Object)
UnityEngine.DebugLogHandler:LogFormat (UnityEngine.LogType,UnityEngine.Object,string,object[])
UnityEngine.Logger:Log (UnityEngine.LogType,object)
UnityEngine.Debug:Log (object)
Game.Editor.SkirmishExpandedAriaWatchValidation:AcceptExpandedPayload (Game.Configs.SkirmishAriaAcceptancePayload&) (at Assets/Game/Scripts/Editor/Skirmish/SkirmishExpandedAriaWatchValidation.cs:32)
Game.Editor.SkirmishExpandedAriaWatchValidation:AcceptExpandedPayload (string,Game.Skirmish.Contracts.SkirmishSizeId,Game.Skirmish.Contracts.SkirmishDifficultyId,int,string) (at Assets/Game/Scripts/Editor/Skirmish/SkirmishExpandedAriaWatchValidation.cs:55)
Game.Tests.Editor.SkirmishS002AriaHarnessTests:PayloadLoggersDoNotStampVictory () (at Assets/Tests/Editor/SkirmishExpansion/SkirmishS002AriaHarnessTests.cs:1013)
Game.Tests.Editor.SkirmishS002AriaHarnessTests:RunFocusedValidation () (at Assets/Tests/Editor/SkirmishExpansion/SkirmishS002AriaHarnessTests.cs:1417)
Game.Tests.Editor.SkirmishSharedMaterialsTests:RunFocusedValidation () (at Assets/Tests/Editor/SkirmishExpansion/SkirmishSharedMaterialsTests.cs:270)
Game.Tests.Editor.SkirmishSharedMaterialsTests:<RunBroaderRegressionValidation>g__Run|6_0 (System.Action,string,Game.Tests.Editor.SkirmishSharedMaterialsTests/<>c__DisplayClass6_0&) (at Assets/Tests/Editor/SkirmishExpansion/SkirmishSharedMaterialsTests.cs:182)
Game.Tests.Editor.SkirmishSharedMaterialsTests:RunBroaderRegressionValidation () (at Assets/Tests/Editor/SkirmishExpansion/SkirmishSharedMaterialsTests.cs:185)
Game.Tests.Editor.SkirmishSharedMaterialsTests:RunS004DeliveryValidation () (at Assets/Tests/Editor/SkirmishExpansion/SkirmishSharedMaterialsTests.cs:212)

(Filename: Assets/Game/Scripts/Editor/Skirmish/SkirmishExpandedAriaWatchValidation.cs Line: 32)

'Game.Runtime.SkirmishSessionCleanupSystem' creates a query during OnUpdate. Please create queries in OnCreate and store them in the system for use in OnUpdate instead. This is significantly faster.
UnityEngine.Debug:ExtractStackTraceNoAlloc (byte*,int,string)
UnityEngine.StackTraceUtility:ExtractStackTrace () (at /Users/bokken/build/output/unity/unity/Runtime/Export/Scripting/StackTrace.cs:35)
UnityEngine.DebugLogHandler:Internal_Log (UnityEngine.LogType,UnityEngine.LogOption,string,UnityEngine.Object)
UnityEngine.DebugLogHandler:LogFormat (UnityEngine.LogType,UnityEngine.Object,string,object[])
UnityEngine.Logger:Log (UnityEngine.LogType,object)
UnityEngine.Debug:LogWarning (object)
Unity.Debug:LogWarning (object) (at ./Library/PackageCache/com.unity.entities@bab66ffaba49/Unity.Entities/Stubs/Unity/Debug.cs:13)
Unity.Entities.SystemState:CheckOnUpdate_Query () (at ./Library/PackageCache/com.unity.entities@bab66ffaba49/Unity.Entities/SystemState.cs:551)
Unity.Entities.SystemState:GetEntityQuery (Unity.Entities.ComponentType) (at ./Library/PackageCache/com.unity.entities@bab66ffaba49/Unity.Entities/SystemState.cs:834)
Game.Runtime.SkirmishSessionCleanupSystem:OnUpdate (Unity.Entities.SystemState&) (at Assets/Game/Scripts/Runtime/Skirmish/SkirmishSessionCleanupSystem.cs:22)
Game.Runtime.SkirmishSessionCleanupSystem:__codegen__OnUpdate (intptr,intptr)
Unity.Entities.SystemBaseRegistry/<>c__DisplayClass9_0:<SelectBurstFn>b__0 (intptr,intptr) (at ./Library/PackageCache/com.unity.entities@bab66ffaba49/Unity.Entities/SystemBaseRegistry.cs:251)
Unity.Entities.WorldUnmanagedImpl/Unity.Entities.UnmanagedUpdate_000015A0$BurstDirectCall:Invoke (void*)
Unity.Entities.WorldUnmanagedImpl:UnmanagedUpdate (void*)
Unity.Entities.WorldUnmanagedImpl:UpdateSystem (Unity.Entities.SystemHandle) (at ./Library/PackageCache/com.unity.entities@bab66ffaba49/Unity.Entities/WorldUnmanaged.cs:942)
Unity.Entities.SystemHandle:Update (Unity.Entities.WorldUnmanaged) (at ./Library/PackageCache/com.unity.entities@bab66ffaba49/Unity.Entities/WorldUnmanaged.cs:169)
Game.Tests.Editor.SkirmishS002AriaHarnessTests:FinishedMatchRetainsActorsAndSetupUntilExplicitCleanup () (at Assets/Tests/Editor/SkirmishExpansion/SkirmishS002AriaHarnessTests.cs:1128)
Game.Tests.Editor.SkirmishS002AriaHarnessTests:RunFocusedValidation () (at Assets/Tests/Editor/SkirmishExpansion/SkirmishS002AriaHarnessTests.cs:1421)
Game.Tests.Editor.SkirmishSharedMaterialsTests:RunFocusedValidation () (at Assets/Tests/Editor/SkirmishExpansion/SkirmishSharedMaterialsTests.cs:270)
Game.Tests.Editor.SkirmishSharedMaterialsTests:<RunBroaderRegressionValidation>g__Run|6_0 (System.Action,string,Game.Tests.Editor.SkirmishSharedMaterialsTests/<>c__DisplayClass6_0&) (at Assets/Tests/Editor/SkirmishExpansion/SkirmishSharedMaterialsTests.cs:182)
Game.Tests.Editor.SkirmishSharedMaterialsTests:RunBroaderRegressionValidation () (at Assets/Tests/Editor/SkirmishExpansion/SkirmishSharedMaterialsTests.cs:185)
Game.Tests.Editor.SkirmishSharedMaterialsTests:RunS004DeliveryValidation () (at Assets/Tests/Editor/SkirmishExpansion/SkirmishSharedMaterialsTests.cs:212)

(Filename: ./Library/PackageCache/com.unity.entities@bab66ffaba49/Unity.Entities/Stubs/Unity/Debug.cs Line: 13)

[SkirmishS002AriaHarnessTests] result=Passed
UnityEngine.Debug:ExtractStackTraceNoAlloc (byte*,int,string)
UnityEngine.StackTraceUtility:ExtractStackTrace () (at /Users/bokken/build/output/unity/unity/Runtime/Export/Scripting/StackTrace.cs:35)
UnityEngine.DebugLogHandler:Internal_Log (UnityEngine.LogType,UnityEngine.LogOption,string,UnityEngine.Object)
UnityEngine.DebugLogHandler:LogFormat (UnityEngine.LogType,UnityEngine.Object,string,object[])
UnityEngine.Logger:Log (UnityEngine.LogType,object)
UnityEngine.Debug:Log (object)
Game.Tests.Editor.SkirmishS002AriaHarnessTests:RunFocusedValidation () (at Assets/Tests/Editor/SkirmishExpansion/SkirmishS002AriaHarnessTests.cs:1425)
Game.Tests.Editor.SkirmishSharedMaterialsTests:RunFocusedValidation () (at Assets/Tests/Editor/SkirmishExpansion/SkirmishSharedMaterialsTests.cs:270)
Game.Tests.Editor.SkirmishSharedMaterialsTests:<RunBroaderRegressionValidation>g__Run|6_0 (System.Action,string,Game.Tests.Editor.SkirmishSharedMaterialsTests/<>c__DisplayClass6_0&) (at Assets/Tests/Editor/SkirmishExpansion/SkirmishSharedMaterialsTests.cs:182)
Game.Tests.Editor.SkirmishSharedMaterialsTests:RunBroaderRegressionValidation () (at Assets/Tests/Editor/SkirmishExpansion/SkirmishSharedMaterialsTests.cs:185)
Game.Tests.Editor.SkirmishSharedMaterialsTests:RunS004DeliveryValidation () (at Assets/Tests/Editor/SkirmishExpansion/SkirmishSharedMaterialsTests.cs:212)

(Filename: Assets/Tests/Editor/SkirmishExpansion/SkirmishS002AriaHarnessTests.cs Line: 1425)

[AriaTouchInput] physicalTakeover device=AriaInputFixturePhysicalMouse type=FastMouse generated=False
UnityEngine.Debug:ExtractStackTraceNoAlloc (byte*,int,string)
UnityEngine.StackTraceUtility:ExtractStackTrace () (at /Users/bokken/build/output/unity/unity/Runtime/Export/Scripting/StackTrace.cs:35)
UnityEngine.DebugLogHandler:Internal_Log (UnityEngine.LogType,UnityEngine.LogOption,string,UnityEngine.Object)
UnityEngine.DebugLogHandler:LogFormat (UnityEngine.LogType,UnityEngine.Object,string,object[])
UnityEngine.Logger:Log (UnityEngine.LogType,object)
UnityEngine.Debug:Log (object)
Game.UI.Runtime.AriaTouchInputUiSystemHelper:OnInputEvent (UnityEngine.InputSystem.LowLevel.InputEventPtr,UnityEngine.InputSystem.InputDevice) (at Assets/Game/Scripts/UI/Screens/AriaTouchInputUiSystemHelper.cs:183)
UnityEngine.InputSystem.Utilities.DelegateHelpers:InvokeCallbacksSafe<UnityEngine.InputSystem.LowLevel.InputEventPtr, UnityEngine.InputSystem.InputDevice> (UnityEngine.InputSystem.Utilities.CallbackArray`1<System.Action`2<UnityEngine.InputSystem.LowLevel.InputEventPtr, UnityEngine.InputSystem.InputDevice>>&,UnityEngine.InputSystem.LowLevel.InputEventPtr,UnityEngine.InputSystem.InputDevice,Unity.Profiling.ProfilerMarker,string,object) (at ./Library/PackageCache/com.unity.inputsystem@21a28c3a6c83/InputSystem/Utilities/DelegateHelpers.cs:71)
UnityEngine.InputSystem.InputManager:OnUpdate (UnityEngine.InputSystem.LowLevel.InputUpdateType,UnityEngine.InputSystem.LowLevel.InputEventBuffer&) (at ./Library/PackageCache/com.unity.inputsystem@21a28c3a6c83/InputSystem/InputManager.cs:3463)
UnityEngine.InputSystem.LowLevel.NativeInputRuntime/<>c__DisplayClass7_0:<set_onUpdate>b__0 (UnityEngineInternal.Input.NativeInputUpdateType,UnityEngineInternal.Input.NativeInputEventBuffer*) (at ./Library/PackageCache/com.unity.inputsystem@21a28c3a6c83/InputSystem/NativeInputRuntime.cs:65)
UnityEngineInternal.Input.NativeInputSystem:NotifyUpdate (UnityEngineInternal.Input.NativeInputUpdateType,intptr) (at /Users/bokken/build/output/unity/unity/Modules/Input/Private/Input.cs:132)
UnityEngine.InputSystem.LowLevel.NativeInputRuntime:Update (UnityEngine.InputSystem.LowLevel.InputUpdateType) (at ./Library/PackageCache/com.unity.inputsystem@21a28c3a6c83/InputSystem/NativeInputRuntime.cs:32)
UnityEngine.InputSystem.InputManager:Update (UnityEngine.InputSystem.LowLevel.InputUpdateType) (at ./Library/PackageCache/com.unity.inputsystem@21a28c3a6c83/InputSystem/InputManager.cs:1840)
UnityEngine.InputSystem.InputSystem:Update (UnityEngine.InputSystem.LowLevel.InputUpdateType) (at ./Library/PackageCache/com.unity.inputsystem@21a28c3a6c83/InputSystem/InputSystem.cs:2810)
System.Reflection.RuntimeMethodInfo:Invoke (object,System.Reflection.BindingFlags,System.Reflection.Binder,object[],System.Globalization.CultureInfo)
System.Reflection.MethodBase:Invoke (object,object[])
Game.Editor.AriaTouchInputValidation:PumpInput () (at Assets/Game/Scripts/Editor/AriaTouchInputValidation.cs:211)
Game.Editor.AriaTouchInputValidation:Run () (at Assets/Game/Scripts/Editor/AriaTouchInputValidation.cs:110)
Game.Tests.Editor.SkirmishSharedMaterialsTests:RunFocusedValidation () (at Assets/Tests/Editor/SkirmishExpansion/SkirmishSharedMaterialsTests.cs:271)
Game.Tests.Editor.SkirmishSharedMaterialsTests:<RunBroaderRegressionValidation>g__Run|6_0 (System.Action,string,Game.Tests.Editor.SkirmishSharedMaterialsTests/<>c__DisplayClass6_0&) (at Assets/Tests/Editor/SkirmishExpansion/SkirmishSharedMaterialsTests.cs:182)
Game.Tests.Editor.SkirmishSharedMaterialsTests:RunBroaderRegressionValidation () (at Assets/Tests/Editor/SkirmishExpansion/SkirmishSharedMaterialsTests.cs:185)
Game.Tests.Editor.SkirmishSharedMaterialsTests:RunS004DeliveryValidation () (at Assets/Tests/Editor/SkirmishExpansion/SkirmishSharedMaterialsTests.cs:212)

(Filename: Assets/Game/Scripts/UI/Screens/AriaTouchInputUiSystemHelper.cs Line: 183)

[AriaTouchInput] physicalTakeover device=AriaInputFixturePhysicalMouse type=FastMouse generated=False
UnityEngine.Debug:ExtractStackTraceNoAlloc (byte*,int,string)
UnityEngine.StackTraceUtility:ExtractStackTrace () (at /Users/bokken/build/output/unity/unity/Runtime/Export/Scripting/StackTrace.cs:35)
UnityEngine.DebugLogHandler:Internal_Log (UnityEngine.LogType,UnityEngine.LogOption,string,UnityEngine.Object)
UnityEngine.DebugLogHandler:LogFormat (UnityEngine.LogType,UnityEngine.Object,string,object[])
UnityEngine.Logger:Log (UnityEngine.LogType,object)
UnityEngine.Debug:Log (object)
Game.UI.Runtime.AriaTouchInputUiSystemHelper:OnInputEvent (UnityEngine.InputSystem.LowLevel.InputEventPtr,UnityEngine.InputSystem.InputDevice) (at Assets/Game/Scripts/UI/Screens/AriaTouchInputUiSystemHelper.cs:183)
UnityEngine.InputSystem.Utilities.DelegateHelpers:InvokeCallbacksSafe<UnityEngine.InputSystem.LowLevel.InputEventPtr, UnityEngine.InputSystem.InputDevice> (UnityEngine.InputSystem.Utilities.CallbackArray`1<System.Action`2<UnityEngine.InputSystem.LowLevel.InputEventPtr, UnityEngine.InputSystem.InputDevice>>&,UnityEngine.InputSystem.LowLevel.InputEventPtr,UnityEngine.InputSystem.InputDevice,Unity.Profiling.ProfilerMarker,string,object) (at ./Library/PackageCache/com.unity.inputsystem@21a28c3a6c83/InputSystem/Utilities/DelegateHelpers.cs:71)
UnityEngine.InputSystem.InputManager:OnUpdate (UnityEngine.InputSystem.LowLevel.InputUpdateType,UnityEngine.InputSystem.LowLevel.InputEventBuffer&) (at ./Library/PackageCache/com.unity.inputsystem@21a28c3a6c83/InputSystem/InputManager.cs:3463)
UnityEngine.InputSystem.LowLevel.NativeInputRuntime/<>c__DisplayClass7_0:<set_onUpdate>b__0 (UnityEngineInternal.Input.NativeInputUpdateType,UnityEngineInternal.Input.NativeInputEventBuffer*) (at ./Library/PackageCache/com.unity.inputsystem@21a28c3a6c83/InputSystem/NativeInputRuntime.cs:65)
UnityEngineInternal.Input.NativeInputSystem:NotifyUpdate (UnityEngineInternal.Input.NativeInputUpdateType,intptr) (at /Users/bokken/build/output/unity/unity/Modules/Input/Private/Input.cs:132)
UnityEngine.InputSystem.LowLevel.NativeInputRuntime:Update (UnityEngine.InputSystem.LowLevel.InputUpdateType) (at ./Library/PackageCache/com.unity.inputsystem@21a28c3a6c83/InputSystem/NativeInputRuntime.cs:32)
UnityEngine.InputSystem.InputManager:Update (UnityEngine.InputSystem.LowLevel.InputUpdateType) (at ./Library/PackageCache/com.unity.inputsystem@21a28c3a6c83/InputSystem/InputManager.cs:1840)
UnityEngine.InputSystem.InputSystem:Update (UnityEngine.InputSystem.LowLevel.InputUpdateType) (at ./Library/PackageCache/com.unity.inputsystem@21a28c3a6c83/InputSystem/InputSystem.cs:2810)
System.Reflection.RuntimeMethodInfo:Invoke (object,System.Reflection.BindingFlags,System.Reflection.Binder,object[],System.Globalization.CultureInfo)
System.Reflection.MethodBase:Invoke (object,object[])
Game.Editor.AriaTouchInputValidation:PumpInput () (at Assets/Game/Scripts/Editor/AriaTouchInputValidation.cs:211)
Game.Editor.AriaTouchInputValidation:Run () (at Assets/Game/Scripts/Editor/AriaTouchInputValidation.cs:129)
Game.Tests.Editor.SkirmishSharedMaterialsTests:RunFocusedValidation () (at Assets/Tests/Editor/SkirmishExpansion/SkirmishSharedMaterialsTests.cs:271)
Game.Tests.Editor.SkirmishSharedMaterialsTests:<RunBroaderRegressionValidation>g__Run|6_0 (System.Action,string,Game.Tests.Editor.SkirmishSharedMaterialsTests/<>c__DisplayClass6_0&) (at Assets/Tests/Editor/SkirmishExpansion/SkirmishSharedMaterialsTests.cs:182)
Game.Tests.Editor.SkirmishSharedMaterialsTests:RunBroaderRegressionValidation () (at Assets/Tests/Editor/SkirmishExpansion/SkirmishSharedMaterialsTests.cs:185)
Game.Tests.Editor.SkirmishSharedMaterialsTests:RunS004DeliveryValidation () (at Assets/Tests/Editor/SkirmishExpansion/SkirmishSharedMaterialsTests.cs:212)

(Filename: Assets/Game/Scripts/UI/Screens/AriaTouchInputUiSystemHelper.cs Line: 183)

[AriaTouchInput] physicalTakeover device=AriaInputFixturePhysicalTouch type=FastTouchscreen generated=False
UnityEngine.Debug:ExtractStackTraceNoAlloc (byte*,int,string)
UnityEngine.StackTraceUtility:ExtractStackTrace () (at /Users/bokken/build/output/unity/unity/Runtime/Export/Scripting/StackTrace.cs:35)
UnityEngine.DebugLogHandler:Internal_Log (UnityEngine.LogType,UnityEngine.LogOption,string,UnityEngine.Object)
UnityEngine.DebugLogHandler:LogFormat (UnityEngine.LogType,UnityEngine.Object,string,object[])
UnityEngine.Logger:Log (UnityEngine.LogType,object)
UnityEngine.Debug:Log (object)
Game.UI.Runtime.AriaTouchInputUiSystemHelper:OnInputEvent (UnityEngine.InputSystem.LowLevel.InputEventPtr,UnityEngine.InputSystem.InputDevice) (at Assets/Game/Scripts/UI/Screens/AriaTouchInputUiSystemHelper.cs:183)
UnityEngine.InputSystem.Utilities.DelegateHelpers:InvokeCallbacksSafe<UnityEngine.InputSystem.LowLevel.InputEventPtr, UnityEngine.InputSystem.InputDevice> (UnityEngine.InputSystem.Utilities.CallbackArray`1<System.Action`2<UnityEngine.InputSystem.LowLevel.InputEventPtr, UnityEngine.InputSystem.InputDevice>>&,UnityEngine.InputSystem.LowLevel.InputEventPtr,UnityEngine.InputSystem.InputDevice,Unity.Profiling.ProfilerMarker,string,object) (at ./Library/PackageCache/com.unity.inputsystem@21a28c3a6c83/InputSystem/Utilities/DelegateHelpers.cs:71)
UnityEngine.InputSystem.InputManager:OnUpdate (UnityEngine.InputSystem.LowLevel.InputUpdateType,UnityEngine.InputSystem.LowLevel.InputEventBuffer&) (at ./Library/PackageCache/com.unity.inputsystem@21a28c3a6c83/InputSystem/InputManager.cs:3463)
UnityEngine.InputSystem.LowLevel.NativeInputRuntime/<>c__DisplayClass7_0:<set_onUpdate>b__0 (UnityEngineInternal.Input.NativeInputUpdateType,UnityEngineInternal.Input.NativeInputEventBuffer*) (at ./Library/PackageCache/com.unity.inputsystem@21a28c3a6c83/InputSystem/NativeInputRuntime.cs:65)
UnityEngineInternal.Input.NativeInputSystem:NotifyUpdate (UnityEngineInternal.Input.NativeInputUpdateType,intptr) (at /Users/bokken/build/output/unity/unity/Modules/Input/Private/Input.cs:132)
UnityEngine.InputSystem.LowLevel.NativeInputRuntime:Update (UnityEngine.InputSystem.LowLevel.InputUpdateType) (at ./Library/PackageCache/com.unity.inputsystem@21a28c3a6c83/InputSystem/NativeInputRuntime.cs:32)
UnityEngine.InputSystem.InputManager:Update (UnityEngine.InputSystem.LowLevel.InputUpdateType) (at ./Library/PackageCache/com.unity.inputsystem@21a28c3a6c83/InputSystem/InputManager.cs:1840)
UnityEngine.InputSystem.InputSystem:Update (UnityEngine.InputSystem.LowLevel.InputUpdateType) (at ./Library/PackageCache/com.unity.inputsystem@21a28c3a6c83/InputSystem/InputSystem.cs:2810)
System.Reflection.RuntimeMethodInfo:Invoke (object,System.Reflection.BindingFlags,System.Reflection.Binder,object[],System.Globalization.CultureInfo)
System.Reflection.MethodBase:Invoke (object,object[])
Game.Editor.AriaTouchInputValidation:PumpInput () (at Assets/Game/Scripts/Editor/AriaTouchInputValidation.cs:211)
Game.Editor.AriaTouchInputValidation:Run () (at Assets/Game/Scripts/Editor/AriaTouchInputValidation.cs:143)
Game.Tests.Editor.SkirmishSharedMaterialsTests:RunFocusedValidation () (at Assets/Tests/Editor/SkirmishExpansion/SkirmishSharedMaterialsTests.cs:271)
Game.Tests.Editor.SkirmishSharedMaterialsTests:<RunBroaderRegressionValidation>g__Run|6_0 (System.Action,string,Game.Tests.Editor.SkirmishSharedMaterialsTests/<>c__DisplayClass6_0&) (at Assets/Tests/Editor/SkirmishExpansion/SkirmishSharedMaterialsTests.cs:182)
Game.Tests.Editor.SkirmishSharedMaterialsTests:RunBroaderRegressionValidation () (at Assets/Tests/Editor/SkirmishExpansion/SkirmishSharedMaterialsTests.cs:185)
Game.Tests.Editor.SkirmishSharedMaterialsTests:RunS004DeliveryValidation () (at Assets/Tests/Editor/SkirmishExpansion/SkirmishSharedMaterialsTests.cs:212)

(Filename: Assets/Game/Scripts/UI/Screens/AriaTouchInputUiSystemHelper.cs Line: 183)

[AriaTouchInputValidation] result=Passed cases=22
UnityEngine.Debug:ExtractStackTraceNoAlloc (byte*,int,string)
UnityEngine.StackTraceUtility:ExtractStackTrace () (at /Users/bokken/build/output/unity/unity/Runtime/Export/Scripting/StackTrace.cs:35)
UnityEngine.DebugLogHandler:Internal_Log (UnityEngine.LogType,UnityEngine.LogOption,string,UnityEngine.Object)
UnityEngine.DebugLogHandler:LogFormat (UnityEngine.LogType,UnityEngine.Object,string,object[])
UnityEngine.Logger:Log (UnityEngine.LogType,object)
UnityEngine.Debug:Log (object)
Game.Editor.AriaTouchInputValidation:Run () (at Assets/Game/Scripts/Editor/AriaTouchInputValidation.cs:171)
Game.Tests.Editor.SkirmishSharedMaterialsTests:RunFocusedValidation () (at Assets/Tests/Editor/SkirmishExpansion/SkirmishSharedMaterialsTests.cs:271)
Game.Tests.Editor.SkirmishSharedMaterialsTests:<RunBroaderRegressionValidation>g__Run|6_0 (System.Action,string,Game.Tests.Editor.SkirmishSharedMaterialsTests/<>c__DisplayClass6_0&) (at Assets/Tests/Editor/SkirmishExpansion/SkirmishSharedMaterialsTests.cs:182)
Game.Tests.Editor.SkirmishSharedMaterialsTests:RunBroaderRegressionValidation () (at Assets/Tests/Editor/SkirmishExpansion/SkirmishSharedMaterialsTests.cs:185)
Game.Tests.Editor.SkirmishSharedMaterialsTests:RunS004DeliveryValidation () (at Assets/Tests/Editor/SkirmishExpansion/SkirmishSharedMaterialsTests.cs:212)

(Filename: Assets/Game/Scripts/Editor/AriaTouchInputValidation.cs Line: 171)

DefaultInputActions: Destroy may not be called from edit mode! Use DestroyImmediate instead.
Destroying an object in edit mode destroys it permanently
UnityEngine.Debug:ExtractStackTraceNoAlloc (byte*,int,string)
UnityEngine.StackTraceUtility:ExtractStackTrace () (at /Users/bokken/build/output/unity/unity/Runtime/Export/Scripting/StackTrace.cs:35)
UnityEngine.Object:Destroy (UnityEngine.Object,single)
UnityEngine.Object:Destroy (UnityEngine.Object) (at /Users/bokken/build/output/unity/unity/Runtime/Export/Scripting/UnityEngineObject.bindings.cs:707)
UnityEngine.InputSystem.DefaultInputActions:Dispose () (at ./Library/PackageCache/com.unity.inputsystem@21a28c3a6c83/InputSystem/Plugins/PlayerInput/DefaultInputActions.cs:904)
UnityEngine.InputSystem.UI.InputSystemUIInputModule:UnassignActions () (at ./Library/PackageCache/com.unity.inputsystem@21a28c3a6c83/InputSystem/Plugins/UI/InputSystemUIInputModule.cs:1580)
UnityEngine.InputSystem.UI.InputSystemUIInputModule:OnDisable () (at ./Library/PackageCache/com.unity.inputsystem@21a28c3a6c83/InputSystem/Plugins/UI/InputSystemUIInputModule.cs:1667)
System.Reflection.RuntimeMethodInfo:Invoke (object,System.Reflection.BindingFlags,System.Reflection.Binder,object[],System.Globalization.CultureInfo)
System.Reflection.MethodBase:Invoke (object,object[])
Game.Editor.AriaTouchInputValidation:Run () (at Assets/Game/Scripts/Editor/AriaTouchInputValidation.cs:186)
Game.Tests.Editor.SkirmishSharedMaterialsTests:RunFocusedValidation () (at Assets/Tests/Editor/SkirmishExpansion/SkirmishSharedMaterialsTests.cs:271)
Game.Tests.Editor.SkirmishSharedMaterialsTests:<RunBroaderRegressionValidation>g__Run|6_0 (System.Action,string,Game.Tests.Editor.SkirmishSharedMaterialsTests/<>c__DisplayClass6_0&) (at Assets/Tests/Editor/SkirmishExpansion/SkirmishSharedMaterialsTests.cs:182)
Game.Tests.Editor.SkirmishSharedMaterialsTests:RunBroaderRegressionValidation () (at Assets/Tests/Editor/SkirmishExpansion/SkirmishSharedMaterialsTests.cs:185)
Game.Tests.Editor.SkirmishSharedMaterialsTests:RunS004DeliveryValidation () (at Assets/Tests/Editor/SkirmishExpansion/SkirmishSharedMaterialsTests.cs:212)

[Assets/Game/Scripts/Editor/AriaTouchInputValidation.cs line 186]

[SkirmishSharedMaterialsTests] result=Passed
UnityEngine.Debug:ExtractStackTraceNoAlloc (byte*,int,string)
UnityEngine.StackTraceUtility:ExtractStackTrace () (at /Users/bokken/build/output/unity/unity/Runtime/Export/Scripting/StackTrace.cs:35)
UnityEngine.DebugLogHandler:Internal_Log (UnityEngine.LogType,UnityEngine.LogOption,string,UnityEngine.Object)
UnityEngine.DebugLogHandler:LogFormat (UnityEngine.LogType,UnityEngine.Object,string,object[])
UnityEngine.Logger:Log (UnityEngine.LogType,object)
UnityEngine.Debug:Log (object)
Game.Tests.Editor.SkirmishSharedMaterialsTests:RunFocusedValidation () (at Assets/Tests/Editor/SkirmishExpansion/SkirmishSharedMaterialsTests.cs:288)
Game.Tests.Editor.SkirmishSharedMaterialsTests:<RunBroaderRegressionValidation>g__Run|6_0 (System.Action,string,Game.Tests.Editor.SkirmishSharedMaterialsTests/<>c__DisplayClass6_0&) (at Assets/Tests/Editor/SkirmishExpansion/SkirmishSharedMaterialsTests.cs:182)
Game.Tests.Editor.SkirmishSharedMaterialsTests:RunBroaderRegressionValidation () (at Assets/Tests/Editor/SkirmishExpansion/SkirmishSharedMaterialsTests.cs:185)
Game.Tests.Editor.SkirmishSharedMaterialsTests:RunS004DeliveryValidation () (at Assets/Tests/Editor/SkirmishExpansion/SkirmishSharedMaterialsTests.cs:212)

(Filename: Assets/Tests/Editor/SkirmishExpansion/SkirmishSharedMaterialsTests.cs Line: 288)

[FactionTacticalMaterialsFocusedValidation] result=Passed tests=9
UnityEngine.Debug:ExtractStackTraceNoAlloc (byte*,int,string)
UnityEngine.StackTraceUtility:ExtractStackTrace () (at /Users/bokken/build/output/unity/unity/Runtime/Export/Scripting/StackTrace.cs:35)
UnityEngine.DebugLogHandler:Internal_Log (UnityEngine.LogType,UnityEngine.LogOption,string,UnityEngine.Object)
UnityEngine.DebugLogHandler:LogFormat (UnityEngine.LogType,UnityEngine.Object,string,object[])
UnityEngine.Logger:Log (UnityEngine.LogType,object)
UnityEngine.Debug:Log (object)
FactionTacticalMaterialsUtilitySystemHelperTests:RunFocusedValidation () (at Assets/Tests/Editor/FactionTacticalMaterialsUtilitySystemHelperTests.cs:23)
Game.Tests.Editor.SkirmishSharedMaterialsTests:<RunBroaderRegressionValidation>g__Run|6_0 (System.Action,string,Game.Tests.Editor.SkirmishSharedMaterialsTests/<>c__DisplayClass6_0&) (at Assets/Tests/Editor/SkirmishExpansion/SkirmishSharedMaterialsTests.cs:182)
Game.Tests.Editor.SkirmishSharedMaterialsTests:RunBroaderRegressionValidation () (at Assets/Tests/Editor/SkirmishExpansion/SkirmishSharedMaterialsTests.cs:186)
Game.Tests.Editor.SkirmishSharedMaterialsTests:RunS004DeliveryValidation () (at Assets/Tests/Editor/SkirmishExpansion/SkirmishSharedMaterialsTests.cs:212)

(Filename: Assets/Tests/Editor/FactionTacticalMaterialsUtilitySystemHelperTests.cs Line: 23)

[SkirmishLaunch] queued expanded catalog=S002 definition=skirmish.s002 start=EstablishedBase difficulty=Regular size=Standard seed=104731 mapHint=0
UnityEngine.Debug:ExtractStackTraceNoAlloc (byte*,int,string)
UnityEngine.StackTraceUtility:ExtractStackTrace () (at /Users/bokken/build/output/unity/unity/Runtime/Export/Scripting/StackTrace.cs:35)
UnityEngine.DebugLogHandler:Internal_Log (UnityEngine.LogType,UnityEngine.LogOption,string,UnityEngine.Object)
UnityEngine.DebugLogHandler:LogFormat (UnityEngine.LogType,UnityEngine.Object,string,object[])
UnityEngine.Logger:Log (UnityEngine.LogType,object)
UnityEngine.Debug:Log (object)
Game.Composition.SkirmishLaunchProjection:TryQueueExpanded (Unity.Entities.EntityManager,string,int) (at Assets/Game/Scripts/Composition/SkirmishLaunchProjection.cs:132)
Game.Composition.SkirmishLaunchProjection:TryQueue (Unity.Entities.EntityManager,Game.Configs.QuickGameConfig) (at Assets/Game/Scripts/Composition/SkirmishLaunchProjection.cs:58)
Game.Tests.Editor.SkirmishExpandedDefinitionTests:LibraryDispatchIndexQueuesEstablishedS002 () (at Assets/Tests/Editor/SkirmishExpansion/SkirmishExpandedDefinitionTests.cs:857)
Game.Tests.Editor.SkirmishExpandedDefinitionTests:RunFocusedValidation () (at Assets/Tests/Editor/SkirmishExpansion/SkirmishExpandedDefinitionTests.cs:1024)
Game.Tests.Editor.SkirmishSharedMaterialsTests:<RunBroaderRegressionValidation>g__Run|6_0 (System.Action,string,Game.Tests.Editor.SkirmishSharedMaterialsTests/<>c__DisplayClass6_0&) (at Assets/Tests/Editor/SkirmishExpansion/SkirmishSharedMaterialsTests.cs:182)
Game.Tests.Editor.SkirmishSharedMaterialsTests:RunBroaderRegressionValidation () (at Assets/Tests/Editor/SkirmishExpansion/SkirmishSharedMaterialsTests.cs:187)
Game.Tests.Editor.SkirmishSharedMaterialsTests:RunS004DeliveryValidation () (at Assets/Tests/Editor/SkirmishExpansion/SkirmishSharedMaterialsTests.cs:212)

(Filename: Assets/Game/Scripts/Composition/SkirmishLaunchProjection.cs Line: 132)

[SkirmishLaunch] queued expanded catalog=S003 definition=skirmish.s003 start=FieldBase difficulty=Regular size=Standard seed=104732 mapHint=0
UnityEngine.Debug:ExtractStackTraceNoAlloc (byte*,int,string)
UnityEngine.StackTraceUtility:ExtractStackTrace () (at /Users/bokken/build/output/unity/unity/Runtime/Export/Scripting/StackTrace.cs:35)
UnityEngine.DebugLogHandler:Internal_Log (UnityEngine.LogType,UnityEngine.LogOption,string,UnityEngine.Object)
UnityEngine.DebugLogHandler:LogFormat (UnityEngine.LogType,UnityEngine.Object,string,object[])
UnityEngine.Logger:Log (UnityEngine.LogType,object)
UnityEngine.Debug:Log (object)
Game.Composition.SkirmishLaunchProjection:TryQueueExpanded (Unity.Entities.EntityManager,string,int) (at Assets/Game/Scripts/Composition/SkirmishLaunchProjection.cs:132)
Game.Composition.SkirmishLaunchProjection:TryQueue (Unity.Entities.EntityManager,Game.Configs.QuickGameConfig) (at Assets/Game/Scripts/Composition/SkirmishLaunchProjection.cs:60)
Game.Tests.Editor.SkirmishExpandedDefinitionTests:LibraryDispatchIndexQueuesAirMobileS003 () (at Assets/Tests/Editor/SkirmishExpansion/SkirmishExpandedDefinitionTests.cs:882)
Game.Tests.Editor.SkirmishExpandedDefinitionTests:RunFocusedValidation () (at Assets/Tests/Editor/SkirmishExpansion/SkirmishExpandedDefinitionTests.cs:1025)
Game.Tests.Editor.SkirmishSharedMaterialsTests:<RunBroaderRegressionValidation>g__Run|6_0 (System.Action,string,Game.Tests.Editor.SkirmishSharedMaterialsTests/<>c__DisplayClass6_0&) (at Assets/Tests/Editor/SkirmishExpansion/SkirmishSharedMaterialsTests.cs:182)
Game.Tests.Editor.SkirmishSharedMaterialsTests:RunBroaderRegressionValidation () (at Assets/Tests/Editor/SkirmishExpansion/SkirmishSharedMaterialsTests.cs:187)
Game.Tests.Editor.SkirmishSharedMaterialsTests:RunS004DeliveryValidation () (at Assets/Tests/Editor/SkirmishExpansion/SkirmishSharedMaterialsTests.cs:212)

(Filename: Assets/Game/Scripts/Composition/SkirmishLaunchProjection.cs Line: 132)

[SkirmishLaunch] queued expanded catalog=S004 definition=skirmish.s004 start=EstablishedBase difficulty=Regular size=Standard seed=104733 mapHint=0
UnityEngine.Debug:ExtractStackTraceNoAlloc (byte*,int,string)
UnityEngine.StackTraceUtility:ExtractStackTrace () (at /Users/bokken/build/output/unity/unity/Runtime/Export/Scripting/StackTrace.cs:35)
UnityEngine.DebugLogHandler:Internal_Log (UnityEngine.LogType,UnityEngine.LogOption,string,UnityEngine.Object)
UnityEngine.DebugLogHandler:LogFormat (UnityEngine.LogType,UnityEngine.Object,string,object[])
UnityEngine.Logger:Log (UnityEngine.LogType,object)
UnityEngine.Debug:Log (object)
Game.Composition.SkirmishLaunchProjection:TryQueueExpanded (Unity.Entities.EntityManager,string,int) (at Assets/Game/Scripts/Composition/SkirmishLaunchProjection.cs:132)
Game.Composition.SkirmishLaunchProjection:TryQueue (Unity.Entities.EntityManager,Game.Configs.QuickGameConfig) (at Assets/Game/Scripts/Composition/SkirmishLaunchProjection.cs:62)
Game.Tests.Editor.SkirmishExpandedDefinitionTests:LibraryDispatchIndexQueuesEstablishedAirMobileS004 () (at Assets/Tests/Editor/SkirmishExpansion/SkirmishExpandedDefinitionTests.cs:909)
Game.Tests.Editor.SkirmishExpandedDefinitionTests:RunFocusedValidation () (at Assets/Tests/Editor/SkirmishExpansion/SkirmishExpandedDefinitionTests.cs:1026)
Game.Tests.Editor.SkirmishSharedMaterialsTests:<RunBroaderRegressionValidation>g__Run|6_0 (System.Action,string,Game.Tests.Editor.SkirmishSharedMaterialsTests/<>c__DisplayClass6_0&) (at Assets/Tests/Editor/SkirmishExpansion/SkirmishSharedMaterialsTests.cs:182)
Game.Tests.Editor.SkirmishSharedMaterialsTests:RunBroaderRegressionValidation () (at Assets/Tests/Editor/SkirmishExpansion/SkirmishSharedMaterialsTests.cs:187)
Game.Tests.Editor.SkirmishSharedMaterialsTests:RunS004DeliveryValidation () (at Assets/Tests/Editor/SkirmishExpansion/SkirmishSharedMaterialsTests.cs:212)

(Filename: Assets/Game/Scripts/Composition/SkirmishLaunchProjection.cs Line: 132)

[SkirmishExpandedDefinitionTests] result=Passed
UnityEngine.Debug:ExtractStackTraceNoAlloc (byte*,int,string)
UnityEngine.StackTraceUtility:ExtractStackTrace () (at /Users/bokken/build/output/unity/unity/Runtime/Export/Scripting/StackTrace.cs:35)
UnityEngine.DebugLogHandler:Internal_Log (UnityEngine.LogType,UnityEngine.LogOption,string,UnityEngine.Object)
UnityEngine.DebugLogHandler:LogFormat (UnityEngine.LogType,UnityEngine.Object,string,object[])
UnityEngine.Logger:Log (UnityEngine.LogType,object)
UnityEngine.Debug:Log (object)
Game.Tests.Editor.SkirmishExpandedDefinitionTests:RunFocusedValidation () (at Assets/Tests/Editor/SkirmishExpansion/SkirmishExpandedDefinitionTests.cs:1048)
Game.Tests.Editor.SkirmishSharedMaterialsTests:<RunBroaderRegressionValidation>g__Run|6_0 (System.Action,string,Game.Tests.Editor.SkirmishSharedMaterialsTests/<>c__DisplayClass6_0&) (at Assets/Tests/Editor/SkirmishExpansion/SkirmishSharedMaterialsTests.cs:182)
Game.Tests.Editor.SkirmishSharedMaterialsTests:RunBroaderRegressionValidation () (at Assets/Tests/Editor/SkirmishExpansion/SkirmishSharedMaterialsTests.cs:187)
Game.Tests.Editor.SkirmishSharedMaterialsTests:RunS004DeliveryValidation () (at Assets/Tests/Editor/SkirmishExpansion/SkirmishSharedMaterialsTests.cs:212)

(Filename: Assets/Tests/Editor/SkirmishExpansion/SkirmishExpandedDefinitionTests.cs Line: 1048)

[SkirmishExpandedCatalogTests] result=Passed
UnityEngine.Debug:ExtractStackTraceNoAlloc (byte*,int,string)
UnityEngine.StackTraceUtility:ExtractStackTrace () (at /Users/bokken/build/output/unity/unity/Runtime/Export/Scripting/StackTrace.cs:35)
UnityEngine.DebugLogHandler:Internal_Log (UnityEngine.LogType,UnityEngine.LogOption,string,UnityEngine.Object)
UnityEngine.DebugLogHandler:LogFormat (UnityEngine.LogType,UnityEngine.Object,string,object[])
UnityEngine.Logger:Log (UnityEngine.LogType,object)
UnityEngine.Debug:Log (object)
Game.Tests.Editor.SkirmishExpandedCatalogTests:RunFocusedValidation () (at Assets/Tests/Editor/SkirmishExpansion/SkirmishExpandedCatalogTests.cs:334)
Game.Tests.Editor.SkirmishSharedMaterialsTests:<RunBroaderRegressionValidation>g__Run|6_0 (System.Action,string,Game.Tests.Editor.SkirmishSharedMaterialsTests/<>c__DisplayClass6_0&) (at Assets/Tests/Editor/SkirmishExpansion/SkirmishSharedMaterialsTests.cs:182)
Game.Tests.Editor.SkirmishSharedMaterialsTests:RunBroaderRegressionValidation () (at Assets/Tests/Editor/SkirmishExpansion/SkirmishSharedMaterialsTests.cs:188)
Game.Tests.Editor.SkirmishSharedMaterialsTests:RunS004DeliveryValidation () (at Assets/Tests/Editor/SkirmishExpansion/SkirmishSharedMaterialsTests.cs:212)

(Filename: Assets/Tests/Editor/SkirmishExpansion/SkirmishExpandedCatalogTests.cs Line: 334)

[SkirmishExpandedObjectiveTests] result=Passed
UnityEngine.Debug:ExtractStackTraceNoAlloc (byte*,int,string)
UnityEngine.StackTraceUtility:ExtractStackTrace () (at /Users/bokken/build/output/unity/unity/Runtime/Export/Scripting/StackTrace.cs:35)
UnityEngine.DebugLogHandler:Internal_Log (UnityEngine.LogType,UnityEngine.LogOption,string,UnityEngine.Object)
UnityEngine.DebugLogHandler:LogFormat (UnityEngine.LogType,UnityEngine.Object,string,object[])
UnityEngine.Logger:Log (UnityEngine.LogType,object)
UnityEngine.Debug:Log (object)
Game.Tests.Editor.SkirmishExpandedObjectiveTests:RunFocusedValidation () (at Assets/Tests/Editor/SkirmishExpansion/SkirmishExpandedObjectiveTests.cs:275)
Game.Tests.Editor.SkirmishSharedMaterialsTests:<RunBroaderRegressionValidation>g__Run|6_0 (System.Action,string,Game.Tests.Editor.SkirmishSharedMaterialsTests/<>c__DisplayClass6_0&) (at Assets/Tests/Editor/SkirmishExpansion/SkirmishSharedMaterialsTests.cs:182)
Game.Tests.Editor.SkirmishSharedMaterialsTests:RunBroaderRegressionValidation () (at Assets/Tests/Editor/SkirmishExpansion/SkirmishSharedMaterialsTests.cs:189)
Game.Tests.Editor.SkirmishSharedMaterialsTests:RunS004DeliveryValidation () (at Assets/Tests/Editor/SkirmishExpansion/SkirmishSharedMaterialsTests.cs:212)

(Filename: Assets/Tests/Editor/SkirmishExpansion/SkirmishExpandedObjectiveTests.cs Line: 275)

[SkirmishExpandedVisualTests] result=Passed
UnityEngine.Debug:ExtractStackTraceNoAlloc (byte*,int,string)
UnityEngine.StackTraceUtility:ExtractStackTrace () (at /Users/bokken/build/output/unity/unity/Runtime/Export/Scripting/StackTrace.cs:35)
UnityEngine.DebugLogHandler:Internal_Log (UnityEngine.LogType,UnityEngine.LogOption,string,UnityEngine.Object)
UnityEngine.DebugLogHandler:LogFormat (UnityEngine.LogType,UnityEngine.Object,string,object[])
UnityEngine.Logger:Log (UnityEngine.LogType,object)
UnityEngine.Debug:Log (object)
Game.Tests.Editor.SkirmishExpandedVisualTests:RunFocusedValidation () (at Assets/Tests/Editor/SkirmishExpansion/SkirmishExpandedVisualTests.cs:404)
Game.Tests.Editor.SkirmishSharedMaterialsTests:<RunBroaderRegressionValidation>g__Run|6_0 (System.Action,string,Game.Tests.Editor.SkirmishSharedMaterialsTests/<>c__DisplayClass6_0&) (at Assets/Tests/Editor/SkirmishExpansion/SkirmishSharedMaterialsTests.cs:182)
Game.Tests.Editor.SkirmishSharedMaterialsTests:RunBroaderRegressionValidation () (at Assets/Tests/Editor/SkirmishExpansion/SkirmishSharedMaterialsTests.cs:190)
Game.Tests.Editor.SkirmishSharedMaterialsTests:RunS004DeliveryValidation () (at Assets/Tests/Editor/SkirmishExpansion/SkirmishSharedMaterialsTests.cs:212)

(Filename: Assets/Tests/Editor/SkirmishExpansion/SkirmishExpandedVisualTests.cs Line: 404)

[AriaPlayEditorValidation] selected catalog=S002 definition=skirmish.s002 version=2 size=Standard difficulty=Regular seed=104731 locale=en
UnityEngine.Debug:ExtractStackTraceNoAlloc (byte*,int,string)
UnityEngine.StackTraceUtility:ExtractStackTrace () (at /Users/bokken/build/output/unity/unity/Runtime/Export/Scripting/StackTrace.cs:35)
UnityEngine.DebugLogHandler:Internal_Log (UnityEngine.LogType,UnityEngine.LogOption,string,UnityEngine.Object)
UnityEngine.DebugLogHandler:LogFormat (UnityEngine.LogType,UnityEngine.Object,string,object[])
UnityEngine.Logger:Log (UnityEngine.LogType,object)
UnityEngine.Debug:Log (object)
Game.Editor.AriaPlayEditorValidation:AcceptExpandedPayload (Game.Configs.SkirmishAriaAcceptancePayload&) (at Assets/Game/Scripts/Editor/AriaPlayEditorValidation.cs:113)
Game.Tests.Editor.SkirmishExpandedAcceptanceTests:AriaPlayAndWatchFacilitiesLogSelectedConfiguration () (at Assets/Tests/Editor/SkirmishExpansion/SkirmishExpandedAcceptanceTests.cs:170)
Game.Tests.Editor.SkirmishExpandedAcceptanceTests:RunFocusedValidation () (at Assets/Tests/Editor/SkirmishExpansion/SkirmishExpandedAcceptanceTests.cs:547)
Game.Tests.Editor.SkirmishSharedMaterialsTests:<RunBroaderRegressionValidation>g__Run|6_0 (System.Action,string,Game.Tests.Editor.SkirmishSharedMaterialsTests/<>c__DisplayClass6_0&) (at Assets/Tests/Editor/SkirmishExpansion/SkirmishSharedMaterialsTests.cs:182)
Game.Tests.Editor.SkirmishSharedMaterialsTests:RunBroaderRegressionValidation () (at Assets/Tests/Editor/SkirmishExpansion/SkirmishSharedMaterialsTests.cs:191)
Game.Tests.Editor.SkirmishSharedMaterialsTests:RunS004DeliveryValidation () (at Assets/Tests/Editor/SkirmishExpansion/SkirmishSharedMaterialsTests.cs:212)

(Filename: Assets/Game/Scripts/Editor/AriaPlayEditorValidation.cs Line: 113)

[SkirmishExpandedAriaWatch] selected catalog=S002 definition=skirmish.s002 version=2 size=Standard difficulty=Regular seed=130365 locale=fa-IR
UnityEngine.Debug:ExtractStackTraceNoAlloc (byte*,int,string)
UnityEngine.StackTraceUtility:ExtractStackTrace () (at /Users/bokken/build/output/unity/unity/Runtime/Export/Scripting/StackTrace.cs:35)
UnityEngine.DebugLogHandler:Internal_Log (UnityEngine.LogType,UnityEngine.LogOption,string,UnityEngine.Object)
UnityEngine.DebugLogHandler:LogFormat (UnityEngine.LogType,UnityEngine.Object,string,object[])
UnityEngine.Logger:Log (UnityEngine.LogType,object)
UnityEngine.Debug:Log (object)
Game.Editor.SkirmishExpandedAriaWatchValidation:AcceptExpandedPayload (Game.Configs.SkirmishAriaAcceptancePayload&) (at Assets/Game/Scripts/Editor/Skirmish/SkirmishExpandedAriaWatchValidation.cs:32)
Game.Editor.SkirmishExpandedAriaWatchValidation:AcceptExpandedPayload (string,Game.Skirmish.Contracts.SkirmishSizeId,Game.Skirmish.Contracts.SkirmishDifficultyId,int,string) (at Assets/Game/Scripts/Editor/Skirmish/SkirmishExpandedAriaWatchValidation.cs:55)
Game.Tests.Editor.SkirmishExpandedAcceptanceTests:AriaPlayAndWatchFacilitiesLogSelectedConfiguration () (at Assets/Tests/Editor/SkirmishExpansion/SkirmishExpandedAcceptanceTests.cs:178)
Game.Tests.Editor.SkirmishExpandedAcceptanceTests:RunFocusedValidation () (at Assets/Tests/Editor/SkirmishExpansion/SkirmishExpandedAcceptanceTests.cs:547)
Game.Tests.Editor.SkirmishSharedMaterialsTests:<RunBroaderRegressionValidation>g__Run|6_0 (System.Action,string,Game.Tests.Editor.SkirmishSharedMaterialsTests/<>c__DisplayClass6_0&) (at Assets/Tests/Editor/SkirmishExpansion/SkirmishSharedMaterialsTests.cs:182)
Game.Tests.Editor.SkirmishSharedMaterialsTests:RunBroaderRegressionValidation () (at Assets/Tests/Editor/SkirmishExpansion/SkirmishSharedMaterialsTests.cs:191)
Game.Tests.Editor.SkirmishSharedMaterialsTests:RunS004DeliveryValidation () (at Assets/Tests/Editor/SkirmishExpansion/SkirmishSharedMaterialsTests.cs:212)

(Filename: Assets/Game/Scripts/Editor/Skirmish/SkirmishExpandedAriaWatchValidation.cs Line: 32)

[SkirmishIndustrialBasinAriaWatch] selected catalog=S002 definition=skirmish.s002 version=2 size=Standard difficulty=Regular seed=104731 locale=en
UnityEngine.Debug:ExtractStackTraceNoAlloc (byte*,int,string)
UnityEngine.StackTraceUtility:ExtractStackTrace () (at /Users/bokken/build/output/unity/unity/Runtime/Export/Scripting/StackTrace.cs:35)
UnityEngine.DebugLogHandler:Internal_Log (UnityEngine.LogType,UnityEngine.LogOption,string,UnityEngine.Object)
UnityEngine.DebugLogHandler:LogFormat (UnityEngine.LogType,UnityEngine.Object,string,object[])
UnityEngine.Logger:Log (UnityEngine.LogType,object)
UnityEngine.Debug:Log (object)
Game.Editor.SkirmishIndustrialBasinAriaWatchProbe:AcceptExpandedPayload (Game.Configs.SkirmishAriaAcceptancePayload&) (at Assets/Game/Scripts/Editor/SkirmishIndustrialBasinAriaWatchProbe.cs:47)
Game.Tests.Editor.SkirmishExpandedAcceptanceTests:AriaPlayAndWatchFacilitiesLogSelectedConfiguration () (at Assets/Tests/Editor/SkirmishExpansion/SkirmishExpandedAcceptanceTests.cs:187)
Game.Tests.Editor.SkirmishExpandedAcceptanceTests:RunFocusedValidation () (at Assets/Tests/Editor/SkirmishExpansion/SkirmishExpandedAcceptanceTests.cs:547)
Game.Tests.Editor.SkirmishSharedMaterialsTests:<RunBroaderRegressionValidation>g__Run|6_0 (System.Action,string,Game.Tests.Editor.SkirmishSharedMaterialsTests/<>c__DisplayClass6_0&) (at Assets/Tests/Editor/SkirmishExpansion/SkirmishSharedMaterialsTests.cs:182)
Game.Tests.Editor.SkirmishSharedMaterialsTests:RunBroaderRegressionValidation () (at Assets/Tests/Editor/SkirmishExpansion/SkirmishSharedMaterialsTests.cs:191)
Game.Tests.Editor.SkirmishSharedMaterialsTests:RunS004DeliveryValidation () (at Assets/Tests/Editor/SkirmishExpansion/SkirmishSharedMaterialsTests.cs:212)

(Filename: Assets/Game/Scripts/Editor/SkirmishIndustrialBasinAriaWatchProbe.cs Line: 47)

[SkirmishExpandedAcceptanceTests] result=Passed
UnityEngine.Debug:ExtractStackTraceNoAlloc (byte*,int,string)
UnityEngine.StackTraceUtility:ExtractStackTrace () (at /Users/bokken/build/output/unity/unity/Runtime/Export/Scripting/StackTrace.cs:35)
UnityEngine.DebugLogHandler:Internal_Log (UnityEngine.LogType,UnityEngine.LogOption,string,UnityEngine.Object)
UnityEngine.DebugLogHandler:LogFormat (UnityEngine.LogType,UnityEngine.Object,string,object[])
UnityEngine.Logger:Log (UnityEngine.LogType,object)
UnityEngine.Debug:Log (object)
Game.Tests.Editor.SkirmishExpandedAcceptanceTests:RunFocusedValidation () (at Assets/Tests/Editor/SkirmishExpansion/SkirmishExpandedAcceptanceTests.cs:552)
Game.Tests.Editor.SkirmishSharedMaterialsTests:<RunBroaderRegressionValidation>g__Run|6_0 (System.Action,string,Game.Tests.Editor.SkirmishSharedMaterialsTests/<>c__DisplayClass6_0&) (at Assets/Tests/Editor/SkirmishExpansion/SkirmishSharedMaterialsTests.cs:182)
Game.Tests.Editor.SkirmishSharedMaterialsTests:RunBroaderRegressionValidation () (at Assets/Tests/Editor/SkirmishExpansion/SkirmishSharedMaterialsTests.cs:191)
Game.Tests.Editor.SkirmishSharedMaterialsTests:RunS004DeliveryValidation () (at Assets/Tests/Editor/SkirmishExpansion/SkirmishSharedMaterialsTests.cs:212)

(Filename: Assets/Tests/Editor/SkirmishExpansion/SkirmishExpandedAcceptanceTests.cs Line: 552)

[SkirmishScenarioSourceBinding] result=Passed cases=6
UnityEngine.Debug:ExtractStackTraceNoAlloc (byte*,int,string)
UnityEngine.StackTraceUtility:ExtractStackTrace () (at /Users/bokken/build/output/unity/unity/Runtime/Export/Scripting/StackTrace.cs:35)
UnityEngine.DebugLogHandler:Internal_Log (UnityEngine.LogType,UnityEngine.LogOption,string,UnityEngine.Object)
UnityEngine.DebugLogHandler:LogFormat (UnityEngine.LogType,UnityEngine.Object,string,object[])
UnityEngine.Logger:Log (UnityEngine.LogType,object)
UnityEngine.Debug:Log (object)
Game.Tests.Editor.SkirmishSharedMaterialsTests/<>c:<RunBroaderRegressionValidation>b__6_1 () (at Assets/Tests/Editor/SkirmishExpansion/SkirmishSharedMaterialsTests.cs:192)
Game.Tests.Editor.SkirmishSharedMaterialsTests:<RunBroaderRegressionValidation>g__Run|6_0 (System.Action,string,Game.Tests.Editor.SkirmishSharedMaterialsTests/<>c__DisplayClass6_0&) (at Assets/Tests/Editor/SkirmishExpansion/SkirmishSharedMaterialsTests.cs:182)
Game.Tests.Editor.SkirmishSharedMaterialsTests:RunBroaderRegressionValidation () (at Assets/Tests/Editor/SkirmishExpansion/SkirmishSharedMaterialsTests.cs:192)
Game.Tests.Editor.SkirmishSharedMaterialsTests:RunS004DeliveryValidation () (at Assets/Tests/Editor/SkirmishExpansion/SkirmishSharedMaterialsTests.cs:212)

(Filename: Assets/Tests/Editor/SkirmishExpansion/SkirmishSharedMaterialsTests.cs Line: 192)

[SkirmishPlayerReadyRegressions] result=Passed
UnityEngine.Debug:ExtractStackTraceNoAlloc (byte*,int,string)
UnityEngine.StackTraceUtility:ExtractStackTrace () (at /Users/bokken/build/output/unity/unity/Runtime/Export/Scripting/StackTrace.cs:35)
UnityEngine.DebugLogHandler:Internal_Log (UnityEngine.LogType,UnityEngine.LogOption,string,UnityEngine.Object)
UnityEngine.DebugLogHandler:LogFormat (UnityEngine.LogType,UnityEngine.Object,string,object[])
UnityEngine.Logger:Log (UnityEngine.LogType,object)
UnityEngine.Debug:Log (object)
Game.Tests.Editor.SkirmishSharedMaterialsTests:RunBroaderRegressionValidation () (at Assets/Tests/Editor/SkirmishExpansion/SkirmishSharedMaterialsTests.cs:195)
Game.Tests.Editor.SkirmishSharedMaterialsTests:RunS004DeliveryValidation () (at Assets/Tests/Editor/SkirmishExpansion/SkirmishSharedMaterialsTests.cs:212)

(Filename: Assets/Tests/Editor/SkirmishExpansion/SkirmishSharedMaterialsTests.cs Line: 195)

[SkirmishDrawerGuidanceValidation] result=Passed cases=2
UnityEngine.Debug:ExtractStackTraceNoAlloc (byte*,int,string)
UnityEngine.StackTraceUtility:ExtractStackTrace () (at /Users/bokken/build/output/unity/unity/Runtime/Export/Scripting/StackTrace.cs:35)
UnityEngine.DebugLogHandler:Internal_Log (UnityEngine.LogType,UnityEngine.LogOption,string,UnityEngine.Object)
UnityEngine.DebugLogHandler:LogFormat (UnityEngine.LogType,UnityEngine.Object,string,object[])
UnityEngine.Logger:Log (UnityEngine.LogType,object)
UnityEngine.Debug:Log (object)
Game.Tests.Editor.SkirmishSharedMaterialsTests:RunS004DeliveryValidation () (at Assets/Tests/Editor/SkirmishExpansion/SkirmishSharedMaterialsTests.cs:220)

(Filename: Assets/Tests/Editor/SkirmishExpansion/SkirmishSharedMaterialsTests.cs Line: 220)

[M01FirstContactCampaignUiValidation] passed=NewProfileProjectsAvailableM01
UnityEngine.Debug:ExtractStackTraceNoAlloc (byte*,int,string)
UnityEngine.StackTraceUtility:ExtractStackTrace () (at /Users/bokken/build/output/unity/unity/Runtime/Export/Scripting/StackTrace.cs:35)
UnityEngine.DebugLogHandler:Internal_Log (UnityEngine.LogType,UnityEngine.LogOption,string,UnityEngine.Object)
UnityEngine.DebugLogHandler:LogFormat (UnityEngine.LogType,UnityEngine.Object,string,object[])
UnityEngine.Logger:Log (UnityEngine.LogType,object)
UnityEngine.Debug:Log (object)
M01FirstContactCampaignUiTests:Run (System.Action,int&) (at Assets/Tests/Editor/M01FirstContactCampaignUiTests.cs:301)
M01FirstContactCampaignUiTests:RunFocusedValidation () (at Assets/Tests/Editor/M01FirstContactCampaignUiTests.cs:30)
Game.Tests.Editor.SkirmishSharedMaterialsTests:RunS004DeliveryValidation () (at Assets/Tests/Editor/SkirmishExpansion/SkirmishSharedMaterialsTests.cs:222)

(Filename: Assets/Tests/Editor/M01FirstContactCampaignUiTests.cs Line: 301)

[M01FirstContactCampaignUiValidation] passed=ExplicitLockFailsClosed
UnityEngine.Debug:ExtractStackTraceNoAlloc (byte*,int,string)
UnityEngine.StackTraceUtility:ExtractStackTrace () (at /Users/bokken/build/output/unity/unity/Runtime/Export/Scripting/StackTrace.cs:35)
UnityEngine.DebugLogHandler:Internal_Log (UnityEngine.LogType,UnityEngine.LogOption,string,UnityEngine.Object)
UnityEngine.DebugLogHandler:LogFormat (UnityEngine.LogType,UnityEngine.Object,string,object[])
UnityEngine.Logger:Log (UnityEngine.LogType,object)
UnityEngine.Debug:Log (object)
M01FirstContactCampaignUiTests:Run (System.Action,int&) (at Assets/Tests/Editor/M01FirstContactCampaignUiTests.cs:301)
M01FirstContactCampaignUiTests:RunFocusedValidation () (at Assets/Tests/Editor/M01FirstContactCampaignUiTests.cs:31)
Game.Tests.Editor.SkirmishSharedMaterialsTests:RunS004DeliveryValidation () (at Assets/Tests/Editor/SkirmishExpansion/SkirmishSharedMaterialsTests.cs:222)

(Filename: Assets/Tests/Editor/M01FirstContactCampaignUiTests.cs Line: 301)

[M01FirstContactCampaignUiValidation] passed=PendingResumeProjectsContinue
UnityEngine.Debug:ExtractStackTraceNoAlloc (byte*,int,string)
UnityEngine.StackTraceUtility:ExtractStackTrace () (at /Users/bokken/build/output/unity/unity/Runtime/Export/Scripting/StackTrace.cs:35)
UnityEngine.DebugLogHandler:Internal_Log (UnityEngine.LogType,UnityEngine.LogOption,string,UnityEngine.Object)
UnityEngine.DebugLogHandler:LogFormat (UnityEngine.LogType,UnityEngine.Object,string,object[])
UnityEngine.Logger:Log (UnityEngine.LogType,object)
UnityEngine.Debug:Log (object)
M01FirstContactCampaignUiTests:Run (System.Action,int&) (at Assets/Tests/Editor/M01FirstContactCampaignUiTests.cs:301)
M01FirstContactCampaignUiTests:RunFocusedValidation () (at Assets/Tests/Editor/M01FirstContactCampaignUiTests.cs:32)
Game.Tests.Editor.SkirmishSharedMaterialsTests:RunS004DeliveryValidation () (at Assets/Tests/Editor/SkirmishExpansion/SkirmishSharedMaterialsTests.cs:222)

(Filename: Assets/Tests/Editor/M01FirstContactCampaignUiTests.cs Line: 301)

[M01FirstContactCampaignUiValidation] passed=FirstClearProjectsReplayAndRevealsM02
UnityEngine.Debug:ExtractStackTraceNoAlloc (byte*,int,string)
UnityEngine.StackTraceUtility:ExtractStackTrace () (at /Users/bokken/build/output/unity/unity/Runtime/Export/Scripting/StackTrace.cs:35)
UnityEngine.DebugLogHandler:Internal_Log (UnityEngine.LogType,UnityEngine.LogOption,string,UnityEngine.Object)
UnityEngine.DebugLogHandler:LogFormat (UnityEngine.LogType,UnityEngine.Object,string,object[])
UnityEngine.Logger:Log (UnityEngine.LogType,object)
UnityEngine.Debug:Log (object)
M01FirstContactCampaignUiTests:Run (System.Action,int&) (at Assets/Tests/Editor/M01FirstContactCampaignUiTests.cs:301)
M01FirstContactCampaignUiTests:RunFocusedValidation () (at Assets/Tests/Editor/M01FirstContactCampaignUiTests.cs:33)
Game.Tests.Editor.SkirmishSharedMaterialsTests:RunS004DeliveryValidation () (at Assets/Tests/Editor/SkirmishExpansion/SkirmishSharedMaterialsTests.cs:222)

(Filename: Assets/Tests/Editor/M01FirstContactCampaignUiTests.cs Line: 301)

[M01FirstContactCampaignUiValidation] passed=ReplayProjectsBestMetrics
UnityEngine.Debug:ExtractStackTraceNoAlloc (byte*,int,string)
UnityEngine.StackTraceUtility:ExtractStackTrace () (at /Users/bokken/build/output/unity/unity/Runtime/Export/Scripting/StackTrace.cs:35)
UnityEngine.DebugLogHandler:Internal_Log (UnityEngine.LogType,UnityEngine.LogOption,string,UnityEngine.Object)
UnityEngine.DebugLogHandler:LogFormat (UnityEngine.LogType,UnityEngine.Object,string,object[])
UnityEngine.Logger:Log (UnityEngine.LogType,object)
UnityEngine.Debug:Log (object)
M01FirstContactCampaignUiTests:Run (System.Action,int&) (at Assets/Tests/Editor/M01FirstContactCampaignUiTests.cs:301)
M01FirstContactCampaignUiTests:RunFocusedValidation () (at Assets/Tests/Editor/M01FirstContactCampaignUiTests.cs:34)
Game.Tests.Editor.SkirmishSharedMaterialsTests:RunS004DeliveryValidation () (at Assets/Tests/Editor/SkirmishExpansion/SkirmishSharedMaterialsTests.cs:222)

(Filename: Assets/Tests/Editor/M01FirstContactCampaignUiTests.cs Line: 301)

[M01FirstContactCampaignUiValidation] passed=UnchangedSourcesDoNotChurnVersion
UnityEngine.Debug:ExtractStackTraceNoAlloc (byte*,int,string)
UnityEngine.StackTraceUtility:ExtractStackTrace () (at /Users/bokken/build/output/unity/unity/Runtime/Export/Scripting/StackTrace.cs:35)
UnityEngine.DebugLogHandler:Internal_Log (UnityEngine.LogType,UnityEngine.LogOption,string,UnityEngine.Object)
UnityEngine.DebugLogHandler:LogFormat (UnityEngine.LogType,UnityEngine.Object,string,object[])
UnityEngine.Logger:Log (UnityEngine.LogType,object)
UnityEngine.Debug:Log (object)
M01FirstContactCampaignUiTests:Run (System.Action,int&) (at Assets/Tests/Editor/M01FirstContactCampaignUiTests.cs:301)
M01FirstContactCampaignUiTests:RunFocusedValidation () (at Assets/Tests/Editor/M01FirstContactCampaignUiTests.cs:35)
Game.Tests.Editor.SkirmishSharedMaterialsTests:RunS004DeliveryValidation () (at Assets/Tests/Editor/SkirmishExpansion/SkirmishSharedMaterialsTests.cs:222)

(Filename: Assets/Tests/Editor/M01FirstContactCampaignUiTests.cs Line: 301)

[M01FirstContactCampaignUiValidation] passed=GatewayReadsAuthoritativeProjection
UnityEngine.Debug:ExtractStackTraceNoAlloc (byte*,int,string)
UnityEngine.StackTraceUtility:ExtractStackTrace () (at /Users/bokken/build/output/unity/unity/Runtime/Export/Scripting/StackTrace.cs:35)
UnityEngine.DebugLogHandler:Internal_Log (UnityEngine.LogType,UnityEngine.LogOption,string,UnityEngine.Object)
UnityEngine.DebugLogHandler:LogFormat (UnityEngine.LogType,UnityEngine.Object,string,object[])
UnityEngine.Logger:Log (UnityEngine.LogType,object)
UnityEngine.Debug:Log (object)
M01FirstContactCampaignUiTests:Run (System.Action,int&) (at Assets/Tests/Editor/M01FirstContactCampaignUiTests.cs:301)
M01FirstContactCampaignUiTests:RunFocusedValidation () (at Assets/Tests/Editor/M01FirstContactCampaignUiTests.cs:36)
Game.Tests.Editor.SkirmishSharedMaterialsTests:RunS004DeliveryValidation () (at Assets/Tests/Editor/SkirmishExpansion/SkirmishSharedMaterialsTests.cs:222)

(Filename: Assets/Tests/Editor/M01FirstContactCampaignUiTests.cs Line: 301)

[M01FirstContactCampaignUiValidation] passed=GatewayRejectsLockedAndEnqueuesAvailableAction
UnityEngine.Debug:ExtractStackTraceNoAlloc (byte*,int,string)
UnityEngine.StackTraceUtility:ExtractStackTrace () (at /Users/bokken/build/output/unity/unity/Runtime/Export/Scripting/StackTrace.cs:35)
UnityEngine.DebugLogHandler:Internal_Log (UnityEngine.LogType,UnityEngine.LogOption,string,UnityEngine.Object)
UnityEngine.DebugLogHandler:LogFormat (UnityEngine.LogType,UnityEngine.Object,string,object[])
UnityEngine.Logger:Log (UnityEngine.LogType,object)
UnityEngine.Debug:Log (object)
M01FirstContactCampaignUiTests:Run (System.Action,int&) (at Assets/Tests/Editor/M01FirstContactCampaignUiTests.cs:301)
M01FirstContactCampaignUiTests:RunFocusedValidation () (at Assets/Tests/Editor/M01FirstContactCampaignUiTests.cs:37)
Game.Tests.Editor.SkirmishSharedMaterialsTests:RunS004DeliveryValidation () (at Assets/Tests/Editor/SkirmishExpansion/SkirmishSharedMaterialsTests.cs:222)

(Filename: Assets/Tests/Editor/M01FirstContactCampaignUiTests.cs Line: 301)

[M01FirstContactCampaignUiValidation] passed=BinderHasNoFramePollingLoop
UnityEngine.Debug:ExtractStackTraceNoAlloc (byte*,int,string)
UnityEngine.StackTraceUtility:ExtractStackTrace () (at /Users/bokken/build/output/unity/unity/Runtime/Export/Scripting/StackTrace.cs:35)
UnityEngine.DebugLogHandler:Internal_Log (UnityEngine.LogType,UnityEngine.LogOption,string,UnityEngine.Object)
UnityEngine.DebugLogHandler:LogFormat (UnityEngine.LogType,UnityEngine.Object,string,object[])
UnityEngine.Logger:Log (UnityEngine.LogType,object)
UnityEngine.Debug:Log (object)
M01FirstContactCampaignUiTests:Run (System.Action,int&) (at Assets/Tests/Editor/M01FirstContactCampaignUiTests.cs:301)
M01FirstContactCampaignUiTests:RunFocusedValidation () (at Assets/Tests/Editor/M01FirstContactCampaignUiTests.cs:38)
Game.Tests.Editor.SkirmishSharedMaterialsTests:RunS004DeliveryValidation () (at Assets/Tests/Editor/SkirmishExpansion/SkirmishSharedMaterialsTests.cs:222)

(Filename: Assets/Tests/Editor/M01FirstContactCampaignUiTests.cs Line: 301)

GPU Resident Drawer created.
[M01DC029Capture] aspect=16x9 size=1280x720 sha256=fa5be781f044e008c5b37c005b6c723a105ea7993ab16aa48411d61c97559600 path=Build/EditorEvidence/M01FirstContact/M01DC029/campaign_16x9.png
UnityEngine.Debug:ExtractStackTraceNoAlloc (byte*,int,string)
UnityEngine.StackTraceUtility:ExtractStackTrace () (at /Users/bokken/build/output/unity/unity/Runtime/Export/Scripting/StackTrace.cs:35)
UnityEngine.DebugLogHandler:Internal_Log (UnityEngine.LogType,UnityEngine.LogOption,string,UnityEngine.Object)
UnityEngine.DebugLogHandler:LogFormat (UnityEngine.LogType,UnityEngine.Object,string,object[])
UnityEngine.Logger:Log (UnityEngine.LogType,object)
UnityEngine.Debug:Log (object)
M01FirstContactCampaignUiTests:Capture (UnityEngine.GameObject,int,int,string) (at Assets/Tests/Editor/M01FirstContactCampaignUiTests.cs:271)
M01FirstContactCampaignUiTests:ViewAppliesProfilesAndCapturesSupportedAspects () (at Assets/Tests/Editor/M01FirstContactCampaignUiTests.cs:170)
M01FirstContactCampaignUiTests:Run (System.Action,int&) (at Assets/Tests/Editor/M01FirstContactCampaignUiTests.cs:299)
M01FirstContactCampaignUiTests:RunFocusedValidation () (at Assets/Tests/Editor/M01FirstContactCampaignUiTests.cs:39)
Game.Tests.Editor.SkirmishSharedMaterialsTests:RunS004DeliveryValidation () (at Assets/Tests/Editor/SkirmishExpansion/SkirmishSharedMaterialsTests.cs:222)

(Filename: Assets/Tests/Editor/M01FirstContactCampaignUiTests.cs Line: 271)

[M01DC029Capture] aspect=20x9 size=1000x450 sha256=f2f42ff8d39179b4d68a33edc8ea4f46774ce23c1d38180be80df9cd142c1df0 path=Build/EditorEvidence/M01FirstContact/M01DC029/campaign_20x9.png
UnityEngine.Debug:ExtractStackTraceNoAlloc (byte*,int,string)
UnityEngine.StackTraceUtility:ExtractStackTrace () (at /Users/bokken/build/output/unity/unity/Runtime/Export/Scripting/StackTrace.cs:35)
UnityEngine.DebugLogHandler:Internal_Log (UnityEngine.LogType,UnityEngine.LogOption,string,UnityEngine.Object)
UnityEngine.DebugLogHandler:LogFormat (UnityEngine.LogType,UnityEngine.Object,string,object[])
UnityEngine.Logger:Log (UnityEngine.LogType,object)
UnityEngine.Debug:Log (object)
M01FirstContactCampaignUiTests:Capture (UnityEngine.GameObject,int,int,string) (at Assets/Tests/Editor/M01FirstContactCampaignUiTests.cs:271)
M01FirstContactCampaignUiTests:ViewAppliesProfilesAndCapturesSupportedAspects () (at Assets/Tests/Editor/M01FirstContactCampaignUiTests.cs:171)
M01FirstContactCampaignUiTests:Run (System.Action,int&) (at Assets/Tests/Editor/M01FirstContactCampaignUiTests.cs:299)
M01FirstContactCampaignUiTests:RunFocusedValidation () (at Assets/Tests/Editor/M01FirstContactCampaignUiTests.cs:39)
Game.Tests.Editor.SkirmishSharedMaterialsTests:RunS004DeliveryValidation () (at Assets/Tests/Editor/SkirmishExpansion/SkirmishSharedMaterialsTests.cs:222)

(Filename: Assets/Tests/Editor/M01FirstContactCampaignUiTests.cs Line: 271)

[M01DC029Capture] aspect=tablet4x3 size=1024x768 sha256=514d00e54ce48159a9c8d828b6783928cd7a8211fced8fb622c5c0fca65f8a8e path=Build/EditorEvidence/M01FirstContact/M01DC029/campaign_tablet4x3.png
UnityEngine.Debug:ExtractStackTraceNoAlloc (byte*,int,string)
UnityEngine.StackTraceUtility:ExtractStackTrace () (at /Users/bokken/build/output/unity/unity/Runtime/Export/Scripting/StackTrace.cs:35)
UnityEngine.DebugLogHandler:Internal_Log (UnityEngine.LogType,UnityEngine.LogOption,string,UnityEngine.Object)
UnityEngine.DebugLogHandler:LogFormat (UnityEngine.LogType,UnityEngine.Object,string,object[])
UnityEngine.Logger:Log (UnityEngine.LogType,object)
UnityEngine.Debug:Log (object)
M01FirstContactCampaignUiTests:Capture (UnityEngine.GameObject,int,int,string) (at Assets/Tests/Editor/M01FirstContactCampaignUiTests.cs:271)
M01FirstContactCampaignUiTests:ViewAppliesProfilesAndCapturesSupportedAspects () (at Assets/Tests/Editor/M01FirstContactCampaignUiTests.cs:172)
M01FirstContactCampaignUiTests:Run (System.Action,int&) (at Assets/Tests/Editor/M01FirstContactCampaignUiTests.cs:299)
M01FirstContactCampaignUiTests:RunFocusedValidation () (at Assets/Tests/Editor/M01FirstContactCampaignUiTests.cs:39)
Game.Tests.Editor.SkirmishSharedMaterialsTests:RunS004DeliveryValidation () (at Assets/Tests/Editor/SkirmishExpansion/SkirmishSharedMaterialsTests.cs:222)

(Filename: Assets/Tests/Editor/M01FirstContactCampaignUiTests.cs Line: 271)

[M01FirstContactCampaignUiValidation] passed=ViewAppliesProfilesAndCapturesSupportedAspects
UnityEngine.Debug:ExtractStackTraceNoAlloc (byte*,int,string)
UnityEngine.StackTraceUtility:ExtractStackTrace () (at /Users/bokken/build/output/unity/unity/Runtime/Export/Scripting/StackTrace.cs:35)
UnityEngine.DebugLogHandler:Internal_Log (UnityEngine.LogType,UnityEngine.LogOption,string,UnityEngine.Object)
UnityEngine.DebugLogHandler:LogFormat (UnityEngine.LogType,UnityEngine.Object,string,object[])
UnityEngine.Logger:Log (UnityEngine.LogType,object)
UnityEngine.Debug:Log (object)
M01FirstContactCampaignUiTests:Run (System.Action,int&) (at Assets/Tests/Editor/M01FirstContactCampaignUiTests.cs:301)
M01FirstContactCampaignUiTests:RunFocusedValidation () (at Assets/Tests/Editor/M01FirstContactCampaignUiTests.cs:39)
Game.Tests.Editor.SkirmishSharedMaterialsTests:RunS004DeliveryValidation () (at Assets/Tests/Editor/SkirmishExpansion/SkirmishSharedMaterialsTests.cs:222)

(Filename: Assets/Tests/Editor/M01FirstContactCampaignUiTests.cs Line: 301)

[M01FirstContactCampaignUiValidation] result=Passed tests=10 captures=3
UnityEngine.Debug:ExtractStackTraceNoAlloc (byte*,int,string)
UnityEngine.StackTraceUtility:ExtractStackTrace () (at /Users/bokken/build/output/unity/unity/Runtime/Export/Scripting/StackTrace.cs:35)
UnityEngine.DebugLogHandler:Internal_Log (UnityEngine.LogType,UnityEngine.LogOption,string,UnityEngine.Object)
UnityEngine.DebugLogHandler:LogFormat (UnityEngine.LogType,UnityEngine.Object,string,object[])
UnityEngine.Logger:Log (UnityEngine.LogType,object)
UnityEngine.Debug:Log (object)
M01FirstContactCampaignUiTests:RunFocusedValidation () (at Assets/Tests/Editor/M01FirstContactCampaignUiTests.cs:40)
Game.Tests.Editor.SkirmishSharedMaterialsTests:RunS004DeliveryValidation () (at Assets/Tests/Editor/SkirmishExpansion/SkirmishSharedMaterialsTests.cs:222)

(Filename: Assets/Tests/Editor/M01FirstContactCampaignUiTests.cs Line: 40)

[SkirmishExpandedEconomyTests] result=Passed
UnityEngine.Debug:ExtractStackTraceNoAlloc (byte*,int,string)
UnityEngine.StackTraceUtility:ExtractStackTrace () (at /Users/bokken/build/output/unity/unity/Runtime/Export/Scripting/StackTrace.cs:35)
UnityEngine.DebugLogHandler:Internal_Log (UnityEngine.LogType,UnityEngine.LogOption,string,UnityEngine.Object)
UnityEngine.DebugLogHandler:LogFormat (UnityEngine.LogType,UnityEngine.Object,string,object[])
UnityEngine.Logger:Log (UnityEngine.LogType,object)
UnityEngine.Debug:Log (object)
Game.Tests.Editor.SkirmishExpandedEconomyTests:RunFocusedValidation () (at Assets/Tests/Editor/SkirmishExpansion/SkirmishExpandedEconomyTests.cs:914)
Game.Tests.Editor.SkirmishSharedMaterialsTests:RunS004DeliveryValidation () (at Assets/Tests/Editor/SkirmishExpansion/SkirmishSharedMaterialsTests.cs:225)

(Filename: Assets/Tests/Editor/SkirmishExpansion/SkirmishExpandedEconomyTests.cs Line: 914)

[AriaPlayEditorValidation] selected catalog=S002 definition=skirmish.s002 version=2 size=Standard difficulty=Regular seed=104731 locale=en
UnityEngine.Debug:ExtractStackTraceNoAlloc (byte*,int,string)
UnityEngine.StackTraceUtility:ExtractStackTrace () (at /Users/bokken/build/output/unity/unity/Runtime/Export/Scripting/StackTrace.cs:35)
UnityEngine.DebugLogHandler:Internal_Log (UnityEngine.LogType,UnityEngine.LogOption,string,UnityEngine.Object)
UnityEngine.DebugLogHandler:LogFormat (UnityEngine.LogType,UnityEngine.Object,string,object[])
UnityEngine.Logger:Log (UnityEngine.LogType,object)
UnityEngine.Debug:Log (object)
Game.Editor.AriaPlayEditorValidation:AcceptExpandedPayload (Game.Configs.SkirmishAriaAcceptancePayload&) (at Assets/Game/Scripts/Editor/AriaPlayEditorValidation.cs:113)
Game.Tests.Editor.SkirmishS002AriaHarnessTests:PayloadLoggersDoNotStampVictory () (at Assets/Tests/Editor/SkirmishExpansion/SkirmishS002AriaHarnessTests.cs:1012)
Game.Tests.Editor.SkirmishS002AriaHarnessTests:RunFocusedValidation () (at Assets/Tests/Editor/SkirmishExpansion/SkirmishS002AriaHarnessTests.cs:1417)
Game.Tests.Editor.SkirmishExpandedAriaTests:RunFocusedValidation () (at Assets/Tests/Editor/SkirmishExpansion/SkirmishExpandedAriaTests.cs:1014)
Game.Tests.Editor.SkirmishSharedMaterialsTests:RunS004DeliveryValidation () (at Assets/Tests/Editor/SkirmishExpansion/SkirmishSharedMaterialsTests.cs:226)

(Filename: Assets/Game/Scripts/Editor/AriaPlayEditorValidation.cs Line: 113)

[SkirmishExpandedAriaWatch] selected catalog=S002 definition=skirmish.s002 version=2 size=Standard difficulty=Regular seed=155923 locale=fa-IR
UnityEngine.Debug:ExtractStackTraceNoAlloc (byte*,int,string)
UnityEngine.StackTraceUtility:ExtractStackTrace () (at /Users/bokken/build/output/unity/unity/Runtime/Export/Scripting/StackTrace.cs:35)
UnityEngine.DebugLogHandler:Internal_Log (UnityEngine.LogType,UnityEngine.LogOption,string,UnityEngine.Object)
UnityEngine.DebugLogHandler:LogFormat (UnityEngine.LogType,UnityEngine.Object,string,object[])
UnityEngine.Logger:Log (UnityEngine.LogType,object)
UnityEngine.Debug:Log (object)
Game.Editor.SkirmishExpandedAriaWatchValidation:AcceptExpandedPayload (Game.Configs.SkirmishAriaAcceptancePayload&) (at Assets/Game/Scripts/Editor/Skirmish/SkirmishExpandedAriaWatchValidation.cs:32)
Game.Editor.SkirmishExpandedAriaWatchValidation:AcceptExpandedPayload (string,Game.Skirmish.Contracts.SkirmishSizeId,Game.Skirmish.Contracts.SkirmishDifficultyId,int,string) (at Assets/Game/Scripts/Editor/Skirmish/SkirmishExpandedAriaWatchValidation.cs:55)
Game.Tests.Editor.SkirmishS002AriaHarnessTests:PayloadLoggersDoNotStampVictory () (at Assets/Tests/Editor/SkirmishExpansion/SkirmishS002AriaHarnessTests.cs:1013)
Game.Tests.Editor.SkirmishS002AriaHarnessTests:RunFocusedValidation () (at Assets/Tests/Editor/SkirmishExpansion/SkirmishS002AriaHarnessTests.cs:1417)
Game.Tests.Editor.SkirmishExpandedAriaTests:RunFocusedValidation () (at Assets/Tests/Editor/SkirmishExpansion/SkirmishExpandedAriaTests.cs:1014)
Game.Tests.Editor.SkirmishSharedMaterialsTests:RunS004DeliveryValidation () (at Assets/Tests/Editor/SkirmishExpansion/SkirmishSharedMaterialsTests.cs:226)

(Filename: Assets/Game/Scripts/Editor/Skirmish/SkirmishExpandedAriaWatchValidation.cs Line: 32)

'Game.Runtime.SkirmishSessionCleanupSystem' creates a query during OnUpdate. Please create queries in OnCreate and store them in the system for use in OnUpdate instead. This is significantly faster.
UnityEngine.Debug:ExtractStackTraceNoAlloc (byte*,int,string)
UnityEngine.StackTraceUtility:ExtractStackTrace () (at /Users/bokken/build/output/unity/unity/Runtime/Export/Scripting/StackTrace.cs:35)
UnityEngine.DebugLogHandler:Internal_Log (UnityEngine.LogType,UnityEngine.LogOption,string,UnityEngine.Object)
UnityEngine.DebugLogHandler:LogFormat (UnityEngine.LogType,UnityEngine.Object,string,object[])
UnityEngine.Logger:Log (UnityEngine.LogType,object)
UnityEngine.Debug:LogWarning (object)
Unity.Debug:LogWarning (object) (at ./Library/PackageCache/com.unity.entities@bab66ffaba49/Unity.Entities/Stubs/Unity/Debug.cs:13)
Unity.Entities.SystemState:CheckOnUpdate_Query () (at ./Library/PackageCache/com.unity.entities@bab66ffaba49/Unity.Entities/SystemState.cs:551)
Unity.Entities.SystemState:GetEntityQuery (Unity.Entities.ComponentType) (at ./Library/PackageCache/com.unity.entities@bab66ffaba49/Unity.Entities/SystemState.cs:834)
Game.Runtime.SkirmishSessionCleanupSystem:OnUpdate (Unity.Entities.SystemState&) (at Assets/Game/Scripts/Runtime/Skirmish/SkirmishSessionCleanupSystem.cs:22)
Game.Runtime.SkirmishSessionCleanupSystem:__codegen__OnUpdate (intptr,intptr)
Unity.Entities.SystemBaseRegistry/<>c__DisplayClass9_0:<SelectBurstFn>b__0 (intptr,intptr) (at ./Library/PackageCache/com.unity.entities@bab66ffaba49/Unity.Entities/SystemBaseRegistry.cs:251)
Unity.Entities.WorldUnmanagedImpl/Unity.Entities.UnmanagedUpdate_000015A0$BurstDirectCall:Invoke (void*)
Unity.Entities.WorldUnmanagedImpl:UnmanagedUpdate (void*)
Unity.Entities.WorldUnmanagedImpl:UpdateSystem (Unity.Entities.SystemHandle) (at ./Library/PackageCache/com.unity.entities@bab66ffaba49/Unity.Entities/WorldUnmanaged.cs:942)
Unity.Entities.SystemHandle:Update (Unity.Entities.WorldUnmanaged) (at ./Library/PackageCache/com.unity.entities@bab66ffaba49/Unity.Entities/WorldUnmanaged.cs:169)
Game.Tests.Editor.SkirmishS002AriaHarnessTests:FinishedMatchRetainsActorsAndSetupUntilExplicitCleanup () (at Assets/Tests/Editor/SkirmishExpansion/SkirmishS002AriaHarnessTests.cs:1128)
Game.Tests.Editor.SkirmishS002AriaHarnessTests:RunFocusedValidation () (at Assets/Tests/Editor/SkirmishExpansion/SkirmishS002AriaHarnessTests.cs:1421)
Game.Tests.Editor.SkirmishExpandedAriaTests:RunFocusedValidation () (at Assets/Tests/Editor/SkirmishExpansion/SkirmishExpandedAriaTests.cs:1014)
Game.Tests.Editor.SkirmishSharedMaterialsTests:RunS004DeliveryValidation () (at Assets/Tests/Editor/SkirmishExpansion/SkirmishSharedMaterialsTests.cs:226)

(Filename: ./Library/PackageCache/com.unity.entities@bab66ffaba49/Unity.Entities/Stubs/Unity/Debug.cs Line: 13)

[SkirmishS002AriaHarnessTests] result=Passed
UnityEngine.Debug:ExtractStackTraceNoAlloc (byte*,int,string)
UnityEngine.StackTraceUtility:ExtractStackTrace () (at /Users/bokken/build/output/unity/unity/Runtime/Export/Scripting/StackTrace.cs:35)
UnityEngine.DebugLogHandler:Internal_Log (UnityEngine.LogType,UnityEngine.LogOption,string,UnityEngine.Object)
UnityEngine.DebugLogHandler:LogFormat (UnityEngine.LogType,UnityEngine.Object,string,object[])
UnityEngine.Logger:Log (UnityEngine.LogType,object)
UnityEngine.Debug:Log (object)
Game.Tests.Editor.SkirmishS002AriaHarnessTests:RunFocusedValidation () (at Assets/Tests/Editor/SkirmishExpansion/SkirmishS002AriaHarnessTests.cs:1425)
Game.Tests.Editor.SkirmishExpandedAriaTests:RunFocusedValidation () (at Assets/Tests/Editor/SkirmishExpansion/SkirmishExpandedAriaTests.cs:1014)
Game.Tests.Editor.SkirmishSharedMaterialsTests:RunS004DeliveryValidation () (at Assets/Tests/Editor/SkirmishExpansion/SkirmishSharedMaterialsTests.cs:226)

(Filename: Assets/Tests/Editor/SkirmishExpansion/SkirmishS002AriaHarnessTests.cs Line: 1425)

[SkirmishExpandedAriaTests] result=Passed
UnityEngine.Debug:ExtractStackTraceNoAlloc (byte*,int,string)
UnityEngine.StackTraceUtility:ExtractStackTrace () (at /Users/bokken/build/output/unity/unity/Runtime/Export/Scripting/StackTrace.cs:35)
UnityEngine.DebugLogHandler:Internal_Log (UnityEngine.LogType,UnityEngine.LogOption,string,UnityEngine.Object)
UnityEngine.DebugLogHandler:LogFormat (UnityEngine.LogType,UnityEngine.Object,string,object[])
UnityEngine.Logger:Log (UnityEngine.LogType,object)
UnityEngine.Debug:Log (object)
Game.Tests.Editor.SkirmishExpandedAriaTests:RunFocusedValidation () (at Assets/Tests/Editor/SkirmishExpansion/SkirmishExpandedAriaTests.cs:1015)
Game.Tests.Editor.SkirmishSharedMaterialsTests:RunS004DeliveryValidation () (at Assets/Tests/Editor/SkirmishExpansion/SkirmishSharedMaterialsTests.cs:226)

(Filename: Assets/Tests/Editor/SkirmishExpansion/SkirmishExpandedAriaTests.cs Line: 1015)

[SkirmishS004DeliveryValidation] result=Passed
UnityEngine.Debug:ExtractStackTraceNoAlloc (byte*,int,string)
UnityEngine.StackTraceUtility:ExtractStackTrace () (at /Users/bokken/build/output/unity/unity/Runtime/Export/Scripting/StackTrace.cs:35)
UnityEngine.DebugLogHandler:Internal_Log (UnityEngine.LogType,UnityEngine.LogOption,string,UnityEngine.Object)
UnityEngine.DebugLogHandler:LogFormat (UnityEngine.LogType,UnityEngine.Object,string,object[])
UnityEngine.Logger:Log (UnityEngine.LogType,object)
UnityEngine.Debug:Log (object)
Game.Tests.Editor.SkirmishSharedMaterialsTests:RunS004DeliveryValidation () (at Assets/Tests/Editor/SkirmishExpansion/SkirmishSharedMaterialsTests.cs:227)

(Filename: Assets/Tests/Editor/SkirmishExpansion/SkirmishSharedMaterialsTests.cs Line: 227)

Thread 0x38a09f000 may have been prematurely finalized
Batchmode quit successfully invoked - shutting down!
Pipeline Server stopped
Unloading 74 Unused Serialized files (Serialized files now loaded: 0)
Killing ADB server in 0.340503 seconds.
Shutting down MSBuild server...
Shutting down VB/C# compiler server...
Unloading 5775 unused Assets / (3.4 MB). Loaded Objects now: 53453.
Memory consumption went from 1.57 GB to 1.56 GB.
Total: 203.384458 ms (FindLiveObjects: 2.685792 ms CreateObjectMapping: 18.899625 ms MarkObjects: 166.335583 ms  DeleteObjects: 15.463208 ms)

Thread 0x3a6893000 may have been prematurely finalized
VB/C# compiler server shut down successfully.
MSBuild server shut down successfully.
Input System module state changed to: ShutdownInProgress.
Input Polling Thread exited.
Input System module state changed to: Shutdown.
[Physics::Module] Cleanup current backend.
[Physics::Module] Id: 0xf2b8ea05
[Licensing::IpcConnector] LicenseClient-farhad-6000.5.2-notifications channel disconnected successfully.
[Licensing::IpcConnector] LicenseClient-farhad-6000.5.2 channel disconnected successfully.
Thread 0x16ff97000 may have been prematurely finalized
Thread 0x170023000 may have been prematurely finalized
Thread 0x17013b000 may have been prematurely finalized
Thread 0x1702df000 may have been prematurely finalized
Thread 0x17036b000 may have been prematurely finalized
Thread 0x1700af000 may have been prematurely finalized
Thread 0x170253000 may have been prematurely finalized
Thread 0x1701c7000 may have been prematurely finalized
Thread 0x1703f7000 may have been prematurely finalized
AcceleratorClientConnectionCallback - disconnected - :0
Thread 0x175b87000 may have been prematurely finalized
Cleanup mono
CodeReloadManager destroyed
info: Microsoft.Hosting.Lifetime[0]
      Application is shutting down...
info: Unity.ILPP.Runner.PostProcessingAssemblyLoadContext[0]
      ALC ILPP context 1 is unloading
Leak Detected : Persistent allocates 399 individual allocations. To find out more please enable 'Settings > Jobs > Leak Detection Level > Enabled With Stack Trace' and reproduce the leak again.
debugger-agent: Unable to listen on 45
Exiting batchmode successfully now!
[Package Manager] Server process was shutdown
