Unity Editor version:    6000.5.2f1 (eb73d3b415a1)
Branch:                  6000.5/staging
Build type:              Release
Batch mode:              NO
macOS version:           Version 26.6.2 (Build 25G83)
Darwin version:          25.6.0
Architecture:            arm64
Running under Rosetta:   NO
Available memory:        16384 MB
Date:                    2026-09-25T19:18:11Z
[Licensing::Module] Trying to connect to existing licensing client channel...
[Licensing::IpcConnector] Successfully connected to: "LicenseClient-farhad" at "2026-09-25T19:18:11.133646Z"
Launching external process: /Applications/Unity/Hub/Editor/6000.5.2f1/Unity.app/Contents/Helpers/PackageManager/Server/UnityPackageManager

COMMAND LINE ARGUMENTS:
/Applications/Unity/Hub/Editor/6000.5.2f1/Unity.app/Contents/MacOS/Unity
-projectPath
/Users/farhad/Projects/WarlineCapture
-logFile
Design/AgentReports/SkirmishSquadPagination/2026-09-25/s003-aria-full-03.log
-executeMethod
Game.Editor.SkirmishS002AriaRunHarness.RunFocusedAriaAndExit
Successfully changed project path to: /Users/farhad/Projects/WarlineCapture
/Users/farhad/Projects/WarlineCapture
[UnityMemory] Configuration Parameters - Can be set up in boot.config
    "memorysetup-temp-allocator-size-gi-baking-worker=262144"
    "memorysetup-temp-allocator-size-gi-baking-worker=262144"
    "memorysetup-temp-allocator-size-gi-baking-worker=262144"
    "memorysetup-temp-allocator-size-gi-baking-worker=262144"
    "memorysetup-temp-allocator-size-gi-baking-worker=262144"
    "memorysetup-temp-allocator-size-nav-mesh-worker=65536"
    "memorysetup-temp-allocator-size-audio-worker=65536"
    "memorysetup-temp-allocator-size-cloud-worker=32768"
    "memorysetup-allocator-temp-initial-block-size-main=262144"
    "memorysetup-allocator-temp-initial-block-size-worker=262144"
    "memorysetup-temp-allocator-size-preload-manager=33554432"
    "memorysetup-temp-allocator-size-gfx=262144"
    "memorysetup-temp-allocator-size-background-worker=32768"
    "memorysetup-temp-allocator-size-job-worker=262144"
    "memorysetup-bucket-allocator-granularity=16"
    "memorysetup-bucket-allocator-bucket-count=8"
    "memorysetup-bucket-allocator-block-size=33554432"
    "memorysetup-bucket-allocator-block-count=8"
    "memorysetup-main-allocator-block-size=16777216"
    "memorysetup-thread-allocator-block-size=16777216"
    "memorysetup-main-allocator-mimalloc-enabled=0"
    "memorysetup-gfx-main-allocator-block-size=16777216"
    "memorysetup-gfx-thread-allocator-block-size=16777216"
    "memorysetup-cache-allocator-block-size=4194304"
    "memorysetup-typetree-allocator-block-size=2097152"
    "memorysetup-profiler-bucket-allocator-granularity=16"
    "memorysetup-profiler-bucket-allocator-bucket-count=8"
    "memorysetup-profiler-bucket-allocator-block-size=33554432"
    "memorysetup-profiler-bucket-allocator-block-count=8"
    "memorysetup-profiler-allocator-block-size=16777216"
    "memorysetup-profiler-editor-allocator-block-size=1048576"
    "memorysetup-temp-allocator-size-main=16777216"
    "memorysetup-job-temp-allocator-block-size=2097152"
    "memorysetup-job-temp-allocator-block-size-background=1048576"
    "memorysetup-job-temp-allocator-reduction-small-platforms=262144"
[Licensing::Client] Handshaking with LicensingClient:
  Version:                 1.18.3+d7ffd15
  Session Id:              de4ef12e87514144b4b5539b35b78a78
  Correlation Id:          a12e24994cdf1129b78ddeb885cfe210
  External correlation Id: 8090251052329248547
  Machine Id:              10T5sSSYWiUOOlqtQecUz0BYTYA=
[Licensing::Module] Successfully connected to LicensingClient on channel: "LicenseClient-farhad" (connect: 0.00s, validation: 0.00s, handshake: 0.23s)
[Licensing::IpcConnector] Successfully connected to: "LicenseClient-farhad-notifications" at "2026-09-25T19:18:11.363304Z"
[Licensing::Module] Error: Access token is unavailable; failed to update
[Licensing::Client] Successfully resolved entitlement details
[Licensing::Module] License group:
  Id: 2197950-UnityPersXXXX
  Product: Unity Personal
  Type: Assigned
  Expiration: Unlimited
[Licensing::Client] Successfully updated license, isAsync: True, time: 0.00
[Licensing::Client] Successfully resolved entitlement details
[Licensing::Module] Licensing Background thread has ended after 0.23s
Logging is directed to a specific file, skipping project log.Player connection [8466637184]  Target information:

Player connection [8466637184]  * "[IP] 192.168.2.175 [Port] 55505 [Flags] 2 [Guid] 824161599 [EditorId] 824161599 [Version] 1048832 [Id] OSXEditor(0,Farhads-MacBook-Air-2.local) [Debug] 1 [PackageName] OSXEditor [ProjectName] Editor" 

Player connection [8466637184]  * "[IP] 10.137.14.201 [Port] 55505 [Flags] 2 [Guid] 824161599 [EditorId] 824161599 [Version] 1048832 [Id] OSXEditor(0,Farhads-MacBook-Air-2.local) [Debug] 1 [PackageName] OSXEditor [ProjectName] Editor" 

Player connection [8466637184] Host joined multi-casting on [225.0.0.222:54997]...
Player connection [8466637184] Host joined alternative multi-casting on [225.0.0.222:34997]...
Input System module state changed to: Initialized.
[Physics::Module] Initialized fallback backend.
[Physics::Module] Id: 0xdecafbad
[Package Manager] Connected to IPC stream "Upm-99211" after 0.0 seconds.
[Licensing::Client] Successfully resolved entitlement details
Library Redirect Path: Library/
[Physics::Module] Selected backend.
[Physics::Module] Name: PhysX
[Physics::Module] Id: 0xf2b8ea05
[Physics::Module] SDK Version: 4.1.2
[Physics::Module] Integration Version: 1.0.0
[Physics::Module] Threading Mode: Multi-Threaded
[Licensing::Client] Successfully resolved entitlement details
Initialize engine version: 6000.5.2f1 (eb73d3b415a1)
[Subsystems] Discovering subsystems at path /Applications/Unity/Hub/Editor/6000.5.2f1/Unity.app/Contents/Resources/UnitySubsystems
[Subsystems] Discovering subsystems at path /Users/farhad/Projects/WarlineCapture/Assets
GfxDevice: creating device client; kGfxThreadingModeThreaded
 preferred device: Apple M5 (high power)
Metal devices available: 1
0: Apple M5 (high power)
Using device Apple M5 (high power)
Initializing Metal device caps: Apple M5
Mac GPU Family: 2
Apple GPU Family: 9
MSL Version: 3.0
Has Float MSAA: 1
Has Float Filtering: 1
ReadWrite Texture Tier: 2
Initialize mono
Mono path[0] = '/Applications/Unity/Hub/Editor/6000.5.2f1/Unity.app/Contents/Resources/Scripting/Managed'
Mono path[1] = '/Applications/Unity/Hub/Editor/6000.5.2f1/Unity.app/Contents/Resources/Scripting/BCLExtensions/runtime/netstandard2.1'
Mono path[2] = '/Applications/Unity/Hub/Editor/6000.5.2f1/Unity.app/Contents/Resources/Scripting/MonoBleedingEdge/lib/mono/unityjit-macos'
Mono config path = '/Applications/Unity/Hub/Editor/6000.5.2f1/Unity.app/Contents/Resources/Scripting/MonoBleedingEdge/etc'
Using monoOptions --debugger-agent=transport=dt_socket,embedding=1,server=y,suspend=n,address=127.0.0.1:56211
CodeReloadManager initialized
ImportWorker Server TCP listen port: 0
AcceleratorClientConnectionCallback - disconnected - :0
Begin MonoManager ReloadAssembly
Registering precompiled unity dll's ...
Register platform support module: /Applications/Unity/Hub/Editor/6000.5.2f1/PlaybackEngines/MacStandaloneSupport/UnityEditor.OSXStandalone.Extensions.dll
Register platform support module: /Applications/Unity/Hub/Editor/6000.5.2f1/PlaybackEngines/AndroidPlayer/UnityEditor.Android.Extensions.dll
Registered in 0.000962 seconds.
Native extension for Android target not found
Native extension for OSXStandalone target not found
Package Manager log level set to [2]
ScheduleIndexationOnStartup MainProcess:False IndexOnStartup:True
Mono: successfully reloaded assembly
- Finished resetting the current domain, in  0.217 seconds
Domain Reload Profiling: 490ms
	BeginReloadAssembly (86ms)
		CreateAndSetChildDomain (15ms)
	RebuildNativeTypeToScriptingClass (13ms)
	initialDomainReloadingComplete (29ms)
	LoadAllAssembliesAndSetupDomain (142ms)
		LoadAssemblies (72ms)
		AnalyzeDomain (109ms)
			TypeCache.Refresh (108ms)
				TypeCache.ScanAssembly (98ms)
	FinalizeReload (218ms)
		SetupLoadedEditorAssemblies (0ms)
			InitializePlatformSupportModulesInManaged (44ms)
			BeforeProcessingInitializeOnLoad (36ms)
			ProcessInitializeOnLoadAttributes (48ms)
			ProcessInitializeOnLoadMethodAttributes (50ms)
[Licensing::Client] Successfully resolved entitlement details
[Licensing::Client] Successfully resolved entitlement details
Application.AssetDatabase Initial Refresh Start
[Package Manager] Restoring resolved packages state from cache
[Licensing::Client] Successfully resolved entitlement details
[Package Manager] Registered 70 packages:
  Packages from [https://packages.unity.com]:
    com.unity.addressables@3.1.0 (location: /Users/farhad/Projects/WarlineCapture/Library/PackageCache/com.unity.addressables@9bffe1a216ce)
    com.unity.ai.assistant@2.13.0-pre.2 (location: /Users/farhad/Projects/WarlineCapture/Library/PackageCache/com.unity.ai.assistant@6fee27370e6a)
    com.unity.collab-proxy@2.12.4 (location: /Users/farhad/Projects/WarlineCapture/Library/PackageCache/com.unity.collab-proxy@0b1559bcd34e)
    com.unity.ide.rider@3.0.40 (location: /Users/farhad/Projects/WarlineCapture/Library/PackageCache/com.unity.ide.rider@e4950c6d131b)
    com.unity.ide.visualstudio@2.0.27 (location: /Users/farhad/Projects/WarlineCapture/Library/PackageCache/com.unity.ide.visualstudio@dc1ddd4f09b6)
    com.unity.inputsystem@1.19.0 (location: /Users/farhad/Projects/WarlineCapture/Library/PackageCache/com.unity.inputsystem@21a28c3a6c83)
    com.unity.probuilder@6.1.2 (location: /Users/farhad/Projects/WarlineCapture/Library/PackageCache/com.unity.probuilder@8be9724b2335)
    com.unity.timeline@1.8.12 (location: /Users/farhad/Projects/WarlineCapture/Library/PackageCache/com.unity.timeline@8cd8509afae5)
    com.unity.visualscripting@1.9.11 (location: /Users/farhad/Projects/WarlineCapture/Library/PackageCache/com.unity.visualscripting@8bed5ad90189)
    com.unity.pipeline@0.6.0-exp.1 (location: /Users/farhad/Projects/WarlineCapture/Library/PackageCache/com.unity.pipeline@9bb4172c603c)
    com.unity.burst@1.8.29 (location: /Users/farhad/Projects/WarlineCapture/Library/PackageCache/com.unity.burst@6bb9aca3ef38)
    com.unity.nuget.mono-cecil@1.11.6 (location: /Users/farhad/Projects/WarlineCapture/Library/PackageCache/com.unity.nuget.mono-cecil@ecb9724e46ff)
    com.unity.nuget.newtonsoft-json@3.2.2 (location: /Users/farhad/Projects/WarlineCapture/Library/PackageCache/com.unity.nuget.newtonsoft-json@4dfd81071c64)
    com.unity.searcher@4.9.4 (location: /Users/farhad/Projects/WarlineCapture/Library/PackageCache/com.unity.searcher@d45a78918735)
    com.unity.settings-manager@2.1.1 (location: /Users/farhad/Projects/WarlineCapture/Library/PackageCache/com.unity.settings-manager@0b8638c5ce86)
    com.unity.profiling.core@1.0.3 (location: /Users/farhad/Projects/WarlineCapture/Library/PackageCache/com.unity.profiling.core@8a49f7027d06)
    com.unity.test-framework.performance@3.5.0 (location: /Users/farhad/Projects/WarlineCapture/Library/PackageCache/com.unity.test-framework.performance@8b56083ec0f0)
    com.unity.scriptablebuildpipeline@3.1.1 (location: /Users/farhad/Projects/WarlineCapture/Library/PackageCache/com.unity.scriptablebuildpipeline@ea93f1084040)
  Built-in packages:
    com.unity.2d.sprite@1.0.0 (location: /Users/farhad/Projects/WarlineCapture/Library/PackageCache/com.unity.2d.sprite@053a968eab56)
    com.unity.entities@6.5.0 (location: /Users/farhad/Projects/WarlineCapture/Library/PackageCache/com.unity.entities@bab66ffaba49)
    com.unity.entities.graphics@6.5.0 (location: /Users/farhad/Projects/WarlineCapture/Library/PackageCache/com.unity.entities.graphics@66588da3a112)
    com.unity.multiplayer.center@1.0.1 (location: /Users/farhad/Projects/WarlineCapture/Library/PackageCache/com.unity.multiplayer.center@b860850997d0)
    com.unity.render-pipelines.universal@17.5.0 (location: /Users/farhad/Projects/WarlineCapture/Library/PackageCache/com.unity.render-pipelines.universal@748d7458cc62)
    com.unity.serialization@6.5.0 (location: /Users/farhad/Projects/WarlineCapture/Library/PackageCache/com.unity.serialization@b2610f80ff18)
    com.unity.shadergraph@17.5.0 (location: /Users/farhad/Projects/WarlineCapture/Library/PackageCache/com.unity.shadergraph@2df19e8719bc)
    com.unity.test-framework@1.7.0 (location: /Users/farhad/Projects/WarlineCapture/Library/PackageCache/com.unity.test-framework@1405238725ab)
    com.unity.ugui@2.5.0 (location: /Users/farhad/Projects/WarlineCapture/Library/PackageCache/com.unity.ugui@3d1ea40b73ef)
    com.unity.modules.accessibility@1.0.0 (location: /Users/farhad/Projects/WarlineCapture/Library/PackageCache/com.unity.modules.accessibility)
    com.unity.modules.adaptiveperformance@1.0.0 (location: /Users/farhad/Projects/WarlineCapture/Library/PackageCache/com.unity.modules.adaptiveperformance)
    com.unity.modules.ai@1.0.0 (location: /Users/farhad/Projects/WarlineCapture/Library/PackageCache/com.unity.modules.ai)
    com.unity.modules.androidjni@1.0.0 (location: /Users/farhad/Projects/WarlineCapture/Library/PackageCache/com.unity.modules.androidjni)
    com.unity.modules.animation@1.0.0 (location: /Users/farhad/Projects/WarlineCapture/Library/PackageCache/com.unity.modules.animation)
    com.unity.modules.assetbundle@1.0.0 (location: /Users/farhad/Projects/WarlineCapture/Library/PackageCache/com.unity.modules.assetbundle)
    com.unity.modules.audio@1.0.0 (location: /Users/farhad/Projects/WarlineCapture/Library/PackageCache/com.unity.modules.audio)
    com.unity.modules.cloth@1.0.0 (location: /Users/farhad/Projects/WarlineCapture/Library/PackageCache/com.unity.modules.cloth)
    com.unity.modules.director@1.0.0 (location: /Users/farhad/Projects/WarlineCapture/Library/PackageCache/com.unity.modules.director)
    com.unity.modules.imageconversion@1.0.0 (location: /Users/farhad/Projects/WarlineCapture/Library/PackageCache/com.unity.modules.imageconversion)
    com.unity.modules.imgui@1.0.0 (location: /Users/farhad/Projects/WarlineCapture/Library/PackageCache/com.unity.modules.imgui)
    com.unity.modules.jsonserialize@1.0.0 (location: /Users/farhad/Projects/WarlineCapture/Library/PackageCache/com.unity.modules.jsonserialize)
    com.unity.modules.physicscore2d@1.0.0 (location: /Users/farhad/Projects/WarlineCapture/Library/PackageCache/com.unity.modules.physicscore2d)
    com.unity.modules.screencapture@1.0.0 (location: /Users/farhad/Projects/WarlineCapture/Library/PackageCache/com.unity.modules.screencapture)
    com.unity.modules.tilemap@1.0.0 (location: /Users/farhad/Projects/WarlineCapture/Library/PackageCache/com.unity.modules.tilemap)
    com.unity.modules.ui@1.0.0 (location: /Users/farhad/Projects/WarlineCapture/Library/PackageCache/com.unity.modules.ui)
    com.unity.modules.uielements@1.0.0 (location: /Users/farhad/Projects/WarlineCapture/Library/PackageCache/com.unity.modules.uielements)
    com.unity.modules.umbra@1.0.0 (location: /Users/farhad/Projects/WarlineCapture/Library/PackageCache/com.unity.modules.umbra)
    com.unity.modules.unityanalytics@1.0.0 (location: /Users/farhad/Projects/WarlineCapture/Library/PackageCache/com.unity.modules.unityanalytics)
    com.unity.modules.unitywebrequest@1.0.0 (location: /Users/farhad/Projects/WarlineCapture/Library/PackageCache/com.unity.modules.unitywebrequest)
    com.unity.modules.unitywebrequestassetbundle@1.0.0 (location: /Users/farhad/Projects/WarlineCapture/Library/PackageCache/com.unity.modules.unitywebrequestassetbundle)
    com.unity.modules.unitywebrequestaudio@1.0.0 (location: /Users/farhad/Projects/WarlineCapture/Library/PackageCache/com.unity.modules.unitywebrequestaudio)
    com.unity.modules.unitywebrequesttexture@1.0.0 (location: /Users/farhad/Projects/WarlineCapture/Library/PackageCache/com.unity.modules.unitywebrequesttexture)
    com.unity.modules.unitywebrequestwww@1.0.0 (location: /Users/farhad/Projects/WarlineCapture/Library/PackageCache/com.unity.modules.unitywebrequestwww)
    com.unity.modules.vectorgraphics@1.0.0 (location: /Users/farhad/Projects/WarlineCapture/Library/PackageCache/com.unity.modules.vectorgraphics)
    com.unity.modules.vehicles@1.0.0 (location: /Users/farhad/Projects/WarlineCapture/Library/PackageCache/com.unity.modules.vehicles)
    com.unity.modules.video@1.0.0 (location: /Users/farhad/Projects/WarlineCapture/Library/PackageCache/com.unity.modules.video)
    com.unity.modules.wind@1.0.0 (location: /Users/farhad/Projects/WarlineCapture/Library/PackageCache/com.unity.modules.wind)
    com.unity.modules.xr@1.0.0 (location: /Users/farhad/Projects/WarlineCapture/Library/PackageCache/com.unity.modules.xr)
    com.unity.modules.physics@1.0.0 (location: /Users/farhad/Projects/WarlineCapture/Library/PackageCache/com.unity.modules.physics)
    com.unity.modules.subsystems@1.0.0 (location: /Users/farhad/Projects/WarlineCapture/Library/PackageCache/com.unity.modules.subsystems)
    com.unity.modules.hierarchycore@1.0.0 (location: /Users/farhad/Projects/WarlineCapture/Library/PackageCache/com.unity.modules.hierarchycore)
    com.unity.modules.physics2d@1.0.0 (location: /Users/farhad/Projects/WarlineCapture/Library/PackageCache/com.unity.modules.physics2d)
    com.unity.modules.particlesystem@1.0.0 (location: /Users/farhad/Projects/WarlineCapture/Library/PackageCache/com.unity.modules.particlesystem)
    com.unity.ext.nunit@2.1.0 (location: /Users/farhad/Projects/WarlineCapture/Library/PackageCache/com.unity.ext.nunit@44f7d31723bd)
    com.unity.render-pipelines.core@17.5.0 (location: /Users/farhad/Projects/WarlineCapture/Library/PackageCache/com.unity.render-pipelines.core@9fe9377312a8)
    com.unity.collections@6.5.0 (location: /Users/farhad/Projects/WarlineCapture/Library/PackageCache/com.unity.collections@a43cabe808ca)
    com.unity.render-pipelines.universal-config@17.5.0 (location: /Users/farhad/Projects/WarlineCapture/Library/PackageCache/com.unity.render-pipelines.universal-config@fdda01c80fe3)
    com.unity.modules.hierarchy@1.0.0 (location: /Users/farhad/Projects/WarlineCapture/Library/PackageCache/com.unity.modules.hierarchy)
    com.unity.mathematics@1.4.0 (location: /Users/farhad/Projects/WarlineCapture/Library/PackageCache/com.unity.mathematics@981956d94fb6)
    com.unity.modules.terrain@1.0.0 (location: /Users/farhad/Projects/WarlineCapture/Library/PackageCache/com.unity.modules.terrain)
  Embedded packages:
    com.sniveler-code.gpu-animation@file:/Users/farhad/Projects/WarlineCapture/Packages/com.sniveler-code.gpu-animation (location: /Users/farhad/Projects/WarlineCapture/Packages/com.sniveler-code.gpu-animation)
  Git packages:
    com.nosuchstudio.rtltmpro@https://github.com/hk1ll3r/RTLTMPro.git?path=/UPMPackage#69c9193fc27218f17679cc57382a61ac4a717b2b (location: /Users/farhad/Projects/WarlineCapture/Library/PackageCache/com.nosuchstudio.rtltmpro@44858274f18a)
[Subsystems] No new subsystems found in resolved package list.
[Package Manager] Done registering packages in 0.01 seconds
Assembly reference Packages/com.unity.entities/Unity.Scenes.Editor/Internals/Properties/Unity.Properties.Internals.asmref has no target assembly definition
Assembly reference Packages/com.unity.entities/Unity.Scenes.Editor/Internals/Properties/Unity.Properties.Internals.asmref has no target assembly definition
[ScriptCompilation] Requested script compilation because: AssetDatabase observed changes in script compilation related files
info: Microsoft.Hosting.Lifetime[14]
      Now listening on: http://unix:/tmp/ilpp.sock-cab634237f5413a71fd009541e827d78
info: Microsoft.Hosting.Lifetime[0]
      Application started. Press Ctrl+C to shut down.
info: Microsoft.Hosting.Lifetime[0]
      Hosting environment: Production
info: Microsoft.Hosting.Lifetime[0]
      Content root path: /Users/farhad/Projects/WarlineCapture
info: Microsoft.AspNetCore.Hosting.Diagnostics[1]
      Request starting HTTP/2 POST http://ilpp/UnityILPP.PostProcessing/Ping - application/grpc -
info: Microsoft.AspNetCore.Routing.EndpointMiddleware[0]
      Executing endpoint 'gRPC - /UnityILPP.PostProcessing/Ping'
info: Microsoft.AspNetCore.Routing.EndpointMiddleware[1]
      Executed endpoint 'gRPC - /UnityILPP.PostProcessing/Ping'
info: Microsoft.AspNetCore.Hosting.Diagnostics[2]
      Request finished HTTP/2 POST http://ilpp/UnityILPP.PostProcessing/Ping - 200 - application/grpc 19.8353ms
Refreshing native plugins compatible for Editor in 2.49 ms, found 3 plugins.
Starting: /Applications/Unity/Hub/Editor/6000.5.2f1/Unity.app/Contents/Resources/BuildPipeline/bee_backend --ipc --defer-dag-verification --dagfile="Library/Bee/1300b0aE.dag" --continue-on-failure --profile="Library/Bee/backend1.traceevents" ScriptAssemblies
WorkingDir: /Users/farhad/Projects/WarlineCapture
info: Microsoft.AspNetCore.Hosting.Diagnostics[1]
      Request starting HTTP/2 POST http://ilpp/UnityILPP.PostProcessing/ConfigurePostProcessors - application/grpc -
info: Microsoft.AspNetCore.Routing.EndpointMiddleware[0]
      Executing endpoint 'gRPC - /UnityILPP.PostProcessing/ConfigurePostProcessors'
warn: Unity.ILPP.Runner.PostProcessingAssemblyLoadContext[0]
      Assembly system.runtime.interopservices.windowsruntime has duplicate hint path. Ignoring "/Applications/Unity/Hub/Editor/6000.5.2f1/Unity.app/Contents/Resources/Scripting/NetStandard/Extensions/2.0.0/System.Runtime.InteropServices.WindowsRuntime.dll" in favor of "/Applications/Unity/Hub/Editor/6000.5.2f1/Unity.app/Contents/Resources/Scripting/UnityReferenceAssemblies/unity-4.8-api/Facades/System.Runtime.InteropServices.WindowsRuntime.dll"
warn: Unity.ILPP.Runner.PostProcessingAssemblyLoadContext[0]
      Assembly system.componentmodel.composition has duplicate hint path. Ignoring "/Applications/Unity/Hub/Editor/6000.5.2f1/Unity.app/Contents/Resources/Scripting/NetStandard/compat/2.1.0/shims/netfx/System.ComponentModel.Composition.dll" in favor of "/Applications/Unity/Hub/Editor/6000.5.2f1/Unity.app/Contents/Resources/Scripting/UnityReferenceAssemblies/unity-4.8-api/System.ComponentModel.Composition.dll"
info: Unity.ILPP.Runner.PostProcessingAssemblyLoadContext[0]
      Resolved Mono.Cecil, Version=0.11.5.0, Culture=neutral, PublicKeyToken=50cebf1cceb9d05e with Library/PackageCache/com.unity.nuget.mono-cecil@ecb9724e46ff/Mono.Cecil.dll
info: Unity.ILPP.Runner.PostProcessingAssemblyLoadContext[0]
      Resolved Unity.Burst.Cecil, Version=0.11.6.0, Culture=neutral, PublicKeyToken=50cebf1cceb9d05e with Library/PackageCache/com.unity.burst@6bb9aca3ef38/Unity.Burst.CodeGen/Unity.Burst.Cecil.dll
info: Unity.ILPP.Runner.PostProcessingAssemblyLoadContext[0]
      Resolved Unity.Entities, Version=0.0.0.0, Culture=neutral, PublicKeyToken=null with Library/Bee/artifacts/1300b0aE.dag/Unity.Entities.dll
info: Microsoft.AspNetCore.Routing.EndpointMiddleware[1]
      Executed endpoint 'gRPC - /UnityILPP.PostProcessing/ConfigurePostProcessors'
info: Microsoft.AspNetCore.Hosting.Diagnostics[2]
      Request finished HTTP/2 POST http://ilpp/UnityILPP.PostProcessing/ConfigurePostProcessors - 200 - application/grpc 13.8120ms
info: Microsoft.AspNetCore.Hosting.Diagnostics[1]
      Request starting HTTP/2 POST http://ilpp/UnityILPP.PostProcessing/PostProcessAssembly - application/grpc -
info: Microsoft.AspNetCore.Routing.EndpointMiddleware[0]
      Executing endpoint 'gRPC - /UnityILPP.PostProcessing/PostProcessAssembly'
info: Microsoft.AspNetCore.Hosting.Diagnostics[1]
      Request starting HTTP/2 POST http://ilpp/UnityILPP.PostProcessing/PostProcessAssembly - application/grpc -
info: Microsoft.AspNetCore.Routing.EndpointMiddleware[0]
      Executing endpoint 'gRPC - /UnityILPP.PostProcessing/PostProcessAssembly'
info: Unity.ILPP.Runner.PostProcessingPipeline[0]
      Processing assembly Library/Bee/artifacts/1300b0aE.dag/Game.Tests.Editor.dll, with 150 defines and 332 references
info: Unity.ILPP.Runner.PostProcessingPipeline[0]
      Processing assembly Library/Bee/artifacts/1300b0aE.dag/Game.Editor.dll, with 150 defines and 354 references
info: Unity.ILPP.Runner.PostProcessingPipeline[0]
      processors: Unity.Entities.CodeGen.EntitiesILPostProcessors, Unity.Jobs.CodeGen.JobsILPostProcessor, Unity.Pipeline.CodeGen.HotReloadInPlaceILPostProcessor, zzzUnity.Burst.CodeGen.BurstILPostProcessor
info: Unity.ILPP.Runner.PostProcessingPipeline[0]
      processors: Unity.Entities.CodeGen.EntitiesILPostProcessors, Unity.Jobs.CodeGen.JobsILPostProcessor, Unity.Pipeline.CodeGen.HotReloadInPlaceILPostProcessor, zzzUnity.Burst.CodeGen.BurstILPostProcessor
info: Unity.ILPP.Runner.PostProcessingPipeline[0]
      running Unity.Entities.CodeGen.EntitiesILPostProcessors
info: Unity.ILPP.Runner.PostProcessingPipeline[0]
      running Unity.Entities.CodeGen.EntitiesILPostProcessors
info: Unity.ILPP.Runner.PostProcessingAssemblyLoadContext[0]
      Resolved Mono.Cecil.Rocks, Version=0.11.5.0, Culture=neutral, PublicKeyToken=50cebf1cceb9d05e with Library/PackageCache/com.unity.nuget.mono-cecil@ecb9724e46ff/Mono.Cecil.Rocks.dll
info: Unity.ILPP.Runner.PostProcessingAssemblyLoadContext[0]
      Resolved UnityEngine.CoreModule, Version=0.0.0.0, Culture=neutral, PublicKeyToken=null with /Applications/Unity/Hub/Editor/6000.5.2f1/Unity.app/Contents/Resources/Scripting/Managed/UnityEngine/UnityEngine.CoreModule.dll
info: Unity.ILPP.Runner.PostProcessingAssemblyLoadContext[0]
      Resolved Unity.Collections, Version=0.0.0.0, Culture=neutral, PublicKeyToken=null with Library/Bee/artifacts/1300b0aE.dag/Unity.Collections.dll
info: Unity.ILPP.Runner.PostProcessingAssemblyLoadContext[0]
      Resolved Unity.Burst, Version=0.0.0.0, Culture=neutral, PublicKeyToken=null with Library/Bee/artifacts/1300b0aE.dag/Unity.Burst.dll
info: Unity.ILPP.Runner.PostProcessingAssemblyLoadContext[0]
      Resolved Unity.Cecil.Awesome, Version=1.0.0.0, Culture=neutral, PublicKeyToken=null with Library/PackageCache/com.unity.entities@bab66ffaba49/Unity.Entities.CodeGen/Unity.Cecil.Awesome.dll
info: Unity.ILPP.Runner.PostProcessingAssemblyLoadContext[0]
      Resolved Unity.Scripting, Version=0.0.0.0, Culture=neutral, PublicKeyToken=null with /Applications/Unity/Hub/Editor/6000.5.2f1/Unity.app/Contents/Resources/Scripting/Managed/UnityEngine/Unity.Scripting.dll
info: Unity.ILPP.Runner.PostProcessingAssemblyLoadContext[0]
      Resolved UnityEditor.CoreModule, Version=0.0.0.0, Culture=neutral, PublicKeyToken=null with /Applications/Unity/Hub/Editor/6000.5.2f1/Unity.app/Contents/Resources/Scripting/Managed/UnityEngine/UnityEditor.CoreModule.dll
  - EILPP : Game.Editor : : 1219ms (~225ms)
    - EILPP : Game.Editor : GetAllComponentTypes: 27ms 
    - EILPP : Game.Editor : ComponentDataPP: 32ms 
    - EILPP : Game.Editor : StaticTypeRegistryPostProcessor: 38ms 
    - EILPP : Game.Editor : WriteAssembly: 897ms 
info: Unity.ILPP.Runner.PostProcessingPipeline[0]
      running Unity.Jobs.CodeGen.JobsILPostProcessor
  - EILPP : Game.Tests.Editor : : 1224ms (~235ms)
    - EILPP : Game.Tests.Editor : GetAllComponentTypes: 1ms 
    - EILPP : Game.Tests.Editor : Cloner: 33ms 
    - EILPP : Game.Tests.Editor : ComponentDataPP: 26ms 
    - EILPP : Game.Tests.Editor : StaticTypeRegistryPostProcessor: 38ms 
    - EILPP : Game.Tests.Editor : WriteAssembly: 891ms 
info: Unity.ILPP.Runner.PostProcessingPipeline[0]
      running Unity.Jobs.CodeGen.JobsILPostProcessor
info: Unity.ILPP.Runner.PostProcessingPipeline[0]
      running Unity.Pipeline.CodeGen.HotReloadInPlaceILPostProcessor
info: Unity.ILPP.Runner.PostProcessingPipeline[0]
      running zzzUnity.Burst.CodeGen.BurstILPostProcessor
info: Microsoft.AspNetCore.Routing.EndpointMiddleware[1]
      Executed endpoint 'gRPC - /UnityILPP.PostProcessing/PostProcessAssembly'
info: Microsoft.AspNetCore.Hosting.Diagnostics[2]
      Request finished HTTP/2 POST http://ilpp/UnityILPP.PostProcessing/PostProcessAssembly - 200 - application/grpc 1421.0478ms
info: Unity.ILPP.Runner.PostProcessingPipeline[0]
      running Unity.Pipeline.CodeGen.HotReloadInPlaceILPostProcessor
info: Unity.ILPP.Runner.PostProcessingPipeline[0]
      running zzzUnity.Burst.CodeGen.BurstILPostProcessor
info: Unity.ILPP.Runner.PostProcessingAssemblyLoadContext[0]
      Resolved Unity.Burst.Cecil.Rocks, Version=0.11.6.0, Culture=neutral, PublicKeyToken=50cebf1cceb9d05e with Library/PackageCache/com.unity.burst@6bb9aca3ef38/Unity.Burst.CodeGen/Unity.Burst.Cecil.Rocks.dll
info: Microsoft.AspNetCore.Routing.EndpointMiddleware[1]
      Executed endpoint 'gRPC - /UnityILPP.PostProcessing/PostProcessAssembly'
info: Microsoft.AspNetCore.Hosting.Diagnostics[2]
      Request finished HTTP/2 POST http://ilpp/UnityILPP.PostProcessing/PostProcessAssembly - 200 - application/grpc 2173.5965ms
ExitCode: 0 Duration: 6s978ms
[1443/1995  0s] ILPP-Configuration Library/ilpp-configuration.nevergeneratedoutput
[1987/1995  4s] Csc Library/Bee/artifacts/1300b0aE.dag/Game.Editor.dll (+2 others)
Assets/Game/Scripts/Editor/CH02M01GridlockWatchProbe.cs(140,104): warning CS0618: 'FindObjectsSortMode' is obsolete: 'FindObjectsSortMode has been deprecated. Use the FindObjectsByType overloads that do not take a FindObjectsSortMode parameter.'
Assets/Game/Scripts/Editor/CH02M01GridlockWatchProbe.cs(140,31): warning CS0618: 'Object.FindObjectsByType<T>(FindObjectsInactive, FindObjectsSortMode)' is obsolete: 'FindObjectsByType with FindObjectsSortMode parameter has been deprecated. Use FindObjectsByType<T>() or FindObjectsByType<T>(FindObjectsInactive) instead. InstanceID will be replaced in the future with EntityId and previous sort order cannot be maintained.'
Assets/Game/Scripts/Editor/CH02M02SupplyLineInputProbe.cs(109,106): warning CS0618: 'FindObjectsSortMode' is obsolete: 'FindObjectsSortMode has been deprecated. Use the FindObjectsByType overloads that do not take a FindObjectsSortMode parameter.'
Assets/Game/Scripts/Editor/CH02M02SupplyLineInputProbe.cs(109,33): warning CS0618: 'Object.FindObjectsByType<T>(FindObjectsInactive, FindObjectsSortMode)' is obsolete: 'FindObjectsByType with FindObjectsSortMode parameter has been deprecated. Use FindObjectsByType<T>() or FindObjectsByType<T>(FindObjectsInactive) instead. InstanceID will be replaced in the future with EntityId and previous sort order cannot be maintained.'
Assets/Game/Scripts/Editor/CH02M02SupplyLineInputProbe.cs(121,127): warning CS0618: 'FindObjectsSortMode' is obsolete: 'FindObjectsSortMode has been deprecated. Use the FindObjectsByType overloads that do not take a FindObjectsSortMode parameter.'
Assets/Game/Scripts/Editor/CH02M02SupplyLineInputProbe.cs(121,38): warning CS0618: 'Object.FindObjectsByType<T>(FindObjectsInactive, FindObjectsSortMode)' is obsolete: 'FindObjectsByType with FindObjectsSortMode parameter has been deprecated. Use FindObjectsByType<T>() or FindObjectsByType<T>(FindObjectsInactive) instead. InstanceID will be replaced in the future with EntityId and previous sort order cannot be maintained.'
Assets/Game/Scripts/Editor/CampaignTutorialEntryEditorProbe.Presentation.cs(20,86): warning CS0618: 'FindObjectsSortMode' is obsolete: 'FindObjectsSortMode has been deprecated. Use the FindObjectsByType overloads that do not take a FindObjectsSortMode parameter.'
Assets/Game/Scripts/Editor/CampaignTutorialEntryEditorProbe.Presentation.cs(20,36): warning CS0618: 'Object.FindObjectsByType<T>(FindObjectsSortMode)' is obsolete: 'FindObjectsByType with FindObjectsSortMode parameter has been deprecated. Use FindObjectsByType<T>() or FindObjectsByType<T>(FindObjectsInactive) instead. InstanceID will be replaced in the future with EntityId and previous sort order cannot be maintained.'
Assets/Game/Scripts/Editor/CampaignTutorialEntryEditorProbe.Recovery.cs(74,74): warning CS0618: 'FindObjectsSortMode' is obsolete: 'FindObjectsSortMode has been deprecated. Use the FindObjectsByType overloads that do not take a FindObjectsSortMode parameter.'
Assets/Game/Scripts/Editor/CampaignTutorialEntryEditorProbe.Recovery.cs(74,29): warning CS0618: 'Object.FindObjectsByType<T>(FindObjectsSortMode)' is obsolete: 'FindObjectsByType with FindObjectsSortMode parameter has been deprecated. Use FindObjectsByType<T>() or FindObjectsByType<T>(FindObjectsInactive) instead. InstanceID will be replaced in the future with EntityId and previous sort order cannot be maintained.'
Assets/Game/Scripts/Editor/CampaignTutorialEntryEditorProbe.Recovery.cs(114,83): warning CS0618: 'FindObjectsSortMode' is obsolete: 'FindObjectsSortMode has been deprecated. Use the FindObjectsByType overloads that do not take a FindObjectsSortMode parameter.'
Assets/Game/Scripts/Editor/CampaignTutorialEntryEditorProbe.Recovery.cs(114,38): warning CS0618: 'Object.FindObjectsByType<T>(FindObjectsSortMode)' is obsolete: 'FindObjectsByType with FindObjectsSortMode parameter has been deprecated. Use FindObjectsByType<T>() or FindObjectsByType<T>(FindObjectsInactive) instead. InstanceID will be replaced in the future with EntityId and previous sort order cannot be maintained.'
Assets/Game/Scripts/Editor/M01ComicVoicePlaybackProbe.cs(50,78): warning CS0618: 'FindObjectsSortMode' is obsolete: 'FindObjectsSortMode has been deprecated. Use the FindObjectsByType overloads that do not take a FindObjectsSortMode parameter.'
Assets/Game/Scripts/Editor/M01ComicVoicePlaybackProbe.cs(50,26): warning CS0618: 'Object.FindObjectsByType<T>(FindObjectsSortMode)' is obsolete: 'FindObjectsByType with FindObjectsSortMode parameter has been deprecated. Use FindObjectsByType<T>() or FindObjectsByType<T>(FindObjectsInactive) instead. InstanceID will be replaced in the future with EntityId and previous sort order cannot be maintained.'
Assets/Game/Scripts/Editor/M03RadarWarningMediaImporter.cs(40,47): warning CS0618: 'TextureImporter.spritesheet' is obsolete: 'Support for accessing sprite meta data through spritesheet has been removed. Please use the UnityEditor.U2D.Sprites.ISpriteEditorDataProvider interface instead.'
Assets/Game/Scripts/Editor/M04AirliftMediaImporter.cs(43,47): warning CS0618: 'TextureImporter.spritesheet' is obsolete: 'Support for accessing sprite meta data through spritesheet has been removed. Please use the UnityEditor.U2D.Sprites.ISpriteEditorDataProvider interface instead.'
Assets/Game/Scripts/Editor/M04AirliftEditorProbe.MobileActions.cs(47,107): warning CS0618: 'FindObjectsSortMode' is obsolete: 'FindObjectsSortMode has been deprecated. Use the FindObjectsByType overloads that do not take a FindObjectsSortMode parameter.'
Assets/Game/Scripts/Editor/M04AirliftEditorProbe.MobileActions.cs(47,42): warning CS0618: 'Object.FindObjectsByType<T>(FindObjectsSortMode)' is obsolete: 'FindObjectsByType with FindObjectsSortMode parameter has been deprecated. Use FindObjectsByType<T>() or FindObjectsByType<T>(FindObjectsInactive) instead. InstanceID will be replaced in the future with EntityId and previous sort order cannot be maintained.'
Assets/Game/Scripts/Editor/M04AirliftEditorProbe.MobileActions.cs(56,103): warning CS0618: 'FindObjectsSortMode' is obsolete: 'FindObjectsSortMode has been deprecated. Use the FindObjectsByType overloads that do not take a FindObjectsSortMode parameter.'
Assets/Game/Scripts/Editor/M04AirliftEditorProbe.MobileActions.cs(56,38): warning CS0618: 'Object.FindObjectsByType<T>(FindObjectsSortMode)' is obsolete: 'FindObjectsByType with FindObjectsSortMode parameter has been deprecated. Use FindObjectsByType<T>() or FindObjectsByType<T>(FindObjectsInactive) instead. InstanceID will be replaced in the future with EntityId and previous sort order cannot be maintained.'
Assets/Game/Scripts/Editor/M04AirliftEditorProbe.PlayerGuidance.cs(141,96): warning CS0618: 'FindObjectsSortMode' is obsolete: 'FindObjectsSortMode has been deprecated. Use the FindObjectsByType overloads that do not take a FindObjectsSortMode parameter.'
Assets/Game/Scripts/Editor/M04AirliftEditorProbe.PlayerGuidance.cs(141,31): warning CS0618: 'Object.FindObjectsByType<T>(FindObjectsSortMode)' is obsolete: 'FindObjectsByType with FindObjectsSortMode parameter has been deprecated. Use FindObjectsByType<T>() or FindObjectsByType<T>(FindObjectsInactive) instead. InstanceID will be replaced in the future with EntityId and previous sort order cannot be maintained.'
Assets/Game/Scripts/Editor/M04AirliftEditorProbe.PlayerGuidance.cs(153,108): warning CS0618: 'FindObjectsSortMode' is obsolete: 'FindObjectsSortMode has been deprecated. Use the FindObjectsByType overloads that do not take a FindObjectsSortMode parameter.'
Assets/Game/Scripts/Editor/M04AirliftEditorProbe.PlayerGuidance.cs(153,41): warning CS0618: 'Object.FindObjectsByType<T>(FindObjectsSortMode)' is obsolete: 'FindObjectsByType with FindObjectsSortMode parameter has been deprecated. Use FindObjectsByType<T>() or FindObjectsByType<T>(FindObjectsInactive) instead. InstanceID will be replaced in the future with EntityId and previous sort order cannot be maintained.'
Assets/Game/Scripts/Editor/M03RadarWarningEditorLaunchProbe.Guidance.cs(155,69): warning CS0618: 'FindObjectsSortMode' is obsolete: 'FindObjectsSortMode has been deprecated. Use the FindObjectsByType overloads that do not take a FindObjectsSortMode parameter.'
Assets/Game/Scripts/Editor/M03RadarWarningEditorLaunchProbe.Guidance.cs(155,24): warning CS0618: 'Object.FindObjectsByType<T>(FindObjectsSortMode)' is obsolete: 'FindObjectsByType with FindObjectsSortMode parameter has been deprecated. Use FindObjectsByType<T>() or FindObjectsByType<T>(FindObjectsInactive) instead. InstanceID will be replaced in the future with EntityId and previous sort order cannot be maintained.'
Assets/Game/Scripts/Editor/M03RadarWarningEditorLaunchProbe.Guidance.cs(211,108): warning CS0618: 'FindObjectsSortMode' is obsolete: 'FindObjectsSortMode has been deprecated. Use the FindObjectsByType overloads that do not take a FindObjectsSortMode parameter.'
Assets/Game/Scripts/Editor/M03RadarWarningEditorLaunchProbe.Guidance.cs(211,35): warning CS0618: 'Object.FindObjectsByType<T>(FindObjectsInactive, FindObjectsSortMode)' is obsolete: 'FindObjectsByType with FindObjectsSortMode parameter has been deprecated. Use FindObjectsByType<T>() or FindObjectsByType<T>(FindObjectsInactive) instead. InstanceID will be replaced in the future with EntityId and previous sort order cannot be maintained.'
Assets/Game/Scripts/Editor/M03RadarWarningEditorLaunchProbe.Indicator.cs(93,112): warning CS0618: 'FindObjectsSortMode' is obsolete: 'FindObjectsSortMode has been deprecated. Use the FindObjectsByType overloads that do not take a FindObjectsSortMode parameter.'
Assets/Game/Scripts/Editor/M03RadarWarningEditorLaunchProbe.Indicator.cs(93,39): warning CS0618: 'Object.FindObjectsByType<T>(FindObjectsInactive, FindObjectsSortMode)' is obsolete: 'FindObjectsByType with FindObjectsSortMode parameter has been deprecated. Use FindObjectsByType<T>() or FindObjectsByType<T>(FindObjectsInactive) instead. InstanceID will be replaced in the future with EntityId and previous sort order cannot be maintained.'
Assets/Game/Scripts/Editor/M03RadarWarningEditorLaunchProbe.PlacementIndicator.cs(59,122): warning CS0618: 'FindObjectsSortMode' is obsolete: 'FindObjectsSortMode has been deprecated. Use the FindObjectsByType overloads that do not take a FindObjectsSortMode parameter.'
Assets/Game/Scripts/Editor/M03RadarWarningEditorLaunchProbe.PlacementIndicator.cs(59,36): warning CS0618: 'Object.FindObjectsByType<T>(FindObjectsInactive, FindObjectsSortMode)' is obsolete: 'FindObjectsByType with FindObjectsSortMode parameter has been deprecated. Use FindObjectsByType<T>() or FindObjectsByType<T>(FindObjectsInactive) instead. InstanceID will be replaced in the future with EntityId and previous sort order cannot be maintained.'
Assets/Game/Scripts/Editor/M03RadarWarningEditorLaunchProbe.PlacementIndicator.cs(62,111): warning CS0618: 'FindObjectsSortMode' is obsolete: 'FindObjectsSortMode has been deprecated. Use the FindObjectsByType overloads that do not take a FindObjectsSortMode parameter.'
Assets/Game/Scripts/Editor/M03RadarWarningEditorLaunchProbe.PlacementIndicator.cs(62,38): warning CS0618: 'Object.FindObjectsByType<T>(FindObjectsInactive, FindObjectsSortMode)' is obsolete: 'FindObjectsByType with FindObjectsSortMode parameter has been deprecated. Use FindObjectsByType<T>() or FindObjectsByType<T>(FindObjectsInactive) instead. InstanceID will be replaced in the future with EntityId and previous sort order cannot be maintained.'
Assets/Game/Scripts/Editor/MissionTowerFireEditorProbe.cs(167,86): warning CS0618: 'FindObjectsSortMode' is obsolete: 'FindObjectsSortMode has been deprecated. Use the FindObjectsByType overloads that do not take a FindObjectsSortMode parameter.'
Assets/Game/Scripts/Editor/MissionTowerFireEditorProbe.cs(167,36): warning CS0618: 'Object.FindObjectsByType<T>(FindObjectsSortMode)' is obsolete: 'FindObjectsByType with FindObjectsSortMode parameter has been deprecated. Use FindObjectsByType<T>() or FindObjectsByType<T>(FindObjectsInactive) instead. InstanceID will be replaced in the future with EntityId and previous sort order cannot be maintained.'
Assets/Game/Scripts/Editor/Skirmish/SkirmishS002AriaRunHarness.HelipadProbe.cs(51,111): warning CS0618: 'FindObjectsSortMode' is obsolete: 'FindObjectsSortMode has been deprecated. Use the FindObjectsByType overloads that do not take a FindObjectsSortMode parameter.'
Assets/Game/Scripts/Editor/Skirmish/SkirmishS002AriaRunHarness.HelipadProbe.cs(51,34): warning CS0618: 'Object.FindObjectsByType<T>(FindObjectsInactive, FindObjectsSortMode)' is obsolete: 'FindObjectsByType with FindObjectsSortMode parameter has been deprecated. Use FindObjectsByType<T>() or FindObjectsByType<T>(FindObjectsInactive) instead. InstanceID will be replaced in the future with EntityId and previous sort order cannot be maintained.'
Assets/Game/Scripts/Editor/Skirmish/SkirmishS002AriaRunHarness.HelipadProbe.cs(168,115): warning CS0618: 'FindObjectsSortMode' is obsolete: 'FindObjectsSortMode has been deprecated. Use the FindObjectsByType overloads that do not take a FindObjectsSortMode parameter.'
Assets/Game/Scripts/Editor/Skirmish/SkirmishS002AriaRunHarness.HelipadProbe.cs(168,38): warning CS0618: 'Object.FindObjectsByType<T>(FindObjectsInactive, FindObjectsSortMode)' is obsolete: 'FindObjectsByType with FindObjectsSortMode parameter has been deprecated. Use FindObjectsByType<T>() or FindObjectsByType<T>(FindObjectsInactive) instead. InstanceID will be replaced in the future with EntityId and previous sort order cannot be maintained.'
Assets/Game/Scripts/Editor/Skirmish/SkirmishS002AriaRunHarness.cs(214,128): warning CS0618: 'FindObjectsSortMode' is obsolete: 'FindObjectsSortMode has been deprecated. Use the FindObjectsByType overloads that do not take a FindObjectsSortMode parameter.'
Assets/Game/Scripts/Editor/Skirmish/SkirmishS002AriaRunHarness.cs(214,41): warning CS0618: 'Object.FindObjectsByType<T>(FindObjectsInactive, FindObjectsSortMode)' is obsolete: 'FindObjectsByType with FindObjectsSortMode parameter has been deprecated. Use FindObjectsByType<T>() or FindObjectsByType<T>(FindObjectsInactive) instead. InstanceID will be replaced in the future with EntityId and previous sort order cannot be maintained.'
Assets/Game/Scripts/Editor/OperationMapRenderInfrastructureEligibilityPolicy.cs(75,68): warning CS0618: 'Projector' is obsolete: 'Projector component is deprecated now that the Built-In Render Pipeline is deprecated. To use an alternative, refer to the documentation in the component help icon. #from(6000.5)'
Assets/Game/Scripts/Editor/OperationsReconLaunchSmokeValidation.cs(303,118): warning CS0618: 'FindObjectsSortMode' is obsolete: 'FindObjectsSortMode has been deprecated. Use the FindObjectsByType overloads that do not take a FindObjectsSortMode parameter.'
Assets/Game/Scripts/Editor/OperationsReconLaunchSmokeValidation.cs(303,44): warning CS0618: 'Object.FindObjectsByType<T>(FindObjectsInactive, FindObjectsSortMode)' is obsolete: 'FindObjectsByType with FindObjectsSortMode parameter has been deprecated. Use FindObjectsByType<T>() or FindObjectsByType<T>(FindObjectsInactive) instead. InstanceID will be replaced in the future with EntityId and previous sort order cannot be maintained.'
Assets/Game/Scripts/Editor/OperationsReconLaunchSmokeValidation.cs(349,145): warning CS0618: 'FindObjectsSortMode' is obsolete: 'FindObjectsSortMode has been deprecated. Use the FindObjectsByType overloads that do not take a FindObjectsSortMode parameter.'
Assets/Game/Scripts/Editor/OperationsReconLaunchSmokeValidation.cs(349,50): warning CS0618: 'Object.FindObjectsByType<T>(FindObjectsInactive, FindObjectsSortMode)' is obsolete: 'FindObjectsByType with FindObjectsSortMode parameter has been deprecated. Use FindObjectsByType<T>() or FindObjectsByType<T>(FindObjectsInactive) instead. InstanceID will be replaced in the future with EntityId and previous sort order cannot be maintained.'
Assets/Game/Scripts/Editor/OperationsReconLaunchSmokeValidation.cs(397,135): warning CS0618: 'FindObjectsSortMode' is obsolete: 'FindObjectsSortMode has been deprecated. Use the FindObjectsByType overloads that do not take a FindObjectsSortMode parameter.'
Assets/Game/Scripts/Editor/OperationsReconLaunchSmokeValidation.cs(397,40): warning CS0618: 'Object.FindObjectsByType<T>(FindObjectsInactive, FindObjectsSortMode)' is obsolete: 'FindObjectsByType with FindObjectsSortMode parameter has been deprecated. Use FindObjectsByType<T>() or FindObjectsByType<T>(FindObjectsInactive) instead. InstanceID will be replaced in the future with EntityId and previous sort order cannot be maintained.'
Assets/Game/Scripts/Editor/OperationsReconLaunchSmokeValidation.cs(456,140): warning CS0618: 'FindObjectsSortMode' is obsolete: 'FindObjectsSortMode has been deprecated. Use the FindObjectsByType overloads that do not take a FindObjectsSortMode parameter.'
Assets/Game/Scripts/Editor/OperationsReconLaunchSmokeValidation.cs(456,45): warning CS0618: 'Object.FindObjectsByType<T>(FindObjectsInactive, FindObjectsSortMode)' is obsolete: 'FindObjectsByType with FindObjectsSortMode parameter has been deprecated. Use FindObjectsByType<T>() or FindObjectsByType<T>(FindObjectsInactive) instead. InstanceID will be replaced in the future with EntityId and previous sort order cannot be maintained.'
Assets/Game/Scripts/Editor/OperationsReconLaunchSmokeValidation.cs(551,142): warning CS0618: 'FindObjectsSortMode' is obsolete: 'FindObjectsSortMode has been deprecated. Use the FindObjectsByType overloads that do not take a FindObjectsSortMode parameter.'
Assets/Game/Scripts/Editor/OperationsReconLaunchSmokeValidation.cs(551,47): warning CS0618: 'Object.FindObjectsByType<T>(FindObjectsInactive, FindObjectsSortMode)' is obsolete: 'FindObjectsByType with FindObjectsSortMode parameter has been deprecated. Use FindObjectsByType<T>() or FindObjectsByType<T>(FindObjectsInactive) instead. InstanceID will be replaced in the future with EntityId and previous sort order cannot be maintained.'
Assets/Game/Scripts/Editor/OperationsReconLaunchSmokeValidation.cs(887,137): warning CS0618: 'FindObjectsSortMode' is obsolete: 'FindObjectsSortMode has been deprecated. Use the FindObjectsByType overloads that do not take a FindObjectsSortMode parameter.'
Assets/Game/Scripts/Editor/OperationsReconLaunchSmokeValidation.cs(887,42): warning CS0618: 'Object.FindObjectsByType<T>(FindObjectsInactive, FindObjectsSortMode)' is obsolete: 'FindObjectsByType with FindObjectsSortMode parameter has been deprecated. Use FindObjectsByType<T>() or FindObjectsByType<T>(FindObjectsInactive) instead. InstanceID will be replaced in the future with EntityId and previous sort order cannot be maintained.'
Assets/Game/Scripts/Editor/OperationsReconLaunchSmokeValidation.cs(898,129): warning CS0618: 'FindObjectsSortMode' is obsolete: 'FindObjectsSortMode has been deprecated. Use the FindObjectsByType overloads that do not take a FindObjectsSortMode parameter.'
Assets/Game/Scripts/Editor/OperationsReconLaunchSmokeValidation.cs(898,34): warning CS0618: 'Object.FindObjectsByType<T>(FindObjectsInactive, FindObjectsSortMode)' is obsolete: 'FindObjectsByType with FindObjectsSortMode parameter has been deprecated. Use FindObjectsByType<T>() or FindObjectsByType<T>(FindObjectsInactive) instead. InstanceID will be replaced in the future with EntityId and previous sort order cannot be maintained.'
Assets/Game/Scripts/Editor/OperationsReconLaunchSmokeValidation.cs(915,133): warning CS0618: 'FindObjectsSortMode' is obsolete: 'FindObjectsSortMode has been deprecated. Use the FindObjectsByType overloads that do not take a FindObjectsSortMode parameter.'
Assets/Game/Scripts/Editor/OperationsReconLaunchSmokeValidation.cs(915,38): warning CS0618: 'Object.FindObjectsByType<T>(FindObjectsInactive, FindObjectsSortMode)' is obsolete: 'FindObjectsByType with FindObjectsSortMode parameter has been deprecated. Use FindObjectsByType<T>() or FindObjectsByType<T>(FindObjectsInactive) instead. InstanceID will be replaced in the future with EntityId and previous sort order cannot be maintained.'
Assets/Game/Scripts/Editor/OperationsReconLaunchSmokeValidation.cs(920,110): warning CS0618: 'FindObjectsSortMode' is obsolete: 'FindObjectsSortMode has been deprecated. Use the FindObjectsByType overloads that do not take a FindObjectsSortMode parameter.'
Assets/Game/Scripts/Editor/OperationsReconLaunchSmokeValidation.cs(920,36): warning CS0618: 'Object.FindObjectsByType<T>(FindObjectsInactive, FindObjectsSortMode)' is obsolete: 'FindObjectsByType with FindObjectsSortMode parameter has been deprecated. Use FindObjectsByType<T>() or FindObjectsByType<T>(FindObjectsInactive) instead. InstanceID will be replaced in the future with EntityId and previous sort order cannot be maintained.'
[1989/1995  2s] ILPostProcess Library/Bee/artifacts/1300b0aE.dag/post-processed/Game.Tests.Editor.dll (+pdb)
Processing assembly Library/Bee/artifacts/1300b0aE.dag/Game.Tests.Editor.dll, with 150 defines and 332 references
processors: Unity.Entities.CodeGen.EntitiesILPostProcessors, Unity.Jobs.CodeGen.JobsILPostProcessor, Unity.Pipeline.CodeGen.HotReloadInPlaceILPostProcessor, zzzUnity.Burst.CodeGen.BurstILPostProcessor
running Unity.Entities.CodeGen.EntitiesILPostProcessors
running Unity.Jobs.CodeGen.JobsILPostProcessor
running Unity.Pipeline.CodeGen.HotReloadInPlaceILPostProcessor
running zzzUnity.Burst.CodeGen.BurstILPostProcessor
[1990/1995  2s] ILPostProcess Library/Bee/artifacts/1300b0aE.dag/post-processed/Game.Editor.dll (+pdb)
Processing assembly Library/Bee/artifacts/1300b0aE.dag/Game.Editor.dll, with 150 defines and 354 references
processors: Unity.Entities.CodeGen.EntitiesILPostProcessors, Unity.Jobs.CodeGen.JobsILPostProcessor, Unity.Pipeline.CodeGen.HotReloadInPlaceILPostProcessor, zzzUnity.Burst.CodeGen.BurstILPostProcessor
running Unity.Entities.CodeGen.EntitiesILPostProcessors
running Unity.Jobs.CodeGen.JobsILPostProcessor
running Unity.Pipeline.CodeGen.HotReloadInPlaceILPostProcessor
running zzzUnity.Burst.CodeGen.BurstILPostProcessor
[1992/1995  0s] CopyFiles Library/ScriptAssemblies/Game.Editor.pdb
[1994/1995  0s] CopyFiles Library/ScriptAssemblies/Game.Editor.dll
*** Tundra build success (6.96 seconds), 6 items updated, 1995 evaluated
Assets/Game/Scripts/Editor/CH02M01GridlockWatchProbe.cs(140,104): warning CS0618: 'FindObjectsSortMode' is obsolete: 'FindObjectsSortMode has been deprecated. Use the FindObjectsByType overloads that do not take a FindObjectsSortMode parameter.'
Assets/Game/Scripts/Editor/CH02M01GridlockWatchProbe.cs(140,31): warning CS0618: 'Object.FindObjectsByType<T>(FindObjectsInactive, FindObjectsSortMode)' is obsolete: 'FindObjectsByType with FindObjectsSortMode parameter has been deprecated. Use FindObjectsByType<T>() or FindObjectsByType<T>(FindObjectsInactive) instead. InstanceID will be replaced in the future with EntityId and previous sort order cannot be maintained.'
Assets/Game/Scripts/Editor/CH02M02SupplyLineInputProbe.cs(109,106): warning CS0618: 'FindObjectsSortMode' is obsolete: 'FindObjectsSortMode has been deprecated. Use the FindObjectsByType overloads that do not take a FindObjectsSortMode parameter.'
Assets/Game/Scripts/Editor/CH02M02SupplyLineInputProbe.cs(109,33): warning CS0618: 'Object.FindObjectsByType<T>(FindObjectsInactive, FindObjectsSortMode)' is obsolete: 'FindObjectsByType with FindObjectsSortMode parameter has been deprecated. Use FindObjectsByType<T>() or FindObjectsByType<T>(FindObjectsInactive) instead. InstanceID will be replaced in the future with EntityId and previous sort order cannot be maintained.'
Assets/Game/Scripts/Editor/CH02M02SupplyLineInputProbe.cs(121,127): warning CS0618: 'FindObjectsSortMode' is obsolete: 'FindObjectsSortMode has been deprecated. Use the FindObjectsByType overloads that do not take a FindObjectsSortMode parameter.'
Assets/Game/Scripts/Editor/CH02M02SupplyLineInputProbe.cs(121,38): warning CS0618: 'Object.FindObjectsByType<T>(FindObjectsInactive, FindObjectsSortMode)' is obsolete: 'FindObjectsByType with FindObjectsSortMode parameter has been deprecated. Use FindObjectsByType<T>() or FindObjectsByType<T>(FindObjectsInactive) instead. InstanceID will be replaced in the future with EntityId and previous sort order cannot be maintained.'
Assets/Game/Scripts/Editor/CampaignTutorialEntryEditorProbe.Presentation.cs(20,86): warning CS0618: 'FindObjectsSortMode' is obsolete: 'FindObjectsSortMode has been deprecated. Use the FindObjectsByType overloads that do not take a FindObjectsSortMode parameter.'
Assets/Game/Scripts/Editor/CampaignTutorialEntryEditorProbe.Presentation.cs(20,36): warning CS0618: 'Object.FindObjectsByType<T>(FindObjectsSortMode)' is obsolete: 'FindObjectsByType with FindObjectsSortMode parameter has been deprecated. Use FindObjectsByType<T>() or FindObjectsByType<T>(FindObjectsInactive) instead. InstanceID will be replaced in the future with EntityId and previous sort order cannot be maintained.'
Assets/Game/Scripts/Editor/CampaignTutorialEntryEditorProbe.Recovery.cs(74,74): warning CS0618: 'FindObjectsSortMode' is obsolete: 'FindObjectsSortMode has been deprecated. Use the FindObjectsByType overloads that do not take a FindObjectsSortMode parameter.'
Assets/Game/Scripts/Editor/CampaignTutorialEntryEditorProbe.Recovery.cs(74,29): warning CS0618: 'Object.FindObjectsByType<T>(FindObjectsSortMode)' is obsolete: 'FindObjectsByType with FindObjectsSortMode parameter has been deprecated. Use FindObjectsByType<T>() or FindObjectsByType<T>(FindObjectsInactive) instead. InstanceID will be replaced in the future with EntityId and previous sort order cannot be maintained.'
Assets/Game/Scripts/Editor/CampaignTutorialEntryEditorProbe.Recovery.cs(114,83): warning CS0618: 'FindObjectsSortMode' is obsolete: 'FindObjectsSortMode has been deprecated. Use the FindObjectsByType overloads that do not take a FindObjectsSortMode parameter.'
Assets/Game/Scripts/Editor/CampaignTutorialEntryEditorProbe.Recovery.cs(114,38): warning CS0618: 'Object.FindObjectsByType<T>(FindObjectsSortMode)' is obsolete: 'FindObjectsByType with FindObjectsSortMode parameter has been deprecated. Use FindObjectsByType<T>() or FindObjectsByType<T>(FindObjectsInactive) instead. InstanceID will be replaced in the future with EntityId and previous sort order cannot be maintained.'
Assets/Game/Scripts/Editor/M01ComicVoicePlaybackProbe.cs(50,78): warning CS0618: 'FindObjectsSortMode' is obsolete: 'FindObjectsSortMode has been deprecated. Use the FindObjectsByType overloads that do not take a FindObjectsSortMode parameter.'
Assets/Game/Scripts/Editor/M01ComicVoicePlaybackProbe.cs(50,26): warning CS0618: 'Object.FindObjectsByType<T>(FindObjectsSortMode)' is obsolete: 'FindObjectsByType with FindObjectsSortMode parameter has been deprecated. Use FindObjectsByType<T>() or FindObjectsByType<T>(FindObjectsInactive) instead. InstanceID will be replaced in the future with EntityId and previous sort order cannot be maintained.'
Assets/Game/Scripts/Editor/M03RadarWarningMediaImporter.cs(40,47): warning CS0618: 'TextureImporter.spritesheet' is obsolete: 'Support for accessing sprite meta data through spritesheet has been removed. Please use the UnityEditor.U2D.Sprites.ISpriteEditorDataProvider interface instead.'
Assets/Game/Scripts/Editor/M04AirliftMediaImporter.cs(43,47): warning CS0618: 'TextureImporter.spritesheet' is obsolete: 'Support for accessing sprite meta data through spritesheet has been removed. Please use the UnityEditor.U2D.Sprites.ISpriteEditorDataProvider interface instead.'
Assets/Game/Scripts/Editor/M04AirliftEditorProbe.MobileActions.cs(47,107): warning CS0618: 'FindObjectsSortMode' is obsolete: 'FindObjectsSortMode has been deprecated. Use the FindObjectsByType overloads that do not take a FindObjectsSortMode parameter.'
Assets/Game/Scripts/Editor/M04AirliftEditorProbe.MobileActions.cs(47,42): warning CS0618: 'Object.FindObjectsByType<T>(FindObjectsSortMode)' is obsolete: 'FindObjectsByType with FindObjectsSortMode parameter has been deprecated. Use FindObjectsByType<T>() or FindObjectsByType<T>(FindObjectsInactive) instead. InstanceID will be replaced in the future with EntityId and previous sort order cannot be maintained.'
Assets/Game/Scripts/Editor/M04AirliftEditorProbe.MobileActions.cs(56,103): warning CS0618: 'FindObjectsSortMode' is obsolete: 'FindObjectsSortMode has been deprecated. Use the FindObjectsByType overloads that do not take a FindObjectsSortMode parameter.'
Assets/Game/Scripts/Editor/M04AirliftEditorProbe.MobileActions.cs(56,38): warning CS0618: 'Object.FindObjectsByType<T>(FindObjectsSortMode)' is obsolete: 'FindObjectsByType with FindObjectsSortMode parameter has been deprecated. Use FindObjectsByType<T>() or FindObjectsByType<T>(FindObjectsInactive) instead. InstanceID will be replaced in the future with EntityId and previous sort order cannot be maintained.'
Assets/Game/Scripts/Editor/M04AirliftEditorProbe.PlayerGuidance.cs(141,96): warning CS0618: 'FindObjectsSortMode' is obsolete: 'FindObjectsSortMode has been deprecated. Use the FindObjectsByType overloads that do not take a FindObjectsSortMode parameter.'
Assets/Game/Scripts/Editor/M04AirliftEditorProbe.PlayerGuidance.cs(141,31): warning CS0618: 'Object.FindObjectsByType<T>(FindObjectsSortMode)' is obsolete: 'FindObjectsByType with FindObjectsSortMode parameter has been deprecated. Use FindObjectsByType<T>() or FindObjectsByType<T>(FindObjectsInactive) instead. InstanceID will be replaced in the future with EntityId and previous sort order cannot be maintained.'
Assets/Game/Scripts/Editor/M04AirliftEditorProbe.PlayerGuidance.cs(153,108): warning CS0618: 'FindObjectsSortMode' is obsolete: 'FindObjectsSortMode has been deprecated. Use the FindObjectsByType overloads that do not take a FindObjectsSortMode parameter.'
Assets/Game/Scripts/Editor/M04AirliftEditorProbe.PlayerGuidance.cs(153,41): warning CS0618: 'Object.FindObjectsByType<T>(FindObjectsSortMode)' is obsolete: 'FindObjectsByType with FindObjectsSortMode parameter has been deprecated. Use FindObjectsByType<T>() or FindObjectsByType<T>(FindObjectsInactive) instead. InstanceID will be replaced in the future with EntityId and previous sort order cannot be maintained.'
Assets/Game/Scripts/Editor/M03RadarWarningEditorLaunchProbe.Guidance.cs(155,69): warning CS0618: 'FindObjectsSortMode' is obsolete: 'FindObjectsSortMode has been deprecated. Use the FindObjectsByType overloads that do not take a FindObjectsSortMode parameter.'
Assets/Game/Scripts/Editor/M03RadarWarningEditorLaunchProbe.Guidance.cs(155,24): warning CS0618: 'Object.FindObjectsByType<T>(FindObjectsSortMode)' is obsolete: 'FindObjectsByType with FindObjectsSortMode parameter has been deprecated. Use FindObjectsByType<T>() or FindObjectsByType<T>(FindObjectsInactive) instead. InstanceID will be replaced in the future with EntityId and previous sort order cannot be maintained.'
Assets/Game/Scripts/Editor/M03RadarWarningEditorLaunchProbe.Guidance.cs(211,108): warning CS0618: 'FindObjectsSortMode' is obsolete: 'FindObjectsSortMode has been deprecated. Use the FindObjectsByType overloads that do not take a FindObjectsSortMode parameter.'
Assets/Game/Scripts/Editor/M03RadarWarningEditorLaunchProbe.Guidance.cs(211,35): warning CS0618: 'Object.FindObjectsByType<T>(FindObjectsInactive, FindObjectsSortMode)' is obsolete: 'FindObjectsByType with FindObjectsSortMode parameter has been deprecated. Use FindObjectsByType<T>() or FindObjectsByType<T>(FindObjectsInactive) instead. InstanceID will be replaced in the future with EntityId and previous sort order cannot be maintained.'
Assets/Game/Scripts/Editor/M03RadarWarningEditorLaunchProbe.Indicator.cs(93,112): warning CS0618: 'FindObjectsSortMode' is obsolete: 'FindObjectsSortMode has been deprecated. Use the FindObjectsByType overloads that do not take a FindObjectsSortMode parameter.'
Assets/Game/Scripts/Editor/M03RadarWarningEditorLaunchProbe.Indicator.cs(93,39): warning CS0618: 'Object.FindObjectsByType<T>(FindObjectsInactive, FindObjectsSortMode)' is obsolete: 'FindObjectsByType with FindObjectsSortMode parameter has been deprecated. Use FindObjectsByType<T>() or FindObjectsByType<T>(FindObjectsInactive) instead. InstanceID will be replaced in the future with EntityId and previous sort order cannot be maintained.'
Assets/Game/Scripts/Editor/M03RadarWarningEditorLaunchProbe.PlacementIndicator.cs(59,122): warning CS0618: 'FindObjectsSortMode' is obsolete: 'FindObjectsSortMode has been deprecated. Use the FindObjectsByType overloads that do not take a FindObjectsSortMode parameter.'
Assets/Game/Scripts/Editor/M03RadarWarningEditorLaunchProbe.PlacementIndicator.cs(59,36): warning CS0618: 'Object.FindObjectsByType<T>(FindObjectsInactive, FindObjectsSortMode)' is obsolete: 'FindObjectsByType with FindObjectsSortMode parameter has been deprecated. Use FindObjectsByType<T>() or FindObjectsByType<T>(FindObjectsInactive) instead. InstanceID will be replaced in the future with EntityId and previous sort order cannot be maintained.'
Assets/Game/Scripts/Editor/M03RadarWarningEditorLaunchProbe.PlacementIndicator.cs(62,111): warning CS0618: 'FindObjectsSortMode' is obsolete: 'FindObjectsSortMode has been deprecated. Use the FindObjectsByType overloads that do not take a FindObjectsSortMode parameter.'
Assets/Game/Scripts/Editor/M03RadarWarningEditorLaunchProbe.PlacementIndicator.cs(62,38): warning CS0618: 'Object.FindObjectsByType<T>(FindObjectsInactive, FindObjectsSortMode)' is obsolete: 'FindObjectsByType with FindObjectsSortMode parameter has been deprecated. Use FindObjectsByType<T>() or FindObjectsByType<T>(FindObjectsInactive) instead. InstanceID will be replaced in the future with EntityId and previous sort order cannot be maintained.'
Assets/Game/Scripts/Editor/MissionTowerFireEditorProbe.cs(167,86): warning CS0618: 'FindObjectsSortMode' is obsolete: 'FindObjectsSortMode has been deprecated. Use the FindObjectsByType overloads that do not take a FindObjectsSortMode parameter.'
Assets/Game/Scripts/Editor/MissionTowerFireEditorProbe.cs(167,36): warning CS0618: 'Object.FindObjectsByType<T>(FindObjectsSortMode)' is obsolete: 'FindObjectsByType with FindObjectsSortMode parameter has been deprecated. Use FindObjectsByType<T>() or FindObjectsByType<T>(FindObjectsInactive) instead. InstanceID will be replaced in the future with EntityId and previous sort order cannot be maintained.'
Assets/Game/Scripts/Editor/Skirmish/SkirmishS002AriaRunHarness.HelipadProbe.cs(51,111): warning CS0618: 'FindObjectsSortMode' is obsolete: 'FindObjectsSortMode has been deprecated. Use the FindObjectsByType overloads that do not take a FindObjectsSortMode parameter.'
Assets/Game/Scripts/Editor/Skirmish/SkirmishS002AriaRunHarness.HelipadProbe.cs(51,34): warning CS0618: 'Object.FindObjectsByType<T>(FindObjectsInactive, FindObjectsSortMode)' is obsolete: 'FindObjectsByType with FindObjectsSortMode parameter has been deprecated. Use FindObjectsByType<T>() or FindObjectsByType<T>(FindObjectsInactive) instead. InstanceID will be replaced in the future with EntityId and previous sort order cannot be maintained.'
Assets/Game/Scripts/Editor/Skirmish/SkirmishS002AriaRunHarness.HelipadProbe.cs(168,115): warning CS0618: 'FindObjectsSortMode' is obsolete: 'FindObjectsSortMode has been deprecated. Use the FindObjectsByType overloads that do not take a FindObjectsSortMode parameter.'
Assets/Game/Scripts/Editor/Skirmish/SkirmishS002AriaRunHarness.HelipadProbe.cs(168,38): warning CS0618: 'Object.FindObjectsByType<T>(FindObjectsInactive, FindObjectsSortMode)' is obsolete: 'FindObjectsByType with FindObjectsSortMode parameter has been deprecated. Use FindObjectsByType<T>() or FindObjectsByType<T>(FindObjectsInactive) instead. InstanceID will be replaced in the future with EntityId and previous sort order cannot be maintained.'
Assets/Game/Scripts/Editor/Skirmish/SkirmishS002AriaRunHarness.cs(214,128): warning CS0618: 'FindObjectsSortMode' is obsolete: 'FindObjectsSortMode has been deprecated. Use the FindObjectsByType overloads that do not take a FindObjectsSortMode parameter.'
Assets/Game/Scripts/Editor/Skirmish/SkirmishS002AriaRunHarness.cs(214,41): warning CS0618: 'Object.FindObjectsByType<T>(FindObjectsInactive, FindObjectsSortMode)' is obsolete: 'FindObjectsByType with FindObjectsSortMode parameter has been deprecated. Use FindObjectsByType<T>() or FindObjectsByType<T>(FindObjectsInactive) instead. InstanceID will be replaced in the future with EntityId and previous sort order cannot be maintained.'
Assets/Game/Scripts/Editor/OperationMapRenderInfrastructureEligibilityPolicy.cs(75,68): warning CS0618: 'Projector' is obsolete: 'Projector component is deprecated now that the Built-In Render Pipeline is deprecated. To use an alternative, refer to the documentation in the component help icon. #from(6000.5)'
Assets/Game/Scripts/Editor/OperationsReconLaunchSmokeValidation.cs(303,118): warning CS0618: 'FindObjectsSortMode' is obsolete: 'FindObjectsSortMode has been deprecated. Use the FindObjectsByType overloads that do not take a FindObjectsSortMode parameter.'
Assets/Game/Scripts/Editor/OperationsReconLaunchSmokeValidation.cs(303,44): warning CS0618: 'Object.FindObjectsByType<T>(FindObjectsInactive, FindObjectsSortMode)' is obsolete: 'FindObjectsByType with FindObjectsSortMode parameter has been deprecated. Use FindObjectsByType<T>() or FindObjectsByType<T>(FindObjectsInactive) instead. InstanceID will be replaced in the future with EntityId and previous sort order cannot be maintained.'
Assets/Game/Scripts/Editor/OperationsReconLaunchSmokeValidation.cs(349,145): warning CS0618: 'FindObjectsSortMode' is obsolete: 'FindObjectsSortMode has been deprecated. Use the FindObjectsByType overloads that do not take a FindObjectsSortMode parameter.'
Assets/Game/Scripts/Editor/OperationsReconLaunchSmokeValidation.cs(349,50): warning CS0618: 'Object.FindObjectsByType<T>(FindObjectsInactive, FindObjectsSortMode)' is obsolete: 'FindObjectsByType with FindObjectsSortMode parameter has been deprecated. Use FindObjectsByType<T>() or FindObjectsByType<T>(FindObjectsInactive) instead. InstanceID will be replaced in the future with EntityId and previous sort order cannot be maintained.'
Assets/Game/Scripts/Editor/OperationsReconLaunchSmokeValidation.cs(397,135): warning CS0618: 'FindObjectsSortMode' is obsolete: 'FindObjectsSortMode has been deprecated. Use the FindObjectsByType overloads that do not take a FindObjectsSortMode parameter.'
Assets/Game/Scripts/Editor/OperationsReconLaunchSmokeValidation.cs(397,40): warning CS0618: 'Object.FindObjectsByType<T>(FindObjectsInactive, FindObjectsSortMode)' is obsolete: 'FindObjectsByType with FindObjectsSortMode parameter has been deprecated. Use FindObjectsByType<T>() or FindObjectsByType<T>(FindObjectsInactive) instead. InstanceID will be replaced in the future with EntityId and previous sort order cannot be maintained.'
Assets/Game/Scripts/Editor/OperationsReconLaunchSmokeValidation.cs(456,140): warning CS0618: 'FindObjectsSortMode' is obsolete: 'FindObjectsSortMode has been deprecated. Use the FindObjectsByType overloads that do not take a FindObjectsSortMode parameter.'
Assets/Game/Scripts/Editor/OperationsReconLaunchSmokeValidation.cs(456,45): warning CS0618: 'Object.FindObjectsByType<T>(FindObjectsInactive, FindObjectsSortMode)' is obsolete: 'FindObjectsByType with FindObjectsSortMode parameter has been deprecated. Use FindObjectsByType<T>() or FindObjectsByType<T>(FindObjectsInactive) instead. InstanceID will be replaced in the future with EntityId and previous sort order cannot be maintained.'
Assets/Game/Scripts/Editor/OperationsReconLaunchSmokeValidation.cs(551,142): warning CS0618: 'FindObjectsSortMode' is obsolete: 'FindObjectsSortMode has been deprecated. Use the FindObjectsByType overloads that do not take a FindObjectsSortMode parameter.'
Assets/Game/Scripts/Editor/OperationsReconLaunchSmokeValidation.cs(551,47): warning CS0618: 'Object.FindObjectsByType<T>(FindObjectsInactive, FindObjectsSortMode)' is obsolete: 'FindObjectsByType with FindObjectsSortMode parameter has been deprecated. Use FindObjectsByType<T>() or FindObjectsByType<T>(FindObjectsInactive) instead. InstanceID will be replaced in the future with EntityId and previous sort order cannot be maintained.'
Assets/Game/Scripts/Editor/OperationsReconLaunchSmokeValidation.cs(887,137): warning CS0618: 'FindObjectsSortMode' is obsolete: 'FindObjectsSortMode has been deprecated. Use the FindObjectsByType overloads that do not take a FindObjectsSortMode parameter.'
Assets/Game/Scripts/Editor/OperationsReconLaunchSmokeValidation.cs(887,42): warning CS0618: 'Object.FindObjectsByType<T>(FindObjectsInactive, FindObjectsSortMode)' is obsolete: 'FindObjectsByType with FindObjectsSortMode parameter has been deprecated. Use FindObjectsByType<T>() or FindObjectsByType<T>(FindObjectsInactive) instead. InstanceID will be replaced in the future with EntityId and previous sort order cannot be maintained.'
Assets/Game/Scripts/Editor/OperationsReconLaunchSmokeValidation.cs(898,129): warning CS0618: 'FindObjectsSortMode' is obsolete: 'FindObjectsSortMode has been deprecated. Use the FindObjectsByType overloads that do not take a FindObjectsSortMode parameter.'
Assets/Game/Scripts/Editor/OperationsReconLaunchSmokeValidation.cs(898,34): warning CS0618: 'Object.FindObjectsByType<T>(FindObjectsInactive, FindObjectsSortMode)' is obsolete: 'FindObjectsByType with FindObjectsSortMode parameter has been deprecated. Use FindObjectsByType<T>() or FindObjectsByType<T>(FindObjectsInactive) instead. InstanceID will be replaced in the future with EntityId and previous sort order cannot be maintained.'
Assets/Game/Scripts/Editor/OperationsReconLaunchSmokeValidation.cs(915,133): warning CS0618: 'FindObjectsSortMode' is obsolete: 'FindObjectsSortMode has been deprecated. Use the FindObjectsByType overloads that do not take a FindObjectsSortMode parameter.'
Assets/Game/Scripts/Editor/OperationsReconLaunchSmokeValidation.cs(915,38): warning CS0618: 'Object.FindObjectsByType<T>(FindObjectsInactive, FindObjectsSortMode)' is obsolete: 'FindObjectsByType with FindObjectsSortMode parameter has been deprecated. Use FindObjectsByType<T>() or FindObjectsByType<T>(FindObjectsInactive) instead. InstanceID will be replaced in the future with EntityId and previous sort order cannot be maintained.'
Assets/Game/Scripts/Editor/OperationsReconLaunchSmokeValidation.cs(920,110): warning CS0618: 'FindObjectsSortMode' is obsolete: 'FindObjectsSortMode has been deprecated. Use the FindObjectsByType overloads that do not take a FindObjectsSortMode parameter.'
Assets/Game/Scripts/Editor/OperationsReconLaunchSmokeValidation.cs(920,36): warning CS0618: 'Object.FindObjectsByType<T>(FindObjectsInactive, FindObjectsSortMode)' is obsolete: 'FindObjectsByType with FindObjectsSortMode parameter has been deprecated. Use FindObjectsByType<T>() or FindObjectsByType<T>(FindObjectsInactive) instead. InstanceID will be replaced in the future with EntityId and previous sort order cannot be maintained.'
AssetDatabase: script compilation time: 7.519909s
Begin MonoManager ReloadAssembly
Total cache size 268293602
Total cache size after purge 268293602, took 00:00:00.3145318
Symbol file LoadedFromMemory is not a mono symbol file
Assembly reference Packages/com.unity.entities/Unity.Scenes.Editor/Internals/Properties/Unity.Properties.Internals.asmref has no target assembly definition
Refreshing native plugins compatible for Editor in 3.05 ms, found 3 plugins.
Native extension for Android target not found
Native extension for OSXStandalone target not found
TypeManager.Initialize took: 158ms
Start HTTP server: port:7801
[MODES] ModeService[none].Initialize
[MODES] ModeService[none].LoadModes
[MODES] Loading mode Default (0) for mode-current-id-WarlineCapture
[Licensing::Client] Error: Code 404 while processing request (status: Found 0 entitlement groups and 0 free entitlements matching requested entitlement ids)
[McpToolRegistry] Discovered 20 MCP tools
UnityEngine.Debug:ExtractStackTraceNoAlloc (byte*,int,string)
UnityEngine.StackTraceUtility:ExtractStackTrace () (at /Users/bokken/build/output/unity/unity/Runtime/Export/Scripting/StackTrace.cs:35)
UnityEngine.DebugLogHandler:Internal_Log (UnityEngine.LogType,UnityEngine.LogOption,string,UnityEngine.Object)
UnityEngine.DebugLogHandler:LogFormat (UnityEngine.LogType,UnityEngine.Object,string,object[])
UnityEngine.Logger:Log (UnityEngine.LogType,object)
UnityEngine.Debug:Log (object)
Unity.AI.Tracing.ConsoleSink:LogToConsole (string,string,System.Exception) (at ./Library/PackageCache/com.unity.ai.assistant@6fee27370e6a/Modules/Unity.AI.Tracing/TraceSinks.cs:313)
Unity.AI.Tracing.ConsoleSink:Write (Unity.AI.Tracing.TraceEvent) (at ./Library/PackageCache/com.unity.ai.assistant@6fee27370e6a/Modules/Unity.AI.Tracing/TraceSinks.cs:277)
Unity.AI.Tracing.TraceWriter:WriteEventInternal (string,string,Unity.AI.Tracing.TraceEventOptions,string,System.Nullable`1<int>) (at ./Library/PackageCache/com.unity.ai.assistant@6fee27370e6a/Modules/Unity.AI.Tracing/TraceWriter.cs:373)
Unity.AI.Tracing.TraceWriter:Event (string,Unity.AI.Tracing.TraceEventOptions) (at ./Library/PackageCache/com.unity.ai.assistant@6fee27370e6a/Modules/Unity.AI.Tracing/TraceWriter.cs:297)
Unity.AI.Tracing.TraceLogger:Emit (string,string,string,string,Unity.AI.Tracing.TraceEventOptions,object,System.Exception) (at ./Library/PackageCache/com.unity.ai.assistant@6fee27370e6a/Modules/Unity.AI.Tracing/TraceLogger.cs:105)
Unity.AI.Tracing.TraceLogger:Info (string,string,string,Unity.AI.Tracing.TraceEventOptions) (at ./Library/PackageCache/com.unity.ai.assistant@6fee27370e6a/Modules/Unity.AI.Tracing/TraceLogger.cs:35)
Unity.AI.MCP.Editor.Helpers.McpLog:Log (string,Unity.AI.Tracing.TraceEventOptions) (at ./Library/PackageCache/com.unity.ai.assistant@6fee27370e6a/Modules/Unity.AI.MCP.Editor/Helpers/McpLog.cs:15)
Unity.AI.MCP.Editor.ToolRegistry.McpToolRegistry:RefreshTools () (at ./Library/PackageCache/com.unity.ai.assistant@6fee27370e6a/Modules/Unity.AI.MCP.Editor/ToolRegistry/McpToolRegistry.cs:201)
Unity.AI.MCP.Editor.ToolRegistry.McpToolRegistry:Initialize () (at ./Library/PackageCache/com.unity.ai.assistant@6fee27370e6a/Modules/Unity.AI.MCP.Editor/ToolRegistry/McpToolRegistry.cs:177)
System.Reflection.RuntimeMethodInfo:Invoke (object,System.Reflection.BindingFlags,System.Reflection.Binder,object[],System.Globalization.CultureInfo)
System.Reflection.MethodBase:Invoke (object,object[])
UnityEditor.EditorAssemblies:ProcessInitializeOnLoadMethodAttributes () (at /Users/bokken/build/output/unity/unity/Editor/Mono/EditorAssemblies.cs:184)

(Filename: ./Library/PackageCache/com.unity.ai.assistant@6fee27370e6a/Modules/Unity.AI.Tracing/TraceSinks.cs Line: 313)

[McpToolRegistry] Available tools: Unity_ApplyTextEdits, Unity_CreateScript, Unity_DeleteScript, Unity_FindInFile, Unity_GetSha, Unity_ImportExternalModel, Unity_ListResources, Unity_ManageAsset, Unity_ManageEditor, Unity_ManageGameObject, Unity_ManageMenuItem, Unity_ManageScene, Unity_ManageScript, Unity_ManageScript_capabilities, Unity_ManageShader, Unity_ReadConsole, Unity_ReadResource, Unity_RunCommand, Unity_ScriptApplyEdits, Unity_ValidateScript
UnityEngine.Debug:ExtractStackTraceNoAlloc (byte*,int,string)
UnityEngine.StackTraceUtility:ExtractStackTrace () (at /Users/bokken/build/output/unity/unity/Runtime/Export/Scripting/StackTrace.cs:35)
UnityEngine.DebugLogHandler:Internal_Log (UnityEngine.LogType,UnityEngine.LogOption,string,UnityEngine.Object)
UnityEngine.DebugLogHandler:LogFormat (UnityEngine.LogType,UnityEngine.Object,string,object[])
UnityEngine.Logger:Log (UnityEngine.LogType,object)
UnityEngine.Debug:Log (object)
Unity.AI.Tracing.ConsoleSink:LogToConsole (string,string,System.Exception) (at ./Library/PackageCache/com.unity.ai.assistant@6fee27370e6a/Modules/Unity.AI.Tracing/TraceSinks.cs:313)
Unity.AI.Tracing.ConsoleSink:Write (Unity.AI.Tracing.TraceEvent) (at ./Library/PackageCache/com.unity.ai.assistant@6fee27370e6a/Modules/Unity.AI.Tracing/TraceSinks.cs:277)
Unity.AI.Tracing.TraceWriter:WriteEventInternal (string,string,Unity.AI.Tracing.TraceEventOptions,string,System.Nullable`1<int>) (at ./Library/PackageCache/com.unity.ai.assistant@6fee27370e6a/Modules/Unity.AI.Tracing/TraceWriter.cs:373)
Unity.AI.Tracing.TraceWriter:Event (string,Unity.AI.Tracing.TraceEventOptions) (at ./Library/PackageCache/com.unity.ai.assistant@6fee27370e6a/Modules/Unity.AI.Tracing/TraceWriter.cs:297)
Unity.AI.Tracing.TraceLogger:Emit (string,string,string,string,Unity.AI.Tracing.TraceEventOptions,object,System.Exception) (at ./Library/PackageCache/com.unity.ai.assistant@6fee27370e6a/Modules/Unity.AI.Tracing/TraceLogger.cs:105)
Unity.AI.Tracing.TraceLogger:Info (string,string,string,Unity.AI.Tracing.TraceEventOptions) (at ./Library/PackageCache/com.unity.ai.assistant@6fee27370e6a/Modules/Unity.AI.Tracing/TraceLogger.cs:35)
Unity.AI.MCP.Editor.Helpers.McpLog:Log (string,Unity.AI.Tracing.TraceEventOptions) (at ./Library/PackageCache/com.unity.ai.assistant@6fee27370e6a/Modules/Unity.AI.MCP.Editor/Helpers/McpLog.cs:15)
Unity.AI.MCP.Editor.ToolRegistry.McpToolRegistry:RefreshTools () (at ./Library/PackageCache/com.unity.ai.assistant@6fee27370e6a/Modules/Unity.AI.MCP.Editor/ToolRegistry/McpToolRegistry.cs:204)
Unity.AI.MCP.Editor.ToolRegistry.McpToolRegistry:Initialize () (at ./Library/PackageCache/com.unity.ai.assistant@6fee27370e6a/Modules/Unity.AI.MCP.Editor/ToolRegistry/McpToolRegistry.cs:177)
System.Reflection.RuntimeMethodInfo:Invoke (object,System.Reflection.BindingFlags,System.Reflection.Binder,object[],System.Globalization.CultureInfo)
System.Reflection.MethodBase:Invoke (object,object[])
UnityEditor.EditorAssemblies:ProcessInitializeOnLoadMethodAttributes () (at /Users/bokken/build/output/unity/unity/Editor/Mono/EditorAssemblies.cs:184)

(Filename: ./Library/PackageCache/com.unity.ai.assistant@6fee27370e6a/Modules/Unity.AI.Tracing/TraceSinks.cs Line: 313)

ScheduleIndexationOnStartup MainProcess:True IndexOnStartup:True
Mono: successfully reloaded assembly
[Idle]
UnityEngine.Debug:ExtractStackTraceNoAlloc (byte*,int,string)
UnityEngine.StackTraceUtility:ExtractStackTrace () (at /Users/bokken/build/output/unity/unity/Runtime/Export/Scripting/StackTrace.cs:35)
UnityEngine.DebugLogHandler:Internal_Log (UnityEngine.LogType,UnityEngine.LogOption,string,UnityEngine.Object)
UnityEngine.DebugLogHandler:LogFormat (UnityEngine.LogType,UnityEngine.Object,string,object[])
UnityEngine.Logger:Log (UnityEngine.LogType,object)
UnityEngine.Debug:Log (object)
Unity.AI.Tracing.ConsoleSink:LogToConsole (string,string,System.Exception) (at ./Library/PackageCache/com.unity.ai.assistant@6fee27370e6a/Modules/Unity.AI.Tracing/TraceSinks.cs:313)
Unity.AI.Tracing.ConsoleSink:Write (Unity.AI.Tracing.TraceEvent) (at ./Library/PackageCache/com.unity.ai.assistant@6fee27370e6a/Modules/Unity.AI.Tracing/TraceSinks.cs:277)
Unity.AI.Tracing.TraceWriter:WriteEventInternal (string,string,Unity.AI.Tracing.TraceEventOptions,string,System.Nullable`1<int>) (at ./Library/PackageCache/com.unity.ai.assistant@6fee27370e6a/Modules/Unity.AI.Tracing/TraceWriter.cs:373)
Unity.AI.Tracing.TraceWriter:Event (string,Unity.AI.Tracing.TraceEventOptions) (at ./Library/PackageCache/com.unity.ai.assistant@6fee27370e6a/Modules/Unity.AI.Tracing/TraceWriter.cs:297)
Unity.AI.Tracing.TraceLogger:Emit (string,string,string,string,Unity.AI.Tracing.TraceEventOptions,object,System.Exception) (at ./Library/PackageCache/com.unity.ai.assistant@6fee27370e6a/Modules/Unity.AI.Tracing/TraceLogger.cs:105)
Unity.AI.Tracing.TraceLogger:Info (string,string,string,Unity.AI.Tracing.TraceEventOptions) (at ./Library/PackageCache/com.unity.ai.assistant@6fee27370e6a/Modules/Unity.AI.Tracing/TraceLogger.cs:35)
Unity.AI.MCP.Editor.Helpers.McpLog:Log (string,Unity.AI.Tracing.TraceEventOptions) (at ./Library/PackageCache/com.unity.ai.assistant@6fee27370e6a/Modules/Unity.AI.MCP.Editor/Helpers/McpLog.cs:15)
Unity.AI.MCP.Editor.Bridge:LogBreadcrumb (string) (at ./Library/PackageCache/com.unity.ai.assistant@6fee27370e6a/Modules/Unity.AI.MCP.Editor/Bridge.cs:2055)
Unity.AI.MCP.Editor.Bridge:OnAfterAssemblyReload () (at ./Library/PackageCache/com.unity.ai.assistant@6fee27370e6a/Modules/Unity.AI.MCP.Editor/Bridge.cs:1899)
UnityEditor.AssemblyReloadEvents:OnAfterAssemblyReload () (at /Users/bokken/build/output/unity/unity/Editor/Mono/AssemblyReloadEvents.cs:43)

(Filename: ./Library/PackageCache/com.unity.ai.assistant@6fee27370e6a/Modules/Unity.AI.Tracing/TraceSinks.cs Line: 313)

- Finished resetting the current domain, in  5.850 seconds
Domain Reload Profiling: 6572ms
	BeginReloadAssembly (109ms)
		DisableScriptedObjects (7ms)
		CreateAndSetChildDomain (30ms)
	RebuildCommonClasses (4ms)
	RebuildNativeTypeToScriptingClass (8ms)
	initialDomainReloadingComplete (38ms)
	LoadAllAssembliesAndSetupDomain (563ms)
		LoadAssemblies (244ms)
		AnalyzeDomain (301ms)
			TypeCache.Refresh (247ms)
				TypeCache.ScanAssembly (227ms)
			BuildScriptInfoCaches (49ms)
			ResolveRequiredComponents (4ms)
	FinalizeReload (5850ms)
		SetupLoadedEditorAssemblies (0ms)
			InitializePlatformSupportModulesInManaged (5ms)
			BeforeProcessingInitializeOnLoad (46ms)
			ProcessInitializeOnLoadAttributes (2977ms)
			ProcessInitializeOnLoadMethodAttributes (2601ms)
		AwakeInstancesAfterBackupRestoration (8ms)
Starting new worker id: 0 with log in /Users/farhad/Projects/WarlineCapture/Logs/AssetImportWorkerHW0.log

Asset Pipeline Refresh (id=5213ed4d7151f48afac2a6b761257599): Total: 16.452 seconds - Initiated by InitialRefreshV2(ForceSynchronousImport)
	(Values over 0.05ms)
	Summary:
		Imports: total=0 (actual=0, local cache=0, cache server=0)
		Asset DB Process Time: managed=0 ms, native=7680 ms
		Asset DB Callback time: managed=409 ms, native=13 ms
		Scripting: domain reloads=1, domain reload time=757 ms, compile time=7540 ms, other=51 ms
		Project Asset Count: scripts=3315, non-scripts=21453
		Asset File Changes: new=0, changed=1, moved=0, deleted=0
		Scan Filter Count: 1
	InvokePackagesCallback: 8.512ms
	ApplyChangesToAssetFolders: 0.348ms
	Scan: 977.149ms
	Collect global state as custom dependencies: 1.992ms
	OnSourceAssetsModified: 0.320ms
	CategorizeScriptCompilationAssets: 83.238ms
	ProcessAssetsWithTransientArtifactChanges: 77.750ms
	CategorizeAssets: 299.490ms
	CompileScripts: 7539.876ms
	ImportOutOfDateAssets: 6029.771ms (5878.649ms without children)
		ReloadNativeAssets: 0.263ms
		UnloadImportedAssets: 5.615ms
		EnsureUptoDateAssetsAreRegisteredWithGuidPM: 2.192ms
		ImportSchedulerStart: 143.048ms
	PostProcessAllAssets: 410.111ms
		VCAutoAddAssetPostprocess 0.931ms
		XRBuildSystem.XRAssetImported 0.134ms
		MonoPostProcessAllAssets: 408.778ms
			AssetPostprocessor.OnPostprocessAllAssets 231.109ms
			StyleCatalogPostProcessor.OnPostprocessAllAssets 37.199ms
			AssetReferenceReimportMonitor.OnPostprocessAllAssets 11.770ms
			UniversalRenderPipelineGlobalSettingsPostprocessor.OnPostprocessAllAssets 6.472ms
			SyncVS.PostprocessSyncProject 4.287ms
			BuilderAssetPostprocessor.OnPostprocessAllAssets 3.865ms
			AssetChangedListener.OnPostprocessAllAssets 1.840ms
			SceneAssetPostProcessor.OnPostprocessAllAssets 1.786ms
			AddressablesAssetPostProcessor.OnPostprocessAllAssets 1.611ms
			SpeedTree9Postprocessor.OnPostprocessAllAssets 1.360ms
			SpriteSlicePostprocessor.OnPostprocessAllAssets 1.274ms
			GraphRefreshPostprocessor.OnPostprocessAllAssets 0.994ms
			ArtifactBrowserPostProcessor.OnPostprocessAllAssets 0.936ms
			WindowAssetPostprocessingWatcher.OnPostprocessAllAssets 0.886ms
			RetainedModeAssetPostprocessor.OnPostprocessAllAssets 0.588ms
			ShaderGraphAssetPostProcessor.OnPostprocessAllAssets 0.530ms
			AssetChangeDetector.OnPostprocessAllAssets 0.440ms
			SpriteEditorTexturePostprocessor.OnPostprocessAllAssets 0.428ms
			MaterialPostprocessor.OnPostprocessAllAssets 0.329ms
			UVCSAssetPostprocessor.OnPostprocessAllAssets 0.287ms
			RenderPipelineGlobalSettingsPostprocessor.OnPostprocessAllAssets 0.286ms
			SampleDependencyImporterPostProcessor.OnPostprocessAllAssets 0.273ms
			InputActionAssetPostprocessor.OnPostprocessAllAssets 0.245ms
			AssetPathToTypes.OnPostprocessAllAssets 0.210ms
			TMPro_TexturePostProcessor.OnPostprocessAllAssets 0.209ms
			TextAssetPostProcessor.OnPostprocessAllAssets 0.200ms
			SkillsProjectAssetPostprocessor.OnPostprocessAllAssets 0.175ms
			AudioMixerPostprocessor.OnPostprocessAllAssets 0.168ms
			ReferencedClipsPostProcessor.OnPostprocessAllAssets 0.168ms
			TerrainToolbarOverlayPostProcessor.OnPostprocessAllAssets 0.153ms
			ShaderReflectionAssetPostProcessor.OnPostprocessAllAssets 0.138ms
			SamplePostprocessor.OnPostprocessAllAssets 0.134ms
			InputActionJsonNameModifierAssetProcessor.OnPostprocessAllAssets 0.128ms
			PostProcessor.OnPostprocessAllAssets 0.128ms
			ProjectSettingsPostprocessor.OnPostprocessAllAssets 0.123ms
			AssetEvents.OnPostprocessAllAssets 0.114ms
			AssetDatabaseCallbacks.OnPostprocessAllAssets 0.062ms
			SpeedTreePostProcessor.OnPostprocessAllAssets 0.057ms
			ConfigAssetsTracker.OnPostprocessAllAssets 0.051ms
	PostAssetChangesProfiler: 5.044ms
	UnloadStreamsBegin: 1.911ms
	PersistCurrentRevisions: 0.465ms
	GenerateScriptTypeHashes: 16.354ms
	GenerateScriptTypeSerializationHashes: 40.429ms
	Untracked: 1014.927ms

Application.AssetDatabase Initial Refresh End
Shader Hidden/ChartRasterizerHardware is not supported: GPU does not support conservative rasterization
Launching external process: /Applications/Unity/Hub/Editor/6000.5.2f1/Unity.app/Contents/Helpers/UnityShaderCompiler
Launched and connected shader compiler UnityShaderCompiler after 0.05 seconds
Shader Hidden/ChartRasterizerHardware is not supported: GPU does not support conservative rasterization
Scanning for USB devices : 0.097ms
Initializing Unity extensions:
Worker ready: AssetImportWorkerHW0 0
2026-09-25 21:18:31.286 Unity[99211:27168781] NSEventModifierFlagFunction specified to -setKeyEquivalentModifierMask: for item <NSMenuItem: 0xa9b50c1e0 Capture Live Owner Feedback, ke='Command-F10'>, but is only supported for system-provided menu items; will not be used
2026-09-25 21:18:31.286 Unity[99211:27168781] NSEventModifierFlagFunction specified to -setKeyEquivalentModifierMask: for item <NSMenuItem: 0xa9b6abe80 Log Live Owner Feedback State, ke='Command-F9'>, but is only supported for system-provided menu items; will not be used
2026-09-25 21:18:31.286 Unity[99211:27168781] NSEventModifierFlagFunction specified to -setKeyEquivalentModifierMask: for item <NSMenuItem: 0xa9b6abde0 Validate Owner Feedback Fixes, ke='Command-F8'>, but is only supported for system-provided menu items; will not be used
2026-09-25 21:18:31.290 Unity[99211:27168781] NSEventModifierFlagFunction specified to -setKeyEquivalentModifierMask: for item <NSMenuItem: 0xa86468a00 SDF, ke='Command-F12'>, but is only supported for system-provided menu items; will not be used
Unloading 1539 Unused Serialized files (Serialized files now loaded: 0)
Loaded scene 'Assets/Game/Scenes/Menu.unity'
	Deserialize:            730.385 ms
	Integration:            682.885 ms
	Integration of assets:  611.947 ms
	Thread Wait Time:       27.231 ms
	Total Operation Time:   2052.448 ms
Unloading 14762 unused Assets / (29.7 MB). Loaded Objects now: 44531.
Memory consumption went from 0.82 GB to 0.79 GB.
Total: 107.364333 ms (FindLiveObjects: 16.266625 ms CreateObjectMapping: 13.189792 ms MarkObjects: 62.985291 ms  DeleteObjects: 14.920875 ms)

[LAYOUT] About to load UserSettings/Layouts/default-6000.dwlt, keepMainWindow=False
[LAYOUT] About to save layout /Users/farhad/Projects/WarlineCapture/UserSettings/Layouts/default-6000.dwlt
[LAYOUT] About to save layout /Users/farhad/Library/Preferences/Unity/Editor-5.x/Layouts/current/default-6000.dwlt
[MODES] ModeService[default].InitializeCurrentMode
[MODES] ModeService[default].RaiseModeChanged(default, default)
2026-09-25 21:18:34.957 Unity[99211:27168781] NSEventModifierFlagFunction specified to -setKeyEquivalentModifierMask: for item <NSMenuItem: 0xa86f85a40 Capture Live Owner Feedback, ke='Command-F10'>, but is only supported for system-provided menu items; will not be used
2026-09-25 21:18:34.957 Unity[99211:27168781] NSEventModifierFlagFunction specified to -setKeyEquivalentModifierMask: for item <NSMenuItem: 0xa86f85b80 Log Live Owner Feedback State, ke='Command-F9'>, but is only supported for system-provided menu items; will not be used
2026-09-25 21:18:34.957 Unity[99211:27168781] NSEventModifierFlagFunction specified to -setKeyEquivalentModifierMask: for item <NSMenuItem: 0xa86f85c20 Validate Owner Feedback Fixes, ke='Command-F8'>, but is only supported for system-provided menu items; will not be used
2026-09-25 21:18:34.962 Unity[99211:27168781] NSEventModifierFlagFunction specified to -setKeyEquivalentModifierMask: for item <NSMenuItem: 0xa864685a0 SDF, ke='Command-F12'>, but is only supported for system-provided menu items; will not be used
[MainMenuV3PrefabBuilder] gameView=1920x1080 selectedIndex=20
UnityEngine.Debug:ExtractStackTraceNoAlloc (byte*,int,string)
UnityEngine.StackTraceUtility:ExtractStackTrace () (at /Users/bokken/build/output/unity/unity/Runtime/Export/Scripting/StackTrace.cs:35)
UnityEngine.DebugLogHandler:Internal_Log (UnityEngine.LogType,UnityEngine.LogOption,string,UnityEngine.Object)
UnityEngine.DebugLogHandler:LogFormat (UnityEngine.LogType,UnityEngine.Object,string,object[])
UnityEngine.Logger:Log (UnityEngine.LogType,object)
UnityEngine.Debug:Log (object)
Game.Editor.MainMenuV3PrefabBuilder:SetGameViewResolution (int,int) (at Assets/Game/Scripts/Editor/MainMenuV3PrefabBuilder.cs:375)
Game.Editor.SkirmishS002AriaRunHarness:LaunchCatalog (string,int,string) (at Assets/Game/Scripts/Editor/Skirmish/SkirmishS002AriaRunHarness.cs:359)
Game.Editor.SkirmishS002AriaRunHarness:LaunchFromEnvironment () (at Assets/Game/Scripts/Editor/Skirmish/SkirmishS002AriaRunHarness.cs:294)
Game.Editor.SkirmishS002AriaRunHarness:RunFocusedAriaAndExit () (at Assets/Game/Scripts/Editor/Skirmish/SkirmishS002AriaRunHarness.cs:180)

(Filename: Assets/Game/Scripts/Editor/MainMenuV3PrefabBuilder.cs Line: 375)

Opening scene 'Assets/Game/Scenes/Menu.unity'
Unloading 501 Unused Serialized files (Serialized files now loaded: 0)
Loaded scene 'Assets/Game/Scenes/Menu.unity'
	Deserialize:            14.407 ms
	Integration:            581.367 ms
	Integration of assets:  0.007 ms
	Thread Wait Time:       0.010 ms
	Total Operation Time:   595.791 ms
Unloading 2 unused Assets / (9.1 MB). Loaded Objects now: 51091.
Memory consumption went from 0.79 GB to 0.78 GB.
Total: 58.137750 ms (FindLiveObjects: 1.088750 ms CreateObjectMapping: 9.606083 ms MarkObjects: 47.038667 ms  DeleteObjects: 0.279541 ms)

[Project] Loading completed in 45.902 seconds
	Project init time: 				0.000 seconds
		Template init time: 		0.000 seconds
		Package Manager init time: 		0.000 seconds
		Asset Database init time: 		0.000 seconds
		Global illumination init time: 	0.000 seconds
		Assemblies load time: 			0.000 seconds
		Unity extensions init time: 	0.000 seconds
		Asset Database refresh time: 	0.000 seconds
	Scene opening time: 			0.000 seconds
##utp:{"type":"ProjectInfo","version":2,"phase":"Immediate","time":1790363937029,"processId":99211,"projectLoad":45.901588000000007,"projectInit":0.0,"templateInit":0.0,"packageManagerInit":0.0,"assetDatabaseInit":0.0,"globalIlluminationInit":0.0,"assembliesLoad":0.0,"unityExtensionsInit":0.0,"assetDatabaseRefresh":0.0,"sceneOpening":0.0}
##utp:{"type":"EditorInfo","version":2,"phase":"Immediate","time":1790363937029,"processId":99211,"editorVersion":"6000.5.2f1 (eb73d3b415a1)","branch":"6000.5/staging","buildType":"Release","platform":"OSX"}
Subscribe to USB device events
Scanning for USB devices : 0.141ms
Thread 0x3aa03f000 may have been prematurely finalized
Entering Playmode with Reload Domain disabled.
If you experience any issues, please disable "Enter Play Mode Options" in Editor Settings
Ignoring invalid [Unity.Entities.UpdateAfterAttribute(Game.Runtime.SkirmishResultSettlementSystem)] attribute on Game.Runtime.SkirmishExpandedSessionControlSystem because OrderFirst/OrderLast has higher precedence.
UnityEngine.Debug:ExtractStackTraceNoAlloc (byte*,int,string)
UnityEngine.StackTraceUtility:ExtractStackTrace () (at /Users/bokken/build/output/unity/unity/Runtime/Export/Scripting/StackTrace.cs:35)
UnityEngine.DebugLogHandler:Internal_Log (UnityEngine.LogType,UnityEngine.LogOption,string,UnityEngine.Object)
UnityEngine.DebugLogHandler:LogFormat (UnityEngine.LogType,UnityEngine.Object,string,object[])
UnityEngine.Logger:Log (UnityEngine.LogType,object)
UnityEngine.Debug:LogWarning (object)
Unity.Debug:LogWarning (object) (at ./Library/PackageCache/com.unity.entities@bab66ffaba49/Unity.Entities/Stubs/Unity/Debug.cs:13)
Unity.Entities.ComponentSystemSorter:WarnAboutAnySystemAttributeBadness (int,Unity.Entities.ComponentSystemGroup) (at ./Library/PackageCache/com.unity.entities@bab66ffaba49/Unity.Entities/ComponentSystemSorter.cs:522)
Unity.Entities.ComponentSystemGroup:GenerateMasterUpdateList () (at ./Library/PackageCache/com.unity.entities@bab66ffaba49/Unity.Entities/ComponentSystemGroup.cs:490)
Unity.Entities.ComponentSystemGroup:RecurseUpdate () (at ./Library/PackageCache/com.unity.entities@bab66ffaba49/Unity.Entities/ComponentSystemGroup.cs:410)
Unity.Entities.ComponentSystemGroup:SortSystems () (at ./Library/PackageCache/com.unity.entities@bab66ffaba49/Unity.Entities/ComponentSystemGroup.cs:598)
Unity.Entities.DefaultWorldInitialization:AddSystemToRootLevelSystemGroupsInternal (Unity.Entities.World,Unity.Collections.NativeList`1<Unity.Entities.SystemTypeIndex>) (at ./Library/PackageCache/com.unity.entities@bab66ffaba49/Unity.Entities/DefaultWorldInitialization.cs:304)
Unity.Entities.DefaultWorldInitialization:Initialize (string,bool) (at ./Library/PackageCache/com.unity.entities@bab66ffaba49/Unity.Entities/DefaultWorldInitialization.cs:156)
Unity.Entities.AutomaticWorldBootstrap:Initialize () (at ./Library/PackageCache/com.unity.entities@bab66ffaba49/Unity.Entities.Hybrid/Injection/AutomaticWorldBootstrap.cs:16)

(Filename: ./Library/PackageCache/com.unity.entities@bab66ffaba49/Unity.Entities/Stubs/Unity/Debug.cs Line: 13)

Ignoring invalid [Unity.Entities.UpdateBeforeAttribute] attribute on Game.Rendering.OperationMapVehicleVisualOwnershipSystem targeting Game.Rendering.UnitRenderVisualExclusivitySystem.
This attribute can only order systems that are members of the same ComponentSystemGroup instance.
Make sure that both systems are in the same system group with [UpdateInGroup(typeof(Unity.Entities.PresentationSystemGroup))],
or by manually adding both systems to the same group's update list.
UnityEngine.Debug:ExtractStackTraceNoAlloc (byte*,int,string)
UnityEngine.StackTraceUtility:ExtractStackTrace () (at /Users/bokken/build/output/unity/unity/Runtime/Export/Scripting/StackTrace.cs:35)
UnityEngine.DebugLogHandler:Internal_Log (UnityEngine.LogType,UnityEngine.LogOption,string,UnityEngine.Object)
UnityEngine.DebugLogHandler:LogFormat (UnityEngine.LogType,UnityEngine.Object,string,object[])
UnityEngine.Logger:Log (UnityEngine.LogType,object)
UnityEngine.Debug:LogWarning (object)
Unity.Debug:LogWarning (object) (at ./Library/PackageCache/com.unity.entities@bab66ffaba49/Unity.Entities/Stubs/Unity/Debug.cs:13)
Unity.Entities.ComponentSystemSorter:WarnAboutAnySystemAttributeBadness (int,Unity.Entities.ComponentSystemGroup) (at ./Library/PackageCache/com.unity.entities@bab66ffaba49/Unity.Entities/ComponentSystemSorter.cs:504)
Unity.Entities.ComponentSystemGroup:GenerateMasterUpdateList () (at ./Library/PackageCache/com.unity.entities@bab66ffaba49/Unity.Entities/ComponentSystemGroup.cs:490)
Unity.Entities.ComponentSystemGroup:RecurseUpdate () (at ./Library/PackageCache/com.unity.entities@bab66ffaba49/Unity.Entities/ComponentSystemGroup.cs:410)
Unity.Entities.ComponentSystemGroup:SortSystems () (at ./Library/PackageCache/com.unity.entities@bab66ffaba49/Unity.Entities/ComponentSystemGroup.cs:598)
Unity.Entities.DefaultWorldInitialization:AddSystemToRootLevelSystemGroupsInternal (Unity.Entities.World,Unity.Collections.NativeList`1<Unity.Entities.SystemTypeIndex>) (at ./Library/PackageCache/com.unity.entities@bab66ffaba49/Unity.Entities/DefaultWorldInitialization.cs:305)
Unity.Entities.DefaultWorldInitialization:Initialize (string,bool) (at ./Library/PackageCache/com.unity.entities@bab66ffaba49/Unity.Entities/DefaultWorldInitialization.cs:156)
Unity.Entities.AutomaticWorldBootstrap:Initialize () (at ./Library/PackageCache/com.unity.entities@bab66ffaba49/Unity.Entities.Hybrid/Injection/AutomaticWorldBootstrap.cs:16)

(Filename: ./Library/PackageCache/com.unity.entities@bab66ffaba49/Unity.Entities/Stubs/Unity/Debug.cs Line: 13)

[FirstLaunchStartup] fix=LanguageChoiceAwakeOrder_2026-07-17 disposition=EnterMenu languageView=1 languageVisible=0 narrativeView=1
UnityEngine.Debug:ExtractStackTraceNoAlloc (byte*,int,string)
UnityEngine.StackTraceUtility:ExtractStackTrace () (at /Users/bokken/build/output/unity/unity/Runtime/Export/Scripting/StackTrace.cs:35)
UnityEngine.DebugLogHandler:Internal_Log (UnityEngine.LogType,UnityEngine.LogOption,string,UnityEngine.Object)
UnityEngine.DebugLogHandler:LogFormat (UnityEngine.LogType,UnityEngine.Object,string,object[])
UnityEngine.Logger:Log (UnityEngine.LogType,object)
UnityEngine.Debug:Log (object)
Game.Composition.FirstLaunchNarrativeCompositionSystemHelper:LogStartupDisposition (Game.Composition.FirstLaunchNarrativeStartupDisposition) (at Assets/Game/Scripts/Composition/Narrative/FirstLaunchNarrativeCompositionSystemHelper.cs:319)
Game.Composition.FirstLaunchNarrativeCompositionSystemHelper:Initialize (Game.Configs.NarrativeSequenceConfig,Game.Configs.NarrativeSpeakerCatalog,Game.Configs.NarrativePunctuationConfig,Game.UI.Runtime.NarrativeSequenceView,Game.UI.Contracts.IGameTextResolver,Game.Runtime.SaveService,bool,bool,Game.UI.Runtime.FirstLaunchLanguageChoiceView,Game.Configs.NarrativeLocaleConfig,Game.UI.Runtime.UIShellView) (at Assets/Game/Scripts/Composition/Narrative/FirstLaunchNarrativeCompositionSystemHelper.cs:98)
Game.Composition.FirstLaunchNarrativeCompositionSystemHelper:InitializeShell (Game.Composition.MenuBootstrapView,Game.UI.Contracts.IGameTextResolver,bool,bool) (at Assets/Game/Scripts/Composition/Narrative/FirstLaunchNarrativeCompositionSystemHelper.cs:151)
Game.Composition.MenuBootstrapCompositionSystemHelper:Initialize (Game.Composition.MenuBootstrapView) (at Assets/Game/Scripts/Composition/MenuBootstrapCompositionSystemHelper.cs:115)
Game.Composition.MenuBootstrapView:Awake () (at Assets/Game/Scripts/Composition/MenuBootstrapView.cs:159)

(Filename: Assets/Game/Scripts/Composition/Narrative/FirstLaunchNarrativeCompositionSystemHelper.cs Line: 319)

Loaded scene 'Temp/__Backupscenes/0.backup'
	Deserialize:            10.686 ms
	Integration:            1038.876 ms
	Integration of assets:  0.003 ms
	Thread Wait Time:       0.001 ms
	Total Operation Time:   1049.567 ms
GPU Resident Drawer created.
Account API did not become accessible within 30 seconds. This may be due to network issues or editor focus.
UnityEngine.Debug:ExtractStackTraceNoAlloc (byte*,int,string)
UnityEngine.StackTraceUtility:ExtractStackTrace () (at /Users/bokken/build/output/unity/unity/Runtime/Export/Scripting/StackTrace.cs:35)
UnityEngine.DebugLogHandler:Internal_Log (UnityEngine.LogType,UnityEngine.LogOption,string,UnityEngine.Object)
UnityEngine.DebugLogHandler:LogFormat (UnityEngine.LogType,UnityEngine.Object,string,object[])
UnityEngine.Logger:Log (UnityEngine.LogType,object)
UnityEngine.Debug:LogWarning (object)
Unity.AI.Toolkit.Accounts.Services.States.ApiAccessibleState/<WaitForCloudProjectSettings>d__4:MoveNext () (at ./Library/PackageCache/com.unity.ai.assistant@6fee27370e6a/Modules/Unity.AI.Toolkit.Accounts/Services/States/ApiAccessibleState.cs:46)
System.Runtime.CompilerServices.AsyncMethodBuilderCore/MoveNextRunner:InvokeMoveNext (object)
System.Threading.ExecutionContext:RunInternal (System.Threading.ExecutionContext,System.Threading.ContextCallback,object,bool)
System.Threading.ExecutionContext:Run (System.Threading.ExecutionContext,System.Threading.ContextCallback,object,bool)
System.Runtime.CompilerServices.AsyncMethodBuilderCore/MoveNextRunner:Run ()
System.Threading.Tasks.AwaitTaskContinuation:InvokeAction (object)
System.Threading.Tasks.AwaitTaskContinuation:RunCallback (System.Threading.ContextCallback,object,System.Threading.Tasks.Task&)
System.Threading.Tasks.SynchronizationContextAwaitTaskContinuation:Run (System.Threading.Tasks.Task,bool)
System.Threading.Tasks.Task:FinishContinuations ()
System.Threading.Tasks.Task:FinishStageThree ()
System.Threading.Tasks.Task`1<bool>:TrySetResult (bool)
System.Threading.Tasks.TaskCompletionSource`1<bool>:TrySetResult (bool)
Unity.AI.Toolkit.EditorTask/<>c__DisplayClass22_0:<WaitForCondition>b__0 () (at ./Library/PackageCache/com.unity.ai.assistant@6fee27370e6a/Modules/Unity.AI.Toolkit.Async/EditorTask.cs:420)
UnityEditor.EditorApplication:Internal_CallUpdateFunctions () (at /Users/bokken/build/output/unity/unity/Editor/Mono/EditorApplication.cs:403)

(Filename: ./Library/PackageCache/com.unity.ai.assistant@6fee27370e6a/Modules/Unity.AI.Toolkit.Accounts/Services/States/ApiAccessibleState.cs Line: 46)

[Licensing::Client] Error: Code 404 while processing request (status: Found 0 entitlement groups and 0 free entitlements matching requested entitlement ids)
[Licensing::Client] Error: Code 404 while processing request (status: Found 0 entitlement groups and 0 free entitlements matching requested entitlement ids)
[Start]
UnityEngine.Debug:ExtractStackTraceNoAlloc (byte*,int,string)
UnityEngine.StackTraceUtility:ExtractStackTrace () (at /Users/bokken/build/output/unity/unity/Runtime/Export/Scripting/StackTrace.cs:35)
UnityEngine.DebugLogHandler:Internal_Log (UnityEngine.LogType,UnityEngine.LogOption,string,UnityEngine.Object)
UnityEngine.DebugLogHandler:LogFormat (UnityEngine.LogType,UnityEngine.Object,string,object[])
UnityEngine.Logger:Log (UnityEngine.LogType,object)
UnityEngine.Debug:Log (object)
Unity.AI.Tracing.ConsoleSink:LogToConsole (string,string,System.Exception) (at ./Library/PackageCache/com.unity.ai.assistant@6fee27370e6a/Modules/Unity.AI.Tracing/TraceSinks.cs:313)
Unity.AI.Tracing.ConsoleSink:Write (Unity.AI.Tracing.TraceEvent) (at ./Library/PackageCache/com.unity.ai.assistant@6fee27370e6a/Modules/Unity.AI.Tracing/TraceSinks.cs:277)
Unity.AI.Tracing.TraceWriter:WriteEventInternal (string,string,Unity.AI.Tracing.TraceEventOptions,string,System.Nullable`1<int>) (at ./Library/PackageCache/com.unity.ai.assistant@6fee27370e6a/Modules/Unity.AI.Tracing/TraceWriter.cs:373)
Unity.AI.Tracing.TraceWriter:Event (string,Unity.AI.Tracing.TraceEventOptions) (at ./Library/PackageCache/com.unity.ai.assistant@6fee27370e6a/Modules/Unity.AI.Tracing/TraceWriter.cs:297)
Unity.AI.Tracing.TraceLogger:Emit (string,string,string,string,Unity.AI.Tracing.TraceEventOptions,object,System.Exception) (at ./Library/PackageCache/com.unity.ai.assistant@6fee27370e6a/Modules/Unity.AI.Tracing/TraceLogger.cs:105)
Unity.AI.Tracing.TraceLogger:Info (string,string,string,Unity.AI.Tracing.TraceEventOptions) (at ./Library/PackageCache/com.unity.ai.assistant@6fee27370e6a/Modules/Unity.AI.Tracing/TraceLogger.cs:35)
Unity.AI.MCP.Editor.Helpers.McpLog:Log (string,Unity.AI.Tracing.TraceEventOptions) (at ./Library/PackageCache/com.unity.ai.assistant@6fee27370e6a/Modules/Unity.AI.MCP.Editor/Helpers/McpLog.cs:15)
Unity.AI.MCP.Editor.Bridge:LogBreadcrumb (string) (at ./Library/PackageCache/com.unity.ai.assistant@6fee27370e6a/Modules/Unity.AI.MCP.Editor/Bridge.cs:2055)
Unity.AI.MCP.Editor.Bridge:Start () (at ./Library/PackageCache/com.unity.ai.assistant@6fee27370e6a/Modules/Unity.AI.MCP.Editor/Bridge.cs:279)
Unity.AI.MCP.Editor.Bridge:EnsureStartedOnEditorIdle () (at ./Library/PackageCache/com.unity.ai.assistant@6fee27370e6a/Modules/Unity.AI.MCP.Editor/Bridge.cs:454)
UnityEditor.EditorApplication:Internal_CallUpdateFunctions () (at /Users/bokken/build/output/unity/unity/Editor/Mono/EditorApplication.cs:403)

(Filename: ./Library/PackageCache/com.unity.ai.assistant@6fee27370e6a/Modules/Unity.AI.Tracing/TraceSinks.cs Line: 313)

Set umask to 077 for secure socket creation
UnityEngine.Debug:ExtractStackTraceNoAlloc (byte*,int,string)
UnityEngine.StackTraceUtility:ExtractStackTrace () (at /Users/bokken/build/output/unity/unity/Runtime/Export/Scripting/StackTrace.cs:35)
UnityEngine.DebugLogHandler:Internal_Log (UnityEngine.LogType,UnityEngine.LogOption,string,UnityEngine.Object)
UnityEngine.DebugLogHandler:LogFormat (UnityEngine.LogType,UnityEngine.Object,string,object[])
UnityEngine.Logger:Log (UnityEngine.LogType,object)
UnityEngine.Debug:Log (object)
Unity.AI.Tracing.ConsoleSink:LogToConsole (string,string,System.Exception) (at ./Library/PackageCache/com.unity.ai.assistant@6fee27370e6a/Modules/Unity.AI.Tracing/TraceSinks.cs:313)
Unity.AI.Tracing.ConsoleSink:Write (Unity.AI.Tracing.TraceEvent) (at ./Library/PackageCache/com.unity.ai.assistant@6fee27370e6a/Modules/Unity.AI.Tracing/TraceSinks.cs:277)
Unity.AI.Tracing.TraceWriter:WriteEventInternal (string,string,Unity.AI.Tracing.TraceEventOptions,string,System.Nullable`1<int>) (at ./Library/PackageCache/com.unity.ai.assistant@6fee27370e6a/Modules/Unity.AI.Tracing/TraceWriter.cs:373)
Unity.AI.Tracing.TraceWriter:Event (string,Unity.AI.Tracing.TraceEventOptions) (at ./Library/PackageCache/com.unity.ai.assistant@6fee27370e6a/Modules/Unity.AI.Tracing/TraceWriter.cs:297)
Unity.AI.Tracing.TraceLogger:Emit (string,string,string,string,Unity.AI.Tracing.TraceEventOptions,object,System.Exception) (at ./Library/PackageCache/com.unity.ai.assistant@6fee27370e6a/Modules/Unity.AI.Tracing/TraceLogger.cs:105)
Unity.AI.Tracing.TraceLogger:Info (string,string,string,Unity.AI.Tracing.TraceEventOptions) (at ./Library/PackageCache/com.unity.ai.assistant@6fee27370e6a/Modules/Unity.AI.Tracing/TraceLogger.cs:35)
Unity.AI.MCP.Editor.Helpers.McpLog:Log (string,Unity.AI.Tracing.TraceEventOptions) (at ./Library/PackageCache/com.unity.ai.assistant@6fee27370e6a/Modules/Unity.AI.MCP.Editor/Helpers/McpLog.cs:15)
Unity.AI.MCP.Editor.Connection.UnixSocketListener:Start (string) (at ./Library/PackageCache/com.unity.ai.assistant@6fee27370e6a/Modules/Unity.AI.MCP.Editor/Connection/UnixSocketListener.cs:154)
Unity.AI.MCP.Editor.Bridge:Start () (at ./Library/PackageCache/com.unity.ai.assistant@6fee27370e6a/Modules/Unity.AI.MCP.Editor/Bridge.cs:282)
Unity.AI.MCP.Editor.Bridge:EnsureStartedOnEditorIdle () (at ./Library/PackageCache/com.unity.ai.assistant@6fee27370e6a/Modules/Unity.AI.MCP.Editor/Bridge.cs:454)
UnityEditor.EditorApplication:Internal_CallUpdateFunctions () (at /Users/bokken/build/output/unity/unity/Editor/Mono/EditorApplication.cs:403)

(Filename: ./Library/PackageCache/com.unity.ai.assistant@6fee27370e6a/Modules/Unity.AI.Tracing/TraceSinks.cs Line: 313)

Created Unix socket with fd=37
UnityEngine.Debug:ExtractStackTraceNoAlloc (byte*,int,string)
UnityEngine.StackTraceUtility:ExtractStackTrace () (at /Users/bokken/build/output/unity/unity/Runtime/Export/Scripting/StackTrace.cs:35)
UnityEngine.DebugLogHandler:Internal_Log (UnityEngine.LogType,UnityEngine.LogOption,string,UnityEngine.Object)
UnityEngine.DebugLogHandler:LogFormat (UnityEngine.LogType,UnityEngine.Object,string,object[])
UnityEngine.Logger:Log (UnityEngine.LogType,object)
UnityEngine.Debug:Log (object)
Unity.AI.Tracing.ConsoleSink:LogToConsole (string,string,System.Exception) (at ./Library/PackageCache/com.unity.ai.assistant@6fee27370e6a/Modules/Unity.AI.Tracing/TraceSinks.cs:313)
Unity.AI.Tracing.ConsoleSink:Write (Unity.AI.Tracing.TraceEvent) (at ./Library/PackageCache/com.unity.ai.assistant@6fee27370e6a/Modules/Unity.AI.Tracing/TraceSinks.cs:277)
Unity.AI.Tracing.TraceWriter:WriteEventInternal (string,string,Unity.AI.Tracing.TraceEventOptions,string,System.Nullable`1<int>) (at ./Library/PackageCache/com.unity.ai.assistant@6fee27370e6a/Modules/Unity.AI.Tracing/TraceWriter.cs:373)
Unity.AI.Tracing.TraceWriter:Event (string,Unity.AI.Tracing.TraceEventOptions) (at ./Library/PackageCache/com.unity.ai.assistant@6fee27370e6a/Modules/Unity.AI.Tracing/TraceWriter.cs:297)
Unity.AI.Tracing.TraceLogger:Emit (string,string,string,string,Unity.AI.Tracing.TraceEventOptions,object,System.Exception) (at ./Library/PackageCache/com.unity.ai.assistant@6fee27370e6a/Modules/Unity.AI.Tracing/TraceLogger.cs:105)
Unity.AI.Tracing.TraceLogger:Info (string,string,string,Unity.AI.Tracing.TraceEventOptions) (at ./Library/PackageCache/com.unity.ai.assistant@6fee27370e6a/Modules/Unity.AI.Tracing/TraceLogger.cs:35)
Unity.AI.MCP.Editor.Helpers.McpLog:Log (string,Unity.AI.Tracing.TraceEventOptions) (at ./Library/PackageCache/com.unity.ai.assistant@6fee27370e6a/Modules/Unity.AI.MCP.Editor/Helpers/McpLog.cs:15)
Unity.AI.MCP.Editor.Connection.UnixSocketListener:Start (string) (at ./Library/PackageCache/com.unity.ai.assistant@6fee27370e6a/Modules/Unity.AI.MCP.Editor/Connection/UnixSocketListener.cs:170)
Unity.AI.MCP.Editor.Bridge:Start () (at ./Library/PackageCache/com.unity.ai.assistant@6fee27370e6a/Modules/Unity.AI.MCP.Editor/Bridge.cs:282)
Unity.AI.MCP.Editor.Bridge:EnsureStartedOnEditorIdle () (at ./Library/PackageCache/com.unity.ai.assistant@6fee27370e6a/Modules/Unity.AI.MCP.Editor/Bridge.cs:454)
UnityEditor.EditorApplication:Internal_CallUpdateFunctions () (at /Users/bokken/build/output/unity/unity/Editor/Mono/EditorApplication.cs:403)

(Filename: ./Library/PackageCache/com.unity.ai.assistant@6fee27370e6a/Modules/Unity.AI.Tracing/TraceSinks.cs Line: 313)

Bound Unix socket to /tmp/unity-mcp-cf777efb-99211
UnityEngine.Debug:ExtractStackTraceNoAlloc (byte*,int,string)
UnityEngine.StackTraceUtility:ExtractStackTrace () (at /Users/bokken/build/output/unity/unity/Runtime/Export/Scripting/StackTrace.cs:35)
UnityEngine.DebugLogHandler:Internal_Log (UnityEngine.LogType,UnityEngine.LogOption,string,UnityEngine.Object)
UnityEngine.DebugLogHandler:LogFormat (UnityEngine.LogType,UnityEngine.Object,string,object[])
UnityEngine.Logger:Log (UnityEngine.LogType,object)
UnityEngine.Debug:Log (object)
Unity.AI.Tracing.ConsoleSink:LogToConsole (string,string,System.Exception) (at ./Library/PackageCache/com.unity.ai.assistant@6fee27370e6a/Modules/Unity.AI.Tracing/TraceSinks.cs:313)
Unity.AI.Tracing.ConsoleSink:Write (Unity.AI.Tracing.TraceEvent) (at ./Library/PackageCache/com.unity.ai.assistant@6fee27370e6a/Modules/Unity.AI.Tracing/TraceSinks.cs:277)
Unity.AI.Tracing.TraceWriter:WriteEventInternal (string,string,Unity.AI.Tracing.TraceEventOptions,string,System.Nullable`1<int>) (at ./Library/PackageCache/com.unity.ai.assistant@6fee27370e6a/Modules/Unity.AI.Tracing/TraceWriter.cs:373)
Unity.AI.Tracing.TraceWriter:Event (string,Unity.AI.Tracing.TraceEventOptions) (at ./Library/PackageCache/com.unity.ai.assistant@6fee27370e6a/Modules/Unity.AI.Tracing/TraceWriter.cs:297)
Unity.AI.Tracing.TraceLogger:Emit (string,string,string,string,Unity.AI.Tracing.TraceEventOptions,object,System.Exception) (at ./Library/PackageCache/com.unity.ai.assistant@6fee27370e6a/Modules/Unity.AI.Tracing/TraceLogger.cs:105)
Unity.AI.Tracing.TraceLogger:Info (string,string,string,Unity.AI.Tracing.TraceEventOptions) (at ./Library/PackageCache/com.unity.ai.assistant@6fee27370e6a/Modules/Unity.AI.Tracing/TraceLogger.cs:35)
Unity.AI.MCP.Editor.Helpers.McpLog:Log (string,Unity.AI.Tracing.TraceEventOptions) (at ./Library/PackageCache/com.unity.ai.assistant@6fee27370e6a/Modules/Unity.AI.MCP.Editor/Helpers/McpLog.cs:15)
Unity.AI.MCP.Editor.Connection.UnixSocketListener:Start (string) (at ./Library/PackageCache/com.unity.ai.assistant@6fee27370e6a/Modules/Unity.AI.MCP.Editor/Connection/UnixSocketListener.cs:188)
Unity.AI.MCP.Editor.Bridge:Start () (at ./Library/PackageCache/com.unity.ai.assistant@6fee27370e6a/Modules/Unity.AI.MCP.Editor/Bridge.cs:282)
Unity.AI.MCP.Editor.Bridge:EnsureStartedOnEditorIdle () (at ./Library/PackageCache/com.unity.ai.assistant@6fee27370e6a/Modules/Unity.AI.MCP.Editor/Bridge.cs:454)
UnityEditor.EditorApplication:Internal_CallUpdateFunctions () (at /Users/bokken/build/output/unity/unity/Editor/Mono/EditorApplication.cs:403)

(Filename: ./Library/PackageCache/com.unity.ai.assistant@6fee27370e6a/Modules/Unity.AI.Tracing/TraceSinks.cs Line: 313)

Set socket permissions to 0600: /tmp/unity-mcp-cf777efb-99211
UnityEngine.Debug:ExtractStackTraceNoAlloc (byte*,int,string)
UnityEngine.StackTraceUtility:ExtractStackTrace () (at /Users/bokken/build/output/unity/unity/Runtime/Export/Scripting/StackTrace.cs:35)
UnityEngine.DebugLogHandler:Internal_Log (UnityEngine.LogType,UnityEngine.LogOption,string,UnityEngine.Object)
UnityEngine.DebugLogHandler:LogFormat (UnityEngine.LogType,UnityEngine.Object,string,object[])
UnityEngine.Logger:Log (UnityEngine.LogType,object)
UnityEngine.Debug:Log (object)
Unity.AI.Tracing.ConsoleSink:LogToConsole (string,string,System.Exception) (at ./Library/PackageCache/com.unity.ai.assistant@6fee27370e6a/Modules/Unity.AI.Tracing/TraceSinks.cs:313)
Unity.AI.Tracing.ConsoleSink:Write (Unity.AI.Tracing.TraceEvent) (at ./Library/PackageCache/com.unity.ai.assistant@6fee27370e6a/Modules/Unity.AI.Tracing/TraceSinks.cs:277)
Unity.AI.Tracing.TraceWriter:WriteEventInternal (string,string,Unity.AI.Tracing.TraceEventOptions,string,System.Nullable`1<int>) (at ./Library/PackageCache/com.unity.ai.assistant@6fee27370e6a/Modules/Unity.AI.Tracing/TraceWriter.cs:373)
Unity.AI.Tracing.TraceWriter:Event (string,Unity.AI.Tracing.TraceEventOptions) (at ./Library/PackageCache/com.unity.ai.assistant@6fee27370e6a/Modules/Unity.AI.Tracing/TraceWriter.cs:297)
Unity.AI.Tracing.TraceLogger:Emit (string,string,string,string,Unity.AI.Tracing.TraceEventOptions,object,System.Exception) (at ./Library/PackageCache/com.unity.ai.assistant@6fee27370e6a/Modules/Unity.AI.Tracing/TraceLogger.cs:105)
Unity.AI.Tracing.TraceLogger:Info (string,string,string,Unity.AI.Tracing.TraceEventOptions) (at ./Library/PackageCache/com.unity.ai.assistant@6fee27370e6a/Modules/Unity.AI.Tracing/TraceLogger.cs:35)
Unity.AI.MCP.Editor.Helpers.McpLog:Log (string,Unity.AI.Tracing.TraceEventOptions) (at ./Library/PackageCache/com.unity.ai.assistant@6fee27370e6a/Modules/Unity.AI.MCP.Editor/Helpers/McpLog.cs:15)
Unity.AI.MCP.Editor.Connection.UnixSocketListener:Start (string) (at ./Library/PackageCache/com.unity.ai.assistant@6fee27370e6a/Modules/Unity.AI.MCP.Editor/Connection/UnixSocketListener.cs:193)
Unity.AI.MCP.Editor.Bridge:Start () (at ./Library/PackageCache/com.unity.ai.assistant@6fee27370e6a/Modules/Unity.AI.MCP.Editor/Bridge.cs:282)
Unity.AI.MCP.Editor.Bridge:EnsureStartedOnEditorIdle () (at ./Library/PackageCache/com.unity.ai.assistant@6fee27370e6a/Modules/Unity.AI.MCP.Editor/Bridge.cs:454)
UnityEditor.EditorApplication:Internal_CallUpdateFunctions () (at /Users/bokken/build/output/unity/unity/Editor/Mono/EditorApplication.cs:403)

(Filename: ./Library/PackageCache/com.unity.ai.assistant@6fee27370e6a/Modules/Unity.AI.Tracing/TraceSinks.cs Line: 313)

Listening on Unix socket: /tmp/unity-mcp-cf777efb-99211
UnityEngine.Debug:ExtractStackTraceNoAlloc (byte*,int,string)
UnityEngine.StackTraceUtility:ExtractStackTrace () (at /Users/bokken/build/output/unity/unity/Runtime/Export/Scripting/StackTrace.cs:35)
UnityEngine.DebugLogHandler:Internal_Log (UnityEngine.LogType,UnityEngine.LogOption,string,UnityEngine.Object)
UnityEngine.DebugLogHandler:LogFormat (UnityEngine.LogType,UnityEngine.Object,string,object[])
UnityEngine.Logger:Log (UnityEngine.LogType,object)
UnityEngine.Debug:Log (object)
Unity.AI.Tracing.ConsoleSink:LogToConsole (string,string,System.Exception) (at ./Library/PackageCache/com.unity.ai.assistant@6fee27370e6a/Modules/Unity.AI.Tracing/TraceSinks.cs:313)
Unity.AI.Tracing.ConsoleSink:Write (Unity.AI.Tracing.TraceEvent) (at ./Library/PackageCache/com.unity.ai.assistant@6fee27370e6a/Modules/Unity.AI.Tracing/TraceSinks.cs:277)
Unity.AI.Tracing.TraceWriter:WriteEventInternal (string,string,Unity.AI.Tracing.TraceEventOptions,string,System.Nullable`1<int>) (at ./Library/PackageCache/com.unity.ai.assistant@6fee27370e6a/Modules/Unity.AI.Tracing/TraceWriter.cs:373)
Unity.AI.Tracing.TraceWriter:Event (string,Unity.AI.Tracing.TraceEventOptions) (at ./Library/PackageCache/com.unity.ai.assistant@6fee27370e6a/Modules/Unity.AI.Tracing/TraceWriter.cs:297)
Unity.AI.Tracing.TraceLogger:Emit (string,string,string,string,Unity.AI.Tracing.TraceEventOptions,object,System.Exception) (at ./Library/PackageCache/com.unity.ai.assistant@6fee27370e6a/Modules/Unity.AI.Tracing/TraceLogger.cs:105)
Unity.AI.Tracing.TraceLogger:Info (string,string,string,Unity.AI.Tracing.TraceEventOptions) (at ./Library/PackageCache/com.unity.ai.assistant@6fee27370e6a/Modules/Unity.AI.Tracing/TraceLogger.cs:35)
Unity.AI.MCP.Editor.Helpers.McpLog:Log (string,Unity.AI.Tracing.TraceEventOptions) (at ./Library/PackageCache/com.unity.ai.assistant@6fee27370e6a/Modules/Unity.AI.MCP.Editor/Helpers/McpLog.cs:15)
Unity.AI.MCP.Editor.Connection.UnixSocketListener:Start (string) (at ./Library/PackageCache/com.unity.ai.assistant@6fee27370e6a/Modules/Unity.AI.MCP.Editor/Connection/UnixSocketListener.cs:210)
Unity.AI.MCP.Editor.Bridge:Start () (at ./Library/PackageCache/com.unity.ai.assistant@6fee27370e6a/Modules/Unity.AI.MCP.Editor/Bridge.cs:282)
Unity.AI.MCP.Editor.Bridge:EnsureStartedOnEditorIdle () (at ./Library/PackageCache/com.unity.ai.assistant@6fee27370e6a/Modules/Unity.AI.MCP.Editor/Bridge.cs:454)
UnityEditor.EditorApplication:Internal_CallUpdateFunctions () (at /Users/bokken/build/output/unity/unity/Editor/Mono/EditorApplication.cs:403)

(Filename: ./Library/PackageCache/com.unity.ai.assistant@6fee27370e6a/Modules/Unity.AI.Tracing/TraceSinks.cs Line: 313)

Restored umask to 012
UnityEngine.Debug:ExtractStackTraceNoAlloc (byte*,int,string)
UnityEngine.StackTraceUtility:ExtractStackTrace () (at /Users/bokken/build/output/unity/unity/Runtime/Export/Scripting/StackTrace.cs:35)
UnityEngine.DebugLogHandler:Internal_Log (UnityEngine.LogType,UnityEngine.LogOption,string,UnityEngine.Object)
UnityEngine.DebugLogHandler:LogFormat (UnityEngine.LogType,UnityEngine.Object,string,object[])
UnityEngine.Logger:Log (UnityEngine.LogType,object)
UnityEngine.Debug:Log (object)
Unity.AI.Tracing.ConsoleSink:LogToConsole (string,string,System.Exception) (at ./Library/PackageCache/com.unity.ai.assistant@6fee27370e6a/Modules/Unity.AI.Tracing/TraceSinks.cs:313)
Unity.AI.Tracing.ConsoleSink:Write (Unity.AI.Tracing.TraceEvent) (at ./Library/PackageCache/com.unity.ai.assistant@6fee27370e6a/Modules/Unity.AI.Tracing/TraceSinks.cs:277)
Unity.AI.Tracing.TraceWriter:WriteEventInternal (string,string,Unity.AI.Tracing.TraceEventOptions,string,System.Nullable`1<int>) (at ./Library/PackageCache/com.unity.ai.assistant@6fee27370e6a/Modules/Unity.AI.Tracing/TraceWriter.cs:373)
Unity.AI.Tracing.TraceWriter:Event (string,Unity.AI.Tracing.TraceEventOptions) (at ./Library/PackageCache/com.unity.ai.assistant@6fee27370e6a/Modules/Unity.AI.Tracing/TraceWriter.cs:297)
Unity.AI.Tracing.TraceLogger:Emit (string,string,string,string,Unity.AI.Tracing.TraceEventOptions,object,System.Exception) (at ./Library/PackageCache/com.unity.ai.assistant@6fee27370e6a/Modules/Unity.AI.Tracing/TraceLogger.cs:105)
Unity.AI.Tracing.TraceLogger:Info (string,string,string,Unity.AI.Tracing.TraceEventOptions) (at ./Library/PackageCache/com.unity.ai.assistant@6fee27370e6a/Modules/Unity.AI.Tracing/TraceLogger.cs:35)
Unity.AI.MCP.Editor.Helpers.McpLog:Log (string,Unity.AI.Tracing.TraceEventOptions) (at ./Library/PackageCache/com.unity.ai.assistant@6fee27370e6a/Modules/Unity.AI.MCP.Editor/Helpers/McpLog.cs:15)
Unity.AI.MCP.Editor.Connection.UnixSocketListener:Start (string) (at ./Library/PackageCache/com.unity.ai.assistant@6fee27370e6a/Modules/Unity.AI.MCP.Editor/Connection/UnixSocketListener.cs:224)
Unity.AI.MCP.Editor.Bridge:Start () (at ./Library/PackageCache/com.unity.ai.assistant@6fee27370e6a/Modules/Unity.AI.MCP.Editor/Bridge.cs:282)
Unity.AI.MCP.Editor.Bridge:EnsureStartedOnEditorIdle () (at ./Library/PackageCache/com.unity.ai.assistant@6fee27370e6a/Modules/Unity.AI.MCP.Editor/Bridge.cs:454)
UnityEditor.EditorApplication:Internal_CallUpdateFunctions () (at /Users/bokken/build/output/unity/unity/Editor/Mono/EditorApplication.cs:403)

(Filename: ./Library/PackageCache/com.unity.ai.assistant@6fee27370e6a/Modules/Unity.AI.Tracing/TraceSinks.cs Line: 313)

MCP Bridge V2 started using Unix Socket at /tmp/unity-mcp-cf777efb-99211 (OS=OSXEditor)
UnityEngine.Debug:ExtractStackTraceNoAlloc (byte*,int,string)
UnityEngine.StackTraceUtility:ExtractStackTrace () (at /Users/bokken/build/output/unity/unity/Runtime/Export/Scripting/StackTrace.cs:35)
UnityEngine.DebugLogHandler:Internal_Log (UnityEngine.LogType,UnityEngine.LogOption,string,UnityEngine.Object)
UnityEngine.DebugLogHandler:LogFormat (UnityEngine.LogType,UnityEngine.Object,string,object[])
UnityEngine.Logger:Log (UnityEngine.LogType,object)
UnityEngine.Debug:Log (object)
Unity.AI.Tracing.ConsoleSink:LogToConsole (string,string,System.Exception) (at ./Library/PackageCache/com.unity.ai.assistant@6fee27370e6a/Modules/Unity.AI.Tracing/TraceSinks.cs:313)
Unity.AI.Tracing.ConsoleSink:Write (Unity.AI.Tracing.TraceEvent) (at ./Library/PackageCache/com.unity.ai.assistant@6fee27370e6a/Modules/Unity.AI.Tracing/TraceSinks.cs:277)
Unity.AI.Tracing.TraceWriter:WriteEventInternal (string,string,Unity.AI.Tracing.TraceEventOptions,string,System.Nullable`1<int>) (at ./Library/PackageCache/com.unity.ai.assistant@6fee27370e6a/Modules/Unity.AI.Tracing/TraceWriter.cs:373)
Unity.AI.Tracing.TraceWriter:Event (string,Unity.AI.Tracing.TraceEventOptions) (at ./Library/PackageCache/com.unity.ai.assistant@6fee27370e6a/Modules/Unity.AI.Tracing/TraceWriter.cs:297)
Unity.AI.Tracing.TraceLogger:Emit (string,string,string,string,Unity.AI.Tracing.TraceEventOptions,object,System.Exception) (at ./Library/PackageCache/com.unity.ai.assistant@6fee27370e6a/Modules/Unity.AI.Tracing/TraceLogger.cs:105)
Unity.AI.Tracing.TraceLogger:Info (string,string,string,Unity.AI.Tracing.TraceEventOptions) (at ./Library/PackageCache/com.unity.ai.assistant@6fee27370e6a/Modules/Unity.AI.Tracing/TraceLogger.cs:35)
Unity.AI.MCP.Editor.Helpers.McpLog:Log (string,Unity.AI.Tracing.TraceEventOptions) (at ./Library/PackageCache/com.unity.ai.assistant@6fee27370e6a/Modules/Unity.AI.MCP.Editor/Helpers/McpLog.cs:15)
Unity.AI.MCP.Editor.Bridge:Start () (at ./Library/PackageCache/com.unity.ai.assistant@6fee27370e6a/Modules/Unity.AI.MCP.Editor/Bridge.cs:288)
Unity.AI.MCP.Editor.Bridge:EnsureStartedOnEditorIdle () (at ./Library/PackageCache/com.unity.ai.assistant@6fee27370e6a/Modules/Unity.AI.MCP.Editor/Bridge.cs:454)
UnityEditor.EditorApplication:Internal_CallUpdateFunctions () (at /Users/bokken/build/output/unity/unity/Editor/Mono/EditorApplication.cs:403)

(Filename: ./Library/PackageCache/com.unity.ai.assistant@6fee27370e6a/Modules/Unity.AI.Tracing/TraceSinks.cs Line: 313)

Saved connection info to /Users/farhad/.unity/mcp/connections/bridge-cf777efb-99211.json
UnityEngine.Debug:ExtractStackTraceNoAlloc (byte*,int,string)
UnityEngine.StackTraceUtility:ExtractStackTrace () (at /Users/bokken/build/output/unity/unity/Runtime/Export/Scripting/StackTrace.cs:35)
UnityEngine.DebugLogHandler:Internal_Log (UnityEngine.LogType,UnityEngine.LogOption,string,UnityEngine.Object)
UnityEngine.DebugLogHandler:LogFormat (UnityEngine.LogType,UnityEngine.Object,string,object[])
UnityEngine.Logger:Log (UnityEngine.LogType,object)
UnityEngine.Debug:Log (object)
Unity.AI.Tracing.ConsoleSink:LogToConsole (string,string,System.Exception) (at ./Library/PackageCache/com.unity.ai.assistant@6fee27370e6a/Modules/Unity.AI.Tracing/TraceSinks.cs:313)
Unity.AI.Tracing.ConsoleSink:Write (Unity.AI.Tracing.TraceEvent) (at ./Library/PackageCache/com.unity.ai.assistant@6fee27370e6a/Modules/Unity.AI.Tracing/TraceSinks.cs:277)
Unity.AI.Tracing.TraceWriter:WriteEventInternal (string,string,Unity.AI.Tracing.TraceEventOptions,string,System.Nullable`1<int>) (at ./Library/PackageCache/com.unity.ai.assistant@6fee27370e6a/Modules/Unity.AI.Tracing/TraceWriter.cs:373)
Unity.AI.Tracing.TraceWriter:Event (string,Unity.AI.Tracing.TraceEventOptions) (at ./Library/PackageCache/com.unity.ai.assistant@6fee27370e6a/Modules/Unity.AI.Tracing/TraceWriter.cs:297)
Unity.AI.Tracing.TraceLogger:Emit (string,string,string,string,Unity.AI.Tracing.TraceEventOptions,object,System.Exception) (at ./Library/PackageCache/com.unity.ai.assistant@6fee27370e6a/Modules/Unity.AI.Tracing/TraceLogger.cs:105)
Unity.AI.Tracing.TraceLogger:Info (string,string,string,Unity.AI.Tracing.TraceEventOptions) (at ./Library/PackageCache/com.unity.ai.assistant@6fee27370e6a/Modules/Unity.AI.Tracing/TraceLogger.cs:35)
Unity.AI.MCP.Editor.Helpers.McpLog:Log (string,Unity.AI.Tracing.TraceEventOptions) (at ./Library/PackageCache/com.unity.ai.assistant@6fee27370e6a/Modules/Unity.AI.MCP.Editor/Helpers/McpLog.cs:15)
Unity.AI.MCP.Editor.Helpers.ServerDiscovery:SaveConnectionInfo (string) (at ./Library/PackageCache/com.unity.ai.assistant@6fee27370e6a/Modules/Unity.AI.MCP.Editor/Connection/ServerDiscovery.cs:132)
Unity.AI.MCP.Editor.Bridge:Start () (at ./Library/PackageCache/com.unity.ai.assistant@6fee27370e6a/Modules/Unity.AI.MCP.Editor/Bridge.cs:297)
Unity.AI.MCP.Editor.Bridge:EnsureStartedOnEditorIdle () (at ./Library/PackageCache/com.unity.ai.assistant@6fee27370e6a/Modules/Unity.AI.MCP.Editor/Bridge.cs:454)
UnityEditor.EditorApplication:Internal_CallUpdateFunctions () (at /Users/bokken/build/output/unity/unity/Editor/Mono/EditorApplication.cs:403)

(Filename: ./Library/PackageCache/com.unity.ai.assistant@6fee27370e6a/Modules/Unity.AI.Tracing/TraceSinks.cs Line: 313)

Start Indexing on Editor startup
[Indexing] Starting Initial Indexing for Assets
[UiShellPresentation] stage=CommandStarted sequence=1 kind=EnterMenu region=None route=MainMenu
UnityEngine.Debug:ExtractStackTraceNoAlloc (byte*,int,string)
UnityEngine.StackTraceUtility:ExtractStackTrace () (at /Users/bokken/build/output/unity/unity/Runtime/Export/Scripting/StackTrace.cs:35)
UnityEngine.DebugLogHandler:Internal_Log (UnityEngine.LogType,UnityEngine.LogOption,string,UnityEngine.Object)
UnityEngine.DebugLogHandler:LogFormat (UnityEngine.LogType,UnityEngine.Object,string,object[])
UnityEngine.Logger:Log (UnityEngine.LogType,object,UnityEngine.Object)
UnityEngine.Debug:Log (object,UnityEngine.Object)
Game.Composition.UiDiagnosticsComposition:Report (Game.UI.Contracts.UiDiagnosticSeverity,string,UnityEngine.Object) (at Assets/Game/Scripts/Composition/UiDiagnosticsComposition.cs:17)
Game.UI.Contracts.UiDiagnostics:Info (string,UnityEngine.Object) (at Assets/Game/Scripts/UI/Contracts/UiDiagnostics.cs:14)
Game.UI.Runtime.UIShellEcsPresentationSystem:LogTransition (string,Game.UI.Contracts.UiShellPresentationCommandModel) (at Assets/Game/Scripts/UI/Shell/UIShellEcsPresentationSystem.cs:138)
Game.UI.Runtime.UIShellEcsPresentationSystem:Update () (at Assets/Game/Scripts/UI/Shell/UIShellEcsPresentationSystem.cs:87)

(Filename: Assets/Game/Scripts/Composition/UiDiagnosticsComposition.cs Line: 17)

Created GICache directory at /Users/farhad/Library/Caches/com.unity3d.UnityEditor/GiCache. Took: 0.002s, timestamps: [48.342 - 48.344]
Accepted Unix socket connection: fd=90
UnityEngine.Debug:ExtractStackTraceNoAlloc (byte*,int,string)
UnityEngine.StackTraceUtility:ExtractStackTrace () (at /Users/bokken/build/output/unity/unity/Runtime/Export/Scripting/StackTrace.cs:35)
UnityEngine.DebugLogHandler:Internal_Log (UnityEngine.LogType,UnityEngine.LogOption,string,UnityEngine.Object)
UnityEngine.DebugLogHandler:LogFormat (UnityEngine.LogType,UnityEngine.Object,string,object[])
UnityEngine.Logger:Log (UnityEngine.LogType,object)
UnityEngine.Debug:Log (object)
Unity.AI.Tracing.ConsoleSink:LogToConsole (string,string,System.Exception) (at ./Library/PackageCache/com.unity.ai.assistant@6fee27370e6a/Modules/Unity.AI.Tracing/TraceSinks.cs:313)
Unity.AI.Tracing.ConsoleSink/<>c__DisplayClass9_0:<Write>b__0 () (at ./Library/PackageCache/com.unity.ai.assistant@6fee27370e6a/Modules/Unity.AI.Tracing/TraceSinks.cs:286)
UnityEditor.Search.Dispatcher/Task:Invoke () (at /Users/bokken/build/output/unity/unity/Modules/QuickSearch/Editor/UI/Dispatcher.cs:29)
UnityEditor.Search.Dispatcher:Process (UnityEditor.Search.Dispatcher/Task&) (at /Users/bokken/build/output/unity/unity/Modules/QuickSearch/Editor/UI/Dispatcher.cs:78)
UnityEditor.Search.Dispatcher:Update () (at /Users/bokken/build/output/unity/unity/Modules/QuickSearch/Editor/UI/Dispatcher.cs:101)
UnityEditor.EditorApplication:Internal_InvokeTickEvents () (at /Users/bokken/build/output/unity/unity/Editor/Mono/EditorApplication.cs:409)

(Filename: ./Library/PackageCache/com.unity.ai.assistant@6fee27370e6a/Modules/Unity.AI.Tracing/TraceSinks.cs Line: 313)

[Licensing::Client] Successfully resolved entitlement details
MCP client info: codex-mcp-client v0.155.0-alpha.16.4
UnityEngine.Debug:ExtractStackTraceNoAlloc (byte*,int,string)
UnityEngine.StackTraceUtility:ExtractStackTrace () (at /Users/bokken/build/output/unity/unity/Runtime/Export/Scripting/StackTrace.cs:35)
UnityEngine.DebugLogHandler:Internal_Log (UnityEngine.LogType,UnityEngine.LogOption,string,UnityEngine.Object)
UnityEngine.DebugLogHandler:LogFormat (UnityEngine.LogType,UnityEngine.Object,string,object[])
UnityEngine.Logger:Log (UnityEngine.LogType,object)
UnityEngine.Debug:Log (object)
Unity.AI.Tracing.ConsoleSink:LogToConsole (string,string,System.Exception) (at ./Library/PackageCache/com.unity.ai.assistant@6fee27370e6a/Modules/Unity.AI.Tracing/TraceSinks.cs:313)
Unity.AI.Tracing.ConsoleSink:Write (Unity.AI.Tracing.TraceEvent) (at ./Library/PackageCache/com.unity.ai.assistant@6fee27370e6a/Modules/Unity.AI.Tracing/TraceSinks.cs:277)
Unity.AI.Tracing.TraceWriter:WriteEventInternal (string,string,Unity.AI.Tracing.TraceEventOptions,string,System.Nullable`1<int>) (at ./Library/PackageCache/com.unity.ai.assistant@6fee27370e6a/Modules/Unity.AI.Tracing/TraceWriter.cs:373)
Unity.AI.Tracing.TraceWriter:Event (string,Unity.AI.Tracing.TraceEventOptions) (at ./Library/PackageCache/com.unity.ai.assistant@6fee27370e6a/Modules/Unity.AI.Tracing/TraceWriter.cs:297)
Unity.AI.Tracing.TraceLogger:Emit (string,string,string,string,Unity.AI.Tracing.TraceEventOptions,object,System.Exception) (at ./Library/PackageCache/com.unity.ai.assistant@6fee27370e6a/Modules/Unity.AI.Tracing/TraceLogger.cs:105)
Unity.AI.Tracing.TraceLogger:Info (string,string,string,Unity.AI.Tracing.TraceEventOptions) (at ./Library/PackageCache/com.unity.ai.assistant@6fee27370e6a/Modules/Unity.AI.Tracing/TraceLogger.cs:35)
Unity.AI.MCP.Editor.Helpers.McpLog:Log (string,Unity.AI.Tracing.TraceEventOptions) (at ./Library/PackageCache/com.unity.ai.assistant@6fee27370e6a/Modules/Unity.AI.MCP.Editor/Helpers/McpLog.cs:15)
Unity.AI.MCP.Editor.Bridge/<ExecuteCommandAsync>d__75:MoveNext () (at ./Library/PackageCache/com.unity.ai.assistant@6fee27370e6a/Modules/Unity.AI.MCP.Editor/Bridge.cs:1707)
System.Runtime.CompilerServices.AsyncTaskMethodBuilder`1<string>:Start<Unity.AI.MCP.Editor.Bridge/<ExecuteCommandAsync>d__75> (Unity.AI.MCP.Editor.Bridge/<ExecuteCommandAsync>d__75&)
Unity.AI.MCP.Editor.Bridge:ExecuteCommandAsync (Unity.AI.MCP.Editor.Models.Command,Unity.AI.MCP.Editor.Connection.IConnectionTransport,System.Threading.CancellationToken)
Unity.AI.MCP.Editor.Bridge:ProcessCommands () (at ./Library/PackageCache/com.unity.ai.assistant@6fee27370e6a/Modules/Unity.AI.MCP.Editor/Bridge.cs:1537)
UnityEditor.EditorApplication:Internal_CallUpdateFunctions () (at /Users/bokken/build/output/unity/unity/Editor/Mono/EditorApplication.cs:403)

(Filename: ./Library/PackageCache/com.unity.ai.assistant@6fee27370e6a/Modules/Unity.AI.Tracing/TraceSinks.cs Line: 313)

Client connected: UnixSocket-1
  at Unity.AI.MCP.Editor.Bridge.HandleClientAsync (Unity.AI.MCP.Editor.Connection.IConnectionTransport transport, System.Threading.CancellationToken token) [0x00129] in ./Library/PackageCache/com.unity.ai.assistant@6fee27370e6a/Modules/Unity.AI.MCP.Editor/Bridge.cs:635 
  at System.Runtime.CompilerServices.AsyncTaskMethodBuilder.Start[TStateMachine] (TStateMachine& stateMachine) [0x00000] in <299d5c9ae27b4d27af003e5f456f4b13>:0 
  at Unity.AI.MCP.Editor.Bridge.HandleClientAsync (Unity.AI.MCP.Editor.Connection.IConnectionTransport transport, System.Threading.CancellationToken token) [0x00000] in <21b69949e1954c118bc0116712e909ac>:0 
  at Unity.AI.MCP.Editor.Bridge+<>c__DisplayClass60_1.<ListenerLoopAsync>b__0 () [0x00000] in ./Library/PackageCache/com.unity.ai.assistant@6fee27370e6a/Modules/Unity.AI.MCP.Editor/Bridge.cs:505 
  at System.Threading.Tasks.Task`1[TResult].InnerInvoke () [0x00000] in <299d5c9ae27b4d27af003e5f456f4b13>:0 
  at System.Threading.Tasks.Task.Execute () [0x00000] in <299d5c9ae27b4d27af003e5f456f4b13>:0 
  at System.Threading.Tasks.Task.ExecutionContextCallback (System.Object obj) [0x00000] in <299d5c9ae27b4d27af003e5f456f4b13>:0 
  at System.Threading.ExecutionContext.RunInternal (System.Threading.ExecutionContext executionContext, System.Threading.ContextCallback callback, System.Object state, System.Boolean preserveSyncCtx) [0x00000] in <299d5c9ae27b4d27af003e5f456f4b13>:0 
  at System.Threading.ExecutionContext.Run (System.Threading.ExecutionContext executionContext, System.Threading.ContextCallback callback, System.Object state, System.Boolean preserveSyncCtx) [0x00000] in <299d5c9ae27b4d27af003e5f456f4b13>:0 
  at System.Threading.Tasks.Task.ExecuteWithThreadLocal (System.Threading.Tasks.Task& currentTaskSlot) [0x00000] in <299d5c9ae27b4d27af003e5f456f4b13>:0 
  at System.Threading.Tasks.Task.ExecuteEntry (System.Boolean bPreventDoubleExecution) [0x00000] in <299d5c9ae27b4d27af003e5f456f4b13>:0 
  at System.Threading.Tasks.Task.System.Threading.IThreadPoolWorkItem.ExecuteWorkItem () [0x00000] in <299d5c9ae27b4d27af003e5f456f4b13>:0 
  at System.Threading.ThreadPoolWorkQueue.Dispatch () [0x00000] in <299d5c9ae27b4d27af003e5f456f4b13>:0 
  at System.Threading._ThreadPoolWaitCallback.PerformWaitCallback () [0x00000] in <299d5c9ae27b4d27af003e5f456f4b13>:0 
UnityEngine.Debug:ExtractStackTraceNoAlloc (byte*,int,string)
UnityEngine.StackTraceUtility:ExtractStackTrace () (at /Users/bokken/build/output/unity/unity/Runtime/Export/Scripting/StackTrace.cs:35)
UnityEngine.DebugLogHandler:Internal_Log (UnityEngine.LogType,UnityEngine.LogOption,string,UnityEngine.Object)
UnityEngine.DebugLogHandler:LogFormat (UnityEngine.LogType,UnityEngine.Object,string,object[])
UnityEngine.Logger:Log (UnityEngine.LogType,object)
UnityEngine.Debug:Log (object)
Unity.AI.Tracing.ConsoleSink:LogToConsole (string,string,System.Exception) (at ./Library/PackageCache/com.unity.ai.assistant@6fee27370e6a/Modules/Unity.AI.Tracing/TraceSinks.cs:313)
Unity.AI.Tracing.ConsoleSink:Write (Unity.AI.Tracing.TraceEvent) (at ./Library/PackageCache/com.unity.ai.assistant@6fee27370e6a/Modules/Unity.AI.Tracing/TraceSinks.cs:277)
Unity.AI.Tracing.TraceWriter:WriteEventInternal (string,string,Unity.AI.Tracing.TraceEventOptions,string,System.Nullable`1<int>) (at ./Library/PackageCache/com.unity.ai.assistant@6fee27370e6a/Modules/Unity.AI.Tracing/TraceWriter.cs:373)
Unity.AI.Tracing.TraceWriter:Event (string,Unity.AI.Tracing.TraceEventOptions) (at ./Library/PackageCache/com.unity.ai.assistant@6fee27370e6a/Modules/Unity.AI.Tracing/TraceWriter.cs:297)
Unity.AI.Tracing.TraceLogger:Emit (string,string,string,string,Unity.AI.Tracing.TraceEventOptions,object,System.Exception) (at ./Library/PackageCache/com.unity.ai.assistant@6fee27370e6a/Modules/Unity.AI.Tracing/TraceLogger.cs:105)
Unity.AI.Tracing.TraceLogger:Info (string,string,string,Unity.AI.Tracing.TraceEventOptions) (at ./Library/PackageCache/com.unity.ai.assistant@6fee27370e6a/Modules/Unity.AI.Tracing/TraceLogger.cs:35)
Unity.AI.MCP.Editor.Helpers.McpLog/<>c__DisplayClass8_0:<LogDelayed>b__0 () (at ./Library/PackageCache/com.unity.ai.assistant@6fee27370e6a/Modules/Unity.AI.MCP.Editor/Helpers/McpLog.cs:74)
Unity.AI.Toolkit.EditorTask/<>c__DisplayClass21_0:<DelayCall>b__0 () (at ./Library/PackageCache/com.unity.ai.assistant@6fee27370e6a/Modules/Unity.AI.Toolkit.Async/EditorTask.cs:375)
UnityEditor.EditorApplication:Internal_CallUpdateFunctions () (at /Users/bokken/build/output/unity/unity/Editor/Mono/EditorApplication.cs:403)

(Filename: ./Library/PackageCache/com.unity.ai.assistant@6fee27370e6a/Modules/Unity.AI.Tracing/TraceSinks.cs Line: 313)

[UiShellPresentation] stage=CommandCompleted sequence=1 kind=EnterMenu region=None route=MainMenu
UnityEngine.Debug:ExtractStackTraceNoAlloc (byte*,int,string)
UnityEngine.StackTraceUtility:ExtractStackTrace () (at /Users/bokken/build/output/unity/unity/Runtime/Export/Scripting/StackTrace.cs:35)
UnityEngine.DebugLogHandler:Internal_Log (UnityEngine.LogType,UnityEngine.LogOption,string,UnityEngine.Object)
UnityEngine.DebugLogHandler:LogFormat (UnityEngine.LogType,UnityEngine.Object,string,object[])
UnityEngine.Logger:Log (UnityEngine.LogType,object,UnityEngine.Object)
UnityEngine.Debug:Log (object,UnityEngine.Object)
Game.Composition.UiDiagnosticsComposition:Report (Game.UI.Contracts.UiDiagnosticSeverity,string,UnityEngine.Object) (at Assets/Game/Scripts/Composition/UiDiagnosticsComposition.cs:17)
Game.UI.Contracts.UiDiagnostics:Info (string,UnityEngine.Object) (at Assets/Game/Scripts/UI/Contracts/UiDiagnostics.cs:14)
Game.UI.Runtime.UIShellEcsPresentationSystem:LogTransition (string,Game.UI.Contracts.UiShellPresentationCommandModel) (at Assets/Game/Scripts/UI/Shell/UIShellEcsPresentationSystem.cs:138)
Game.UI.Runtime.UIShellEcsPresentationSystem/<>c__DisplayClass24_0:<Update>b__0 (int) (at Assets/Game/Scripts/UI/Shell/UIShellEcsPresentationSystem.cs:100)
Game.UI.Runtime.UIShellView/<>c__DisplayClass19_0:<ExecuteCommandSequence>b__0 () (at Assets/Game/Scripts/UI/Shell/UIShellView.cs:98)
Game.UI.Runtime.UIMotionHostView/<SequenceRoutine>d__32:MoveNext () (at Assets/Game/Scripts/UI/Shell/UIMotionHostView.cs:268)
UnityEngine.SetupCoroutine:InvokeMoveNext (System.Collections.IEnumerator,intptr) (at /Users/bokken/build/output/unity/unity/Runtime/Export/Scripting/Coroutines.cs:17)

(Filename: Assets/Game/Scripts/Composition/UiDiagnosticsComposition.cs Line: 17)

[Licensing::Client] Successfully resolved entitlement details
Sent handshake (unity-mcp protocol v2.0, tools=7)
  at Unity.AI.MCP.Editor.Bridge.HandleClientAsync (Unity.AI.MCP.Editor.Connection.IConnectionTransport transport, System.Threading.CancellationToken token) [0x006db] in ./Library/PackageCache/com.unity.ai.assistant@6fee27370e6a/Modules/Unity.AI.MCP.Editor/Bridge.cs:802 
  at System.Runtime.CompilerServices.AsyncMethodBuilderCore+MoveNextRunner.InvokeMoveNext (System.Object stateMachine) [0x00000] in <299d5c9ae27b4d27af003e5f456f4b13>:0 
  at System.Threading.ExecutionContext.RunInternal (System.Threading.ExecutionContext executionContext, System.Threading.ContextCallback callback, System.Object state, System.Boolean preserveSyncCtx) [0x00000] in <299d5c9ae27b4d27af003e5f456f4b13>:0 
  at System.Threading.ExecutionContext.Run (System.Threading.ExecutionContext executionContext, System.Threading.ContextCallback callback, System.Object state, System.Boolean preserveSyncCtx) [0x00000] in <299d5c9ae27b4d27af003e5f456f4b13>:0 
  at System.Runtime.CompilerServices.AsyncMethodBuilderCore+MoveNextRunner.Run () [0x00000] in <299d5c9ae27b4d27af003e5f456f4b13>:0 
  at System.Threading.Tasks.AwaitTaskContinuation.System.Threading.IThreadPoolWorkItem.ExecuteWorkItem () [0x00000] in <299d5c9ae27b4d27af003e5f456f4b13>:0 
  at System.Threading.ThreadPoolWorkQueue.Dispatch () [0x00000] in <299d5c9ae27b4d27af003e5f456f4b13>:0 
  at System.Threading._ThreadPoolWaitCallback.PerformWaitCallback () [0x00000] in <299d5c9ae27b4d27af003e5f456f4b13>:0 
UnityEngine.Debug:ExtractStackTraceNoAlloc (byte*,int,string)
UnityEngine.StackTraceUtility:ExtractStackTrace () (at /Users/bokken/build/output/unity/unity/Runtime/Export/Scripting/StackTrace.cs:35)
UnityEngine.DebugLogHandler:Internal_Log (UnityEngine.LogType,UnityEngine.LogOption,string,UnityEngine.Object)
UnityEngine.DebugLogHandler:LogFormat (UnityEngine.LogType,UnityEngine.Object,string,object[])
UnityEngine.Logger:Log (UnityEngine.LogType,object)
UnityEngine.Debug:Log (object)
Unity.AI.Tracing.ConsoleSink:LogToConsole (string,string,System.Exception) (at ./Library/PackageCache/com.unity.ai.assistant@6fee27370e6a/Modules/Unity.AI.Tracing/TraceSinks.cs:313)
Unity.AI.Tracing.ConsoleSink:Write (Unity.AI.Tracing.TraceEvent) (at ./Library/PackageCache/com.unity.ai.assistant@6fee27370e6a/Modules/Unity.AI.Tracing/TraceSinks.cs:277)
Unity.AI.Tracing.TraceWriter:WriteEventInternal (string,string,Unity.AI.Tracing.TraceEventOptions,string,System.Nullable`1<int>) (at ./Library/PackageCache/com.unity.ai.assistant@6fee27370e6a/Modules/Unity.AI.Tracing/TraceWriter.cs:373)
Unity.AI.Tracing.TraceWriter:Event (string,Unity.AI.Tracing.TraceEventOptions) (at ./Library/PackageCache/com.unity.ai.assistant@6fee27370e6a/Modules/Unity.AI.Tracing/TraceWriter.cs:297)
Unity.AI.Tracing.TraceLogger:Emit (string,string,string,string,Unity.AI.Tracing.TraceEventOptions,object,System.Exception) (at ./Library/PackageCache/com.unity.ai.assistant@6fee27370e6a/Modules/Unity.AI.Tracing/TraceLogger.cs:105)
Unity.AI.Tracing.TraceLogger:Info (string,string,string,Unity.AI.Tracing.TraceEventOptions) (at ./Library/PackageCache/com.unity.ai.assistant@6fee27370e6a/Modules/Unity.AI.Tracing/TraceLogger.cs:35)
Unity.AI.MCP.Editor.Helpers.McpLog/<>c__DisplayClass8_0:<LogDelayed>b__0 () (at ./Library/PackageCache/com.unity.ai.assistant@6fee27370e6a/Modules/Unity.AI.MCP.Editor/Helpers/McpLog.cs:74)
Unity.AI.Toolkit.EditorTask/<>c__DisplayClass21_0:<DelayCall>b__0 () (at ./Library/PackageCache/com.unity.ai.assistant@6fee27370e6a/Modules/Unity.AI.Toolkit.Async/EditorTask.cs:375)
UnityEditor.EditorApplication:Internal_CallUpdateFunctions () (at /Users/bokken/build/output/unity/unity/Editor/Mono/EditorApplication.cs:403)

(Filename: ./Library/PackageCache/com.unity.ai.assistant@6fee27370e6a/Modules/Unity.AI.Tracing/TraceSinks.cs Line: 313)

[UiShellPresentation] stage=CompletionFlushed sequence=1 kind=EnterMenu region=None
UnityEngine.Debug:ExtractStackTraceNoAlloc (byte*,int,string)
UnityEngine.StackTraceUtility:ExtractStackTrace () (at /Users/bokken/build/output/unity/unity/Runtime/Export/Scripting/StackTrace.cs:35)
UnityEngine.DebugLogHandler:Internal_Log (UnityEngine.LogType,UnityEngine.LogOption,string,UnityEngine.Object)
UnityEngine.DebugLogHandler:LogFormat (UnityEngine.LogType,UnityEngine.Object,string,object[])
UnityEngine.Logger:Log (UnityEngine.LogType,object,UnityEngine.Object)
UnityEngine.Debug:Log (object,UnityEngine.Object)
Game.Composition.UiDiagnosticsComposition:Report (Game.UI.Contracts.UiDiagnosticSeverity,string,UnityEngine.Object) (at Assets/Game/Scripts/Composition/UiDiagnosticsComposition.cs:17)
Game.UI.Contracts.UiDiagnostics:Info (string,UnityEngine.Object) (at Assets/Game/Scripts/UI/Contracts/UiDiagnostics.cs:14)
Game.UI.Runtime.UIShellEcsPresentationSystem:LogTransition (string,Game.UI.Contracts.UiShellTransitionCompleteModel) (at Assets/Game/Scripts/UI/Shell/UIShellEcsPresentationSystem.cs:146)
Game.UI.Runtime.UIShellEcsPresentationSystem:FlushPendingCompletion () (at Assets/Game/Scripts/UI/Shell/UIShellEcsPresentationSystem.cs:129)
Game.UI.Runtime.UIShellEcsPresentationSystem:Update () (at Assets/Game/Scripts/UI/Shell/UIShellEcsPresentationSystem.cs:67)

(Filename: Assets/Game/Scripts/Composition/UiDiagnosticsComposition.cs Line: 17)

[Licensing::Client] Successfully resolved entitlement details
[Licensing::Client] Successfully resolved entitlement details
[SkirmishS002AriaRun] queued catalog=S003 seed=104732 hash=8EBD0DBC acceptance=Pending normal_speed=1
UnityEngine.Debug:ExtractStackTraceNoAlloc (byte*,int,string)
UnityEngine.StackTraceUtility:ExtractStackTrace () (at /Users/bokken/build/output/unity/unity/Runtime/Export/Scripting/StackTrace.cs:35)
UnityEngine.DebugLogHandler:Internal_Log (UnityEngine.LogType,UnityEngine.LogOption,string,UnityEngine.Object)
UnityEngine.DebugLogHandler:LogFormat (UnityEngine.LogType,UnityEngine.Object,string,object[])
UnityEngine.Logger:Log (UnityEngine.LogType,object)
UnityEngine.Debug:Log (object)
Game.Editor.SkirmishS002AriaRunHarness:TryQueueExpanded (Unity.Entities.EntityManager) (at Assets/Game/Scripts/Editor/Skirmish/SkirmishS002AriaRunHarness.cs:700)
Game.Editor.SkirmishS002AriaRunHarness:Tick () (at Assets/Game/Scripts/Editor/Skirmish/SkirmishS002AriaRunHarness.cs:459)
UnityEditor.EditorApplication:Internal_CallUpdateFunctions () (at /Users/bokken/build/output/unity/unity/Editor/Mono/EditorApplication.cs:403)

(Filename: Assets/Game/Scripts/Editor/Skirmish/SkirmishS002AriaRunHarness.cs Line: 700)

[SkirmishS002AriaRun] selected catalog=S003 definition=skirmish.s003 version=2 size=Standard difficulty=Regular seed=104732 locale=en
UnityEngine.Debug:ExtractStackTraceNoAlloc (byte*,int,string)
UnityEngine.StackTraceUtility:ExtractStackTrace () (at /Users/bokken/build/output/unity/unity/Runtime/Export/Scripting/StackTrace.cs:35)
UnityEngine.DebugLogHandler:Internal_Log (UnityEngine.LogType,UnityEngine.LogOption,string,UnityEngine.Object)
UnityEngine.DebugLogHandler:LogFormat (UnityEngine.LogType,UnityEngine.Object,string,object[])
UnityEngine.Logger:Log (UnityEngine.LogType,object)
UnityEngine.Debug:Log (object)
Game.Editor.SkirmishS002AriaRunHarness:Tick () (at Assets/Game/Scripts/Editor/Skirmish/SkirmishS002AriaRunHarness.cs:467)
UnityEditor.EditorApplication:Internal_CallUpdateFunctions () (at /Users/bokken/build/output/unity/unity/Editor/Mono/EditorApplication.cs:403)

(Filename: Assets/Game/Scripts/Editor/Skirmish/SkirmishS002AriaRunHarness.cs Line: 467)

[SkirmishAcceptanceCensus] result=Passed catalog=S003 definition=skirmish.s003 version=2 code=c9e2f36d1fc88b34a0b828e83fb3bd9d90ba7e80e1813e4dd7e0c73dca13eb04 config=8bf2489a034696aaf43f22dee3cab5210ec7630246a9ae882a596e1fbc7763a1 setup=8EBD0DBC seed=104732 playable=0
UnityEngine.Debug:ExtractStackTraceNoAlloc (byte*,int,string)
UnityEngine.StackTraceUtility:ExtractStackTrace () (at /Users/bokken/build/output/unity/unity/Runtime/Export/Scripting/StackTrace.cs:35)
UnityEngine.DebugLogHandler:Internal_Log (UnityEngine.LogType,UnityEngine.LogOption,string,UnityEngine.Object)
UnityEngine.DebugLogHandler:LogFormat (UnityEngine.LogType,UnityEngine.Object,string,object[])
UnityEngine.Logger:Log (UnityEngine.LogType,object)
UnityEngine.Debug:Log (object)
Game.Editor.SkirmishS002AriaRunHarness:Tick () (at Assets/Game/Scripts/Editor/Skirmish/SkirmishS002AriaRunHarness.cs:469)
UnityEditor.EditorApplication:Internal_CallUpdateFunctions () (at /Users/bokken/build/output/unity/unity/Editor/Mono/EditorApplication.cs:403)

(Filename: Assets/Game/Scripts/Editor/Skirmish/SkirmishS002AriaRunHarness.cs Line: 469)

'Game.Runtime.SkirmishCheckpointSystem' creates a query during OnUpdate. Please create queries in OnCreate and store them in the system for use in OnUpdate instead. This is significantly faster.
UnityEngine.Debug:ExtractStackTraceNoAlloc (byte*,int,string)
UnityEngine.StackTraceUtility:ExtractStackTrace () (at /Users/bokken/build/output/unity/unity/Runtime/Export/Scripting/StackTrace.cs:35)
UnityEngine.DebugLogHandler:Internal_Log (UnityEngine.LogType,UnityEngine.LogOption,string,UnityEngine.Object)
UnityEngine.DebugLogHandler:LogFormat (UnityEngine.LogType,UnityEngine.Object,string,object[])
UnityEngine.Logger:Log (UnityEngine.LogType,object)
UnityEngine.Debug:LogWarning (object)
Unity.Debug:LogWarning (object) (at ./Library/PackageCache/com.unity.entities@bab66ffaba49/Unity.Entities/Stubs/Unity/Debug.cs:13)
Unity.Entities.SystemState:CheckOnUpdate_Query () (at ./Library/PackageCache/com.unity.entities@bab66ffaba49/Unity.Entities/SystemState.cs:551)
Unity.Entities.SystemState:GetEntityQuery (Unity.Entities.ComponentType) (at ./Library/PackageCache/com.unity.entities@bab66ffaba49/Unity.Entities/SystemState.cs:834)
Game.Runtime.SkirmishCheckpointSystem:OnUpdate (Unity.Entities.SystemState&) (at Assets/Game/Scripts/Runtime/Skirmish/SkirmishCheckpointSystem.cs:23)
Game.Runtime.SkirmishCheckpointSystem:__codegen__OnUpdate (intptr,intptr)
Unity.Entities.SystemBaseRegistry/<>c__DisplayClass9_0:<SelectBurstFn>b__0 (intptr,intptr) (at ./Library/PackageCache/com.unity.entities@bab66ffaba49/Unity.Entities/SystemBaseRegistry.cs:251)
Unity.Entities.WorldUnmanagedImpl/Unity.Entities.UnmanagedUpdate_000015A0$BurstDirectCall:Invoke (void*)
Unity.Entities.WorldUnmanagedImpl:UnmanagedUpdate (void*)
Unity.Entities.WorldUnmanagedImpl:UpdateSystem (Unity.Entities.SystemHandle) (at ./Library/PackageCache/com.unity.entities@bab66ffaba49/Unity.Entities/WorldUnmanaged.cs:942)
Unity.Entities.ComponentSystemGroup:UpdateAllSystems () (at ./Library/PackageCache/com.unity.entities@bab66ffaba49/Unity.Entities/ComponentSystemGroup.cs:725)
Unity.Entities.ComponentSystemGroup:OnUpdate () (at ./Library/PackageCache/com.unity.entities@bab66ffaba49/Unity.Entities/ComponentSystemGroup.cs:687)
Unity.Entities.SystemBase:Update () (at ./Library/PackageCache/com.unity.entities@bab66ffaba49/Unity.Entities/SystemBase.cs:205)
Unity.Entities.ScriptBehaviourUpdateOrder/DummyDelegateWrapper:TriggerUpdate () (at ./Library/PackageCache/com.unity.entities@bab66ffaba49/Unity.Entities/ScriptBehaviourUpdateOrder.cs:523)

(Filename: ./Library/PackageCache/com.unity.entities@bab66ffaba49/Unity.Entities/Stubs/Unity/Debug.cs Line: 13)

'Game.Runtime.SkirmishSessionCleanupSystem' creates a query during OnUpdate. Please create queries in OnCreate and store them in the system for use in OnUpdate instead. This is significantly faster.
UnityEngine.Debug:ExtractStackTraceNoAlloc (byte*,int,string)
UnityEngine.StackTraceUtility:ExtractStackTrace () (at /Users/bokken/build/output/unity/unity/Runtime/Export/Scripting/StackTrace.cs:35)
UnityEngine.DebugLogHandler:Internal_Log (UnityEngine.LogType,UnityEngine.LogOption,string,UnityEngine.Object)
UnityEngine.DebugLogHandler:LogFormat (UnityEngine.LogType,UnityEngine.Object,string,object[])
UnityEngine.Logger:Log (UnityEngine.LogType,object)
UnityEngine.Debug:LogWarning (object)
Unity.Debug:LogWarning (object) (at ./Library/PackageCache/com.unity.entities@bab66ffaba49/Unity.Entities/Stubs/Unity/Debug.cs:13)
Unity.Entities.SystemState:CheckOnUpdate_Query () (at ./Library/PackageCache/com.unity.entities@bab66ffaba49/Unity.Entities/SystemState.cs:551)
Unity.Entities.SystemState:GetEntityQuery (Unity.Entities.ComponentType) (at ./Library/PackageCache/com.unity.entities@bab66ffaba49/Unity.Entities/SystemState.cs:834)
Game.Runtime.SkirmishSessionCleanupSystem:OnUpdate (Unity.Entities.SystemState&) (at Assets/Game/Scripts/Runtime/Skirmish/SkirmishSessionCleanupSystem.cs:22)
Game.Runtime.SkirmishSessionCleanupSystem:__codegen__OnUpdate (intptr,intptr)
Unity.Entities.SystemBaseRegistry/<>c__DisplayClass9_0:<SelectBurstFn>b__0 (intptr,intptr) (at ./Library/PackageCache/com.unity.entities@bab66ffaba49/Unity.Entities/SystemBaseRegistry.cs:251)
Unity.Entities.WorldUnmanagedImpl/Unity.Entities.UnmanagedUpdate_000015A0$BurstDirectCall:Invoke (void*)
Unity.Entities.WorldUnmanagedImpl:UnmanagedUpdate (void*)
Unity.Entities.WorldUnmanagedImpl:UpdateSystem (Unity.Entities.SystemHandle) (at ./Library/PackageCache/com.unity.entities@bab66ffaba49/Unity.Entities/WorldUnmanaged.cs:942)
Unity.Entities.ComponentSystemGroup:UpdateAllSystems () (at ./Library/PackageCache/com.unity.entities@bab66ffaba49/Unity.Entities/ComponentSystemGroup.cs:725)
Unity.Entities.ComponentSystemGroup:OnUpdate () (at ./Library/PackageCache/com.unity.entities@bab66ffaba49/Unity.Entities/ComponentSystemGroup.cs:687)
Unity.Entities.SystemBase:Update () (at ./Library/PackageCache/com.unity.entities@bab66ffaba49/Unity.Entities/SystemBase.cs:205)
Unity.Entities.ScriptBehaviourUpdateOrder/DummyDelegateWrapper:TriggerUpdate () (at ./Library/PackageCache/com.unity.entities@bab66ffaba49/Unity.Entities/ScriptBehaviourUpdateOrder.cs:523)

(Filename: ./Library/PackageCache/com.unity.entities@bab66ffaba49/Unity.Entities/Stubs/Unity/Debug.cs Line: 13)

[INFO ] [relay] relay.startup port=9001 mcpClientPort=9002 editorPid=99211
[INFO ] [relay] log === RELAY SERVER STARTED === (unity-ai-relay v1.0.12-build.96)
[INFO ] [relay] log Starting relay server...
[INFO ] [relay] log Command line arguments: ["bun","/$bunfs/root/relay_mac_arm64","--relay","--port","9001","--mcp-client-port","9002","--editor-pid","99211","--shutdown-delay","180","--log-dir","/Users/farhad/Projects/WarlineCapture/Logs"]
[INFO ] [relay] log Parsed config: {"port":9001,"mcpClientPort":9002,"editorPid":"99211","shutdownDelaySeconds":180}
[INFO ] [relay] log Initializing relay components...
[INFO ] [relay] log Creating RelayEditor...
[INFO ] [relay] log WebSocket server started
[INFO ] [relay] log Relay server initialization completed
[INFO ] [relay] log MCP Client initialized at port: 9002
[INFO ] [relay] log Unity MCP Relay server started | Port: 9002 | Endpoints: /mcp/start-server, /mcp/stop-server, /mcp/server-status, /mcp/call-tool
[INFO ] [relay] log [shell-env] PATH augmented with shell environment (20 entries)
[INFO ] [relay] log Unity client connected with ID: editor-99211-bbz2l2 (relay 1.0.12-build.96)
[INFO ] [relay] connection.established clientId=editor-99211-bbz2l2 port=9001
[UiShellPresentation] stage=CommandStarted sequence=2 kind=ExitMenu region=None route=Match
UnityEngine.Debug:ExtractStackTraceNoAlloc (byte*,int,string)
UnityEngine.StackTraceUtility:ExtractStackTrace () (at /Users/bokken/build/output/unity/unity/Runtime/Export/Scripting/StackTrace.cs:35)
UnityEngine.DebugLogHandler:Internal_Log (UnityEngine.LogType,UnityEngine.LogOption,string,UnityEngine.Object)
UnityEngine.DebugLogHandler:LogFormat (UnityEngine.LogType,UnityEngine.Object,string,object[])
UnityEngine.Logger:Log (UnityEngine.LogType,object,UnityEngine.Object)
UnityEngine.Debug:Log (object,UnityEngine.Object)
Game.Composition.UiDiagnosticsComposition:Report (Game.UI.Contracts.UiDiagnosticSeverity,string,UnityEngine.Object) (at Assets/Game/Scripts/Composition/UiDiagnosticsComposition.cs:17)
Game.UI.Contracts.UiDiagnostics:Info (string,UnityEngine.Object) (at Assets/Game/Scripts/UI/Contracts/UiDiagnostics.cs:14)
Game.UI.Runtime.UIShellEcsPresentationSystem:LogTransition (string,Game.UI.Contracts.UiShellPresentationCommandModel) (at Assets/Game/Scripts/UI/Shell/UIShellEcsPresentationSystem.cs:138)
Game.UI.Runtime.UIShellEcsPresentationSystem:Update () (at Assets/Game/Scripts/UI/Shell/UIShellEcsPresentationSystem.cs:87)

(Filename: Assets/Game/Scripts/Composition/UiDiagnosticsComposition.cs Line: 17)

[UiShellPresentation] stage=CommandCompleted sequence=2 kind=ExitMenu region=None route=Match
UnityEngine.Debug:ExtractStackTraceNoAlloc (byte*,int,string)
UnityEngine.StackTraceUtility:ExtractStackTrace () (at /Users/bokken/build/output/unity/unity/Runtime/Export/Scripting/StackTrace.cs:35)
UnityEngine.DebugLogHandler:Internal_Log (UnityEngine.LogType,UnityEngine.LogOption,string,UnityEngine.Object)
UnityEngine.DebugLogHandler:LogFormat (UnityEngine.LogType,UnityEngine.Object,string,object[])
UnityEngine.Logger:Log (UnityEngine.LogType,object,UnityEngine.Object)
UnityEngine.Debug:Log (object,UnityEngine.Object)
Game.Composition.UiDiagnosticsComposition:Report (Game.UI.Contracts.UiDiagnosticSeverity,string,UnityEngine.Object) (at Assets/Game/Scripts/Composition/UiDiagnosticsComposition.cs:17)
Game.UI.Contracts.UiDiagnostics:Info (string,UnityEngine.Object) (at Assets/Game/Scripts/UI/Contracts/UiDiagnostics.cs:14)
Game.UI.Runtime.UIShellEcsPresentationSystem:LogTransition (string,Game.UI.Contracts.UiShellPresentationCommandModel) (at Assets/Game/Scripts/UI/Shell/UIShellEcsPresentationSystem.cs:138)
Game.UI.Runtime.UIShellEcsPresentationSystem/<>c__DisplayClass24_0:<Update>b__0 (int) (at Assets/Game/Scripts/UI/Shell/UIShellEcsPresentationSystem.cs:100)
Game.UI.Runtime.UIShellView/<>c__DisplayClass19_0:<ExecuteCommandSequence>b__0 () (at Assets/Game/Scripts/UI/Shell/UIShellView.cs:98)
Game.UI.Runtime.UIMotionHostView/<SequenceRoutine>d__32:MoveNext () (at Assets/Game/Scripts/UI/Shell/UIMotionHostView.cs:268)
UnityEngine.SetupCoroutine:InvokeMoveNext (System.Collections.IEnumerator,intptr) (at /Users/bokken/build/output/unity/unity/Runtime/Export/Scripting/Coroutines.cs:17)

(Filename: Assets/Game/Scripts/Composition/UiDiagnosticsComposition.cs Line: 17)

[UiShellPresentation] stage=CompletionFlushed sequence=2 kind=ExitMenu region=None
UnityEngine.Debug:ExtractStackTraceNoAlloc (byte*,int,string)
UnityEngine.StackTraceUtility:ExtractStackTrace () (at /Users/bokken/build/output/unity/unity/Runtime/Export/Scripting/StackTrace.cs:35)
UnityEngine.DebugLogHandler:Internal_Log (UnityEngine.LogType,UnityEngine.LogOption,string,UnityEngine.Object)
UnityEngine.DebugLogHandler:LogFormat (UnityEngine.LogType,UnityEngine.Object,string,object[])
UnityEngine.Logger:Log (UnityEngine.LogType,object,UnityEngine.Object)
UnityEngine.Debug:Log (object,UnityEngine.Object)
Game.Composition.UiDiagnosticsComposition:Report (Game.UI.Contracts.UiDiagnosticSeverity,string,UnityEngine.Object) (at Assets/Game/Scripts/Composition/UiDiagnosticsComposition.cs:17)
Game.UI.Contracts.UiDiagnostics:Info (string,UnityEngine.Object) (at Assets/Game/Scripts/UI/Contracts/UiDiagnostics.cs:14)
Game.UI.Runtime.UIShellEcsPresentationSystem:LogTransition (string,Game.UI.Contracts.UiShellTransitionCompleteModel) (at Assets/Game/Scripts/UI/Shell/UIShellEcsPresentationSystem.cs:146)
Game.UI.Runtime.UIShellEcsPresentationSystem:FlushPendingCompletion () (at Assets/Game/Scripts/UI/Shell/UIShellEcsPresentationSystem.cs:129)
Game.UI.Runtime.UIShellEcsPresentationSystem:Update () (at Assets/Game/Scripts/UI/Shell/UIShellEcsPresentationSystem.cs:67)

(Filename: Assets/Game/Scripts/Composition/UiDiagnosticsComposition.cs Line: 17)

[UiShellRoute] submitted deferred Match scene load request after loading feedback.
UnityEngine.Debug:ExtractStackTraceNoAlloc (byte*,int,string)
UnityEngine.StackTraceUtility:ExtractStackTrace () (at /Users/bokken/build/output/unity/unity/Runtime/Export/Scripting/StackTrace.cs:35)
UnityEngine.DebugLogHandler:Internal_Log (UnityEngine.LogType,UnityEngine.LogOption,string,UnityEngine.Object)
UnityEngine.DebugLogHandler:LogFormat (UnityEngine.LogType,UnityEngine.Object,string,object[])
UnityEngine.Logger:Log (UnityEngine.LogType,object)
UnityEngine.Debug:Log (object)
Game.Composition.MenuBootstrapCompositionSystemHelper:QueueDeferredMatchLoadAfterLoadingFeedback (Unity.Entities.EntityManager,Game.UI.Shell.Contracts.Ecs.UiShellStateComponent) (at Assets/Game/Scripts/Composition/MenuBootstrapCompositionSystemHelper.cs:643)
Game.Composition.MenuBootstrapCompositionSystemHelper:Update (Game.Composition.MenuBootstrapView,single) (at Assets/Game/Scripts/Composition/MenuBootstrapCompositionSystemHelper.cs:157)
Game.Composition.MenuBootstrapView:Update () (at Assets/Game/Scripts/Composition/MenuBootstrapView.cs:174)

(Filename: Assets/Game/Scripts/Composition/MenuBootstrapCompositionSystemHelper.cs Line: 643)

[UiShellRoute] submitted deferred Match gameplay start request.
UnityEngine.Debug:ExtractStackTraceNoAlloc (byte*,int,string)
UnityEngine.StackTraceUtility:ExtractStackTrace () (at /Users/bokken/build/output/unity/unity/Runtime/Export/Scripting/StackTrace.cs:35)
UnityEngine.DebugLogHandler:Internal_Log (UnityEngine.LogType,UnityEngine.LogOption,string,UnityEngine.Object)
UnityEngine.DebugLogHandler:LogFormat (UnityEngine.LogType,UnityEngine.Object,string,object[])
UnityEngine.Logger:Log (UnityEngine.LogType,object)
UnityEngine.Debug:Log (object)
Game.Composition.MenuBootstrapCompositionSystemHelper:QueueDeferredMatchLoadAfterLoadingFeedback (Unity.Entities.EntityManager,Game.UI.Shell.Contracts.Ecs.UiShellStateComponent) (at Assets/Game/Scripts/Composition/MenuBootstrapCompositionSystemHelper.cs:658)
Game.Composition.MenuBootstrapCompositionSystemHelper:Update (Game.Composition.MenuBootstrapView,single) (at Assets/Game/Scripts/Composition/MenuBootstrapCompositionSystemHelper.cs:157)
Game.Composition.MenuBootstrapView:Update () (at Assets/Game/Scripts/Composition/MenuBootstrapView.cs:174)

(Filename: Assets/Game/Scripts/Composition/MenuBootstrapCompositionSystemHelper.cs Line: 658)

Android Extension - Scanning For ADB Devices 3196 ms
[OperationMapLaunchIdentity] source=Compatibility mission=skirmish.base_assault scenario=scenario.skirmish.desert_base_standard operationMap=opmap.skirmish.desert_base_01
UnityEngine.Debug:ExtractStackTraceNoAlloc (byte*,int,string)
UnityEngine.StackTraceUtility:ExtractStackTrace () (at /Users/bokken/build/output/unity/unity/Runtime/Export/Scripting/StackTrace.cs:35)
UnityEngine.DebugLogHandler:Internal_Log (UnityEngine.LogType,UnityEngine.LogOption,string,UnityEngine.Object)
UnityEngine.DebugLogHandler:LogFormat (UnityEngine.LogType,UnityEngine.Object,string,object[])
UnityEngine.Logger:Log (UnityEngine.LogType,object)
UnityEngine.Debug:Log (object)
Game.Composition.MatchSceneView:TryResolveOperationMapDefinition (Unity.Entities.World,Game.Configs.OperationMapDefinition&,bool&,Game.Components.OperationMapLoadResultCode&,string&) (at Assets/Game/Scripts/Composition/MatchSceneView.OperationMapLifecycle.cs:377)
Game.Composition.MatchSceneView:EnsureOperationMapSourceSceneLoad () (at Assets/Game/Scripts/Composition/MatchSceneView.OperationMapLifecycle.cs:314)
Game.Composition.MatchSceneView:EnsureMatchRuntimeBound () (at Assets/Game/Scripts/Composition/MatchSceneView.OperationMapLifecycle.cs:19)
Game.Composition.MatchSceneView:Awake () (at Assets/Game/Scripts/Composition/MatchSceneView.cs:229)

(Filename: Assets/Game/Scripts/Composition/MatchSceneView.OperationMapLifecycle.cs Line: 377)

Android Extension - Scanning For ADB Devices 93 ms
Loaded scene 'Assets/Game/Scenes/Match.unity'
	Deserialize:            164.704 ms
	Integration:            94.532 ms
	Integration of assets:  6.521 ms
	Thread Wait Time:       28.755 ms
	Total Operation Time:   294.513 ms
[TIMING] Validation took 2812ms
  at Unity.AI.MCP.Editor.Bridge.ValidateAndApproveAsync (Unity.AI.MCP.Editor.Connection.IConnectionTransport transport, System.Threading.CancellationToken token, System.Boolean isBatchMode) [0x0014d] in ./Library/PackageCache/com.unity.ai.assistant@6fee27370e6a/Modules/Unity.AI.MCP.Editor/Bridge.cs:1052 
  at System.Runtime.CompilerServices.AsyncMethodBuilderCore+MoveNextRunner.InvokeMoveNext (System.Object stateMachine) [0x00000] in <299d5c9ae27b4d27af003e5f456f4b13>:0 
  at System.Threading.ExecutionContext.RunInternal (System.Threading.ExecutionContext executionContext, System.Threading.ContextCallback callback, System.Object state, System.Boolean preserveSyncCtx) [0x00000] in <299d5c9ae27b4d27af003e5f456f4b13>:0 
  at System.Threading.ExecutionContext.Run (System.Threading.ExecutionContext executionContext, System.Threading.ContextCallback callback, System.Object state, System.Boolean preserveSyncCtx) [0x00000] in <299d5c9ae27b4d27af003e5f456f4b13>:0 
  at System.Runtime.CompilerServices.AsyncMethodBuilderCore+MoveNextRunner.Run () [0x00000] in <299d5c9ae27b4d27af003e5f456f4b13>:0 
  at System.Threading.Tasks.AwaitTaskContinuation.RunOrScheduleAction (System.Action action, System.Boolean allowInlining, System.Threading.Tasks.Task& currentTask) [0x00000] in <299d5c9ae27b4d27af003e5f456f4b13>:0 
  at System.Threading.Tasks.Task.FinishContinuations () [0x00000] in <299d5c9ae27b4d27af003e5f456f4b13>:0 
  at System.Threading.Tasks.Task.FinishStageThree () [0x00000] in <299d5c9ae27b4d27af003e5f456f4b13>:0 
  at System.Threading.Tasks.Task.FinishStageTwo () [0x00000] in <299d5c9ae27b4d27af003e5f456f4b13>:0 
  at System.Threading.Tasks.Task.Finish (System.Boolean bUserDelegateExecuted) [0x00000] in <299d5c9ae27b4d27af003e5f456f4b13>:0 
  at System.Threading.Tasks.Task.ExecuteWithThreadLocal (System.Threading.Tasks.Task& currentTaskSlot) [0x00000] in <299d5c9ae27b4d27af003e5f456f4b13>:0 
  at System.Threading.Tasks.Task.ExecuteEntry (System.Boolean bPreventDoubleExecution) [0x00000] in <299d5c9ae27b4d27af003e5f456f4b13>:0 
  at System.Threading.Tasks.Task.System.Threading.IThreadPoolWorkItem.ExecuteWorkItem () [0x00000] in <299d5c9ae27b4d27af003e5f456f4b13>:0 
  at System.Threading.ThreadPoolWorkQueue.Dispatch () [0x00000] in <299d5c9ae27b4d27af003e5f456f4b13>:0 
  at System.Threading._ThreadPoolWaitCallback.PerformWaitCallback () [0x00000] in <299d5c9ae27b4d27af003e5f456f4b13>:0 
UnityEngine.Debug:ExtractStackTraceNoAlloc (byte*,int,string)
UnityEngine.StackTraceUtility:ExtractStackTrace () (at /Users/bokken/build/output/unity/unity/Runtime/Export/Scripting/StackTrace.cs:35)
UnityEngine.DebugLogHandler:Internal_Log (UnityEngine.LogType,UnityEngine.LogOption,string,UnityEngine.Object)
UnityEngine.DebugLogHandler:LogFormat (UnityEngine.LogType,UnityEngine.Object,string,object[])
UnityEngine.Logger:Log (UnityEngine.LogType,object)
UnityEngine.Debug:Log (object)
Unity.AI.Tracing.ConsoleSink:LogToConsole (string,string,System.Exception) (at ./Library/PackageCache/com.unity.ai.assistant@6fee27370e6a/Modules/Unity.AI.Tracing/TraceSinks.cs:313)
Unity.AI.Tracing.ConsoleSink:Write (Unity.AI.Tracing.TraceEvent) (at ./Library/PackageCache/com.unity.ai.assistant@6fee27370e6a/Modules/Unity.AI.Tracing/TraceSinks.cs:277)
Unity.AI.Tracing.TraceWriter:WriteEventInternal (string,string,Unity.AI.Tracing.TraceEventOptions,string,System.Nullable`1<int>) (at ./Library/PackageCache/com.unity.ai.assistant@6fee27370e6a/Modules/Unity.AI.Tracing/TraceWriter.cs:373)
Unity.AI.Tracing.TraceWriter:Event (string,Unity.AI.Tracing.TraceEventOptions) (at ./Library/PackageCache/com.unity.ai.assistant@6fee27370e6a/Modules/Unity.AI.Tracing/TraceWriter.cs:297)
Unity.AI.Tracing.TraceLogger:Emit (string,string,string,string,Unity.AI.Tracing.TraceEventOptions,object,System.Exception) (at ./Library/PackageCache/com.unity.ai.assistant@6fee27370e6a/Modules/Unity.AI.Tracing/TraceLogger.cs:105)
Unity.AI.Tracing.TraceLogger:Info (string,string,string,Unity.AI.Tracing.TraceEventOptions) (at ./Library/PackageCache/com.unity.ai.assistant@6fee27370e6a/Modules/Unity.AI.Tracing/TraceLogger.cs:35)
Unity.AI.MCP.Editor.Helpers.McpLog/<>c__DisplayClass8_0:<LogDelayed>b__0 () (at ./Library/PackageCache/com.unity.ai.assistant@6fee27370e6a/Modules/Unity.AI.MCP.Editor/Helpers/McpLog.cs:74)
Unity.AI.Toolkit.EditorTask/<>c__DisplayClass21_0:<DelayCall>b__0 () (at ./Library/PackageCache/com.unity.ai.assistant@6fee27370e6a/Modules/Unity.AI.Toolkit.Async/EditorTask.cs:375)
UnityEditor.EditorApplication:Internal_CallUpdateFunctions () (at /Users/bokken/build/output/unity/unity/Editor/Mono/EditorApplication.cs:403)

(Filename: ./Library/PackageCache/com.unity.ai.assistant@6fee27370e6a/Modules/Unity.AI.Tracing/TraceSinks.cs Line: 313)

=== Connection Info ===
MCP Server:
  PID: 89462
  Name: relay_mac_arm64
  Executable: /Users/farhad/.unity/relay/relay_mac_arm64.app/Contents/MacOS/relay_mac_arm64
  Hash: 503e2659185f02de...
  Signed: Yes
  Publisher: 9QW8UQUTAA
  Signature Valid: Yes
  Validation: Pending
  Reason: Awaiting user approval
MCP Client:
  Name: codex
  PID: 31333
  Executable: /Applications/ChatGPT.app/Contents/Resources/codex
  Chain depth: 1 (walked up 1 level)
======================
  at Unity.AI.MCP.Editor.Bridge.LogConnectionDecision (Unity.AI.MCP.Editor.Security.ValidationDecision decision) [0x002aa] in ./Library/PackageCache/com.unity.ai.assistant@6fee27370e6a/Modules/Unity.AI.MCP.Editor/Bridge.cs:2039 
  at Unity.AI.MCP.Editor.Bridge.ValidateAndApproveAsync (Unity.AI.MCP.Editor.Connection.IConnectionTransport transport, System.Threading.CancellationToken token, System.Boolean isBatchMode) [0x0019b] in ./Library/PackageCache/com.unity.ai.assistant@6fee27370e6a/Modules/Unity.AI.MCP.Editor/Bridge.cs:1058 
  at System.Runtime.CompilerServices.AsyncMethodBuilderCore+MoveNextRunner.InvokeMoveNext (System.Object stateMachine) [0x00000] in <299d5c9ae27b4d27af003e5f456f4b13>:0 
  at System.Threading.ExecutionContext.RunInternal (System.Threading.ExecutionContext executionContext, System.Threading.ContextCallback callback, System.Object state, System.Boolean preserveSyncCtx) [0x00000] in <299d5c9ae27b4d27af003e5f456f4b13>:0 
  at System.Threading.ExecutionContext.Run (System.Threading.ExecutionContext executionContext, System.Threading.ContextCallback callback, System.Object state, System.Boolean preserveSyncCtx) [0x00000] in <299d5c9ae27b4d27af003e5f456f4b13>:0 
  at System.Runtime.CompilerServices.AsyncMethodBuilderCore+MoveNextRunner.Run () [0x00000] in <299d5c9ae27b4d27af003e5f456f4b13>:0 
  at System.Threading.Tasks.AwaitTaskContinuation.RunOrScheduleAction (System.Action action, System.Boolean allowInlining, System.Threading.Tasks.Task& currentTask) [0x00000] in <299d5c9ae27b4d27af003e5f456f4b13>:0 
  at System.Threading.Tasks.Task.FinishContinuations () [0x00000] in <299d5c9ae27b4d27af003e5f456f4b13>:0 
  at System.Threading.Tasks.Task.FinishStageThree () [0x00000] in <299d5c9ae27b4d27af003e5f456f4b13>:0 
  at System.Threading.Tasks.Task.FinishStageTwo () [0x00000] in <299d5c9ae27b4d27af003e5f456f4b13>:0 
  at System.Threading.Tasks.Task.Finish (System.Boolean bUserDelegateExecuted) [0x00000] in <299d5c9ae27b4d27af003e5f456f4b13>:0 
  at System.Threading.Tasks.Task.ExecuteWithThreadLocal (System.Threading.Tasks.Task& currentTaskSlot) [0x00000] in <299d5c9ae27b4d27af003e5f456f4b13>:0 
  at System.Threading.Tasks.Task.ExecuteEntry (System.Boolean bPreventDoubleExecution) [0x00000] in <299d5c9ae27b4d27af003e5f456f4b13>:0 
  at System.Threading.Tasks.Task.System.Threading.IThreadPoolWorkItem.ExecuteWorkItem () [0x00000] in <299d5c9ae27b4d27af003e5f456f4b13>:0 
  at System.Threading.ThreadPoolWorkQueue.Dispatch () [0x00000] in <299d5c9ae27b4d27af003e5f456f4b13>:0 
  at System.Threading._ThreadPoolWaitCallback.PerformWaitCallback () [0x00000] in <299d5c9ae27b4d27af003e5f456f4b13>:0 
UnityEngine.Debug:ExtractStackTraceNoAlloc (byte*,int,string)
UnityEngine.StackTraceUtility:ExtractStackTrace () (at /Users/bokken/build/output/unity/unity/Runtime/Export/Scripting/StackTrace.cs:35)
UnityEngine.DebugLogHandler:Internal_Log (UnityEngine.LogType,UnityEngine.LogOption,string,UnityEngine.Object)
UnityEngine.DebugLogHandler:LogFormat (UnityEngine.LogType,UnityEngine.Object,string,object[])
UnityEngine.Logger:Log (UnityEngine.LogType,object)
UnityEngine.Debug:Log (object)
Unity.AI.Tracing.ConsoleSink:LogToConsole (string,string,System.Exception) (at ./Library/PackageCache/com.unity.ai.assistant@6fee27370e6a/Modules/Unity.AI.Tracing/TraceSinks.cs:313)
Unity.AI.Tracing.ConsoleSink:Write (Unity.AI.Tracing.TraceEvent) (at ./Library/PackageCache/com.unity.ai.assistant@6fee27370e6a/Modules/Unity.AI.Tracing/TraceSinks.cs:277)
Unity.AI.Tracing.TraceWriter:WriteEventInternal (string,string,Unity.AI.Tracing.TraceEventOptions,string,System.Nullable`1<int>) (at ./Library/PackageCache/com.unity.ai.assistant@6fee27370e6a/Modules/Unity.AI.Tracing/TraceWriter.cs:373)
Unity.AI.Tracing.TraceWriter:Event (string,Unity.AI.Tracing.TraceEventOptions) (at ./Library/PackageCache/com.unity.ai.assistant@6fee27370e6a/Modules/Unity.AI.Tracing/TraceWriter.cs:297)
Unity.AI.Tracing.TraceLogger:Emit (string,string,string,string,Unity.AI.Tracing.TraceEventOptions,object,System.Exception) (at ./Library/PackageCache/com.unity.ai.assistant@6fee27370e6a/Modules/Unity.AI.Tracing/TraceLogger.cs:105)
Unity.AI.Tracing.TraceLogger:Info (string,string,string,Unity.AI.Tracing.TraceEventOptions) (at ./Library/PackageCache/com.unity.ai.assistant@6fee27370e6a/Modules/Unity.AI.Tracing/TraceLogger.cs:35)
Unity.AI.MCP.Editor.Helpers.McpLog/<>c__DisplayClass8_0:<LogDelayed>b__0 () (at ./Library/PackageCache/com.unity.ai.assistant@6fee27370e6a/Modules/Unity.AI.MCP.Editor/Helpers/McpLog.cs:74)
Unity.AI.Toolkit.EditorTask/<>c__DisplayClass21_0:<DelayCall>b__0 () (at ./Library/PackageCache/com.unity.ai.assistant@6fee27370e6a/Modules/Unity.AI.Toolkit.Async/EditorTask.cs:375)
UnityEditor.EditorApplication:Internal_CallUpdateFunctions () (at /Users/bokken/build/output/unity/unity/Editor/Mono/EditorApplication.cs:403)

(Filename: ./Library/PackageCache/com.unity.ai.assistant@6fee27370e6a/Modules/Unity.AI.Tracing/TraceSinks.cs Line: 313)

Loaded scene 'Assets/Game/GeneratedOperationMaps/RuntimeBinding/opmap.skirmish.desert_base_01/opmap_skirmish_desert_base_01_runtime.unity'
	Deserialize:            46.522 ms
	Integration:            1.804 ms
	Integration of assets:  0.002 ms
	Thread Wait Time:       390.729 ms
	Total Operation Time:   439.057 ms
[MapVehicleOwnershipRuntime] phase=CompositionInit configAssigned=1 placements=0 authoringRootAssigned=1 configuredPacked=1
UnityEngine.Debug:ExtractStackTraceNoAlloc (byte*,int,string)
UnityEngine.StackTraceUtility:ExtractStackTrace () (at /Users/bokken/build/output/unity/unity/Runtime/Export/Scripting/StackTrace.cs:35)
UnityEngine.DebugLogHandler:Internal_Log (UnityEngine.LogType,UnityEngine.LogOption,string,UnityEngine.Object)
UnityEngine.DebugLogHandler:LogFormat (UnityEngine.LogType,UnityEngine.Object,string,object[])
UnityEngine.Logger:Log (UnityEngine.LogType,object)
UnityEngine.Debug:Log (object)
Game.Runtime.BuildingGameplayCompositionSystemHelper:Initialize (Game.Configs.BuildingPlacementSystemConfig,UnityEngine.Camera,UnityEngine.Transform,UnityEngine.Transform,Game.Runtime.RoadGridProjectionSystem/RoadFootprintState,Game.Runtime.FactionVisualSettings,Game.Runtime.DayNightSystem,Game.Configs.RTSSelectionSystemConfig,Game.Configs.MapBuildingPlacementConfig,Game.Configs.MapVehiclePlacementConfig,UnityEngine.Transform,UnityEngine.Transform,System.Func`2<UnityEngine.GameObject, UnityEngine.Sprite>,Game.Runtime.BuildingProductionQueueCompositionSystemHelper/TryGetUnitProductionMetadataDelegate,Game.Runtime.BuildingProductionTransportPresentationSystemHelper/PrepareTransportDropVisualDelegate,System.Func`2<UnityEngine.GameObject, string>,Game.Runtime.BuildingDefinitionPrefabSystemHelper/TryGetBuildingDefinitionMetadataDelegate,Game.Runtime.BuildingDefinitionPrefabSystemHelper/TryGetUnitDefinitionMetadataDelegate,bool,System.Func`1<Game.Configs.MapVehiclePlacementConfig>,System.Func`1<UnityEngine.Transform>) (at Assets/Game/Scripts/Systems/BuildingGameplayCompositionSystemHelper.cs:470)
Game.Runtime.ManagedGameplayStartupSystemHelper:Initialize (Unity.Entities.EntityManager,Game.Configs.DayNightSystemConfig,Game.Configs.FactionVisualSettingsConfig,Game.Configs.RoadBuildSystemConfig,Game.Configs.BuildingPlacementSystemConfig,Game.Configs.MapBuildingPlacementConfig,Game.Configs.MapVehiclePlacementConfig,Game.Configs.RTSSelectionSystemConfig,Game.Configs.RuntimeCitySpawnerSystemConfig,Game.Configs.GameStringsConfig,UnityEngine.Camera,UnityEngine.Light,UnityEngine.Rendering.Volume,UnityEngine.Transform,UnityEngine.Transform,System.Func`3<UnityEngine.Transform, Game.Configs.RTSSelectionSystemConfig, Game.UI.Contracts.ISelectionRectangleView>,System.Func`2<UnityEngine.GameObject, UnityEngine.Sprite>,System.Func`2<UnityEngine.GameObject, UnityEngine.Sprite>,Game.Runtime.BuildingProductionQueueCompositionSystemHelper/TryGetUnitProductionMetadataDelegate,Game.Runtime.BuildingProductionTransportPresentationSystemHelper/PrepareTransportDropVisualDelegate,System.Func`2<UnityEngine.GameObject, string>,Game.Runtime.BuildingDefinitionPrefabSystemHelper/TryGetBuildingDefinitionMetadataDelegate,Game.Runtime.BuildingDefinitionPrefabSystemHelper/TryGetUnitDefinitionMetadataDelegate,UnityEngine.Transform,UnityEngine.Transform,Game.UI.Contracts.IMatchIntroStateQuery,bool,System.Func`1<Game.Configs.MapVehiclePlacementConfig>,System.Func`1<UnityEngine.Transform>) (at Assets/Game/Scripts/Systems/ManagedGameplayStartupSystemHelper.cs:177)
Game.Composition.MatchBootstrapCompositionSystemHelper:InitializeManagedRuntime (Game.Configs.DayNightSystemConfig,Game.Configs.FactionVisualSettingsConfig,Game.Configs.RoadBuildSystemConfig,Game.Configs.BuildingPlacementSystemConfig,Game.Configs.MapBuildingPlacementConfig,Game.Configs.MapVehiclePlacementConfig,Game.Configs.RTSSelectionSystemConfig,Game.Configs.RuntimeCitySpawnerSystemConfig,Game.Configs.GameStringsConfig,UnityEngine.Camera,UnityEngine.Light,UnityEngine.Rendering.Volume,UnityEngine.Transform,UnityEngine.Transform,System.Func`3<UnityEngine.Transform, Game.Configs.RTSSelectionSystemConfig, Game.UI.Contracts.ISelectionRectangleView>,UnityEngine.Transform,UnityEngine.Transform,Game.UI.Contracts.IMatchIntroStateQuery,bool) (at Assets/Game/Scripts/Composition/MatchBootstrapCompositionSystemHelper.cs:432)
Game.Composition.MatchBootstrapCompositionSystemHelper:InitializeManagedRuntimeIfNeeded () (at Assets/Game/Scripts/Composition/MatchBootstrapCompositionSystemHelper.cs:765)
Game.Composition.MatchGameplayStartupCompositionSystemHelper:AdvanceStep (Game.Runtime.BuildingRuntimeUpdateCompositionSystemHelper,Game.Runtime.BuildingRuntimeUpdateCompositionSystemHelper/Context&) (at Assets/Game/Scripts/Composition/MatchGameplayStartupCompositionSystemHelper.cs:158)
Game.Composition.MatchGameplayStartupCompositionSystemHelper:Advance (Game.Runtime.BuildingRuntimeUpdateCompositionSystemHelper,Game.Runtime.BuildingRuntimeUpdateCompositionSystemHelper/Context&) (at Assets/Game/Scripts/Composition/MatchGameplayStartupCompositionSystemHelper.cs:112)
Game.Composition.MatchBootstrapCompositionSystemHelper:Update () (at Assets/Game/Scripts/Composition/MatchBootstrapCompositionSystemHelper.cs:186)
Game.Composition.MatchSceneView:Update () (at Assets/Game/Scripts/Composition/MatchSceneView.cs:271)

(Filename: Assets/Game/Scripts/Systems/BuildingGameplayCompositionSystemHelper.cs Line: 470)

[FrameRateDiag:PreGame] fps=2.8 avgFrame=359.1ms updateAvg=0.4ms updateMax=0.4ms cpuFrame=14.3ms cpuMain=6.9ms cpuRender=0.3ms gpu=2.6ms drawCalls=9 batches=0 setPass=28 tris=2127 verts=5955 units=0 models=0 sourceKeys=0 sourceKeyFallbackVisuals=0 initialSpawnConfigs=0 impostors=0 render=screen=1920x1080,batch=0,quality=1:Mobile,vSync=0,targetFps=-1,pipeline=Mobile_RPAsset_MobileCandidate,scale=0.75,msaa=0,camera=Main Camera,cameraData=post:1,aa:FastApproximateAntialiasing,stack:0 memory=alloc=2542MB reserved=3057MB mono=1758MB focused=1 playRequested=0 simulationActive=0 lastSteps=MainMenu=0.2ms stepStats=none topSystems=disabled markers=disabled
[RenderSceneDiag] frame=1458 source=profilerCounters drawCalls=9 batches=0 setPass=28 tris=2127 verts=5955 topSystems=disabled markers=disabled
GPU Resident Drawer disposed.
[OperationMapReadiness] ready=SourceContent, Metadata, MapSurface, PresentationManifest, RequiredPresentationPreload failed=None
UnityEngine.Debug:ExtractStackTraceNoAlloc (byte*,int,string)
UnityEngine.StackTraceUtility:ExtractStackTrace () (at /Users/bokken/build/output/unity/unity/Runtime/Export/Scripting/StackTrace.cs:35)
UnityEngine.DebugLogHandler:Internal_Log (UnityEngine.LogType,UnityEngine.LogOption,string,UnityEngine.Object)
UnityEngine.DebugLogHandler:LogFormat (UnityEngine.LogType,UnityEngine.Object,string,object[])
UnityEngine.Logger:Log (UnityEngine.LogType,object)
UnityEngine.Debug:Log (object)
Game.Composition.MatchSceneView:TryPublishOperationMapReadiness (bool,bool,string&) (at Assets/Game/Scripts/Composition/MatchSceneView.OperationMapLifecycle.cs:277)
Game.Composition.MenuBootstrapCompositionSystemHelper:UpdateStaticMapPresentationForLoadedMatch (bool,Game.Composition.MatchSceneView) (at Assets/Game/Scripts/Composition/MenuBootstrapCompositionSystemHelper.cs:476)
Game.Composition.MenuBootstrapCompositionSystemHelper:UpdateStaticMapPresentation (Unity.Entities.EntityManager,Game.UI.Shell.Contracts.Ecs.UiShellStateComponent) (at Assets/Game/Scripts/Composition/MenuBootstrapCompositionSystemHelper.cs:453)
Game.Composition.MenuBootstrapCompositionSystemHelper:Update (Game.Composition.MenuBootstrapView,single) (at Assets/Game/Scripts/Composition/MenuBootstrapCompositionSystemHelper.cs:150)
Game.Composition.MenuBootstrapView:Update () (at Assets/Game/Scripts/Composition/MenuBootstrapView.cs:174)

(Filename: Assets/Game/Scripts/Composition/MatchSceneView.OperationMapLifecycle.cs Line: 277)

[SkirmishStress] playRequested=1
UnityEngine.Debug:ExtractStackTraceNoAlloc (byte*,int,string)
UnityEngine.StackTraceUtility:ExtractStackTrace () (at /Users/bokken/build/output/unity/unity/Runtime/Export/Scripting/StackTrace.cs:35)
UnityEngine.DebugLogHandler:Internal_Log (UnityEngine.LogType,UnityEngine.LogOption,string,UnityEngine.Object)
UnityEngine.DebugLogHandler:LogFormat (UnityEngine.LogType,UnityEngine.Object,string,object[])
UnityEngine.Logger:Log (UnityEngine.LogType,object)
UnityEngine.Debug:Log (object)
Game.Composition.SkirmishLaunchProjection:TryRequestPlay (Unity.Entities.EntityManager) (at Assets/Game/Scripts/Composition/SkirmishLaunchProjection.cs:224)
Game.Editor.SkirmishS002AriaRunHarness:Tick () (at Assets/Game/Scripts/Editor/Skirmish/SkirmishS002AriaRunHarness.cs:481)
UnityEditor.EditorApplication:Internal_CallUpdateFunctions () (at /Users/bokken/build/output/unity/unity/Editor/Mono/EditorApplication.cs:403)

(Filename: Assets/Game/Scripts/Composition/SkirmishLaunchProjection.cs Line: 224)

Streamed scene with  968ms latency from VirtualArtifacts/Extra/de/dede4d9e3ac774d45c24c8f724c3fec0.0.entities
[RuntimeGridBootstrap] RuntimeGridBootstrap_NoTacticalMapRuntimeLoader_2026-05-26 ready entity=322 size=2048x1024 cellSize=1
UnityEngine.Debug:ExtractStackTraceNoAlloc (byte*,int,string)
UnityEngine.StackTraceUtility:ExtractStackTrace () (at /Users/bokken/build/output/unity/unity/Runtime/Export/Scripting/StackTrace.cs:35)
UnityEngine.DebugLogHandler:Internal_Log (UnityEngine.LogType,UnityEngine.LogOption,string,UnityEngine.Object)
UnityEngine.DebugLogHandler:LogFormat (UnityEngine.LogType,UnityEngine.Object,string,object[])
UnityEngine.Logger:Log (UnityEngine.LogType,object)
UnityEngine.Debug:Log (object)
Game.Runtime.RuntimeGridBootstrapStartupSystemHelper:Ensure (Unity.Entities.EntityManager,int,int,single,UnityEngine.Vector3,UnityEngine.Vector2Int[]) (at Assets/Game/Scripts/Systems/RuntimeGridBootstrapStartupSystemHelper.cs:63)
Game.Composition.MatchBootstrapStartupConfigProjection:ProjectRuntimeStartupConfig (Unity.Entities.World,Game.Runtime.RuntimeGridBootstrapStartupSystemHelper,Game.Composition.MapSurfaceRuntimeBootstrapSceneSystemHelper,Game.Composition.MatchSceneView,Game.Configs.BuildingPlacementSystemConfig,Game.Runtime.AIStartupSystem,System.Collections.Generic.IReadOnlyList`1<Game.Configs.AIControllerConfig>,Game.Configs.AISettingsSnapshot,System.Collections.Generic.List`1<Game.Runtime.InitialFactionSpawnCellFallbackEntry>) (at Assets/Game/Scripts/Composition/MatchBootstrapStartupConfigProjection.cs:49)
Game.Composition.MatchGameplayStartupCompositionSystemHelper:AdvanceStep (Game.Runtime.BuildingRuntimeUpdateCompositionSystemHelper,Game.Runtime.BuildingRuntimeUpdateCompositionSystemHelper/Context&) (at Assets/Game/Scripts/Composition/MatchGameplayStartupCompositionSystemHelper.cs:181)
Game.Composition.MatchGameplayStartupCompositionSystemHelper:Advance (Game.Runtime.BuildingRuntimeUpdateCompositionSystemHelper,Game.Runtime.BuildingRuntimeUpdateCompositionSystemHelper/Context&) (at Assets/Game/Scripts/Composition/MatchGameplayStartupCompositionSystemHelper.cs:112)
Game.Composition.MatchBootstrapCompositionSystemHelper:Update () (at Assets/Game/Scripts/Composition/MatchBootstrapCompositionSystemHelper.cs:186)
Game.Composition.MatchSceneView:Update () (at Assets/Game/Scripts/Composition/MatchSceneView.cs:271)

(Filename: Assets/Game/Scripts/Systems/RuntimeGridBootstrapStartupSystemHelper.cs Line: 63)

[FrameRateDiag:PreGame] fps=3.0 avgFrame=337.2ms updateAvg=11.8ms updateMax=23.0ms cpuFrame=125.2ms cpuMain=120.0ms cpuRender=1.1ms gpu=0.4ms drawCalls=8 batches=0 setPass=27 tris=2125 verts=5951 units=0 models=0 sourceKeys=0 sourceKeyFallbackVisuals=0 initialSpawnConfigs=0 impostors=0 render=screen=1920x1080,batch=0,quality=1:Mobile,vSync=0,targetFps=-1,pipeline=Mobile_RPAsset_MobileCandidate,scale=0.75,msaa=0,camera=Main Camera,cameraData=post:1,aa:FastApproximateAntialiasing,stack:0 memory=alloc=3674MB reserved=4110MB mono=1872MB focused=1 playRequested=1 simulationActive=0 lastSteps=MainMenu=0.6ms stepStats=none topSystems=disabled markers=disabled
Attempted to call .Dispose on an already disposed CancellationTokenSource
Android Extension - Scanning For ADB Devices 120 ms
Streamed scene with 3172ms latency from VirtualArtifacts/Extra/c6/c696ea2557f0ee1dee0e0a80850f5deb.0.entities
[OperationMapReadiness] ready=SourceContent, SubScene, Metadata, MapSurface, AuthoredConversion, PresentationManifest, RequiredPresentationPreload failed=None
UnityEngine.Debug:ExtractStackTraceNoAlloc (byte*,int,string)
UnityEngine.StackTraceUtility:ExtractStackTrace () (at /Users/bokken/build/output/unity/unity/Runtime/Export/Scripting/StackTrace.cs:35)
UnityEngine.DebugLogHandler:Internal_Log (UnityEngine.LogType,UnityEngine.LogOption,string,UnityEngine.Object)
UnityEngine.DebugLogHandler:LogFormat (UnityEngine.LogType,UnityEngine.Object,string,object[])
UnityEngine.Logger:Log (UnityEngine.LogType,object)
UnityEngine.Debug:Log (object)
Game.Composition.MatchSceneView:TryPublishOperationMapReadiness (bool,bool,string&) (at Assets/Game/Scripts/Composition/MatchSceneView.OperationMapLifecycle.cs:277)
Game.Composition.MenuBootstrapCompositionSystemHelper:UpdateStaticMapPresentationForLoadedMatch (bool,Game.Composition.MatchSceneView) (at Assets/Game/Scripts/Composition/MenuBootstrapCompositionSystemHelper.cs:476)
Game.Composition.MenuBootstrapCompositionSystemHelper:UpdateStaticMapPresentation (Unity.Entities.EntityManager,Game.UI.Shell.Contracts.Ecs.UiShellStateComponent) (at Assets/Game/Scripts/Composition/MenuBootstrapCompositionSystemHelper.cs:453)
Game.Composition.MenuBootstrapCompositionSystemHelper:Update (Game.Composition.MenuBootstrapView,single) (at Assets/Game/Scripts/Composition/MenuBootstrapCompositionSystemHelper.cs:150)
Game.Composition.MenuBootstrapView:Update () (at Assets/Game/Scripts/Composition/MenuBootstrapView.cs:174)

(Filename: Assets/Game/Scripts/Composition/MatchSceneView.OperationMapLifecycle.cs Line: 277)

[MapVehicleOwnershipRuntime] phase=RuntimeContextReady configAssigned=1 placements=0 authoringRootAssigned=1 configuredPacked=1 positiveContract=1
UnityEngine.Debug:ExtractStackTraceNoAlloc (byte*,int,string)
UnityEngine.StackTraceUtility:ExtractStackTrace () (at /Users/bokken/build/output/unity/unity/Runtime/Export/Scripting/StackTrace.cs:35)
UnityEngine.DebugLogHandler:Internal_Log (UnityEngine.LogType,UnityEngine.LogOption,string,UnityEngine.Object)
UnityEngine.DebugLogHandler:LogFormat (UnityEngine.LogType,UnityEngine.Object,string,object[])
UnityEngine.Logger:Log (UnityEngine.LogType,object)
UnityEngine.Debug:Log (object)
Game.Runtime.BuildingGameplayCompositionSystemHelper/<>c__DisplayClass16_0:<Initialize>g__EnsureRuntimeTickContext|38 () (at Assets/Game/Scripts/Systems/BuildingGameplayCompositionSystemHelper.cs:486)
Game.Runtime.BuildingGameplayCompositionSystemHelper/<>c__DisplayClass16_0:<Initialize>g__UpdateBuildingStartupTick|39 () (at Assets/Game/Scripts/Systems/BuildingGameplayCompositionSystemHelper.cs:606)
Game.Runtime.BuildingRuntimeUpdateCompositionSystemHelper:UpdateStartup (Game.Runtime.BuildingRuntimeUpdateCompositionSystemHelper/Context) (at Assets/Game/Scripts/Systems/BuildingRuntimeUpdateCompositionSystemHelper.cs:31)
Game.Runtime.GameplayRuntimeUpdateCompositionSystemHelper:Update (Unity.Entities.World,bool,Game.Runtime.RuntimeGameplayStateSystem,Game.Runtime.PerformanceDiagnosticsSystemHelper,System.Action,Game.Runtime.BuildingRuntimeUpdateCompositionSystemHelper,Game.Runtime.BuildingRuntimeUpdateCompositionSystemHelper/Context,System.Action,UnityEngine.Camera,Game.Runtime.RuntimeCityCompositionSystemHelper,Game.Runtime.RuntimeGridBlockerPresentationSystemHelper,Game.Runtime.RuntimeDecorationSpawnerPresentationSystemHelper,Game.Runtime.DayNightSystem,System.Action,Game.UI.Contracts.IMatchRuntimeUi,Game.Rendering.Contracts.IUnitImpostorRenderer,bool&) (at Assets/Game/Scripts/Systems/GameplayRuntimeUpdateCompositionSystemHelper.Runtime.cs:124)
Game.Composition.MatchBootstrapCompositionSystemHelper:UpdateRuntime (bool,Game.Runtime.RuntimeGameplayStateSystem,Game.Runtime.PerformanceDiagnosticsSystemHelper,System.Action,Game.Runtime.BuildingRuntimeUpdateCompositionSystemHelper,Game.Runtime.BuildingRuntimeUpdateCompositionSystemHelper/Context,System.Action,UnityEngine.Camera,Game.Runtime.RuntimeCityCompositionSystemHelper,Game.Runtime.RuntimeGridBlockerPresentationSystemHelper,Game.Runtime.RuntimeDecorationSpawnerPresentationSystemHelper,Game.Runtime.DayNightSystem,System.Action,Game.UI.Contracts.IMatchRuntimeUi,Game.Rendering.Contracts.IUnitImpostorRenderer,bool&) (at Assets/Game/Scripts/Composition/MatchBootstrapCompositionSystemHelper.cs:583)
Game.Composition.MatchBootstrapCompositionSystemHelper:Update () (at Assets/Game/Scripts/Composition/MatchBootstrapCompositionSystemHelper.cs:203)
Game.Composition.MatchSceneView:Update () (at Assets/Game/Scripts/Composition/MatchSceneView.cs:271)

(Filename: Assets/Game/Scripts/Systems/BuildingGameplayCompositionSystemHelper.cs Line: 486)

[MapVehiclePlacement] no baked map vehicle placements configured.
UnityEngine.Debug:ExtractStackTraceNoAlloc (byte*,int,string)
UnityEngine.StackTraceUtility:ExtractStackTrace () (at /Users/bokken/build/output/unity/unity/Runtime/Export/Scripting/StackTrace.cs:35)
UnityEngine.DebugLogHandler:Internal_Log (UnityEngine.LogType,UnityEngine.LogOption,string,UnityEngine.Object)
UnityEngine.DebugLogHandler:LogFormat (UnityEngine.LogType,UnityEngine.Object,string,object[])
UnityEngine.Logger:Log (UnityEngine.LogType,object)
UnityEngine.Debug:LogWarning (object)
Game.Runtime.MapVehiclePlacementSpawnPrefabSystemHelper:WarnOnce (bool&,Game.Runtime.MapVehiclePlacementSpawnPrefabSystemHelper/Context,string) (at Assets/Game/Scripts/Systems/MapVehiclePlacementSpawnPrefabSystemHelper.cs:665)
Game.Runtime.MapVehiclePlacementSpawnPrefabSystemHelper:SpawnPlacements (Game.Runtime.MapVehiclePlacementSpawnPrefabSystemHelper/Context,Unity.Entities.EntityManager,Unity.Entities.Entity,Game.Components.MapVehiclePlacementProgressState&) (at Assets/Game/Scripts/Systems/MapVehiclePlacementSpawnPrefabSystemHelper.cs:200)
Game.Runtime.MapVehiclePlacementSpawnPrefabSystemHelper:Update (Game.Runtime.MapVehiclePlacementSpawnPrefabSystemHelper/Context) (at Assets/Game/Scripts/Systems/MapVehiclePlacementSpawnPrefabSystemHelper.cs:157)
Game.Runtime.BuildingGameplayCompositionSystemHelper/<>c__DisplayClass16_2:<Initialize>b__61 () (at Assets/Game/Scripts/Systems/BuildingGameplayCompositionSystemHelper.cs:596)
Game.Runtime.BuildingPlacementRuntimeTickCompositionSystemHelper:UpdateStartup (Game.Runtime.BuildingPlacementRuntimeTickCompositionSystemHelper/Context) (at Assets/Game/Scripts/Systems/BuildingPlacementRuntimeTickCompositionSystemHelper.cs:124)
Game.Runtime.BuildingGameplayCompositionSystemHelper/<>c__DisplayClass16_0:<Initialize>g__UpdateBuildingStartupTick|39 () (at Assets/Game/Scripts/Systems/BuildingGameplayCompositionSystemHelper.cs:607)
Game.Runtime.BuildingRuntimeUpdateCompositionSystemHelper:UpdateStartup (Game.Runtime.BuildingRuntimeUpdateCompositionSystemHelper/Context) (at Assets/Game/Scripts/Systems/BuildingRuntimeUpdateCompositionSystemHelper.cs:31)
Game.Runtime.GameplayRuntimeUpdateCompositionSystemHelper:Update (Unity.Entities.World,bool,Game.Runtime.RuntimeGameplayStateSystem,Game.Runtime.PerformanceDiagnosticsSystemHelper,System.Action,Game.Runtime.BuildingRuntimeUpdateCompositionSystemHelper,Game.Runtime.BuildingRuntimeUpdateCompositionSystemHelper/Context,System.Action,UnityEngine.Camera,Game.Runtime.RuntimeCityCompositionSystemHelper,Game.Runtime.RuntimeGridBlockerPresentationSystemHelper,Game.Runtime.RuntimeDecorationSpawnerPresentationSystemHelper,Game.Runtime.DayNightSystem,System.Action,Game.UI.Contracts.IMatchRuntimeUi,Game.Rendering.Contracts.IUnitImpostorRenderer,bool&) (at Assets/Game/Scripts/Systems/GameplayRuntimeUpdateCompositionSystemHelper.Runtime.cs:124)
Game.Composition.MatchBootstrapCompositionSystemHelper:UpdateRuntime (bool,Game.Runtime.RuntimeGameplayStateSystem,Game.Runtime.PerformanceDiagnosticsSystemHelper,System.Action,Game.Runtime.BuildingRuntimeUpdateCompositionSystemHelper,Game.Runtime.BuildingRuntimeUpdateCompositionSystemHelper/Context,System.Action,UnityEngine.Camera,Game.Runtime.RuntimeCityCompositionSystemHelper,Game.Runtime.RuntimeGridBlockerPresentationSystemHelper,Game.Runtime.RuntimeDecorationSpawnerPresentationSystemHelper,Game.Runtime.DayNightSystem,System.Action,Game.UI.Contracts.IMatchRuntimeUi,Game.Rendering.Contracts.IUnitImpostorRenderer,bool&) (at Assets/Game/Scripts/Composition/MatchBootstrapCompositionSystemHelper.cs:583)
Game.Composition.MatchBootstrapCompositionSystemHelper:Update () (at Assets/Game/Scripts/Composition/MatchBootstrapCompositionSystemHelper.cs:203)
Game.Composition.MatchSceneView:Update () (at Assets/Game/Scripts/Composition/MatchSceneView.cs:271)

(Filename: Assets/Game/Scripts/Systems/MapVehiclePlacementSpawnPrefabSystemHelper.cs Line: 665)

[LoadingGate] ready frame=1467 gameplayInitialized=1 playRequested=1 simulationActive=1
UnityEngine.Debug:ExtractStackTraceNoAlloc (byte*,int,string)
UnityEngine.StackTraceUtility:ExtractStackTrace () (at /Users/bokken/build/output/unity/unity/Runtime/Export/Scripting/StackTrace.cs:35)
UnityEngine.DebugLogHandler:Internal_Log (UnityEngine.LogType,UnityEngine.LogOption,string,UnityEngine.Object)
UnityEngine.DebugLogHandler:LogFormat (UnityEngine.LogType,UnityEngine.Object,string,object[])
UnityEngine.Logger:Log (UnityEngine.LogType,object)
UnityEngine.Debug:Log (object)
Game.Runtime.GameplayRuntimeUpdateCompositionSystemHelper:Update (Unity.Entities.World,bool,Game.Runtime.RuntimeGameplayStateSystem,Game.Runtime.PerformanceDiagnosticsSystemHelper,System.Action,Game.Runtime.BuildingRuntimeUpdateCompositionSystemHelper,Game.Runtime.BuildingRuntimeUpdateCompositionSystemHelper/Context,System.Action,UnityEngine.Camera,Game.Runtime.RuntimeCityCompositionSystemHelper,Game.Runtime.RuntimeGridBlockerPresentationSystemHelper,Game.Runtime.RuntimeDecorationSpawnerPresentationSystemHelper,Game.Runtime.DayNightSystem,System.Action,Game.UI.Contracts.IMatchRuntimeUi,Game.Rendering.Contracts.IUnitImpostorRenderer,bool&) (at Assets/Game/Scripts/Systems/GameplayRuntimeUpdateCompositionSystemHelper.Runtime.cs:220)
Game.Composition.MatchBootstrapCompositionSystemHelper:UpdateRuntime (bool,Game.Runtime.RuntimeGameplayStateSystem,Game.Runtime.PerformanceDiagnosticsSystemHelper,System.Action,Game.Runtime.BuildingRuntimeUpdateCompositionSystemHelper,Game.Runtime.BuildingRuntimeUpdateCompositionSystemHelper/Context,System.Action,UnityEngine.Camera,Game.Runtime.RuntimeCityCompositionSystemHelper,Game.Runtime.RuntimeGridBlockerPresentationSystemHelper,Game.Runtime.RuntimeDecorationSpawnerPresentationSystemHelper,Game.Runtime.DayNightSystem,System.Action,Game.UI.Contracts.IMatchRuntimeUi,Game.Rendering.Contracts.IUnitImpostorRenderer,bool&) (at Assets/Game/Scripts/Composition/MatchBootstrapCompositionSystemHelper.cs:583)
Game.Composition.MatchBootstrapCompositionSystemHelper:Update () (at Assets/Game/Scripts/Composition/MatchBootstrapCompositionSystemHelper.cs:203)
Game.Composition.MatchSceneView:Update () (at Assets/Game/Scripts/Composition/MatchSceneView.cs:271)

(Filename: Assets/Game/Scripts/Systems/GameplayRuntimeUpdateCompositionSystemHelper.Runtime.cs Line: 220)

[PerfDiag:PreGame] slowUpdate frame=1467 total=27.8ms gc=0/0/0 cpuFrame=73.1ms cpuMain=55.2ms cpuRender=2.7ms gpu=13.4ms steps=BuildingStartup=27.3ms, MainMenu=0.1ms units=4953 models=22 sourceKeys=4953 sourceKeyFallbackVisuals=0 initialSpawnConfigs=0 drawCalls=464 batches=0 setPass=43 tris=996450 verts=1817719 memory=alloc=3747MB reserved=4187MB mono=1877MB uiToolkit=0 gameplayInitialized=1 playRequested=1 simulationActive=1 focused=1 vSync=0 targetFps=-1 topSystems=disabled markers=disabled
[MapVehicleOwnershipRuntime] phase=LiveContractObserved configAssigned=1 placements=0 authoringRootAssigned=1 configuredPacked=1 authoredVehicles=22
UnityEngine.Debug:ExtractStackTraceNoAlloc (byte*,int,string)
UnityEngine.StackTraceUtility:ExtractStackTrace () (at /Users/bokken/build/output/unity/unity/Runtime/Export/Scripting/StackTrace.cs:35)
UnityEngine.DebugLogHandler:Internal_Log (UnityEngine.LogType,UnityEngine.LogOption,string,UnityEngine.Object)
UnityEngine.DebugLogHandler:LogFormat (UnityEngine.LogType,UnityEngine.Object,string,object[])
UnityEngine.Logger:Log (UnityEngine.LogType,object)
UnityEngine.Debug:Log (object)
Game.Runtime.BuildingGameplayCompositionSystemHelper/<>c__DisplayClass16_0:<Initialize>g__UpdateBuildingSimulationTick|40 () (at Assets/Game/Scripts/Systems/BuildingGameplayCompositionSystemHelper.cs:622)
Game.Runtime.BuildingRuntimeUpdateCompositionSystemHelper:UpdateSimulation (Game.Runtime.BuildingRuntimeUpdateCompositionSystemHelper/Context) (at Assets/Game/Scripts/Systems/BuildingRuntimeUpdateCompositionSystemHelper.cs:41)
Game.Runtime.GameplayRuntimeUpdateCompositionSystemHelper:Update (Unity.Entities.World,bool,Game.Runtime.RuntimeGameplayStateSystem,Game.Runtime.PerformanceDiagnosticsSystemHelper,System.Action,Game.Runtime.BuildingRuntimeUpdateCompositionSystemHelper,Game.Runtime.BuildingRuntimeUpdateCompositionSystemHelper/Context,System.Action,UnityEngine.Camera,Game.Runtime.RuntimeCityCompositionSystemHelper,Game.Runtime.RuntimeGridBlockerPresentationSystemHelper,Game.Runtime.RuntimeDecorationSpawnerPresentationSystemHelper,Game.Runtime.DayNightSystem,System.Action,Game.UI.Contracts.IMatchRuntimeUi,Game.Rendering.Contracts.IUnitImpostorRenderer,bool&) (at Assets/Game/Scripts/Systems/GameplayRuntimeUpdateCompositionSystemHelper.Runtime.cs:150)
Game.Composition.MatchBootstrapCompositionSystemHelper:UpdateRuntime (bool,Game.Runtime.RuntimeGameplayStateSystem,Game.Runtime.PerformanceDiagnosticsSystemHelper,System.Action,Game.Runtime.BuildingRuntimeUpdateCompositionSystemHelper,Game.Runtime.BuildingRuntimeUpdateCompositionSystemHelper/Context,System.Action,UnityEngine.Camera,Game.Runtime.RuntimeCityCompositionSystemHelper,Game.Runtime.RuntimeGridBlockerPresentationSystemHelper,Game.Runtime.RuntimeDecorationSpawnerPresentationSystemHelper,Game.Runtime.DayNightSystem,System.Action,Game.UI.Contracts.IMatchRuntimeUi,Game.Rendering.Contracts.IUnitImpostorRenderer,bool&) (at Assets/Game/Scripts/Composition/MatchBootstrapCompositionSystemHelper.cs:583)
Game.Composition.MatchBootstrapCompositionSystemHelper:Update () (at Assets/Game/Scripts/Composition/MatchBootstrapCompositionSystemHelper.cs:203)
Game.Composition.MatchSceneView:Update () (at Assets/Game/Scripts/Composition/MatchSceneView.cs:271)

(Filename: Assets/Game/Scripts/Systems/BuildingGameplayCompositionSystemHelper.cs Line: 622)

[FreezeDetect] Update hitch frame=1468 BuildingPlacement=929.9ms, GC=0/0/0, Total=947.9ms
[PerfDiag] slowUpdate frame=1468 total=947.9ms gc=0/0/0 cpuFrame=10.4ms cpuMain=8.5ms cpuRender=1.7ms gpu=5.6ms steps=RoadBuild=2.2ms, BuildingPlacement=929.9ms, Selection=14.8ms, DayNight=0.0ms, CitizenPopulation=0.1ms, MainMenu=0.7ms units=4953 models=22 sourceKeys=4953 sourceKeyFallbackVisuals=0 initialSpawnConfigs=0 drawCalls=464 batches=0 setPass=43 tris=996450 verts=1817719 memory=alloc=3752MB reserved=4192MB mono=1883MB uiToolkit=0 gameplayInitialized=1 playRequested=1 simulationActive=1 focused=1 vSync=0 targetFps=-1 topSystems=disabled markers=disabled
[FreezeDetect] Frame gap frame=1469 Gap=985.6ms GC=0/0/0 LastSteps=RoadBuild=2.2ms, BuildingPlacement=929.9ms, Selection=14.8ms, DayNight=0.0ms, CitizenPopulation=0.1ms, MainMenu=0.7ms
[FreezeDetect] Update hitch frame=1469 BuildingPlacement=1030.8ms, GC=0/0/0, Total=1031.1ms
[PerfDiag] slowUpdate frame=1469 total=1031.1ms gc=0/0/0 cpuFrame=8.3ms cpuMain=6.5ms cpuRender=1.7ms gpu=5.9ms steps=RoadBuild=0.1ms, BuildingPlacement=1030.8ms, Selection=0.1ms, DayNight=0.0ms, CitizenPopulation=0.0ms, MainMenu=0.1ms units=4967 models=22 sourceKeys=4967 sourceKeyFallbackVisuals=0 initialSpawnConfigs=0 drawCalls=1014 batches=0 setPass=48 tris=1697786 verts=3076841 memory=alloc=3779MB reserved=4200MB mono=1891MB uiToolkit=0 gameplayInitialized=1 playRequested=1 simulationActive=1 focused=1 vSync=0 targetFps=-1 topSystems=disabled markers=disabled
[FrameRateDiag] fps=2.2 avgFrame=458.5ms updateAvg=223.1ms updateMax=1031.1ms cpuFrame=8.3ms cpuMain=6.5ms cpuRender=1.7ms gpu=5.9ms drawCalls=1014 batches=0 setPass=48 tris=1697786 verts=3076841 units=4967 models=22 sourceKeys=4967 sourceKeyFallbackVisuals=0 initialSpawnConfigs=0 impostors=0 render=screen=1920x1080,batch=0,quality=1:Mobile,vSync=0,targetFps=-1,pipeline=Mobile_RPAsset_MobileCandidate,scale=0.75,msaa=0,camera=Main Camera,cameraData=post:1,aa:FastApproximateAntialiasing,stack:0 memory=alloc=3779MB reserved=4200MB mono=1891MB focused=1 playRequested=1 simulationActive=1 stepStats=none topSystems=disabled markers=disabled
Android Extension - Scanning For ADB Devices 92 ms
[FreezeDetect] Frame gap frame=1470 Gap=1225.4ms GC=0/0/0 LastSteps=RoadBuild=0.1ms, BuildingPlacement=1030.8ms, Selection=0.1ms, DayNight=0.0ms, CitizenPopulation=0.0ms, MainMenu=0.1ms
[UiShellPresentation] stage=CommandStarted sequence=3 kind=EnterMatchHud region=None route=Match
UnityEngine.Debug:ExtractStackTraceNoAlloc (byte*,int,string)
UnityEngine.StackTraceUtility:ExtractStackTrace () (at /Users/bokken/build/output/unity/unity/Runtime/Export/Scripting/StackTrace.cs:35)
UnityEngine.DebugLogHandler:Internal_Log (UnityEngine.LogType,UnityEngine.LogOption,string,UnityEngine.Object)
UnityEngine.DebugLogHandler:LogFormat (UnityEngine.LogType,UnityEngine.Object,string,object[])
UnityEngine.Logger:Log (UnityEngine.LogType,object,UnityEngine.Object)
UnityEngine.Debug:Log (object,UnityEngine.Object)
Game.Composition.UiDiagnosticsComposition:Report (Game.UI.Contracts.UiDiagnosticSeverity,string,UnityEngine.Object) (at Assets/Game/Scripts/Composition/UiDiagnosticsComposition.cs:17)
Game.UI.Contracts.UiDiagnostics:Info (string,UnityEngine.Object) (at Assets/Game/Scripts/UI/Contracts/UiDiagnostics.cs:14)
Game.UI.Runtime.UIShellEcsPresentationSystem:LogTransition (string,Game.UI.Contracts.UiShellPresentationCommandModel) (at Assets/Game/Scripts/UI/Shell/UIShellEcsPresentationSystem.cs:138)
Game.UI.Runtime.UIShellEcsPresentationSystem:Update () (at Assets/Game/Scripts/UI/Shell/UIShellEcsPresentationSystem.cs:87)

(Filename: Assets/Game/Scripts/Composition/UiDiagnosticsComposition.cs Line: 17)

[FreezeDetect] Frame gap frame=1471 Gap=260.3ms GC=0/0/0 LastSteps=RoadBuild=0.0ms, BuildingPlacement=0.2ms, Selection=0.1ms, DayNight=0.0ms, CitizenPopulation=0.0ms, MainMenu=5.5ms
[UiShellPresentation] stage=CommandCompleted sequence=3 kind=EnterMatchHud region=None route=Match
UnityEngine.Debug:ExtractStackTraceNoAlloc (byte*,int,string)
UnityEngine.StackTraceUtility:ExtractStackTrace () (at /Users/bokken/build/output/unity/unity/Runtime/Export/Scripting/StackTrace.cs:35)
UnityEngine.DebugLogHandler:Internal_Log (UnityEngine.LogType,UnityEngine.LogOption,string,UnityEngine.Object)
UnityEngine.DebugLogHandler:LogFormat (UnityEngine.LogType,UnityEngine.Object,string,object[])
UnityEngine.Logger:Log (UnityEngine.LogType,object,UnityEngine.Object)
UnityEngine.Debug:Log (object,UnityEngine.Object)
Game.Composition.UiDiagnosticsComposition:Report (Game.UI.Contracts.UiDiagnosticSeverity,string,UnityEngine.Object) (at Assets/Game/Scripts/Composition/UiDiagnosticsComposition.cs:17)
Game.UI.Contracts.UiDiagnostics:Info (string,UnityEngine.Object) (at Assets/Game/Scripts/UI/Contracts/UiDiagnostics.cs:14)
Game.UI.Runtime.UIShellEcsPresentationSystem:LogTransition (string,Game.UI.Contracts.UiShellPresentationCommandModel) (at Assets/Game/Scripts/UI/Shell/UIShellEcsPresentationSystem.cs:138)
Game.UI.Runtime.UIShellEcsPresentationSystem/<>c__DisplayClass24_0:<Update>b__0 (int) (at Assets/Game/Scripts/UI/Shell/UIShellEcsPresentationSystem.cs:100)
Game.UI.Runtime.UIShellView/<>c__DisplayClass19_0:<ExecuteCommandSequence>b__0 () (at Assets/Game/Scripts/UI/Shell/UIShellView.cs:98)
Game.UI.Runtime.UIMotionHostView/<SequenceRoutine>d__32:MoveNext () (at Assets/Game/Scripts/UI/Shell/UIMotionHostView.cs:268)
UnityEngine.SetupCoroutine:InvokeMoveNext (System.Collections.IEnumerator,intptr) (at /Users/bokken/build/output/unity/unity/Runtime/Export/Scripting/Coroutines.cs:17)

(Filename: Assets/Game/Scripts/Composition/UiDiagnosticsComposition.cs Line: 17)

[UiShellPresentation] stage=CompletionFlushed sequence=3 kind=EnterMatchHud region=None
UnityEngine.Debug:ExtractStackTraceNoAlloc (byte*,int,string)
UnityEngine.StackTraceUtility:ExtractStackTrace () (at /Users/bokken/build/output/unity/unity/Runtime/Export/Scripting/StackTrace.cs:35)
UnityEngine.DebugLogHandler:Internal_Log (UnityEngine.LogType,UnityEngine.LogOption,string,UnityEngine.Object)
UnityEngine.DebugLogHandler:LogFormat (UnityEngine.LogType,UnityEngine.Object,string,object[])
UnityEngine.Logger:Log (UnityEngine.LogType,object,UnityEngine.Object)
UnityEngine.Debug:Log (object,UnityEngine.Object)
Game.Composition.UiDiagnosticsComposition:Report (Game.UI.Contracts.UiDiagnosticSeverity,string,UnityEngine.Object) (at Assets/Game/Scripts/Composition/UiDiagnosticsComposition.cs:17)
Game.UI.Contracts.UiDiagnostics:Info (string,UnityEngine.Object) (at Assets/Game/Scripts/UI/Contracts/UiDiagnostics.cs:14)
Game.UI.Runtime.UIShellEcsPresentationSystem:LogTransition (string,Game.UI.Contracts.UiShellTransitionCompleteModel) (at Assets/Game/Scripts/UI/Shell/UIShellEcsPresentationSystem.cs:146)
Game.UI.Runtime.UIShellEcsPresentationSystem:FlushPendingCompletion () (at Assets/Game/Scripts/UI/Shell/UIShellEcsPresentationSystem.cs:129)
Game.UI.Runtime.UIShellEcsPresentationSystem:Update () (at Assets/Game/Scripts/UI/Shell/UIShellEcsPresentationSystem.cs:67)

(Filename: Assets/Game/Scripts/Composition/UiDiagnosticsComposition.cs Line: 17)

[FrameRateDiag] fps=37.9 avgFrame=26.4ms updateAvg=1.8ms updateMax=26.2ms cpuFrame=26.3ms cpuMain=24.8ms cpuRender=1.5ms gpu=7.1ms drawCalls=897 batches=0 setPass=81 tris=1226647 verts=2224711 units=4995 models=50 sourceKeys=4995 sourceKeyFallbackVisuals=0 initialSpawnConfigs=0 impostors=24 render=screen=1920x1080,batch=0,quality=1:Mobile,vSync=0,targetFps=-1,pipeline=Mobile_RPAsset_MobileCandidate,scale=0.75,msaa=0,camera=Main Camera,cameraData=post:1,aa:FastApproximateAntialiasing,stack:0 memory=alloc=3949MB reserved=4384MB mono=1620MB focused=1 playRequested=1 simulationActive=1 stepStats=none topSystems=disabled markers=disabled
[SkirmishS002AriaRun] watchStarted=1 seed=104732 locale=en
UnityEngine.Debug:ExtractStackTraceNoAlloc (byte*,int,string)
UnityEngine.StackTraceUtility:ExtractStackTrace () (at /Users/bokken/build/output/unity/unity/Runtime/Export/Scripting/StackTrace.cs:35)
UnityEngine.DebugLogHandler:Internal_Log (UnityEngine.LogType,UnityEngine.LogOption,string,UnityEngine.Object)
UnityEngine.DebugLogHandler:LogFormat (UnityEngine.LogType,UnityEngine.Object,string,object[])
UnityEngine.Logger:Log (UnityEngine.LogType,object)
UnityEngine.Debug:Log (object)
Game.Editor.SkirmishS002AriaRunHarness:Tick () (at Assets/Game/Scripts/Editor/Skirmish/SkirmishS002AriaRunHarness.cs:627)
UnityEditor.EditorApplication:Internal_CallUpdateFunctions () (at /Users/bokken/build/output/unity/unity/Editor/Mono/EditorApplication.cs:403)

(Filename: Assets/Game/Scripts/Editor/Skirmish/SkirmishS002AriaRunHarness.cs Line: 627)

Ignoring depth surface load action as it is memoryless
Ignoring depth surface store action as it is memoryless
[FrameRateDiag] fps=53.8 avgFrame=18.6ms updateAvg=4.3ms updateMax=16.6ms cpuFrame=38.8ms cpuMain=37.0ms cpuRender=1.7ms gpu=7.6ms drawCalls=728 batches=0 setPass=86 tris=1008839 verts=1903952 units=4995 models=50 sourceKeys=4995 sourceKeyFallbackVisuals=0 initialSpawnConfigs=0 impostors=12 render=screen=1920x1080,batch=0,quality=1:Mobile,vSync=0,targetFps=-1,pipeline=Mobile_RPAsset_MobileCandidate,scale=0.75,msaa=0,camera=Main Camera,cameraData=post:1,aa:FastApproximateAntialiasing,stack:0 memory=alloc=4635MB reserved=5073MB mono=1678MB focused=1 playRequested=1 simulationActive=1 stepStats=none topSystems=disabled markers=disabled
[RenderSceneDiag] frame=2683 source=profilerCounters drawCalls=728 batches=0 setPass=86 tris=1008839 verts=1903952 topSystems=disabled markers=disabled
[PerfDiag] slowUpdate frame=2719 total=35.0ms gc=0/0/0 cpuFrame=14.2ms cpuMain=12.5ms cpuRender=1.6ms gpu=7.6ms steps=RoadBuild=0.0ms, BuildingPlacement=29.0ms, Selection=0.1ms, DayNight=0.0ms, CitizenPopulation=0.0ms, MainMenu=5.9ms units=4995 models=50 sourceKeys=4995 sourceKeyFallbackVisuals=0 initialSpawnConfigs=0 drawCalls=718 batches=0 setPass=86 tris=1002242 verts=1892461 memory=alloc=4651MB reserved=5089MB mono=1681MB uiToolkit=0 gameplayInitialized=1 playRequested=1 simulationActive=1 focused=1 vSync=0 targetFps=-1 topSystems=disabled markers=disabled
[FrameRateDiag] fps=51.0 avgFrame=19.6ms updateAvg=4.7ms updateMax=35.0ms cpuFrame=13.5ms cpuMain=11.9ms cpuRender=1.6ms gpu=5.7ms drawCalls=719 batches=0 setPass=89 tris=1015725 verts=1922554 units=4995 models=50 sourceKeys=4995 sourceKeyFallbackVisuals=0 initialSpawnConfigs=0 impostors=12 render=screen=1920x1080,batch=0,quality=1:Mobile,vSync=0,targetFps=-1,pipeline=Mobile_RPAsset_MobileCandidate,scale=0.75,msaa=0,camera=Main Camera,cameraData=post:1,aa:FastApproximateAntialiasing,stack:0 memory=alloc=4682MB reserved=5150MB mono=1685MB focused=1 playRequested=1 simulationActive=1 stepStats=none topSystems=disabled markers=disabled
TrimDiskCacheJob: Current cache size 0mb
[FrameRateDiag] fps=44.2 avgFrame=22.6ms updateAvg=5.2ms updateMax=23.4ms cpuFrame=53.6ms cpuMain=51.2ms cpuRender=2.8ms gpu=10.1ms drawCalls=739 batches=0 setPass=90 tris=1050680 verts=1988019 units=4996 models=51 sourceKeys=4996 sourceKeyFallbackVisuals=0 initialSpawnConfigs=0 impostors=12 render=screen=1920x1080,batch=0,quality=1:Mobile,vSync=0,targetFps=-1,pipeline=Mobile_RPAsset_MobileCandidate,scale=0.75,msaa=0,camera=Main Camera,cameraData=post:1,aa:FastApproximateAntialiasing,stack:0 memory=alloc=4725MB reserved=5192MB mono=1692MB focused=1 playRequested=1 simulationActive=1 stepStats=none topSystems=disabled markers=disabled
[FrameRateDiag] fps=34.8 avgFrame=28.7ms updateAvg=6.0ms updateMax=15.1ms cpuFrame=15.5ms cpuMain=13.9ms cpuRender=1.6ms gpu=5.8ms drawCalls=755 batches=0 setPass=89 tris=1079615 verts=2043042 units=4997 models=52 sourceKeys=4997 sourceKeyFallbackVisuals=0 initialSpawnConfigs=0 impostors=12 render=screen=1920x1080,batch=0,quality=1:Mobile,vSync=0,targetFps=-1,pipeline=Mobile_RPAsset_MobileCandidate,scale=0.75,msaa=0,camera=Main Camera,cameraData=post:1,aa:FastApproximateAntialiasing,stack:0 memory=alloc=4758MB reserved=5222MB mono=1697MB focused=1 playRequested=1 simulationActive=1 stepStats=none topSystems=disabled markers=disabled
[FrameRateDiag] fps=52.1 avgFrame=19.2ms updateAvg=4.2ms updateMax=7.6ms cpuFrame=14.5ms cpuMain=12.8ms cpuRender=1.7ms gpu=5.9ms drawCalls=768 batches=0 setPass=83 tris=1130735 verts=2134697 units=4999 models=54 sourceKeys=4999 sourceKeyFallbackVisuals=0 initialSpawnConfigs=0 impostors=12 render=screen=1920x1080,batch=0,quality=1:Mobile,vSync=0,targetFps=-1,pipeline=Mobile_RPAsset_MobileCandidate,scale=0.75,msaa=0,camera=Main Camera,cameraData=post:1,aa:FastApproximateAntialiasing,stack:0 memory=alloc=4863MB reserved=5323MB mono=1712MB focused=1 playRequested=1 simulationActive=1 stepStats=none topSystems=disabled markers=disabled
[RenderSceneDiag] frame=3162 source=profilerCounters drawCalls=768 batches=0 setPass=83 tris=1130735 verts=2134697 topSystems=disabled markers=disabled
[FrameRateDiag] fps=44.8 avgFrame=22.3ms updateAvg=5.3ms updateMax=21.0ms cpuFrame=43.8ms cpuMain=40.8ms cpuRender=2.1ms gpu=7.2ms drawCalls=963 batches=0 setPass=81 tris=1499679 verts=2806696 units=4999 models=54 sourceKeys=4999 sourceKeyFallbackVisuals=0 initialSpawnConfigs=0 impostors=12 render=screen=1920x1080,batch=0,quality=1:Mobile,vSync=0,targetFps=-1,pipeline=Mobile_RPAsset_MobileCandidate,scale=0.75,msaa=0,camera=Main Camera,cameraData=post:1,aa:FastApproximateAntialiasing,stack:0 memory=alloc=4906MB reserved=5364MB mono=1718MB focused=1 playRequested=1 simulationActive=1 stepStats=none topSystems=disabled markers=disabled
[FrameRateDiag] fps=48.7 avgFrame=20.5ms updateAvg=4.3ms updateMax=14.3ms cpuFrame=17.2ms cpuMain=13.5ms cpuRender=2.8ms gpu=11.6ms drawCalls=965 batches=0 setPass=74 tris=1499471 verts=2806280 units=4999 models=54 sourceKeys=4999 sourceKeyFallbackVisuals=0 initialSpawnConfigs=0 impostors=12 render=screen=1920x1080,batch=0,quality=1:Mobile,vSync=0,targetFps=-1,pipeline=Mobile_RPAsset_MobileCandidate,scale=0.75,msaa=0,camera=Main Camera,cameraData=post:1,aa:FastApproximateAntialiasing,stack:0 memory=alloc=4963MB reserved=5431MB mono=1734MB focused=1 playRequested=1 simulationActive=1 stepStats=none topSystems=disabled markers=disabled
[FrameRateDiag] fps=38.8 avgFrame=25.8ms updateAvg=4.6ms updateMax=10.5ms cpuFrame=15.1ms cpuMain=13.0ms cpuRender=2.9ms gpu=7.2ms drawCalls=965 batches=0 setPass=74 tris=1499503 verts=2806344 units=4999 models=54 sourceKeys=4999 sourceKeyFallbackVisuals=0 initialSpawnConfigs=0 impostors=12 render=screen=1920x1080,batch=0,quality=1:Mobile,vSync=0,targetFps=-1,pipeline=Mobile_RPAsset_MobileCandidate,scale=0.75,msaa=0,camera=Main Camera,cameraData=post:1,aa:FastApproximateAntialiasing,stack:0 memory=alloc=4999MB reserved=5465MB mono=1740MB focused=1 playRequested=1 simulationActive=1 stepStats=none topSystems=disabled markers=disabled
[FrameRateDiag] fps=44.5 avgFrame=22.5ms updateAvg=4.0ms updateMax=11.0ms cpuFrame=12.5ms cpuMain=10.7ms cpuRender=2.1ms gpu=10.6ms drawCalls=1920 batches=0 setPass=142 tris=2998942 verts=5612560 units=4999 models=54 sourceKeys=4999 sourceKeyFallbackVisuals=0 initialSpawnConfigs=0 impostors=12 render=screen=1920x1080,batch=0,quality=1:Mobile,vSync=0,targetFps=-1,pipeline=Mobile_RPAsset_MobileCandidate,scale=0.75,msaa=0,camera=Main Camera,cameraData=post:1,aa:FastApproximateAntialiasing,stack:0 memory=alloc=4300MB reserved=5066MB mono=1747MB focused=1 playRequested=1 simulationActive=1 stepStats=none topSystems=disabled markers=disabled
[FrameRateDiag] fps=33.3 avgFrame=30.0ms updateAvg=8.3ms updateMax=24.7ms cpuFrame=19.1ms cpuMain=17.2ms cpuRender=2.2ms gpu=6.9ms drawCalls=911 batches=0 setPass=92 tris=1335334 verts=2483062 units=4999 models=54 sourceKeys=4999 sourceKeyFallbackVisuals=0 initialSpawnConfigs=0 impostors=14 render=screen=1920x1080,batch=0,quality=1:Mobile,vSync=0,targetFps=-1,pipeline=Mobile_RPAsset_MobileCandidate,scale=0.75,msaa=0,camera=Main Camera,cameraData=post:1,aa:FastApproximateAntialiasing,stack:0 memory=alloc=4308MB reserved=5003MB mono=1763MB focused=1 playRequested=1 simulationActive=1 stepStats=none topSystems=disabled markers=disabled
[RenderSceneDiag] frame=3699 source=profilerCounters drawCalls=911 batches=0 setPass=92 tris=1335334 verts=2483062 topSystems=disabled markers=disabled
[FrameRateDiag] fps=40.4 avgFrame=24.8ms updateAvg=7.1ms updateMax=14.6ms cpuFrame=14.8ms cpuMain=13.0ms cpuRender=0.4ms gpu=0.4ms drawCalls=859 batches=0 setPass=83 tris=1235342 verts=2298595 units=5000 models=54 sourceKeys=5000 sourceKeyFallbackVisuals=0 initialSpawnConfigs=0 impostors=14 render=screen=1920x1080,batch=0,quality=1:Mobile,vSync=0,targetFps=-1,pipeline=Mobile_RPAsset_MobileCandidate,scale=0.75,msaa=0,camera=Main Camera,cameraData=post:1,aa:FastApproximateAntialiasing,stack:0 memory=alloc=4313MB reserved=5001MB mono=1770MB focused=1 playRequested=1 simulationActive=1 stepStats=none topSystems=disabled markers=disabled
[FreezeDetect] Frame gap frame=3853 Gap=182.9ms GC=0/0/0 LastSteps=RoadBuild=0.0ms, BuildingPlacement=0.2ms, Selection=0.2ms, DayNight=0.0ms, CitizenPopulation=0.0ms, MainMenu=7.3ms
[FrameRateDiag] fps=36.0 avgFrame=27.8ms updateAvg=5.5ms updateMax=24.6ms cpuFrame=29.3ms cpuMain=26.7ms cpuRender=2.8ms gpu=7.0ms drawCalls=705 batches=0 setPass=72 tris=1107318 verts=2123579 units=5000 models=54 sourceKeys=5000 sourceKeyFallbackVisuals=0 initialSpawnConfigs=0 impostors=12 render=screen=1920x1080,batch=0,quality=1:Mobile,vSync=0,targetFps=-1,pipeline=Mobile_RPAsset_MobileCandidate,scale=0.75,msaa=0,camera=Main Camera,cameraData=post:1,aa:FastApproximateAntialiasing,stack:0 memory=alloc=4313MB reserved=4999MB mono=1785MB focused=1 playRequested=1 simulationActive=1 stepStats=none topSystems=disabled markers=disabled
[FrameRateDiag] fps=46.2 avgFrame=21.6ms updateAvg=3.9ms updateMax=12.0ms cpuFrame=36.5ms cpuMain=34.8ms cpuRender=1.6ms gpu=7.8ms drawCalls=668 batches=0 setPass=73 tris=1062291 verts=2031826 units=5000 models=54 sourceKeys=5000 sourceKeyFallbackVisuals=0 initialSpawnConfigs=0 impostors=13 render=screen=1920x1080,batch=0,quality=1:Mobile,vSync=0,targetFps=-1,pipeline=Mobile_RPAsset_MobileCandidate,scale=0.75,msaa=0,camera=Main Camera,cameraData=post:1,aa:FastApproximateAntialiasing,stack:0 memory=alloc=4317MB reserved=4997MB mono=1791MB focused=1 playRequested=1 simulationActive=1 stepStats=none topSystems=disabled markers=disabled
[FrameRateDiag] fps=46.2 avgFrame=21.7ms updateAvg=4.0ms updateMax=10.2ms cpuFrame=16.9ms cpuMain=14.4ms cpuRender=2.4ms gpu=7.0ms drawCalls=662 batches=0 setPass=69 tris=1062259 verts=2031762 units=5000 models=54 sourceKeys=5000 sourceKeyFallbackVisuals=0 initialSpawnConfigs=0 impostors=13 render=screen=1920x1080,batch=0,quality=1:Mobile,vSync=0,targetFps=-1,pipeline=Mobile_RPAsset_MobileCandidate,scale=0.75,msaa=0,camera=Main Camera,cameraData=post:1,aa:FastApproximateAntialiasing,stack:0 memory=alloc=4322MB reserved=4994MB mono=1798MB focused=1 playRequested=1 simulationActive=1 stepStats=none topSystems=disabled markers=disabled
[FrameRateDiag] fps=41.8 avgFrame=23.9ms updateAvg=4.3ms updateMax=9.2ms cpuFrame=17.6ms cpuMain=15.5ms cpuRender=2.1ms gpu=6.0ms drawCalls=662 batches=0 setPass=69 tris=1062275 verts=2031794 units=5000 models=54 sourceKeys=5000 sourceKeyFallbackVisuals=0 initialSpawnConfigs=0 impostors=13 render=screen=1920x1080,batch=0,quality=1:Mobile,vSync=0,targetFps=-1,pipeline=Mobile_RPAsset_MobileCandidate,scale=0.75,msaa=0,camera=Main Camera,cameraData=post:1,aa:FastApproximateAntialiasing,stack:0 memory=alloc=4322MB reserved=4992MB mono=1805MB focused=1 playRequested=1 simulationActive=1 stepStats=none topSystems=disabled markers=disabled
[RenderSceneDiag] frame=4126 source=profilerCounters drawCalls=662 batches=0 setPass=69 tris=1062275 verts=2031794 topSystems=disabled markers=disabled
[FrameRateDiag] fps=40.6 avgFrame=24.6ms updateAvg=5.8ms updateMax=11.9ms cpuFrame=46.9ms cpuMain=45.0ms cpuRender=1.9ms gpu=8.3ms drawCalls=636 batches=0 setPass=85 tris=851837 verts=1610368 units=5000 models=54 sourceKeys=5000 sourceKeyFallbackVisuals=0 initialSpawnConfigs=0 impostors=18 render=screen=1920x1080,batch=0,quality=1:Mobile,vSync=0,targetFps=-1,pipeline=Mobile_RPAsset_MobileCandidate,scale=0.75,msaa=0,camera=Main Camera,cameraData=post:1,aa:FastApproximateAntialiasing,stack:0 memory=alloc=4326MB reserved=4990MB mono=1814MB focused=1 playRequested=1 simulationActive=1 stepStats=none topSystems=disabled markers=disabled
[FrameRateDiag] fps=35.2 avgFrame=28.4ms updateAvg=8.2ms updateMax=18.6ms cpuFrame=19.2ms cpuMain=17.2ms cpuRender=1.8ms gpu=6.8ms drawCalls=639 batches=0 setPass=85 tris=855256 verts=1616229 units=5000 models=54 sourceKeys=5000 sourceKeyFallbackVisuals=0 initialSpawnConfigs=0 impostors=18 render=screen=1920x1080,batch=0,quality=1:Mobile,vSync=0,targetFps=-1,pipeline=Mobile_RPAsset_MobileCandidate,scale=0.75,msaa=0,camera=Main Camera,cameraData=post:1,aa:FastApproximateAntialiasing,stack:0 memory=alloc=4327MB reserved=4988MB mono=1820MB focused=1 playRequested=1 simulationActive=1 stepStats=none topSystems=disabled markers=disabled
[FrameRateDiag] fps=39.6 avgFrame=25.2ms updateAvg=5.3ms updateMax=13.9ms cpuFrame=54.0ms cpuMain=50.1ms cpuRender=2.1ms gpu=8.3ms drawCalls=624 batches=0 setPass=76 tris=858866 verts=1622674 units=5001 models=54 sourceKeys=5001 sourceKeyFallbackVisuals=0 initialSpawnConfigs=0 impostors=18 render=screen=1920x1080,batch=0,quality=1:Mobile,vSync=0,targetFps=-1,pipeline=Mobile_RPAsset_MobileCandidate,scale=0.75,msaa=0,camera=Main Camera,cameraData=post:1,aa:FastApproximateAntialiasing,stack:0 memory=alloc=4328MB reserved=4987MB mono=1827MB focused=1 playRequested=1 simulationActive=1 stepStats=none topSystems=disabled markers=disabled
[FrameRateDiag] fps=44.0 avgFrame=22.7ms updateAvg=4.0ms updateMax=12.0ms cpuFrame=14.4ms cpuMain=12.3ms cpuRender=2.0ms gpu=7.3ms drawCalls=619 batches=0 setPass=63 tris=862562 verts=1629244 units=5001 models=54 sourceKeys=5001 sourceKeyFallbackVisuals=0 initialSpawnConfigs=0 impostors=18 render=screen=1920x1080,batch=0,quality=1:Mobile,vSync=0,targetFps=-1,pipeline=Mobile_RPAsset_MobileCandidate,scale=0.75,msaa=0,camera=Main Camera,cameraData=post:1,aa:FastApproximateAntialiasing,stack:0 memory=alloc=4334MB reserved=4987MB mono=1843MB focused=1 playRequested=1 simulationActive=1 stepStats=none topSystems=disabled markers=disabled
[FrameRateDiag] fps=42.9 avgFrame=23.3ms updateAvg=4.3ms updateMax=9.2ms cpuFrame=14.3ms cpuMain=12.1ms cpuRender=2.0ms gpu=6.5ms drawCalls=620 batches=0 setPass=64 tris=862564 verts=1629248 units=5001 models=54 sourceKeys=5001 sourceKeyFallbackVisuals=0 initialSpawnConfigs=0 impostors=18 render=screen=1920x1080,batch=0,quality=1:Mobile,vSync=0,targetFps=-1,pipeline=Mobile_RPAsset_MobileCandidate,scale=0.75,msaa=0,camera=Main Camera,cameraData=post:1,aa:FastApproximateAntialiasing,stack:0 memory=alloc=4331MB reserved=4986MB mono=1849MB focused=1 playRequested=1 simulationActive=1 stepStats=none topSystems=disabled markers=disabled
[RenderSceneDiag] frame=4533 source=profilerCounters drawCalls=620 batches=0 setPass=64 tris=862564 verts=1629248 topSystems=disabled markers=disabled
[FrameRateDiag] fps=42.2 avgFrame=23.7ms updateAvg=4.3ms updateMax=9.6ms cpuFrame=17.5ms cpuMain=14.8ms cpuRender=2.1ms gpu=5.7ms drawCalls=618 batches=0 setPass=63 tris=862358 verts=1628836 units=5001 models=54 sourceKeys=5001 sourceKeyFallbackVisuals=0 initialSpawnConfigs=0 impostors=18 render=screen=1920x1080,batch=0,quality=1:Mobile,vSync=0,targetFps=-1,pipeline=Mobile_RPAsset_MobileCandidate,scale=0.75,msaa=0,camera=Main Camera,cameraData=post:1,aa:FastApproximateAntialiasing,stack:0 memory=alloc=4331MB reserved=4986MB mono=1855MB focused=1 playRequested=1 simulationActive=1 stepStats=none topSystems=disabled markers=disabled
[FrameRateDiag] fps=36.4 avgFrame=27.5ms updateAvg=4.9ms updateMax=11.3ms cpuFrame=20.7ms cpuMain=17.9ms cpuRender=2.4ms gpu=5.5ms drawCalls=618 batches=0 setPass=63 tris=862358 verts=1628836 units=5001 models=54 sourceKeys=5001 sourceKeyFallbackVisuals=0 initialSpawnConfigs=0 impostors=18 render=screen=1920x1080,batch=0,quality=1:Mobile,vSync=0,targetFps=-1,pipeline=Mobile_RPAsset_MobileCandidate,scale=0.75,msaa=0,camera=Main Camera,cameraData=post:1,aa:FastApproximateAntialiasing,stack:0 memory=alloc=4329MB reserved=4986MB mono=1860MB focused=1 playRequested=1 simulationActive=1 stepStats=none topSystems=disabled markers=disabled
[FrameRateDiag] fps=37.4 avgFrame=26.8ms updateAvg=5.1ms updateMax=20.5ms cpuFrame=50.3ms cpuMain=48.2ms cpuRender=1.8ms gpu=9.5ms drawCalls=715 batches=0 setPass=82 tris=1073215 verts=2024653 units=5001 models=54 sourceKeys=5001 sourceKeyFallbackVisuals=0 initialSpawnConfigs=0 impostors=13 render=screen=1920x1080,batch=0,quality=1:Mobile,vSync=0,targetFps=-1,pipeline=Mobile_RPAsset_MobileCandidate,scale=0.75,msaa=0,camera=Main Camera,cameraData=post:1,aa:FastApproximateAntialiasing,stack:0 memory=alloc=4331MB reserved=4986MB mono=1868MB focused=1 playRequested=1 simulationActive=1 stepStats=none topSystems=disabled markers=disabled
[FrameRateDiag] fps=41.4 avgFrame=24.2ms updateAvg=5.2ms updateMax=19.3ms cpuFrame=17.1ms cpuMain=14.8ms cpuRender=2.4ms gpu=8.0ms drawCalls=775 batches=0 setPass=86 tris=1159735 verts=2190297 units=5001 models=54 sourceKeys=5001 sourceKeyFallbackVisuals=0 initialSpawnConfigs=0 impostors=12 render=screen=1920x1080,batch=0,quality=1:Mobile,vSync=0,targetFps=-1,pipeline=Mobile_RPAsset_MobileCandidate,scale=0.75,msaa=0,camera=Main Camera,cameraData=post:1,aa:FastApproximateAntialiasing,stack:0 memory=alloc=4332MB reserved=4986MB mono=1874MB focused=1 playRequested=1 simulationActive=1 stepStats=none topSystems=disabled markers=disabled
[FrameRateDiag] fps=28.2 avgFrame=35.5ms updateAvg=7.1ms updateMax=15.2ms cpuFrame=69.3ms cpuMain=65.9ms cpuRender=3.0ms gpu=8.4ms drawCalls=795 batches=0 setPass=88 tris=1181564 verts=2233933 units=5001 models=54 sourceKeys=5001 sourceKeyFallbackVisuals=0 initialSpawnConfigs=0 impostors=12 render=screen=1920x1080,batch=0,quality=1:Mobile,vSync=0,targetFps=-1,pipeline=Mobile_RPAsset_MobileCandidate,scale=0.75,msaa=0,camera=Main Camera,cameraData=post:1,aa:FastApproximateAntialiasing,stack:0 memory=alloc=4333MB reserved=4986MB mono=1878MB focused=1 playRequested=1 simulationActive=1 stepStats=none topSystems=disabled markers=disabled
[RenderSceneDiag] frame=4907 source=profilerCounters drawCalls=795 batches=0 setPass=88 tris=1181564 verts=2233933 topSystems=disabled markers=disabled
[FrameRateDiag] fps=38.2 avgFrame=26.1ms updateAvg=5.5ms updateMax=11.1ms cpuFrame=20.4ms cpuMain=17.5ms cpuRender=0.5ms gpu=7.1ms drawCalls=809 batches=0 setPass=90 tris=1213458 verts=2294178 units=5002 models=55 sourceKeys=5002 sourceKeyFallbackVisuals=0 initialSpawnConfigs=0 impostors=12 render=screen=1920x1080,batch=0,quality=1:Mobile,vSync=0,targetFps=-1,pipeline=Mobile_RPAsset_MobileCandidate,scale=0.75,msaa=0,camera=Main Camera,cameraData=post:1,aa:FastApproximateAntialiasing,stack:0 memory=alloc=4334MB reserved=4986MB mono=1884MB focused=1 playRequested=1 simulationActive=1 stepStats=none topSystems=disabled markers=disabled
[FrameRateDiag] fps=39.9 avgFrame=25.0ms updateAvg=5.3ms updateMax=9.8ms cpuFrame=16.5ms cpuMain=14.6ms cpuRender=0.5ms gpu=0.2ms drawCalls=824 batches=0 setPass=89 tris=1245240 verts=2369175 units=5003 models=56 sourceKeys=5003 sourceKeyFallbackVisuals=0 initialSpawnConfigs=0 impostors=12 render=screen=1920x1080,batch=0,quality=1:Mobile,vSync=0,targetFps=-1,pipeline=Mobile_RPAsset_MobileCandidate,scale=0.75,msaa=0,camera=Main Camera,cameraData=post:1,aa:FastApproximateAntialiasing,stack:0 memory=alloc=4334MB reserved=4985MB mono=1889MB focused=1 playRequested=1 simulationActive=1 stepStats=none topSystems=disabled markers=disabled
[FrameRateDiag] fps=36.7 avgFrame=27.3ms updateAvg=5.7ms updateMax=11.1ms cpuFrame=18.0ms cpuMain=15.4ms cpuRender=1.9ms gpu=13.1ms drawCalls=839 batches=0 setPass=90 tris=1267510 verts=2397410 units=5004 models=57 sourceKeys=5004 sourceKeyFallbackVisuals=0 initialSpawnConfigs=0 impostors=12 render=screen=1920x1080,batch=0,quality=1:Mobile,vSync=0,targetFps=-1,pipeline=Mobile_RPAsset_MobileCandidate,scale=0.75,msaa=0,camera=Main Camera,cameraData=post:1,aa:FastApproximateAntialiasing,stack:0 memory=alloc=4334MB reserved=4985MB mono=1895MB focused=1 playRequested=1 simulationActive=1 stepStats=none topSystems=disabled markers=disabled
[FrameRateDiag] fps=28.9 avgFrame=34.6ms updateAvg=7.0ms updateMax=16.7ms cpuFrame=29.2ms cpuMain=24.9ms cpuRender=3.3ms gpu=10.1ms drawCalls=849 batches=0 setPass=87 tris=1291492 verts=2452240 units=5005 models=58 sourceKeys=5005 sourceKeyFallbackVisuals=0 initialSpawnConfigs=0 impostors=12 render=screen=1920x1080,batch=0,quality=1:Mobile,vSync=0,targetFps=-1,pipeline=Mobile_RPAsset_MobileCandidate,scale=0.75,msaa=0,camera=Main Camera,cameraData=post:1,aa:FastApproximateAntialiasing,stack:0 memory=alloc=4336MB reserved=4985MB mono=1899MB focused=1 playRequested=1 simulationActive=1 stepStats=none topSystems=disabled markers=disabled
[FreezeDetect] Frame gap frame=5224 Gap=220.1ms GC=0/0/0 LastSteps=RoadBuild=0.0ms, BuildingPlacement=0.1ms, Selection=0.1ms, DayNight=0.0ms, CitizenPopulation=0.0ms, MainMenu=5.5ms
[FrameRateDiag] fps=26.3 avgFrame=38.1ms updateAvg=6.3ms updateMax=15.6ms cpuFrame=46.1ms cpuMain=43.5ms cpuRender=2.0ms gpu=6.8ms drawCalls=824 batches=0 setPass=72 tris=1268279 verts=2396324 units=5005 models=58 sourceKeys=5005 sourceKeyFallbackVisuals=0 initialSpawnConfigs=0 impostors=12 render=screen=1920x1080,batch=0,quality=1:Mobile,vSync=0,targetFps=-1,pipeline=Mobile_RPAsset_MobileCandidate,scale=0.75,msaa=0,camera=Main Camera,cameraData=post:1,aa:FastApproximateAntialiasing,stack:0 memory=alloc=4339MB reserved=5001MB mono=1645MB focused=1 playRequested=1 simulationActive=1 stepStats=none topSystems=disabled markers=disabled
[RenderSceneDiag] frame=5251 source=profilerCounters drawCalls=824 batches=0 setPass=72 tris=1268279 verts=2396324 topSystems=disabled markers=disabled
[FrameRateDiag] fps=39.4 avgFrame=25.4ms updateAvg=4.6ms updateMax=10.0ms cpuFrame=20.3ms cpuMain=17.8ms cpuRender=2.6ms gpu=10.7ms drawCalls=815 batches=0 setPass=66 tris=1268329 verts=2396424 units=5005 models=58 sourceKeys=5005 sourceKeyFallbackVisuals=0 initialSpawnConfigs=0 impostors=12 render=screen=1920x1080,batch=0,quality=1:Mobile,vSync=0,targetFps=-1,pipeline=Mobile_RPAsset_MobileCandidate,scale=0.75,msaa=0,camera=Main Camera,cameraData=post:1,aa:FastApproximateAntialiasing,stack:0 memory=alloc=4334MB reserved=4998MB mono=1646MB focused=1 playRequested=1 simulationActive=1 stepStats=none topSystems=disabled markers=disabled
[FrameRateDiag] fps=41.2 avgFrame=24.3ms updateAvg=4.4ms updateMax=9.5ms cpuFrame=15.8ms cpuMain=13.6ms cpuRender=2.4ms gpu=9.8ms drawCalls=817 batches=0 setPass=66 tris=1268793 verts=2397092 units=5005 models=58 sourceKeys=5005 sourceKeyFallbackVisuals=0 initialSpawnConfigs=0 impostors=12 render=screen=1920x1080,batch=0,quality=1:Mobile,vSync=0,targetFps=-1,pipeline=Mobile_RPAsset_MobileCandidate,scale=0.75,msaa=0,camera=Main Camera,cameraData=post:1,aa:FastApproximateAntialiasing,stack:0 memory=alloc=4335MB reserved=4996MB mono=1647MB focused=1 playRequested=1 simulationActive=1 stepStats=none topSystems=disabled markers=disabled
[FrameRateDiag] fps=36.5 avgFrame=27.4ms updateAvg=5.3ms updateMax=19.9ms cpuFrame=18.5ms cpuMain=16.3ms cpuRender=2.1ms gpu=7.8ms drawCalls=824 batches=0 setPass=79 tris=1269065 verts=2397636 units=5005 models=58 sourceKeys=5005 sourceKeyFallbackVisuals=0 initialSpawnConfigs=0 impostors=12 render=screen=1920x1080,batch=0,quality=1:Mobile,vSync=0,targetFps=-1,pipeline=Mobile_RPAsset_MobileCandidate,scale=0.75,msaa=0,camera=Main Camera,cameraData=post:1,aa:FastApproximateAntialiasing,stack:0 memory=alloc=4336MB reserved=4909MB mono=1650MB focused=1 playRequested=1 simulationActive=1 stepStats=none topSystems=disabled markers=disabled
[PerfDiag] slowUpdate frame=5490 total=33.0ms gc=0/0/0 cpuFrame=50.9ms cpuMain=48.9ms cpuRender=2.0ms gpu=8.2ms steps=RoadBuild=0.0ms, BuildingPlacement=0.1ms, Selection=26.3ms, DayNight=0.0ms, CitizenPopulation=0.0ms, MainMenu=6.5ms units=5005 models=58 sourceKeys=5005 sourceKeyFallbackVisuals=0 initialSpawnConfigs=0 drawCalls=0 batches=0 setPass=0 tris=0 verts=0 memory=alloc=4338MB reserved=4909MB mono=1650MB uiToolkit=0 gameplayInitialized=1 playRequested=1 simulationActive=1 focused=1 vSync=0 targetFps=-1 topSystems=disabled markers=disabled
[FrameRateDiag] fps=37.6 avgFrame=26.6ms updateAvg=6.2ms updateMax=33.0ms cpuFrame=19.1ms cpuMain=15.8ms cpuRender=2.0ms gpu=6.7ms drawCalls=832 batches=0 setPass=87 tris=1271343 verts=2402192 units=5005 models=58 sourceKeys=5005 sourceKeyFallbackVisuals=0 initialSpawnConfigs=0 impostors=12 render=screen=1920x1080,batch=0,quality=1:Mobile,vSync=0,targetFps=-1,pipeline=Mobile_RPAsset_MobileCandidate,scale=0.75,msaa=0,camera=Main Camera,cameraData=post:1,aa:FastApproximateAntialiasing,stack:0 memory=alloc=4341MB reserved=4898MB mono=1652MB focused=1 playRequested=1 simulationActive=1 stepStats=none topSystems=disabled markers=disabled
[FrameRateDiag] fps=33.2 avgFrame=30.1ms updateAvg=6.6ms updateMax=15.5ms cpuFrame=19.8ms cpuMain=15.8ms cpuRender=2.0ms gpu=10.1ms drawCalls=855 batches=0 setPass=87 tris=1330804 verts=2509045 units=5006 models=59 sourceKeys=5006 sourceKeyFallbackVisuals=0 initialSpawnConfigs=0 impostors=12 render=screen=1920x1080,batch=0,quality=1:Mobile,vSync=0,targetFps=-1,pipeline=Mobile_RPAsset_MobileCandidate,scale=0.75,msaa=0,camera=Main Camera,cameraData=post:1,aa:FastApproximateAntialiasing,stack:0 memory=alloc=4345MB reserved=4895MB mono=1655MB focused=1 playRequested=1 simulationActive=1 stepStats=none topSystems=disabled markers=disabled
[RenderSceneDiag] frame=5631 source=profilerCounters drawCalls=855 batches=0 setPass=87 tris=1330804 verts=2509045 topSystems=disabled markers=disabled
[FrameRateDiag] fps=35.0 avgFrame=28.5ms updateAvg=6.0ms updateMax=11.1ms cpuFrame=27.2ms cpuMain=22.8ms cpuRender=2.6ms gpu=6.5ms drawCalls=847 batches=0 setPass=80 tris=1330574 verts=2508585 units=5006 models=59 sourceKeys=5006 sourceKeyFallbackVisuals=0 initialSpawnConfigs=0 impostors=12 render=screen=1920x1080,batch=0,quality=1:Mobile,vSync=0,targetFps=-1,pipeline=Mobile_RPAsset_MobileCandidate,scale=0.75,msaa=0,camera=Main Camera,cameraData=post:1,aa:FastApproximateAntialiasing,stack:0 memory=alloc=4340MB reserved=4895MB mono=1658MB focused=1 playRequested=1 simulationActive=1 stepStats=none topSystems=disabled markers=disabled
[FrameRateDiag] fps=24.5 avgFrame=40.8ms updateAvg=8.3ms updateMax=15.0ms cpuFrame=26.6ms cpuMain=24.0ms cpuRender=2.6ms gpu=6.7ms drawCalls=855 batches=0 setPass=87 tris=1330900 verts=2509237 units=5006 models=59 sourceKeys=5006 sourceKeyFallbackVisuals=0 initialSpawnConfigs=0 impostors=12 render=screen=1920x1080,batch=0,quality=1:Mobile,vSync=0,targetFps=-1,pipeline=Mobile_RPAsset_MobileCandidate,scale=0.75,msaa=0,camera=Main Camera,cameraData=post:1,aa:FastApproximateAntialiasing,stack:0 memory=alloc=4341MB reserved=4895MB mono=1661MB focused=1 playRequested=1 simulationActive=1 stepStats=none topSystems=disabled markers=disabled
[FrameRateDiag] fps=38.7 avgFrame=25.8ms updateAvg=5.8ms updateMax=9.1ms cpuFrame=17.7ms cpuMain=15.4ms cpuRender=2.1ms gpu=11.7ms drawCalls=885 batches=0 setPass=87 tris=1316107 verts=2488741 units=5006 models=59 sourceKeys=5006 sourceKeyFallbackVisuals=0 initialSpawnConfigs=0 impostors=12 render=screen=1920x1080,batch=0,quality=1:Mobile,vSync=0,targetFps=-1,pipeline=Mobile_RPAsset_MobileCandidate,scale=0.75,msaa=0,camera=Main Camera,cameraData=post:1,aa:FastApproximateAntialiasing,stack:0 memory=alloc=4341MB reserved=4895MB mono=1664MB focused=1 playRequested=1 simulationActive=1 stepStats=none topSystems=disabled markers=disabled
[FrameRateDiag] fps=37.8 avgFrame=26.4ms updateAvg=5.9ms updateMax=10.5ms cpuFrame=21.4ms cpuMain=19.3ms cpuRender=2.0ms gpu=6.6ms drawCalls=903 batches=0 setPass=116 tris=1392480 verts=2632293 units=5006 models=59 sourceKeys=5006 sourceKeyFallbackVisuals=0 initialSpawnConfigs=0 impostors=12 render=screen=1920x1080,batch=0,quality=1:Mobile,vSync=0,targetFps=-1,pipeline=Mobile_RPAsset_MobileCandidate,scale=0.75,msaa=0,camera=Main Camera,cameraData=post:1,aa:FastApproximateAntialiasing,stack:0 memory=alloc=4337MB reserved=4893MB mono=1668MB focused=1 playRequested=1 simulationActive=1 stepStats=none topSystems=disabled markers=disabled
[FrameRateDiag] fps=32.7 avgFrame=30.6ms updateAvg=6.5ms updateMax=11.5ms cpuFrame=19.2ms cpuMain=17.3ms cpuRender=2.1ms gpu=8.3ms drawCalls=905 batches=0 setPass=122 tris=1412332 verts=2667359 units=5006 models=59 sourceKeys=5006 sourceKeyFallbackVisuals=0 initialSpawnConfigs=0 impostors=12 render=screen=1920x1080,batch=0,quality=1:Mobile,vSync=0,targetFps=-1,pipeline=Mobile_RPAsset_MobileCandidate,scale=0.75,msaa=0,camera=Main Camera,cameraData=post:1,aa:FastApproximateAntialiasing,stack:0 memory=alloc=4340MB reserved=4893MB mono=1671MB focused=1 playRequested=1 simulationActive=1 stepStats=none topSystems=disabled markers=disabled
[RenderSceneDiag] frame=5973 source=profilerCounters drawCalls=905 batches=0 setPass=122 tris=1412332 verts=2667359 topSystems=disabled markers=disabled
[PerfDiag] slowUpdate frame=6006 total=31.4ms gc=0/0/0 cpuFrame=19.3ms cpuMain=17.4ms cpuRender=2.2ms gpu=6.7ms steps=RoadBuild=0.0ms, BuildingPlacement=0.1ms, Selection=26.3ms, DayNight=0.0ms, CitizenPopulation=0.0ms, MainMenu=5.0ms units=5006 models=59 sourceKeys=5006 sourceKeyFallbackVisuals=0 initialSpawnConfigs=0 drawCalls=904 batches=0 setPass=121 tris=1412426 verts=2667547 memory=alloc=4341MB reserved=4893MB mono=1673MB uiToolkit=0 gameplayInitialized=1 playRequested=1 simulationActive=1 focused=1 vSync=0 targetFps=-1 topSystems=disabled markers=disabled
[FrameRateDiag] fps=37.3 avgFrame=26.8ms updateAvg=6.2ms updateMax=31.4ms cpuFrame=17.7ms cpuMain=15.7ms cpuRender=2.2ms gpu=8.9ms drawCalls=909 batches=0 setPass=129 tris=1412490 verts=2667675 units=5006 models=59 sourceKeys=5006 sourceKeyFallbackVisuals=0 initialSpawnConfigs=0 impostors=12 render=screen=1920x1080,batch=0,quality=1:Mobile,vSync=0,targetFps=-1,pipeline=Mobile_RPAsset_MobileCandidate,scale=0.75,msaa=0,camera=Main Camera,cameraData=post:1,aa:FastApproximateAntialiasing,stack:0 memory=alloc=4343MB reserved=4893MB mono=1675MB focused=1 playRequested=1 simulationActive=1 stepStats=none topSystems=disabled markers=disabled
[FrameRateDiag] fps=41.4 avgFrame=24.2ms updateAvg=4.7ms updateMax=12.2ms cpuFrame=15.8ms cpuMain=13.7ms cpuRender=1.4ms gpu=4.1ms drawCalls=156 batches=0 setPass=94 tris=202584 verts=406693 units=5006 models=59 sourceKeys=5006 sourceKeyFallbackVisuals=0 initialSpawnConfigs=0 impostors=16 render=screen=1920x1080,batch=0,quality=1:Mobile,vSync=0,targetFps=-1,pipeline=Mobile_RPAsset_MobileCandidate,scale=0.75,msaa=0,camera=Main Camera,cameraData=post:1,aa:FastApproximateAntialiasing,stack:0 memory=alloc=4345MB reserved=4893MB mono=1680MB focused=1 playRequested=1 simulationActive=1 stepStats=none topSystems=disabled markers=disabled
[PerfDiag] slowUpdate frame=6148 total=55.8ms gc=0/0/0 cpuFrame=20.8ms cpuMain=18.8ms cpuRender=1.3ms gpu=4.4ms steps=RoadBuild=0.0ms, BuildingPlacement=0.1ms, Selection=52.4ms, DayNight=0.0ms, CitizenPopulation=0.0ms, MainMenu=3.3ms units=5006 models=59 sourceKeys=5006 sourceKeyFallbackVisuals=0 initialSpawnConfigs=0 drawCalls=156 batches=0 setPass=94 tris=202680 verts=406885 memory=alloc=4347MB reserved=4893MB mono=1681MB uiToolkit=0 gameplayInitialized=1 playRequested=1 simulationActive=1 focused=1 vSync=0 targetFps=-1 topSystems=disabled markers=disabled
[AudioDiag] Playback event=VO.ARIA.Message.TacticalBannerAcceptedAttackTitle bus=Voice requestId=51 played=1 status=Presented reason=Played at=117.49 source=null
UnityEngine.Debug:ExtractStackTraceNoAlloc (byte*,int,string)
UnityEngine.StackTraceUtility:ExtractStackTrace () (at /Users/bokken/build/output/unity/unity/Runtime/Export/Scripting/StackTrace.cs:35)
UnityEngine.DebugLogHandler:Internal_Log (UnityEngine.LogType,UnityEngine.LogOption,string,UnityEngine.Object)
UnityEngine.DebugLogHandler:LogFormat (UnityEngine.LogType,UnityEngine.Object,string,object[])
UnityEngine.Logger:Log (UnityEngine.LogType,object)
UnityEngine.Debug:Log (object)
Game.Runtime.AudioPlaybackPresentationDiagnostics:Log (Unity.Entities.EntityManager,Game.Components.AudioPlaybackRequestElement,Game.Configs.AudioEventCatalogEntry,Game.Runtime.AudioPlaybackPresentationResult,single) (at Assets/Game/Scripts/Audio/Runtime/AudioPlaybackPresentationDiagnostics.cs:32)
Game.Runtime.AudioPlaybackPresentationBridgeSystemHelper:DrainAcceptedRequests (Unity.Entities.EntityManager,Game.Configs.AudioEventCatalogConfig,Game.Configs.AudioMixerBusConfig,Game.Runtime.AudioPlaybackPresentationSystemHelper,single) (at Assets/Game/Scripts/Audio/Runtime/AudioPlaybackPresentationBridgeSystemHelper.cs:169)
Game.Runtime.AudioPlaybackPresentationRuntimeView:Update () (at Assets/Game/Scripts/Audio/Runtime/AudioPlaybackPresentationRuntimeView.cs:54)

(Filename: Assets/Game/Scripts/Audio/Runtime/AudioPlaybackPresentationDiagnostics.cs Line: 32)

[FrameRateDiag] fps=40.3 avgFrame=24.8ms updateAvg=4.9ms updateMax=55.8ms cpuFrame=17.0ms cpuMain=14.9ms cpuRender=1.3ms gpu=7.8ms drawCalls=172 batches=0 setPass=89 tris=198596 verts=399861 units=5006 models=59 sourceKeys=5006 sourceKeyFallbackVisuals=0 initialSpawnConfigs=0 impostors=16 render=screen=1920x1080,batch=0,quality=1:Mobile,vSync=0,targetFps=-1,pipeline=Mobile_RPAsset_MobileCandidate,scale=0.75,msaa=0,camera=Main Camera,cameraData=post:1,aa:FastApproximateAntialiasing,stack:0 memory=alloc=4342MB reserved=4893MB mono=1684MB focused=1 playRequested=1 simulationActive=1 stepStats=none topSystems=disabled markers=disabled
[FrameRateDiag] fps=37.8 avgFrame=26.5ms updateAvg=4.4ms updateMax=9.1ms cpuFrame=18.7ms cpuMain=16.3ms cpuRender=1.5ms gpu=7.4ms drawCalls=161 batches=0 setPass=80 tris=198072 verts=398813 units=5006 models=59 sourceKeys=5006 sourceKeyFallbackVisuals=0 initialSpawnConfigs=0 impostors=16 render=screen=1920x1080,batch=0,quality=1:Mobile,vSync=0,targetFps=-1,pipeline=Mobile_RPAsset_MobileCandidate,scale=0.75,msaa=0,camera=Main Camera,cameraData=post:1,aa:FastApproximateAntialiasing,stack:0 memory=alloc=4340MB reserved=4894MB mono=1689MB focused=1 playRequested=1 simulationActive=1 stepStats=none topSystems=disabled markers=disabled
[FrameRateDiag] fps=42.4 avgFrame=23.6ms updateAvg=4.1ms updateMax=11.5ms cpuFrame=15.9ms cpuMain=12.5ms cpuRender=1.2ms gpu=4.0ms drawCalls=169 batches=0 setPass=87 tris=198402 verts=399473 units=5006 models=59 sourceKeys=5006 sourceKeyFallbackVisuals=0 initialSpawnConfigs=0 impostors=16 render=screen=1920x1080,batch=0,quality=1:Mobile,vSync=0,targetFps=-1,pipeline=Mobile_RPAsset_MobileCandidate,scale=0.75,msaa=0,camera=Main Camera,cameraData=post:1,aa:FastApproximateAntialiasing,stack:0 memory=alloc=4331MB reserved=4894MB mono=1694MB focused=1 playRequested=1 simulationActive=1 stepStats=none topSystems=disabled markers=disabled
[RenderSceneDiag] frame=6375 source=profilerCounters drawCalls=169 batches=0 setPass=87 tris=198402 verts=399473 topSystems=disabled markers=disabled
[FrameRateDiag] fps=48.5 avgFrame=20.6ms updateAvg=3.6ms updateMax=7.2ms cpuFrame=15.4ms cpuMain=12.6ms cpuRender=1.1ms gpu=5.2ms drawCalls=169 batches=0 setPass=87 tris=198312 verts=399293 units=5006 models=59 sourceKeys=5006 sourceKeyFallbackVisuals=0 initialSpawnConfigs=0 impostors=16 render=screen=1920x1080,batch=0,quality=1:Mobile,vSync=0,targetFps=-1,pipeline=Mobile_RPAsset_MobileCandidate,scale=0.75,msaa=0,camera=Main Camera,cameraData=post:1,aa:FastApproximateAntialiasing,stack:0 memory=alloc=4331MB reserved=4894MB mono=1700MB focused=1 playRequested=1 simulationActive=1 stepStats=none topSystems=disabled markers=disabled
[FrameRateDiag] fps=44.0 avgFrame=22.7ms updateAvg=4.1ms updateMax=8.2ms cpuFrame=46.6ms cpuMain=44.1ms cpuRender=1.4ms gpu=4.2ms drawCalls=176 batches=0 setPass=102 tris=202700 verts=406823 units=5006 models=59 sourceKeys=5006 sourceKeyFallbackVisuals=0 initialSpawnConfigs=0 impostors=16 render=screen=1920x1080,batch=0,quality=1:Mobile,vSync=0,targetFps=-1,pipeline=Mobile_RPAsset_MobileCandidate,scale=0.75,msaa=0,camera=Main Camera,cameraData=post:1,aa:FastApproximateAntialiasing,stack:0 memory=alloc=4334MB reserved=4894MB mono=1705MB focused=1 playRequested=1 simulationActive=1 stepStats=none topSystems=disabled markers=disabled
[AudioDiag] Playback event=VO.ARIA.Message.TacticalBannerAcceptedAttackTitle bus=Voice requestId=91 played=1 status=Presented reason=Played at=127.94 source=null
UnityEngine.Debug:ExtractStackTraceNoAlloc (byte*,int,string)
UnityEngine.StackTraceUtility:ExtractStackTrace () (at /Users/bokken/build/output/unity/unity/Runtime/Export/Scripting/StackTrace.cs:35)
UnityEngine.DebugLogHandler:Internal_Log (UnityEngine.LogType,UnityEngine.LogOption,string,UnityEngine.Object)
UnityEngine.DebugLogHandler:LogFormat (UnityEngine.LogType,UnityEngine.Object,string,object[])
UnityEngine.Logger:Log (UnityEngine.LogType,object)
UnityEngine.Debug:Log (object)
Game.Runtime.AudioPlaybackPresentationDiagnostics:Log (Unity.Entities.EntityManager,Game.Components.AudioPlaybackRequestElement,Game.Configs.AudioEventCatalogEntry,Game.Runtime.AudioPlaybackPresentationResult,single) (at Assets/Game/Scripts/Audio/Runtime/AudioPlaybackPresentationDiagnostics.cs:32)
Game.Runtime.AudioPlaybackPresentationBridgeSystemHelper:DrainAcceptedRequests (Unity.Entities.EntityManager,Game.Configs.AudioEventCatalogConfig,Game.Configs.AudioMixerBusConfig,Game.Runtime.AudioPlaybackPresentationSystemHelper,single) (at Assets/Game/Scripts/Audio/Runtime/AudioPlaybackPresentationBridgeSystemHelper.cs:169)
Game.Runtime.AudioPlaybackPresentationRuntimeView:Update () (at Assets/Game/Scripts/Audio/Runtime/AudioPlaybackPresentationRuntimeView.cs:54)

(Filename: Assets/Game/Scripts/Audio/Runtime/AudioPlaybackPresentationDiagnostics.cs Line: 32)

[AudioDiag] Suppressed Alert.Unit.UnderAttack reason=GenericUnderAttackAlertDisabled sourceSystem=UnitAttackSystem requestedAt=122.18 damage=22 target=entity=826:7 name='Light Armored Car' source='Unit_Veh_Light_Armored_Car' faction=1 cell=(1239,271) hp=158/180 attacker=entity=921:7 name='Ghillie Rocketeer' source='Unit_Chr_Ghillie_Male_01' faction=2 cell=(1252,255) hp=90/90
UnityEngine.Debug:ExtractStackTraceNoAlloc (byte*,int,string)
UnityEngine.StackTraceUtility:ExtractStackTrace () (at /Users/bokken/build/output/unity/unity/Runtime/Export/Scripting/StackTrace.cs:35)
UnityEngine.DebugLogHandler:Internal_Log (UnityEngine.LogType,UnityEngine.LogOption,string,UnityEngine.Object)
UnityEngine.DebugLogHandler:LogFormat (UnityEngine.LogType,UnityEngine.Object,string,object[])
UnityEngine.Logger:Log (UnityEngine.LogType,object)
UnityEngine.Debug:Log (object)
Game.Runtime.UnitAttackSystem:LogSuppressedUnitUnderAttackAudio (Unity.Entities.EntityManager,Unity.Entities.Entity,Unity.Entities.Entity,int,single,string,string) (at Assets/Game/Scripts/Systems/UnitAttackSystem.cs:518)
Game.Runtime.UnitAttackSystem:TryEmitUnitUnderAttackAudio (Unity.Entities.EntityManager,Unity.Entities.Entity,single,Unity.Entities.Entity,int,string) (at Assets/Game/Scripts/Systems/UnitAttackSystem.cs:470)
Game.Runtime.UnitAttackSystem:OnUpdate (Unity.Entities.SystemState&) (at Assets/Game/Scripts/Systems/UnitAttackSystem.cs:394)
Game.Runtime.UnitAttackSystem:__codegen__OnUpdate (intptr,intptr)
Unity.Entities.SystemBaseRegistry/<>c__DisplayClass9_0:<SelectBurstFn>b__0 (intptr,intptr) (at ./Library/PackageCache/com.unity.entities@bab66ffaba49/Unity.Entities/SystemBaseRegistry.cs:251)
Unity.Entities.WorldUnmanagedImpl/Unity.Entities.UnmanagedUpdate_000015A0$BurstDirectCall:Invoke (void*)
Unity.Entities.WorldUnmanagedImpl:UnmanagedUpdate (void*)
Unity.Entities.WorldUnmanagedImpl:UpdateSystem (Unity.Entities.SystemHandle) (at ./Library/PackageCache/com.unity.entities@bab66ffaba49/Unity.Entities/WorldUnmanaged.cs:942)
Unity.Entities.ComponentSystemGroup:UpdateAllSystems () (at ./Library/PackageCache/com.unity.entities@bab66ffaba49/Unity.Entities/ComponentSystemGroup.cs:725)
Unity.Entities.ComponentSystemGroup:OnUpdate () (at ./Library/PackageCache/com.unity.entities@bab66ffaba49/Unity.Entities/ComponentSystemGroup.cs:687)
Unity.Entities.SystemBase:Update () (at ./Library/PackageCache/com.unity.entities@bab66ffaba49/Unity.Entities/SystemBase.cs:205)
Unity.Entities.ScriptBehaviourUpdateOrder/DummyDelegateWrapper:TriggerUpdate () (at ./Library/PackageCache/com.unity.entities@bab66ffaba49/Unity.Entities/ScriptBehaviourUpdateOrder.cs:523)

(Filename: Assets/Game/Scripts/Systems/UnitAttackSystem.cs Line: 518)

[FrameRateDiag] fps=41.5 avgFrame=24.1ms updateAvg=4.2ms updateMax=11.1ms cpuFrame=19.2ms cpuMain=17.2ms cpuRender=1.3ms gpu=7.5ms drawCalls=171 batches=0 setPass=87 tris=198314 verts=399297 units=5006 models=59 sourceKeys=5006 sourceKeyFallbackVisuals=0 initialSpawnConfigs=0 impostors=16 render=screen=1920x1080,batch=0,quality=1:Mobile,vSync=0,targetFps=-1,pipeline=Mobile_RPAsset_MobileCandidate,scale=0.75,msaa=0,camera=Main Camera,cameraData=post:1,aa:FastApproximateAntialiasing,stack:0 memory=alloc=4359MB reserved=4908MB mono=1711MB focused=1 playRequested=1 simulationActive=1 stepStats=none topSystems=disabled markers=disabled
[AudioDiag] Suppressed Alert.Unit.UnderAttack reason=GenericUnderAttackAlertDisabled sourceSystem=UnitAttackSystem requestedAt=123.20 damage=22 target=entity=826:7 name='Light Armored Car' source='Unit_Veh_Light_Armored_Car' faction=1 cell=(1239,271) hp=136/180 attacker=entity=921:7 name='Ghillie Rocketeer' source='Unit_Chr_Ghillie_Male_01' faction=2 cell=(1252,255) hp=78/90
UnityEngine.Debug:ExtractStackTraceNoAlloc (byte*,int,string)
UnityEngine.StackTraceUtility:ExtractStackTrace () (at /Users/bokken/build/output/unity/unity/Runtime/Export/Scripting/StackTrace.cs:35)
UnityEngine.DebugLogHandler:Internal_Log (UnityEngine.LogType,UnityEngine.LogOption,string,UnityEngine.Object)
UnityEngine.DebugLogHandler:LogFormat (UnityEngine.LogType,UnityEngine.Object,string,object[])
UnityEngine.Logger:Log (UnityEngine.LogType,object)
UnityEngine.Debug:Log (object)
Game.Runtime.UnitAttackSystem:LogSuppressedUnitUnderAttackAudio (Unity.Entities.EntityManager,Unity.Entities.Entity,Unity.Entities.Entity,int,single,string,string) (at Assets/Game/Scripts/Systems/UnitAttackSystem.cs:518)
Game.Runtime.UnitAttackSystem:TryEmitUnitUnderAttackAudio (Unity.Entities.EntityManager,Unity.Entities.Entity,single,Unity.Entities.Entity,int,string) (at Assets/Game/Scripts/Systems/UnitAttackSystem.cs:470)
Game.Runtime.UnitAttackSystem:OnUpdate (Unity.Entities.SystemState&) (at Assets/Game/Scripts/Systems/UnitAttackSystem.cs:394)
Game.Runtime.UnitAttackSystem:__codegen__OnUpdate (intptr,intptr)
Unity.Entities.SystemBaseRegistry/<>c__DisplayClass9_0:<SelectBurstFn>b__0 (intptr,intptr) (at ./Library/PackageCache/com.unity.entities@bab66ffaba49/Unity.Entities/SystemBaseRegistry.cs:251)
Unity.Entities.WorldUnmanagedImpl/Unity.Entities.UnmanagedUpdate_000015A0$BurstDirectCall:Invoke (void*)
Unity.Entities.WorldUnmanagedImpl:UnmanagedUpdate (void*)
Unity.Entities.WorldUnmanagedImpl:UpdateSystem (Unity.Entities.SystemHandle) (at ./Library/PackageCache/com.unity.entities@bab66ffaba49/Unity.Entities/WorldUnmanaged.cs:942)
Unity.Entities.ComponentSystemGroup:UpdateAllSystems () (at ./Library/PackageCache/com.unity.entities@bab66ffaba49/Unity.Entities/ComponentSystemGroup.cs:725)
Unity.Entities.ComponentSystemGroup:OnUpdate () (at ./Library/PackageCache/com.unity.entities@bab66ffaba49/Unity.Entities/ComponentSystemGroup.cs:687)
Unity.Entities.SystemBase:Update () (at ./Library/PackageCache/com.unity.entities@bab66ffaba49/Unity.Entities/SystemBase.cs:205)
Unity.Entities.ScriptBehaviourUpdateOrder/DummyDelegateWrapper:TriggerUpdate () (at ./Library/PackageCache/com.unity.entities@bab66ffaba49/Unity.Entities/ScriptBehaviourUpdateOrder.cs:523)

(Filename: Assets/Game/Scripts/Systems/UnitAttackSystem.cs Line: 518)

[AudioDiag] Suppressed Alert.Unit.UnderAttack reason=GenericUnderAttackAlertDisabled sourceSystem=UnitAttackSystem requestedAt=124.20 damage=22 target=entity=826:7 name='Light Armored Car' source='Unit_Veh_Light_Armored_Car' faction=1 cell=(1239,271) hp=114/180 attacker=entity=921:7 name='Ghillie Rocketeer' source='Unit_Chr_Ghillie_Male_01' faction=2 cell=(1252,255) hp=66/90
UnityEngine.Debug:ExtractStackTraceNoAlloc (byte*,int,string)
UnityEngine.StackTraceUtility:ExtractStackTrace () (at /Users/bokken/build/output/unity/unity/Runtime/Export/Scripting/StackTrace.cs:35)
UnityEngine.DebugLogHandler:Internal_Log (UnityEngine.LogType,UnityEngine.LogOption,string,UnityEngine.Object)
UnityEngine.DebugLogHandler:LogFormat (UnityEngine.LogType,UnityEngine.Object,string,object[])
UnityEngine.Logger:Log (UnityEngine.LogType,object)
UnityEngine.Debug:Log (object)
Game.Runtime.UnitAttackSystem:LogSuppressedUnitUnderAttackAudio (Unity.Entities.EntityManager,Unity.Entities.Entity,Unity.Entities.Entity,int,single,string,string) (at Assets/Game/Scripts/Systems/UnitAttackSystem.cs:518)
Game.Runtime.UnitAttackSystem:TryEmitUnitUnderAttackAudio (Unity.Entities.EntityManager,Unity.Entities.Entity,single,Unity.Entities.Entity,int,string) (at Assets/Game/Scripts/Systems/UnitAttackSystem.cs:470)
Game.Runtime.UnitAttackSystem:OnUpdate (Unity.Entities.SystemState&) (at Assets/Game/Scripts/Systems/UnitAttackSystem.cs:394)
Game.Runtime.UnitAttackSystem:__codegen__OnUpdate (intptr,intptr)
Unity.Entities.SystemBaseRegistry/<>c__DisplayClass9_0:<SelectBurstFn>b__0 (intptr,intptr) (at ./Library/PackageCache/com.unity.entities@bab66ffaba49/Unity.Entities/SystemBaseRegistry.cs:251)
Unity.Entities.WorldUnmanagedImpl/Unity.Entities.UnmanagedUpdate_000015A0$BurstDirectCall:Invoke (void*)
Unity.Entities.WorldUnmanagedImpl:UnmanagedUpdate (void*)
Unity.Entities.WorldUnmanagedImpl:UpdateSystem (Unity.Entities.SystemHandle) (at ./Library/PackageCache/com.unity.entities@bab66ffaba49/Unity.Entities/WorldUnmanaged.cs:942)
Unity.Entities.ComponentSystemGroup:UpdateAllSystems () (at ./Library/PackageCache/com.unity.entities@bab66ffaba49/Unity.Entities/ComponentSystemGroup.cs:725)
Unity.Entities.ComponentSystemGroup:OnUpdate () (at ./Library/PackageCache/com.unity.entities@bab66ffaba49/Unity.Entities/ComponentSystemGroup.cs:687)
Unity.Entities.SystemBase:Update () (at ./Library/PackageCache/com.unity.entities@bab66ffaba49/Unity.Entities/SystemBase.cs:205)
Unity.Entities.ScriptBehaviourUpdateOrder/DummyDelegateWrapper:TriggerUpdate () (at ./Library/PackageCache/com.unity.entities@bab66ffaba49/Unity.Entities/ScriptBehaviourUpdateOrder.cs:523)

(Filename: Assets/Game/Scripts/Systems/UnitAttackSystem.cs Line: 518)

[FrameRateDiag] fps=45.4 avgFrame=22.0ms updateAvg=4.0ms updateMax=7.9ms cpuFrame=18.7ms cpuMain=16.8ms cpuRender=1.2ms gpu=5.2ms drawCalls=163 batches=0 setPass=80 tris=197976 verts=398621 units=5006 models=59 sourceKeys=5006 sourceKeyFallbackVisuals=0 initialSpawnConfigs=0 impostors=16 render=screen=1920x1080,batch=0,quality=1:Mobile,vSync=0,targetFps=-1,pipeline=Mobile_RPAsset_MobileCandidate,scale=0.75,msaa=0,camera=Main Camera,cameraData=post:1,aa:FastApproximateAntialiasing,stack:0 memory=alloc=4384MB reserved=4922MB mono=1716MB focused=1 playRequested=1 simulationActive=1 stepStats=none topSystems=disabled markers=disabled
[AudioDiag] Suppressed Alert.Unit.UnderAttack reason=GenericUnderAttackAlertDisabled sourceSystem=UnitAttackSystem requestedAt=125.21 damage=22 target=entity=826:7 name='Light Armored Car' source='Unit_Veh_Light_Armored_Car' faction=1 cell=(1239,271) hp=92/180 attacker=entity=921:7 name='Ghillie Rocketeer' source='Unit_Chr_Ghillie_Male_01' faction=2 cell=(1252,255) hp=54/90
UnityEngine.Debug:ExtractStackTraceNoAlloc (byte*,int,string)
UnityEngine.StackTraceUtility:ExtractStackTrace () (at /Users/bokken/build/output/unity/unity/Runtime/Export/Scripting/StackTrace.cs:35)
UnityEngine.DebugLogHandler:Internal_Log (UnityEngine.LogType,UnityEngine.LogOption,string,UnityEngine.Object)
UnityEngine.DebugLogHandler:LogFormat (UnityEngine.LogType,UnityEngine.Object,string,object[])
UnityEngine.Logger:Log (UnityEngine.LogType,object)
UnityEngine.Debug:Log (object)
Game.Runtime.UnitAttackSystem:LogSuppressedUnitUnderAttackAudio (Unity.Entities.EntityManager,Unity.Entities.Entity,Unity.Entities.Entity,int,single,string,string) (at Assets/Game/Scripts/Systems/UnitAttackSystem.cs:518)
Game.Runtime.UnitAttackSystem:TryEmitUnitUnderAttackAudio (Unity.Entities.EntityManager,Unity.Entities.Entity,single,Unity.Entities.Entity,int,string) (at Assets/Game/Scripts/Systems/UnitAttackSystem.cs:470)
Game.Runtime.UnitAttackSystem:OnUpdate (Unity.Entities.SystemState&) (at Assets/Game/Scripts/Systems/UnitAttackSystem.cs:394)
Game.Runtime.UnitAttackSystem:__codegen__OnUpdate (intptr,intptr)
Unity.Entities.SystemBaseRegistry/<>c__DisplayClass9_0:<SelectBurstFn>b__0 (intptr,intptr) (at ./Library/PackageCache/com.unity.entities@bab66ffaba49/Unity.Entities/SystemBaseRegistry.cs:251)
Unity.Entities.WorldUnmanagedImpl/Unity.Entities.UnmanagedUpdate_000015A0$BurstDirectCall:Invoke (void*)
Unity.Entities.WorldUnmanagedImpl:UnmanagedUpdate (void*)
Unity.Entities.WorldUnmanagedImpl:UpdateSystem (Unity.Entities.SystemHandle) (at ./Library/PackageCache/com.unity.entities@bab66ffaba49/Unity.Entities/WorldUnmanaged.cs:942)
Unity.Entities.ComponentSystemGroup:UpdateAllSystems () (at ./Library/PackageCache/com.unity.entities@bab66ffaba49/Unity.Entities/ComponentSystemGroup.cs:725)
Unity.Entities.ComponentSystemGroup:OnUpdate () (at ./Library/PackageCache/com.unity.entities@bab66ffaba49/Unity.Entities/ComponentSystemGroup.cs:687)
Unity.Entities.SystemBase:Update () (at ./Library/PackageCache/com.unity.entities@bab66ffaba49/Unity.Entities/SystemBase.cs:205)
Unity.Entities.ScriptBehaviourUpdateOrder/DummyDelegateWrapper:TriggerUpdate () (at ./Library/PackageCache/com.unity.entities@bab66ffaba49/Unity.Entities/ScriptBehaviourUpdateOrder.cs:523)

(Filename: Assets/Game/Scripts/Systems/UnitAttackSystem.cs Line: 518)

[AudioDiag] Suppressed Alert.Unit.UnderAttack reason=GenericUnderAttackAlertDisabled sourceSystem=UnitAttackSystem requestedAt=126.24 damage=22 target=entity=826:7 name='Light Armored Car' source='Unit_Veh_Light_Armored_Car' faction=1 cell=(1239,271) hp=70/180 attacker=entity=921:7 name='Ghillie Rocketeer' source='Unit_Chr_Ghillie_Male_01' faction=2 cell=(1252,255) hp=42/90
UnityEngine.Debug:ExtractStackTraceNoAlloc (byte*,int,string)
UnityEngine.StackTraceUtility:ExtractStackTrace () (at /Users/bokken/build/output/unity/unity/Runtime/Export/Scripting/StackTrace.cs:35)
UnityEngine.DebugLogHandler:Internal_Log (UnityEngine.LogType,UnityEngine.LogOption,string,UnityEngine.Object)
UnityEngine.DebugLogHandler:LogFormat (UnityEngine.LogType,UnityEngine.Object,string,object[])
UnityEngine.Logger:Log (UnityEngine.LogType,object)
UnityEngine.Debug:Log (object)
Game.Runtime.UnitAttackSystem:LogSuppressedUnitUnderAttackAudio (Unity.Entities.EntityManager,Unity.Entities.Entity,Unity.Entities.Entity,int,single,string,string) (at Assets/Game/Scripts/Systems/UnitAttackSystem.cs:518)
Game.Runtime.UnitAttackSystem:TryEmitUnitUnderAttackAudio (Unity.Entities.EntityManager,Unity.Entities.Entity,single,Unity.Entities.Entity,int,string) (at Assets/Game/Scripts/Systems/UnitAttackSystem.cs:470)
Game.Runtime.UnitAttackSystem:OnUpdate (Unity.Entities.SystemState&) (at Assets/Game/Scripts/Systems/UnitAttackSystem.cs:394)
Game.Runtime.UnitAttackSystem:__codegen__OnUpdate (intptr,intptr)
Unity.Entities.SystemBaseRegistry/<>c__DisplayClass9_0:<SelectBurstFn>b__0 (intptr,intptr) (at ./Library/PackageCache/com.unity.entities@bab66ffaba49/Unity.Entities/SystemBaseRegistry.cs:251)
Unity.Entities.WorldUnmanagedImpl/Unity.Entities.UnmanagedUpdate_000015A0$BurstDirectCall:Invoke (void*)
Unity.Entities.WorldUnmanagedImpl:UnmanagedUpdate (void*)
Unity.Entities.WorldUnmanagedImpl:UpdateSystem (Unity.Entities.SystemHandle) (at ./Library/PackageCache/com.unity.entities@bab66ffaba49/Unity.Entities/WorldUnmanaged.cs:942)
Unity.Entities.ComponentSystemGroup:UpdateAllSystems () (at ./Library/PackageCache/com.unity.entities@bab66ffaba49/Unity.Entities/ComponentSystemGroup.cs:725)
Unity.Entities.ComponentSystemGroup:OnUpdate () (at ./Library/PackageCache/com.unity.entities@bab66ffaba49/Unity.Entities/ComponentSystemGroup.cs:687)
Unity.Entities.SystemBase:Update () (at ./Library/PackageCache/com.unity.entities@bab66ffaba49/Unity.Entities/SystemBase.cs:205)
Unity.Entities.ScriptBehaviourUpdateOrder/DummyDelegateWrapper:TriggerUpdate () (at ./Library/PackageCache/com.unity.entities@bab66ffaba49/Unity.Entities/ScriptBehaviourUpdateOrder.cs:523)

(Filename: Assets/Game/Scripts/Systems/UnitAttackSystem.cs Line: 518)

[FrameRateDiag] fps=33.7 avgFrame=29.7ms updateAvg=5.1ms updateMax=10.2ms cpuFrame=20.0ms cpuMain=16.9ms cpuRender=0.5ms gpu=4.4ms drawCalls=165 batches=0 setPass=80 tris=198156 verts=398981 units=5006 models=59 sourceKeys=5006 sourceKeyFallbackVisuals=0 initialSpawnConfigs=0 impostors=16 render=screen=1920x1080,batch=0,quality=1:Mobile,vSync=0,targetFps=-1,pipeline=Mobile_RPAsset_MobileCandidate,scale=0.75,msaa=0,camera=Main Camera,cameraData=post:1,aa:FastApproximateAntialiasing,stack:0 memory=alloc=4388MB reserved=4922MB mono=1720MB focused=1 playRequested=1 simulationActive=1 stepStats=none topSystems=disabled markers=disabled
[RenderSceneDiag] frame=6804 source=profilerCounters drawCalls=165 batches=0 setPass=80 tris=198156 verts=398981 topSystems=disabled markers=disabled
[AudioDiag] Suppressed Alert.Unit.UnderAttack reason=GenericUnderAttackAlertDisabled sourceSystem=UnitAttackSystem requestedAt=127.27 damage=22 target=entity=826:7 name='Light Armored Car' source='Unit_Veh_Light_Armored_Car' faction=1 cell=(1239,271) hp=48/180 attacker=entity=921:7 name='Ghillie Rocketeer' source='Unit_Chr_Ghillie_Male_01' faction=2 cell=(1252,255) hp=30/90
UnityEngine.Debug:ExtractStackTraceNoAlloc (byte*,int,string)
UnityEngine.StackTraceUtility:ExtractStackTrace () (at /Users/bokken/build/output/unity/unity/Runtime/Export/Scripting/StackTrace.cs:35)
UnityEngine.DebugLogHandler:Internal_Log (UnityEngine.LogType,UnityEngine.LogOption,string,UnityEngine.Object)
UnityEngine.DebugLogHandler:LogFormat (UnityEngine.LogType,UnityEngine.Object,string,object[])
UnityEngine.Logger:Log (UnityEngine.LogType,object)
UnityEngine.Debug:Log (object)
Game.Runtime.UnitAttackSystem:LogSuppressedUnitUnderAttackAudio (Unity.Entities.EntityManager,Unity.Entities.Entity,Unity.Entities.Entity,int,single,string,string) (at Assets/Game/Scripts/Systems/UnitAttackSystem.cs:518)
Game.Runtime.UnitAttackSystem:TryEmitUnitUnderAttackAudio (Unity.Entities.EntityManager,Unity.Entities.Entity,single,Unity.Entities.Entity,int,string) (at Assets/Game/Scripts/Systems/UnitAttackSystem.cs:470)
Game.Runtime.UnitAttackSystem:OnUpdate (Unity.Entities.SystemState&) (at Assets/Game/Scripts/Systems/UnitAttackSystem.cs:394)
Game.Runtime.UnitAttackSystem:__codegen__OnUpdate (intptr,intptr)
Unity.Entities.SystemBaseRegistry/<>c__DisplayClass9_0:<SelectBurstFn>b__0 (intptr,intptr) (at ./Library/PackageCache/com.unity.entities@bab66ffaba49/Unity.Entities/SystemBaseRegistry.cs:251)
Unity.Entities.WorldUnmanagedImpl/Unity.Entities.UnmanagedUpdate_000015A0$BurstDirectCall:Invoke (void*)
Unity.Entities.WorldUnmanagedImpl:UnmanagedUpdate (void*)
Unity.Entities.WorldUnmanagedImpl:UpdateSystem (Unity.Entities.SystemHandle) (at ./Library/PackageCache/com.unity.entities@bab66ffaba49/Unity.Entities/WorldUnmanaged.cs:942)
Unity.Entities.ComponentSystemGroup:UpdateAllSystems () (at ./Library/PackageCache/com.unity.entities@bab66ffaba49/Unity.Entities/ComponentSystemGroup.cs:725)
Unity.Entities.ComponentSystemGroup:OnUpdate () (at ./Library/PackageCache/com.unity.entities@bab66ffaba49/Unity.Entities/ComponentSystemGroup.cs:687)
Unity.Entities.SystemBase:Update () (at ./Library/PackageCache/com.unity.entities@bab66ffaba49/Unity.Entities/SystemBase.cs:205)
Unity.Entities.ScriptBehaviourUpdateOrder/DummyDelegateWrapper:TriggerUpdate () (at ./Library/PackageCache/com.unity.entities@bab66ffaba49/Unity.Entities/ScriptBehaviourUpdateOrder.cs:523)

(Filename: Assets/Game/Scripts/Systems/UnitAttackSystem.cs Line: 518)

[AudioDiag] Suppressed Alert.Unit.UnderAttack reason=GenericUnderAttackAlertDisabled sourceSystem=UnitAttackSystem requestedAt=128.27 damage=22 target=entity=826:7 name='Light Armored Car' source='Unit_Veh_Light_Armored_Car' faction=1 cell=(1239,271) hp=26/180 attacker=entity=921:7 name='Ghillie Rocketeer' source='Unit_Chr_Ghillie_Male_01' faction=2 cell=(1252,255) hp=18/90
UnityEngine.Debug:ExtractStackTraceNoAlloc (byte*,int,string)
UnityEngine.StackTraceUtility:ExtractStackTrace () (at /Users/bokken/build/output/unity/unity/Runtime/Export/Scripting/StackTrace.cs:35)
UnityEngine.DebugLogHandler:Internal_Log (UnityEngine.LogType,UnityEngine.LogOption,string,UnityEngine.Object)
UnityEngine.DebugLogHandler:LogFormat (UnityEngine.LogType,UnityEngine.Object,string,object[])
UnityEngine.Logger:Log (UnityEngine.LogType,object)
UnityEngine.Debug:Log (object)
Game.Runtime.UnitAttackSystem:LogSuppressedUnitUnderAttackAudio (Unity.Entities.EntityManager,Unity.Entities.Entity,Unity.Entities.Entity,int,single,string,string) (at Assets/Game/Scripts/Systems/UnitAttackSystem.cs:518)
Game.Runtime.UnitAttackSystem:TryEmitUnitUnderAttackAudio (Unity.Entities.EntityManager,Unity.Entities.Entity,single,Unity.Entities.Entity,int,string) (at Assets/Game/Scripts/Systems/UnitAttackSystem.cs:470)
Game.Runtime.UnitAttackSystem:OnUpdate (Unity.Entities.SystemState&) (at Assets/Game/Scripts/Systems/UnitAttackSystem.cs:394)
Game.Runtime.UnitAttackSystem:__codegen__OnUpdate (intptr,intptr)
Unity.Entities.SystemBaseRegistry/<>c__DisplayClass9_0:<SelectBurstFn>b__0 (intptr,intptr) (at ./Library/PackageCache/com.unity.entities@bab66ffaba49/Unity.Entities/SystemBaseRegistry.cs:251)
Unity.Entities.WorldUnmanagedImpl/Unity.Entities.UnmanagedUpdate_000015A0$BurstDirectCall:Invoke (void*)
Unity.Entities.WorldUnmanagedImpl:UnmanagedUpdate (void*)
Unity.Entities.WorldUnmanagedImpl:UpdateSystem (Unity.Entities.SystemHandle) (at ./Library/PackageCache/com.unity.entities@bab66ffaba49/Unity.Entities/WorldUnmanaged.cs:942)
Unity.Entities.ComponentSystemGroup:UpdateAllSystems () (at ./Library/PackageCache/com.unity.entities@bab66ffaba49/Unity.Entities/ComponentSystemGroup.cs:725)
Unity.Entities.ComponentSystemGroup:OnUpdate () (at ./Library/PackageCache/com.unity.entities@bab66ffaba49/Unity.Entities/ComponentSystemGroup.cs:687)
Unity.Entities.SystemBase:Update () (at ./Library/PackageCache/com.unity.entities@bab66ffaba49/Unity.Entities/SystemBase.cs:205)
Unity.Entities.ScriptBehaviourUpdateOrder/DummyDelegateWrapper:TriggerUpdate () (at ./Library/PackageCache/com.unity.entities@bab66ffaba49/Unity.Entities/ScriptBehaviourUpdateOrder.cs:523)

(Filename: Assets/Game/Scripts/Systems/UnitAttackSystem.cs Line: 518)

[FrameRateDiag] fps=45.7 avgFrame=21.9ms updateAvg=3.9ms updateMax=7.6ms cpuFrame=54.8ms cpuMain=47.7ms cpuRender=2.1ms gpu=14.8ms drawCalls=163 batches=0 setPass=80 tris=197976 verts=398621 units=5006 models=59 sourceKeys=5006 sourceKeyFallbackVisuals=0 initialSpawnConfigs=0 impostors=16 render=screen=1920x1080,batch=0,quality=1:Mobile,vSync=0,targetFps=-1,pipeline=Mobile_RPAsset_MobileCandidate,scale=0.75,msaa=0,camera=Main Camera,cameraData=post:1,aa:FastApproximateAntialiasing,stack:0 memory=alloc=4388MB reserved=4921MB mono=1726MB focused=1 playRequested=1 simulationActive=1 stepStats=none topSystems=disabled markers=disabled
[AudioDiag] Suppressed Alert.Unit.UnderAttack reason=GenericUnderAttackAlertDisabled sourceSystem=UnitAttackSystem requestedAt=129.29 damage=22 target=entity=826:7 name='Light Armored Car' source='Unit_Veh_Light_Armored_Car' faction=1 cell=(1239,271) hp=4/180 attacker=entity=921:7 name='Ghillie Rocketeer' source='Unit_Chr_Ghillie_Male_01' faction=2 cell=(1252,255) hp=6/90
UnityEngine.Debug:ExtractStackTraceNoAlloc (byte*,int,string)
UnityEngine.StackTraceUtility:ExtractStackTrace () (at /Users/bokken/build/output/unity/unity/Runtime/Export/Scripting/StackTrace.cs:35)
UnityEngine.DebugLogHandler:Internal_Log (UnityEngine.LogType,UnityEngine.LogOption,string,UnityEngine.Object)
UnityEngine.DebugLogHandler:LogFormat (UnityEngine.LogType,UnityEngine.Object,string,object[])
UnityEngine.Logger:Log (UnityEngine.LogType,object)
UnityEngine.Debug:Log (object)
Game.Runtime.UnitAttackSystem:LogSuppressedUnitUnderAttackAudio (Unity.Entities.EntityManager,Unity.Entities.Entity,Unity.Entities.Entity,int,single,string,string) (at Assets/Game/Scripts/Systems/UnitAttackSystem.cs:518)
Game.Runtime.UnitAttackSystem:TryEmitUnitUnderAttackAudio (Unity.Entities.EntityManager,Unity.Entities.Entity,single,Unity.Entities.Entity,int,string) (at Assets/Game/Scripts/Systems/UnitAttackSystem.cs:470)
Game.Runtime.UnitAttackSystem:OnUpdate (Unity.Entities.SystemState&) (at Assets/Game/Scripts/Systems/UnitAttackSystem.cs:394)
Game.Runtime.UnitAttackSystem:__codegen__OnUpdate (intptr,intptr)
Unity.Entities.SystemBaseRegistry/<>c__DisplayClass9_0:<SelectBurstFn>b__0 (intptr,intptr) (at ./Library/PackageCache/com.unity.entities@bab66ffaba49/Unity.Entities/SystemBaseRegistry.cs:251)
Unity.Entities.WorldUnmanagedImpl/Unity.Entities.UnmanagedUpdate_000015A0$BurstDirectCall:Invoke (void*)
Unity.Entities.WorldUnmanagedImpl:UnmanagedUpdate (void*)
Unity.Entities.WorldUnmanagedImpl:UpdateSystem (Unity.Entities.SystemHandle) (at ./Library/PackageCache/com.unity.entities@bab66ffaba49/Unity.Entities/WorldUnmanaged.cs:942)
Unity.Entities.ComponentSystemGroup:UpdateAllSystems () (at ./Library/PackageCache/com.unity.entities@bab66ffaba49/Unity.Entities/ComponentSystemGroup.cs:725)
Unity.Entities.ComponentSystemGroup:OnUpdate () (at ./Library/PackageCache/com.unity.entities@bab66ffaba49/Unity.Entities/ComponentSystemGroup.cs:687)
Unity.Entities.SystemBase:Update () (at ./Library/PackageCache/com.unity.entities@bab66ffaba49/Unity.Entities/SystemBase.cs:205)
Unity.Entities.ScriptBehaviourUpdateOrder/DummyDelegateWrapper:TriggerUpdate () (at ./Library/PackageCache/com.unity.entities@bab66ffaba49/Unity.Entities/ScriptBehaviourUpdateOrder.cs:523)

(Filename: Assets/Game/Scripts/Systems/UnitAttackSystem.cs Line: 518)

[FrameRateDiag] fps=34.1 avgFrame=29.3ms updateAvg=5.0ms updateMax=12.1ms cpuFrame=13.9ms cpuMain=12.1ms cpuRender=0.4ms gpu=0.3ms drawCalls=162 batches=0 setPass=80 tris=197972 verts=398613 units=5005 models=58 sourceKeys=5005 sourceKeyFallbackVisuals=0 initialSpawnConfigs=0 impostors=15 render=screen=1920x1080,batch=0,quality=1:Mobile,vSync=0,targetFps=-1,pipeline=Mobile_RPAsset_MobileCandidate,scale=0.75,msaa=0,camera=Main Camera,cameraData=post:1,aa:FastApproximateAntialiasing,stack:0 memory=alloc=4390MB reserved=4920MB mono=1730MB focused=1 playRequested=1 simulationActive=1 stepStats=none topSystems=disabled markers=disabled
[FrameRateDiag] fps=45.4 avgFrame=22.0ms updateAvg=4.0ms updateMax=8.7ms cpuFrame=48.0ms cpuMain=45.9ms cpuRender=1.3ms gpu=5.0ms drawCalls=162 batches=0 setPass=80 tris=197972 verts=398613 units=5005 models=58 sourceKeys=5005 sourceKeyFallbackVisuals=0 initialSpawnConfigs=0 impostors=15 render=screen=1920x1080,batch=0,quality=1:Mobile,vSync=0,targetFps=-1,pipeline=Mobile_RPAsset_MobileCandidate,scale=0.75,msaa=0,camera=Main Camera,cameraData=post:1,aa:FastApproximateAntialiasing,stack:0 memory=alloc=4387MB reserved=4919MB mono=1735MB focused=1 playRequested=1 simulationActive=1 stepStats=none topSystems=disabled markers=disabled
[FrameRateDiag] fps=43.2 avgFrame=23.2ms updateAvg=4.2ms updateMax=9.0ms cpuFrame=15.5ms cpuMain=13.7ms cpuRender=1.2ms gpu=7.4ms drawCalls=163 batches=0 setPass=81 tris=197974 verts=398617 units=5005 models=58 sourceKeys=5005 sourceKeyFallbackVisuals=0 initialSpawnConfigs=0 impostors=15 render=screen=1920x1080,batch=0,quality=1:Mobile,vSync=0,targetFps=-1,pipeline=Mobile_RPAsset_MobileCandidate,scale=0.75,msaa=0,camera=Main Camera,cameraData=post:1,aa:FastApproximateAntialiasing,stack:0 memory=alloc=4383MB reserved=4919MB mono=1741MB focused=1 playRequested=1 simulationActive=1 stepStats=none topSystems=disabled markers=disabled
[FrameRateDiag] fps=43.3 avgFrame=23.1ms updateAvg=4.1ms updateMax=7.8ms cpuFrame=46.4ms cpuMain=43.9ms cpuRender=1.3ms gpu=7.5ms drawCalls=142 batches=0 setPass=74 tris=197702 verts=398175 units=5005 models=58 sourceKeys=5005 sourceKeyFallbackVisuals=0 initialSpawnConfigs=0 impostors=15 render=screen=1920x1080,batch=0,quality=1:Mobile,vSync=0,targetFps=-1,pipeline=Mobile_RPAsset_MobileCandidate,scale=0.75,msaa=0,camera=Main Camera,cameraData=post:1,aa:FastApproximateAntialiasing,stack:0 memory=alloc=4372MB reserved=4919MB mono=1747MB focused=1 playRequested=1 simulationActive=1 stepStats=none topSystems=disabled markers=disabled
[RenderSceneDiag] frame=7230 source=profilerCounters drawCalls=142 batches=0 setPass=74 tris=197702 verts=398175 topSystems=disabled markers=disabled
[FrameRateDiag] fps=47.0 avgFrame=21.3ms updateAvg=3.9ms updateMax=9.1ms cpuFrame=13.7ms cpuMain=12.0ms cpuRender=1.2ms gpu=7.7ms drawCalls=135 batches=0 setPass=74 tris=211234 verts=429257 units=5005 models=58 sourceKeys=5005 sourceKeyFallbackVisuals=0 initialSpawnConfigs=0 impostors=15 render=screen=1920x1080,batch=0,quality=1:Mobile,vSync=0,targetFps=-1,pipeline=Mobile_RPAsset_MobileCandidate,scale=0.75,msaa=0,camera=Main Camera,cameraData=post:1,aa:FastApproximateAntialiasing,stack:0 memory=alloc=4368MB reserved=4919MB mono=1753MB focused=1 playRequested=1 simulationActive=1 stepStats=none topSystems=disabled markers=disabled
[FrameRateDiag] fps=51.6 avgFrame=19.4ms updateAvg=3.6ms updateMax=7.9ms cpuFrame=15.1ms cpuMain=13.2ms cpuRender=1.2ms gpu=4.1ms drawCalls=129 batches=0 setPass=74 tris=227964 verts=458647 units=5005 models=58 sourceKeys=5005 sourceKeyFallbackVisuals=0 initialSpawnConfigs=0 impostors=15 render=screen=1920x1080,batch=0,quality=1:Mobile,vSync=0,targetFps=-1,pipeline=Mobile_RPAsset_MobileCandidate,scale=0.75,msaa=0,camera=Main Camera,cameraData=post:1,aa:FastApproximateAntialiasing,stack:0 memory=alloc=4366MB reserved=4918MB mono=1760MB focused=1 playRequested=1 simulationActive=1 stepStats=none topSystems=disabled markers=disabled
[FrameRateDiag] fps=47.0 avgFrame=21.3ms updateAvg=3.9ms updateMax=7.8ms cpuFrame=14.3ms cpuMain=12.4ms cpuRender=1.1ms gpu=4.7ms drawCalls=129 batches=0 setPass=74 tris=227964 verts=458647 units=5005 models=58 sourceKeys=5005 sourceKeyFallbackVisuals=0 initialSpawnConfigs=0 impostors=15 render=screen=1920x1080,batch=0,quality=1:Mobile,vSync=0,targetFps=-1,pipeline=Mobile_RPAsset_MobileCandidate,scale=0.75,msaa=0,camera=Main Camera,cameraData=post:1,aa:FastApproximateAntialiasing,stack:0 memory=alloc=4357MB reserved=4888MB mono=1767MB focused=1 playRequested=1 simulationActive=1 stepStats=none topSystems=disabled markers=disabled
[FrameRateDiag] fps=43.4 avgFrame=23.1ms updateAvg=4.2ms updateMax=8.6ms cpuFrame=15.8ms cpuMain=13.7ms cpuRender=1.3ms gpu=7.4ms drawCalls=129 batches=0 setPass=74 tris=227964 verts=458647 units=5005 models=58 sourceKeys=5005 sourceKeyFallbackVisuals=0 initialSpawnConfigs=0 impostors=15 render=screen=1920x1080,batch=0,quality=1:Mobile,vSync=0,targetFps=-1,pipeline=Mobile_RPAsset_MobileCandidate,scale=0.75,msaa=0,camera=Main Camera,cameraData=post:1,aa:FastApproximateAntialiasing,stack:0 memory=alloc=4353MB reserved=4888MB mono=1773MB focused=1 playRequested=1 simulationActive=1 stepStats=none topSystems=disabled markers=disabled
[FrameRateDiag] fps=45.4 avgFrame=22.0ms updateAvg=4.0ms updateMax=8.6ms cpuFrame=13.8ms cpuMain=12.0ms cpuRender=1.2ms gpu=7.4ms drawCalls=130 batches=0 setPass=74 tris=228248 verts=459211 units=5005 models=58 sourceKeys=5005 sourceKeyFallbackVisuals=0 initialSpawnConfigs=0 impostors=15 render=screen=1920x1080,batch=0,quality=1:Mobile,vSync=0,targetFps=-1,pipeline=Mobile_RPAsset_MobileCandidate,scale=0.75,msaa=0,camera=Main Camera,cameraData=post:1,aa:FastApproximateAntialiasing,stack:0 memory=alloc=4348MB reserved=4888MB mono=1779MB focused=1 playRequested=1 simulationActive=1 stepStats=none topSystems=disabled markers=disabled
[RenderSceneDiag] frame=7701 source=profilerCounters drawCalls=130 batches=0 setPass=74 tris=228248 verts=459211 topSystems=disabled markers=disabled
[FrameRateDiag] fps=49.7 avgFrame=20.1ms updateAvg=3.7ms updateMax=7.9ms cpuFrame=14.0ms cpuMain=12.1ms cpuRender=1.1ms gpu=7.7ms drawCalls=124 batches=0 setPass=74 tris=241668 verts=483165 units=5005 models=58 sourceKeys=5005 sourceKeyFallbackVisuals=0 initialSpawnConfigs=0 impostors=15 render=screen=1920x1080,batch=0,quality=1:Mobile,vSync=0,targetFps=-1,pipeline=Mobile_RPAsset_MobileCandidate,scale=0.75,msaa=0,camera=Main Camera,cameraData=post:1,aa:FastApproximateAntialiasing,stack:0 memory=alloc=4342MB reserved=4888MB mono=1786MB focused=1 playRequested=1 simulationActive=1 stepStats=none topSystems=disabled markers=disabled
[FrameRateDiag] fps=50.6 avgFrame=19.8ms updateAvg=3.6ms updateMax=7.6ms cpuFrame=14.6ms cpuMain=12.7ms cpuRender=1.2ms gpu=7.7ms drawCalls=115 batches=0 setPass=74 tris=268091 verts=536542 units=5005 models=58 sourceKeys=5005 sourceKeyFallbackVisuals=0 initialSpawnConfigs=0 impostors=15 render=screen=1920x1080,batch=0,quality=1:Mobile,vSync=0,targetFps=-1,pipeline=Mobile_RPAsset_MobileCandidate,scale=0.75,msaa=0,camera=Main Camera,cameraData=post:1,aa:FastApproximateAntialiasing,stack:0 memory=alloc=4337MB reserved=4888MB mono=1792MB focused=1 playRequested=1 simulationActive=1 stepStats=none topSystems=disabled markers=disabled
[FrameRateDiag] fps=52.3 avgFrame=19.1ms updateAvg=3.5ms updateMax=7.2ms cpuFrame=13.6ms cpuMain=11.8ms cpuRender=1.2ms gpu=5.5ms drawCalls=115 batches=0 setPass=74 tris=268091 verts=536542 units=5005 models=58 sourceKeys=5005 sourceKeyFallbackVisuals=0 initialSpawnConfigs=0 impostors=15 render=screen=1920x1080,batch=0,quality=1:Mobile,vSync=0,targetFps=-1,pipeline=Mobile_RPAsset_MobileCandidate,scale=0.75,msaa=0,camera=Main Camera,cameraData=post:1,aa:FastApproximateAntialiasing,stack:0 memory=alloc=4329MB reserved=4888MB mono=1799MB focused=1 playRequested=1 simulationActive=1 stepStats=none topSystems=disabled markers=disabled
[FrameRateDiag] fps=49.8 avgFrame=20.1ms updateAvg=3.7ms updateMax=7.7ms cpuFrame=13.8ms cpuMain=12.0ms cpuRender=1.1ms gpu=4.2ms drawCalls=112 batches=0 setPass=74 tris=268375 verts=537106 units=5005 models=58 sourceKeys=5005 sourceKeyFallbackVisuals=0 initialSpawnConfigs=0 impostors=15 render=screen=1920x1080,batch=0,quality=1:Mobile,vSync=0,targetFps=-1,pipeline=Mobile_RPAsset_MobileCandidate,scale=0.75,msaa=0,camera=Main Camera,cameraData=post:1,aa:FastApproximateAntialiasing,stack:0 memory=alloc=4324MB reserved=4888MB mono=1806MB focused=1 playRequested=1 simulationActive=1 stepStats=none topSystems=disabled markers=disabled
[FrameRateDiag] fps=48.8 avgFrame=20.5ms updateAvg=3.7ms updateMax=7.7ms cpuFrame=13.4ms cpuMain=11.7ms cpuRender=1.2ms gpu=5.2ms drawCalls=150 batches=0 setPass=75 tris=295045 verts=591582 units=5005 models=58 sourceKeys=5005 sourceKeyFallbackVisuals=0 initialSpawnConfigs=0 impostors=15 render=screen=1920x1080,batch=0,quality=1:Mobile,vSync=0,targetFps=-1,pipeline=Mobile_RPAsset_MobileCandidate,scale=0.75,msaa=0,camera=Main Camera,cameraData=post:1,aa:FastApproximateAntialiasing,stack:0 memory=alloc=4321MB reserved=4888MB mono=1813MB focused=1 playRequested=1 simulationActive=1 stepStats=none topSystems=disabled markers=disabled
[RenderSceneDiag] frame=8208 source=profilerCounters drawCalls=150 batches=0 setPass=75 tris=295045 verts=591582 topSystems=disabled markers=disabled
[FrameRateDiag] fps=44.9 avgFrame=22.3ms updateAvg=4.0ms updateMax=8.4ms cpuFrame=17.7ms cpuMain=13.5ms cpuRender=1.3ms gpu=4.4ms drawCalls=150 batches=0 setPass=75 tris=295045 verts=591582 units=5005 models=58 sourceKeys=5005 sourceKeyFallbackVisuals=0 initialSpawnConfigs=0 impostors=15 render=screen=1920x1080,batch=0,quality=1:Mobile,vSync=0,targetFps=-1,pipeline=Mobile_RPAsset_MobileCandidate,scale=0.75,msaa=0,camera=Main Camera,cameraData=post:1,aa:FastApproximateAntialiasing,stack:0 memory=alloc=4321MB reserved=4888MB mono=1819MB focused=1 playRequested=1 simulationActive=1 stepStats=none topSystems=disabled markers=disabled
[FrameRateDiag] fps=47.6 avgFrame=21.0ms updateAvg=3.8ms updateMax=7.8ms cpuFrame=13.6ms cpuMain=11.9ms cpuRender=1.0ms gpu=4.2ms drawCalls=152 batches=0 setPass=74 tris=298317 verts=596954 units=5005 models=58 sourceKeys=5005 sourceKeyFallbackVisuals=0 initialSpawnConfigs=0 impostors=15 render=screen=1920x1080,batch=0,quality=1:Mobile,vSync=0,targetFps=-1,pipeline=Mobile_RPAsset_MobileCandidate,scale=0.75,msaa=0,camera=Main Camera,cameraData=post:1,aa:FastApproximateAntialiasing,stack:0 memory=alloc=4321MB reserved=4887MB mono=1825MB focused=1 playRequested=1 simulationActive=1 stepStats=none topSystems=disabled markers=disabled
[FrameRateDiag] fps=50.9 avgFrame=19.6ms updateAvg=3.6ms updateMax=7.7ms cpuFrame=14.3ms cpuMain=12.4ms cpuRender=1.3ms gpu=4.1ms drawCalls=185 batches=0 setPass=106 tris=358885 verts=717986 units=5005 models=58 sourceKeys=5005 sourceKeyFallbackVisuals=0 initialSpawnConfigs=0 impostors=15 render=screen=1920x1080,batch=0,quality=1:Mobile,vSync=0,targetFps=-1,pipeline=Mobile_RPAsset_MobileCandidate,scale=0.75,msaa=0,camera=Main Camera,cameraData=post:1,aa:FastApproximateAntialiasing,stack:0 memory=alloc=4320MB reserved=4887MB mono=1832MB focused=1 playRequested=1 simulationActive=1 stepStats=none topSystems=disabled markers=disabled
[FrameRateDiag] fps=49.5 avgFrame=20.2ms updateAvg=3.7ms updateMax=7.9ms cpuFrame=14.0ms cpuMain=12.1ms cpuRender=1.3ms gpu=5.0ms drawCalls=186 batches=0 setPass=106 tris=358885 verts=717986 units=5005 models=58 sourceKeys=5005 sourceKeyFallbackVisuals=0 initialSpawnConfigs=0 impostors=15 render=screen=1920x1080,batch=0,quality=1:Mobile,vSync=0,targetFps=-1,pipeline=Mobile_RPAsset_MobileCandidate,scale=0.75,msaa=0,camera=Main Camera,cameraData=post:1,aa:FastApproximateAntialiasing,stack:0 memory=alloc=4316MB reserved=4887MB mono=1839MB focused=1 playRequested=1 simulationActive=1 stepStats=none topSystems=disabled markers=disabled
[FrameRateDiag] fps=45.6 avgFrame=21.9ms updateAvg=4.0ms updateMax=7.8ms cpuFrame=19.7ms cpuMain=17.6ms cpuRender=1.3ms gpu=7.5ms drawCalls=186 batches=0 setPass=106 tris=358885 verts=717986 units=5005 models=58 sourceKeys=5005 sourceKeyFallbackVisuals=0 initialSpawnConfigs=0 impostors=15 render=screen=1920x1080,batch=0,quality=1:Mobile,vSync=0,targetFps=-1,pipeline=Mobile_RPAsset_MobileCandidate,scale=0.75,msaa=0,camera=Main Camera,cameraData=post:1,aa:FastApproximateAntialiasing,stack:0 memory=alloc=4313MB reserved=4887MB mono=1845MB focused=1 playRequested=1 simulationActive=1 stepStats=none topSystems=disabled markers=disabled
[RenderSceneDiag] frame=8687 source=profilerCounters drawCalls=186 batches=0 setPass=106 tris=358885 verts=717986 topSystems=disabled markers=disabled
[AudioDiag] Suppressed Alert.Unit.UnderAttack reason=GenericUnderAttackAlertDisabled sourceSystem=UnitAttackSystem requestedAt=167.59 damage=10 target=entity=826:7 name='Light Armored Car' source='Unit_Veh_Light_Armored_Car' faction=1 cell=(1637,150) hp=0/180 attacker=entity=872:7 name='Rifleman Male IV' source='Unit_Chr_Soldier_Male_02_Alt_04' faction=2 cell=(1648,134) hp=88/100
UnityEngine.Debug:ExtractStackTraceNoAlloc (byte*,int,string)
UnityEngine.StackTraceUtility:ExtractStackTrace () (at /Users/bokken/build/output/unity/unity/Runtime/Export/Scripting/StackTrace.cs:35)
UnityEngine.DebugLogHandler:Internal_Log (UnityEngine.LogType,UnityEngine.LogOption,string,UnityEngine.Object)
UnityEngine.DebugLogHandler:LogFormat (UnityEngine.LogType,UnityEngine.Object,string,object[])
UnityEngine.Logger:Log (UnityEngine.LogType,object)
UnityEngine.Debug:Log (object)
Game.Runtime.UnitAttackSystem:LogSuppressedUnitUnderAttackAudio (Unity.Entities.EntityManager,Unity.Entities.Entity,Unity.Entities.Entity,int,single,string,string) (at Assets/Game/Scripts/Systems/UnitAttackSystem.cs:518)
Game.Runtime.UnitAttackSystem:TryEmitUnitUnderAttackAudio (Unity.Entities.EntityManager,Unity.Entities.Entity,single,Unity.Entities.Entity,int,string) (at Assets/Game/Scripts/Systems/UnitAttackSystem.cs:470)
Game.Runtime.UnitAttackSystem:OnUpdate (Unity.Entities.SystemState&) (at Assets/Game/Scripts/Systems/UnitAttackSystem.cs:394)
Game.Runtime.UnitAttackSystem:__codegen__OnUpdate (intptr,intptr)
Unity.Entities.SystemBaseRegistry/<>c__DisplayClass9_0:<SelectBurstFn>b__0 (intptr,intptr) (at ./Library/PackageCache/com.unity.entities@bab66ffaba49/Unity.Entities/SystemBaseRegistry.cs:251)
Unity.Entities.WorldUnmanagedImpl/Unity.Entities.UnmanagedUpdate_000015A0$BurstDirectCall:Invoke (void*)
Unity.Entities.WorldUnmanagedImpl:UnmanagedUpdate (void*)
Unity.Entities.WorldUnmanagedImpl:UpdateSystem (Unity.Entities.SystemHandle) (at ./Library/PackageCache/com.unity.entities@bab66ffaba49/Unity.Entities/WorldUnmanaged.cs:942)
Unity.Entities.ComponentSystemGroup:UpdateAllSystems () (at ./Library/PackageCache/com.unity.entities@bab66ffaba49/Unity.Entities/ComponentSystemGroup.cs:725)
Unity.Entities.ComponentSystemGroup:OnUpdate () (at ./Library/PackageCache/com.unity.entities@bab66ffaba49/Unity.Entities/ComponentSystemGroup.cs:687)
Unity.Entities.SystemBase:Update () (at ./Library/PackageCache/com.unity.entities@bab66ffaba49/Unity.Entities/SystemBase.cs:205)
Unity.Entities.ScriptBehaviourUpdateOrder/DummyDelegateWrapper:TriggerUpdate () (at ./Library/PackageCache/com.unity.entities@bab66ffaba49/Unity.Entities/ScriptBehaviourUpdateOrder.cs:523)

(Filename: Assets/Game/Scripts/Systems/UnitAttackSystem.cs Line: 518)

[FrameRateDiag] fps=47.7 avgFrame=20.9ms updateAvg=3.7ms updateMax=7.8ms cpuFrame=15.2ms cpuMain=12.3ms cpuRender=1.2ms gpu=7.5ms drawCalls=146 batches=0 setPass=77 tris=238352 verts=468522 units=5005 models=58 sourceKeys=5005 sourceKeyFallbackVisuals=0 initialSpawnConfigs=0 impostors=15 render=screen=1920x1080,batch=0,quality=1:Mobile,vSync=0,targetFps=-1,pipeline=Mobile_RPAsset_MobileCandidate,scale=0.75,msaa=0,camera=Main Camera,cameraData=post:1,aa:FastApproximateAntialiasing,stack:0 memory=alloc=4306MB reserved=4903MB mono=1852MB focused=1 playRequested=1 simulationActive=1 stepStats=none topSystems=disabled markers=disabled
[FrameRateDiag] fps=50.2 avgFrame=19.9ms updateAvg=3.6ms updateMax=7.3ms cpuFrame=17.9ms cpuMain=16.2ms cpuRender=1.1ms gpu=7.0ms drawCalls=144 batches=0 setPass=77 tris=248253 verts=486005 units=5005 models=58 sourceKeys=5005 sourceKeyFallbackVisuals=0 initialSpawnConfigs=0 impostors=15 render=screen=1920x1080,batch=0,quality=1:Mobile,vSync=0,targetFps=-1,pipeline=Mobile_RPAsset_MobileCandidate,scale=0.75,msaa=0,camera=Main Camera,cameraData=post:1,aa:FastApproximateAntialiasing,stack:0 memory=alloc=4301MB reserved=4903MB mono=1859MB focused=1 playRequested=1 simulationActive=1 stepStats=none topSystems=disabled markers=disabled
[FrameRateDiag] fps=51.3 avgFrame=19.5ms updateAvg=3.5ms updateMax=6.9ms cpuFrame=14.6ms cpuMain=12.5ms cpuRender=1.1ms gpu=7.5ms drawCalls=141 batches=0 setPass=76 tris=217706 verts=433545 units=5004 models=57 sourceKeys=5004 sourceKeyFallbackVisuals=0 initialSpawnConfigs=0 impostors=15 render=screen=1920x1080,batch=0,quality=1:Mobile,vSync=0,targetFps=-1,pipeline=Mobile_RPAsset_MobileCandidate,scale=0.75,msaa=0,camera=Main Camera,cameraData=post:1,aa:FastApproximateAntialiasing,stack:0 memory=alloc=4296MB reserved=4903MB mono=1866MB focused=1 playRequested=1 simulationActive=1 stepStats=none topSystems=disabled markers=disabled
[FrameRateDiag] fps=40.5 avgFrame=24.7ms updateAvg=4.4ms updateMax=11.9ms cpuFrame=15.0ms cpuMain=13.1ms cpuRender=1.3ms gpu=5.4ms drawCalls=139 batches=0 setPass=75 tris=217472 verts=433077 units=5004 models=57 sourceKeys=5004 sourceKeyFallbackVisuals=0 initialSpawnConfigs=0 impostors=15 render=screen=1920x1080,batch=0,quality=1:Mobile,vSync=0,targetFps=-1,pipeline=Mobile_RPAsset_MobileCandidate,scale=0.75,msaa=0,camera=Main Camera,cameraData=post:1,aa:FastApproximateAntialiasing,stack:0 memory=alloc=4296MB reserved=4902MB mono=1872MB focused=1 playRequested=1 simulationActive=1 stepStats=none topSystems=disabled markers=disabled
[FrameRateDiag] fps=47.7 avgFrame=21.0ms updateAvg=3.8ms updateMax=9.1ms cpuFrame=12.8ms cpuMain=11.1ms cpuRender=1.1ms gpu=7.4ms drawCalls=139 batches=0 setPass=75 tris=217476 verts=433085 units=5004 models=57 sourceKeys=5004 sourceKeyFallbackVisuals=0 initialSpawnConfigs=0 impostors=15 render=screen=1920x1080,batch=0,quality=1:Mobile,vSync=0,targetFps=-1,pipeline=Mobile_RPAsset_MobileCandidate,scale=0.75,msaa=0,camera=Main Camera,cameraData=post:1,aa:FastApproximateAntialiasing,stack:0 memory=alloc=4306MB reserved=4901MB mono=1879MB focused=1 playRequested=1 simulationActive=1 stepStats=none topSystems=disabled markers=disabled
[RenderSceneDiag] frame=9167 source=profilerCounters drawCalls=139 batches=0 setPass=75 tris=217476 verts=433085 topSystems=disabled markers=disabled
[FrameRateDiag] fps=51.7 avgFrame=19.3ms updateAvg=3.5ms updateMax=7.6ms cpuFrame=15.2ms cpuMain=12.2ms cpuRender=1.2ms gpu=7.4ms drawCalls=139 batches=0 setPass=75 tris=217488 verts=433109 units=5004 models=57 sourceKeys=5004 sourceKeyFallbackVisuals=0 initialSpawnConfigs=0 impostors=15 render=screen=1920x1080,batch=0,quality=1:Mobile,vSync=0,targetFps=-1,pipeline=Mobile_RPAsset_MobileCandidate,scale=0.75,msaa=0,camera=Main Camera,cameraData=post:1,aa:FastApproximateAntialiasing,stack:0 memory=alloc=4307MB reserved=4899MB mono=1886MB focused=1 playRequested=1 simulationActive=1 stepStats=none topSystems=disabled markers=disabled
[FrameRateDiag] fps=51.8 avgFrame=19.3ms updateAvg=3.6ms updateMax=7.9ms cpuFrame=14.2ms cpuMain=12.4ms cpuRender=1.1ms gpu=7.7ms drawCalls=139 batches=0 setPass=75 tris=217488 verts=433109 units=5003 models=56 sourceKeys=5003 sourceKeyFallbackVisuals=0 initialSpawnConfigs=0 impostors=14 render=screen=1920x1080,batch=0,quality=1:Mobile,vSync=0,targetFps=-1,pipeline=Mobile_RPAsset_MobileCandidate,scale=0.75,msaa=0,camera=Main Camera,cameraData=post:1,aa:FastApproximateAntialiasing,stack:0 memory=alloc=4308MB reserved=4899MB mono=1893MB focused=1 playRequested=1 simulationActive=1 stepStats=none topSystems=disabled markers=disabled
[FrameRateDiag] fps=52.4 avgFrame=19.1ms updateAvg=3.5ms updateMax=7.6ms cpuFrame=14.3ms cpuMain=12.6ms cpuRender=1.4ms gpu=4.0ms drawCalls=140 batches=0 setPass=76 tris=217490 verts=433113 units=5003 models=56 sourceKeys=5003 sourceKeyFallbackVisuals=0 initialSpawnConfigs=0 impostors=14 render=screen=1920x1080,batch=0,quality=1:Mobile,vSync=0,targetFps=-1,pipeline=Mobile_RPAsset_MobileCandidate,scale=0.75,msaa=0,camera=Main Camera,cameraData=post:1,aa:FastApproximateAntialiasing,stack:0 memory=alloc=4310MB reserved=4895MB mono=1900MB focused=1 playRequested=1 simulationActive=1 stepStats=none topSystems=disabled markers=disabled
[FrameRateDiag] fps=50.2 avgFrame=19.9ms updateAvg=3.7ms updateMax=7.8ms cpuFrame=18.0ms cpuMain=16.0ms cpuRender=1.4ms gpu=5.4ms drawCalls=139 batches=0 setPass=75 tris=217504 verts=433141 units=5003 models=56 sourceKeys=5003 sourceKeyFallbackVisuals=0 initialSpawnConfigs=0 impostors=14 render=screen=1920x1080,batch=0,quality=1:Mobile,vSync=0,targetFps=-1,pipeline=Mobile_RPAsset_MobileCandidate,scale=0.75,msaa=0,camera=Main Camera,cameraData=post:1,aa:FastApproximateAntialiasing,stack:0 memory=alloc=4309MB reserved=4895MB mono=1907MB focused=1 playRequested=1 simulationActive=1 stepStats=none topSystems=disabled markers=disabled
[AudioDiag] Suppressed Alert.Unit.UnderAttack reason=GenericUnderAttackAlertDisabled sourceSystem=UnitAttackSystem requestedAt=184.96 damage=22 target=entity=712:5 name='Barracks' source='Building_Barrack' faction=1 cell=(1001,304) hp=778/800 attacker=entity=913:7 name='Ghillie Rocketeer' source='Unit_Chr_Ghillie_Male_01' faction=2 cell=(1024,303) hp=10/90
UnityEngine.Debug:ExtractStackTraceNoAlloc (byte*,int,string)
UnityEngine.StackTraceUtility:ExtractStackTrace () (at /Users/bokken/build/output/unity/unity/Runtime/Export/Scripting/StackTrace.cs:35)
UnityEngine.DebugLogHandler:Internal_Log (UnityEngine.LogType,UnityEngine.LogOption,string,UnityEngine.Object)
UnityEngine.DebugLogHandler:LogFormat (UnityEngine.LogType,UnityEngine.Object,string,object[])
UnityEngine.Logger:Log (UnityEngine.LogType,object)
UnityEngine.Debug:Log (object)
Game.Runtime.UnitAttackSystem:LogSuppressedUnitUnderAttackAudio (Unity.Entities.EntityManager,Unity.Entities.Entity,Unity.Entities.Entity,int,single,string,string) (at Assets/Game/Scripts/Systems/UnitAttackSystem.cs:518)
Game.Runtime.UnitAttackSystem:TryEmitUnitUnderAttackAudio (Unity.Entities.EntityManager,Unity.Entities.Entity,single,Unity.Entities.Entity,int,string) (at Assets/Game/Scripts/Systems/UnitAttackSystem.cs:470)
Game.Runtime.UnitAttackSystem:OnUpdate (Unity.Entities.SystemState&) (at Assets/Game/Scripts/Systems/UnitAttackSystem.cs:394)
Game.Runtime.UnitAttackSystem:__codegen__OnUpdate (intptr,intptr)
Unity.Entities.SystemBaseRegistry/<>c__DisplayClass9_0:<SelectBurstFn>b__0 (intptr,intptr) (at ./Library/PackageCache/com.unity.entities@bab66ffaba49/Unity.Entities/SystemBaseRegistry.cs:251)
Unity.Entities.WorldUnmanagedImpl/Unity.Entities.UnmanagedUpdate_000015A0$BurstDirectCall:Invoke (void*)
Unity.Entities.WorldUnmanagedImpl:UnmanagedUpdate (void*)
Unity.Entities.WorldUnmanagedImpl:UpdateSystem (Unity.Entities.SystemHandle) (at ./Library/PackageCache/com.unity.entities@bab66ffaba49/Unity.Entities/WorldUnmanaged.cs:942)
Unity.Entities.ComponentSystemGroup:UpdateAllSystems () (at ./Library/PackageCache/com.unity.entities@bab66ffaba49/Unity.Entities/ComponentSystemGroup.cs:725)
Unity.Entities.ComponentSystemGroup:OnUpdate () (at ./Library/PackageCache/com.unity.entities@bab66ffaba49/Unity.Entities/ComponentSystemGroup.cs:687)
Unity.Entities.SystemBase:Update () (at ./Library/PackageCache/com.unity.entities@bab66ffaba49/Unity.Entities/SystemBase.cs:205)
Unity.Entities.ScriptBehaviourUpdateOrder/DummyDelegateWrapper:TriggerUpdate () (at ./Library/PackageCache/com.unity.entities@bab66ffaba49/Unity.Entities/ScriptBehaviourUpdateOrder.cs:523)

(Filename: Assets/Game/Scripts/Systems/UnitAttackSystem.cs Line: 518)

[AudioDiag] Suppressed Alert.Unit.UnderAttack reason=GenericUnderAttackAlertDisabled sourceSystem=UnitAttackSystem requestedAt=185.34 damage=22 target=entity=712:5 name='Barracks' source='Building_Barrack' faction=1 cell=(1001,304) hp=756/800 attacker=entity=933:7 name='Ghillie Rocketeer' source='Unit_Chr_Ghillie_Male_01' faction=2 cell=(1024,303) hp=70/90
UnityEngine.Debug:ExtractStackTraceNoAlloc (byte*,int,string)
UnityEngine.StackTraceUtility:ExtractStackTrace () (at /Users/bokken/build/output/unity/unity/Runtime/Export/Scripting/StackTrace.cs:35)
UnityEngine.DebugLogHandler:Internal_Log (UnityEngine.LogType,UnityEngine.LogOption,string,UnityEngine.Object)
UnityEngine.DebugLogHandler:LogFormat (UnityEngine.LogType,UnityEngine.Object,string,object[])
UnityEngine.Logger:Log (UnityEngine.LogType,object)
UnityEngine.Debug:Log (object)
Game.Runtime.UnitAttackSystem:LogSuppressedUnitUnderAttackAudio (Unity.Entities.EntityManager,Unity.Entities.Entity,Unity.Entities.Entity,int,single,string,string) (at Assets/Game/Scripts/Systems/UnitAttackSystem.cs:518)
Game.Runtime.UnitAttackSystem:TryEmitUnitUnderAttackAudio (Unity.Entities.EntityManager,Unity.Entities.Entity,single,Unity.Entities.Entity,int,string) (at Assets/Game/Scripts/Systems/UnitAttackSystem.cs:470)
Game.Runtime.UnitAttackSystem:OnUpdate (Unity.Entities.SystemState&) (at Assets/Game/Scripts/Systems/UnitAttackSystem.cs:394)
Game.Runtime.UnitAttackSystem:__codegen__OnUpdate (intptr,intptr)
Unity.Entities.SystemBaseRegistry/<>c__DisplayClass9_0:<SelectBurstFn>b__0 (intptr,intptr) (at ./Library/PackageCache/com.unity.entities@bab66ffaba49/Unity.Entities/SystemBaseRegistry.cs:251)
Unity.Entities.WorldUnmanagedImpl/Unity.Entities.UnmanagedUpdate_000015A0$BurstDirectCall:Invoke (void*)
Unity.Entities.WorldUnmanagedImpl:UnmanagedUpdate (void*)
Unity.Entities.WorldUnmanagedImpl:UpdateSystem (Unity.Entities.SystemHandle) (at ./Library/PackageCache/com.unity.entities@bab66ffaba49/Unity.Entities/WorldUnmanaged.cs:942)
Unity.Entities.ComponentSystemGroup:UpdateAllSystems () (at ./Library/PackageCache/com.unity.entities@bab66ffaba49/Unity.Entities/ComponentSystemGroup.cs:725)
Unity.Entities.ComponentSystemGroup:OnUpdate () (at ./Library/PackageCache/com.unity.entities@bab66ffaba49/Unity.Entities/ComponentSystemGroup.cs:687)
Unity.Entities.SystemBase:Update () (at ./Library/PackageCache/com.unity.entities@bab66ffaba49/Unity.Entities/SystemBase.cs:205)
Unity.Entities.ScriptBehaviourUpdateOrder/DummyDelegateWrapper:TriggerUpdate () (at ./Library/PackageCache/com.unity.entities@bab66ffaba49/Unity.Entities/ScriptBehaviourUpdateOrder.cs:523)

(Filename: Assets/Game/Scripts/Systems/UnitAttackSystem.cs Line: 518)

[AudioDiag] Suppressed Alert.Unit.UnderAttack reason=GenericUnderAttackAlertDisabled sourceSystem=UnitAttackSystem requestedAt=186.36 damage=22 target=entity=712:5 name='Barracks' source='Building_Barrack' faction=1 cell=(1001,304) hp=734/800 attacker=entity=933:7 name='Ghillie Rocketeer' source='Unit_Chr_Ghillie_Male_01' faction=2 cell=(1024,303) hp=50/90
UnityEngine.Debug:ExtractStackTraceNoAlloc (byte*,int,string)
UnityEngine.StackTraceUtility:ExtractStackTrace () (at /Users/bokken/build/output/unity/unity/Runtime/Export/Scripting/StackTrace.cs:35)
UnityEngine.DebugLogHandler:Internal_Log (UnityEngine.LogType,UnityEngine.LogOption,string,UnityEngine.Object)
UnityEngine.DebugLogHandler:LogFormat (UnityEngine.LogType,UnityEngine.Object,string,object[])
UnityEngine.Logger:Log (UnityEngine.LogType,object)
UnityEngine.Debug:Log (object)
Game.Runtime.UnitAttackSystem:LogSuppressedUnitUnderAttackAudio (Unity.Entities.EntityManager,Unity.Entities.Entity,Unity.Entities.Entity,int,single,string,string) (at Assets/Game/Scripts/Systems/UnitAttackSystem.cs:518)
Game.Runtime.UnitAttackSystem:TryEmitUnitUnderAttackAudio (Unity.Entities.EntityManager,Unity.Entities.Entity,single,Unity.Entities.Entity,int,string) (at Assets/Game/Scripts/Systems/UnitAttackSystem.cs:470)
Game.Runtime.UnitAttackSystem:OnUpdate (Unity.Entities.SystemState&) (at Assets/Game/Scripts/Systems/UnitAttackSystem.cs:394)
Game.Runtime.UnitAttackSystem:__codegen__OnUpdate (intptr,intptr)
Unity.Entities.SystemBaseRegistry/<>c__DisplayClass9_0:<SelectBurstFn>b__0 (intptr,intptr) (at ./Library/PackageCache/com.unity.entities@bab66ffaba49/Unity.Entities/SystemBaseRegistry.cs:251)
Unity.Entities.WorldUnmanagedImpl/Unity.Entities.UnmanagedUpdate_000015A0$BurstDirectCall:Invoke (void*)
Unity.Entities.WorldUnmanagedImpl:UnmanagedUpdate (void*)
Unity.Entities.WorldUnmanagedImpl:UpdateSystem (Unity.Entities.SystemHandle) (at ./Library/PackageCache/com.unity.entities@bab66ffaba49/Unity.Entities/WorldUnmanaged.cs:942)
Unity.Entities.ComponentSystemGroup:UpdateAllSystems () (at ./Library/PackageCache/com.unity.entities@bab66ffaba49/Unity.Entities/ComponentSystemGroup.cs:725)
Unity.Entities.ComponentSystemGroup:OnUpdate () (at ./Library/PackageCache/com.unity.entities@bab66ffaba49/Unity.Entities/ComponentSystemGroup.cs:687)
Unity.Entities.SystemBase:Update () (at ./Library/PackageCache/com.unity.entities@bab66ffaba49/Unity.Entities/SystemBase.cs:205)
Unity.Entities.ScriptBehaviourUpdateOrder/DummyDelegateWrapper:TriggerUpdate () (at ./Library/PackageCache/com.unity.entities@bab66ffaba49/Unity.Entities/ScriptBehaviourUpdateOrder.cs:523)

(Filename: Assets/Game/Scripts/Systems/UnitAttackSystem.cs Line: 518)

[FrameRateDiag] fps=35.8 avgFrame=27.9ms updateAvg=4.5ms updateMax=10.4ms cpuFrame=21.0ms cpuMain=17.6ms cpuRender=1.4ms gpu=7.5ms drawCalls=145 batches=0 setPass=75 tris=227405 verts=450624 units=5002 models=55 sourceKeys=5002 sourceKeyFallbackVisuals=0 initialSpawnConfigs=0 impostors=13 render=screen=1920x1080,batch=0,quality=1:Mobile,vSync=0,targetFps=-1,pipeline=Mobile_RPAsset_MobileCandidate,scale=0.75,msaa=0,camera=Main Camera,cameraData=post:1,aa:FastApproximateAntialiasing,stack:0 memory=alloc=4308MB reserved=4896MB mono=1661MB focused=1 playRequested=1 simulationActive=1 stepStats=none topSystems=disabled markers=disabled
[RenderSceneDiag] frame=9656 source=profilerCounters drawCalls=145 batches=0 setPass=75 tris=227405 verts=450624 topSystems=disabled markers=disabled
[AudioDiag] Suppressed Alert.Unit.UnderAttack reason=GenericUnderAttackAlertDisabled sourceSystem=UnitAttackSystem requestedAt=187.37 damage=22 target=entity=712:5 name='Barracks' source='Building_Barrack' faction=1 cell=(1001,304) hp=712/800 attacker=entity=933:7 name='Ghillie Rocketeer' source='Unit_Chr_Ghillie_Male_01' faction=2 cell=(1024,303) hp=30/90
UnityEngine.Debug:ExtractStackTraceNoAlloc (byte*,int,string)
UnityEngine.StackTraceUtility:ExtractStackTrace () (at /Users/bokken/build/output/unity/unity/Runtime/Export/Scripting/StackTrace.cs:35)
UnityEngine.DebugLogHandler:Internal_Log (UnityEngine.LogType,UnityEngine.LogOption,string,UnityEngine.Object)
UnityEngine.DebugLogHandler:LogFormat (UnityEngine.LogType,UnityEngine.Object,string,object[])
UnityEngine.Logger:Log (UnityEngine.LogType,object)
UnityEngine.Debug:Log (object)
Game.Runtime.UnitAttackSystem:LogSuppressedUnitUnderAttackAudio (Unity.Entities.EntityManager,Unity.Entities.Entity,Unity.Entities.Entity,int,single,string,string) (at Assets/Game/Scripts/Systems/UnitAttackSystem.cs:518)
Game.Runtime.UnitAttackSystem:TryEmitUnitUnderAttackAudio (Unity.Entities.EntityManager,Unity.Entities.Entity,single,Unity.Entities.Entity,int,string) (at Assets/Game/Scripts/Systems/UnitAttackSystem.cs:470)
Game.Runtime.UnitAttackSystem:OnUpdate (Unity.Entities.SystemState&) (at Assets/Game/Scripts/Systems/UnitAttackSystem.cs:394)
Game.Runtime.UnitAttackSystem:__codegen__OnUpdate (intptr,intptr)
Unity.Entities.SystemBaseRegistry/<>c__DisplayClass9_0:<SelectBurstFn>b__0 (intptr,intptr) (at ./Library/PackageCache/com.unity.entities@bab66ffaba49/Unity.Entities/SystemBaseRegistry.cs:251)
Unity.Entities.WorldUnmanagedImpl/Unity.Entities.UnmanagedUpdate_000015A0$BurstDirectCall:Invoke (void*)
Unity.Entities.WorldUnmanagedImpl:UnmanagedUpdate (void*)
Unity.Entities.WorldUnmanagedImpl:UpdateSystem (Unity.Entities.SystemHandle) (at ./Library/PackageCache/com.unity.entities@bab66ffaba49/Unity.Entities/WorldUnmanaged.cs:942)
Unity.Entities.ComponentSystemGroup:UpdateAllSystems () (at ./Library/PackageCache/com.unity.entities@bab66ffaba49/Unity.Entities/ComponentSystemGroup.cs:725)
Unity.Entities.ComponentSystemGroup:OnUpdate () (at ./Library/PackageCache/com.unity.entities@bab66ffaba49/Unity.Entities/ComponentSystemGroup.cs:687)
Unity.Entities.SystemBase:Update () (at ./Library/PackageCache/com.unity.entities@bab66ffaba49/Unity.Entities/SystemBase.cs:205)
Unity.Entities.ScriptBehaviourUpdateOrder/DummyDelegateWrapper:TriggerUpdate () (at ./Library/PackageCache/com.unity.entities@bab66ffaba49/Unity.Entities/ScriptBehaviourUpdateOrder.cs:523)

(Filename: Assets/Game/Scripts/Systems/UnitAttackSystem.cs Line: 518)

[AudioDiag] Suppressed Alert.Unit.UnderAttack reason=GenericUnderAttackAlertDisabled sourceSystem=UnitAttackSystem requestedAt=188.40 damage=22 target=entity=712:5 name='Barracks' source='Building_Barrack' faction=1 cell=(1001,304) hp=690/800 attacker=entity=933:7 name='Ghillie Rocketeer' source='Unit_Chr_Ghillie_Male_01' faction=2 cell=(1024,303) hp=10/90
UnityEngine.Debug:ExtractStackTraceNoAlloc (byte*,int,string)
UnityEngine.StackTraceUtility:ExtractStackTrace () (at /Users/bokken/build/output/unity/unity/Runtime/Export/Scripting/StackTrace.cs:35)
UnityEngine.DebugLogHandler:Internal_Log (UnityEngine.LogType,UnityEngine.LogOption,string,UnityEngine.Object)
UnityEngine.DebugLogHandler:LogFormat (UnityEngine.LogType,UnityEngine.Object,string,object[])
UnityEngine.Logger:Log (UnityEngine.LogType,object)
UnityEngine.Debug:Log (object)
Game.Runtime.UnitAttackSystem:LogSuppressedUnitUnderAttackAudio (Unity.Entities.EntityManager,Unity.Entities.Entity,Unity.Entities.Entity,int,single,string,string) (at Assets/Game/Scripts/Systems/UnitAttackSystem.cs:518)
Game.Runtime.UnitAttackSystem:TryEmitUnitUnderAttackAudio (Unity.Entities.EntityManager,Unity.Entities.Entity,single,Unity.Entities.Entity,int,string) (at Assets/Game/Scripts/Systems/UnitAttackSystem.cs:470)
Game.Runtime.UnitAttackSystem:OnUpdate (Unity.Entities.SystemState&) (at Assets/Game/Scripts/Systems/UnitAttackSystem.cs:394)
Game.Runtime.UnitAttackSystem:__codegen__OnUpdate (intptr,intptr)
Unity.Entities.SystemBaseRegistry/<>c__DisplayClass9_0:<SelectBurstFn>b__0 (intptr,intptr) (at ./Library/PackageCache/com.unity.entities@bab66ffaba49/Unity.Entities/SystemBaseRegistry.cs:251)
Unity.Entities.WorldUnmanagedImpl/Unity.Entities.UnmanagedUpdate_000015A0$BurstDirectCall:Invoke (void*)
Unity.Entities.WorldUnmanagedImpl:UnmanagedUpdate (void*)
Unity.Entities.WorldUnmanagedImpl:UpdateSystem (Unity.Entities.SystemHandle) (at ./Library/PackageCache/com.unity.entities@bab66ffaba49/Unity.Entities/WorldUnmanaged.cs:942)
Unity.Entities.ComponentSystemGroup:UpdateAllSystems () (at ./Library/PackageCache/com.unity.entities@bab66ffaba49/Unity.Entities/ComponentSystemGroup.cs:725)
Unity.Entities.ComponentSystemGroup:OnUpdate () (at ./Library/PackageCache/com.unity.entities@bab66ffaba49/Unity.Entities/ComponentSystemGroup.cs:687)
Unity.Entities.SystemBase:Update () (at ./Library/PackageCache/com.unity.entities@bab66ffaba49/Unity.Entities/SystemBase.cs:205)
Unity.Entities.ScriptBehaviourUpdateOrder/DummyDelegateWrapper:TriggerUpdate () (at ./Library/PackageCache/com.unity.entities@bab66ffaba49/Unity.Entities/ScriptBehaviourUpdateOrder.cs:523)

(Filename: Assets/Game/Scripts/Systems/UnitAttackSystem.cs Line: 518)

[FrameRateDiag] fps=46.3 avgFrame=21.6ms updateAvg=4.0ms updateMax=7.7ms cpuFrame=18.5ms cpuMain=16.3ms cpuRender=1.4ms gpu=7.7ms drawCalls=145 batches=0 setPass=75 tris=227405 verts=450624 units=5002 models=55 sourceKeys=5002 sourceKeyFallbackVisuals=0 initialSpawnConfigs=0 impostors=13 render=screen=1920x1080,batch=0,quality=1:Mobile,vSync=0,targetFps=-1,pipeline=Mobile_RPAsset_MobileCandidate,scale=0.75,msaa=0,camera=Main Camera,cameraData=post:1,aa:FastApproximateAntialiasing,stack:0 memory=alloc=4312MB reserved=4896MB mono=1661MB focused=1 playRequested=1 simulationActive=1 stepStats=none topSystems=disabled markers=disabled
[FrameRateDiag] fps=48.9 avgFrame=20.4ms updateAvg=3.7ms updateMax=7.9ms cpuFrame=13.6ms cpuMain=11.8ms cpuRender=1.1ms gpu=5.0ms drawCalls=145 batches=0 setPass=75 tris=227409 verts=450632 units=5001 models=54 sourceKeys=5001 sourceKeyFallbackVisuals=0 initialSpawnConfigs=0 impostors=12 render=screen=1920x1080,batch=0,quality=1:Mobile,vSync=0,targetFps=-1,pipeline=Mobile_RPAsset_MobileCandidate,scale=0.75,msaa=0,camera=Main Camera,cameraData=post:1,aa:FastApproximateAntialiasing,stack:0 memory=alloc=4313MB reserved=4895MB mono=1662MB focused=1 playRequested=1 simulationActive=1 stepStats=none topSystems=disabled markers=disabled
[FrameRateDiag] fps=52.8 avgFrame=18.9ms updateAvg=3.6ms updateMax=7.1ms cpuFrame=13.9ms cpuMain=12.0ms cpuRender=1.2ms gpu=4.0ms drawCalls=152 batches=0 setPass=80 tris=247255 verts=485686 units=5001 models=54 sourceKeys=5001 sourceKeyFallbackVisuals=0 initialSpawnConfigs=0 impostors=12 render=screen=1920x1080,batch=0,quality=1:Mobile,vSync=0,targetFps=-1,pipeline=Mobile_RPAsset_MobileCandidate,scale=0.75,msaa=0,camera=Main Camera,cameraData=post:1,aa:FastApproximateAntialiasing,stack:0 memory=alloc=4312MB reserved=4895MB mono=1664MB focused=1 playRequested=1 simulationActive=1 stepStats=none topSystems=disabled markers=disabled
[FrameRateDiag] fps=50.9 avgFrame=19.6ms updateAvg=3.6ms updateMax=7.6ms cpuFrame=46.6ms cpuMain=44.6ms cpuRender=1.5ms gpu=7.5ms drawCalls=153 batches=0 setPass=80 tris=247257 verts=485690 units=5001 models=54 sourceKeys=5001 sourceKeyFallbackVisuals=0 initialSpawnConfigs=0 impostors=12 render=screen=1920x1080,batch=0,quality=1:Mobile,vSync=0,targetFps=-1,pipeline=Mobile_RPAsset_MobileCandidate,scale=0.75,msaa=0,camera=Main Camera,cameraData=post:1,aa:FastApproximateAntialiasing,stack:0 memory=alloc=4311MB reserved=4895MB mono=1668MB focused=1 playRequested=1 simulationActive=1 stepStats=none topSystems=disabled markers=disabled
[FrameRateDiag] fps=47.3 avgFrame=21.2ms updateAvg=3.9ms updateMax=8.1ms cpuFrame=13.3ms cpuMain=11.6ms cpuRender=1.1ms gpu=4.1ms drawCalls=153 batches=0 setPass=80 tris=247257 verts=485690 units=5001 models=54 sourceKeys=5001 sourceKeyFallbackVisuals=0 initialSpawnConfigs=0 impostors=12 render=screen=1920x1080,batch=0,quality=1:Mobile,vSync=0,targetFps=-1,pipeline=Mobile_RPAsset_MobileCandidate,scale=0.75,msaa=0,camera=Main Camera,cameraData=post:1,aa:FastApproximateAntialiasing,stack:0 memory=alloc=4310MB reserved=4895MB mono=1672MB focused=1 playRequested=1 simulationActive=1 stepStats=none topSystems=disabled markers=disabled
[RenderSceneDiag] frame=10150 source=profilerCounters drawCalls=153 batches=0 setPass=80 tris=247257 verts=485690 topSystems=disabled markers=disabled
[FrameRateDiag] fps=51.6 avgFrame=19.4ms updateAvg=3.6ms updateMax=7.9ms cpuFrame=15.4ms cpuMain=13.3ms cpuRender=1.2ms gpu=4.4ms drawCalls=153 batches=0 setPass=80 tris=247257 verts=485690 units=5001 models=54 sourceKeys=5001 sourceKeyFallbackVisuals=0 initialSpawnConfigs=0 impostors=12 render=screen=1920x1080,batch=0,quality=1:Mobile,vSync=0,targetFps=-1,pipeline=Mobile_RPAsset_MobileCandidate,scale=0.75,msaa=0,camera=Main Camera,cameraData=post:1,aa:FastApproximateAntialiasing,stack:0 memory=alloc=4313MB reserved=4895MB mono=1676MB focused=1 playRequested=1 simulationActive=1 stepStats=none topSystems=disabled markers=disabled
[FrameRateDiag] fps=49.9 avgFrame=20.1ms updateAvg=3.7ms updateMax=7.8ms cpuFrame=13.7ms cpuMain=12.0ms cpuRender=1.2ms gpu=4.0ms drawCalls=153 batches=0 setPass=80 tris=247257 verts=485690 units=5001 models=54 sourceKeys=5001 sourceKeyFallbackVisuals=0 initialSpawnConfigs=0 impostors=12 render=screen=1920x1080,batch=0,quality=1:Mobile,vSync=0,targetFps=-1,pipeline=Mobile_RPAsset_MobileCandidate,scale=0.75,msaa=0,camera=Main Camera,cameraData=post:1,aa:FastApproximateAntialiasing,stack:0 memory=alloc=4311MB reserved=4895MB mono=1680MB focused=1 playRequested=1 simulationActive=1 stepStats=none topSystems=disabled markers=disabled
[AudioDiag] Suppressed Alert.Unit.UnderAttack reason=GenericUnderAttackAlertDisabled sourceSystem=UnitAttackSystem requestedAt=201.26 damage=10 target=entity=830:13 name='Armored APC' source='Unit_Veh_APC_Slow' faction=1 cell=(1642,148) hp=270/280 attacker=entity=905:7 name='Rifleman Male IV' source='Unit_Chr_Soldier_Male_02_Alt_04' faction=2 cell=(1648,132) hp=100/100
UnityEngine.Debug:ExtractStackTraceNoAlloc (byte*,int,string)
UnityEngine.StackTraceUtility:ExtractStackTrace () (at /Users/bokken/build/output/unity/unity/Runtime/Export/Scripting/StackTrace.cs:35)
UnityEngine.DebugLogHandler:Internal_Log (UnityEngine.LogType,UnityEngine.LogOption,string,UnityEngine.Object)
UnityEngine.DebugLogHandler:LogFormat (UnityEngine.LogType,UnityEngine.Object,string,object[])
UnityEngine.Logger:Log (UnityEngine.LogType,object)
UnityEngine.Debug:Log (object)
Game.Runtime.UnitAttackSystem:LogSuppressedUnitUnderAttackAudio (Unity.Entities.EntityManager,Unity.Entities.Entity,Unity.Entities.Entity,int,single,string,string) (at Assets/Game/Scripts/Systems/UnitAttackSystem.cs:518)
Game.Runtime.UnitAttackSystem:TryEmitUnitUnderAttackAudio (Unity.Entities.EntityManager,Unity.Entities.Entity,single,Unity.Entities.Entity,int,string) (at Assets/Game/Scripts/Systems/UnitAttackSystem.cs:470)
Game.Runtime.UnitAttackSystem:OnUpdate (Unity.Entities.SystemState&) (at Assets/Game/Scripts/Systems/UnitAttackSystem.cs:394)
Game.Runtime.UnitAttackSystem:__codegen__OnUpdate (intptr,intptr)
Unity.Entities.SystemBaseRegistry/<>c__DisplayClass9_0:<SelectBurstFn>b__0 (intptr,intptr) (at ./Library/PackageCache/com.unity.entities@bab66ffaba49/Unity.Entities/SystemBaseRegistry.cs:251)
Unity.Entities.WorldUnmanagedImpl/Unity.Entities.UnmanagedUpdate_000015A0$BurstDirectCall:Invoke (void*)
Unity.Entities.WorldUnmanagedImpl:UnmanagedUpdate (void*)
Unity.Entities.WorldUnmanagedImpl:UpdateSystem (Unity.Entities.SystemHandle) (at ./Library/PackageCache/com.unity.entities@bab66ffaba49/Unity.Entities/WorldUnmanaged.cs:942)
Unity.Entities.ComponentSystemGroup:UpdateAllSystems () (at ./Library/PackageCache/com.unity.entities@bab66ffaba49/Unity.Entities/ComponentSystemGroup.cs:725)
Unity.Entities.ComponentSystemGroup:OnUpdate () (at ./Library/PackageCache/com.unity.entities@bab66ffaba49/Unity.Entities/ComponentSystemGroup.cs:687)
Unity.Entities.SystemBase:Update () (at ./Library/PackageCache/com.unity.entities@bab66ffaba49/Unity.Entities/SystemBase.cs:205)
Unity.Entities.ScriptBehaviourUpdateOrder/DummyDelegateWrapper:TriggerUpdate () (at ./Library/PackageCache/com.unity.entities@bab66ffaba49/Unity.Entities/ScriptBehaviourUpdateOrder.cs:523)

(Filename: Assets/Game/Scripts/Systems/UnitAttackSystem.cs Line: 518)

[AudioDiag] Suppressed Alert.Unit.UnderAttack reason=GenericUnderAttackAlertDisabled sourceSystem=UnitAttackSystem requestedAt=202.27 damage=10 target=entity=830:13 name='Armored APC' source='Unit_Veh_APC_Slow' faction=1 cell=(1642,148) hp=260/280 attacker=entity=905:7 name='Rifleman Male IV' source='Unit_Chr_Soldier_Male_02_Alt_04' faction=2 cell=(1648,132) hp=84/100
UnityEngine.Debug:ExtractStackTraceNoAlloc (byte*,int,string)
UnityEngine.StackTraceUtility:ExtractStackTrace () (at /Users/bokken/build/output/unity/unity/Runtime/Export/Scripting/StackTrace.cs:35)
UnityEngine.DebugLogHandler:Internal_Log (UnityEngine.LogType,UnityEngine.LogOption,string,UnityEngine.Object)
UnityEngine.DebugLogHandler:LogFormat (UnityEngine.LogType,UnityEngine.Object,string,object[])
UnityEngine.Logger:Log (UnityEngine.LogType,object)
UnityEngine.Debug:Log (object)
Game.Runtime.UnitAttackSystem:LogSuppressedUnitUnderAttackAudio (Unity.Entities.EntityManager,Unity.Entities.Entity,Unity.Entities.Entity,int,single,string,string) (at Assets/Game/Scripts/Systems/UnitAttackSystem.cs:518)
Game.Runtime.UnitAttackSystem:TryEmitUnitUnderAttackAudio (Unity.Entities.EntityManager,Unity.Entities.Entity,single,Unity.Entities.Entity,int,string) (at Assets/Game/Scripts/Systems/UnitAttackSystem.cs:470)
Game.Runtime.UnitAttackSystem:OnUpdate (Unity.Entities.SystemState&) (at Assets/Game/Scripts/Systems/UnitAttackSystem.cs:394)
Game.Runtime.UnitAttackSystem:__codegen__OnUpdate (intptr,intptr)
Unity.Entities.SystemBaseRegistry/<>c__DisplayClass9_0:<SelectBurstFn>b__0 (intptr,intptr) (at ./Library/PackageCache/com.unity.entities@bab66ffaba49/Unity.Entities/SystemBaseRegistry.cs:251)
Unity.Entities.WorldUnmanagedImpl/Unity.Entities.UnmanagedUpdate_000015A0$BurstDirectCall:Invoke (void*)
Unity.Entities.WorldUnmanagedImpl:UnmanagedUpdate (void*)
Unity.Entities.WorldUnmanagedImpl:UpdateSystem (Unity.Entities.SystemHandle) (at ./Library/PackageCache/com.unity.entities@bab66ffaba49/Unity.Entities/WorldUnmanaged.cs:942)
Unity.Entities.ComponentSystemGroup:UpdateAllSystems () (at ./Library/PackageCache/com.unity.entities@bab66ffaba49/Unity.Entities/ComponentSystemGroup.cs:725)
Unity.Entities.ComponentSystemGroup:OnUpdate () (at ./Library/PackageCache/com.unity.entities@bab66ffaba49/Unity.Entities/ComponentSystemGroup.cs:687)
Unity.Entities.SystemBase:Update () (at ./Library/PackageCache/com.unity.entities@bab66ffaba49/Unity.Entities/SystemBase.cs:205)
Unity.Entities.ScriptBehaviourUpdateOrder/DummyDelegateWrapper:TriggerUpdate () (at ./Library/PackageCache/com.unity.entities@bab66ffaba49/Unity.Entities/ScriptBehaviourUpdateOrder.cs:523)

(Filename: Assets/Game/Scripts/Systems/UnitAttackSystem.cs Line: 518)

[FrameRateDiag] fps=47.7 avgFrame=20.9ms updateAvg=3.7ms updateMax=7.8ms cpuFrame=13.9ms cpuMain=12.0ms cpuRender=1.2ms gpu=7.4ms drawCalls=154 batches=0 setPass=82 tris=247261 verts=485698 units=5001 models=54 sourceKeys=5001 sourceKeyFallbackVisuals=0 initialSpawnConfigs=0 impostors=12 render=screen=1920x1080,batch=0,quality=1:Mobile,vSync=0,targetFps=-1,pipeline=Mobile_RPAsset_MobileCandidate,scale=0.75,msaa=0,camera=Main Camera,cameraData=post:1,aa:FastApproximateAntialiasing,stack:0 memory=alloc=4323MB reserved=4911MB mono=1684MB focused=1 playRequested=1 simulationActive=1 stepStats=none topSystems=disabled markers=disabled
[FrameRateDiag] fps=43.8 avgFrame=22.8ms updateAvg=4.2ms updateMax=8.7ms cpuFrame=22.3ms cpuMain=15.0ms cpuRender=2.2ms gpu=7.4ms drawCalls=154 batches=0 setPass=82 tris=247261 verts=485698 units=5001 models=54 sourceKeys=5001 sourceKeyFallbackVisuals=0 initialSpawnConfigs=0 impostors=12 render=screen=1920x1080,batch=0,quality=1:Mobile,vSync=0,targetFps=-1,pipeline=Mobile_RPAsset_MobileCandidate,scale=0.75,msaa=0,camera=Main Camera,cameraData=post:1,aa:FastApproximateAntialiasing,stack:0 memory=alloc=4324MB reserved=4911MB mono=1688MB focused=1 playRequested=1 simulationActive=1 stepStats=none topSystems=disabled markers=disabled
[FrameRateDiag] fps=43.3 avgFrame=23.1ms updateAvg=4.1ms updateMax=9.8ms cpuFrame=13.5ms cpuMain=11.8ms cpuRender=1.2ms gpu=8.7ms drawCalls=155 batches=0 setPass=83 tris=247263 verts=485702 units=5001 models=54 sourceKeys=5001 sourceKeyFallbackVisuals=0 initialSpawnConfigs=0 impostors=12 render=screen=1920x1080,batch=0,quality=1:Mobile,vSync=0,targetFps=-1,pipeline=Mobile_RPAsset_MobileCandidate,scale=0.75,msaa=0,camera=Main Camera,cameraData=post:1,aa:FastApproximateAntialiasing,stack:0 memory=alloc=4325MB reserved=4911MB mono=1693MB focused=1 playRequested=1 simulationActive=1 stepStats=none topSystems=disabled markers=disabled
[RenderSceneDiag] frame=10625 source=profilerCounters drawCalls=155 batches=0 setPass=83 tris=247263 verts=485702 topSystems=disabled markers=disabled
[FrameRateDiag] fps=43.6 avgFrame=23.0ms updateAvg=4.1ms updateMax=10.4ms cpuFrame=19.3ms cpuMain=16.8ms cpuRender=1.5ms gpu=4.0ms drawCalls=159 batches=0 setPass=89 tris=247299 verts=485774 units=5001 models=54 sourceKeys=5001 sourceKeyFallbackVisuals=0 initialSpawnConfigs=0 impostors=12 render=screen=1920x1080,batch=0,quality=1:Mobile,vSync=0,targetFps=-1,pipeline=Mobile_RPAsset_MobileCandidate,scale=0.75,msaa=0,camera=Main Camera,cameraData=post:1,aa:FastApproximateAntialiasing,stack:0 memory=alloc=4325MB reserved=4911MB mono=1697MB focused=1 playRequested=1 simulationActive=1 stepStats=none topSystems=disabled markers=disabled
[FrameRateDiag] fps=39.6 avgFrame=25.2ms updateAvg=4.4ms updateMax=10.0ms cpuFrame=14.1ms cpuMain=12.1ms cpuRender=1.2ms gpu=7.4ms drawCalls=158 batches=0 setPass=88 tris=247293 verts=485762 units=5001 models=54 sourceKeys=5001 sourceKeyFallbackVisuals=0 initialSpawnConfigs=0 impostors=12 render=screen=1920x1080,batch=0,quality=1:Mobile,vSync=0,targetFps=-1,pipeline=Mobile_RPAsset_MobileCandidate,scale=0.75,msaa=0,camera=Main Camera,cameraData=post:1,aa:FastApproximateAntialiasing,stack:0 memory=alloc=4327MB reserved=4911MB mono=1702MB focused=1 playRequested=1 simulationActive=1 stepStats=none topSystems=disabled markers=disabled
[FrameRateDiag] fps=52.9 avgFrame=18.9ms updateAvg=3.5ms updateMax=7.8ms cpuFrame=13.9ms cpuMain=12.0ms cpuRender=1.1ms gpu=7.4ms drawCalls=156 batches=0 setPass=85 tris=247285 verts=485746 units=5001 models=54 sourceKeys=5001 sourceKeyFallbackVisuals=0 initialSpawnConfigs=0 impostors=12 render=screen=1920x1080,batch=0,quality=1:Mobile,vSync=0,targetFps=-1,pipeline=Mobile_RPAsset_MobileCandidate,scale=0.75,msaa=0,camera=Main Camera,cameraData=post:1,aa:FastApproximateAntialiasing,stack:0 memory=alloc=4328MB reserved=4911MB mono=1707MB focused=1 playRequested=1 simulationActive=1 stepStats=none topSystems=disabled markers=disabled
[FrameRateDiag] fps=48.3 avgFrame=20.7ms updateAvg=3.8ms updateMax=7.7ms cpuFrame=15.5ms cpuMain=13.4ms cpuRender=1.4ms gpu=4.0ms drawCalls=158 batches=0 setPass=86 tris=247291 verts=485758 units=5001 models=54 sourceKeys=5001 sourceKeyFallbackVisuals=0 initialSpawnConfigs=0 impostors=12 render=screen=1920x1080,batch=0,quality=1:Mobile,vSync=0,targetFps=-1,pipeline=Mobile_RPAsset_MobileCandidate,scale=0.75,msaa=0,camera=Main Camera,cameraData=post:1,aa:FastApproximateAntialiasing,stack:0 memory=alloc=4330MB reserved=4911MB mono=1713MB focused=1 playRequested=1 simulationActive=1 stepStats=none topSystems=disabled markers=disabled
[FrameRateDiag] fps=48.2 avgFrame=20.8ms updateAvg=3.8ms updateMax=7.5ms cpuFrame=13.8ms cpuMain=11.9ms cpuRender=1.1ms gpu=7.4ms drawCalls=156 batches=0 setPass=84 tris=247267 verts=485710 units=5001 models=54 sourceKeys=5001 sourceKeyFallbackVisuals=0 initialSpawnConfigs=0 impostors=12 render=screen=1920x1080,batch=0,quality=1:Mobile,vSync=0,targetFps=-1,pipeline=Mobile_RPAsset_MobileCandidate,scale=0.75,msaa=0,camera=Main Camera,cameraData=post:1,aa:FastApproximateAntialiasing,stack:0 memory=alloc=4332MB reserved=4911MB mono=1718MB focused=1 playRequested=1 simulationActive=1 stepStats=none topSystems=disabled markers=disabled
[RenderSceneDiag] frame=11094 source=profilerCounters drawCalls=156 batches=0 setPass=84 tris=247267 verts=485710 topSystems=disabled markers=disabled
[FrameRateDiag] fps=47.4 avgFrame=21.1ms updateAvg=3.9ms updateMax=7.8ms cpuFrame=45.6ms cpuMain=43.5ms cpuRender=1.3ms gpu=7.3ms drawCalls=156 batches=0 setPass=84 tris=247267 verts=485710 units=5001 models=54 sourceKeys=5001 sourceKeyFallbackVisuals=0 initialSpawnConfigs=0 impostors=12 render=screen=1920x1080,batch=0,quality=1:Mobile,vSync=0,targetFps=-1,pipeline=Mobile_RPAsset_MobileCandidate,scale=0.75,msaa=0,camera=Main Camera,cameraData=post:1,aa:FastApproximateAntialiasing,stack:0 memory=alloc=4333MB reserved=4909MB mono=1723MB focused=1 playRequested=1 simulationActive=1 stepStats=none topSystems=disabled markers=disabled
[FrameRateDiag] fps=46.0 avgFrame=21.7ms updateAvg=3.9ms updateMax=8.6ms cpuFrame=14.0ms cpuMain=12.2ms cpuRender=1.2ms gpu=7.4ms drawCalls=156 batches=0 setPass=84 tris=247267 verts=485710 units=5001 models=54 sourceKeys=5001 sourceKeyFallbackVisuals=0 initialSpawnConfigs=0 impostors=12 render=screen=1920x1080,batch=0,quality=1:Mobile,vSync=0,targetFps=-1,pipeline=Mobile_RPAsset_MobileCandidate,scale=0.75,msaa=0,camera=Main Camera,cameraData=post:1,aa:FastApproximateAntialiasing,stack:0 memory=alloc=4334MB reserved=4909MB mono=1728MB focused=1 playRequested=1 simulationActive=1 stepStats=none topSystems=disabled markers=disabled
[FrameRateDiag] fps=52.7 avgFrame=19.0ms updateAvg=3.5ms updateMax=7.2ms cpuFrame=14.7ms cpuMain=12.9ms cpuRender=1.1ms gpu=5.7ms drawCalls=155 batches=0 setPass=84 tris=247267 verts=485710 units=5001 models=54 sourceKeys=5001 sourceKeyFallbackVisuals=0 initialSpawnConfigs=0 impostors=12 render=screen=1920x1080,batch=0,quality=1:Mobile,vSync=0,targetFps=-1,pipeline=Mobile_RPAsset_MobileCandidate,scale=0.75,msaa=0,camera=Main Camera,cameraData=post:1,aa:FastApproximateAntialiasing,stack:0 memory=alloc=4335MB reserved=4907MB mono=1734MB focused=1 playRequested=1 simulationActive=1 stepStats=none topSystems=disabled markers=disabled
[FrameRateDiag] fps=48.2 avgFrame=20.8ms updateAvg=3.7ms updateMax=7.8ms cpuFrame=16.0ms cpuMain=14.0ms cpuRender=1.3ms gpu=5.3ms drawCalls=153 batches=0 setPass=82 tris=247257 verts=485690 units=5001 models=54 sourceKeys=5001 sourceKeyFallbackVisuals=0 initialSpawnConfigs=0 impostors=12 render=screen=1920x1080,batch=0,quality=1:Mobile,vSync=0,targetFps=-1,pipeline=Mobile_RPAsset_MobileCandidate,scale=0.75,msaa=0,camera=Main Camera,cameraData=post:1,aa:FastApproximateAntialiasing,stack:0 memory=alloc=4337MB reserved=4904MB mono=1739MB focused=1 playRequested=1 simulationActive=1 stepStats=none topSystems=disabled markers=disabled
[FrameRateDiag] fps=46.4 avgFrame=21.6ms updateAvg=3.9ms updateMax=7.7ms cpuFrame=14.6ms cpuMain=12.2ms cpuRender=1.1ms gpu=7.8ms drawCalls=153 batches=0 setPass=83 tris=258420 verts=514670 units=5001 models=54 sourceKeys=5001 sourceKeyFallbackVisuals=0 initialSpawnConfigs=0 impostors=12 render=screen=1920x1080,batch=0,quality=1:Mobile,vSync=0,targetFps=-1,pipeline=Mobile_RPAsset_MobileCandidate,scale=0.75,msaa=0,camera=Main Camera,cameraData=post:1,aa:FastApproximateAntialiasing,stack:0 memory=alloc=4338MB reserved=4903MB mono=1744MB focused=1 playRequested=1 simulationActive=1 stepStats=none topSystems=disabled markers=disabled
[RenderSceneDiag] frame=11577 source=profilerCounters drawCalls=153 batches=0 setPass=83 tris=258420 verts=514670 topSystems=disabled markers=disabled
[FrameRateDiag] fps=51.5 avgFrame=19.4ms updateAvg=3.5ms updateMax=6.7ms cpuFrame=42.2ms cpuMain=39.5ms cpuRender=1.2ms gpu=4.4ms drawCalls=148 batches=0 setPass=77 tris=266494 verts=558792 units=5001 models=54 sourceKeys=5001 sourceKeyFallbackVisuals=0 initialSpawnConfigs=0 impostors=12 render=screen=1920x1080,batch=0,quality=1:Mobile,vSync=0,targetFps=-1,pipeline=Mobile_RPAsset_MobileCandidate,scale=0.75,msaa=0,camera=Main Camera,cameraData=post:1,aa:FastApproximateAntialiasing,stack:0 memory=alloc=4336MB reserved=4903MB mono=1750MB focused=1 playRequested=1 simulationActive=1 stepStats=none topSystems=disabled markers=disabled
[FrameRateDiag] fps=49.4 avgFrame=20.2ms updateAvg=3.7ms updateMax=7.6ms cpuFrame=14.5ms cpuMain=12.5ms cpuRender=1.3ms gpu=4.2ms drawCalls=148 batches=0 setPass=77 tris=284913 verts=606720 units=5001 models=54 sourceKeys=5001 sourceKeyFallbackVisuals=0 initialSpawnConfigs=0 impostors=12 render=screen=1920x1080,batch=0,quality=1:Mobile,vSync=0,targetFps=-1,pipeline=Mobile_RPAsset_MobileCandidate,scale=0.75,msaa=0,camera=Main Camera,cameraData=post:1,aa:FastApproximateAntialiasing,stack:0 memory=alloc=4334MB reserved=4903MB mono=1755MB focused=1 playRequested=1 simulationActive=1 stepStats=none topSystems=disabled markers=disabled
[FrameRateDiag] fps=47.7 avgFrame=21.0ms updateAvg=3.9ms updateMax=9.2ms cpuFrame=17.6ms cpuMain=15.0ms cpuRender=1.4ms gpu=4.2ms drawCalls=143 batches=0 setPass=77 tris=264830 verts=572355 units=5000 models=53 sourceKeys=5000 sourceKeyFallbackVisuals=0 initialSpawnConfigs=0 impostors=12 render=screen=1920x1080,batch=0,quality=1:Mobile,vSync=0,targetFps=-1,pipeline=Mobile_RPAsset_MobileCandidate,scale=0.75,msaa=0,camera=Main Camera,cameraData=post:1,aa:FastApproximateAntialiasing,stack:0 memory=alloc=4336MB reserved=4903MB mono=1760MB focused=1 playRequested=1 simulationActive=1 stepStats=none topSystems=disabled markers=disabled
[FrameRateDiag] fps=39.4 avgFrame=25.4ms updateAvg=4.5ms updateMax=10.0ms cpuFrame=17.3ms cpuMain=15.4ms cpuRender=1.3ms gpu=5.6ms drawCalls=142 batches=0 setPass=77 tris=298133 verts=658923 units=5000 models=53 sourceKeys=5000 sourceKeyFallbackVisuals=0 initialSpawnConfigs=0 impostors=12 render=screen=1920x1080,batch=0,quality=1:Mobile,vSync=0,targetFps=-1,pipeline=Mobile_RPAsset_MobileCandidate,scale=0.75,msaa=0,camera=Main Camera,cameraData=post:1,aa:FastApproximateAntialiasing,stack:0 memory=alloc=4334MB reserved=4903MB mono=1765MB focused=1 playRequested=1 simulationActive=1 stepStats=none topSystems=disabled markers=disabled
[FrameRateDiag] fps=47.2 avgFrame=21.2ms updateAvg=3.8ms updateMax=7.5ms cpuFrame=40.3ms cpuMain=38.6ms cpuRender=1.2ms gpu=6.7ms drawCalls=142 batches=0 setPass=77 tris=316738 verts=707223 units=5000 models=53 sourceKeys=5000 sourceKeyFallbackVisuals=0 initialSpawnConfigs=0 impostors=12 render=screen=1920x1080,batch=0,quality=1:Mobile,vSync=0,targetFps=-1,pipeline=Mobile_RPAsset_MobileCandidate,scale=0.75,msaa=0,camera=Main Camera,cameraData=post:1,aa:FastApproximateAntialiasing,stack:0 memory=alloc=4334MB reserved=4903MB mono=1770MB focused=1 playRequested=1 simulationActive=1 stepStats=none topSystems=disabled markers=disabled
[RenderSceneDiag] frame=12050 source=profilerCounters drawCalls=142 batches=0 setPass=77 tris=316738 verts=707223 topSystems=disabled markers=disabled
[FrameRateDiag] fps=48.0 avgFrame=20.9ms updateAvg=3.8ms updateMax=8.3ms cpuFrame=15.2ms cpuMain=12.9ms cpuRender=1.3ms gpu=4.4ms drawCalls=142 batches=0 setPass=77 tris=316738 verts=707223 units=5000 models=53 sourceKeys=5000 sourceKeyFallbackVisuals=0 initialSpawnConfigs=0 impostors=12 render=screen=1920x1080,batch=0,quality=1:Mobile,vSync=0,targetFps=-1,pipeline=Mobile_RPAsset_MobileCandidate,scale=0.75,msaa=0,camera=Main Camera,cameraData=post:1,aa:FastApproximateAntialiasing,stack:0 memory=alloc=4334MB reserved=4903MB mono=1775MB focused=1 playRequested=1 simulationActive=1 stepStats=none topSystems=disabled markers=disabled
[FrameRateDiag] fps=49.4 avgFrame=20.2ms updateAvg=3.7ms updateMax=7.7ms cpuFrame=13.2ms cpuMain=11.5ms cpuRender=1.2ms gpu=6.9ms drawCalls=142 batches=0 setPass=77 tris=316738 verts=707223 units=5000 models=53 sourceKeys=5000 sourceKeyFallbackVisuals=0 initialSpawnConfigs=0 impostors=12 render=screen=1920x1080,batch=0,quality=1:Mobile,vSync=0,targetFps=-1,pipeline=Mobile_RPAsset_MobileCandidate,scale=0.75,msaa=0,camera=Main Camera,cameraData=post:1,aa:FastApproximateAntialiasing,stack:0 memory=alloc=4333MB reserved=4902MB mono=1780MB focused=1 playRequested=1 simulationActive=1 stepStats=none topSystems=disabled markers=disabled
[FrameRateDiag] fps=52.5 avgFrame=19.1ms updateAvg=3.5ms updateMax=7.5ms cpuFrame=15.4ms cpuMain=13.6ms cpuRender=1.1ms gpu=4.5ms drawCalls=142 batches=0 setPass=78 tris=331387 verts=745271 units=5000 models=53 sourceKeys=5000 sourceKeyFallbackVisuals=0 initialSpawnConfigs=0 impostors=12 render=screen=1920x1080,batch=0,quality=1:Mobile,vSync=0,targetFps=-1,pipeline=Mobile_RPAsset_MobileCandidate,scale=0.75,msaa=0,camera=Main Camera,cameraData=post:1,aa:FastApproximateAntialiasing,stack:0 memory=alloc=4333MB reserved=4902MB mono=1786MB focused=1 playRequested=1 simulationActive=1 stepStats=none topSystems=disabled markers=disabled
[FrameRateDiag] fps=49.9 avgFrame=20.1ms updateAvg=3.7ms updateMax=8.5ms cpuFrame=15.6ms cpuMain=13.6ms cpuRender=1.3ms gpu=8.2ms drawCalls=142 batches=0 setPass=78 tris=346506 verts=784503 units=5000 models=53 sourceKeys=5000 sourceKeyFallbackVisuals=0 initialSpawnConfigs=0 impostors=12 render=screen=1920x1080,batch=0,quality=1:Mobile,vSync=0,targetFps=-1,pipeline=Mobile_RPAsset_MobileCandidate,scale=0.75,msaa=0,camera=Main Camera,cameraData=post:1,aa:FastApproximateAntialiasing,stack:0 memory=alloc=4331MB reserved=4902MB mono=1791MB focused=1 playRequested=1 simulationActive=1 stepStats=none topSystems=disabled markers=disabled
[FrameRateDiag] fps=45.3 avgFrame=22.1ms updateAvg=3.8ms updateMax=14.9ms cpuFrame=10.8ms cpuMain=9.0ms cpuRender=1.2ms gpu=12.6ms drawCalls=145 batches=0 setPass=71 tris=346504 verts=784499 units=5000 models=53 sourceKeys=5000 sourceKeyFallbackVisuals=0 initialSpawnConfigs=0 impostors=12 render=screen=1920x1080,batch=0,quality=1:Mobile,vSync=0,targetFps=-1,pipeline=Mobile_RPAsset_MobileCandidate,scale=0.75,msaa=0,camera=Main Camera,cameraData=post:1,aa:FastApproximateAntialiasing,stack:0 memory=alloc=4335MB reserved=4902MB mono=1804MB focused=1 playRequested=1 simulationActive=1 stepStats=none topSystems=disabled markers=disabled
[RenderSceneDiag] frame=12545 source=profilerCounters drawCalls=145 batches=0 setPass=71 tris=346504 verts=784499 topSystems=disabled markers=disabled
[FrameRateDiag] fps=53.4 avgFrame=18.7ms updateAvg=3.3ms updateMax=7.1ms cpuFrame=12.9ms cpuMain=10.8ms cpuRender=1.3ms gpu=8.7ms drawCalls=141 batches=0 setPass=70 tris=365159 verts=832899 units=5000 models=53 sourceKeys=5000 sourceKeyFallbackVisuals=0 initialSpawnConfigs=0 impostors=12 render=screen=1920x1080,batch=0,quality=1:Mobile,vSync=0,targetFps=-1,pipeline=Mobile_RPAsset_MobileCandidate,scale=0.75,msaa=0,camera=Main Camera,cameraData=post:1,aa:FastApproximateAntialiasing,stack:0 memory=alloc=4330MB reserved=4902MB mono=1811MB focused=1 playRequested=1 simulationActive=1 stepStats=none topSystems=disabled markers=disabled
[FrameRateDiag] fps=45.4 avgFrame=22.0ms updateAvg=3.6ms updateMax=9.4ms cpuFrame=14.0ms cpuMain=12.2ms cpuRender=1.2ms gpu=8.6ms drawCalls=142 batches=0 setPass=78 tris=376274 verts=861783 units=5000 models=53 sourceKeys=5000 sourceKeyFallbackVisuals=0 initialSpawnConfigs=0 impostors=12 render=screen=1920x1080,batch=0,quality=1:Mobile,vSync=0,targetFps=-1,pipeline=Mobile_RPAsset_MobileCandidate,scale=0.75,msaa=0,camera=Main Camera,cameraData=post:1,aa:FastApproximateAntialiasing,stack:0 memory=alloc=4330MB reserved=4901MB mono=1818MB focused=1 playRequested=1 simulationActive=1 stepStats=none topSystems=disabled markers=disabled
[FrameRateDiag] fps=51.0 avgFrame=19.6ms updateAvg=3.5ms updateMax=7.1ms cpuFrame=13.9ms cpuMain=12.1ms cpuRender=1.3ms gpu=8.2ms drawCalls=142 batches=0 setPass=78 tris=376274 verts=861783 units=5000 models=53 sourceKeys=5000 sourceKeyFallbackVisuals=0 initialSpawnConfigs=0 impostors=12 render=screen=1920x1080,batch=0,quality=1:Mobile,vSync=0,targetFps=-1,pipeline=Mobile_RPAsset_MobileCandidate,scale=0.75,msaa=0,camera=Main Camera,cameraData=post:1,aa:FastApproximateAntialiasing,stack:0 memory=alloc=4323MB reserved=4902MB mono=1831MB focused=1 playRequested=1 simulationActive=1 stepStats=none topSystems=disabled markers=disabled
[FrameRateDiag] fps=50.7 avgFrame=19.7ms updateAvg=3.4ms updateMax=7.1ms cpuFrame=13.1ms cpuMain=11.3ms cpuRender=1.2ms gpu=6.2ms drawCalls=142 batches=0 setPass=78 tris=376274 verts=861783 units=5000 models=53 sourceKeys=5000 sourceKeyFallbackVisuals=0 initialSpawnConfigs=0 impostors=12 render=screen=1920x1080,batch=0,quality=1:Mobile,vSync=0,targetFps=-1,pipeline=Mobile_RPAsset_MobileCandidate,scale=0.75,msaa=0,camera=Main Camera,cameraData=post:1,aa:FastApproximateAntialiasing,stack:0 memory=alloc=4320MB reserved=4902MB mono=1837MB focused=1 playRequested=1 simulationActive=1 stepStats=none topSystems=disabled markers=disabled
[RenderSceneDiag] frame=13060 source=profilerCounters drawCalls=142 batches=0 setPass=78 tris=376274 verts=861783 topSystems=disabled markers=disabled
[FrameRateDiag] fps=52.5 avgFrame=19.1ms updateAvg=3.4ms updateMax=7.2ms cpuFrame=13.0ms cpuMain=11.2ms cpuRender=1.2ms gpu=8.9ms drawCalls=142 batches=0 setPass=78 tris=376274 verts=861783 units=5000 models=53 sourceKeys=5000 sourceKeyFallbackVisuals=0 initialSpawnConfigs=0 impostors=12 render=screen=1920x1080,batch=0,quality=1:Mobile,vSync=0,targetFps=-1,pipeline=Mobile_RPAsset_MobileCandidate,scale=0.75,msaa=0,camera=Main Camera,cameraData=post:1,aa:FastApproximateAntialiasing,stack:0 memory=alloc=4317MB reserved=4901MB mono=1844MB focused=1 playRequested=1 simulationActive=1 stepStats=none topSystems=disabled markers=disabled
[FrameRateDiag] fps=54.4 avgFrame=18.4ms updateAvg=3.3ms updateMax=7.0ms cpuFrame=13.5ms cpuMain=11.5ms cpuRender=1.2ms gpu=5.6ms drawCalls=142 batches=0 setPass=79 tris=377298 verts=863831 units=5000 models=53 sourceKeys=5000 sourceKeyFallbackVisuals=0 initialSpawnConfigs=0 impostors=12 render=screen=1920x1080,batch=0,quality=1:Mobile,vSync=0,targetFps=-1,pipeline=Mobile_RPAsset_MobileCandidate,scale=0.75,msaa=0,camera=Main Camera,cameraData=post:1,aa:FastApproximateAntialiasing,stack:0 memory=alloc=4313MB reserved=4900MB mono=1851MB focused=1 playRequested=1 simulationActive=1 stepStats=none topSystems=disabled markers=disabled
[FrameRateDiag] fps=49.7 avgFrame=20.1ms updateAvg=3.9ms updateMax=8.2ms cpuFrame=14.7ms cpuMain=12.8ms cpuRender=1.5ms gpu=4.7ms drawCalls=142 batches=0 setPass=79 tris=378322 verts=865879 units=5000 models=53 sourceKeys=5000 sourceKeyFallbackVisuals=0 initialSpawnConfigs=0 impostors=12 render=screen=1920x1080,batch=0,quality=1:Mobile,vSync=0,targetFps=-1,pipeline=Mobile_RPAsset_MobileCandidate,scale=0.75,msaa=0,camera=Main Camera,cameraData=post:1,aa:FastApproximateAntialiasing,stack:0 memory=alloc=4311MB reserved=4899MB mono=1858MB focused=1 playRequested=1 simulationActive=1 stepStats=none topSystems=disabled markers=disabled
[FrameRateDiag] fps=45.9 avgFrame=21.8ms updateAvg=4.2ms updateMax=7.5ms cpuFrame=14.8ms cpuMain=13.0ms cpuRender=1.2ms gpu=8.7ms drawCalls=142 batches=0 setPass=80 tris=378326 verts=865887 units=5000 models=53 sourceKeys=5000 sourceKeyFallbackVisuals=0 initialSpawnConfigs=0 impostors=12 render=screen=1920x1080,batch=0,quality=1:Mobile,vSync=0,targetFps=-1,pipeline=Mobile_RPAsset_MobileCandidate,scale=0.75,msaa=0,camera=Main Camera,cameraData=post:1,aa:FastApproximateAntialiasing,stack:0 memory=alloc=4309MB reserved=4898MB mono=1864MB focused=1 playRequested=1 simulationActive=1 stepStats=none topSystems=disabled markers=disabled
[FrameRateDiag] fps=48.2 avgFrame=20.8ms updateAvg=3.9ms updateMax=7.6ms cpuFrame=14.1ms cpuMain=12.3ms cpuRender=1.3ms gpu=4.9ms drawCalls=232 batches=0 setPass=95 tris=458733 verts=981251 units=5000 models=53 sourceKeys=5000 sourceKeyFallbackVisuals=0 initialSpawnConfigs=0 impostors=12 render=screen=1920x1080,batch=0,quality=1:Mobile,vSync=0,targetFps=-1,pipeline=Mobile_RPAsset_MobileCandidate,scale=0.75,msaa=0,camera=Main Camera,cameraData=post:1,aa:FastApproximateAntialiasing,stack:0 memory=alloc=4310MB reserved=4896MB mono=1870MB focused=1 playRequested=1 simulationActive=1 stepStats=none topSystems=disabled markers=disabled
[RenderSceneDiag] frame=13563 source=profilerCounters drawCalls=232 batches=0 setPass=95 tris=458733 verts=981251 topSystems=disabled markers=disabled
[FrameRateDiag] fps=51.9 avgFrame=19.3ms updateAvg=3.7ms updateMax=6.8ms cpuFrame=14.2ms cpuMain=12.4ms cpuRender=1.2ms gpu=4.7ms drawCalls=162 batches=0 setPass=85 tris=427977 verts=937919 units=5000 models=53 sourceKeys=5000 sourceKeyFallbackVisuals=0 initialSpawnConfigs=0 impostors=12 render=screen=1920x1080,batch=0,quality=1:Mobile,vSync=0,targetFps=-1,pipeline=Mobile_RPAsset_MobileCandidate,scale=0.75,msaa=0,camera=Main Camera,cameraData=post:1,aa:FastApproximateAntialiasing,stack:0 memory=alloc=4312MB reserved=4896MB mono=1877MB focused=1 playRequested=1 simulationActive=1 stepStats=none topSystems=disabled markers=disabled
[FrameRateDiag] fps=50.7 avgFrame=19.7ms updateAvg=3.9ms updateMax=7.5ms cpuFrame=14.5ms cpuMain=12.0ms cpuRender=1.2ms gpu=6.2ms drawCalls=159 batches=0 setPass=82 tris=427955 verts=937875 units=5000 models=53 sourceKeys=5000 sourceKeyFallbackVisuals=0 initialSpawnConfigs=0 impostors=12 render=screen=1920x1080,batch=0,quality=1:Mobile,vSync=0,targetFps=-1,pipeline=Mobile_RPAsset_MobileCandidate,scale=0.75,msaa=0,camera=Main Camera,cameraData=post:1,aa:FastApproximateAntialiasing,stack:0 memory=alloc=4314MB reserved=4896MB mono=1884MB focused=1 playRequested=1 simulationActive=1 stepStats=none topSystems=disabled markers=disabled
[FrameRateDiag] fps=52.1 avgFrame=19.2ms updateAvg=3.8ms updateMax=7.5ms cpuFrame=14.1ms cpuMain=12.2ms cpuRender=1.4ms gpu=5.0ms drawCalls=176 batches=0 setPass=84 tris=475548 verts=1005791 units=5000 models=53 sourceKeys=5000 sourceKeyFallbackVisuals=0 initialSpawnConfigs=0 impostors=12 render=screen=1920x1080,batch=0,quality=1:Mobile,vSync=0,targetFps=-1,pipeline=Mobile_RPAsset_MobileCandidate,scale=0.75,msaa=0,camera=Main Camera,cameraData=post:1,aa:FastApproximateAntialiasing,stack:0 memory=alloc=4316MB reserved=4895MB mono=1891MB focused=1 playRequested=1 simulationActive=1 stepStats=none topSystems=disabled markers=disabled
[FrameRateDiag] fps=48.8 avgFrame=20.5ms updateAvg=4.0ms updateMax=8.2ms cpuFrame=14.4ms cpuMain=12.6ms cpuRender=1.5ms gpu=8.8ms drawCalls=198 batches=0 setPass=87 tris=554893 verts=1119031 units=5000 models=53 sourceKeys=5000 sourceKeyFallbackVisuals=0 initialSpawnConfigs=0 impostors=12 render=screen=1920x1080,batch=0,quality=1:Mobile,vSync=0,targetFps=-1,pipeline=Mobile_RPAsset_MobileCandidate,scale=0.75,msaa=0,camera=Main Camera,cameraData=post:1,aa:FastApproximateAntialiasing,stack:0 memory=alloc=4320MB reserved=4895MB mono=1897MB focused=1 playRequested=1 simulationActive=1 stepStats=none topSystems=disabled markers=disabled
[FrameRateDiag] fps=48.9 avgFrame=20.5ms updateAvg=4.0ms updateMax=8.2ms cpuFrame=14.2ms cpuMain=12.5ms cpuRender=1.3ms gpu=5.1ms drawCalls=159 batches=0 setPass=82 tris=554839 verts=1118923 units=5000 models=53 sourceKeys=5000 sourceKeyFallbackVisuals=0 initialSpawnConfigs=0 impostors=12 render=screen=1920x1080,batch=0,quality=1:Mobile,vSync=0,targetFps=-1,pipeline=Mobile_RPAsset_MobileCandidate,scale=0.75,msaa=0,camera=Main Camera,cameraData=post:1,aa:FastApproximateAntialiasing,stack:0 memory=alloc=4323MB reserved=4894MB mono=1904MB focused=1 playRequested=1 simulationActive=1 stepStats=none topSystems=disabled markers=disabled
[RenderSceneDiag] frame=14070 source=profilerCounters drawCalls=159 batches=0 setPass=82 tris=554839 verts=1118923 topSystems=disabled markers=disabled
[FrameRateDiag] fps=46.4 avgFrame=21.5ms updateAvg=4.2ms updateMax=8.2ms cpuFrame=17.1ms cpuMain=14.7ms cpuRender=1.4ms gpu=4.9ms drawCalls=169 batches=0 setPass=83 tris=488566 verts=1049413 units=5000 models=53 sourceKeys=5000 sourceKeyFallbackVisuals=0 initialSpawnConfigs=0 impostors=11 render=screen=1920x1080,batch=0,quality=1:Mobile,vSync=0,targetFps=-1,pipeline=Mobile_RPAsset_MobileCandidate,scale=0.75,msaa=0,camera=Main Camera,cameraData=post:1,aa:FastApproximateAntialiasing,stack:0 memory=alloc=4325MB reserved=4894MB mono=1910MB focused=1 playRequested=1 simulationActive=1 stepStats=none topSystems=disabled markers=disabled
[FrameRateDiag] fps=46.0 avgFrame=21.7ms updateAvg=4.1ms updateMax=9.4ms cpuFrame=21.7ms cpuMain=16.4ms cpuRender=1.4ms gpu=14.4ms drawCalls=186 batches=0 setPass=82 tris=625655 verts=1295133 units=5000 models=53 sourceKeys=5000 sourceKeyFallbackVisuals=0 initialSpawnConfigs=0 impostors=9 render=screen=1920x1080,batch=0,quality=1:Mobile,vSync=0,targetFps=-1,pipeline=Mobile_RPAsset_MobileCandidate,scale=0.75,msaa=0,camera=Main Camera,cameraData=post:1,aa:FastApproximateAntialiasing,stack:0 memory=alloc=4323MB reserved=4894MB mono=1672MB focused=1 playRequested=1 simulationActive=1 stepStats=none topSystems=disabled markers=disabled
[FrameRateDiag] fps=49.9 avgFrame=20.1ms updateAvg=4.1ms updateMax=7.6ms cpuFrame=15.7ms cpuMain=13.3ms cpuRender=1.4ms gpu=7.1ms drawCalls=186 batches=0 setPass=82 tris=625655 verts=1295133 units=5000 models=53 sourceKeys=5000 sourceKeyFallbackVisuals=0 initialSpawnConfigs=0 impostors=9 render=screen=1920x1080,batch=0,quality=1:Mobile,vSync=0,targetFps=-1,pipeline=Mobile_RPAsset_MobileCandidate,scale=0.75,msaa=0,camera=Main Camera,cameraData=post:1,aa:FastApproximateAntialiasing,stack:0 memory=alloc=4320MB reserved=4893MB mono=1672MB focused=1 playRequested=1 simulationActive=1 stepStats=none topSystems=disabled markers=disabled
[FrameRateDiag] fps=50.8 avgFrame=19.7ms updateAvg=3.9ms updateMax=7.4ms cpuFrame=15.1ms cpuMain=13.1ms cpuRender=1.5ms gpu=7.9ms drawCalls=240 batches=0 setPass=82 tris=702131 verts=1429311 units=5000 models=53 sourceKeys=5000 sourceKeyFallbackVisuals=0 initialSpawnConfigs=0 impostors=8 render=screen=1920x1080,batch=0,quality=1:Mobile,vSync=0,targetFps=-1,pipeline=Mobile_RPAsset_MobileCandidate,scale=0.75,msaa=0,camera=Main Camera,cameraData=post:1,aa:FastApproximateAntialiasing,stack:0 memory=alloc=4323MB reserved=4893MB mono=1673MB focused=1 playRequested=1 simulationActive=1 stepStats=none topSystems=disabled markers=disabled
[FrameRateDiag] fps=48.1 avgFrame=20.8ms updateAvg=4.1ms updateMax=7.7ms cpuFrame=16.5ms cpuMain=14.6ms cpuRender=1.5ms gpu=5.6ms drawCalls=280 batches=0 setPass=85 tris=720863 verts=1431009 units=5000 models=53 sourceKeys=5000 sourceKeyFallbackVisuals=0 initialSpawnConfigs=0 impostors=9 render=screen=1920x1080,batch=0,quality=1:Mobile,vSync=0,targetFps=-1,pipeline=Mobile_RPAsset_MobileCandidate,scale=0.75,msaa=0,camera=Main Camera,cameraData=post:1,aa:FastApproximateAntialiasing,stack:0 memory=alloc=4318MB reserved=4893MB mono=1675MB focused=1 playRequested=1 simulationActive=1 stepStats=none topSystems=disabled markers=disabled
[RenderSceneDiag] frame=14554 source=profilerCounters drawCalls=280 batches=0 setPass=85 tris=720863 verts=1431009 topSystems=disabled markers=disabled
[FrameRateDiag] fps=53.7 avgFrame=18.6ms updateAvg=3.8ms updateMax=7.8ms cpuFrame=13.5ms cpuMain=11.7ms cpuRender=1.3ms gpu=6.5ms drawCalls=270 batches=0 setPass=90 tris=663249 verts=1298789 units=5000 models=53 sourceKeys=5000 sourceKeyFallbackVisuals=0 initialSpawnConfigs=0 impostors=11 render=screen=1920x1080,batch=0,quality=1:Mobile,vSync=0,targetFps=-1,pipeline=Mobile_RPAsset_MobileCandidate,scale=0.75,msaa=0,camera=Main Camera,cameraData=post:1,aa:FastApproximateAntialiasing,stack:0 memory=alloc=4327MB reserved=4893MB mono=1678MB focused=1 playRequested=1 simulationActive=1 stepStats=none topSystems=disabled markers=disabled
[FrameRateDiag] fps=53.0 avgFrame=18.9ms updateAvg=3.8ms updateMax=7.0ms cpuFrame=14.7ms cpuMain=12.8ms cpuRender=1.4ms gpu=7.0ms drawCalls=265 batches=0 setPass=92 tris=634412 verts=1232619 units=5000 models=53 sourceKeys=5000 sourceKeyFallbackVisuals=0 initialSpawnConfigs=0 impostors=12 render=screen=1920x1080,batch=0,quality=1:Mobile,vSync=0,targetFps=-1,pipeline=Mobile_RPAsset_MobileCandidate,scale=0.75,msaa=0,camera=Main Camera,cameraData=post:1,aa:FastApproximateAntialiasing,stack:0 memory=alloc=4327MB reserved=4892MB mono=1682MB focused=1 playRequested=1 simulationActive=1 stepStats=none topSystems=disabled markers=disabled
[FrameRateDiag] fps=50.6 avgFrame=19.8ms updateAvg=4.0ms updateMax=7.5ms cpuFrame=16.5ms cpuMain=13.5ms cpuRender=0.5ms gpu=5.5ms drawCalls=266 batches=0 setPass=92 tris=634434 verts=1232663 units=5000 models=53 sourceKeys=5000 sourceKeyFallbackVisuals=0 initialSpawnConfigs=0 impostors=12 render=screen=1920x1080,batch=0,quality=1:Mobile,vSync=0,targetFps=-1,pipeline=Mobile_RPAsset_MobileCandidate,scale=0.75,msaa=0,camera=Main Camera,cameraData=post:1,aa:FastApproximateAntialiasing,stack:0 memory=alloc=4335MB reserved=4892MB mono=1686MB focused=1 playRequested=1 simulationActive=1 stepStats=none topSystems=disabled markers=disabled
[FrameRateDiag] fps=45.1 avgFrame=22.2ms updateAvg=4.5ms updateMax=20.6ms cpuFrame=16.4ms cpuMain=13.5ms cpuRender=1.4ms gpu=9.8ms drawCalls=259 batches=0 setPass=87 tris=749850 verts=1497479 units=5000 models=53 sourceKeys=5000 sourceKeyFallbackVisuals=0 initialSpawnConfigs=0 impostors=8 render=screen=1920x1080,batch=0,quality=1:Mobile,vSync=0,targetFps=-1,pipeline=Mobile_RPAsset_MobileCandidate,scale=0.75,msaa=0,camera=Main Camera,cameraData=post:1,aa:FastApproximateAntialiasing,stack:0 memory=alloc=4346MB reserved=4891MB mono=1690MB focused=1 playRequested=1 simulationActive=1 stepStats=none topSystems=disabled markers=disabled
[Command Cache] Cleaned 2 expired entries
UnityEngine.Debug:ExtractStackTraceNoAlloc (byte*,int,string)
UnityEngine.StackTraceUtility:ExtractStackTrace () (at /Users/bokken/build/output/unity/unity/Runtime/Export/Scripting/StackTrace.cs:35)
UnityEngine.DebugLogHandler:Internal_Log (UnityEngine.LogType,UnityEngine.LogOption,string,UnityEngine.Object)
UnityEngine.DebugLogHandler:LogFormat (UnityEngine.LogType,UnityEngine.Object,string,object[])
UnityEngine.Logger:Log (UnityEngine.LogType,object)
UnityEngine.Debug:Log (object)
Unity.AI.Tracing.ConsoleSink:LogToConsole (string,string,System.Exception) (at ./Library/PackageCache/com.unity.ai.assistant@6fee27370e6a/Modules/Unity.AI.Tracing/TraceSinks.cs:313)
Unity.AI.Tracing.ConsoleSink:Write (Unity.AI.Tracing.TraceEvent) (at ./Library/PackageCache/com.unity.ai.assistant@6fee27370e6a/Modules/Unity.AI.Tracing/TraceSinks.cs:277)
Unity.AI.Tracing.TraceWriter:WriteEventInternal (string,string,Unity.AI.Tracing.TraceEventOptions,string,System.Nullable`1<int>) (at ./Library/PackageCache/com.unity.ai.assistant@6fee27370e6a/Modules/Unity.AI.Tracing/TraceWriter.cs:373)
Unity.AI.Tracing.TraceWriter:Event (string,Unity.AI.Tracing.TraceEventOptions) (at ./Library/PackageCache/com.unity.ai.assistant@6fee27370e6a/Modules/Unity.AI.Tracing/TraceWriter.cs:297)
Unity.AI.Tracing.TraceLogger:Emit (string,string,string,string,Unity.AI.Tracing.TraceEventOptions,object,System.Exception) (at ./Library/PackageCache/com.unity.ai.assistant@6fee27370e6a/Modules/Unity.AI.Tracing/TraceLogger.cs:105)
Unity.AI.Tracing.TraceLogger:Info (string,string,string,Unity.AI.Tracing.TraceEventOptions) (at ./Library/PackageCache/com.unity.ai.assistant@6fee27370e6a/Modules/Unity.AI.Tracing/TraceLogger.cs:35)
Unity.AI.MCP.Editor.Helpers.McpLog:Log (string,Unity.AI.Tracing.TraceEventOptions) (at ./Library/PackageCache/com.unity.ai.assistant@6fee27370e6a/Modules/Unity.AI.MCP.Editor/Helpers/McpLog.cs:15)
Unity.AI.MCP.Editor.Bridge:CleanExpiredCommandResults () (at ./Library/PackageCache/com.unity.ai.assistant@6fee27370e6a/Modules/Unity.AI.MCP.Editor/Bridge.cs:1966)
Unity.AI.MCP.Editor.Bridge:ProcessCommands () (at ./Library/PackageCache/com.unity.ai.assistant@6fee27370e6a/Modules/Unity.AI.MCP.Editor/Bridge.cs:1493)
UnityEditor.EditorApplication:Internal_CallUpdateFunctions () (at /Users/bokken/build/output/unity/unity/Editor/Mono/EditorApplication.cs:403)

(Filename: ./Library/PackageCache/com.unity.ai.assistant@6fee27370e6a/Modules/Unity.AI.Tracing/TraceSinks.cs Line: 313)

[FrameRateDiag] fps=50.8 avgFrame=19.7ms updateAvg=4.0ms updateMax=7.7ms cpuFrame=15.3ms cpuMain=13.4ms cpuRender=1.4ms gpu=5.7ms drawCalls=249 batches=0 setPass=82 tris=749712 verts=1497203 units=5000 models=53 sourceKeys=5000 sourceKeyFallbackVisuals=0 initialSpawnConfigs=0 impostors=8 render=screen=1920x1080,batch=0,quality=1:Mobile,vSync=0,targetFps=-1,pipeline=Mobile_RPAsset_MobileCandidate,scale=0.75,msaa=0,camera=Main Camera,cameraData=post:1,aa:FastApproximateAntialiasing,stack:0 memory=alloc=4352MB reserved=4890MB mono=1695MB focused=1 playRequested=1 simulationActive=1 stepStats=none topSystems=disabled markers=disabled
[RenderSceneDiag] frame=15066 source=profilerCounters drawCalls=249 batches=0 setPass=82 tris=749712 verts=1497203 topSystems=disabled markers=disabled
[FrameRateDiag] fps=52.2 avgFrame=19.2ms updateAvg=3.9ms updateMax=7.7ms cpuFrame=13.6ms cpuMain=11.8ms cpuRender=1.3ms gpu=5.7ms drawCalls=249 batches=0 setPass=82 tris=750736 verts=1499251 units=5000 models=53 sourceKeys=5000 sourceKeyFallbackVisuals=0 initialSpawnConfigs=0 impostors=8 render=screen=1920x1080,batch=0,quality=1:Mobile,vSync=0,targetFps=-1,pipeline=Mobile_RPAsset_MobileCandidate,scale=0.75,msaa=0,camera=Main Camera,cameraData=post:1,aa:FastApproximateAntialiasing,stack:0 memory=alloc=4356MB reserved=4890MB mono=1700MB focused=1 playRequested=1 simulationActive=1 stepStats=none topSystems=disabled markers=disabled
[FrameRateDiag] fps=54.8 avgFrame=18.3ms updateAvg=3.7ms updateMax=7.7ms cpuFrame=13.3ms cpuMain=11.6ms cpuRender=1.4ms gpu=5.7ms drawCalls=249 batches=0 setPass=82 tris=750736 verts=1499251 units=4999 models=53 sourceKeys=4999 sourceKeyFallbackVisuals=0 initialSpawnConfigs=0 impostors=8 render=screen=1920x1080,batch=0,quality=1:Mobile,vSync=0,targetFps=-1,pipeline=Mobile_RPAsset_MobileCandidate,scale=0.75,msaa=0,camera=Main Camera,cameraData=post:1,aa:FastApproximateAntialiasing,stack:0 memory=alloc=4358MB reserved=4890MB mono=1706MB focused=1 playRequested=1 simulationActive=1 stepStats=none topSystems=disabled markers=disabled
[FrameRateDiag] fps=53.2 avgFrame=18.8ms updateAvg=3.9ms updateMax=7.6ms cpuFrame=14.8ms cpuMain=13.0ms cpuRender=1.3ms gpu=10.0ms drawCalls=249 batches=0 setPass=82 tris=750736 verts=1499251 units=4999 models=53 sourceKeys=4999 sourceKeyFallbackVisuals=0 initialSpawnConfigs=0 impostors=8 render=screen=1920x1080,batch=0,quality=1:Mobile,vSync=0,targetFps=-1,pipeline=Mobile_RPAsset_MobileCandidate,scale=0.75,msaa=0,camera=Main Camera,cameraData=post:1,aa:FastApproximateAntialiasing,stack:0 memory=alloc=4360MB reserved=4889MB mono=1712MB focused=1 playRequested=1 simulationActive=1 stepStats=none topSystems=disabled markers=disabled
[FrameRateDiag] fps=49.9 avgFrame=20.0ms updateAvg=4.1ms updateMax=8.8ms cpuFrame=15.4ms cpuMain=13.4ms cpuRender=1.4ms gpu=5.7ms drawCalls=249 batches=0 setPass=82 tris=750736 verts=1499251 units=4999 models=53 sourceKeys=4999 sourceKeyFallbackVisuals=0 initialSpawnConfigs=0 impostors=8 render=screen=1920x1080,batch=0,quality=1:Mobile,vSync=0,targetFps=-1,pipeline=Mobile_RPAsset_MobileCandidate,scale=0.75,msaa=0,camera=Main Camera,cameraData=post:1,aa:FastApproximateAntialiasing,stack:0 memory=alloc=4362MB reserved=4886MB mono=1718MB focused=1 playRequested=1 simulationActive=1 stepStats=none topSystems=disabled markers=disabled
[FrameRateDiag] fps=52.3 avgFrame=19.1ms updateAvg=3.9ms updateMax=7.6ms cpuFrame=13.9ms cpuMain=12.1ms cpuRender=1.2ms gpu=5.8ms drawCalls=249 batches=0 setPass=82 tris=750736 verts=1499251 units=4999 models=53 sourceKeys=4999 sourceKeyFallbackVisuals=0 initialSpawnConfigs=0 impostors=8 render=screen=1920x1080,batch=0,quality=1:Mobile,vSync=0,targetFps=-1,pipeline=Mobile_RPAsset_MobileCandidate,scale=0.75,msaa=0,camera=Main Camera,cameraData=post:1,aa:FastApproximateAntialiasing,stack:0 memory=alloc=4360MB reserved=4886MB mono=1723MB focused=1 playRequested=1 simulationActive=1 stepStats=none topSystems=disabled markers=disabled
[RenderSceneDiag] frame=15595 source=profilerCounters drawCalls=249 batches=0 setPass=82 tris=750736 verts=1499251 topSystems=disabled markers=disabled
[FrameRateDiag] fps=49.4 avgFrame=20.2ms updateAvg=4.2ms updateMax=8.5ms cpuFrame=16.7ms cpuMain=14.8ms cpuRender=1.5ms gpu=5.7ms drawCalls=249 batches=0 setPass=82 tris=750740 verts=1499259 units=4999 models=53 sourceKeys=4999 sourceKeyFallbackVisuals=0 initialSpawnConfigs=0 impostors=8 render=screen=1920x1080,batch=0,quality=1:Mobile,vSync=0,targetFps=-1,pipeline=Mobile_RPAsset_MobileCandidate,scale=0.75,msaa=0,camera=Main Camera,cameraData=post:1,aa:FastApproximateAntialiasing,stack:0 memory=alloc=4360MB reserved=4886MB mono=1729MB focused=1 playRequested=1 simulationActive=1 stepStats=none topSystems=disabled markers=disabled
[FrameRateDiag] fps=50.1 avgFrame=20.0ms updateAvg=4.1ms updateMax=7.7ms cpuFrame=13.8ms cpuMain=12.1ms cpuRender=1.4ms gpu=5.7ms drawCalls=271 batches=0 setPass=98 tris=751114 verts=1500007 units=4999 models=53 sourceKeys=4999 sourceKeyFallbackVisuals=0 initialSpawnConfigs=0 impostors=8 render=screen=1920x1080,batch=0,quality=1:Mobile,vSync=0,targetFps=-1,pipeline=Mobile_RPAsset_MobileCandidate,scale=0.75,msaa=0,camera=Main Camera,cameraData=post:1,aa:FastApproximateAntialiasing,stack:0 memory=alloc=4366MB reserved=4886MB mono=1735MB focused=1 playRequested=1 simulationActive=1 stepStats=none topSystems=disabled markers=disabled
[FrameRateDiag] fps=53.6 avgFrame=18.7ms updateAvg=3.8ms updateMax=7.7ms cpuFrame=15.0ms cpuMain=13.0ms cpuRender=1.4ms gpu=9.4ms drawCalls=273 batches=0 setPass=95 tris=751132 verts=1500043 units=4999 models=53 sourceKeys=4999 sourceKeyFallbackVisuals=0 initialSpawnConfigs=0 impostors=8 render=screen=1920x1080,batch=0,quality=1:Mobile,vSync=0,targetFps=-1,pipeline=Mobile_RPAsset_MobileCandidate,scale=0.75,msaa=0,camera=Main Camera,cameraData=post:1,aa:FastApproximateAntialiasing,stack:0 memory=alloc=4370MB reserved=4886MB mono=1741MB focused=1 playRequested=1 simulationActive=1 stepStats=none topSystems=disabled markers=disabled
[FrameRateDiag] fps=50.6 avgFrame=19.8ms updateAvg=4.1ms updateMax=7.9ms cpuFrame=15.6ms cpuMain=13.7ms cpuRender=1.4ms gpu=9.0ms drawCalls=274 batches=0 setPass=96 tris=751130 verts=1500039 units=4999 models=53 sourceKeys=4999 sourceKeyFallbackVisuals=0 initialSpawnConfigs=0 impostors=8 render=screen=1920x1080,batch=0,quality=1:Mobile,vSync=0,targetFps=-1,pipeline=Mobile_RPAsset_MobileCandidate,scale=0.75,msaa=0,camera=Main Camera,cameraData=post:1,aa:FastApproximateAntialiasing,stack:0 memory=alloc=4375MB reserved=4886MB mono=1747MB focused=1 playRequested=1 simulationActive=1 stepStats=none topSystems=disabled markers=disabled
[FrameRateDiag] fps=51.2 avgFrame=19.5ms updateAvg=4.0ms updateMax=8.2ms cpuFrame=14.8ms cpuMain=12.3ms cpuRender=0.4ms gpu=9.8ms drawCalls=273 batches=0 setPass=99 tris=751132 verts=1500043 units=4999 models=53 sourceKeys=4999 sourceKeyFallbackVisuals=0 initialSpawnConfigs=0 impostors=8 render=screen=1920x1080,batch=0,quality=1:Mobile,vSync=0,targetFps=-1,pipeline=Mobile_RPAsset_MobileCandidate,scale=0.75,msaa=0,camera=Main Camera,cameraData=post:1,aa:FastApproximateAntialiasing,stack:0 memory=alloc=4383MB reserved=4887MB mono=1753MB focused=1 playRequested=1 simulationActive=1 stepStats=none topSystems=disabled markers=disabled
[RenderSceneDiag] frame=16110 source=profilerCounters drawCalls=273 batches=0 setPass=99 tris=751132 verts=1500043 topSystems=disabled markers=disabled
[SkirmishTerminalProbe] frozen=1 returnInput=Touch target=MAIN MENU point=(960.00, 355.00)
UnityEngine.Debug:ExtractStackTraceNoAlloc (byte*,int,string)
UnityEngine.StackTraceUtility:ExtractStackTrace () (at /Users/bokken/build/output/unity/unity/Runtime/Export/Scripting/StackTrace.cs:35)
UnityEngine.DebugLogHandler:Internal_Log (UnityEngine.LogType,UnityEngine.LogOption,string,UnityEngine.Object)
UnityEngine.DebugLogHandler:LogFormat (UnityEngine.LogType,UnityEngine.Object,string,object[])
UnityEngine.Logger:Log (UnityEngine.LogType,object)
UnityEngine.Debug:Log (object)
Game.Editor.SkirmishS002AriaRunHarness:TickTerminalPlayerFrame () (at Assets/Game/Scripts/Editor/Skirmish/SkirmishS002AriaRunHarness.TerminalProbe.cs:86)
Game.Editor.SkirmishTerminalInputProbeFrame:Update () (at Assets/Game/Scripts/Editor/Skirmish/SkirmishS002AriaRunHarness.TerminalProbe.cs:137)

(Filename: Assets/Game/Scripts/Editor/Skirmish/SkirmishS002AriaRunHarness.TerminalProbe.cs Line: 86)

[UiShellPresentation] stage=CommandStarted sequence=4 kind=HidePopup region=PopupLayer route=Match
UnityEngine.Debug:ExtractStackTraceNoAlloc (byte*,int,string)
UnityEngine.StackTraceUtility:ExtractStackTrace () (at /Users/bokken/build/output/unity/unity/Runtime/Export/Scripting/StackTrace.cs:35)
UnityEngine.DebugLogHandler:Internal_Log (UnityEngine.LogType,UnityEngine.LogOption,string,UnityEngine.Object)
UnityEngine.DebugLogHandler:LogFormat (UnityEngine.LogType,UnityEngine.Object,string,object[])
UnityEngine.Logger:Log (UnityEngine.LogType,object,UnityEngine.Object)
UnityEngine.Debug:Log (object,UnityEngine.Object)
Game.Composition.UiDiagnosticsComposition:Report (Game.UI.Contracts.UiDiagnosticSeverity,string,UnityEngine.Object) (at Assets/Game/Scripts/Composition/UiDiagnosticsComposition.cs:17)
Game.UI.Contracts.UiDiagnostics:Info (string,UnityEngine.Object) (at Assets/Game/Scripts/UI/Contracts/UiDiagnostics.cs:14)
Game.UI.Runtime.UIShellEcsPresentationSystem:LogTransition (string,Game.UI.Contracts.UiShellPresentationCommandModel) (at Assets/Game/Scripts/UI/Shell/UIShellEcsPresentationSystem.cs:138)
Game.UI.Runtime.UIShellEcsPresentationSystem:Update () (at Assets/Game/Scripts/UI/Shell/UIShellEcsPresentationSystem.cs:87)

(Filename: Assets/Game/Scripts/Composition/UiDiagnosticsComposition.cs Line: 17)

[UiShellPresentation] stage=CommandCompleted sequence=4 kind=HidePopup region=PopupLayer route=Match
UnityEngine.Debug:ExtractStackTraceNoAlloc (byte*,int,string)
UnityEngine.StackTraceUtility:ExtractStackTrace () (at /Users/bokken/build/output/unity/unity/Runtime/Export/Scripting/StackTrace.cs:35)
UnityEngine.DebugLogHandler:Internal_Log (UnityEngine.LogType,UnityEngine.LogOption,string,UnityEngine.Object)
UnityEngine.DebugLogHandler:LogFormat (UnityEngine.LogType,UnityEngine.Object,string,object[])
UnityEngine.Logger:Log (UnityEngine.LogType,object,UnityEngine.Object)
UnityEngine.Debug:Log (object,UnityEngine.Object)
Game.Composition.UiDiagnosticsComposition:Report (Game.UI.Contracts.UiDiagnosticSeverity,string,UnityEngine.Object) (at Assets/Game/Scripts/Composition/UiDiagnosticsComposition.cs:17)
Game.UI.Contracts.UiDiagnostics:Info (string,UnityEngine.Object) (at Assets/Game/Scripts/UI/Contracts/UiDiagnostics.cs:14)
Game.UI.Runtime.UIShellEcsPresentationSystem:LogTransition (string,Game.UI.Contracts.UiShellPresentationCommandModel) (at Assets/Game/Scripts/UI/Shell/UIShellEcsPresentationSystem.cs:138)
Game.UI.Runtime.UIShellEcsPresentationSystem/<>c__DisplayClass24_0:<Update>b__0 (int) (at Assets/Game/Scripts/UI/Shell/UIShellEcsPresentationSystem.cs:100)
Game.UI.Runtime.UIShellView/<>c__DisplayClass19_0:<ExecuteCommandSequence>b__0 () (at Assets/Game/Scripts/UI/Shell/UIShellView.cs:98)
Game.UI.Runtime.UIMotionHostView/<SequenceRoutine>d__32:MoveNext () (at Assets/Game/Scripts/UI/Shell/UIMotionHostView.cs:268)
UnityEngine.SetupCoroutine:InvokeMoveNext (System.Collections.IEnumerator,intptr) (at /Users/bokken/build/output/unity/unity/Runtime/Export/Scripting/Coroutines.cs:17)

(Filename: Assets/Game/Scripts/Composition/UiDiagnosticsComposition.cs Line: 17)

[UiShellPresentation] stage=CompletionFlushed sequence=4 kind=HidePopup region=PopupLayer
UnityEngine.Debug:ExtractStackTraceNoAlloc (byte*,int,string)
UnityEngine.StackTraceUtility:ExtractStackTrace () (at /Users/bokken/build/output/unity/unity/Runtime/Export/Scripting/StackTrace.cs:35)
UnityEngine.DebugLogHandler:Internal_Log (UnityEngine.LogType,UnityEngine.LogOption,string,UnityEngine.Object)
UnityEngine.DebugLogHandler:LogFormat (UnityEngine.LogType,UnityEngine.Object,string,object[])
UnityEngine.Logger:Log (UnityEngine.LogType,object,UnityEngine.Object)
UnityEngine.Debug:Log (object,UnityEngine.Object)
Game.Composition.UiDiagnosticsComposition:Report (Game.UI.Contracts.UiDiagnosticSeverity,string,UnityEngine.Object) (at Assets/Game/Scripts/Composition/UiDiagnosticsComposition.cs:17)
Game.UI.Contracts.UiDiagnostics:Info (string,UnityEngine.Object) (at Assets/Game/Scripts/UI/Contracts/UiDiagnostics.cs:14)
Game.UI.Runtime.UIShellEcsPresentationSystem:LogTransition (string,Game.UI.Contracts.UiShellTransitionCompleteModel) (at Assets/Game/Scripts/UI/Shell/UIShellEcsPresentationSystem.cs:146)
Game.UI.Runtime.UIShellEcsPresentationSystem:FlushPendingCompletion () (at Assets/Game/Scripts/UI/Shell/UIShellEcsPresentationSystem.cs:129)
Game.UI.Runtime.UIShellEcsPresentationSystem:Update () (at Assets/Game/Scripts/UI/Shell/UIShellEcsPresentationSystem.cs:67)

(Filename: Assets/Game/Scripts/Composition/UiDiagnosticsComposition.cs Line: 17)

[UiShellPresentation] stage=CommandStarted sequence=5 kind=ShowLoading region=LoadingLayer route=QuickCustomSetup
UnityEngine.Debug:ExtractStackTraceNoAlloc (byte*,int,string)
UnityEngine.StackTraceUtility:ExtractStackTrace () (at /Users/bokken/build/output/unity/unity/Runtime/Export/Scripting/StackTrace.cs:35)
UnityEngine.DebugLogHandler:Internal_Log (UnityEngine.LogType,UnityEngine.LogOption,string,UnityEngine.Object)
UnityEngine.DebugLogHandler:LogFormat (UnityEngine.LogType,UnityEngine.Object,string,object[])
UnityEngine.Logger:Log (UnityEngine.LogType,object,UnityEngine.Object)
UnityEngine.Debug:Log (object,UnityEngine.Object)
Game.Composition.UiDiagnosticsComposition:Report (Game.UI.Contracts.UiDiagnosticSeverity,string,UnityEngine.Object) (at Assets/Game/Scripts/Composition/UiDiagnosticsComposition.cs:17)
Game.UI.Contracts.UiDiagnostics:Info (string,UnityEngine.Object) (at Assets/Game/Scripts/UI/Contracts/UiDiagnostics.cs:14)
Game.UI.Runtime.UIShellEcsPresentationSystem:LogTransition (string,Game.UI.Contracts.UiShellPresentationCommandModel) (at Assets/Game/Scripts/UI/Shell/UIShellEcsPresentationSystem.cs:138)
Game.UI.Runtime.UIShellEcsPresentationSystem:Update () (at Assets/Game/Scripts/UI/Shell/UIShellEcsPresentationSystem.cs:87)

(Filename: Assets/Game/Scripts/Composition/UiDiagnosticsComposition.cs Line: 17)

[UiShellPresentation] stage=CommandCompleted sequence=5 kind=ShowLoading region=LoadingLayer route=QuickCustomSetup
UnityEngine.Debug:ExtractStackTraceNoAlloc (byte*,int,string)
UnityEngine.StackTraceUtility:ExtractStackTrace () (at /Users/bokken/build/output/unity/unity/Runtime/Export/Scripting/StackTrace.cs:35)
UnityEngine.DebugLogHandler:Internal_Log (UnityEngine.LogType,UnityEngine.LogOption,string,UnityEngine.Object)
UnityEngine.DebugLogHandler:LogFormat (UnityEngine.LogType,UnityEngine.Object,string,object[])
UnityEngine.Logger:Log (UnityEngine.LogType,object,UnityEngine.Object)
UnityEngine.Debug:Log (object,UnityEngine.Object)
Game.Composition.UiDiagnosticsComposition:Report (Game.UI.Contracts.UiDiagnosticSeverity,string,UnityEngine.Object) (at Assets/Game/Scripts/Composition/UiDiagnosticsComposition.cs:17)
Game.UI.Contracts.UiDiagnostics:Info (string,UnityEngine.Object) (at Assets/Game/Scripts/UI/Contracts/UiDiagnostics.cs:14)
Game.UI.Runtime.UIShellEcsPresentationSystem:LogTransition (string,Game.UI.Contracts.UiShellPresentationCommandModel) (at Assets/Game/Scripts/UI/Shell/UIShellEcsPresentationSystem.cs:138)
Game.UI.Runtime.UIShellEcsPresentationSystem/<>c__DisplayClass24_0:<Update>b__0 (int) (at Assets/Game/Scripts/UI/Shell/UIShellEcsPresentationSystem.cs:100)
Game.UI.Runtime.UIShellView:ExecuteCommandSequence (System.Collections.Generic.IReadOnlyList`1<Game.UI.Contracts.UiShellPresentationCommandModel>,int,System.Action`1<int>) (at Assets/Game/Scripts/UI/Shell/UIShellView.cs:85)
Game.UI.Runtime.UIShellEcsPresentationSystem:Update () (at Assets/Game/Scripts/UI/Shell/UIShellEcsPresentationSystem.cs:89)

(Filename: Assets/Game/Scripts/Composition/UiDiagnosticsComposition.cs Line: 17)

[UiShellPresentation] stage=CompletionFlushed sequence=5 kind=ShowLoading region=LoadingLayer
UnityEngine.Debug:ExtractStackTraceNoAlloc (byte*,int,string)
UnityEngine.StackTraceUtility:ExtractStackTrace () (at /Users/bokken/build/output/unity/unity/Runtime/Export/Scripting/StackTrace.cs:35)
UnityEngine.DebugLogHandler:Internal_Log (UnityEngine.LogType,UnityEngine.LogOption,string,UnityEngine.Object)
UnityEngine.DebugLogHandler:LogFormat (UnityEngine.LogType,UnityEngine.Object,string,object[])
UnityEngine.Logger:Log (UnityEngine.LogType,object,UnityEngine.Object)
UnityEngine.Debug:Log (object,UnityEngine.Object)
Game.Composition.UiDiagnosticsComposition:Report (Game.UI.Contracts.UiDiagnosticSeverity,string,UnityEngine.Object) (at Assets/Game/Scripts/Composition/UiDiagnosticsComposition.cs:17)
Game.UI.Contracts.UiDiagnostics:Info (string,UnityEngine.Object) (at Assets/Game/Scripts/UI/Contracts/UiDiagnostics.cs:14)
Game.UI.Runtime.UIShellEcsPresentationSystem:LogTransition (string,Game.UI.Contracts.UiShellTransitionCompleteModel) (at Assets/Game/Scripts/UI/Shell/UIShellEcsPresentationSystem.cs:146)
Game.UI.Runtime.UIShellEcsPresentationSystem:FlushPendingCompletion () (at Assets/Game/Scripts/UI/Shell/UIShellEcsPresentationSystem.cs:129)
Game.UI.Runtime.UIShellEcsPresentationSystem:Update () (at Assets/Game/Scripts/UI/Shell/UIShellEcsPresentationSystem.cs:67)

(Filename: Assets/Game/Scripts/Composition/UiDiagnosticsComposition.cs Line: 17)

[OperationMapSourceScene] stage=SceneUnloadRequested
UnityEngine.Debug:ExtractStackTraceNoAlloc (byte*,int,string)
UnityEngine.StackTraceUtility:ExtractStackTrace () (at /Users/bokken/build/output/unity/unity/Runtime/Export/Scripting/StackTrace.cs:35)
UnityEngine.DebugLogHandler:Internal_Log (UnityEngine.LogType,UnityEngine.LogOption,string,UnityEngine.Object)
UnityEngine.DebugLogHandler:LogFormat (UnityEngine.LogType,UnityEngine.Object,string,object[])
UnityEngine.Logger:Log (UnityEngine.LogType,object)
UnityEngine.Debug:Log (object)
Game.Composition.MatchSceneView:TryBeginOperationMapContentUnload (string&) (at Assets/Game/Scripts/Composition/MatchSceneView.OperationMapLifecycle.cs:92)
Game.Composition.MenuBootstrapCompositionSystemHelper:UpdateMenuLoadingProgress (Unity.Entities.EntityManager,Unity.Entities.Entity) (at Assets/Game/Scripts/Composition/MenuBootstrapCompositionSystemHelper.cs:387)
Game.Composition.MenuBootstrapCompositionSystemHelper:UpdateActualLoadingProgress (Unity.Entities.EntityManager,Unity.Entities.Entity,Game.UI.Shell.Contracts.Ecs.UiShellStateComponent) (at Assets/Game/Scripts/Composition/MenuBootstrapCompositionSystemHelper.cs:311)
Game.Composition.MenuBootstrapCompositionSystemHelper:Update (Game.Composition.MenuBootstrapView,single) (at Assets/Game/Scripts/Composition/MenuBootstrapCompositionSystemHelper.cs:158)
Game.Composition.MenuBootstrapView:Update () (at Assets/Game/Scripts/Composition/MenuBootstrapView.cs:174)

(Filename: Assets/Game/Scripts/Composition/MatchSceneView.OperationMapLifecycle.cs Line: 92)

GPU Resident Drawer created.
[OperationMapSourceScene] stage=AddressablesUnloadComplete
UnityEngine.Debug:ExtractStackTraceNoAlloc (byte*,int,string)
UnityEngine.StackTraceUtility:ExtractStackTrace () (at /Users/bokken/build/output/unity/unity/Runtime/Export/Scripting/StackTrace.cs:35)
UnityEngine.DebugLogHandler:Internal_Log (UnityEngine.LogType,UnityEngine.LogOption,string,UnityEngine.Object)
UnityEngine.DebugLogHandler:LogFormat (UnityEngine.LogType,UnityEngine.Object,string,object[])
UnityEngine.Logger:Log (UnityEngine.LogType,object)
UnityEngine.Debug:Log (object)
Game.Composition.OperationMapSceneLoadingSceneSystemHelper:UpdateUnload () (at Assets/Game/Scripts/Composition/OperationMapSceneLoadingSceneSystemHelper.cs:361)
Game.Composition.OperationMapSceneLoadingSceneSystemHelper:Update () (at Assets/Game/Scripts/Composition/OperationMapSceneLoadingSceneSystemHelper.cs:120)
Game.Composition.MatchSceneView:UpdateOperationMapSourceSceneLoad () (at Assets/Game/Scripts/Composition/MatchSceneView.OperationMapLifecycle.cs:434)
Game.Composition.MatchSceneView:UpdateOperationMapContentUnload () (at Assets/Game/Scripts/Composition/MatchSceneView.OperationMapLifecycle.cs:102)
Game.Composition.MenuBootstrapCompositionSystemHelper:UpdateMenuLoadingProgress (Unity.Entities.EntityManager,Unity.Entities.Entity) (at Assets/Game/Scripts/Composition/MenuBootstrapCompositionSystemHelper.cs:399)
Game.Composition.MenuBootstrapCompositionSystemHelper:UpdateActualLoadingProgress (Unity.Entities.EntityManager,Unity.Entities.Entity,Game.UI.Shell.Contracts.Ecs.UiShellStateComponent) (at Assets/Game/Scripts/Composition/MenuBootstrapCompositionSystemHelper.cs:311)
Game.Composition.MenuBootstrapCompositionSystemHelper:Update (Game.Composition.MenuBootstrapView,single) (at Assets/Game/Scripts/Composition/MenuBootstrapCompositionSystemHelper.cs:158)
Game.Composition.MenuBootstrapView:Update () (at Assets/Game/Scripts/Composition/MenuBootstrapView.cs:174)

(Filename: Assets/Game/Scripts/Composition/OperationMapSceneLoadingSceneSystemHelper.cs Line: 361)

[UiShellPresentation] stage=CommandStarted sequence=6 kind=EnterMenu region=None route=QuickCustomSetup
UnityEngine.Debug:ExtractStackTraceNoAlloc (byte*,int,string)
UnityEngine.StackTraceUtility:ExtractStackTrace () (at /Users/bokken/build/output/unity/unity/Runtime/Export/Scripting/StackTrace.cs:35)
UnityEngine.DebugLogHandler:Internal_Log (UnityEngine.LogType,UnityEngine.LogOption,string,UnityEngine.Object)
UnityEngine.DebugLogHandler:LogFormat (UnityEngine.LogType,UnityEngine.Object,string,object[])
UnityEngine.Logger:Log (UnityEngine.LogType,object,UnityEngine.Object)
UnityEngine.Debug:Log (object,UnityEngine.Object)
Game.Composition.UiDiagnosticsComposition:Report (Game.UI.Contracts.UiDiagnosticSeverity,string,UnityEngine.Object) (at Assets/Game/Scripts/Composition/UiDiagnosticsComposition.cs:17)
Game.UI.Contracts.UiDiagnostics:Info (string,UnityEngine.Object) (at Assets/Game/Scripts/UI/Contracts/UiDiagnostics.cs:14)
Game.UI.Runtime.UIShellEcsPresentationSystem:LogTransition (string,Game.UI.Contracts.UiShellPresentationCommandModel) (at Assets/Game/Scripts/UI/Shell/UIShellEcsPresentationSystem.cs:138)
Game.UI.Runtime.UIShellEcsPresentationSystem:Update () (at Assets/Game/Scripts/UI/Shell/UIShellEcsPresentationSystem.cs:87)

(Filename: Assets/Game/Scripts/Composition/UiDiagnosticsComposition.cs Line: 17)

[UiShellPresentation] stage=CommandCompleted sequence=6 kind=EnterMenu region=None route=QuickCustomSetup
UnityEngine.Debug:ExtractStackTraceNoAlloc (byte*,int,string)
UnityEngine.StackTraceUtility:ExtractStackTrace () (at /Users/bokken/build/output/unity/unity/Runtime/Export/Scripting/StackTrace.cs:35)
UnityEngine.DebugLogHandler:Internal_Log (UnityEngine.LogType,UnityEngine.LogOption,string,UnityEngine.Object)
UnityEngine.DebugLogHandler:LogFormat (UnityEngine.LogType,UnityEngine.Object,string,object[])
UnityEngine.Logger:Log (UnityEngine.LogType,object,UnityEngine.Object)
UnityEngine.Debug:Log (object,UnityEngine.Object)
Game.Composition.UiDiagnosticsComposition:Report (Game.UI.Contracts.UiDiagnosticSeverity,string,UnityEngine.Object) (at Assets/Game/Scripts/Composition/UiDiagnosticsComposition.cs:17)
Game.UI.Contracts.UiDiagnostics:Info (string,UnityEngine.Object) (at Assets/Game/Scripts/UI/Contracts/UiDiagnostics.cs:14)
Game.UI.Runtime.UIShellEcsPresentationSystem:LogTransition (string,Game.UI.Contracts.UiShellPresentationCommandModel) (at Assets/Game/Scripts/UI/Shell/UIShellEcsPresentationSystem.cs:138)
Game.UI.Runtime.UIShellEcsPresentationSystem/<>c__DisplayClass24_0:<Update>b__0 (int) (at Assets/Game/Scripts/UI/Shell/UIShellEcsPresentationSystem.cs:100)
Game.UI.Runtime.UIShellView/<>c__DisplayClass19_0:<ExecuteCommandSequence>b__0 () (at Assets/Game/Scripts/UI/Shell/UIShellView.cs:98)
Game.UI.Runtime.UIMotionHostView/<SequenceRoutine>d__32:MoveNext () (at Assets/Game/Scripts/UI/Shell/UIMotionHostView.cs:268)
UnityEngine.SetupCoroutine:InvokeMoveNext (System.Collections.IEnumerator,intptr) (at /Users/bokken/build/output/unity/unity/Runtime/Export/Scripting/Coroutines.cs:17)

(Filename: Assets/Game/Scripts/Composition/UiDiagnosticsComposition.cs Line: 17)

[UiShellPresentation] stage=CompletionFlushed sequence=6 kind=EnterMenu region=None
UnityEngine.Debug:ExtractStackTraceNoAlloc (byte*,int,string)
UnityEngine.StackTraceUtility:ExtractStackTrace () (at /Users/bokken/build/output/unity/unity/Runtime/Export/Scripting/StackTrace.cs:35)
UnityEngine.DebugLogHandler:Internal_Log (UnityEngine.LogType,UnityEngine.LogOption,string,UnityEngine.Object)
UnityEngine.DebugLogHandler:LogFormat (UnityEngine.LogType,UnityEngine.Object,string,object[])
UnityEngine.Logger:Log (UnityEngine.LogType,object,UnityEngine.Object)
UnityEngine.Debug:Log (object,UnityEngine.Object)
Game.Composition.UiDiagnosticsComposition:Report (Game.UI.Contracts.UiDiagnosticSeverity,string,UnityEngine.Object) (at Assets/Game/Scripts/Composition/UiDiagnosticsComposition.cs:17)
Game.UI.Contracts.UiDiagnostics:Info (string,UnityEngine.Object) (at Assets/Game/Scripts/UI/Contracts/UiDiagnostics.cs:14)
Game.UI.Runtime.UIShellEcsPresentationSystem:LogTransition (string,Game.UI.Contracts.UiShellTransitionCompleteModel) (at Assets/Game/Scripts/UI/Shell/UIShellEcsPresentationSystem.cs:146)
Game.UI.Runtime.UIShellEcsPresentationSystem:FlushPendingCompletion () (at Assets/Game/Scripts/UI/Shell/UIShellEcsPresentationSystem.cs:129)
Game.UI.Runtime.UIShellEcsPresentationSystem:Update () (at Assets/Game/Scripts/UI/Shell/UIShellEcsPresentationSystem.cs:67)

(Filename: Assets/Game/Scripts/Composition/UiDiagnosticsComposition.cs Line: 17)

[UiShellPresentation] stage=CommandStarted sequence=7 kind=SwapMenuMiddle region=MiddleRegion route=MainMenu
UnityEngine.Debug:ExtractStackTraceNoAlloc (byte*,int,string)
UnityEngine.StackTraceUtility:ExtractStackTrace () (at /Users/bokken/build/output/unity/unity/Runtime/Export/Scripting/StackTrace.cs:35)
UnityEngine.DebugLogHandler:Internal_Log (UnityEngine.LogType,UnityEngine.LogOption,string,UnityEngine.Object)
UnityEngine.DebugLogHandler:LogFormat (UnityEngine.LogType,UnityEngine.Object,string,object[])
UnityEngine.Logger:Log (UnityEngine.LogType,object,UnityEngine.Object)
UnityEngine.Debug:Log (object,UnityEngine.Object)
Game.Composition.UiDiagnosticsComposition:Report (Game.UI.Contracts.UiDiagnosticSeverity,string,UnityEngine.Object) (at Assets/Game/Scripts/Composition/UiDiagnosticsComposition.cs:17)
Game.UI.Contracts.UiDiagnostics:Info (string,UnityEngine.Object) (at Assets/Game/Scripts/UI/Contracts/UiDiagnostics.cs:14)
Game.UI.Runtime.UIShellEcsPresentationSystem:LogTransition (string,Game.UI.Contracts.UiShellPresentationCommandModel) (at Assets/Game/Scripts/UI/Shell/UIShellEcsPresentationSystem.cs:138)
Game.UI.Runtime.UIShellEcsPresentationSystem:Update () (at Assets/Game/Scripts/UI/Shell/UIShellEcsPresentationSystem.cs:87)

(Filename: Assets/Game/Scripts/Composition/UiDiagnosticsComposition.cs Line: 17)

[UiShellPresentation] stage=CommandCompleted sequence=7 kind=SwapMenuMiddle region=MiddleRegion route=MainMenu
UnityEngine.Debug:ExtractStackTraceNoAlloc (byte*,int,string)
UnityEngine.StackTraceUtility:ExtractStackTrace () (at /Users/bokken/build/output/unity/unity/Runtime/Export/Scripting/StackTrace.cs:35)
UnityEngine.DebugLogHandler:Internal_Log (UnityEngine.LogType,UnityEngine.LogOption,string,UnityEngine.Object)
UnityEngine.DebugLogHandler:LogFormat (UnityEngine.LogType,UnityEngine.Object,string,object[])
UnityEngine.Logger:Log (UnityEngine.LogType,object,UnityEngine.Object)
UnityEngine.Debug:Log (object,UnityEngine.Object)
Game.Composition.UiDiagnosticsComposition:Report (Game.UI.Contracts.UiDiagnosticSeverity,string,UnityEngine.Object) (at Assets/Game/Scripts/Composition/UiDiagnosticsComposition.cs:17)
Game.UI.Contracts.UiDiagnostics:Info (string,UnityEngine.Object) (at Assets/Game/Scripts/UI/Contracts/UiDiagnostics.cs:14)
Game.UI.Runtime.UIShellEcsPresentationSystem:LogTransition (string,Game.UI.Contracts.UiShellPresentationCommandModel) (at Assets/Game/Scripts/UI/Shell/UIShellEcsPresentationSystem.cs:138)
Game.UI.Runtime.UIShellEcsPresentationSystem/<>c__DisplayClass24_0:<Update>b__0 (int) (at Assets/Game/Scripts/UI/Shell/UIShellEcsPresentationSystem.cs:100)
Game.UI.Runtime.UIShellView/<>c__DisplayClass19_0:<ExecuteCommandSequence>b__0 () (at Assets/Game/Scripts/UI/Shell/UIShellView.cs:98)
Game.UI.Runtime.UIMotionHostView/<SequenceRoutine>d__32:MoveNext () (at Assets/Game/Scripts/UI/Shell/UIMotionHostView.cs:268)
UnityEngine.SetupCoroutine:InvokeMoveNext (System.Collections.IEnumerator,intptr) (at /Users/bokken/build/output/unity/unity/Runtime/Export/Scripting/Coroutines.cs:17)

(Filename: Assets/Game/Scripts/Composition/UiDiagnosticsComposition.cs Line: 17)

[UiShellPresentation] stage=CompletionFlushed sequence=7 kind=SwapMenuMiddle region=MiddleRegion
UnityEngine.Debug:ExtractStackTraceNoAlloc (byte*,int,string)
UnityEngine.StackTraceUtility:ExtractStackTrace () (at /Users/bokken/build/output/unity/unity/Runtime/Export/Scripting/StackTrace.cs:35)
UnityEngine.DebugLogHandler:Internal_Log (UnityEngine.LogType,UnityEngine.LogOption,string,UnityEngine.Object)
UnityEngine.DebugLogHandler:LogFormat (UnityEngine.LogType,UnityEngine.Object,string,object[])
UnityEngine.Logger:Log (UnityEngine.LogType,object,UnityEngine.Object)
UnityEngine.Debug:Log (object,UnityEngine.Object)
Game.Composition.UiDiagnosticsComposition:Report (Game.UI.Contracts.UiDiagnosticSeverity,string,UnityEngine.Object) (at Assets/Game/Scripts/Composition/UiDiagnosticsComposition.cs:17)
Game.UI.Contracts.UiDiagnostics:Info (string,UnityEngine.Object) (at Assets/Game/Scripts/UI/Contracts/UiDiagnostics.cs:14)
Game.UI.Runtime.UIShellEcsPresentationSystem:LogTransition (string,Game.UI.Contracts.UiShellTransitionCompleteModel) (at Assets/Game/Scripts/UI/Shell/UIShellEcsPresentationSystem.cs:146)
Game.UI.Runtime.UIShellEcsPresentationSystem:FlushPendingCompletion () (at Assets/Game/Scripts/UI/Shell/UIShellEcsPresentationSystem.cs:129)
Game.UI.Runtime.UIShellEcsPresentationSystem:Update () (at Assets/Game/Scripts/UI/Shell/UIShellEcsPresentationSystem.cs:67)

(Filename: Assets/Game/Scripts/Composition/UiDiagnosticsComposition.cs Line: 17)

[SkirmishTerminalProbe] result=Passed reason=frozenResultAnd:MAIN MENU completed=1 interventions=0
UnityEngine.Debug:ExtractStackTraceNoAlloc (byte*,int,string)
UnityEngine.StackTraceUtility:ExtractStackTrace () (at /Users/bokken/build/output/unity/unity/Runtime/Export/Scripting/StackTrace.cs:35)
UnityEngine.DebugLogHandler:Internal_Log (UnityEngine.LogType,UnityEngine.LogOption,string,UnityEngine.Object)
UnityEngine.DebugLogHandler:LogFormat (UnityEngine.LogType,UnityEngine.Object,string,object[])
UnityEngine.Logger:Log (UnityEngine.LogType,object)
UnityEngine.Debug:Log (object)
Game.Editor.SkirmishS002AriaRunHarness:EndTerminalProbe (bool,string) (at Assets/Game/Scripts/Editor/Skirmish/SkirmishS002AriaRunHarness.TerminalProbe.cs:127)
Game.Editor.SkirmishS002AriaRunHarness:TickTerminalPlayerFrame () (at Assets/Game/Scripts/Editor/Skirmish/SkirmishS002AriaRunHarness.TerminalProbe.cs:113)
Game.Editor.SkirmishTerminalInputProbeFrame:Update () (at Assets/Game/Scripts/Editor/Skirmish/SkirmishS002AriaRunHarness.TerminalProbe.cs:137)

(Filename: Assets/Game/Scripts/Editor/Skirmish/SkirmishS002AriaRunHarness.TerminalProbe.cs Line: 127)

[SkirmishNormalSpeed] latch=True terminalScale=0 matchSeconds=313.7566 wallSeconds=313.140711 counted=True
UnityEngine.Debug:ExtractStackTraceNoAlloc (byte*,int,string)
UnityEngine.StackTraceUtility:ExtractStackTrace () (at /Users/bokken/build/output/unity/unity/Runtime/Export/Scripting/StackTrace.cs:35)
UnityEngine.DebugLogHandler:Internal_Log (UnityEngine.LogType,UnityEngine.LogOption,string,UnityEngine.Object)
UnityEngine.DebugLogHandler:LogFormat (UnityEngine.LogType,UnityEngine.Object,string,object[])
UnityEngine.Logger:Log (UnityEngine.LogType,object)
UnityEngine.Debug:Log (object)
Game.Editor.SkirmishS002AriaRunHarness:Finish (bool,string) (at Assets/Game/Scripts/Editor/Skirmish/SkirmishS002AriaRunHarness.cs:1016)
Game.Editor.SkirmishS002AriaRunHarness:EndTerminalProbe (bool,string) (at Assets/Game/Scripts/Editor/Skirmish/SkirmishS002AriaRunHarness.TerminalProbe.cs:131)
Game.Editor.SkirmishS002AriaRunHarness:TickTerminalPlayerFrame () (at Assets/Game/Scripts/Editor/Skirmish/SkirmishS002AriaRunHarness.TerminalProbe.cs:113)
Game.Editor.SkirmishTerminalInputProbeFrame:Update () (at Assets/Game/Scripts/Editor/Skirmish/SkirmishS002AriaRunHarness.TerminalProbe.cs:137)

(Filename: Assets/Game/Scripts/Editor/Skirmish/SkirmishS002AriaRunHarness.cs Line: 1016)

[SkirmishInputEvidence] gestures=58 completed=58 samples=305 unexpected=0 interventions=0 recordedCommands=50 receiptViolations=0 acceptedCommandCoverage=SupportedAriaControlsV2
UnityEngine.Debug:ExtractStackTraceNoAlloc (byte*,int,string)
UnityEngine.StackTraceUtility:ExtractStackTrace () (at /Users/bokken/build/output/unity/unity/Runtime/Export/Scripting/StackTrace.cs:35)
UnityEngine.DebugLogHandler:Internal_Log (UnityEngine.LogType,UnityEngine.LogOption,string,UnityEngine.Object)
UnityEngine.DebugLogHandler:LogFormat (UnityEngine.LogType,UnityEngine.Object,string,object[])
UnityEngine.Logger:Log (UnityEngine.LogType,object)
UnityEngine.Debug:Log (object)
Game.Editor.SkirmishS002AriaRunHarness:Finish (bool,string) (at Assets/Game/Scripts/Editor/Skirmish/SkirmishS002AriaRunHarness.cs:1032)
Game.Editor.SkirmishS002AriaRunHarness:EndTerminalProbe (bool,string) (at Assets/Game/Scripts/Editor/Skirmish/SkirmishS002AriaRunHarness.TerminalProbe.cs:131)
Game.Editor.SkirmishS002AriaRunHarness:TickTerminalPlayerFrame () (at Assets/Game/Scripts/Editor/Skirmish/SkirmishS002AriaRunHarness.TerminalProbe.cs:113)
Game.Editor.SkirmishTerminalInputProbeFrame:Update () (at Assets/Game/Scripts/Editor/Skirmish/SkirmishS002AriaRunHarness.TerminalProbe.cs:137)

(Filename: Assets/Game/Scripts/Editor/Skirmish/SkirmishS002AriaRunHarness.cs Line: 1032)

[SkirmishS002AriaRun] appended=1 countedWin=1 error=
S003-aria-rs-104732-en-1,S003,2,c9e2f36d1fc88b34a0b828e83fb3bd9d90ba7e80e1813e4dd7e0c73dca13eb04,8bf2489a034696aaf43f22dee3cab5210ec7630246a9ae882a596e1fbc7763a1,Standard,Regular,104732,en,Editor,aria,1,2026-09-25T19:19:09Z,Victory,MainBaseDestroyed,313.757,0,0,Design/AgentReports/SkirmishExpansion/S003/_Evidence/candidates/c9e2f36d1fc88b34a0b828e83fb3bd9d90ba7e80e1813e4dd7e0c73dca13eb04/s003-aria-rs-104732-en-1.jsonl,Design/AgentReports/SkirmishExpansion/S003/_Evidence/candidates/c9e2f36d1fc88b34a0b828e83fb3bd9d90ba7e80e1813e4dd7e0c73dca13eb04/s003-aria-rs-104732-en-1-log.txt
UnityEngine.Debug:ExtractStackTraceNoAlloc (byte*,int,string)
UnityEngine.StackTraceUtility:ExtractStackTrace () (at /Users/bokken/build/output/unity/unity/Runtime/Export/Scripting/StackTrace.cs:35)
UnityEngine.DebugLogHandler:Internal_Log (UnityEngine.LogType,UnityEngine.LogOption,string,UnityEngine.Object)
UnityEngine.DebugLogHandler:LogFormat (UnityEngine.LogType,UnityEngine.Object,string,object[])
UnityEngine.Logger:Log (UnityEngine.LogType,object)
UnityEngine.Debug:Log (object)
Game.Editor.SkirmishS002AriaRunHarness:Finish (bool,string) (at Assets/Game/Scripts/Editor/Skirmish/SkirmishS002AriaRunHarness.cs:1078)
Game.Editor.SkirmishS002AriaRunHarness:EndTerminalProbe (bool,string) (at Assets/Game/Scripts/Editor/Skirmish/SkirmishS002AriaRunHarness.TerminalProbe.cs:131)
Game.Editor.SkirmishS002AriaRunHarness:TickTerminalPlayerFrame () (at Assets/Game/Scripts/Editor/Skirmish/SkirmishS002AriaRunHarness.TerminalProbe.cs:113)
Game.Editor.SkirmishTerminalInputProbeFrame:Update () (at Assets/Game/Scripts/Editor/Skirmish/SkirmishS002AriaRunHarness.TerminalProbe.cs:137)

(Filename: Assets/Game/Scripts/Editor/Skirmish/SkirmishS002AriaRunHarness.cs Line: 1078)

Thread 0x3a586f000 may have been prematurely finalized
Unloading 1215 Unused Serialized files (Serialized files now loaded: 0)
Loaded scene 'Temp/__Backupscenes/0.backup'
	Deserialize:            23.338 ms
	Integration:            816.377 ms
	Integration of assets:  0.151 ms
	Thread Wait Time:       -0.130 ms
	Total Operation Time:   839.736 ms
Unloading 88 unused Assets / (380.5 KB). Loaded Objects now: 54154.
Memory consumption went from 3.63 GB to 3.63 GB.
Total: 102.978584 ms (FindLiveObjects: 1.724750 ms CreateObjectMapping: 26.964084 ms MarkObjects: 69.900458 ms  DeleteObjects: 4.388833 ms)

[Licensing::Client] Successfully resolved entitlement details
[Licensing::Client] Successfully resolved entitlement details
GPU Resident Drawer disposed.
GPU Resident Drawer created.
Starting new worker id: 1 with log in /Users/farhad/Projects/WarlineCapture/Logs/AssetImportWorkerHW1.log
[SkirmishValidationExit] result=Requested code=0
UnityEngine.Debug:ExtractStackTraceNoAlloc (byte*,int,string)
UnityEngine.StackTraceUtility:ExtractStackTrace () (at /Users/bokken/build/output/unity/unity/Runtime/Export/Scripting/StackTrace.cs:35)
UnityEngine.DebugLogHandler:Internal_Log (UnityEngine.LogType,UnityEngine.LogOption,string,UnityEngine.Object)
UnityEngine.DebugLogHandler:LogFormat (UnityEngine.LogType,UnityEngine.Object,string,object[])
UnityEngine.Logger:Log (UnityEngine.LogType,object)
UnityEngine.Debug:Log (object)
Game.Editor.SkirmishS002AriaRunHarness:FinishQuitAfterPlayMode () (at Assets/Game/Scripts/Editor/Skirmish/SkirmishS002AriaRunHarness.cs:1132)
UnityEditor.EditorApplication:Internal_CallUpdateFunctions () (at /Users/bokken/build/output/unity/unity/Editor/Mono/EditorApplication.cs:403)

(Filename: Assets/Game/Scripts/Editor/Skirmish/SkirmishS002AriaRunHarness.cs Line: 1132)

MonoPathRemapper: Attempts to remap: 464221; Successful remaps: 2358
Thread 0x39c15f000 may have been prematurely finalized
Thread 0x3a9c47000 may have been prematurely finalized
Serialized file version minimum: 22, current 23
[Worker0] Imported GUID: cf2f5e0e824c403f9d560abd468585bc - Path: Assets/Game/Scripts/Editor/Skirmish/SkirmishS002AriaRunHarness.cs - Importer: ScriptedImporter/UnityEditor.QuickSearchModule:UnityEditor.Search:ASIAI0B -> (ImportResultId: '7ae029b2c8f0aa7f95cc1572e1951c21') in 0.58513325 seconds
[LAYOUT] About to save layout /Users/farhad/Projects/WarlineCapture/UserSettings/Layouts/default-6000.dwlt
[LAYOUT] About to save layout /Users/farhad/Library/Preferences/Unity/Editor-5.x/Layouts/current/default-6000.dwlt
Pipeline Server stopped
Clearing [LiberationSans SDF - Fallback] dynamic font asset data.
UnityEngine.Debug:ExtractStackTraceNoAlloc (byte*,int,string)
UnityEngine.StackTraceUtility:ExtractStackTrace () (at /Users/bokken/build/output/unity/unity/Runtime/Export/Scripting/StackTrace.cs:35)
UnityEngine.DebugLogHandler:Internal_Log (UnityEngine.LogType,UnityEngine.LogOption,string,UnityEngine.Object)
UnityEngine.DebugLogHandler:LogFormat (UnityEngine.LogType,UnityEngine.Object,string,object[])
UnityEngine.Logger:Log (UnityEngine.LogType,object)
UnityEngine.Debug:Log (object)
TMPro.EditorEventCallbacks/<>c:<InitializeFontAssetResourceChangeCallBacks>b__0_0 () (at ./Library/PackageCache/com.unity.ugui@3d1ea40b73ef/Editor/TMP/TMP_EditorResourceManager.cs:36)
UnityEditor.EditorApplication:Internal_EditorApplicationQuit () (at /Users/bokken/build/output/unity/unity/Editor/Mono/EditorApplication.cs:128)
Game.Editor.SkirmishS002AriaRunHarness:FinishQuitAfterPlayMode () (at Assets/Game/Scripts/Editor/Skirmish/SkirmishS002AriaRunHarness.cs:1133)
UnityEditor.EditorApplication:Internal_CallUpdateFunctions () (at /Users/bokken/build/output/unity/unity/Editor/Mono/EditorApplication.cs:403)

(Filename: ./Library/PackageCache/com.unity.ugui@3d1ea40b73ef/Editor/TMP/TMP_EditorResourceManager.cs Line: 36)

Unloading 0 Unused Serialized files (Serialized files now loaded: 0)
Deleted discovery files
UnityEngine.Debug:ExtractStackTraceNoAlloc (byte*,int,string)
UnityEngine.StackTraceUtility:ExtractStackTrace () (at /Users/bokken/build/output/unity/unity/Runtime/Export/Scripting/StackTrace.cs:35)
UnityEngine.DebugLogHandler:Internal_Log (UnityEngine.LogType,UnityEngine.LogOption,string,UnityEngine.Object)
UnityEngine.DebugLogHandler:LogFormat (UnityEngine.LogType,UnityEngine.Object,string,object[])
UnityEngine.Logger:Log (UnityEngine.LogType,object)
UnityEngine.Debug:Log (object)
Unity.AI.Tracing.ConsoleSink:LogToConsole (string,string,System.Exception) (at ./Library/PackageCache/com.unity.ai.assistant@6fee27370e6a/Modules/Unity.AI.Tracing/TraceSinks.cs:313)
Unity.AI.Tracing.ConsoleSink:Write (Unity.AI.Tracing.TraceEvent) (at ./Library/PackageCache/com.unity.ai.assistant@6fee27370e6a/Modules/Unity.AI.Tracing/TraceSinks.cs:277)
Unity.AI.Tracing.TraceWriter:WriteEventInternal (string,string,Unity.AI.Tracing.TraceEventOptions,string,System.Nullable`1<int>) (at ./Library/PackageCache/com.unity.ai.assistant@6fee27370e6a/Modules/Unity.AI.Tracing/TraceWriter.cs:373)
Unity.AI.Tracing.TraceWriter:Event (string,Unity.AI.Tracing.TraceEventOptions) (at ./Library/PackageCache/com.unity.ai.assistant@6fee27370e6a/Modules/Unity.AI.Tracing/TraceWriter.cs:297)
Unity.AI.Tracing.TraceLogger:Emit (string,string,string,string,Unity.AI.Tracing.TraceEventOptions,object,System.Exception) (at ./Library/PackageCache/com.unity.ai.assistant@6fee27370e6a/Modules/Unity.AI.Tracing/TraceLogger.cs:105)
Unity.AI.Tracing.TraceLogger:Info (string,string,string,Unity.AI.Tracing.TraceEventOptions) (at ./Library/PackageCache/com.unity.ai.assistant@6fee27370e6a/Modules/Unity.AI.Tracing/TraceLogger.cs:35)
Unity.AI.MCP.Editor.Helpers.McpLog:Log (string,Unity.AI.Tracing.TraceEventOptions) (at ./Library/PackageCache/com.unity.ai.assistant@6fee27370e6a/Modules/Unity.AI.MCP.Editor/Helpers/McpLog.cs:15)
Unity.AI.MCP.Editor.Helpers.ServerDiscovery:DeleteDiscoveryFiles () (at ./Library/PackageCache/com.unity.ai.assistant@6fee27370e6a/Modules/Unity.AI.MCP.Editor/Connection/ServerDiscovery.cs:156)
Unity.AI.MCP.Editor.Bridge:Stop () (at ./Library/PackageCache/com.unity.ai.assistant@6fee27370e6a/Modules/Unity.AI.MCP.Editor/Bridge.cs:351)
UnityEditor.EditorApplication:Internal_EditorApplicationQuit () (at /Users/bokken/build/output/unity/unity/Editor/Mono/EditorApplication.cs:128)
Game.Editor.SkirmishS002AriaRunHarness:FinishQuitAfterPlayMode () (at Assets/Game/Scripts/Editor/Skirmish/SkirmishS002AriaRunHarness.cs:1133)
UnityEditor.EditorApplication:Internal_CallUpdateFunctions () (at /Users/bokken/build/output/unity/unity/Editor/Mono/EditorApplication.cs:403)

(Filename: ./Library/PackageCache/com.unity.ai.assistant@6fee27370e6a/Modules/Unity.AI.Tracing/TraceSinks.cs Line: 313)

Deleted socket file: /tmp/unity-mcp-cf777efb-99211
UnityEngine.Debug:ExtractStackTraceNoAlloc (byte*,int,string)
UnityEngine.StackTraceUtility:ExtractStackTrace () (at /Users/bokken/build/output/unity/unity/Runtime/Export/Scripting/StackTrace.cs:35)
UnityEngine.DebugLogHandler:Internal_Log (UnityEngine.LogType,UnityEngine.LogOption,string,UnityEngine.Object)
UnityEngine.DebugLogHandler:LogFormat (UnityEngine.LogType,UnityEngine.Object,string,object[])
UnityEngine.Logger:Log (UnityEngine.LogType,object)
UnityEngine.Debug:Log (object)
Unity.AI.Tracing.ConsoleSink:LogToConsole (string,string,System.Exception) (at ./Library/PackageCache/com.unity.ai.assistant@6fee27370e6a/Modules/Unity.AI.Tracing/TraceSinks.cs:313)
Unity.AI.Tracing.ConsoleSink:Write (Unity.AI.Tracing.TraceEvent) (at ./Library/PackageCache/com.unity.ai.assistant@6fee27370e6a/Modules/Unity.AI.Tracing/TraceSinks.cs:277)
Unity.AI.Tracing.TraceWriter:WriteEventInternal (string,string,Unity.AI.Tracing.TraceEventOptions,string,System.Nullable`1<int>) (at ./Library/PackageCache/com.unity.ai.assistant@6fee27370e6a/Modules/Unity.AI.Tracing/TraceWriter.cs:373)
Unity.AI.Tracing.TraceWriter:Event (string,Unity.AI.Tracing.TraceEventOptions) (at ./Library/PackageCache/com.unity.ai.assistant@6fee27370e6a/Modules/Unity.AI.Tracing/TraceWriter.cs:297)
Unity.AI.Tracing.TraceLogger:Emit (string,string,string,string,Unity.AI.Tracing.TraceEventOptions,object,System.Exception) (at ./Library/PackageCache/com.unity.ai.assistant@6fee27370e6a/Modules/Unity.AI.Tracing/TraceLogger.cs:105)
Unity.AI.Tracing.TraceLogger:Info (string,string,string,Unity.AI.Tracing.TraceEventOptions) (at ./Library/PackageCache/com.unity.ai.assistant@6fee27370e6a/Modules/Unity.AI.Tracing/TraceLogger.cs:35)
Unity.AI.MCP.Editor.Helpers.McpLog:Log (string,Unity.AI.Tracing.TraceEventOptions) (at ./Library/PackageCache/com.unity.ai.assistant@6fee27370e6a/Modules/Unity.AI.MCP.Editor/Helpers/McpLog.cs:15)
Unity.AI.MCP.Editor.Connection.UnixSocketListener:Stop () (at ./Library/PackageCache/com.unity.ai.assistant@6fee27370e6a/Modules/Unity.AI.MCP.Editor/Connection/UnixSocketListener.cs:251)
Unity.AI.MCP.Editor.Bridge:Stop () (at ./Library/PackageCache/com.unity.ai.assistant@6fee27370e6a/Modules/Unity.AI.MCP.Editor/Bridge.cs:361)
UnityEditor.EditorApplication:Internal_EditorApplicationQuit () (at /Users/bokken/build/output/unity/unity/Editor/Mono/EditorApplication.cs:128)
Game.Editor.SkirmishS002AriaRunHarness:FinishQuitAfterPlayMode () (at Assets/Game/Scripts/Editor/Skirmish/SkirmishS002AriaRunHarness.cs:1133)
UnityEditor.EditorApplication:Internal_CallUpdateFunctions () (at /Users/bokken/build/output/unity/unity/Editor/Mono/EditorApplication.cs:403)

(Filename: ./Library/PackageCache/com.unity.ai.assistant@6fee27370e6a/Modules/Unity.AI.Tracing/TraceSinks.cs Line: 313)

UnityMCPBridge stopped.
UnityEngine.Debug:ExtractStackTraceNoAlloc (byte*,int,string)
UnityEngine.StackTraceUtility:ExtractStackTrace () (at /Users/bokken/build/output/unity/unity/Runtime/Export/Scripting/StackTrace.cs:35)
UnityEngine.DebugLogHandler:Internal_Log (UnityEngine.LogType,UnityEngine.LogOption,string,UnityEngine.Object)
UnityEngine.DebugLogHandler:LogFormat (UnityEngine.LogType,UnityEngine.Object,string,object[])
UnityEngine.Logger:Log (UnityEngine.LogType,object)
UnityEngine.Debug:Log (object)
Unity.AI.Tracing.ConsoleSink:LogToConsole (string,string,System.Exception) (at ./Library/PackageCache/com.unity.ai.assistant@6fee27370e6a/Modules/Unity.AI.Tracing/TraceSinks.cs:313)
Unity.AI.Tracing.ConsoleSink:Write (Unity.AI.Tracing.TraceEvent) (at ./Library/PackageCache/com.unity.ai.assistant@6fee27370e6a/Modules/Unity.AI.Tracing/TraceSinks.cs:277)
Unity.AI.Tracing.TraceWriter:WriteEventInternal (string,string,Unity.AI.Tracing.TraceEventOptions,string,System.Nullable`1<int>) (at ./Library/PackageCache/com.unity.ai.assistant@6fee27370e6a/Modules/Unity.AI.Tracing/TraceWriter.cs:373)
Unity.AI.Tracing.TraceWriter:Event (string,Unity.AI.Tracing.TraceEventOptions) (at ./Library/PackageCache/com.unity.ai.assistant@6fee27370e6a/Modules/Unity.AI.Tracing/TraceWriter.cs:297)
Unity.AI.Tracing.TraceLogger:Emit (string,string,string,string,Unity.AI.Tracing.TraceEventOptions,object,System.Exception) (at ./Library/PackageCache/com.unity.ai.assistant@6fee27370e6a/Modules/Unity.AI.Tracing/TraceLogger.cs:105)
Unity.AI.Tracing.TraceLogger:Info (string,string,string,Unity.AI.Tracing.TraceEventOptions) (at ./Library/PackageCache/com.unity.ai.assistant@6fee27370e6a/Modules/Unity.AI.Tracing/TraceLogger.cs:35)
Unity.AI.MCP.Editor.Helpers.McpLog:Log (string,Unity.AI.Tracing.TraceEventOptions) (at ./Library/PackageCache/com.unity.ai.assistant@6fee27370e6a/Modules/Unity.AI.MCP.Editor/Helpers/McpLog.cs:15)
Unity.AI.MCP.Editor.Bridge:Stop () (at ./Library/PackageCache/com.unity.ai.assistant@6fee27370e6a/Modules/Unity.AI.MCP.Editor/Bridge.cs:407)
UnityEditor.EditorApplication:Internal_EditorApplicationQuit () (at /Users/bokken/build/output/unity/unity/Editor/Mono/EditorApplication.cs:128)
Game.Editor.SkirmishS002AriaRunHarness:FinishQuitAfterPlayMode () (at Assets/Game/Scripts/Editor/Skirmish/SkirmishS002AriaRunHarness.cs:1133)
UnityEditor.EditorApplication:Internal_CallUpdateFunctions () (at /Users/bokken/build/output/unity/unity/Editor/Mono/EditorApplication.cs:403)

(Filename: ./Library/PackageCache/com.unity.ai.assistant@6fee27370e6a/Modules/Unity.AI.Tracing/TraceSinks.cs Line: 313)

Killing ADB server in 0.294893 seconds.
Shutting down MSBuild server...
Shutting down VB/C# compiler server...
VB/C# compiler server shut down successfully.
Importing 'GUID: 2e498d1c8094910479dc3e1b768306a4 - Path: Assets/TextMesh Pro/Resources/Fonts & Materials/LiberationSans SDF - Fallback.asset' with importer (NativeFormatImporter)
Imported 'GUID: 2e498d1c8094910479dc3e1b768306a4' -> (Import Result ID: '2bb8e9ce2b314bda2bd0703802d1cdb8') in 0.010 seconds [static dependencies only]. Details - ImportResultOutputID=94ce4dace069634644df4d315a8acf11 DependenciesID=57c4f50a4a2694e82789a692afb02c97 StaticDependenciesID=b9bd57100191ac21f3d00c9b44cee932 
MSBuild server shut down successfully.

Asset Pipeline Refresh (id=a5d105c2e935840f8bc9482bb3e5f6fd): Total: 1.218 seconds - Initiated by StopAssetImportingV2(NoUpdateAssetOptions)
	(Values over 0.05ms)
	Summary:
		Imports: total=1 (actual=1, local cache=0, cache server=0)
		Asset DB Process Time: managed=1 ms, native=1170 ms
		Asset DB Callback time: managed=32 ms, native=13 ms
		Scripting: domain reloads=0, domain reload time=0 ms, compile time=0 ms, other=0 ms
		Project Asset Count: scripts=3315, non-scripts=21453
		Asset File Changes: new=0, changed=0, moved=0, deleted=0
		Scan Filter Count: 5
	ApplyChangesToAssetFolders: 0.861ms
	Scan: 23.024ms
	Collect global state as custom dependencies: 1.317ms
	CategorizeScriptCompilationAssets: 0.211ms
	ProcessAssetsWithTransientArtifactChanges: 8.937ms
	CategorizeAssets: 605.764ms
	ImportOutOfDateAssets: 361.240ms (40.931ms without children)
		ImportManagerImport: 14.410ms (3.823ms without children)
		ReloadNativeAssets: 0.772ms
		UnloadImportedAssets: 0.241ms
		EnsureUptoDateAssetsAreRegisteredWithGuidPM: 2.738ms
		InitializingProgressBar: 63.528ms
		ImportSchedulerStart: 238.618ms
	PostProcessAllAssets: 34.379ms
		XRBuildSystem.XRAssetImported 1.831ms
		MonoPostProcessAllAssets: 32.304ms
			AssetPostprocessor.OnPostprocessAllAssets 11.801ms
			SpriteEditorTexturePostprocessor.OnPostprocessAllAssets 11.261ms
			AddressablesAssetPostProcessor.OnPostprocessAllAssets 3.237ms
			SyncVS.PostprocessSyncProject 2.619ms
			TMPro_TexturePostProcessor.OnPostprocessAllAssets 0.957ms
			ReferencedClipsPostProcessor.OnPostprocessAllAssets 0.178ms
			ShaderGraphAssetPostProcessor.OnPostprocessAllAssets 0.115ms
			AssetChangedListener.OnPostprocessAllAssets 0.081ms
			RenderPipelineGlobalSettingsPostprocessor.OnPostprocessAllAssets 0.078ms
			AudioMixerPostprocessor.OnPostprocessAllAssets 0.065ms
			ProjectSettingsPostprocessor.OnPostprocessAllAssets 0.064ms
			GraphRefreshPostprocessor.OnPostprocessAllAssets 0.063ms
			SceneAssetPostProcessor.OnPostprocessAllAssets 0.051ms
	PostAssetChangesProfiler: 11.758ms
	GatherAllCurrentPrimaryImportResultRevisions: 21.261ms
	PersistCurrentRevisions: 0.884ms
	Untracked: 148.632ms

Unloading 14 unused Assets / (0.5 KB). Loaded Objects now: 54173.
Memory consumption went from 3.57 GB to 3.57 GB.
Total: 200.152000 ms (FindLiveObjects: 4.390500 ms CreateObjectMapping: 12.918916 ms MarkObjects: 182.759584 ms  DeleteObjects: 0.082917 ms)

Thread 0x3f6cc7000 may have been prematurely finalized
Worker ready: AssetImportWorkerHW1 1
Input System module state changed to: ShutdownInProgress.
Input Polling Thread exited.
Input System module state changed to: Shutdown.

Leak detected: 2 preview scene(s) were not closed prior to shutdown. This indicates a leak of preview scenes
- To track who caused the leak make sure to enable the diagnostics switch: 'Preview Scene Activity'
[Physics::Module] Cleanup current backend.
[Physics::Module] Id: 0xf2b8ea05
[Licensing::IpcConnector] LicenseClient-farhad-notifications channel disconnected successfully.
[Licensing::IpcConnector] LicenseClient-farhad channel disconnected successfully.
Thread 0x16fff7000 may have been prematurely finalized
Thread 0x1703cb000 may have been prematurely finalized
Thread 0x170227000 may have been prematurely finalized
Thread 0x1702b3000 may have been prematurely finalized
Thread 0x170083000 may have been prematurely finalized
Thread 0x17019b000 may have been prematurely finalized
Thread 0x17033f000 may have been prematurely finalized
Thread 0x17010f000 may have been prematurely finalized
Thread 0x170457000 may have been prematurely finalized
AcceleratorClientConnectionCallback - disconnected - :0
Thread 0x175107000 may have been prematurely finalized
Cleanup mono
CodeReloadManager destroyed
info: Microsoft.Hosting.Lifetime[0]
      Application is shutting down...
info: Unity.ILPP.Runner.PostProcessingAssemblyLoadContext[0]
      ALC ILPP context 1 is unloading
Leak Detected : Persistent allocates 398 individual allocations. To find out more please enable 'Settings > Jobs > Leak Detection Level > Enabled With Stack Trace' and reproduce the leak again.
debugger-agent: Unable to listen on 44
