Unity Editor version:    6000.5.2f1 (eb73d3b415a1)
Branch:                  6000.5/staging
Build type:              Release
Batch mode:              NO
macOS version:           Version 26.6.2 (Build 25G83)
Darwin version:          25.6.0
Architecture:            arm64
Running under Rosetta:   NO
Available memory:        16384 MB
Date:                    2026-09-25T20:19:32Z
[Licensing::Module] Trying to connect to existing licensing client channel...
[Licensing::IpcConnector] Successfully connected to: "LicenseClient-farhad" at "2026-09-25T20:19:32.627171Z"
Launching external process: /Applications/Unity/Hub/Editor/6000.5.2f1/Unity.app/Contents/Helpers/PackageManager/Server/UnityPackageManager

COMMAND LINE ARGUMENTS:
/Applications/Unity/Hub/Editor/6000.5.2f1/Unity.app/Contents/MacOS/Unity
-projectPath
/Users/farhad/Projects/WarlineCapture
-logFile
Design/AgentReports/SkirmishSquadPagination/2026-09-25/selected-fa-1280-final-02.log
-executeMethod
Game.Editor.SkirmishS002AriaRunHarness.RunS003NativeReviewAndExit
Successfully changed project path to: /Users/farhad/Projects/WarlineCapture
/Users/farhad/Projects/WarlineCapture
[UnityMemory] Configuration Parameters - Can be set up in boot.config
    "memorysetup-temp-allocator-size-gi-baking-worker=262144"
    "memorysetup-temp-allocator-size-gi-baking-worker=262144"
    "memorysetup-temp-allocator-size-gi-baking-worker=262144"
    "memorysetup-temp-allocator-size-gi-baking-worker=262144"
    "memorysetup-temp-allocator-size-gi-baking-worker=262144"
    "memorysetup-temp-allocator-size-nav-mesh-worker=65536"
    "memorysetup-temp-allocator-size-audio-worker=65536"
    "memorysetup-temp-allocator-size-cloud-worker=32768"
    "memorysetup-allocator-temp-initial-block-size-main=262144"
    "memorysetup-allocator-temp-initial-block-size-worker=262144"
    "memorysetup-temp-allocator-size-preload-manager=33554432"
    "memorysetup-temp-allocator-size-gfx=262144"
    "memorysetup-temp-allocator-size-background-worker=32768"
    "memorysetup-temp-allocator-size-job-worker=262144"
    "memorysetup-bucket-allocator-granularity=16"
    "memorysetup-bucket-allocator-bucket-count=8"
    "memorysetup-bucket-allocator-block-size=33554432"
    "memorysetup-bucket-allocator-block-count=8"
    "memorysetup-main-allocator-block-size=16777216"
    "memorysetup-thread-allocator-block-size=16777216"
    "memorysetup-main-allocator-mimalloc-enabled=0"
    "memorysetup-gfx-main-allocator-block-size=16777216"
    "memorysetup-gfx-thread-allocator-block-size=16777216"
    "memorysetup-cache-allocator-block-size=4194304"
    "memorysetup-typetree-allocator-block-size=2097152"
    "memorysetup-profiler-bucket-allocator-granularity=16"
    "memorysetup-profiler-bucket-allocator-bucket-count=8"
    "memorysetup-profiler-bucket-allocator-block-size=33554432"
    "memorysetup-profiler-bucket-allocator-block-count=8"
    "memorysetup-profiler-allocator-block-size=16777216"
    "memorysetup-profiler-editor-allocator-block-size=1048576"
    "memorysetup-temp-allocator-size-main=16777216"
    "memorysetup-job-temp-allocator-block-size=2097152"
    "memorysetup-job-temp-allocator-block-size-background=1048576"
    "memorysetup-job-temp-allocator-reduction-small-platforms=262144"
[Licensing::Client] Handshaking with LicensingClient:
  Version:                 1.18.3+d7ffd15
  Session Id:              5925136e31ec45fbb931465568c78b04
  Correlation Id:          a12e24994cdf1129b78ddeb885cfe210
  External correlation Id: 2719947543420983977
  Machine Id:              10T5sSSYWiUOOlqtQecUz0BYTYA=
[Licensing::Module] Successfully connected to LicensingClient on channel: "LicenseClient-farhad" (connect: 0.00s, validation: 0.00s, handshake: 0.26s)
[Licensing::IpcConnector] Successfully connected to: "LicenseClient-farhad-notifications" at "2026-09-25T20:19:32.891643Z"
[Licensing::Module] Error: Access token is unavailable; failed to update
[Licensing::Client] Successfully resolved entitlement details
[Licensing::Module] License group:
  Id: 2197950-UnityPersXXXX
  Product: Unity Personal
  Type: Assigned
  Expiration: Unlimited
[Licensing::Client] Successfully updated license, isAsync: True, time: 0.00
[Licensing::Client] Successfully resolved entitlement details
[Licensing::Module] Licensing Background thread has ended after 0.27s
Logging is directed to a specific file, skipping project log.Player connection [8466637184]  Target information:

Player connection [8466637184]  * "[IP] 192.168.2.175 [Port] 55505 [Flags] 2 [Guid] 169516987 [EditorId] 169516987 [Version] 1048832 [Id] OSXEditor(0,Farhads-MacBook-Air-2.local) [Debug] 1 [PackageName] OSXEditor [ProjectName] Editor" 

Player connection [8466637184]  * "[IP] 10.137.14.201 [Port] 55505 [Flags] 2 [Guid] 169516987 [EditorId] 169516987 [Version] 1048832 [Id] OSXEditor(0,Farhads-MacBook-Air-2.local) [Debug] 1 [PackageName] OSXEditor [ProjectName] Editor" 

Player connection [8466637184] Host joined multi-casting on [225.0.0.222:54997]...
Player connection [8466637184] Host joined alternative multi-casting on [225.0.0.222:34997]...
Input System module state changed to: Initialized.
[Physics::Module] Initialized fallback backend.
[Physics::Module] Id: 0xdecafbad
[Package Manager] Connected to IPC stream "Upm-15131" after 0.0 seconds.
[Licensing::Client] Successfully resolved entitlement details
Library Redirect Path: Library/
[Physics::Module] Selected backend.
[Physics::Module] Name: PhysX
[Physics::Module] Id: 0xf2b8ea05
[Physics::Module] SDK Version: 4.1.2
[Physics::Module] Integration Version: 1.0.0
[Physics::Module] Threading Mode: Multi-Threaded
[Licensing::Client] Successfully resolved entitlement details
Initialize engine version: 6000.5.2f1 (eb73d3b415a1)
[Subsystems] Discovering subsystems at path /Applications/Unity/Hub/Editor/6000.5.2f1/Unity.app/Contents/Resources/UnitySubsystems
[Subsystems] Discovering subsystems at path /Users/farhad/Projects/WarlineCapture/Assets
GfxDevice: creating device client; kGfxThreadingModeThreaded
 preferred device: Apple M5 (high power)
Metal devices available: 1
0: Apple M5 (high power)
Using device Apple M5 (high power)
Initializing Metal device caps: Apple M5
Mac GPU Family: 2
Apple GPU Family: 9
MSL Version: 3.0
Has Float MSAA: 1
Has Float Filtering: 1
ReadWrite Texture Tier: 2
Initialize mono
Mono path[0] = '/Applications/Unity/Hub/Editor/6000.5.2f1/Unity.app/Contents/Resources/Scripting/Managed'
Mono path[1] = '/Applications/Unity/Hub/Editor/6000.5.2f1/Unity.app/Contents/Resources/Scripting/BCLExtensions/runtime/netstandard2.1'
Mono path[2] = '/Applications/Unity/Hub/Editor/6000.5.2f1/Unity.app/Contents/Resources/Scripting/MonoBleedingEdge/lib/mono/unityjit-macos'
Mono config path = '/Applications/Unity/Hub/Editor/6000.5.2f1/Unity.app/Contents/Resources/Scripting/MonoBleedingEdge/etc'
Using monoOptions --debugger-agent=transport=dt_socket,embedding=1,server=y,suspend=n,address=127.0.0.1:56131
CodeReloadManager initialized
ImportWorker Server TCP listen port: 0
AcceleratorClientConnectionCallback - disconnected - :0
Begin MonoManager ReloadAssembly
Registering precompiled unity dll's ...
Register platform support module: /Applications/Unity/Hub/Editor/6000.5.2f1/PlaybackEngines/MacStandaloneSupport/UnityEditor.OSXStandalone.Extensions.dll
Register platform support module: /Applications/Unity/Hub/Editor/6000.5.2f1/PlaybackEngines/AndroidPlayer/UnityEditor.Android.Extensions.dll
Registered in 0.001159 seconds.
Native extension for Android target not found
Native extension for OSXStandalone target not found
Package Manager log level set to [2]
ScheduleIndexationOnStartup MainProcess:False IndexOnStartup:True
Mono: successfully reloaded assembly
- Finished resetting the current domain, in  0.198 seconds
Domain Reload Profiling: 421ms
	BeginReloadAssembly (58ms)
		CreateAndSetChildDomain (4ms)
	RebuildNativeTypeToScriptingClass (8ms)
	initialDomainReloadingComplete (24ms)
	LoadAllAssembliesAndSetupDomain (131ms)
		LoadAssemblies (55ms)
		AnalyzeDomain (100ms)
			TypeCache.Refresh (100ms)
				TypeCache.ScanAssembly (92ms)
	FinalizeReload (199ms)
		SetupLoadedEditorAssemblies (0ms)
			InitializePlatformSupportModulesInManaged (40ms)
			BeforeProcessingInitializeOnLoad (34ms)
			ProcessInitializeOnLoadAttributes (42ms)
			ProcessInitializeOnLoadMethodAttributes (50ms)
[Licensing::Client] Successfully resolved entitlement details
[Licensing::Client] Successfully resolved entitlement details
Application.AssetDatabase Initial Refresh Start
[Package Manager] Restoring resolved packages state from cache
[Licensing::Client] Successfully resolved entitlement details
[Package Manager] Registered 70 packages:
  Packages from [https://packages.unity.com]:
    com.unity.addressables@3.1.0 (location: /Users/farhad/Projects/WarlineCapture/Library/PackageCache/com.unity.addressables@9bffe1a216ce)
    com.unity.ai.assistant@2.13.0-pre.2 (location: /Users/farhad/Projects/WarlineCapture/Library/PackageCache/com.unity.ai.assistant@6fee27370e6a)
    com.unity.collab-proxy@2.12.4 (location: /Users/farhad/Projects/WarlineCapture/Library/PackageCache/com.unity.collab-proxy@0b1559bcd34e)
    com.unity.ide.rider@3.0.40 (location: /Users/farhad/Projects/WarlineCapture/Library/PackageCache/com.unity.ide.rider@e4950c6d131b)
    com.unity.ide.visualstudio@2.0.27 (location: /Users/farhad/Projects/WarlineCapture/Library/PackageCache/com.unity.ide.visualstudio@dc1ddd4f09b6)
    com.unity.inputsystem@1.19.0 (location: /Users/farhad/Projects/WarlineCapture/Library/PackageCache/com.unity.inputsystem@21a28c3a6c83)
    com.unity.probuilder@6.1.2 (location: /Users/farhad/Projects/WarlineCapture/Library/PackageCache/com.unity.probuilder@8be9724b2335)
    com.unity.timeline@1.8.12 (location: /Users/farhad/Projects/WarlineCapture/Library/PackageCache/com.unity.timeline@8cd8509afae5)
    com.unity.visualscripting@1.9.11 (location: /Users/farhad/Projects/WarlineCapture/Library/PackageCache/com.unity.visualscripting@8bed5ad90189)
    com.unity.pipeline@0.6.0-exp.1 (location: /Users/farhad/Projects/WarlineCapture/Library/PackageCache/com.unity.pipeline@9bb4172c603c)
    com.unity.burst@1.8.29 (location: /Users/farhad/Projects/WarlineCapture/Library/PackageCache/com.unity.burst@6bb9aca3ef38)
    com.unity.nuget.mono-cecil@1.11.6 (location: /Users/farhad/Projects/WarlineCapture/Library/PackageCache/com.unity.nuget.mono-cecil@ecb9724e46ff)
    com.unity.nuget.newtonsoft-json@3.2.2 (location: /Users/farhad/Projects/WarlineCapture/Library/PackageCache/com.unity.nuget.newtonsoft-json@4dfd81071c64)
    com.unity.searcher@4.9.4 (location: /Users/farhad/Projects/WarlineCapture/Library/PackageCache/com.unity.searcher@d45a78918735)
    com.unity.settings-manager@2.1.1 (location: /Users/farhad/Projects/WarlineCapture/Library/PackageCache/com.unity.settings-manager@0b8638c5ce86)
    com.unity.profiling.core@1.0.3 (location: /Users/farhad/Projects/WarlineCapture/Library/PackageCache/com.unity.profiling.core@8a49f7027d06)
    com.unity.test-framework.performance@3.5.0 (location: /Users/farhad/Projects/WarlineCapture/Library/PackageCache/com.unity.test-framework.performance@8b56083ec0f0)
    com.unity.scriptablebuildpipeline@3.1.1 (location: /Users/farhad/Projects/WarlineCapture/Library/PackageCache/com.unity.scriptablebuildpipeline@ea93f1084040)
  Built-in packages:
    com.unity.2d.sprite@1.0.0 (location: /Users/farhad/Projects/WarlineCapture/Library/PackageCache/com.unity.2d.sprite@053a968eab56)
    com.unity.entities@6.5.0 (location: /Users/farhad/Projects/WarlineCapture/Library/PackageCache/com.unity.entities@bab66ffaba49)
    com.unity.entities.graphics@6.5.0 (location: /Users/farhad/Projects/WarlineCapture/Library/PackageCache/com.unity.entities.graphics@66588da3a112)
    com.unity.multiplayer.center@1.0.1 (location: /Users/farhad/Projects/WarlineCapture/Library/PackageCache/com.unity.multiplayer.center@b860850997d0)
    com.unity.render-pipelines.universal@17.5.0 (location: /Users/farhad/Projects/WarlineCapture/Library/PackageCache/com.unity.render-pipelines.universal@748d7458cc62)
    com.unity.serialization@6.5.0 (location: /Users/farhad/Projects/WarlineCapture/Library/PackageCache/com.unity.serialization@b2610f80ff18)
    com.unity.shadergraph@17.5.0 (location: /Users/farhad/Projects/WarlineCapture/Library/PackageCache/com.unity.shadergraph@2df19e8719bc)
    com.unity.test-framework@1.7.0 (location: /Users/farhad/Projects/WarlineCapture/Library/PackageCache/com.unity.test-framework@1405238725ab)
    com.unity.ugui@2.5.0 (location: /Users/farhad/Projects/WarlineCapture/Library/PackageCache/com.unity.ugui@3d1ea40b73ef)
    com.unity.modules.accessibility@1.0.0 (location: /Users/farhad/Projects/WarlineCapture/Library/PackageCache/com.unity.modules.accessibility)
    com.unity.modules.adaptiveperformance@1.0.0 (location: /Users/farhad/Projects/WarlineCapture/Library/PackageCache/com.unity.modules.adaptiveperformance)
    com.unity.modules.ai@1.0.0 (location: /Users/farhad/Projects/WarlineCapture/Library/PackageCache/com.unity.modules.ai)
    com.unity.modules.androidjni@1.0.0 (location: /Users/farhad/Projects/WarlineCapture/Library/PackageCache/com.unity.modules.androidjni)
    com.unity.modules.animation@1.0.0 (location: /Users/farhad/Projects/WarlineCapture/Library/PackageCache/com.unity.modules.animation)
    com.unity.modules.assetbundle@1.0.0 (location: /Users/farhad/Projects/WarlineCapture/Library/PackageCache/com.unity.modules.assetbundle)
    com.unity.modules.audio@1.0.0 (location: /Users/farhad/Projects/WarlineCapture/Library/PackageCache/com.unity.modules.audio)
    com.unity.modules.cloth@1.0.0 (location: /Users/farhad/Projects/WarlineCapture/Library/PackageCache/com.unity.modules.cloth)
    com.unity.modules.director@1.0.0 (location: /Users/farhad/Projects/WarlineCapture/Library/PackageCache/com.unity.modules.director)
    com.unity.modules.imageconversion@1.0.0 (location: /Users/farhad/Projects/WarlineCapture/Library/PackageCache/com.unity.modules.imageconversion)
    com.unity.modules.imgui@1.0.0 (location: /Users/farhad/Projects/WarlineCapture/Library/PackageCache/com.unity.modules.imgui)
    com.unity.modules.jsonserialize@1.0.0 (location: /Users/farhad/Projects/WarlineCapture/Library/PackageCache/com.unity.modules.jsonserialize)
    com.unity.modules.physicscore2d@1.0.0 (location: /Users/farhad/Projects/WarlineCapture/Library/PackageCache/com.unity.modules.physicscore2d)
    com.unity.modules.screencapture@1.0.0 (location: /Users/farhad/Projects/WarlineCapture/Library/PackageCache/com.unity.modules.screencapture)
    com.unity.modules.tilemap@1.0.0 (location: /Users/farhad/Projects/WarlineCapture/Library/PackageCache/com.unity.modules.tilemap)
    com.unity.modules.ui@1.0.0 (location: /Users/farhad/Projects/WarlineCapture/Library/PackageCache/com.unity.modules.ui)
    com.unity.modules.uielements@1.0.0 (location: /Users/farhad/Projects/WarlineCapture/Library/PackageCache/com.unity.modules.uielements)
    com.unity.modules.umbra@1.0.0 (location: /Users/farhad/Projects/WarlineCapture/Library/PackageCache/com.unity.modules.umbra)
    com.unity.modules.unityanalytics@1.0.0 (location: /Users/farhad/Projects/WarlineCapture/Library/PackageCache/com.unity.modules.unityanalytics)
    com.unity.modules.unitywebrequest@1.0.0 (location: /Users/farhad/Projects/WarlineCapture/Library/PackageCache/com.unity.modules.unitywebrequest)
    com.unity.modules.unitywebrequestassetbundle@1.0.0 (location: /Users/farhad/Projects/WarlineCapture/Library/PackageCache/com.unity.modules.unitywebrequestassetbundle)
    com.unity.modules.unitywebrequestaudio@1.0.0 (location: /Users/farhad/Projects/WarlineCapture/Library/PackageCache/com.unity.modules.unitywebrequestaudio)
    com.unity.modules.unitywebrequesttexture@1.0.0 (location: /Users/farhad/Projects/WarlineCapture/Library/PackageCache/com.unity.modules.unitywebrequesttexture)
    com.unity.modules.unitywebrequestwww@1.0.0 (location: /Users/farhad/Projects/WarlineCapture/Library/PackageCache/com.unity.modules.unitywebrequestwww)
    com.unity.modules.vectorgraphics@1.0.0 (location: /Users/farhad/Projects/WarlineCapture/Library/PackageCache/com.unity.modules.vectorgraphics)
    com.unity.modules.vehicles@1.0.0 (location: /Users/farhad/Projects/WarlineCapture/Library/PackageCache/com.unity.modules.vehicles)
    com.unity.modules.video@1.0.0 (location: /Users/farhad/Projects/WarlineCapture/Library/PackageCache/com.unity.modules.video)
    com.unity.modules.wind@1.0.0 (location: /Users/farhad/Projects/WarlineCapture/Library/PackageCache/com.unity.modules.wind)
    com.unity.modules.xr@1.0.0 (location: /Users/farhad/Projects/WarlineCapture/Library/PackageCache/com.unity.modules.xr)
    com.unity.modules.physics@1.0.0 (location: /Users/farhad/Projects/WarlineCapture/Library/PackageCache/com.unity.modules.physics)
    com.unity.modules.subsystems@1.0.0 (location: /Users/farhad/Projects/WarlineCapture/Library/PackageCache/com.unity.modules.subsystems)
    com.unity.modules.hierarchycore@1.0.0 (location: /Users/farhad/Projects/WarlineCapture/Library/PackageCache/com.unity.modules.hierarchycore)
    com.unity.modules.physics2d@1.0.0 (location: /Users/farhad/Projects/WarlineCapture/Library/PackageCache/com.unity.modules.physics2d)
    com.unity.modules.particlesystem@1.0.0 (location: /Users/farhad/Projects/WarlineCapture/Library/PackageCache/com.unity.modules.particlesystem)
    com.unity.ext.nunit@2.1.0 (location: /Users/farhad/Projects/WarlineCapture/Library/PackageCache/com.unity.ext.nunit@44f7d31723bd)
    com.unity.render-pipelines.core@17.5.0 (location: /Users/farhad/Projects/WarlineCapture/Library/PackageCache/com.unity.render-pipelines.core@9fe9377312a8)
    com.unity.collections@6.5.0 (location: /Users/farhad/Projects/WarlineCapture/Library/PackageCache/com.unity.collections@a43cabe808ca)
    com.unity.render-pipelines.universal-config@17.5.0 (location: /Users/farhad/Projects/WarlineCapture/Library/PackageCache/com.unity.render-pipelines.universal-config@fdda01c80fe3)
    com.unity.modules.hierarchy@1.0.0 (location: /Users/farhad/Projects/WarlineCapture/Library/PackageCache/com.unity.modules.hierarchy)
    com.unity.mathematics@1.4.0 (location: /Users/farhad/Projects/WarlineCapture/Library/PackageCache/com.unity.mathematics@981956d94fb6)
    com.unity.modules.terrain@1.0.0 (location: /Users/farhad/Projects/WarlineCapture/Library/PackageCache/com.unity.modules.terrain)
  Embedded packages:
    com.sniveler-code.gpu-animation@file:/Users/farhad/Projects/WarlineCapture/Packages/com.sniveler-code.gpu-animation (location: /Users/farhad/Projects/WarlineCapture/Packages/com.sniveler-code.gpu-animation)
  Git packages:
    com.nosuchstudio.rtltmpro@https://github.com/hk1ll3r/RTLTMPro.git?path=/UPMPackage#69c9193fc27218f17679cc57382a61ac4a717b2b (location: /Users/farhad/Projects/WarlineCapture/Library/PackageCache/com.nosuchstudio.rtltmpro@44858274f18a)
[Subsystems] No new subsystems found in resolved package list.
[Package Manager] Done registering packages in 0.01 seconds
Assembly reference Packages/com.unity.entities/Unity.Scenes.Editor/Internals/Properties/Unity.Properties.Internals.asmref has no target assembly definition
Assembly reference Packages/com.unity.entities/Unity.Scenes.Editor/Internals/Properties/Unity.Properties.Internals.asmref has no target assembly definition
info: Microsoft.Hosting.Lifetime[14]
      Now listening on: http://unix:/tmp/ilpp.sock-cab634237f5413a71fd009541e827d78
info: Microsoft.Hosting.Lifetime[0]
      Application started. Press Ctrl+C to shut down.
info: Microsoft.Hosting.Lifetime[0]
      Hosting environment: Production
info: Microsoft.Hosting.Lifetime[0]
      Content root path: /Users/farhad/Projects/WarlineCapture
info: Microsoft.AspNetCore.Hosting.Diagnostics[1]
      Request starting HTTP/2 POST http://ilpp/UnityILPP.PostProcessing/Ping - application/grpc -
info: Microsoft.AspNetCore.Routing.EndpointMiddleware[0]
      Executing endpoint 'gRPC - /UnityILPP.PostProcessing/Ping'
info: Microsoft.AspNetCore.Routing.EndpointMiddleware[1]
      Executed endpoint 'gRPC - /UnityILPP.PostProcessing/Ping'
info: Microsoft.AspNetCore.Hosting.Diagnostics[2]
      Request finished HTTP/2 POST http://ilpp/UnityILPP.PostProcessing/Ping - 200 - application/grpc 19.2380ms
Starting: /Applications/Unity/Hub/Editor/6000.5.2f1/Unity.app/Contents/Resources/BuildPipeline/bee_backend --ipc --defer-dag-verification --dagfile="Library/Bee/1300b0aE.dag" --continue-on-failure --profile="Library/Bee/backend1.traceevents" ScriptAssemblies
WorkingDir: /Users/farhad/Projects/WarlineCapture
info: Microsoft.AspNetCore.Hosting.Diagnostics[1]
      Request starting HTTP/2 POST http://ilpp/UnityILPP.PostProcessing/ConfigurePostProcessors - application/grpc -
info: Microsoft.AspNetCore.Routing.EndpointMiddleware[0]
      Executing endpoint 'gRPC - /UnityILPP.PostProcessing/ConfigurePostProcessors'
warn: Unity.ILPP.Runner.PostProcessingAssemblyLoadContext[0]
      Assembly system.runtime.interopservices.windowsruntime has duplicate hint path. Ignoring "/Applications/Unity/Hub/Editor/6000.5.2f1/Unity.app/Contents/Resources/Scripting/NetStandard/Extensions/2.0.0/System.Runtime.InteropServices.WindowsRuntime.dll" in favor of "/Applications/Unity/Hub/Editor/6000.5.2f1/Unity.app/Contents/Resources/Scripting/UnityReferenceAssemblies/unity-4.8-api/Facades/System.Runtime.InteropServices.WindowsRuntime.dll"
warn: Unity.ILPP.Runner.PostProcessingAssemblyLoadContext[0]
      Assembly system.componentmodel.composition has duplicate hint path. Ignoring "/Applications/Unity/Hub/Editor/6000.5.2f1/Unity.app/Contents/Resources/Scripting/NetStandard/compat/2.1.0/shims/netfx/System.ComponentModel.Composition.dll" in favor of "/Applications/Unity/Hub/Editor/6000.5.2f1/Unity.app/Contents/Resources/Scripting/UnityReferenceAssemblies/unity-4.8-api/System.ComponentModel.Composition.dll"
info: Unity.ILPP.Runner.PostProcessingAssemblyLoadContext[0]
      Resolved Mono.Cecil, Version=0.11.5.0, Culture=neutral, PublicKeyToken=50cebf1cceb9d05e with Library/PackageCache/com.unity.nuget.mono-cecil@ecb9724e46ff/Mono.Cecil.dll
info: Unity.ILPP.Runner.PostProcessingAssemblyLoadContext[0]
      Resolved Unity.Burst.Cecil, Version=0.11.6.0, Culture=neutral, PublicKeyToken=50cebf1cceb9d05e with Library/PackageCache/com.unity.burst@6bb9aca3ef38/Unity.Burst.CodeGen/Unity.Burst.Cecil.dll
info: Unity.ILPP.Runner.PostProcessingAssemblyLoadContext[0]
      Resolved Unity.Entities, Version=0.0.0.0, Culture=neutral, PublicKeyToken=null with Library/Bee/artifacts/1300b0aE.dag/Unity.Entities.dll
info: Microsoft.AspNetCore.Routing.EndpointMiddleware[1]
      Executed endpoint 'gRPC - /UnityILPP.PostProcessing/ConfigurePostProcessors'
info: Microsoft.AspNetCore.Hosting.Diagnostics[2]
      Request finished HTTP/2 POST http://ilpp/UnityILPP.PostProcessing/ConfigurePostProcessors - 200 - application/grpc 20.1272ms
ExitCode: 0 Duration: 0s493ms
[1445/1995  0s] ILPP-Configuration Library/ilpp-configuration.nevergeneratedoutput
*** Tundra build success (0.48 seconds), 1 items updated, 1995 evaluated
AssetDatabase: script compilation time: 0.866939s
Total cache size 268293602
Total cache size after purge 268293602, took 00:00:00.2648828
Begin MonoManager ReloadAssembly
Symbol file LoadedFromMemory is not a mono symbol file
Assembly reference Packages/com.unity.entities/Unity.Scenes.Editor/Internals/Properties/Unity.Properties.Internals.asmref has no target assembly definition
Native extension for Android target not found
Native extension for OSXStandalone target not found
TypeManager.Initialize took: 205ms
Start HTTP server: port:7801
[MODES] ModeService[none].Initialize
[MODES] ModeService[none].LoadModes
[MODES] Loading mode Default (0) for mode-current-id-WarlineCapture
[Licensing::Client] Error: Code 404 while processing request (status: Found 0 entitlement groups and 0 free entitlements matching requested entitlement ids)
[McpToolRegistry] Discovered 20 MCP tools
UnityEngine.Debug:ExtractStackTraceNoAlloc (byte*,int,string)
UnityEngine.StackTraceUtility:ExtractStackTrace () (at /Users/bokken/build/output/unity/unity/Runtime/Export/Scripting/StackTrace.cs:35)
UnityEngine.DebugLogHandler:Internal_Log (UnityEngine.LogType,UnityEngine.LogOption,string,UnityEngine.Object)
UnityEngine.DebugLogHandler:LogFormat (UnityEngine.LogType,UnityEngine.Object,string,object[])
UnityEngine.Logger:Log (UnityEngine.LogType,object)
UnityEngine.Debug:Log (object)
Unity.AI.Tracing.ConsoleSink:LogToConsole (string,string,System.Exception) (at ./Library/PackageCache/com.unity.ai.assistant@6fee27370e6a/Modules/Unity.AI.Tracing/TraceSinks.cs:313)
Unity.AI.Tracing.ConsoleSink:Write (Unity.AI.Tracing.TraceEvent) (at ./Library/PackageCache/com.unity.ai.assistant@6fee27370e6a/Modules/Unity.AI.Tracing/TraceSinks.cs:277)
Unity.AI.Tracing.TraceWriter:WriteEventInternal (string,string,Unity.AI.Tracing.TraceEventOptions,string,System.Nullable`1<int>) (at ./Library/PackageCache/com.unity.ai.assistant@6fee27370e6a/Modules/Unity.AI.Tracing/TraceWriter.cs:373)
Unity.AI.Tracing.TraceWriter:Event (string,Unity.AI.Tracing.TraceEventOptions) (at ./Library/PackageCache/com.unity.ai.assistant@6fee27370e6a/Modules/Unity.AI.Tracing/TraceWriter.cs:297)
Unity.AI.Tracing.TraceLogger:Emit (string,string,string,string,Unity.AI.Tracing.TraceEventOptions,object,System.Exception) (at ./Library/PackageCache/com.unity.ai.assistant@6fee27370e6a/Modules/Unity.AI.Tracing/TraceLogger.cs:105)
Unity.AI.Tracing.TraceLogger:Info (string,string,string,Unity.AI.Tracing.TraceEventOptions) (at ./Library/PackageCache/com.unity.ai.assistant@6fee27370e6a/Modules/Unity.AI.Tracing/TraceLogger.cs:35)
Unity.AI.MCP.Editor.Helpers.McpLog:Log (string,Unity.AI.Tracing.TraceEventOptions) (at ./Library/PackageCache/com.unity.ai.assistant@6fee27370e6a/Modules/Unity.AI.MCP.Editor/Helpers/McpLog.cs:15)
Unity.AI.MCP.Editor.ToolRegistry.McpToolRegistry:RefreshTools () (at ./Library/PackageCache/com.unity.ai.assistant@6fee27370e6a/Modules/Unity.AI.MCP.Editor/ToolRegistry/McpToolRegistry.cs:201)
Unity.AI.MCP.Editor.ToolRegistry.McpToolRegistry:Initialize () (at ./Library/PackageCache/com.unity.ai.assistant@6fee27370e6a/Modules/Unity.AI.MCP.Editor/ToolRegistry/McpToolRegistry.cs:177)
System.Reflection.RuntimeMethodInfo:Invoke (object,System.Reflection.BindingFlags,System.Reflection.Binder,object[],System.Globalization.CultureInfo)
System.Reflection.MethodBase:Invoke (object,object[])
UnityEditor.EditorAssemblies:ProcessInitializeOnLoadMethodAttributes () (at /Users/bokken/build/output/unity/unity/Editor/Mono/EditorAssemblies.cs:184)

(Filename: ./Library/PackageCache/com.unity.ai.assistant@6fee27370e6a/Modules/Unity.AI.Tracing/TraceSinks.cs Line: 313)

[McpToolRegistry] Available tools: Unity_ApplyTextEdits, Unity_CreateScript, Unity_DeleteScript, Unity_FindInFile, Unity_GetSha, Unity_ImportExternalModel, Unity_ListResources, Unity_ManageAsset, Unity_ManageEditor, Unity_ManageGameObject, Unity_ManageMenuItem, Unity_ManageScene, Unity_ManageScript, Unity_ManageScript_capabilities, Unity_ManageShader, Unity_ReadConsole, Unity_ReadResource, Unity_RunCommand, Unity_ScriptApplyEdits, Unity_ValidateScript
UnityEngine.Debug:ExtractStackTraceNoAlloc (byte*,int,string)
UnityEngine.StackTraceUtility:ExtractStackTrace () (at /Users/bokken/build/output/unity/unity/Runtime/Export/Scripting/StackTrace.cs:35)
UnityEngine.DebugLogHandler:Internal_Log (UnityEngine.LogType,UnityEngine.LogOption,string,UnityEngine.Object)
UnityEngine.DebugLogHandler:LogFormat (UnityEngine.LogType,UnityEngine.Object,string,object[])
UnityEngine.Logger:Log (UnityEngine.LogType,object)
UnityEngine.Debug:Log (object)
Unity.AI.Tracing.ConsoleSink:LogToConsole (string,string,System.Exception) (at ./Library/PackageCache/com.unity.ai.assistant@6fee27370e6a/Modules/Unity.AI.Tracing/TraceSinks.cs:313)
Unity.AI.Tracing.ConsoleSink:Write (Unity.AI.Tracing.TraceEvent) (at ./Library/PackageCache/com.unity.ai.assistant@6fee27370e6a/Modules/Unity.AI.Tracing/TraceSinks.cs:277)
Unity.AI.Tracing.TraceWriter:WriteEventInternal (string,string,Unity.AI.Tracing.TraceEventOptions,string,System.Nullable`1<int>) (at ./Library/PackageCache/com.unity.ai.assistant@6fee27370e6a/Modules/Unity.AI.Tracing/TraceWriter.cs:373)
Unity.AI.Tracing.TraceWriter:Event (string,Unity.AI.Tracing.TraceEventOptions) (at ./Library/PackageCache/com.unity.ai.assistant@6fee27370e6a/Modules/Unity.AI.Tracing/TraceWriter.cs:297)
Unity.AI.Tracing.TraceLogger:Emit (string,string,string,string,Unity.AI.Tracing.TraceEventOptions,object,System.Exception) (at ./Library/PackageCache/com.unity.ai.assistant@6fee27370e6a/Modules/Unity.AI.Tracing/TraceLogger.cs:105)
Unity.AI.Tracing.TraceLogger:Info (string,string,string,Unity.AI.Tracing.TraceEventOptions) (at ./Library/PackageCache/com.unity.ai.assistant@6fee27370e6a/Modules/Unity.AI.Tracing/TraceLogger.cs:35)
Unity.AI.MCP.Editor.Helpers.McpLog:Log (string,Unity.AI.Tracing.TraceEventOptions) (at ./Library/PackageCache/com.unity.ai.assistant@6fee27370e6a/Modules/Unity.AI.MCP.Editor/Helpers/McpLog.cs:15)
Unity.AI.MCP.Editor.ToolRegistry.McpToolRegistry:RefreshTools () (at ./Library/PackageCache/com.unity.ai.assistant@6fee27370e6a/Modules/Unity.AI.MCP.Editor/ToolRegistry/McpToolRegistry.cs:204)
Unity.AI.MCP.Editor.ToolRegistry.McpToolRegistry:Initialize () (at ./Library/PackageCache/com.unity.ai.assistant@6fee27370e6a/Modules/Unity.AI.MCP.Editor/ToolRegistry/McpToolRegistry.cs:177)
System.Reflection.RuntimeMethodInfo:Invoke (object,System.Reflection.BindingFlags,System.Reflection.Binder,object[],System.Globalization.CultureInfo)
System.Reflection.MethodBase:Invoke (object,object[])
UnityEditor.EditorAssemblies:ProcessInitializeOnLoadMethodAttributes () (at /Users/bokken/build/output/unity/unity/Editor/Mono/EditorAssemblies.cs:184)

(Filename: ./Library/PackageCache/com.unity.ai.assistant@6fee27370e6a/Modules/Unity.AI.Tracing/TraceSinks.cs Line: 313)

ScheduleIndexationOnStartup MainProcess:True IndexOnStartup:True
Mono: successfully reloaded assembly
[Idle]
UnityEngine.Debug:ExtractStackTraceNoAlloc (byte*,int,string)
UnityEngine.StackTraceUtility:ExtractStackTrace () (at /Users/bokken/build/output/unity/unity/Runtime/Export/Scripting/StackTrace.cs:35)
UnityEngine.DebugLogHandler:Internal_Log (UnityEngine.LogType,UnityEngine.LogOption,string,UnityEngine.Object)
UnityEngine.DebugLogHandler:LogFormat (UnityEngine.LogType,UnityEngine.Object,string,object[])
UnityEngine.Logger:Log (UnityEngine.LogType,object)
UnityEngine.Debug:Log (object)
Unity.AI.Tracing.ConsoleSink:LogToConsole (string,string,System.Exception) (at ./Library/PackageCache/com.unity.ai.assistant@6fee27370e6a/Modules/Unity.AI.Tracing/TraceSinks.cs:313)
Unity.AI.Tracing.ConsoleSink:Write (Unity.AI.Tracing.TraceEvent) (at ./Library/PackageCache/com.unity.ai.assistant@6fee27370e6a/Modules/Unity.AI.Tracing/TraceSinks.cs:277)
Unity.AI.Tracing.TraceWriter:WriteEventInternal (string,string,Unity.AI.Tracing.TraceEventOptions,string,System.Nullable`1<int>) (at ./Library/PackageCache/com.unity.ai.assistant@6fee27370e6a/Modules/Unity.AI.Tracing/TraceWriter.cs:373)
Unity.AI.Tracing.TraceWriter:Event (string,Unity.AI.Tracing.TraceEventOptions) (at ./Library/PackageCache/com.unity.ai.assistant@6fee27370e6a/Modules/Unity.AI.Tracing/TraceWriter.cs:297)
Unity.AI.Tracing.TraceLogger:Emit (string,string,string,string,Unity.AI.Tracing.TraceEventOptions,object,System.Exception) (at ./Library/PackageCache/com.unity.ai.assistant@6fee27370e6a/Modules/Unity.AI.Tracing/TraceLogger.cs:105)
Unity.AI.Tracing.TraceLogger:Info (string,string,string,Unity.AI.Tracing.TraceEventOptions) (at ./Library/PackageCache/com.unity.ai.assistant@6fee27370e6a/Modules/Unity.AI.Tracing/TraceLogger.cs:35)
Unity.AI.MCP.Editor.Helpers.McpLog:Log (string,Unity.AI.Tracing.TraceEventOptions) (at ./Library/PackageCache/com.unity.ai.assistant@6fee27370e6a/Modules/Unity.AI.MCP.Editor/Helpers/McpLog.cs:15)
Unity.AI.MCP.Editor.Bridge:LogBreadcrumb (string) (at ./Library/PackageCache/com.unity.ai.assistant@6fee27370e6a/Modules/Unity.AI.MCP.Editor/Bridge.cs:2055)
Unity.AI.MCP.Editor.Bridge:OnAfterAssemblyReload () (at ./Library/PackageCache/com.unity.ai.assistant@6fee27370e6a/Modules/Unity.AI.MCP.Editor/Bridge.cs:1899)
UnityEditor.AssemblyReloadEvents:OnAfterAssemblyReload () (at /Users/bokken/build/output/unity/unity/Editor/Mono/AssemblyReloadEvents.cs:43)

(Filename: ./Library/PackageCache/com.unity.ai.assistant@6fee27370e6a/Modules/Unity.AI.Tracing/TraceSinks.cs Line: 313)

- Finished resetting the current domain, in  6.552 seconds
Domain Reload Profiling: 7461ms
	BeginReloadAssembly (157ms)
		DisableScriptedObjects (52ms)
		CreateAndSetChildDomain (24ms)
	RebuildCommonClasses (6ms)
	RebuildNativeTypeToScriptingClass (12ms)
	initialDomainReloadingComplete (59ms)
	LoadAllAssembliesAndSetupDomain (674ms)
		LoadAssemblies (272ms)
		AnalyzeDomain (366ms)
			TypeCache.Refresh (305ms)
				TypeCache.ScanAssembly (278ms)
			BuildScriptInfoCaches (56ms)
			ResolveRequiredComponents (4ms)
	FinalizeReload (6552ms)
		SetupLoadedEditorAssemblies (0ms)
			InitializePlatformSupportModulesInManaged (5ms)
			BeforeProcessingInitializeOnLoad (48ms)
			ProcessInitializeOnLoadAttributes (2930ms)
			ProcessInitializeOnLoadMethodAttributes (3327ms)
		AwakeInstancesAfterBackupRestoration (9ms)
Starting new worker id: 0 with log in /Users/farhad/Projects/WarlineCapture/Logs/AssetImportWorkerHW0.log

Asset Pipeline Refresh (id=731ab6ae989b74df88d76cce232cb9eb): Total: 10.285 seconds - Initiated by InitialRefreshV2(ForceSynchronousImport)
	(Values over 0.05ms)
	Summary:
		Imports: total=0 (actual=0, local cache=0, cache server=0)
		Asset DB Process Time: managed=0 ms, native=8384 ms
		Asset DB Callback time: managed=23 ms, native=8 ms
		Scripting: domain reloads=1, domain reload time=947 ms, compile time=868 ms, other=52 ms
		Project Asset Count: scripts=3315, non-scripts=21453
		Asset File Changes: new=0, changed=0, moved=0, deleted=0
		Scan Filter Count: 1
	InvokePackagesCallback: 9.565ms
	ApplyChangesToAssetFolders: 0.257ms
	Scan: 1065.262ms
	Collect global state as custom dependencies: 1.947ms
	CategorizeScriptCompilationAssets: 63.348ms
	ProcessAssetsWithTransientArtifactChanges: 82.323ms
	CategorizeAssets: 217.320ms
	CompileScripts: 868.277ms
	ImportOutOfDateAssets: 6788.497ms (6583.334ms without children)
		ReloadNativeAssets: 0.342ms
		UnloadImportedAssets: 5.581ms
		EnsureUptoDateAssetsAreRegisteredWithGuidPM: 2.646ms
		ImportSchedulerStart: 196.593ms
	PostProcessAllAssets: 23.139ms
		MonoPostProcessAllAssets: 23.108ms
			SyncVS.PostprocessSyncProject 6.196ms
			UniversalRenderPipelineGlobalSettingsPostprocessor.OnPostprocessAllAssets 5.718ms
			GraphRefreshPostprocessor.OnPostprocessAllAssets 1.164ms
			WindowAssetPostprocessingWatcher.OnPostprocessAllAssets 1.037ms
			SpeedTree9Postprocessor.OnPostprocessAllAssets 0.977ms
			AssetChangeDetector.OnPostprocessAllAssets 0.492ms
			RenderPipelineGlobalSettingsPostprocessor.OnPostprocessAllAssets 0.391ms
			ReferencedClipsPostProcessor.OnPostprocessAllAssets 0.188ms
			ShaderReflectionAssetPostProcessor.OnPostprocessAllAssets 0.181ms
			InputActionAssetPostprocessor.OnPostprocessAllAssets 0.147ms
			TerrainToolbarOverlayPostProcessor.OnPostprocessAllAssets 0.110ms
			ProjectSettingsPostprocessor.OnPostprocessAllAssets 0.104ms
			AssetDatabaseCallbacks.OnPostprocessAllAssets 0.084ms
	UnloadStreamsBegin: 1.304ms
	PersistCurrentRevisions: 0.688ms
	GenerateScriptTypeHashes: 6.147ms
	GenerateScriptTypeSerializationHashes: 8.672ms
	Untracked: 1161.547ms

Application.AssetDatabase Initial Refresh End
Shader Hidden/ChartRasterizerHardware is not supported: GPU does not support conservative rasterization
Launching external process: /Applications/Unity/Hub/Editor/6000.5.2f1/Unity.app/Contents/Helpers/UnityShaderCompiler
Launched and connected shader compiler UnityShaderCompiler after 0.07 seconds
Shader Hidden/ChartRasterizerHardware is not supported: GPU does not support conservative rasterization
Scanning for USB devices : 0.167ms
Initializing Unity extensions:
2026-09-25 22:19:46.563 Unity[15131:27349602] NSEventModifierFlagFunction specified to -setKeyEquivalentModifierMask: for item <NSMenuItem: 0x74991ebc0 Capture Live Owner Feedback, ke='Command-F10'>, but is only supported for system-provided menu items; will not be used
2026-09-25 22:19:46.563 Unity[15131:27349602] NSEventModifierFlagFunction specified to -setKeyEquivalentModifierMask: for item <NSMenuItem: 0x74991dea0 Log Live Owner Feedback State, ke='Command-F9'>, but is only supported for system-provided menu items; will not be used
2026-09-25 22:19:46.563 Unity[15131:27349602] NSEventModifierFlagFunction specified to -setKeyEquivalentModifierMask: for item <NSMenuItem: 0x74991dfe0 Validate Owner Feedback Fixes, ke='Command-F8'>, but is only supported for system-provided menu items; will not be used
2026-09-25 22:19:46.567 Unity[15131:27349602] NSEventModifierFlagFunction specified to -setKeyEquivalentModifierMask: for item <NSMenuItem: 0x736294aa0 SDF, ke='Command-F12'>, but is only supported for system-provided menu items; will not be used
Worker ready: AssetImportWorkerHW0 0
Unloading 1539 Unused Serialized files (Serialized files now loaded: 0)
Loaded scene 'Assets/Game/Scenes/Menu.unity'
	Deserialize:            765.207 ms
	Integration:            382.037 ms
	Integration of assets:  613.664 ms
	Thread Wait Time:       42.323 ms
	Total Operation Time:   1803.231 ms
Unloading 14762 unused Assets / (21.1 MB). Loaded Objects now: 44516.
Memory consumption went from 0.78 GB to 0.76 GB.
Total: 63.713417 ms (FindLiveObjects: 2.227958 ms CreateObjectMapping: 10.951125 ms MarkObjects: 43.614667 ms  DeleteObjects: 6.919209 ms)

[LAYOUT] About to load UserSettings/Layouts/default-6000.dwlt, keepMainWindow=False
[LAYOUT] About to save layout /Users/farhad/Projects/WarlineCapture/UserSettings/Layouts/default-6000.dwlt
[LAYOUT] About to save layout /Users/farhad/Library/Preferences/Unity/Editor-5.x/Layouts/current/default-6000.dwlt
[MODES] ModeService[default].InitializeCurrentMode
[MODES] ModeService[default].RaiseModeChanged(default, default)
[MainMenuV3PrefabBuilder] gameView=1280x720 selectedIndex=4
UnityEngine.Debug:ExtractStackTraceNoAlloc (byte*,int,string)
UnityEngine.StackTraceUtility:ExtractStackTrace () (at /Users/bokken/build/output/unity/unity/Runtime/Export/Scripting/StackTrace.cs:35)
UnityEngine.DebugLogHandler:Internal_Log (UnityEngine.LogType,UnityEngine.LogOption,string,UnityEngine.Object)
UnityEngine.DebugLogHandler:LogFormat (UnityEngine.LogType,UnityEngine.Object,string,object[])
UnityEngine.Logger:Log (UnityEngine.LogType,object)
UnityEngine.Debug:Log (object)
Game.Editor.MainMenuV3PrefabBuilder:SetGameViewResolution (int,int) (at Assets/Game/Scripts/Editor/MainMenuV3PrefabBuilder.cs:375)
Game.Editor.SkirmishS002AriaRunHarness:LaunchCatalog (string,int,string) (at Assets/Game/Scripts/Editor/Skirmish/SkirmishS002AriaRunHarness.cs:384)
Game.Editor.SkirmishS002AriaRunHarness:LaunchFromEnvironment () (at Assets/Game/Scripts/Editor/Skirmish/SkirmishS002AriaRunHarness.cs:319)
Game.Editor.SkirmishS002AriaRunHarness:RunFocusedAriaAndExit () (at Assets/Game/Scripts/Editor/Skirmish/SkirmishS002AriaRunHarness.cs:180)
Game.Editor.SkirmishS002AriaRunHarness:RunS003StartupAndExit () (at Assets/Game/Scripts/Editor/Skirmish/SkirmishS002AriaRunHarness.cs:305)
Game.Editor.SkirmishS002AriaRunHarness:RunS003NativeReviewAndExit () (at Assets/Game/Scripts/Editor/Skirmish/SkirmishS002AriaRunHarness.cs:197)

(Filename: Assets/Game/Scripts/Editor/MainMenuV3PrefabBuilder.cs Line: 375)

Opening scene 'Assets/Game/Scenes/Menu.unity'
Unloading 501 Unused Serialized files (Serialized files now loaded: 0)
Loaded scene 'Assets/Game/Scenes/Menu.unity'
	Deserialize:            3.110 ms
	Integration:            360.660 ms
	Integration of assets:  0.003 ms
	Thread Wait Time:       0.005 ms
	Total Operation Time:   363.777 ms
Unloading 2 unused Assets / (9.1 MB). Loaded Objects now: 51097.
Memory consumption went from 0.79 GB to 0.78 GB.
Total: 42.317125 ms (FindLiveObjects: 0.898166 ms CreateObjectMapping: 7.074375 ms MarkObjects: 34.163250 ms  DeleteObjects: 0.179583 ms)

[Project] Loading completed in 39.121 seconds
	Project init time: 				0.000 seconds
		Template init time: 		0.000 seconds
		Package Manager init time: 		0.000 seconds
		Asset Database init time: 		0.000 seconds
		Global illumination init time: 	0.000 seconds
		Assemblies load time: 			0.000 seconds
		Unity extensions init time: 	0.000 seconds
		Asset Database refresh time: 	0.000 seconds
	Scene opening time: 			0.000 seconds
##utp:{"type":"ProjectInfo","version":2,"phase":"Immediate","time":1790367611743,"processId":15131,"projectLoad":39.120664541000007,"projectInit":0.0,"templateInit":0.0,"packageManagerInit":0.0,"assetDatabaseInit":0.0,"globalIlluminationInit":0.0,"assembliesLoad":0.0,"unityExtensionsInit":0.0,"assetDatabaseRefresh":0.0,"sceneOpening":0.0}
##utp:{"type":"EditorInfo","version":2,"phase":"Immediate","time":1790367611743,"processId":15131,"editorVersion":"6000.5.2f1 (eb73d3b415a1)","branch":"6000.5/staging","buildType":"Release","platform":"OSX"}
Subscribe to USB device events
Scanning for USB devices : 0.060ms
Thread 0x17b613000 may have been prematurely finalized
Entering Playmode with Reload Domain disabled.
If you experience any issues, please disable "Enter Play Mode Options" in Editor Settings
Ignoring invalid [Unity.Entities.UpdateAfterAttribute(Game.Runtime.SkirmishResultSettlementSystem)] attribute on Game.Runtime.SkirmishExpandedSessionControlSystem because OrderFirst/OrderLast has higher precedence.
UnityEngine.Debug:ExtractStackTraceNoAlloc (byte*,int,string)
UnityEngine.StackTraceUtility:ExtractStackTrace () (at /Users/bokken/build/output/unity/unity/Runtime/Export/Scripting/StackTrace.cs:35)
UnityEngine.DebugLogHandler:Internal_Log (UnityEngine.LogType,UnityEngine.LogOption,string,UnityEngine.Object)
UnityEngine.DebugLogHandler:LogFormat (UnityEngine.LogType,UnityEngine.Object,string,object[])
UnityEngine.Logger:Log (UnityEngine.LogType,object)
UnityEngine.Debug:LogWarning (object)
Unity.Debug:LogWarning (object) (at ./Library/PackageCache/com.unity.entities@bab66ffaba49/Unity.Entities/Stubs/Unity/Debug.cs:13)
Unity.Entities.ComponentSystemSorter:WarnAboutAnySystemAttributeBadness (int,Unity.Entities.ComponentSystemGroup) (at ./Library/PackageCache/com.unity.entities@bab66ffaba49/Unity.Entities/ComponentSystemSorter.cs:522)
Unity.Entities.ComponentSystemGroup:GenerateMasterUpdateList () (at ./Library/PackageCache/com.unity.entities@bab66ffaba49/Unity.Entities/ComponentSystemGroup.cs:490)
Unity.Entities.ComponentSystemGroup:RecurseUpdate () (at ./Library/PackageCache/com.unity.entities@bab66ffaba49/Unity.Entities/ComponentSystemGroup.cs:410)
Unity.Entities.ComponentSystemGroup:SortSystems () (at ./Library/PackageCache/com.unity.entities@bab66ffaba49/Unity.Entities/ComponentSystemGroup.cs:598)
Unity.Entities.DefaultWorldInitialization:AddSystemToRootLevelSystemGroupsInternal (Unity.Entities.World,Unity.Collections.NativeList`1<Unity.Entities.SystemTypeIndex>) (at ./Library/PackageCache/com.unity.entities@bab66ffaba49/Unity.Entities/DefaultWorldInitialization.cs:304)
Unity.Entities.DefaultWorldInitialization:Initialize (string,bool) (at ./Library/PackageCache/com.unity.entities@bab66ffaba49/Unity.Entities/DefaultWorldInitialization.cs:156)
Unity.Entities.AutomaticWorldBootstrap:Initialize () (at ./Library/PackageCache/com.unity.entities@bab66ffaba49/Unity.Entities.Hybrid/Injection/AutomaticWorldBootstrap.cs:16)

(Filename: ./Library/PackageCache/com.unity.entities@bab66ffaba49/Unity.Entities/Stubs/Unity/Debug.cs Line: 13)

Ignoring invalid [Unity.Entities.UpdateBeforeAttribute] attribute on Game.Rendering.OperationMapVehicleVisualOwnershipSystem targeting Game.Rendering.UnitRenderVisualExclusivitySystem.
This attribute can only order systems that are members of the same ComponentSystemGroup instance.
Make sure that both systems are in the same system group with [UpdateInGroup(typeof(Unity.Entities.PresentationSystemGroup))],
or by manually adding both systems to the same group's update list.
UnityEngine.Debug:ExtractStackTraceNoAlloc (byte*,int,string)
UnityEngine.StackTraceUtility:ExtractStackTrace () (at /Users/bokken/build/output/unity/unity/Runtime/Export/Scripting/StackTrace.cs:35)
UnityEngine.DebugLogHandler:Internal_Log (UnityEngine.LogType,UnityEngine.LogOption,string,UnityEngine.Object)
UnityEngine.DebugLogHandler:LogFormat (UnityEngine.LogType,UnityEngine.Object,string,object[])
UnityEngine.Logger:Log (UnityEngine.LogType,object)
UnityEngine.Debug:LogWarning (object)
Unity.Debug:LogWarning (object) (at ./Library/PackageCache/com.unity.entities@bab66ffaba49/Unity.Entities/Stubs/Unity/Debug.cs:13)
Unity.Entities.ComponentSystemSorter:WarnAboutAnySystemAttributeBadness (int,Unity.Entities.ComponentSystemGroup) (at ./Library/PackageCache/com.unity.entities@bab66ffaba49/Unity.Entities/ComponentSystemSorter.cs:504)
Unity.Entities.ComponentSystemGroup:GenerateMasterUpdateList () (at ./Library/PackageCache/com.unity.entities@bab66ffaba49/Unity.Entities/ComponentSystemGroup.cs:490)
Unity.Entities.ComponentSystemGroup:RecurseUpdate () (at ./Library/PackageCache/com.unity.entities@bab66ffaba49/Unity.Entities/ComponentSystemGroup.cs:410)
Unity.Entities.ComponentSystemGroup:SortSystems () (at ./Library/PackageCache/com.unity.entities@bab66ffaba49/Unity.Entities/ComponentSystemGroup.cs:598)
Unity.Entities.DefaultWorldInitialization:AddSystemToRootLevelSystemGroupsInternal (Unity.Entities.World,Unity.Collections.NativeList`1<Unity.Entities.SystemTypeIndex>) (at ./Library/PackageCache/com.unity.entities@bab66ffaba49/Unity.Entities/DefaultWorldInitialization.cs:305)
Unity.Entities.DefaultWorldInitialization:Initialize (string,bool) (at ./Library/PackageCache/com.unity.entities@bab66ffaba49/Unity.Entities/DefaultWorldInitialization.cs:156)
Unity.Entities.AutomaticWorldBootstrap:Initialize () (at ./Library/PackageCache/com.unity.entities@bab66ffaba49/Unity.Entities.Hybrid/Injection/AutomaticWorldBootstrap.cs:16)

(Filename: ./Library/PackageCache/com.unity.entities@bab66ffaba49/Unity.Entities/Stubs/Unity/Debug.cs Line: 13)

[FirstLaunchStartup] fix=LanguageChoiceAwakeOrder_2026-07-17 disposition=EnterMenu languageView=1 languageVisible=0 narrativeView=1
UnityEngine.Debug:ExtractStackTraceNoAlloc (byte*,int,string)
UnityEngine.StackTraceUtility:ExtractStackTrace () (at /Users/bokken/build/output/unity/unity/Runtime/Export/Scripting/StackTrace.cs:35)
UnityEngine.DebugLogHandler:Internal_Log (UnityEngine.LogType,UnityEngine.LogOption,string,UnityEngine.Object)
UnityEngine.DebugLogHandler:LogFormat (UnityEngine.LogType,UnityEngine.Object,string,object[])
UnityEngine.Logger:Log (UnityEngine.LogType,object)
UnityEngine.Debug:Log (object)
Game.Composition.FirstLaunchNarrativeCompositionSystemHelper:LogStartupDisposition (Game.Composition.FirstLaunchNarrativeStartupDisposition) (at Assets/Game/Scripts/Composition/Narrative/FirstLaunchNarrativeCompositionSystemHelper.cs:319)
Game.Composition.FirstLaunchNarrativeCompositionSystemHelper:Initialize (Game.Configs.NarrativeSequenceConfig,Game.Configs.NarrativeSpeakerCatalog,Game.Configs.NarrativePunctuationConfig,Game.UI.Runtime.NarrativeSequenceView,Game.UI.Contracts.IGameTextResolver,Game.Runtime.SaveService,bool,bool,Game.UI.Runtime.FirstLaunchLanguageChoiceView,Game.Configs.NarrativeLocaleConfig,Game.UI.Runtime.UIShellView) (at Assets/Game/Scripts/Composition/Narrative/FirstLaunchNarrativeCompositionSystemHelper.cs:98)
Game.Composition.FirstLaunchNarrativeCompositionSystemHelper:InitializeShell (Game.Composition.MenuBootstrapView,Game.UI.Contracts.IGameTextResolver,bool,bool) (at Assets/Game/Scripts/Composition/Narrative/FirstLaunchNarrativeCompositionSystemHelper.cs:151)
Game.Composition.MenuBootstrapCompositionSystemHelper:Initialize (Game.Composition.MenuBootstrapView) (at Assets/Game/Scripts/Composition/MenuBootstrapCompositionSystemHelper.cs:115)
Game.Composition.MenuBootstrapView:Awake () (at Assets/Game/Scripts/Composition/MenuBootstrapView.cs:159)

(Filename: Assets/Game/Scripts/Composition/Narrative/FirstLaunchNarrativeCompositionSystemHelper.cs Line: 319)

Loaded scene 'Temp/__Backupscenes/0.backup'
	Deserialize:            7.743 ms
	Integration:            625.480 ms
	Integration of assets:  0.002 ms
	Thread Wait Time:       0.004 ms
	Total Operation Time:   633.229 ms
GPU Resident Drawer created.
Account API did not become accessible within 30 seconds. This may be due to network issues or editor focus.
UnityEngine.Debug:ExtractStackTraceNoAlloc (byte*,int,string)
UnityEngine.StackTraceUtility:ExtractStackTrace () (at /Users/bokken/build/output/unity/unity/Runtime/Export/Scripting/StackTrace.cs:35)
UnityEngine.DebugLogHandler:Internal_Log (UnityEngine.LogType,UnityEngine.LogOption,string,UnityEngine.Object)
UnityEngine.DebugLogHandler:LogFormat (UnityEngine.LogType,UnityEngine.Object,string,object[])
UnityEngine.Logger:Log (UnityEngine.LogType,object)
UnityEngine.Debug:LogWarning (object)
Unity.AI.Toolkit.Accounts.Services.States.ApiAccessibleState/<WaitForCloudProjectSettings>d__4:MoveNext () (at ./Library/PackageCache/com.unity.ai.assistant@6fee27370e6a/Modules/Unity.AI.Toolkit.Accounts/Services/States/ApiAccessibleState.cs:46)
System.Runtime.CompilerServices.AsyncMethodBuilderCore/MoveNextRunner:InvokeMoveNext (object)
System.Threading.ExecutionContext:RunInternal (System.Threading.ExecutionContext,System.Threading.ContextCallback,object,bool)
System.Threading.ExecutionContext:Run (System.Threading.ExecutionContext,System.Threading.ContextCallback,object,bool)
System.Runtime.CompilerServices.AsyncMethodBuilderCore/MoveNextRunner:Run ()
System.Threading.Tasks.AwaitTaskContinuation:InvokeAction (object)
System.Threading.Tasks.AwaitTaskContinuation:RunCallback (System.Threading.ContextCallback,object,System.Threading.Tasks.Task&)
System.Threading.Tasks.SynchronizationContextAwaitTaskContinuation:Run (System.Threading.Tasks.Task,bool)
System.Threading.Tasks.Task:FinishContinuations ()
System.Threading.Tasks.Task:FinishStageThree ()
System.Threading.Tasks.Task`1<bool>:TrySetResult (bool)
System.Threading.Tasks.TaskCompletionSource`1<bool>:TrySetResult (bool)
Unity.AI.Toolkit.EditorTask/<>c__DisplayClass22_0:<WaitForCondition>b__0 () (at ./Library/PackageCache/com.unity.ai.assistant@6fee27370e6a/Modules/Unity.AI.Toolkit.Async/EditorTask.cs:420)
UnityEditor.EditorApplication:Internal_CallUpdateFunctions () (at /Users/bokken/build/output/unity/unity/Editor/Mono/EditorApplication.cs:403)

(Filename: ./Library/PackageCache/com.unity.ai.assistant@6fee27370e6a/Modules/Unity.AI.Toolkit.Accounts/Services/States/ApiAccessibleState.cs Line: 46)

[Licensing::Client] Error: Code 404 while processing request (status: Found 0 entitlement groups and 0 free entitlements matching requested entitlement ids)
[Licensing::Client] Error: Code 404 while processing request (status: Found 0 entitlement groups and 0 free entitlements matching requested entitlement ids)
[Start]
UnityEngine.Debug:ExtractStackTraceNoAlloc (byte*,int,string)
UnityEngine.StackTraceUtility:ExtractStackTrace () (at /Users/bokken/build/output/unity/unity/Runtime/Export/Scripting/StackTrace.cs:35)
UnityEngine.DebugLogHandler:Internal_Log (UnityEngine.LogType,UnityEngine.LogOption,string,UnityEngine.Object)
UnityEngine.DebugLogHandler:LogFormat (UnityEngine.LogType,UnityEngine.Object,string,object[])
UnityEngine.Logger:Log (UnityEngine.LogType,object)
UnityEngine.Debug:Log (object)
Unity.AI.Tracing.ConsoleSink:LogToConsole (string,string,System.Exception) (at ./Library/PackageCache/com.unity.ai.assistant@6fee27370e6a/Modules/Unity.AI.Tracing/TraceSinks.cs:313)
Unity.AI.Tracing.ConsoleSink:Write (Unity.AI.Tracing.TraceEvent) (at ./Library/PackageCache/com.unity.ai.assistant@6fee27370e6a/Modules/Unity.AI.Tracing/TraceSinks.cs:277)
Unity.AI.Tracing.TraceWriter:WriteEventInternal (string,string,Unity.AI.Tracing.TraceEventOptions,string,System.Nullable`1<int>) (at ./Library/PackageCache/com.unity.ai.assistant@6fee27370e6a/Modules/Unity.AI.Tracing/TraceWriter.cs:373)
Unity.AI.Tracing.TraceWriter:Event (string,Unity.AI.Tracing.TraceEventOptions) (at ./Library/PackageCache/com.unity.ai.assistant@6fee27370e6a/Modules/Unity.AI.Tracing/TraceWriter.cs:297)
Unity.AI.Tracing.TraceLogger:Emit (string,string,string,string,Unity.AI.Tracing.TraceEventOptions,object,System.Exception) (at ./Library/PackageCache/com.unity.ai.assistant@6fee27370e6a/Modules/Unity.AI.Tracing/TraceLogger.cs:105)
Unity.AI.Tracing.TraceLogger:Info (string,string,string,Unity.AI.Tracing.TraceEventOptions) (at ./Library/PackageCache/com.unity.ai.assistant@6fee27370e6a/Modules/Unity.AI.Tracing/TraceLogger.cs:35)
Unity.AI.MCP.Editor.Helpers.McpLog:Log (string,Unity.AI.Tracing.TraceEventOptions) (at ./Library/PackageCache/com.unity.ai.assistant@6fee27370e6a/Modules/Unity.AI.MCP.Editor/Helpers/McpLog.cs:15)
Unity.AI.MCP.Editor.Bridge:LogBreadcrumb (string) (at ./Library/PackageCache/com.unity.ai.assistant@6fee27370e6a/Modules/Unity.AI.MCP.Editor/Bridge.cs:2055)
Unity.AI.MCP.Editor.Bridge:Start () (at ./Library/PackageCache/com.unity.ai.assistant@6fee27370e6a/Modules/Unity.AI.MCP.Editor/Bridge.cs:279)
Unity.AI.MCP.Editor.Bridge:EnsureStartedOnEditorIdle () (at ./Library/PackageCache/com.unity.ai.assistant@6fee27370e6a/Modules/Unity.AI.MCP.Editor/Bridge.cs:454)
UnityEditor.EditorApplication:Internal_CallUpdateFunctions () (at /Users/bokken/build/output/unity/unity/Editor/Mono/EditorApplication.cs:403)

(Filename: ./Library/PackageCache/com.unity.ai.assistant@6fee27370e6a/Modules/Unity.AI.Tracing/TraceSinks.cs Line: 313)

Set umask to 077 for secure socket creation
UnityEngine.Debug:ExtractStackTraceNoAlloc (byte*,int,string)
UnityEngine.StackTraceUtility:ExtractStackTrace () (at /Users/bokken/build/output/unity/unity/Runtime/Export/Scripting/StackTrace.cs:35)
UnityEngine.DebugLogHandler:Internal_Log (UnityEngine.LogType,UnityEngine.LogOption,string,UnityEngine.Object)
UnityEngine.DebugLogHandler:LogFormat (UnityEngine.LogType,UnityEngine.Object,string,object[])
UnityEngine.Logger:Log (UnityEngine.LogType,object)
UnityEngine.Debug:Log (object)
Unity.AI.Tracing.ConsoleSink:LogToConsole (string,string,System.Exception) (at ./Library/PackageCache/com.unity.ai.assistant@6fee27370e6a/Modules/Unity.AI.Tracing/TraceSinks.cs:313)
Unity.AI.Tracing.ConsoleSink:Write (Unity.AI.Tracing.TraceEvent) (at ./Library/PackageCache/com.unity.ai.assistant@6fee27370e6a/Modules/Unity.AI.Tracing/TraceSinks.cs:277)
Unity.AI.Tracing.TraceWriter:WriteEventInternal (string,string,Unity.AI.Tracing.TraceEventOptions,string,System.Nullable`1<int>) (at ./Library/PackageCache/com.unity.ai.assistant@6fee27370e6a/Modules/Unity.AI.Tracing/TraceWriter.cs:373)
Unity.AI.Tracing.TraceWriter:Event (string,Unity.AI.Tracing.TraceEventOptions) (at ./Library/PackageCache/com.unity.ai.assistant@6fee27370e6a/Modules/Unity.AI.Tracing/TraceWriter.cs:297)
Unity.AI.Tracing.TraceLogger:Emit (string,string,string,string,Unity.AI.Tracing.TraceEventOptions,object,System.Exception) (at ./Library/PackageCache/com.unity.ai.assistant@6fee27370e6a/Modules/Unity.AI.Tracing/TraceLogger.cs:105)
Unity.AI.Tracing.TraceLogger:Info (string,string,string,Unity.AI.Tracing.TraceEventOptions) (at ./Library/PackageCache/com.unity.ai.assistant@6fee27370e6a/Modules/Unity.AI.Tracing/TraceLogger.cs:35)
Unity.AI.MCP.Editor.Helpers.McpLog:Log (string,Unity.AI.Tracing.TraceEventOptions) (at ./Library/PackageCache/com.unity.ai.assistant@6fee27370e6a/Modules/Unity.AI.MCP.Editor/Helpers/McpLog.cs:15)
Unity.AI.MCP.Editor.Connection.UnixSocketListener:Start (string) (at ./Library/PackageCache/com.unity.ai.assistant@6fee27370e6a/Modules/Unity.AI.MCP.Editor/Connection/UnixSocketListener.cs:154)
Unity.AI.MCP.Editor.Bridge:Start () (at ./Library/PackageCache/com.unity.ai.assistant@6fee27370e6a/Modules/Unity.AI.MCP.Editor/Bridge.cs:282)
Unity.AI.MCP.Editor.Bridge:EnsureStartedOnEditorIdle () (at ./Library/PackageCache/com.unity.ai.assistant@6fee27370e6a/Modules/Unity.AI.MCP.Editor/Bridge.cs:454)
UnityEditor.EditorApplication:Internal_CallUpdateFunctions () (at /Users/bokken/build/output/unity/unity/Editor/Mono/EditorApplication.cs:403)

(Filename: ./Library/PackageCache/com.unity.ai.assistant@6fee27370e6a/Modules/Unity.AI.Tracing/TraceSinks.cs Line: 313)

Created Unix socket with fd=37
UnityEngine.Debug:ExtractStackTraceNoAlloc (byte*,int,string)
UnityEngine.StackTraceUtility:ExtractStackTrace () (at /Users/bokken/build/output/unity/unity/Runtime/Export/Scripting/StackTrace.cs:35)
UnityEngine.DebugLogHandler:Internal_Log (UnityEngine.LogType,UnityEngine.LogOption,string,UnityEngine.Object)
UnityEngine.DebugLogHandler:LogFormat (UnityEngine.LogType,UnityEngine.Object,string,object[])
UnityEngine.Logger:Log (UnityEngine.LogType,object)
UnityEngine.Debug:Log (object)
Unity.AI.Tracing.ConsoleSink:LogToConsole (string,string,System.Exception) (at ./Library/PackageCache/com.unity.ai.assistant@6fee27370e6a/Modules/Unity.AI.Tracing/TraceSinks.cs:313)
Unity.AI.Tracing.ConsoleSink:Write (Unity.AI.Tracing.TraceEvent) (at ./Library/PackageCache/com.unity.ai.assistant@6fee27370e6a/Modules/Unity.AI.Tracing/TraceSinks.cs:277)
Unity.AI.Tracing.TraceWriter:WriteEventInternal (string,string,Unity.AI.Tracing.TraceEventOptions,string,System.Nullable`1<int>) (at ./Library/PackageCache/com.unity.ai.assistant@6fee27370e6a/Modules/Unity.AI.Tracing/TraceWriter.cs:373)
Unity.AI.Tracing.TraceWriter:Event (string,Unity.AI.Tracing.TraceEventOptions) (at ./Library/PackageCache/com.unity.ai.assistant@6fee27370e6a/Modules/Unity.AI.Tracing/TraceWriter.cs:297)
Unity.AI.Tracing.TraceLogger:Emit (string,string,string,string,Unity.AI.Tracing.TraceEventOptions,object,System.Exception) (at ./Library/PackageCache/com.unity.ai.assistant@6fee27370e6a/Modules/Unity.AI.Tracing/TraceLogger.cs:105)
Unity.AI.Tracing.TraceLogger:Info (string,string,string,Unity.AI.Tracing.TraceEventOptions) (at ./Library/PackageCache/com.unity.ai.assistant@6fee27370e6a/Modules/Unity.AI.Tracing/TraceLogger.cs:35)
Unity.AI.MCP.Editor.Helpers.McpLog:Log (string,Unity.AI.Tracing.TraceEventOptions) (at ./Library/PackageCache/com.unity.ai.assistant@6fee27370e6a/Modules/Unity.AI.MCP.Editor/Helpers/McpLog.cs:15)
Unity.AI.MCP.Editor.Connection.UnixSocketListener:Start (string) (at ./Library/PackageCache/com.unity.ai.assistant@6fee27370e6a/Modules/Unity.AI.MCP.Editor/Connection/UnixSocketListener.cs:170)
Unity.AI.MCP.Editor.Bridge:Start () (at ./Library/PackageCache/com.unity.ai.assistant@6fee27370e6a/Modules/Unity.AI.MCP.Editor/Bridge.cs:282)
Unity.AI.MCP.Editor.Bridge:EnsureStartedOnEditorIdle () (at ./Library/PackageCache/com.unity.ai.assistant@6fee27370e6a/Modules/Unity.AI.MCP.Editor/Bridge.cs:454)
UnityEditor.EditorApplication:Internal_CallUpdateFunctions () (at /Users/bokken/build/output/unity/unity/Editor/Mono/EditorApplication.cs:403)

(Filename: ./Library/PackageCache/com.unity.ai.assistant@6fee27370e6a/Modules/Unity.AI.Tracing/TraceSinks.cs Line: 313)

Bound Unix socket to /tmp/unity-mcp-cf777efb-15131
UnityEngine.Debug:ExtractStackTraceNoAlloc (byte*,int,string)
UnityEngine.StackTraceUtility:ExtractStackTrace () (at /Users/bokken/build/output/unity/unity/Runtime/Export/Scripting/StackTrace.cs:35)
UnityEngine.DebugLogHandler:Internal_Log (UnityEngine.LogType,UnityEngine.LogOption,string,UnityEngine.Object)
UnityEngine.DebugLogHandler:LogFormat (UnityEngine.LogType,UnityEngine.Object,string,object[])
UnityEngine.Logger:Log (UnityEngine.LogType,object)
UnityEngine.Debug:Log (object)
Unity.AI.Tracing.ConsoleSink:LogToConsole (string,string,System.Exception) (at ./Library/PackageCache/com.unity.ai.assistant@6fee27370e6a/Modules/Unity.AI.Tracing/TraceSinks.cs:313)
Unity.AI.Tracing.ConsoleSink:Write (Unity.AI.Tracing.TraceEvent) (at ./Library/PackageCache/com.unity.ai.assistant@6fee27370e6a/Modules/Unity.AI.Tracing/TraceSinks.cs:277)
Unity.AI.Tracing.TraceWriter:WriteEventInternal (string,string,Unity.AI.Tracing.TraceEventOptions,string,System.Nullable`1<int>) (at ./Library/PackageCache/com.unity.ai.assistant@6fee27370e6a/Modules/Unity.AI.Tracing/TraceWriter.cs:373)
Unity.AI.Tracing.TraceWriter:Event (string,Unity.AI.Tracing.TraceEventOptions) (at ./Library/PackageCache/com.unity.ai.assistant@6fee27370e6a/Modules/Unity.AI.Tracing/TraceWriter.cs:297)
Unity.AI.Tracing.TraceLogger:Emit (string,string,string,string,Unity.AI.Tracing.TraceEventOptions,object,System.Exception) (at ./Library/PackageCache/com.unity.ai.assistant@6fee27370e6a/Modules/Unity.AI.Tracing/TraceLogger.cs:105)
Unity.AI.Tracing.TraceLogger:Info (string,string,string,Unity.AI.Tracing.TraceEventOptions) (at ./Library/PackageCache/com.unity.ai.assistant@6fee27370e6a/Modules/Unity.AI.Tracing/TraceLogger.cs:35)
Unity.AI.MCP.Editor.Helpers.McpLog:Log (string,Unity.AI.Tracing.TraceEventOptions) (at ./Library/PackageCache/com.unity.ai.assistant@6fee27370e6a/Modules/Unity.AI.MCP.Editor/Helpers/McpLog.cs:15)
Unity.AI.MCP.Editor.Connection.UnixSocketListener:Start (string) (at ./Library/PackageCache/com.unity.ai.assistant@6fee27370e6a/Modules/Unity.AI.MCP.Editor/Connection/UnixSocketListener.cs:188)
Unity.AI.MCP.Editor.Bridge:Start () (at ./Library/PackageCache/com.unity.ai.assistant@6fee27370e6a/Modules/Unity.AI.MCP.Editor/Bridge.cs:282)
Unity.AI.MCP.Editor.Bridge:EnsureStartedOnEditorIdle () (at ./Library/PackageCache/com.unity.ai.assistant@6fee27370e6a/Modules/Unity.AI.MCP.Editor/Bridge.cs:454)
UnityEditor.EditorApplication:Internal_CallUpdateFunctions () (at /Users/bokken/build/output/unity/unity/Editor/Mono/EditorApplication.cs:403)

(Filename: ./Library/PackageCache/com.unity.ai.assistant@6fee27370e6a/Modules/Unity.AI.Tracing/TraceSinks.cs Line: 313)

Set socket permissions to 0600: /tmp/unity-mcp-cf777efb-15131
UnityEngine.Debug:ExtractStackTraceNoAlloc (byte*,int,string)
UnityEngine.StackTraceUtility:ExtractStackTrace () (at /Users/bokken/build/output/unity/unity/Runtime/Export/Scripting/StackTrace.cs:35)
UnityEngine.DebugLogHandler:Internal_Log (UnityEngine.LogType,UnityEngine.LogOption,string,UnityEngine.Object)
UnityEngine.DebugLogHandler:LogFormat (UnityEngine.LogType,UnityEngine.Object,string,object[])
UnityEngine.Logger:Log (UnityEngine.LogType,object)
UnityEngine.Debug:Log (object)
Unity.AI.Tracing.ConsoleSink:LogToConsole (string,string,System.Exception) (at ./Library/PackageCache/com.unity.ai.assistant@6fee27370e6a/Modules/Unity.AI.Tracing/TraceSinks.cs:313)
Unity.AI.Tracing.ConsoleSink:Write (Unity.AI.Tracing.TraceEvent) (at ./Library/PackageCache/com.unity.ai.assistant@6fee27370e6a/Modules/Unity.AI.Tracing/TraceSinks.cs:277)
Unity.AI.Tracing.TraceWriter:WriteEventInternal (string,string,Unity.AI.Tracing.TraceEventOptions,string,System.Nullable`1<int>) (at ./Library/PackageCache/com.unity.ai.assistant@6fee27370e6a/Modules/Unity.AI.Tracing/TraceWriter.cs:373)
Unity.AI.Tracing.TraceWriter:Event (string,Unity.AI.Tracing.TraceEventOptions) (at ./Library/PackageCache/com.unity.ai.assistant@6fee27370e6a/Modules/Unity.AI.Tracing/TraceWriter.cs:297)
Unity.AI.Tracing.TraceLogger:Emit (string,string,string,string,Unity.AI.Tracing.TraceEventOptions,object,System.Exception) (at ./Library/PackageCache/com.unity.ai.assistant@6fee27370e6a/Modules/Unity.AI.Tracing/TraceLogger.cs:105)
Unity.AI.Tracing.TraceLogger:Info (string,string,string,Unity.AI.Tracing.TraceEventOptions) (at ./Library/PackageCache/com.unity.ai.assistant@6fee27370e6a/Modules/Unity.AI.Tracing/TraceLogger.cs:35)
Unity.AI.MCP.Editor.Helpers.McpLog:Log (string,Unity.AI.Tracing.TraceEventOptions) (at ./Library/PackageCache/com.unity.ai.assistant@6fee27370e6a/Modules/Unity.AI.MCP.Editor/Helpers/McpLog.cs:15)
Unity.AI.MCP.Editor.Connection.UnixSocketListener:Start (string) (at ./Library/PackageCache/com.unity.ai.assistant@6fee27370e6a/Modules/Unity.AI.MCP.Editor/Connection/UnixSocketListener.cs:193)
Unity.AI.MCP.Editor.Bridge:Start () (at ./Library/PackageCache/com.unity.ai.assistant@6fee27370e6a/Modules/Unity.AI.MCP.Editor/Bridge.cs:282)
Unity.AI.MCP.Editor.Bridge:EnsureStartedOnEditorIdle () (at ./Library/PackageCache/com.unity.ai.assistant@6fee27370e6a/Modules/Unity.AI.MCP.Editor/Bridge.cs:454)
UnityEditor.EditorApplication:Internal_CallUpdateFunctions () (at /Users/bokken/build/output/unity/unity/Editor/Mono/EditorApplication.cs:403)

(Filename: ./Library/PackageCache/com.unity.ai.assistant@6fee27370e6a/Modules/Unity.AI.Tracing/TraceSinks.cs Line: 313)

Listening on Unix socket: /tmp/unity-mcp-cf777efb-15131
UnityEngine.Debug:ExtractStackTraceNoAlloc (byte*,int,string)
UnityEngine.StackTraceUtility:ExtractStackTrace () (at /Users/bokken/build/output/unity/unity/Runtime/Export/Scripting/StackTrace.cs:35)
UnityEngine.DebugLogHandler:Internal_Log (UnityEngine.LogType,UnityEngine.LogOption,string,UnityEngine.Object)
UnityEngine.DebugLogHandler:LogFormat (UnityEngine.LogType,UnityEngine.Object,string,object[])
UnityEngine.Logger:Log (UnityEngine.LogType,object)
UnityEngine.Debug:Log (object)
Unity.AI.Tracing.ConsoleSink:LogToConsole (string,string,System.Exception) (at ./Library/PackageCache/com.unity.ai.assistant@6fee27370e6a/Modules/Unity.AI.Tracing/TraceSinks.cs:313)
Unity.AI.Tracing.ConsoleSink:Write (Unity.AI.Tracing.TraceEvent) (at ./Library/PackageCache/com.unity.ai.assistant@6fee27370e6a/Modules/Unity.AI.Tracing/TraceSinks.cs:277)
Unity.AI.Tracing.TraceWriter:WriteEventInternal (string,string,Unity.AI.Tracing.TraceEventOptions,string,System.Nullable`1<int>) (at ./Library/PackageCache/com.unity.ai.assistant@6fee27370e6a/Modules/Unity.AI.Tracing/TraceWriter.cs:373)
Unity.AI.Tracing.TraceWriter:Event (string,Unity.AI.Tracing.TraceEventOptions) (at ./Library/PackageCache/com.unity.ai.assistant@6fee27370e6a/Modules/Unity.AI.Tracing/TraceWriter.cs:297)
Unity.AI.Tracing.TraceLogger:Emit (string,string,string,string,Unity.AI.Tracing.TraceEventOptions,object,System.Exception) (at ./Library/PackageCache/com.unity.ai.assistant@6fee27370e6a/Modules/Unity.AI.Tracing/TraceLogger.cs:105)
Unity.AI.Tracing.TraceLogger:Info (string,string,string,Unity.AI.Tracing.TraceEventOptions) (at ./Library/PackageCache/com.unity.ai.assistant@6fee27370e6a/Modules/Unity.AI.Tracing/TraceLogger.cs:35)
Unity.AI.MCP.Editor.Helpers.McpLog:Log (string,Unity.AI.Tracing.TraceEventOptions) (at ./Library/PackageCache/com.unity.ai.assistant@6fee27370e6a/Modules/Unity.AI.MCP.Editor/Helpers/McpLog.cs:15)
Unity.AI.MCP.Editor.Connection.UnixSocketListener:Start (string) (at ./Library/PackageCache/com.unity.ai.assistant@6fee27370e6a/Modules/Unity.AI.MCP.Editor/Connection/UnixSocketListener.cs:210)
Unity.AI.MCP.Editor.Bridge:Start () (at ./Library/PackageCache/com.unity.ai.assistant@6fee27370e6a/Modules/Unity.AI.MCP.Editor/Bridge.cs:282)
Unity.AI.MCP.Editor.Bridge:EnsureStartedOnEditorIdle () (at ./Library/PackageCache/com.unity.ai.assistant@6fee27370e6a/Modules/Unity.AI.MCP.Editor/Bridge.cs:454)
UnityEditor.EditorApplication:Internal_CallUpdateFunctions () (at /Users/bokken/build/output/unity/unity/Editor/Mono/EditorApplication.cs:403)

(Filename: ./Library/PackageCache/com.unity.ai.assistant@6fee27370e6a/Modules/Unity.AI.Tracing/TraceSinks.cs Line: 313)

Restored umask to 012
UnityEngine.Debug:ExtractStackTraceNoAlloc (byte*,int,string)
UnityEngine.StackTraceUtility:ExtractStackTrace () (at /Users/bokken/build/output/unity/unity/Runtime/Export/Scripting/StackTrace.cs:35)
UnityEngine.DebugLogHandler:Internal_Log (UnityEngine.LogType,UnityEngine.LogOption,string,UnityEngine.Object)
UnityEngine.DebugLogHandler:LogFormat (UnityEngine.LogType,UnityEngine.Object,string,object[])
UnityEngine.Logger:Log (UnityEngine.LogType,object)
UnityEngine.Debug:Log (object)
Unity.AI.Tracing.ConsoleSink:LogToConsole (string,string,System.Exception) (at ./Library/PackageCache/com.unity.ai.assistant@6fee27370e6a/Modules/Unity.AI.Tracing/TraceSinks.cs:313)
Unity.AI.Tracing.ConsoleSink:Write (Unity.AI.Tracing.TraceEvent) (at ./Library/PackageCache/com.unity.ai.assistant@6fee27370e6a/Modules/Unity.AI.Tracing/TraceSinks.cs:277)
Unity.AI.Tracing.TraceWriter:WriteEventInternal (string,string,Unity.AI.Tracing.TraceEventOptions,string,System.Nullable`1<int>) (at ./Library/PackageCache/com.unity.ai.assistant@6fee27370e6a/Modules/Unity.AI.Tracing/TraceWriter.cs:373)
Unity.AI.Tracing.TraceWriter:Event (string,Unity.AI.Tracing.TraceEventOptions) (at ./Library/PackageCache/com.unity.ai.assistant@6fee27370e6a/Modules/Unity.AI.Tracing/TraceWriter.cs:297)
Unity.AI.Tracing.TraceLogger:Emit (string,string,string,string,Unity.AI.Tracing.TraceEventOptions,object,System.Exception) (at ./Library/PackageCache/com.unity.ai.assistant@6fee27370e6a/Modules/Unity.AI.Tracing/TraceLogger.cs:105)
Unity.AI.Tracing.TraceLogger:Info (string,string,string,Unity.AI.Tracing.TraceEventOptions) (at ./Library/PackageCache/com.unity.ai.assistant@6fee27370e6a/Modules/Unity.AI.Tracing/TraceLogger.cs:35)
Unity.AI.MCP.Editor.Helpers.McpLog:Log (string,Unity.AI.Tracing.TraceEventOptions) (at ./Library/PackageCache/com.unity.ai.assistant@6fee27370e6a/Modules/Unity.AI.MCP.Editor/Helpers/McpLog.cs:15)
Unity.AI.MCP.Editor.Connection.UnixSocketListener:Start (string) (at ./Library/PackageCache/com.unity.ai.assistant@6fee27370e6a/Modules/Unity.AI.MCP.Editor/Connection/UnixSocketListener.cs:224)
Unity.AI.MCP.Editor.Bridge:Start () (at ./Library/PackageCache/com.unity.ai.assistant@6fee27370e6a/Modules/Unity.AI.MCP.Editor/Bridge.cs:282)
Unity.AI.MCP.Editor.Bridge:EnsureStartedOnEditorIdle () (at ./Library/PackageCache/com.unity.ai.assistant@6fee27370e6a/Modules/Unity.AI.MCP.Editor/Bridge.cs:454)
UnityEditor.EditorApplication:Internal_CallUpdateFunctions () (at /Users/bokken/build/output/unity/unity/Editor/Mono/EditorApplication.cs:403)

(Filename: ./Library/PackageCache/com.unity.ai.assistant@6fee27370e6a/Modules/Unity.AI.Tracing/TraceSinks.cs Line: 313)

MCP Bridge V2 started using Unix Socket at /tmp/unity-mcp-cf777efb-15131 (OS=OSXEditor)
UnityEngine.Debug:ExtractStackTraceNoAlloc (byte*,int,string)
UnityEngine.StackTraceUtility:ExtractStackTrace () (at /Users/bokken/build/output/unity/unity/Runtime/Export/Scripting/StackTrace.cs:35)
UnityEngine.DebugLogHandler:Internal_Log (UnityEngine.LogType,UnityEngine.LogOption,string,UnityEngine.Object)
UnityEngine.DebugLogHandler:LogFormat (UnityEngine.LogType,UnityEngine.Object,string,object[])
UnityEngine.Logger:Log (UnityEngine.LogType,object)
UnityEngine.Debug:Log (object)
Unity.AI.Tracing.ConsoleSink:LogToConsole (string,string,System.Exception) (at ./Library/PackageCache/com.unity.ai.assistant@6fee27370e6a/Modules/Unity.AI.Tracing/TraceSinks.cs:313)
Unity.AI.Tracing.ConsoleSink:Write (Unity.AI.Tracing.TraceEvent) (at ./Library/PackageCache/com.unity.ai.assistant@6fee27370e6a/Modules/Unity.AI.Tracing/TraceSinks.cs:277)
Unity.AI.Tracing.TraceWriter:WriteEventInternal (string,string,Unity.AI.Tracing.TraceEventOptions,string,System.Nullable`1<int>) (at ./Library/PackageCache/com.unity.ai.assistant@6fee27370e6a/Modules/Unity.AI.Tracing/TraceWriter.cs:373)
Unity.AI.Tracing.TraceWriter:Event (string,Unity.AI.Tracing.TraceEventOptions) (at ./Library/PackageCache/com.unity.ai.assistant@6fee27370e6a/Modules/Unity.AI.Tracing/TraceWriter.cs:297)
Unity.AI.Tracing.TraceLogger:Emit (string,string,string,string,Unity.AI.Tracing.TraceEventOptions,object,System.Exception) (at ./Library/PackageCache/com.unity.ai.assistant@6fee27370e6a/Modules/Unity.AI.Tracing/TraceLogger.cs:105)
Unity.AI.Tracing.TraceLogger:Info (string,string,string,Unity.AI.Tracing.TraceEventOptions) (at ./Library/PackageCache/com.unity.ai.assistant@6fee27370e6a/Modules/Unity.AI.Tracing/TraceLogger.cs:35)
Unity.AI.MCP.Editor.Helpers.McpLog:Log (string,Unity.AI.Tracing.TraceEventOptions) (at ./Library/PackageCache/com.unity.ai.assistant@6fee27370e6a/Modules/Unity.AI.MCP.Editor/Helpers/McpLog.cs:15)
Unity.AI.MCP.Editor.Bridge:Start () (at ./Library/PackageCache/com.unity.ai.assistant@6fee27370e6a/Modules/Unity.AI.MCP.Editor/Bridge.cs:288)
Unity.AI.MCP.Editor.Bridge:EnsureStartedOnEditorIdle () (at ./Library/PackageCache/com.unity.ai.assistant@6fee27370e6a/Modules/Unity.AI.MCP.Editor/Bridge.cs:454)
UnityEditor.EditorApplication:Internal_CallUpdateFunctions () (at /Users/bokken/build/output/unity/unity/Editor/Mono/EditorApplication.cs:403)

(Filename: ./Library/PackageCache/com.unity.ai.assistant@6fee27370e6a/Modules/Unity.AI.Tracing/TraceSinks.cs Line: 313)

Saved connection info to /Users/farhad/.unity/mcp/connections/bridge-cf777efb-15131.json
UnityEngine.Debug:ExtractStackTraceNoAlloc (byte*,int,string)
UnityEngine.StackTraceUtility:ExtractStackTrace () (at /Users/bokken/build/output/unity/unity/Runtime/Export/Scripting/StackTrace.cs:35)
UnityEngine.DebugLogHandler:Internal_Log (UnityEngine.LogType,UnityEngine.LogOption,string,UnityEngine.Object)
UnityEngine.DebugLogHandler:LogFormat (UnityEngine.LogType,UnityEngine.Object,string,object[])
UnityEngine.Logger:Log (UnityEngine.LogType,object)
UnityEngine.Debug:Log (object)
Unity.AI.Tracing.ConsoleSink:LogToConsole (string,string,System.Exception) (at ./Library/PackageCache/com.unity.ai.assistant@6fee27370e6a/Modules/Unity.AI.Tracing/TraceSinks.cs:313)
Unity.AI.Tracing.ConsoleSink:Write (Unity.AI.Tracing.TraceEvent) (at ./Library/PackageCache/com.unity.ai.assistant@6fee27370e6a/Modules/Unity.AI.Tracing/TraceSinks.cs:277)
Unity.AI.Tracing.TraceWriter:WriteEventInternal (string,string,Unity.AI.Tracing.TraceEventOptions,string,System.Nullable`1<int>) (at ./Library/PackageCache/com.unity.ai.assistant@6fee27370e6a/Modules/Unity.AI.Tracing/TraceWriter.cs:373)
Unity.AI.Tracing.TraceWriter:Event (string,Unity.AI.Tracing.TraceEventOptions) (at ./Library/PackageCache/com.unity.ai.assistant@6fee27370e6a/Modules/Unity.AI.Tracing/TraceWriter.cs:297)
Unity.AI.Tracing.TraceLogger:Emit (string,string,string,string,Unity.AI.Tracing.TraceEventOptions,object,System.Exception) (at ./Library/PackageCache/com.unity.ai.assistant@6fee27370e6a/Modules/Unity.AI.Tracing/TraceLogger.cs:105)
Unity.AI.Tracing.TraceLogger:Info (string,string,string,Unity.AI.Tracing.TraceEventOptions) (at ./Library/PackageCache/com.unity.ai.assistant@6fee27370e6a/Modules/Unity.AI.Tracing/TraceLogger.cs:35)
Unity.AI.MCP.Editor.Helpers.McpLog:Log (string,Unity.AI.Tracing.TraceEventOptions) (at ./Library/PackageCache/com.unity.ai.assistant@6fee27370e6a/Modules/Unity.AI.MCP.Editor/Helpers/McpLog.cs:15)
Unity.AI.MCP.Editor.Helpers.ServerDiscovery:SaveConnectionInfo (string) (at ./Library/PackageCache/com.unity.ai.assistant@6fee27370e6a/Modules/Unity.AI.MCP.Editor/Connection/ServerDiscovery.cs:132)
Unity.AI.MCP.Editor.Bridge:Start () (at ./Library/PackageCache/com.unity.ai.assistant@6fee27370e6a/Modules/Unity.AI.MCP.Editor/Bridge.cs:297)
Unity.AI.MCP.Editor.Bridge:EnsureStartedOnEditorIdle () (at ./Library/PackageCache/com.unity.ai.assistant@6fee27370e6a/Modules/Unity.AI.MCP.Editor/Bridge.cs:454)
UnityEditor.EditorApplication:Internal_CallUpdateFunctions () (at /Users/bokken/build/output/unity/unity/Editor/Mono/EditorApplication.cs:403)

(Filename: ./Library/PackageCache/com.unity.ai.assistant@6fee27370e6a/Modules/Unity.AI.Tracing/TraceSinks.cs Line: 313)

Start Indexing on Editor startup
[Indexing] Starting Initial Indexing for Assets
[UiShellPresentation] stage=CommandStarted sequence=1 kind=EnterMenu region=None route=MainMenu
UnityEngine.Debug:ExtractStackTraceNoAlloc (byte*,int,string)
UnityEngine.StackTraceUtility:ExtractStackTrace () (at /Users/bokken/build/output/unity/unity/Runtime/Export/Scripting/StackTrace.cs:35)
UnityEngine.DebugLogHandler:Internal_Log (UnityEngine.LogType,UnityEngine.LogOption,string,UnityEngine.Object)
UnityEngine.DebugLogHandler:LogFormat (UnityEngine.LogType,UnityEngine.Object,string,object[])
UnityEngine.Logger:Log (UnityEngine.LogType,object,UnityEngine.Object)
UnityEngine.Debug:Log (object,UnityEngine.Object)
Game.Composition.UiDiagnosticsComposition:Report (Game.UI.Contracts.UiDiagnosticSeverity,string,UnityEngine.Object) (at Assets/Game/Scripts/Composition/UiDiagnosticsComposition.cs:17)
Game.UI.Contracts.UiDiagnostics:Info (string,UnityEngine.Object) (at Assets/Game/Scripts/UI/Contracts/UiDiagnostics.cs:14)
Game.UI.Runtime.UIShellEcsPresentationSystem:LogTransition (string,Game.UI.Contracts.UiShellPresentationCommandModel) (at Assets/Game/Scripts/UI/Shell/UIShellEcsPresentationSystem.cs:138)
Game.UI.Runtime.UIShellEcsPresentationSystem:Update () (at Assets/Game/Scripts/UI/Shell/UIShellEcsPresentationSystem.cs:87)

(Filename: Assets/Game/Scripts/Composition/UiDiagnosticsComposition.cs Line: 17)

Created GICache directory at /Users/farhad/Library/Caches/com.unity3d.UnityEditor/GiCache. Took: 0.001s, timestamps: [40.930 - 40.932]
Accepted Unix socket connection: fd=105
UnityEngine.Debug:ExtractStackTraceNoAlloc (byte*,int,string)
UnityEngine.StackTraceUtility:ExtractStackTrace () (at /Users/bokken/build/output/unity/unity/Runtime/Export/Scripting/StackTrace.cs:35)
UnityEngine.DebugLogHandler:Internal_Log (UnityEngine.LogType,UnityEngine.LogOption,string,UnityEngine.Object)
UnityEngine.DebugLogHandler:LogFormat (UnityEngine.LogType,UnityEngine.Object,string,object[])
UnityEngine.Logger:Log (UnityEngine.LogType,object)
UnityEngine.Debug:Log (object)
Unity.AI.Tracing.ConsoleSink:LogToConsole (string,string,System.Exception) (at ./Library/PackageCache/com.unity.ai.assistant@6fee27370e6a/Modules/Unity.AI.Tracing/TraceSinks.cs:313)
Unity.AI.Tracing.ConsoleSink/<>c__DisplayClass9_0:<Write>b__0 () (at ./Library/PackageCache/com.unity.ai.assistant@6fee27370e6a/Modules/Unity.AI.Tracing/TraceSinks.cs:286)
UnityEditor.Search.Dispatcher/Task:Invoke () (at /Users/bokken/build/output/unity/unity/Modules/QuickSearch/Editor/UI/Dispatcher.cs:29)
UnityEditor.Search.Dispatcher:Process (UnityEditor.Search.Dispatcher/Task&) (at /Users/bokken/build/output/unity/unity/Modules/QuickSearch/Editor/UI/Dispatcher.cs:78)
UnityEditor.Search.Dispatcher:Update () (at /Users/bokken/build/output/unity/unity/Modules/QuickSearch/Editor/UI/Dispatcher.cs:101)
UnityEditor.EditorApplication:Internal_InvokeTickEvents () (at /Users/bokken/build/output/unity/unity/Editor/Mono/EditorApplication.cs:409)

(Filename: ./Library/PackageCache/com.unity.ai.assistant@6fee27370e6a/Modules/Unity.AI.Tracing/TraceSinks.cs Line: 313)

[Licensing::Client] Successfully resolved entitlement details
MCP client info: codex-mcp-client v0.155.0-alpha.16.4
UnityEngine.Debug:ExtractStackTraceNoAlloc (byte*,int,string)
UnityEngine.StackTraceUtility:ExtractStackTrace () (at /Users/bokken/build/output/unity/unity/Runtime/Export/Scripting/StackTrace.cs:35)
UnityEngine.DebugLogHandler:Internal_Log (UnityEngine.LogType,UnityEngine.LogOption,string,UnityEngine.Object)
UnityEngine.DebugLogHandler:LogFormat (UnityEngine.LogType,UnityEngine.Object,string,object[])
UnityEngine.Logger:Log (UnityEngine.LogType,object)
UnityEngine.Debug:Log (object)
Unity.AI.Tracing.ConsoleSink:LogToConsole (string,string,System.Exception) (at ./Library/PackageCache/com.unity.ai.assistant@6fee27370e6a/Modules/Unity.AI.Tracing/TraceSinks.cs:313)
Unity.AI.Tracing.ConsoleSink:Write (Unity.AI.Tracing.TraceEvent) (at ./Library/PackageCache/com.unity.ai.assistant@6fee27370e6a/Modules/Unity.AI.Tracing/TraceSinks.cs:277)
Unity.AI.Tracing.TraceWriter:WriteEventInternal (string,string,Unity.AI.Tracing.TraceEventOptions,string,System.Nullable`1<int>) (at ./Library/PackageCache/com.unity.ai.assistant@6fee27370e6a/Modules/Unity.AI.Tracing/TraceWriter.cs:373)
Unity.AI.Tracing.TraceWriter:Event (string,Unity.AI.Tracing.TraceEventOptions) (at ./Library/PackageCache/com.unity.ai.assistant@6fee27370e6a/Modules/Unity.AI.Tracing/TraceWriter.cs:297)
Unity.AI.Tracing.TraceLogger:Emit (string,string,string,string,Unity.AI.Tracing.TraceEventOptions,object,System.Exception) (at ./Library/PackageCache/com.unity.ai.assistant@6fee27370e6a/Modules/Unity.AI.Tracing/TraceLogger.cs:105)
Unity.AI.Tracing.TraceLogger:Info (string,string,string,Unity.AI.Tracing.TraceEventOptions) (at ./Library/PackageCache/com.unity.ai.assistant@6fee27370e6a/Modules/Unity.AI.Tracing/TraceLogger.cs:35)
Unity.AI.MCP.Editor.Helpers.McpLog:Log (string,Unity.AI.Tracing.TraceEventOptions) (at ./Library/PackageCache/com.unity.ai.assistant@6fee27370e6a/Modules/Unity.AI.MCP.Editor/Helpers/McpLog.cs:15)
Unity.AI.MCP.Editor.Bridge/<ExecuteCommandAsync>d__75:MoveNext () (at ./Library/PackageCache/com.unity.ai.assistant@6fee27370e6a/Modules/Unity.AI.MCP.Editor/Bridge.cs:1707)
System.Runtime.CompilerServices.AsyncTaskMethodBuilder`1<string>:Start<Unity.AI.MCP.Editor.Bridge/<ExecuteCommandAsync>d__75> (Unity.AI.MCP.Editor.Bridge/<ExecuteCommandAsync>d__75&)
Unity.AI.MCP.Editor.Bridge:ExecuteCommandAsync (Unity.AI.MCP.Editor.Models.Command,Unity.AI.MCP.Editor.Connection.IConnectionTransport,System.Threading.CancellationToken)
Unity.AI.MCP.Editor.Bridge:ProcessCommands () (at ./Library/PackageCache/com.unity.ai.assistant@6fee27370e6a/Modules/Unity.AI.MCP.Editor/Bridge.cs:1537)
UnityEditor.EditorApplication:Internal_CallUpdateFunctions () (at /Users/bokken/build/output/unity/unity/Editor/Mono/EditorApplication.cs:403)

(Filename: ./Library/PackageCache/com.unity.ai.assistant@6fee27370e6a/Modules/Unity.AI.Tracing/TraceSinks.cs Line: 313)

Client connected: UnixSocket-1
  at Unity.AI.MCP.Editor.Bridge.HandleClientAsync (Unity.AI.MCP.Editor.Connection.IConnectionTransport transport, System.Threading.CancellationToken token) [0x00129] in ./Library/PackageCache/com.unity.ai.assistant@6fee27370e6a/Modules/Unity.AI.MCP.Editor/Bridge.cs:635 
  at System.Runtime.CompilerServices.AsyncTaskMethodBuilder.Start[TStateMachine] (TStateMachine& stateMachine) [0x00000] in <299d5c9ae27b4d27af003e5f456f4b13>:0 
  at Unity.AI.MCP.Editor.Bridge.HandleClientAsync (Unity.AI.MCP.Editor.Connection.IConnectionTransport transport, System.Threading.CancellationToken token) [0x00000] in <21b69949e1954c118bc0116712e909ac>:0 
  at Unity.AI.MCP.Editor.Bridge+<>c__DisplayClass60_1.<ListenerLoopAsync>b__0 () [0x00000] in ./Library/PackageCache/com.unity.ai.assistant@6fee27370e6a/Modules/Unity.AI.MCP.Editor/Bridge.cs:505 
  at System.Threading.Tasks.Task`1[TResult].InnerInvoke () [0x00000] in <299d5c9ae27b4d27af003e5f456f4b13>:0 
  at System.Threading.Tasks.Task.Execute () [0x00000] in <299d5c9ae27b4d27af003e5f456f4b13>:0 
  at System.Threading.Tasks.Task.ExecutionContextCallback (System.Object obj) [0x00000] in <299d5c9ae27b4d27af003e5f456f4b13>:0 
  at System.Threading.ExecutionContext.RunInternal (System.Threading.ExecutionContext executionContext, System.Threading.ContextCallback callback, System.Object state, System.Boolean preserveSyncCtx) [0x00000] in <299d5c9ae27b4d27af003e5f456f4b13>:0 
  at System.Threading.ExecutionContext.Run (System.Threading.ExecutionContext executionContext, System.Threading.ContextCallback callback, System.Object state, System.Boolean preserveSyncCtx) [0x00000] in <299d5c9ae27b4d27af003e5f456f4b13>:0 
  at System.Threading.Tasks.Task.ExecuteWithThreadLocal (System.Threading.Tasks.Task& currentTaskSlot) [0x00000] in <299d5c9ae27b4d27af003e5f456f4b13>:0 
  at System.Threading.Tasks.Task.ExecuteEntry (System.Boolean bPreventDoubleExecution) [0x00000] in <299d5c9ae27b4d27af003e5f456f4b13>:0 
  at System.Threading.Tasks.Task.System.Threading.IThreadPoolWorkItem.ExecuteWorkItem () [0x00000] in <299d5c9ae27b4d27af003e5f456f4b13>:0 
  at System.Threading.ThreadPoolWorkQueue.Dispatch () [0x00000] in <299d5c9ae27b4d27af003e5f456f4b13>:0 
  at System.Threading._ThreadPoolWaitCallback.PerformWaitCallback () [0x00000] in <299d5c9ae27b4d27af003e5f456f4b13>:0 
UnityEngine.Debug:ExtractStackTraceNoAlloc (byte*,int,string)
UnityEngine.StackTraceUtility:ExtractStackTrace () (at /Users/bokken/build/output/unity/unity/Runtime/Export/Scripting/StackTrace.cs:35)
UnityEngine.DebugLogHandler:Internal_Log (UnityEngine.LogType,UnityEngine.LogOption,string,UnityEngine.Object)
UnityEngine.DebugLogHandler:LogFormat (UnityEngine.LogType,UnityEngine.Object,string,object[])
UnityEngine.Logger:Log (UnityEngine.LogType,object)
UnityEngine.Debug:Log (object)
Unity.AI.Tracing.ConsoleSink:LogToConsole (string,string,System.Exception) (at ./Library/PackageCache/com.unity.ai.assistant@6fee27370e6a/Modules/Unity.AI.Tracing/TraceSinks.cs:313)
Unity.AI.Tracing.ConsoleSink:Write (Unity.AI.Tracing.TraceEvent) (at ./Library/PackageCache/com.unity.ai.assistant@6fee27370e6a/Modules/Unity.AI.Tracing/TraceSinks.cs:277)
Unity.AI.Tracing.TraceWriter:WriteEventInternal (string,string,Unity.AI.Tracing.TraceEventOptions,string,System.Nullable`1<int>) (at ./Library/PackageCache/com.unity.ai.assistant@6fee27370e6a/Modules/Unity.AI.Tracing/TraceWriter.cs:373)
Unity.AI.Tracing.TraceWriter:Event (string,Unity.AI.Tracing.TraceEventOptions) (at ./Library/PackageCache/com.unity.ai.assistant@6fee27370e6a/Modules/Unity.AI.Tracing/TraceWriter.cs:297)
Unity.AI.Tracing.TraceLogger:Emit (string,string,string,string,Unity.AI.Tracing.TraceEventOptions,object,System.Exception) (at ./Library/PackageCache/com.unity.ai.assistant@6fee27370e6a/Modules/Unity.AI.Tracing/TraceLogger.cs:105)
Unity.AI.Tracing.TraceLogger:Info (string,string,string,Unity.AI.Tracing.TraceEventOptions) (at ./Library/PackageCache/com.unity.ai.assistant@6fee27370e6a/Modules/Unity.AI.Tracing/TraceLogger.cs:35)
Unity.AI.MCP.Editor.Helpers.McpLog/<>c__DisplayClass8_0:<LogDelayed>b__0 () (at ./Library/PackageCache/com.unity.ai.assistant@6fee27370e6a/Modules/Unity.AI.MCP.Editor/Helpers/McpLog.cs:74)
Unity.AI.Toolkit.EditorTask/<>c__DisplayClass21_0:<DelayCall>b__0 () (at ./Library/PackageCache/com.unity.ai.assistant@6fee27370e6a/Modules/Unity.AI.Toolkit.Async/EditorTask.cs:375)
UnityEditor.EditorApplication:Internal_CallUpdateFunctions () (at /Users/bokken/build/output/unity/unity/Editor/Mono/EditorApplication.cs:403)

(Filename: ./Library/PackageCache/com.unity.ai.assistant@6fee27370e6a/Modules/Unity.AI.Tracing/TraceSinks.cs Line: 313)

Sent handshake (unity-mcp protocol v2.0, tools=7)
  at Unity.AI.MCP.Editor.Bridge.HandleClientAsync (Unity.AI.MCP.Editor.Connection.IConnectionTransport transport, System.Threading.CancellationToken token) [0x006db] in ./Library/PackageCache/com.unity.ai.assistant@6fee27370e6a/Modules/Unity.AI.MCP.Editor/Bridge.cs:802 
  at System.Runtime.CompilerServices.AsyncMethodBuilderCore+MoveNextRunner.InvokeMoveNext (System.Object stateMachine) [0x00000] in <299d5c9ae27b4d27af003e5f456f4b13>:0 
  at System.Threading.ExecutionContext.RunInternal (System.Threading.ExecutionContext executionContext, System.Threading.ContextCallback callback, System.Object state, System.Boolean preserveSyncCtx) [0x00000] in <299d5c9ae27b4d27af003e5f456f4b13>:0 
  at System.Threading.ExecutionContext.Run (System.Threading.ExecutionContext executionContext, System.Threading.ContextCallback callback, System.Object state, System.Boolean preserveSyncCtx) [0x00000] in <299d5c9ae27b4d27af003e5f456f4b13>:0 
  at System.Runtime.CompilerServices.AsyncMethodBuilderCore+MoveNextRunner.Run () [0x00000] in <299d5c9ae27b4d27af003e5f456f4b13>:0 
  at System.Threading.Tasks.AwaitTaskContinuation.RunOrScheduleAction (System.Action action, System.Boolean allowInlining, System.Threading.Tasks.Task& currentTask) [0x00000] in <299d5c9ae27b4d27af003e5f456f4b13>:0 
  at System.Threading.Tasks.Task.FinishContinuations () [0x00000] in <299d5c9ae27b4d27af003e5f456f4b13>:0 
  at System.Threading.Tasks.Task.FinishStageThree () [0x00000] in <299d5c9ae27b4d27af003e5f456f4b13>:0 
  at System.Threading.Tasks.Task`1[TResult].TrySetResult (TResult result) [0x00000] in <299d5c9ae27b4d27af003e5f456f4b13>:0 
  at System.Runtime.CompilerServices.AsyncTaskMethodBuilder`1[TResult].SetResult (TResult result) [0x00000] in <299d5c9ae27b4d27af003e5f456f4b13>:0 
  at System.Runtime.CompilerServices.AsyncTaskMethodBuilder`1[TResult].SetResult (System.Threading.Tasks.Task`1[TResult] completedTask) [0x00000] in <299d5c9ae27b4d27af003e5f456f4b13>:0 
  at System.Runtime.CompilerServices.AsyncTaskMethodBuilder.SetResult () [0x00000] in <299d5c9ae27b4d27af003e5f456f4b13>:0 
  at Unity.AI.MCP.Editor.Connection.MessageProtocol.SendHandshakeAsync (Unity.AI.MCP.Editor.Connection.IConnectionTransport transport, System.Object[] tools, System.String toolsHash, System.Int32 timeoutMs) [0x000e8] in ./Library/PackageCache/com.unity.ai.assistant@6fee27370e6a/Modules/Unity.AI.MCP.Editor/Connection/MessageProtocol.cs:93 
  at System.Runtime.CompilerServices.AsyncMethodBuilderCore+MoveNextRunner.InvokeMoveNext (System.Object stateMachine) [0x00000] in <299d5c9ae27b4d27af003e5f456f4b13>:0 
  at System.Threading.ExecutionContext.RunInternal (System.Threading.ExecutionContext executionContext, System.Threading.ContextCallback callback, System.Object state, System.Boolean preserveSyncCtx) [0x00000] in <299d5c9ae27b4d27af003e5f456f4b13>:0 
  at System.Threading.ExecutionContext.Run (System.Threading.ExecutionContext executionContext, System.Threading.ContextCallback callback, System.Object state, System.Boolean preserveSyncCtx) [0x00000] in <299d5c9ae27b4d27af003e5f456f4b13>:0 
  at System.Runtime.CompilerServices.AsyncMethodBuilderCore+MoveNextRunner.Run () [0x00000] in <299d5c9ae27b4d27af003e5f456f4b13>:0 
  at System.Threading.Tasks.AwaitTaskContinuation.System.Threading.IThreadPoolWorkItem.ExecuteWorkItem () [0x00000] in <299d5c9ae27b4d27af003e5f456f4b13>:0 
  at System.Threading.ThreadPoolWorkQueue.Dispatch () [0x00000] in <299d5c9ae27b4d27af003e5f456f4b13>:0 
  at System.Threading._ThreadPoolWaitCallback.PerformWaitCallback () [0x00000] in <299d5c9ae27b4d27af003e5f456f4b13>:0 
UnityEngine.Debug:ExtractStackTraceNoAlloc (byte*,int,string)
UnityEngine.StackTraceUtility:ExtractStackTrace () (at /Users/bokken/build/output/unity/unity/Runtime/Export/Scripting/StackTrace.cs:35)
UnityEngine.DebugLogHandler:Internal_Log (UnityEngine.LogType,UnityEngine.LogOption,string,UnityEngine.Object)
UnityEngine.DebugLogHandler:LogFormat (UnityEngine.LogType,UnityEngine.Object,string,object[])
UnityEngine.Logger:Log (UnityEngine.LogType,object)
UnityEngine.Debug:Log (object)
Unity.AI.Tracing.ConsoleSink:LogToConsole (string,string,System.Exception) (at ./Library/PackageCache/com.unity.ai.assistant@6fee27370e6a/Modules/Unity.AI.Tracing/TraceSinks.cs:313)
Unity.AI.Tracing.ConsoleSink:Write (Unity.AI.Tracing.TraceEvent) (at ./Library/PackageCache/com.unity.ai.assistant@6fee27370e6a/Modules/Unity.AI.Tracing/TraceSinks.cs:277)
Unity.AI.Tracing.TraceWriter:WriteEventInternal (string,string,Unity.AI.Tracing.TraceEventOptions,string,System.Nullable`1<int>) (at ./Library/PackageCache/com.unity.ai.assistant@6fee27370e6a/Modules/Unity.AI.Tracing/TraceWriter.cs:373)
Unity.AI.Tracing.TraceWriter:Event (string,Unity.AI.Tracing.TraceEventOptions) (at ./Library/PackageCache/com.unity.ai.assistant@6fee27370e6a/Modules/Unity.AI.Tracing/TraceWriter.cs:297)
Unity.AI.Tracing.TraceLogger:Emit (string,string,string,string,Unity.AI.Tracing.TraceEventOptions,object,System.Exception) (at ./Library/PackageCache/com.unity.ai.assistant@6fee27370e6a/Modules/Unity.AI.Tracing/TraceLogger.cs:105)
Unity.AI.Tracing.TraceLogger:Info (string,string,string,Unity.AI.Tracing.TraceEventOptions) (at ./Library/PackageCache/com.unity.ai.assistant@6fee27370e6a/Modules/Unity.AI.Tracing/TraceLogger.cs:35)
Unity.AI.MCP.Editor.Helpers.McpLog/<>c__DisplayClass8_0:<LogDelayed>b__0 () (at ./Library/PackageCache/com.unity.ai.assistant@6fee27370e6a/Modules/Unity.AI.MCP.Editor/Helpers/McpLog.cs:74)
Unity.AI.Toolkit.EditorTask/<>c__DisplayClass21_0:<DelayCall>b__0 () (at ./Library/PackageCache/com.unity.ai.assistant@6fee27370e6a/Modules/Unity.AI.Toolkit.Async/EditorTask.cs:375)
UnityEditor.EditorApplication:Internal_CallUpdateFunctions () (at /Users/bokken/build/output/unity/unity/Editor/Mono/EditorApplication.cs:403)

(Filename: ./Library/PackageCache/com.unity.ai.assistant@6fee27370e6a/Modules/Unity.AI.Tracing/TraceSinks.cs Line: 313)

[UiShellPresentation] stage=CommandCompleted sequence=1 kind=EnterMenu region=None route=MainMenu
UnityEngine.Debug:ExtractStackTraceNoAlloc (byte*,int,string)
UnityEngine.StackTraceUtility:ExtractStackTrace () (at /Users/bokken/build/output/unity/unity/Runtime/Export/Scripting/StackTrace.cs:35)
UnityEngine.DebugLogHandler:Internal_Log (UnityEngine.LogType,UnityEngine.LogOption,string,UnityEngine.Object)
UnityEngine.DebugLogHandler:LogFormat (UnityEngine.LogType,UnityEngine.Object,string,object[])
UnityEngine.Logger:Log (UnityEngine.LogType,object,UnityEngine.Object)
UnityEngine.Debug:Log (object,UnityEngine.Object)
Game.Composition.UiDiagnosticsComposition:Report (Game.UI.Contracts.UiDiagnosticSeverity,string,UnityEngine.Object) (at Assets/Game/Scripts/Composition/UiDiagnosticsComposition.cs:17)
Game.UI.Contracts.UiDiagnostics:Info (string,UnityEngine.Object) (at Assets/Game/Scripts/UI/Contracts/UiDiagnostics.cs:14)
Game.UI.Runtime.UIShellEcsPresentationSystem:LogTransition (string,Game.UI.Contracts.UiShellPresentationCommandModel) (at Assets/Game/Scripts/UI/Shell/UIShellEcsPresentationSystem.cs:138)
Game.UI.Runtime.UIShellEcsPresentationSystem/<>c__DisplayClass24_0:<Update>b__0 (int) (at Assets/Game/Scripts/UI/Shell/UIShellEcsPresentationSystem.cs:100)
Game.UI.Runtime.UIShellView/<>c__DisplayClass19_0:<ExecuteCommandSequence>b__0 () (at Assets/Game/Scripts/UI/Shell/UIShellView.cs:98)
Game.UI.Runtime.UIMotionHostView/<SequenceRoutine>d__32:MoveNext () (at Assets/Game/Scripts/UI/Shell/UIMotionHostView.cs:268)
UnityEngine.SetupCoroutine:InvokeMoveNext (System.Collections.IEnumerator,intptr) (at /Users/bokken/build/output/unity/unity/Runtime/Export/Scripting/Coroutines.cs:17)

(Filename: Assets/Game/Scripts/Composition/UiDiagnosticsComposition.cs Line: 17)

[Licensing::Client] Successfully resolved entitlement details
[UiShellPresentation] stage=CompletionFlushed sequence=1 kind=EnterMenu region=None
UnityEngine.Debug:ExtractStackTraceNoAlloc (byte*,int,string)
UnityEngine.StackTraceUtility:ExtractStackTrace () (at /Users/bokken/build/output/unity/unity/Runtime/Export/Scripting/StackTrace.cs:35)
UnityEngine.DebugLogHandler:Internal_Log (UnityEngine.LogType,UnityEngine.LogOption,string,UnityEngine.Object)
UnityEngine.DebugLogHandler:LogFormat (UnityEngine.LogType,UnityEngine.Object,string,object[])
UnityEngine.Logger:Log (UnityEngine.LogType,object,UnityEngine.Object)
UnityEngine.Debug:Log (object,UnityEngine.Object)
Game.Composition.UiDiagnosticsComposition:Report (Game.UI.Contracts.UiDiagnosticSeverity,string,UnityEngine.Object) (at Assets/Game/Scripts/Composition/UiDiagnosticsComposition.cs:17)
Game.UI.Contracts.UiDiagnostics:Info (string,UnityEngine.Object) (at Assets/Game/Scripts/UI/Contracts/UiDiagnostics.cs:14)
Game.UI.Runtime.UIShellEcsPresentationSystem:LogTransition (string,Game.UI.Contracts.UiShellTransitionCompleteModel) (at Assets/Game/Scripts/UI/Shell/UIShellEcsPresentationSystem.cs:146)
Game.UI.Runtime.UIShellEcsPresentationSystem:FlushPendingCompletion () (at Assets/Game/Scripts/UI/Shell/UIShellEcsPresentationSystem.cs:129)
Game.UI.Runtime.UIShellEcsPresentationSystem:Update () (at Assets/Game/Scripts/UI/Shell/UIShellEcsPresentationSystem.cs:67)

(Filename: Assets/Game/Scripts/Composition/UiDiagnosticsComposition.cs Line: 17)

[Licensing::Client] Successfully resolved entitlement details
[Licensing::Client] Successfully resolved entitlement details
[SkirmishS002AriaRun] queued catalog=S003 seed=104732 hash=8EBD0DBC acceptance=Pending normal_speed=1
UnityEngine.Debug:ExtractStackTraceNoAlloc (byte*,int,string)
UnityEngine.StackTraceUtility:ExtractStackTrace () (at /Users/bokken/build/output/unity/unity/Runtime/Export/Scripting/StackTrace.cs:35)
UnityEngine.DebugLogHandler:Internal_Log (UnityEngine.LogType,UnityEngine.LogOption,string,UnityEngine.Object)
UnityEngine.DebugLogHandler:LogFormat (UnityEngine.LogType,UnityEngine.Object,string,object[])
UnityEngine.Logger:Log (UnityEngine.LogType,object)
UnityEngine.Debug:Log (object)
Game.Editor.SkirmishS002AriaRunHarness:TryQueueExpanded (Unity.Entities.EntityManager) (at Assets/Game/Scripts/Editor/Skirmish/SkirmishS002AriaRunHarness.cs:725)
Game.Editor.SkirmishS002AriaRunHarness:Tick () (at Assets/Game/Scripts/Editor/Skirmish/SkirmishS002AriaRunHarness.cs:484)
UnityEditor.EditorApplication:Internal_CallUpdateFunctions () (at /Users/bokken/build/output/unity/unity/Editor/Mono/EditorApplication.cs:403)

(Filename: Assets/Game/Scripts/Editor/Skirmish/SkirmishS002AriaRunHarness.cs Line: 725)

[SkirmishS002AriaRun] selected catalog=S003 definition=skirmish.s003 version=2 size=Standard difficulty=Regular seed=104732 locale=fa-IR
UnityEngine.Debug:ExtractStackTraceNoAlloc (byte*,int,string)
UnityEngine.StackTraceUtility:ExtractStackTrace () (at /Users/bokken/build/output/unity/unity/Runtime/Export/Scripting/StackTrace.cs:35)
UnityEngine.DebugLogHandler:Internal_Log (UnityEngine.LogType,UnityEngine.LogOption,string,UnityEngine.Object)
UnityEngine.DebugLogHandler:LogFormat (UnityEngine.LogType,UnityEngine.Object,string,object[])
UnityEngine.Logger:Log (UnityEngine.LogType,object)
UnityEngine.Debug:Log (object)
Game.Editor.SkirmishS002AriaRunHarness:Tick () (at Assets/Game/Scripts/Editor/Skirmish/SkirmishS002AriaRunHarness.cs:492)
UnityEditor.EditorApplication:Internal_CallUpdateFunctions () (at /Users/bokken/build/output/unity/unity/Editor/Mono/EditorApplication.cs:403)

(Filename: Assets/Game/Scripts/Editor/Skirmish/SkirmishS002AriaRunHarness.cs Line: 492)

[SkirmishAcceptanceCensus] result=Passed catalog=S003 definition=skirmish.s003 version=2 code=e51f460994f13266b5a3bc5ff988b979708cfbdde2d894dd1db1fb0939a06bbe config=8bf2489a034696aaf43f22dee3cab5210ec7630246a9ae882a596e1fbc7763a1 setup=8EBD0DBC seed=104732 playable=0
UnityEngine.Debug:ExtractStackTraceNoAlloc (byte*,int,string)
UnityEngine.StackTraceUtility:ExtractStackTrace () (at /Users/bokken/build/output/unity/unity/Runtime/Export/Scripting/StackTrace.cs:35)
UnityEngine.DebugLogHandler:Internal_Log (UnityEngine.LogType,UnityEngine.LogOption,string,UnityEngine.Object)
UnityEngine.DebugLogHandler:LogFormat (UnityEngine.LogType,UnityEngine.Object,string,object[])
UnityEngine.Logger:Log (UnityEngine.LogType,object)
UnityEngine.Debug:Log (object)
Game.Editor.SkirmishS002AriaRunHarness:Tick () (at Assets/Game/Scripts/Editor/Skirmish/SkirmishS002AriaRunHarness.cs:494)
UnityEditor.EditorApplication:Internal_CallUpdateFunctions () (at /Users/bokken/build/output/unity/unity/Editor/Mono/EditorApplication.cs:403)

(Filename: Assets/Game/Scripts/Editor/Skirmish/SkirmishS002AriaRunHarness.cs Line: 494)

'Game.Runtime.SkirmishCheckpointSystem' creates a query during OnUpdate. Please create queries in OnCreate and store them in the system for use in OnUpdate instead. This is significantly faster.
UnityEngine.Debug:ExtractStackTraceNoAlloc (byte*,int,string)
UnityEngine.StackTraceUtility:ExtractStackTrace () (at /Users/bokken/build/output/unity/unity/Runtime/Export/Scripting/StackTrace.cs:35)
UnityEngine.DebugLogHandler:Internal_Log (UnityEngine.LogType,UnityEngine.LogOption,string,UnityEngine.Object)
UnityEngine.DebugLogHandler:LogFormat (UnityEngine.LogType,UnityEngine.Object,string,object[])
UnityEngine.Logger:Log (UnityEngine.LogType,object)
UnityEngine.Debug:LogWarning (object)
Unity.Debug:LogWarning (object) (at ./Library/PackageCache/com.unity.entities@bab66ffaba49/Unity.Entities/Stubs/Unity/Debug.cs:13)
Unity.Entities.SystemState:CheckOnUpdate_Query () (at ./Library/PackageCache/com.unity.entities@bab66ffaba49/Unity.Entities/SystemState.cs:551)
Unity.Entities.SystemState:GetEntityQuery (Unity.Entities.ComponentType) (at ./Library/PackageCache/com.unity.entities@bab66ffaba49/Unity.Entities/SystemState.cs:834)
Game.Runtime.SkirmishCheckpointSystem:OnUpdate (Unity.Entities.SystemState&) (at Assets/Game/Scripts/Runtime/Skirmish/SkirmishCheckpointSystem.cs:23)
Game.Runtime.SkirmishCheckpointSystem:__codegen__OnUpdate (intptr,intptr)
Unity.Entities.SystemBaseRegistry/<>c__DisplayClass9_0:<SelectBurstFn>b__0 (intptr,intptr) (at ./Library/PackageCache/com.unity.entities@bab66ffaba49/Unity.Entities/SystemBaseRegistry.cs:251)
Unity.Entities.WorldUnmanagedImpl/Unity.Entities.UnmanagedUpdate_000015A0$BurstDirectCall:Invoke (void*)
Unity.Entities.WorldUnmanagedImpl:UnmanagedUpdate (void*)
Unity.Entities.WorldUnmanagedImpl:UpdateSystem (Unity.Entities.SystemHandle) (at ./Library/PackageCache/com.unity.entities@bab66ffaba49/Unity.Entities/WorldUnmanaged.cs:942)
Unity.Entities.ComponentSystemGroup:UpdateAllSystems () (at ./Library/PackageCache/com.unity.entities@bab66ffaba49/Unity.Entities/ComponentSystemGroup.cs:725)
Unity.Entities.ComponentSystemGroup:OnUpdate () (at ./Library/PackageCache/com.unity.entities@bab66ffaba49/Unity.Entities/ComponentSystemGroup.cs:687)
Unity.Entities.SystemBase:Update () (at ./Library/PackageCache/com.unity.entities@bab66ffaba49/Unity.Entities/SystemBase.cs:205)
Unity.Entities.ScriptBehaviourUpdateOrder/DummyDelegateWrapper:TriggerUpdate () (at ./Library/PackageCache/com.unity.entities@bab66ffaba49/Unity.Entities/ScriptBehaviourUpdateOrder.cs:523)

(Filename: ./Library/PackageCache/com.unity.entities@bab66ffaba49/Unity.Entities/Stubs/Unity/Debug.cs Line: 13)

'Game.Runtime.SkirmishSessionCleanupSystem' creates a query during OnUpdate. Please create queries in OnCreate and store them in the system for use in OnUpdate instead. This is significantly faster.
UnityEngine.Debug:ExtractStackTraceNoAlloc (byte*,int,string)
UnityEngine.StackTraceUtility:ExtractStackTrace () (at /Users/bokken/build/output/unity/unity/Runtime/Export/Scripting/StackTrace.cs:35)
UnityEngine.DebugLogHandler:Internal_Log (UnityEngine.LogType,UnityEngine.LogOption,string,UnityEngine.Object)
UnityEngine.DebugLogHandler:LogFormat (UnityEngine.LogType,UnityEngine.Object,string,object[])
UnityEngine.Logger:Log (UnityEngine.LogType,object)
UnityEngine.Debug:LogWarning (object)
Unity.Debug:LogWarning (object) (at ./Library/PackageCache/com.unity.entities@bab66ffaba49/Unity.Entities/Stubs/Unity/Debug.cs:13)
Unity.Entities.SystemState:CheckOnUpdate_Query () (at ./Library/PackageCache/com.unity.entities@bab66ffaba49/Unity.Entities/SystemState.cs:551)
Unity.Entities.SystemState:GetEntityQuery (Unity.Entities.ComponentType) (at ./Library/PackageCache/com.unity.entities@bab66ffaba49/Unity.Entities/SystemState.cs:834)
Game.Runtime.SkirmishSessionCleanupSystem:OnUpdate (Unity.Entities.SystemState&) (at Assets/Game/Scripts/Runtime/Skirmish/SkirmishSessionCleanupSystem.cs:22)
Game.Runtime.SkirmishSessionCleanupSystem:__codegen__OnUpdate (intptr,intptr)
Unity.Entities.SystemBaseRegistry/<>c__DisplayClass9_0:<SelectBurstFn>b__0 (intptr,intptr) (at ./Library/PackageCache/com.unity.entities@bab66ffaba49/Unity.Entities/SystemBaseRegistry.cs:251)
Unity.Entities.WorldUnmanagedImpl/Unity.Entities.UnmanagedUpdate_000015A0$BurstDirectCall:Invoke (void*)
Unity.Entities.WorldUnmanagedImpl:UnmanagedUpdate (void*)
Unity.Entities.WorldUnmanagedImpl:UpdateSystem (Unity.Entities.SystemHandle) (at ./Library/PackageCache/com.unity.entities@bab66ffaba49/Unity.Entities/WorldUnmanaged.cs:942)
Unity.Entities.ComponentSystemGroup:UpdateAllSystems () (at ./Library/PackageCache/com.unity.entities@bab66ffaba49/Unity.Entities/ComponentSystemGroup.cs:725)
Unity.Entities.ComponentSystemGroup:OnUpdate () (at ./Library/PackageCache/com.unity.entities@bab66ffaba49/Unity.Entities/ComponentSystemGroup.cs:687)
Unity.Entities.SystemBase:Update () (at ./Library/PackageCache/com.unity.entities@bab66ffaba49/Unity.Entities/SystemBase.cs:205)
Unity.Entities.ScriptBehaviourUpdateOrder/DummyDelegateWrapper:TriggerUpdate () (at ./Library/PackageCache/com.unity.entities@bab66ffaba49/Unity.Entities/ScriptBehaviourUpdateOrder.cs:523)

(Filename: ./Library/PackageCache/com.unity.entities@bab66ffaba49/Unity.Entities/Stubs/Unity/Debug.cs Line: 13)

[INFO ] [relay] relay.startup port=9001 mcpClientPort=9002 editorPid=15131
[INFO ] [relay] log === RELAY SERVER STARTED === (unity-ai-relay v1.0.12-build.96)
[INFO ] [relay] log Starting relay server...
[INFO ] [relay] log Command line arguments: ["bun","/$bunfs/root/relay_mac_arm64","--relay","--port","9001","--mcp-client-port","9002","--editor-pid","15131","--shutdown-delay","180","--log-dir","/Users/farhad/Projects/WarlineCapture/Logs"]
[INFO ] [relay] log Parsed config: {"port":9001,"mcpClientPort":9002,"editorPid":"15131","shutdownDelaySeconds":180}
[INFO ] [relay] log Initializing relay components...
[INFO ] [relay] log Creating RelayEditor...
[INFO ] [relay] log WebSocket server started
[INFO ] [relay] log Relay server initialization completed
[INFO ] [relay] log MCP Client initialized at port: 9002
[INFO ] [relay] log Unity MCP Relay server started | Port: 9002 | Endpoints: /mcp/start-server, /mcp/stop-server, /mcp/server-status, /mcp/call-tool
[INFO ] [relay] log [shell-env] PATH augmented with shell environment (20 entries)
[INFO ] [relay] log Unity client connected with ID: editor-15131-wsmnjg (relay 1.0.12-build.96)
[INFO ] [relay] connection.established clientId=editor-15131-wsmnjg port=9001
[UiShellPresentation] stage=CommandStarted sequence=2 kind=ExitMenu region=None route=Match
UnityEngine.Debug:ExtractStackTraceNoAlloc (byte*,int,string)
UnityEngine.StackTraceUtility:ExtractStackTrace () (at /Users/bokken/build/output/unity/unity/Runtime/Export/Scripting/StackTrace.cs:35)
UnityEngine.DebugLogHandler:Internal_Log (UnityEngine.LogType,UnityEngine.LogOption,string,UnityEngine.Object)
UnityEngine.DebugLogHandler:LogFormat (UnityEngine.LogType,UnityEngine.Object,string,object[])
UnityEngine.Logger:Log (UnityEngine.LogType,object,UnityEngine.Object)
UnityEngine.Debug:Log (object,UnityEngine.Object)
Game.Composition.UiDiagnosticsComposition:Report (Game.UI.Contracts.UiDiagnosticSeverity,string,UnityEngine.Object) (at Assets/Game/Scripts/Composition/UiDiagnosticsComposition.cs:17)
Game.UI.Contracts.UiDiagnostics:Info (string,UnityEngine.Object) (at Assets/Game/Scripts/UI/Contracts/UiDiagnostics.cs:14)
Game.UI.Runtime.UIShellEcsPresentationSystem:LogTransition (string,Game.UI.Contracts.UiShellPresentationCommandModel) (at Assets/Game/Scripts/UI/Shell/UIShellEcsPresentationSystem.cs:138)
Game.UI.Runtime.UIShellEcsPresentationSystem:Update () (at Assets/Game/Scripts/UI/Shell/UIShellEcsPresentationSystem.cs:87)

(Filename: Assets/Game/Scripts/Composition/UiDiagnosticsComposition.cs Line: 17)

[UiShellPresentation] stage=CommandCompleted sequence=2 kind=ExitMenu region=None route=Match
UnityEngine.Debug:ExtractStackTraceNoAlloc (byte*,int,string)
UnityEngine.StackTraceUtility:ExtractStackTrace () (at /Users/bokken/build/output/unity/unity/Runtime/Export/Scripting/StackTrace.cs:35)
UnityEngine.DebugLogHandler:Internal_Log (UnityEngine.LogType,UnityEngine.LogOption,string,UnityEngine.Object)
UnityEngine.DebugLogHandler:LogFormat (UnityEngine.LogType,UnityEngine.Object,string,object[])
UnityEngine.Logger:Log (UnityEngine.LogType,object,UnityEngine.Object)
UnityEngine.Debug:Log (object,UnityEngine.Object)
Game.Composition.UiDiagnosticsComposition:Report (Game.UI.Contracts.UiDiagnosticSeverity,string,UnityEngine.Object) (at Assets/Game/Scripts/Composition/UiDiagnosticsComposition.cs:17)
Game.UI.Contracts.UiDiagnostics:Info (string,UnityEngine.Object) (at Assets/Game/Scripts/UI/Contracts/UiDiagnostics.cs:14)
Game.UI.Runtime.UIShellEcsPresentationSystem:LogTransition (string,Game.UI.Contracts.UiShellPresentationCommandModel) (at Assets/Game/Scripts/UI/Shell/UIShellEcsPresentationSystem.cs:138)
Game.UI.Runtime.UIShellEcsPresentationSystem/<>c__DisplayClass24_0:<Update>b__0 (int) (at Assets/Game/Scripts/UI/Shell/UIShellEcsPresentationSystem.cs:100)
Game.UI.Runtime.UIShellView/<>c__DisplayClass19_0:<ExecuteCommandSequence>b__0 () (at Assets/Game/Scripts/UI/Shell/UIShellView.cs:98)
Game.UI.Runtime.UIMotionHostView/<SequenceRoutine>d__32:MoveNext () (at Assets/Game/Scripts/UI/Shell/UIMotionHostView.cs:268)
UnityEngine.SetupCoroutine:InvokeMoveNext (System.Collections.IEnumerator,intptr) (at /Users/bokken/build/output/unity/unity/Runtime/Export/Scripting/Coroutines.cs:17)

(Filename: Assets/Game/Scripts/Composition/UiDiagnosticsComposition.cs Line: 17)

[UiShellPresentation] stage=CompletionFlushed sequence=2 kind=ExitMenu region=None
UnityEngine.Debug:ExtractStackTraceNoAlloc (byte*,int,string)
UnityEngine.StackTraceUtility:ExtractStackTrace () (at /Users/bokken/build/output/unity/unity/Runtime/Export/Scripting/StackTrace.cs:35)
UnityEngine.DebugLogHandler:Internal_Log (UnityEngine.LogType,UnityEngine.LogOption,string,UnityEngine.Object)
UnityEngine.DebugLogHandler:LogFormat (UnityEngine.LogType,UnityEngine.Object,string,object[])
UnityEngine.Logger:Log (UnityEngine.LogType,object,UnityEngine.Object)
UnityEngine.Debug:Log (object,UnityEngine.Object)
Game.Composition.UiDiagnosticsComposition:Report (Game.UI.Contracts.UiDiagnosticSeverity,string,UnityEngine.Object) (at Assets/Game/Scripts/Composition/UiDiagnosticsComposition.cs:17)
Game.UI.Contracts.UiDiagnostics:Info (string,UnityEngine.Object) (at Assets/Game/Scripts/UI/Contracts/UiDiagnostics.cs:14)
Game.UI.Runtime.UIShellEcsPresentationSystem:LogTransition (string,Game.UI.Contracts.UiShellTransitionCompleteModel) (at Assets/Game/Scripts/UI/Shell/UIShellEcsPresentationSystem.cs:146)
Game.UI.Runtime.UIShellEcsPresentationSystem:FlushPendingCompletion () (at Assets/Game/Scripts/UI/Shell/UIShellEcsPresentationSystem.cs:129)
Game.UI.Runtime.UIShellEcsPresentationSystem:Update () (at Assets/Game/Scripts/UI/Shell/UIShellEcsPresentationSystem.cs:67)

(Filename: Assets/Game/Scripts/Composition/UiDiagnosticsComposition.cs Line: 17)

[UiShellRoute] submitted deferred Match scene load request after loading feedback.
UnityEngine.Debug:ExtractStackTraceNoAlloc (byte*,int,string)
UnityEngine.StackTraceUtility:ExtractStackTrace () (at /Users/bokken/build/output/unity/unity/Runtime/Export/Scripting/StackTrace.cs:35)
UnityEngine.DebugLogHandler:Internal_Log (UnityEngine.LogType,UnityEngine.LogOption,string,UnityEngine.Object)
UnityEngine.DebugLogHandler:LogFormat (UnityEngine.LogType,UnityEngine.Object,string,object[])
UnityEngine.Logger:Log (UnityEngine.LogType,object)
UnityEngine.Debug:Log (object)
Game.Composition.MenuBootstrapCompositionSystemHelper:QueueDeferredMatchLoadAfterLoadingFeedback (Unity.Entities.EntityManager,Game.UI.Shell.Contracts.Ecs.UiShellStateComponent) (at Assets/Game/Scripts/Composition/MenuBootstrapCompositionSystemHelper.cs:643)
Game.Composition.MenuBootstrapCompositionSystemHelper:Update (Game.Composition.MenuBootstrapView,single) (at Assets/Game/Scripts/Composition/MenuBootstrapCompositionSystemHelper.cs:157)
Game.Composition.MenuBootstrapView:Update () (at Assets/Game/Scripts/Composition/MenuBootstrapView.cs:174)

(Filename: Assets/Game/Scripts/Composition/MenuBootstrapCompositionSystemHelper.cs Line: 643)

[UiShellRoute] submitted deferred Match gameplay start request.
UnityEngine.Debug:ExtractStackTraceNoAlloc (byte*,int,string)
UnityEngine.StackTraceUtility:ExtractStackTrace () (at /Users/bokken/build/output/unity/unity/Runtime/Export/Scripting/StackTrace.cs:35)
UnityEngine.DebugLogHandler:Internal_Log (UnityEngine.LogType,UnityEngine.LogOption,string,UnityEngine.Object)
UnityEngine.DebugLogHandler:LogFormat (UnityEngine.LogType,UnityEngine.Object,string,object[])
UnityEngine.Logger:Log (UnityEngine.LogType,object)
UnityEngine.Debug:Log (object)
Game.Composition.MenuBootstrapCompositionSystemHelper:QueueDeferredMatchLoadAfterLoadingFeedback (Unity.Entities.EntityManager,Game.UI.Shell.Contracts.Ecs.UiShellStateComponent) (at Assets/Game/Scripts/Composition/MenuBootstrapCompositionSystemHelper.cs:658)
Game.Composition.MenuBootstrapCompositionSystemHelper:Update (Game.Composition.MenuBootstrapView,single) (at Assets/Game/Scripts/Composition/MenuBootstrapCompositionSystemHelper.cs:157)
Game.Composition.MenuBootstrapView:Update () (at Assets/Game/Scripts/Composition/MenuBootstrapView.cs:174)

(Filename: Assets/Game/Scripts/Composition/MenuBootstrapCompositionSystemHelper.cs Line: 658)

Android Extension - Scanning For ADB Devices 3206 ms
[OperationMapLaunchIdentity] source=Compatibility mission=skirmish.base_assault scenario=scenario.skirmish.desert_base_standard operationMap=opmap.skirmish.desert_base_01
UnityEngine.Debug:ExtractStackTraceNoAlloc (byte*,int,string)
UnityEngine.StackTraceUtility:ExtractStackTrace () (at /Users/bokken/build/output/unity/unity/Runtime/Export/Scripting/StackTrace.cs:35)
UnityEngine.DebugLogHandler:Internal_Log (UnityEngine.LogType,UnityEngine.LogOption,string,UnityEngine.Object)
UnityEngine.DebugLogHandler:LogFormat (UnityEngine.LogType,UnityEngine.Object,string,object[])
UnityEngine.Logger:Log (UnityEngine.LogType,object)
UnityEngine.Debug:Log (object)
Game.Composition.MatchSceneView:TryResolveOperationMapDefinition (Unity.Entities.World,Game.Configs.OperationMapDefinition&,bool&,Game.Components.OperationMapLoadResultCode&,string&) (at Assets/Game/Scripts/Composition/MatchSceneView.OperationMapLifecycle.cs:377)
Game.Composition.MatchSceneView:EnsureOperationMapSourceSceneLoad () (at Assets/Game/Scripts/Composition/MatchSceneView.OperationMapLifecycle.cs:314)
Game.Composition.MatchSceneView:EnsureMatchRuntimeBound () (at Assets/Game/Scripts/Composition/MatchSceneView.OperationMapLifecycle.cs:19)
Game.Composition.MatchSceneView:Awake () (at Assets/Game/Scripts/Composition/MatchSceneView.cs:229)

(Filename: Assets/Game/Scripts/Composition/MatchSceneView.OperationMapLifecycle.cs Line: 377)

Loaded scene 'Assets/Game/Scenes/Match.unity'
	Deserialize:            131.724 ms
	Integration:            94.028 ms
	Integration of assets:  7.787 ms
	Thread Wait Time:       20.913 ms
	Total Operation Time:   254.452 ms
Android Extension - Scanning For ADB Devices 122 ms
Loaded scene 'Assets/Game/GeneratedOperationMaps/RuntimeBinding/opmap.skirmish.desert_base_01/opmap_skirmish_desert_base_01_runtime.unity'
	Deserialize:            50.746 ms
	Integration:            1.702 ms
	Integration of assets:  2.487 ms
	Thread Wait Time:       404.835 ms
	Total Operation Time:   459.770 ms
[MapVehicleOwnershipRuntime] phase=CompositionInit configAssigned=1 placements=0 authoringRootAssigned=1 configuredPacked=1
UnityEngine.Debug:ExtractStackTraceNoAlloc (byte*,int,string)
UnityEngine.StackTraceUtility:ExtractStackTrace () (at /Users/bokken/build/output/unity/unity/Runtime/Export/Scripting/StackTrace.cs:35)
UnityEngine.DebugLogHandler:Internal_Log (UnityEngine.LogType,UnityEngine.LogOption,string,UnityEngine.Object)
UnityEngine.DebugLogHandler:LogFormat (UnityEngine.LogType,UnityEngine.Object,string,object[])
UnityEngine.Logger:Log (UnityEngine.LogType,object)
UnityEngine.Debug:Log (object)
Game.Runtime.BuildingGameplayCompositionSystemHelper:Initialize (Game.Configs.BuildingPlacementSystemConfig,UnityEngine.Camera,UnityEngine.Transform,UnityEngine.Transform,Game.Runtime.RoadGridProjectionSystem/RoadFootprintState,Game.Runtime.FactionVisualSettings,Game.Runtime.DayNightSystem,Game.Configs.RTSSelectionSystemConfig,Game.Configs.MapBuildingPlacementConfig,Game.Configs.MapVehiclePlacementConfig,UnityEngine.Transform,UnityEngine.Transform,System.Func`2<UnityEngine.GameObject, UnityEngine.Sprite>,Game.Runtime.BuildingProductionQueueCompositionSystemHelper/TryGetUnitProductionMetadataDelegate,Game.Runtime.BuildingProductionTransportPresentationSystemHelper/PrepareTransportDropVisualDelegate,System.Func`2<UnityEngine.GameObject, string>,Game.Runtime.BuildingDefinitionPrefabSystemHelper/TryGetBuildingDefinitionMetadataDelegate,Game.Runtime.BuildingDefinitionPrefabSystemHelper/TryGetUnitDefinitionMetadataDelegate,bool,System.Func`1<Game.Configs.MapVehiclePlacementConfig>,System.Func`1<UnityEngine.Transform>) (at Assets/Game/Scripts/Systems/BuildingGameplayCompositionSystemHelper.cs:470)
Game.Runtime.ManagedGameplayStartupSystemHelper:Initialize (Unity.Entities.EntityManager,Game.Configs.DayNightSystemConfig,Game.Configs.FactionVisualSettingsConfig,Game.Configs.RoadBuildSystemConfig,Game.Configs.BuildingPlacementSystemConfig,Game.Configs.MapBuildingPlacementConfig,Game.Configs.MapVehiclePlacementConfig,Game.Configs.RTSSelectionSystemConfig,Game.Configs.RuntimeCitySpawnerSystemConfig,Game.Configs.GameStringsConfig,UnityEngine.Camera,UnityEngine.Light,UnityEngine.Rendering.Volume,UnityEngine.Transform,UnityEngine.Transform,System.Func`3<UnityEngine.Transform, Game.Configs.RTSSelectionSystemConfig, Game.UI.Contracts.ISelectionRectangleView>,System.Func`2<UnityEngine.GameObject, UnityEngine.Sprite>,System.Func`2<UnityEngine.GameObject, UnityEngine.Sprite>,Game.Runtime.BuildingProductionQueueCompositionSystemHelper/TryGetUnitProductionMetadataDelegate,Game.Runtime.BuildingProductionTransportPresentationSystemHelper/PrepareTransportDropVisualDelegate,System.Func`2<UnityEngine.GameObject, string>,Game.Runtime.BuildingDefinitionPrefabSystemHelper/TryGetBuildingDefinitionMetadataDelegate,Game.Runtime.BuildingDefinitionPrefabSystemHelper/TryGetUnitDefinitionMetadataDelegate,UnityEngine.Transform,UnityEngine.Transform,Game.UI.Contracts.IMatchIntroStateQuery,bool,System.Func`1<Game.Configs.MapVehiclePlacementConfig>,System.Func`1<UnityEngine.Transform>) (at Assets/Game/Scripts/Systems/ManagedGameplayStartupSystemHelper.cs:177)
Game.Composition.MatchBootstrapCompositionSystemHelper:InitializeManagedRuntime (Game.Configs.DayNightSystemConfig,Game.Configs.FactionVisualSettingsConfig,Game.Configs.RoadBuildSystemConfig,Game.Configs.BuildingPlacementSystemConfig,Game.Configs.MapBuildingPlacementConfig,Game.Configs.MapVehiclePlacementConfig,Game.Configs.RTSSelectionSystemConfig,Game.Configs.RuntimeCitySpawnerSystemConfig,Game.Configs.GameStringsConfig,UnityEngine.Camera,UnityEngine.Light,UnityEngine.Rendering.Volume,UnityEngine.Transform,UnityEngine.Transform,System.Func`3<UnityEngine.Transform, Game.Configs.RTSSelectionSystemConfig, Game.UI.Contracts.ISelectionRectangleView>,UnityEngine.Transform,UnityEngine.Transform,Game.UI.Contracts.IMatchIntroStateQuery,bool) (at Assets/Game/Scripts/Composition/MatchBootstrapCompositionSystemHelper.cs:432)
Game.Composition.MatchBootstrapCompositionSystemHelper:InitializeManagedRuntimeIfNeeded () (at Assets/Game/Scripts/Composition/MatchBootstrapCompositionSystemHelper.cs:765)
Game.Composition.MatchGameplayStartupCompositionSystemHelper:AdvanceStep (Game.Runtime.BuildingRuntimeUpdateCompositionSystemHelper,Game.Runtime.BuildingRuntimeUpdateCompositionSystemHelper/Context&) (at Assets/Game/Scripts/Composition/MatchGameplayStartupCompositionSystemHelper.cs:158)
Game.Composition.MatchGameplayStartupCompositionSystemHelper:Advance (Game.Runtime.BuildingRuntimeUpdateCompositionSystemHelper,Game.Runtime.BuildingRuntimeUpdateCompositionSystemHelper/Context&) (at Assets/Game/Scripts/Composition/MatchGameplayStartupCompositionSystemHelper.cs:112)
Game.Composition.MatchBootstrapCompositionSystemHelper:Update () (at Assets/Game/Scripts/Composition/MatchBootstrapCompositionSystemHelper.cs:186)
Game.Composition.MatchSceneView:Update () (at Assets/Game/Scripts/Composition/MatchSceneView.cs:271)

(Filename: Assets/Game/Scripts/Systems/BuildingGameplayCompositionSystemHelper.cs Line: 470)

[FrameRateDiag:PreGame] fps=2.7 avgFrame=373.3ms updateAvg=0.5ms updateMax=0.5ms cpuFrame=12.0ms cpuMain=5.5ms cpuRender=0.4ms gpu=1.9ms drawCalls=9 batches=0 setPass=28 tris=2127 verts=5955 units=0 models=0 sourceKeys=0 sourceKeyFallbackVisuals=0 initialSpawnConfigs=0 impostors=0 render=screen=1280x720,batch=0,quality=1:Mobile,vSync=0,targetFps=-1,pipeline=Mobile_RPAsset_MobileCandidate,scale=0.75,msaa=0,camera=Main Camera,cameraData=post:1,aa:FastApproximateAntialiasing,stack:0 memory=alloc=2085MB reserved=2583MB mono=1643MB focused=1 playRequested=0 simulationActive=0 lastSteps=MainMenu=0.2ms stepStats=none topSystems=disabled markers=disabled
[RenderSceneDiag] frame=783 source=profilerCounters drawCalls=9 batches=0 setPass=28 tris=2127 verts=5955 topSystems=disabled markers=disabled
GPU Resident Drawer disposed.
[OperationMapReadiness] ready=SourceContent, Metadata, MapSurface, PresentationManifest, RequiredPresentationPreload failed=None
UnityEngine.Debug:ExtractStackTraceNoAlloc (byte*,int,string)
UnityEngine.StackTraceUtility:ExtractStackTrace () (at /Users/bokken/build/output/unity/unity/Runtime/Export/Scripting/StackTrace.cs:35)
UnityEngine.DebugLogHandler:Internal_Log (UnityEngine.LogType,UnityEngine.LogOption,string,UnityEngine.Object)
UnityEngine.DebugLogHandler:LogFormat (UnityEngine.LogType,UnityEngine.Object,string,object[])
UnityEngine.Logger:Log (UnityEngine.LogType,object)
UnityEngine.Debug:Log (object)
Game.Composition.MatchSceneView:TryPublishOperationMapReadiness (bool,bool,string&) (at Assets/Game/Scripts/Composition/MatchSceneView.OperationMapLifecycle.cs:277)
Game.Composition.MenuBootstrapCompositionSystemHelper:UpdateStaticMapPresentationForLoadedMatch (bool,Game.Composition.MatchSceneView) (at Assets/Game/Scripts/Composition/MenuBootstrapCompositionSystemHelper.cs:476)
Game.Composition.MenuBootstrapCompositionSystemHelper:UpdateStaticMapPresentation (Unity.Entities.EntityManager,Game.UI.Shell.Contracts.Ecs.UiShellStateComponent) (at Assets/Game/Scripts/Composition/MenuBootstrapCompositionSystemHelper.cs:453)
Game.Composition.MenuBootstrapCompositionSystemHelper:Update (Game.Composition.MenuBootstrapView,single) (at Assets/Game/Scripts/Composition/MenuBootstrapCompositionSystemHelper.cs:150)
Game.Composition.MenuBootstrapView:Update () (at Assets/Game/Scripts/Composition/MenuBootstrapView.cs:174)

(Filename: Assets/Game/Scripts/Composition/MatchSceneView.OperationMapLifecycle.cs Line: 277)

Streamed scene with  861ms latency from VirtualArtifacts/Extra/de/dede4d9e3ac774d45c24c8f724c3fec0.0.entities
[RuntimeGridBootstrap] RuntimeGridBootstrap_NoTacticalMapRuntimeLoader_2026-05-26 ready entity=322 size=2048x1024 cellSize=1
UnityEngine.Debug:ExtractStackTraceNoAlloc (byte*,int,string)
UnityEngine.StackTraceUtility:ExtractStackTrace () (at /Users/bokken/build/output/unity/unity/Runtime/Export/Scripting/StackTrace.cs:35)
UnityEngine.DebugLogHandler:Internal_Log (UnityEngine.LogType,UnityEngine.LogOption,string,UnityEngine.Object)
UnityEngine.DebugLogHandler:LogFormat (UnityEngine.LogType,UnityEngine.Object,string,object[])
UnityEngine.Logger:Log (UnityEngine.LogType,object)
UnityEngine.Debug:Log (object)
Game.Runtime.RuntimeGridBootstrapStartupSystemHelper:Ensure (Unity.Entities.EntityManager,int,int,single,UnityEngine.Vector3,UnityEngine.Vector2Int[]) (at Assets/Game/Scripts/Systems/RuntimeGridBootstrapStartupSystemHelper.cs:63)
Game.Composition.MatchBootstrapStartupConfigProjection:ProjectRuntimeStartupConfig (Unity.Entities.World,Game.Runtime.RuntimeGridBootstrapStartupSystemHelper,Game.Composition.MapSurfaceRuntimeBootstrapSceneSystemHelper,Game.Composition.MatchSceneView,Game.Configs.BuildingPlacementSystemConfig,Game.Runtime.AIStartupSystem,System.Collections.Generic.IReadOnlyList`1<Game.Configs.AIControllerConfig>,Game.Configs.AISettingsSnapshot,System.Collections.Generic.List`1<Game.Runtime.InitialFactionSpawnCellFallbackEntry>) (at Assets/Game/Scripts/Composition/MatchBootstrapStartupConfigProjection.cs:49)
Game.Composition.MatchGameplayStartupCompositionSystemHelper:AdvanceStep (Game.Runtime.BuildingRuntimeUpdateCompositionSystemHelper,Game.Runtime.BuildingRuntimeUpdateCompositionSystemHelper/Context&) (at Assets/Game/Scripts/Composition/MatchGameplayStartupCompositionSystemHelper.cs:181)
Game.Composition.MatchGameplayStartupCompositionSystemHelper:Advance (Game.Runtime.BuildingRuntimeUpdateCompositionSystemHelper,Game.Runtime.BuildingRuntimeUpdateCompositionSystemHelper/Context&) (at Assets/Game/Scripts/Composition/MatchGameplayStartupCompositionSystemHelper.cs:112)
Game.Composition.MatchBootstrapCompositionSystemHelper:Update () (at Assets/Game/Scripts/Composition/MatchBootstrapCompositionSystemHelper.cs:186)
Game.Composition.MatchSceneView:Update () (at Assets/Game/Scripts/Composition/MatchSceneView.cs:271)

(Filename: Assets/Game/Scripts/Systems/RuntimeGridBootstrapStartupSystemHelper.cs Line: 63)

[FrameRateDiag:PreGame] fps=4.0 avgFrame=247.2ms updateAvg=11.0ms updateMax=21.9ms cpuFrame=166.4ms cpuMain=129.9ms cpuRender=1.0ms gpu=0.4ms drawCalls=8 batches=0 setPass=27 tris=2125 verts=5951 units=0 models=0 sourceKeys=0 sourceKeyFallbackVisuals=0 initialSpawnConfigs=0 impostors=0 render=screen=1280x720,batch=0,quality=1:Mobile,vSync=0,targetFps=-1,pipeline=Mobile_RPAsset_MobileCandidate,scale=0.75,msaa=0,camera=Main Camera,cameraData=post:1,aa:FastApproximateAntialiasing,stack:0 memory=alloc=3217MB reserved=3611MB mono=1499MB focused=1 playRequested=0 simulationActive=0 lastSteps=MainMenu=0.2ms stepStats=none topSystems=disabled markers=disabled
Attempted to call .Dispose on an already disposed CancellationTokenSource
[SkirmishStress] playRequested=1
UnityEngine.Debug:ExtractStackTraceNoAlloc (byte*,int,string)
UnityEngine.StackTraceUtility:ExtractStackTrace () (at /Users/bokken/build/output/unity/unity/Runtime/Export/Scripting/StackTrace.cs:35)
UnityEngine.DebugLogHandler:Internal_Log (UnityEngine.LogType,UnityEngine.LogOption,string,UnityEngine.Object)
UnityEngine.DebugLogHandler:LogFormat (UnityEngine.LogType,UnityEngine.Object,string,object[])
UnityEngine.Logger:Log (UnityEngine.LogType,object)
UnityEngine.Debug:Log (object)
Game.Composition.SkirmishLaunchProjection:TryRequestPlay (Unity.Entities.EntityManager) (at Assets/Game/Scripts/Composition/SkirmishLaunchProjection.cs:224)
Game.Editor.SkirmishS002AriaRunHarness:Tick () (at Assets/Game/Scripts/Editor/Skirmish/SkirmishS002AriaRunHarness.cs:506)
UnityEditor.EditorApplication:Internal_CallUpdateFunctions () (at /Users/bokken/build/output/unity/unity/Editor/Mono/EditorApplication.cs:403)

(Filename: Assets/Game/Scripts/Composition/SkirmishLaunchProjection.cs Line: 224)

[TIMING] Validation took 4194ms
  at Unity.AI.MCP.Editor.Bridge.ValidateAndApproveAsync (Unity.AI.MCP.Editor.Connection.IConnectionTransport transport, System.Threading.CancellationToken token, System.Boolean isBatchMode) [0x0014d] in ./Library/PackageCache/com.unity.ai.assistant@6fee27370e6a/Modules/Unity.AI.MCP.Editor/Bridge.cs:1052 
  at System.Runtime.CompilerServices.AsyncMethodBuilderCore+MoveNextRunner.InvokeMoveNext (System.Object stateMachine) [0x00000] in <299d5c9ae27b4d27af003e5f456f4b13>:0 
  at System.Threading.ExecutionContext.RunInternal (System.Threading.ExecutionContext executionContext, System.Threading.ContextCallback callback, System.Object state, System.Boolean preserveSyncCtx) [0x00000] in <299d5c9ae27b4d27af003e5f456f4b13>:0 
  at System.Threading.ExecutionContext.Run (System.Threading.ExecutionContext executionContext, System.Threading.ContextCallback callback, System.Object state, System.Boolean preserveSyncCtx) [0x00000] in <299d5c9ae27b4d27af003e5f456f4b13>:0 
  at System.Runtime.CompilerServices.AsyncMethodBuilderCore+MoveNextRunner.Run () [0x00000] in <299d5c9ae27b4d27af003e5f456f4b13>:0 
  at System.Threading.Tasks.AwaitTaskContinuation.RunOrScheduleAction (System.Action action, System.Boolean allowInlining, System.Threading.Tasks.Task& currentTask) [0x00000] in <299d5c9ae27b4d27af003e5f456f4b13>:0 
  at System.Threading.Tasks.Task.FinishContinuations () [0x00000] in <299d5c9ae27b4d27af003e5f456f4b13>:0 
  at System.Threading.Tasks.Task.FinishStageThree () [0x00000] in <299d5c9ae27b4d27af003e5f456f4b13>:0 
  at System.Threading.Tasks.Task.FinishStageTwo () [0x00000] in <299d5c9ae27b4d27af003e5f456f4b13>:0 
  at System.Threading.Tasks.Task.Finish (System.Boolean bUserDelegateExecuted) [0x00000] in <299d5c9ae27b4d27af003e5f456f4b13>:0 
  at System.Threading.Tasks.Task.ExecuteWithThreadLocal (System.Threading.Tasks.Task& currentTaskSlot) [0x00000] in <299d5c9ae27b4d27af003e5f456f4b13>:0 
  at System.Threading.Tasks.Task.ExecuteEntry (System.Boolean bPreventDoubleExecution) [0x00000] in <299d5c9ae27b4d27af003e5f456f4b13>:0 
  at System.Threading.Tasks.Task.System.Threading.IThreadPoolWorkItem.ExecuteWorkItem () [0x00000] in <299d5c9ae27b4d27af003e5f456f4b13>:0 
  at System.Threading.ThreadPoolWorkQueue.Dispatch () [0x00000] in <299d5c9ae27b4d27af003e5f456f4b13>:0 
  at System.Threading._ThreadPoolWaitCallback.PerformWaitCallback () [0x00000] in <299d5c9ae27b4d27af003e5f456f4b13>:0 
UnityEngine.Debug:ExtractStackTraceNoAlloc (byte*,int,string)
UnityEngine.StackTraceUtility:ExtractStackTrace () (at /Users/bokken/build/output/unity/unity/Runtime/Export/Scripting/StackTrace.cs:35)
UnityEngine.DebugLogHandler:Internal_Log (UnityEngine.LogType,UnityEngine.LogOption,string,UnityEngine.Object)
UnityEngine.DebugLogHandler:LogFormat (UnityEngine.LogType,UnityEngine.Object,string,object[])
UnityEngine.Logger:Log (UnityEngine.LogType,object)
UnityEngine.Debug:Log (object)
Unity.AI.Tracing.ConsoleSink:LogToConsole (string,string,System.Exception) (at ./Library/PackageCache/com.unity.ai.assistant@6fee27370e6a/Modules/Unity.AI.Tracing/TraceSinks.cs:313)
Unity.AI.Tracing.ConsoleSink:Write (Unity.AI.Tracing.TraceEvent) (at ./Library/PackageCache/com.unity.ai.assistant@6fee27370e6a/Modules/Unity.AI.Tracing/TraceSinks.cs:277)
Unity.AI.Tracing.TraceWriter:WriteEventInternal (string,string,Unity.AI.Tracing.TraceEventOptions,string,System.Nullable`1<int>) (at ./Library/PackageCache/com.unity.ai.assistant@6fee27370e6a/Modules/Unity.AI.Tracing/TraceWriter.cs:373)
Unity.AI.Tracing.TraceWriter:Event (string,Unity.AI.Tracing.TraceEventOptions) (at ./Library/PackageCache/com.unity.ai.assistant@6fee27370e6a/Modules/Unity.AI.Tracing/TraceWriter.cs:297)
Unity.AI.Tracing.TraceLogger:Emit (string,string,string,string,Unity.AI.Tracing.TraceEventOptions,object,System.Exception) (at ./Library/PackageCache/com.unity.ai.assistant@6fee27370e6a/Modules/Unity.AI.Tracing/TraceLogger.cs:105)
Unity.AI.Tracing.TraceLogger:Info (string,string,string,Unity.AI.Tracing.TraceEventOptions) (at ./Library/PackageCache/com.unity.ai.assistant@6fee27370e6a/Modules/Unity.AI.Tracing/TraceLogger.cs:35)
Unity.AI.MCP.Editor.Helpers.McpLog/<>c__DisplayClass8_0:<LogDelayed>b__0 () (at ./Library/PackageCache/com.unity.ai.assistant@6fee27370e6a/Modules/Unity.AI.MCP.Editor/Helpers/McpLog.cs:74)
Unity.AI.Toolkit.EditorTask/<>c__DisplayClass21_0:<DelayCall>b__0 () (at ./Library/PackageCache/com.unity.ai.assistant@6fee27370e6a/Modules/Unity.AI.Toolkit.Async/EditorTask.cs:375)
UnityEditor.EditorApplication:Internal_CallUpdateFunctions () (at /Users/bokken/build/output/unity/unity/Editor/Mono/EditorApplication.cs:403)

(Filename: ./Library/PackageCache/com.unity.ai.assistant@6fee27370e6a/Modules/Unity.AI.Tracing/TraceSinks.cs Line: 313)

=== Connection Info ===
MCP Server:
  PID: 89462
  Name: relay_mac_arm64
  Executable: /Users/farhad/.unity/relay/relay_mac_arm64.app/Contents/MacOS/relay_mac_arm64
  Hash: 503e2659185f02de...
  Signed: Yes
  Publisher: 9QW8UQUTAA
  Signature Valid: Yes
  Validation: Pending
  Reason: Awaiting user approval
MCP Client:
  Name: codex
  PID: 31333
  Executable: /Applications/ChatGPT.app/Contents/Resources/codex
  Chain depth: 1 (walked up 1 level)
======================
  at Unity.AI.MCP.Editor.Bridge.LogConnectionDecision (Unity.AI.MCP.Editor.Security.ValidationDecision decision) [0x002aa] in ./Library/PackageCache/com.unity.ai.assistant@6fee27370e6a/Modules/Unity.AI.MCP.Editor/Bridge.cs:2039 
  at Unity.AI.MCP.Editor.Bridge.ValidateAndApproveAsync (Unity.AI.MCP.Editor.Connection.IConnectionTransport transport, System.Threading.CancellationToken token, System.Boolean isBatchMode) [0x0019b] in ./Library/PackageCache/com.unity.ai.assistant@6fee27370e6a/Modules/Unity.AI.MCP.Editor/Bridge.cs:1058 
  at System.Runtime.CompilerServices.AsyncMethodBuilderCore+MoveNextRunner.InvokeMoveNext (System.Object stateMachine) [0x00000] in <299d5c9ae27b4d27af003e5f456f4b13>:0 
  at System.Threading.ExecutionContext.RunInternal (System.Threading.ExecutionContext executionContext, System.Threading.ContextCallback callback, System.Object state, System.Boolean preserveSyncCtx) [0x00000] in <299d5c9ae27b4d27af003e5f456f4b13>:0 
  at System.Threading.ExecutionContext.Run (System.Threading.ExecutionContext executionContext, System.Threading.ContextCallback callback, System.Object state, System.Boolean preserveSyncCtx) [0x00000] in <299d5c9ae27b4d27af003e5f456f4b13>:0 
  at System.Runtime.CompilerServices.AsyncMethodBuilderCore+MoveNextRunner.Run () [0x00000] in <299d5c9ae27b4d27af003e5f456f4b13>:0 
  at System.Threading.Tasks.AwaitTaskContinuation.RunOrScheduleAction (System.Action action, System.Boolean allowInlining, System.Threading.Tasks.Task& currentTask) [0x00000] in <299d5c9ae27b4d27af003e5f456f4b13>:0 
  at System.Threading.Tasks.Task.FinishContinuations () [0x00000] in <299d5c9ae27b4d27af003e5f456f4b13>:0 
  at System.Threading.Tasks.Task.FinishStageThree () [0x00000] in <299d5c9ae27b4d27af003e5f456f4b13>:0 
  at System.Threading.Tasks.Task.FinishStageTwo () [0x00000] in <299d5c9ae27b4d27af003e5f456f4b13>:0 
  at System.Threading.Tasks.Task.Finish (System.Boolean bUserDelegateExecuted) [0x00000] in <299d5c9ae27b4d27af003e5f456f4b13>:0 
  at System.Threading.Tasks.Task.ExecuteWithThreadLocal (System.Threading.Tasks.Task& currentTaskSlot) [0x00000] in <299d5c9ae27b4d27af003e5f456f4b13>:0 
  at System.Threading.Tasks.Task.ExecuteEntry (System.Boolean bPreventDoubleExecution) [0x00000] in <299d5c9ae27b4d27af003e5f456f4b13>:0 
  at System.Threading.Tasks.Task.System.Threading.IThreadPoolWorkItem.ExecuteWorkItem () [0x00000] in <299d5c9ae27b4d27af003e5f456f4b13>:0 
  at System.Threading.ThreadPoolWorkQueue.Dispatch () [0x00000] in <299d5c9ae27b4d27af003e5f456f4b13>:0 
  at System.Threading._ThreadPoolWaitCallback.PerformWaitCallback () [0x00000] in <299d5c9ae27b4d27af003e5f456f4b13>:0 
UnityEngine.Debug:ExtractStackTraceNoAlloc (byte*,int,string)
UnityEngine.StackTraceUtility:ExtractStackTrace () (at /Users/bokken/build/output/unity/unity/Runtime/Export/Scripting/StackTrace.cs:35)
UnityEngine.DebugLogHandler:Internal_Log (UnityEngine.LogType,UnityEngine.LogOption,string,UnityEngine.Object)
UnityEngine.DebugLogHandler:LogFormat (UnityEngine.LogType,UnityEngine.Object,string,object[])
UnityEngine.Logger:Log (UnityEngine.LogType,object)
UnityEngine.Debug:Log (object)
Unity.AI.Tracing.ConsoleSink:LogToConsole (string,string,System.Exception) (at ./Library/PackageCache/com.unity.ai.assistant@6fee27370e6a/Modules/Unity.AI.Tracing/TraceSinks.cs:313)
Unity.AI.Tracing.ConsoleSink:Write (Unity.AI.Tracing.TraceEvent) (at ./Library/PackageCache/com.unity.ai.assistant@6fee27370e6a/Modules/Unity.AI.Tracing/TraceSinks.cs:277)
Unity.AI.Tracing.TraceWriter:WriteEventInternal (string,string,Unity.AI.Tracing.TraceEventOptions,string,System.Nullable`1<int>) (at ./Library/PackageCache/com.unity.ai.assistant@6fee27370e6a/Modules/Unity.AI.Tracing/TraceWriter.cs:373)
Unity.AI.Tracing.TraceWriter:Event (string,Unity.AI.Tracing.TraceEventOptions) (at ./Library/PackageCache/com.unity.ai.assistant@6fee27370e6a/Modules/Unity.AI.Tracing/TraceWriter.cs:297)
Unity.AI.Tracing.TraceLogger:Emit (string,string,string,string,Unity.AI.Tracing.TraceEventOptions,object,System.Exception) (at ./Library/PackageCache/com.unity.ai.assistant@6fee27370e6a/Modules/Unity.AI.Tracing/TraceLogger.cs:105)
Unity.AI.Tracing.TraceLogger:Info (string,string,string,Unity.AI.Tracing.TraceEventOptions) (at ./Library/PackageCache/com.unity.ai.assistant@6fee27370e6a/Modules/Unity.AI.Tracing/TraceLogger.cs:35)
Unity.AI.MCP.Editor.Helpers.McpLog/<>c__DisplayClass8_0:<LogDelayed>b__0 () (at ./Library/PackageCache/com.unity.ai.assistant@6fee27370e6a/Modules/Unity.AI.MCP.Editor/Helpers/McpLog.cs:74)
Unity.AI.Toolkit.EditorTask/<>c__DisplayClass21_0:<DelayCall>b__0 () (at ./Library/PackageCache/com.unity.ai.assistant@6fee27370e6a/Modules/Unity.AI.Toolkit.Async/EditorTask.cs:375)
UnityEditor.EditorApplication:Internal_CallUpdateFunctions () (at /Users/bokken/build/output/unity/unity/Editor/Mono/EditorApplication.cs:403)

(Filename: ./Library/PackageCache/com.unity.ai.assistant@6fee27370e6a/Modules/Unity.AI.Tracing/TraceSinks.cs Line: 313)

Android Extension - Scanning For ADB Devices 118 ms
Streamed scene with 2978ms latency from VirtualArtifacts/Extra/c6/c696ea2557f0ee1dee0e0a80850f5deb.0.entities
[OperationMapReadiness] ready=SourceContent, SubScene, Metadata, MapSurface, AuthoredConversion, PresentationManifest, RequiredPresentationPreload failed=None
UnityEngine.Debug:ExtractStackTraceNoAlloc (byte*,int,string)
UnityEngine.StackTraceUtility:ExtractStackTrace () (at /Users/bokken/build/output/unity/unity/Runtime/Export/Scripting/StackTrace.cs:35)
UnityEngine.DebugLogHandler:Internal_Log (UnityEngine.LogType,UnityEngine.LogOption,string,UnityEngine.Object)
UnityEngine.DebugLogHandler:LogFormat (UnityEngine.LogType,UnityEngine.Object,string,object[])
UnityEngine.Logger:Log (UnityEngine.LogType,object)
UnityEngine.Debug:Log (object)
Game.Composition.MatchSceneView:TryPublishOperationMapReadiness (bool,bool,string&) (at Assets/Game/Scripts/Composition/MatchSceneView.OperationMapLifecycle.cs:277)
Game.Composition.MenuBootstrapCompositionSystemHelper:UpdateStaticMapPresentationForLoadedMatch (bool,Game.Composition.MatchSceneView) (at Assets/Game/Scripts/Composition/MenuBootstrapCompositionSystemHelper.cs:476)
Game.Composition.MenuBootstrapCompositionSystemHelper:UpdateStaticMapPresentation (Unity.Entities.EntityManager,Game.UI.Shell.Contracts.Ecs.UiShellStateComponent) (at Assets/Game/Scripts/Composition/MenuBootstrapCompositionSystemHelper.cs:453)
Game.Composition.MenuBootstrapCompositionSystemHelper:Update (Game.Composition.MenuBootstrapView,single) (at Assets/Game/Scripts/Composition/MenuBootstrapCompositionSystemHelper.cs:150)
Game.Composition.MenuBootstrapView:Update () (at Assets/Game/Scripts/Composition/MenuBootstrapView.cs:174)

(Filename: Assets/Game/Scripts/Composition/MatchSceneView.OperationMapLifecycle.cs Line: 277)

[MapVehicleOwnershipRuntime] phase=RuntimeContextReady configAssigned=1 placements=0 authoringRootAssigned=1 configuredPacked=1 positiveContract=1
UnityEngine.Debug:ExtractStackTraceNoAlloc (byte*,int,string)
UnityEngine.StackTraceUtility:ExtractStackTrace () (at /Users/bokken/build/output/unity/unity/Runtime/Export/Scripting/StackTrace.cs:35)
UnityEngine.DebugLogHandler:Internal_Log (UnityEngine.LogType,UnityEngine.LogOption,string,UnityEngine.Object)
UnityEngine.DebugLogHandler:LogFormat (UnityEngine.LogType,UnityEngine.Object,string,object[])
UnityEngine.Logger:Log (UnityEngine.LogType,object)
UnityEngine.Debug:Log (object)
Game.Runtime.BuildingGameplayCompositionSystemHelper/<>c__DisplayClass16_0:<Initialize>g__EnsureRuntimeTickContext|38 () (at Assets/Game/Scripts/Systems/BuildingGameplayCompositionSystemHelper.cs:486)
Game.Runtime.BuildingGameplayCompositionSystemHelper/<>c__DisplayClass16_0:<Initialize>g__UpdateBuildingStartupTick|39 () (at Assets/Game/Scripts/Systems/BuildingGameplayCompositionSystemHelper.cs:606)
Game.Runtime.BuildingRuntimeUpdateCompositionSystemHelper:UpdateStartup (Game.Runtime.BuildingRuntimeUpdateCompositionSystemHelper/Context) (at Assets/Game/Scripts/Systems/BuildingRuntimeUpdateCompositionSystemHelper.cs:31)
Game.Runtime.GameplayRuntimeUpdateCompositionSystemHelper:Update (Unity.Entities.World,bool,Game.Runtime.RuntimeGameplayStateSystem,Game.Runtime.PerformanceDiagnosticsSystemHelper,System.Action,Game.Runtime.BuildingRuntimeUpdateCompositionSystemHelper,Game.Runtime.BuildingRuntimeUpdateCompositionSystemHelper/Context,System.Action,UnityEngine.Camera,Game.Runtime.RuntimeCityCompositionSystemHelper,Game.Runtime.RuntimeGridBlockerPresentationSystemHelper,Game.Runtime.RuntimeDecorationSpawnerPresentationSystemHelper,Game.Runtime.DayNightSystem,System.Action,Game.UI.Contracts.IMatchRuntimeUi,Game.Rendering.Contracts.IUnitImpostorRenderer,bool&) (at Assets/Game/Scripts/Systems/GameplayRuntimeUpdateCompositionSystemHelper.Runtime.cs:124)
Game.Composition.MatchBootstrapCompositionSystemHelper:UpdateRuntime (bool,Game.Runtime.RuntimeGameplayStateSystem,Game.Runtime.PerformanceDiagnosticsSystemHelper,System.Action,Game.Runtime.BuildingRuntimeUpdateCompositionSystemHelper,Game.Runtime.BuildingRuntimeUpdateCompositionSystemHelper/Context,System.Action,UnityEngine.Camera,Game.Runtime.RuntimeCityCompositionSystemHelper,Game.Runtime.RuntimeGridBlockerPresentationSystemHelper,Game.Runtime.RuntimeDecorationSpawnerPresentationSystemHelper,Game.Runtime.DayNightSystem,System.Action,Game.UI.Contracts.IMatchRuntimeUi,Game.Rendering.Contracts.IUnitImpostorRenderer,bool&) (at Assets/Game/Scripts/Composition/MatchBootstrapCompositionSystemHelper.cs:583)
Game.Composition.MatchBootstrapCompositionSystemHelper:Update () (at Assets/Game/Scripts/Composition/MatchBootstrapCompositionSystemHelper.cs:203)
Game.Composition.MatchSceneView:Update () (at Assets/Game/Scripts/Composition/MatchSceneView.cs:271)

(Filename: Assets/Game/Scripts/Systems/BuildingGameplayCompositionSystemHelper.cs Line: 486)

[MapVehiclePlacement] no baked map vehicle placements configured.
UnityEngine.Debug:ExtractStackTraceNoAlloc (byte*,int,string)
UnityEngine.StackTraceUtility:ExtractStackTrace () (at /Users/bokken/build/output/unity/unity/Runtime/Export/Scripting/StackTrace.cs:35)
UnityEngine.DebugLogHandler:Internal_Log (UnityEngine.LogType,UnityEngine.LogOption,string,UnityEngine.Object)
UnityEngine.DebugLogHandler:LogFormat (UnityEngine.LogType,UnityEngine.Object,string,object[])
UnityEngine.Logger:Log (UnityEngine.LogType,object)
UnityEngine.Debug:LogWarning (object)
Game.Runtime.MapVehiclePlacementSpawnPrefabSystemHelper:WarnOnce (bool&,Game.Runtime.MapVehiclePlacementSpawnPrefabSystemHelper/Context,string) (at Assets/Game/Scripts/Systems/MapVehiclePlacementSpawnPrefabSystemHelper.cs:665)
Game.Runtime.MapVehiclePlacementSpawnPrefabSystemHelper:SpawnPlacements (Game.Runtime.MapVehiclePlacementSpawnPrefabSystemHelper/Context,Unity.Entities.EntityManager,Unity.Entities.Entity,Game.Components.MapVehiclePlacementProgressState&) (at Assets/Game/Scripts/Systems/MapVehiclePlacementSpawnPrefabSystemHelper.cs:200)
Game.Runtime.MapVehiclePlacementSpawnPrefabSystemHelper:Update (Game.Runtime.MapVehiclePlacementSpawnPrefabSystemHelper/Context) (at Assets/Game/Scripts/Systems/MapVehiclePlacementSpawnPrefabSystemHelper.cs:157)
Game.Runtime.BuildingGameplayCompositionSystemHelper/<>c__DisplayClass16_2:<Initialize>b__61 () (at Assets/Game/Scripts/Systems/BuildingGameplayCompositionSystemHelper.cs:596)
Game.Runtime.BuildingPlacementRuntimeTickCompositionSystemHelper:UpdateStartup (Game.Runtime.BuildingPlacementRuntimeTickCompositionSystemHelper/Context) (at Assets/Game/Scripts/Systems/BuildingPlacementRuntimeTickCompositionSystemHelper.cs:124)
Game.Runtime.BuildingGameplayCompositionSystemHelper/<>c__DisplayClass16_0:<Initialize>g__UpdateBuildingStartupTick|39 () (at Assets/Game/Scripts/Systems/BuildingGameplayCompositionSystemHelper.cs:607)
Game.Runtime.BuildingRuntimeUpdateCompositionSystemHelper:UpdateStartup (Game.Runtime.BuildingRuntimeUpdateCompositionSystemHelper/Context) (at Assets/Game/Scripts/Systems/BuildingRuntimeUpdateCompositionSystemHelper.cs:31)
Game.Runtime.GameplayRuntimeUpdateCompositionSystemHelper:Update (Unity.Entities.World,bool,Game.Runtime.RuntimeGameplayStateSystem,Game.Runtime.PerformanceDiagnosticsSystemHelper,System.Action,Game.Runtime.BuildingRuntimeUpdateCompositionSystemHelper,Game.Runtime.BuildingRuntimeUpdateCompositionSystemHelper/Context,System.Action,UnityEngine.Camera,Game.Runtime.RuntimeCityCompositionSystemHelper,Game.Runtime.RuntimeGridBlockerPresentationSystemHelper,Game.Runtime.RuntimeDecorationSpawnerPresentationSystemHelper,Game.Runtime.DayNightSystem,System.Action,Game.UI.Contracts.IMatchRuntimeUi,Game.Rendering.Contracts.IUnitImpostorRenderer,bool&) (at Assets/Game/Scripts/Systems/GameplayRuntimeUpdateCompositionSystemHelper.Runtime.cs:124)
Game.Composition.MatchBootstrapCompositionSystemHelper:UpdateRuntime (bool,Game.Runtime.RuntimeGameplayStateSystem,Game.Runtime.PerformanceDiagnosticsSystemHelper,System.Action,Game.Runtime.BuildingRuntimeUpdateCompositionSystemHelper,Game.Runtime.BuildingRuntimeUpdateCompositionSystemHelper/Context,System.Action,UnityEngine.Camera,Game.Runtime.RuntimeCityCompositionSystemHelper,Game.Runtime.RuntimeGridBlockerPresentationSystemHelper,Game.Runtime.RuntimeDecorationSpawnerPresentationSystemHelper,Game.Runtime.DayNightSystem,System.Action,Game.UI.Contracts.IMatchRuntimeUi,Game.Rendering.Contracts.IUnitImpostorRenderer,bool&) (at Assets/Game/Scripts/Composition/MatchBootstrapCompositionSystemHelper.cs:583)
Game.Composition.MatchBootstrapCompositionSystemHelper:Update () (at Assets/Game/Scripts/Composition/MatchBootstrapCompositionSystemHelper.cs:203)
Game.Composition.MatchSceneView:Update () (at Assets/Game/Scripts/Composition/MatchSceneView.cs:271)

(Filename: Assets/Game/Scripts/Systems/MapVehiclePlacementSpawnPrefabSystemHelper.cs Line: 665)

[LoadingGate] ready frame=792 gameplayInitialized=1 playRequested=1 simulationActive=1
UnityEngine.Debug:ExtractStackTraceNoAlloc (byte*,int,string)
UnityEngine.StackTraceUtility:ExtractStackTrace () (at /Users/bokken/build/output/unity/unity/Runtime/Export/Scripting/StackTrace.cs:35)
UnityEngine.DebugLogHandler:Internal_Log (UnityEngine.LogType,UnityEngine.LogOption,string,UnityEngine.Object)
UnityEngine.DebugLogHandler:LogFormat (UnityEngine.LogType,UnityEngine.Object,string,object[])
UnityEngine.Logger:Log (UnityEngine.LogType,object)
UnityEngine.Debug:Log (object)
Game.Runtime.GameplayRuntimeUpdateCompositionSystemHelper:Update (Unity.Entities.World,bool,Game.Runtime.RuntimeGameplayStateSystem,Game.Runtime.PerformanceDiagnosticsSystemHelper,System.Action,Game.Runtime.BuildingRuntimeUpdateCompositionSystemHelper,Game.Runtime.BuildingRuntimeUpdateCompositionSystemHelper/Context,System.Action,UnityEngine.Camera,Game.Runtime.RuntimeCityCompositionSystemHelper,Game.Runtime.RuntimeGridBlockerPresentationSystemHelper,Game.Runtime.RuntimeDecorationSpawnerPresentationSystemHelper,Game.Runtime.DayNightSystem,System.Action,Game.UI.Contracts.IMatchRuntimeUi,Game.Rendering.Contracts.IUnitImpostorRenderer,bool&) (at Assets/Game/Scripts/Systems/GameplayRuntimeUpdateCompositionSystemHelper.Runtime.cs:220)
Game.Composition.MatchBootstrapCompositionSystemHelper:UpdateRuntime (bool,Game.Runtime.RuntimeGameplayStateSystem,Game.Runtime.PerformanceDiagnosticsSystemHelper,System.Action,Game.Runtime.BuildingRuntimeUpdateCompositionSystemHelper,Game.Runtime.BuildingRuntimeUpdateCompositionSystemHelper/Context,System.Action,UnityEngine.Camera,Game.Runtime.RuntimeCityCompositionSystemHelper,Game.Runtime.RuntimeGridBlockerPresentationSystemHelper,Game.Runtime.RuntimeDecorationSpawnerPresentationSystemHelper,Game.Runtime.DayNightSystem,System.Action,Game.UI.Contracts.IMatchRuntimeUi,Game.Rendering.Contracts.IUnitImpostorRenderer,bool&) (at Assets/Game/Scripts/Composition/MatchBootstrapCompositionSystemHelper.cs:583)
Game.Composition.MatchBootstrapCompositionSystemHelper:Update () (at Assets/Game/Scripts/Composition/MatchBootstrapCompositionSystemHelper.cs:203)
Game.Composition.MatchSceneView:Update () (at Assets/Game/Scripts/Composition/MatchSceneView.cs:271)

(Filename: Assets/Game/Scripts/Systems/GameplayRuntimeUpdateCompositionSystemHelper.Runtime.cs Line: 220)

[PerfDiag:PreGame] slowUpdate frame=792 total=27.1ms gc=0/0/0 cpuFrame=52.4ms cpuMain=47.8ms cpuRender=1.9ms gpu=11.4ms steps=BuildingStartup=26.6ms, MainMenu=0.1ms units=4953 models=22 sourceKeys=4953 sourceKeyFallbackVisuals=0 initialSpawnConfigs=0 drawCalls=464 batches=0 setPass=43 tris=996470 verts=1817759 memory=alloc=3288MB reserved=3696MB mono=1502MB uiToolkit=0 gameplayInitialized=1 playRequested=1 simulationActive=1 focused=1 vSync=0 targetFps=-1 topSystems=disabled markers=disabled
[MapVehicleOwnershipRuntime] phase=LiveContractObserved configAssigned=1 placements=0 authoringRootAssigned=1 configuredPacked=1 authoredVehicles=22
UnityEngine.Debug:ExtractStackTraceNoAlloc (byte*,int,string)
UnityEngine.StackTraceUtility:ExtractStackTrace () (at /Users/bokken/build/output/unity/unity/Runtime/Export/Scripting/StackTrace.cs:35)
UnityEngine.DebugLogHandler:Internal_Log (UnityEngine.LogType,UnityEngine.LogOption,string,UnityEngine.Object)
UnityEngine.DebugLogHandler:LogFormat (UnityEngine.LogType,UnityEngine.Object,string,object[])
UnityEngine.Logger:Log (UnityEngine.LogType,object)
UnityEngine.Debug:Log (object)
Game.Runtime.BuildingGameplayCompositionSystemHelper/<>c__DisplayClass16_0:<Initialize>g__UpdateBuildingSimulationTick|40 () (at Assets/Game/Scripts/Systems/BuildingGameplayCompositionSystemHelper.cs:622)
Game.Runtime.BuildingRuntimeUpdateCompositionSystemHelper:UpdateSimulation (Game.Runtime.BuildingRuntimeUpdateCompositionSystemHelper/Context) (at Assets/Game/Scripts/Systems/BuildingRuntimeUpdateCompositionSystemHelper.cs:41)
Game.Runtime.GameplayRuntimeUpdateCompositionSystemHelper:Update (Unity.Entities.World,bool,Game.Runtime.RuntimeGameplayStateSystem,Game.Runtime.PerformanceDiagnosticsSystemHelper,System.Action,Game.Runtime.BuildingRuntimeUpdateCompositionSystemHelper,Game.Runtime.BuildingRuntimeUpdateCompositionSystemHelper/Context,System.Action,UnityEngine.Camera,Game.Runtime.RuntimeCityCompositionSystemHelper,Game.Runtime.RuntimeGridBlockerPresentationSystemHelper,Game.Runtime.RuntimeDecorationSpawnerPresentationSystemHelper,Game.Runtime.DayNightSystem,System.Action,Game.UI.Contracts.IMatchRuntimeUi,Game.Rendering.Contracts.IUnitImpostorRenderer,bool&) (at Assets/Game/Scripts/Systems/GameplayRuntimeUpdateCompositionSystemHelper.Runtime.cs:150)
Game.Composition.MatchBootstrapCompositionSystemHelper:UpdateRuntime (bool,Game.Runtime.RuntimeGameplayStateSystem,Game.Runtime.PerformanceDiagnosticsSystemHelper,System.Action,Game.Runtime.BuildingRuntimeUpdateCompositionSystemHelper,Game.Runtime.BuildingRuntimeUpdateCompositionSystemHelper/Context,System.Action,UnityEngine.Camera,Game.Runtime.RuntimeCityCompositionSystemHelper,Game.Runtime.RuntimeGridBlockerPresentationSystemHelper,Game.Runtime.RuntimeDecorationSpawnerPresentationSystemHelper,Game.Runtime.DayNightSystem,System.Action,Game.UI.Contracts.IMatchRuntimeUi,Game.Rendering.Contracts.IUnitImpostorRenderer,bool&) (at Assets/Game/Scripts/Composition/MatchBootstrapCompositionSystemHelper.cs:583)
Game.Composition.MatchBootstrapCompositionSystemHelper:Update () (at Assets/Game/Scripts/Composition/MatchBootstrapCompositionSystemHelper.cs:203)
Game.Composition.MatchSceneView:Update () (at Assets/Game/Scripts/Composition/MatchSceneView.cs:271)

(Filename: Assets/Game/Scripts/Systems/BuildingGameplayCompositionSystemHelper.cs Line: 622)

[FreezeDetect] Update hitch frame=793 BuildingPlacement=944.7ms, GC=0/0/0, Total=959.9ms
[PerfDiag] slowUpdate frame=793 total=959.9ms gc=0/0/0 cpuFrame=7.8ms cpuMain=6.3ms cpuRender=1.4ms gpu=3.9ms steps=RoadBuild=2.2ms, BuildingPlacement=944.7ms, Selection=12.3ms, DayNight=0.0ms, CitizenPopulation=0.0ms, MainMenu=0.6ms units=4953 models=22 sourceKeys=4953 sourceKeyFallbackVisuals=0 initialSpawnConfigs=0 drawCalls=464 batches=0 setPass=43 tris=996470 verts=1817759 memory=alloc=3294MB reserved=3700MB mono=1508MB uiToolkit=0 gameplayInitialized=1 playRequested=1 simulationActive=1 focused=1 vSync=0 targetFps=-1 topSystems=disabled markers=disabled
[FreezeDetect] Frame gap frame=794 Gap=993.1ms GC=0/0/0 LastSteps=RoadBuild=2.2ms, BuildingPlacement=944.7ms, Selection=12.3ms, DayNight=0.0ms, CitizenPopulation=0.0ms, MainMenu=0.6ms
[FreezeDetect] Update hitch frame=794 BuildingPlacement=1006.2ms, GC=0/0/0, Total=1006.5ms
[PerfDiag] slowUpdate frame=794 total=1006.5ms gc=0/0/0 cpuFrame=7.1ms cpuMain=5.6ms cpuRender=1.4ms gpu=3.6ms steps=RoadBuild=0.1ms, BuildingPlacement=1006.2ms, Selection=0.1ms, DayNight=0.0ms, CitizenPopulation=0.0ms, MainMenu=0.1ms units=4967 models=22 sourceKeys=4967 sourceKeyFallbackVisuals=0 initialSpawnConfigs=0 drawCalls=1014 batches=0 setPass=48 tris=1697806 verts=3076881 memory=alloc=3320MB reserved=3715MB mono=1516MB uiToolkit=0 gameplayInitialized=1 playRequested=1 simulationActive=1 focused=1 vSync=0 targetFps=-1 topSystems=disabled markers=disabled
[FrameRateDiag] fps=2.3 avgFrame=441.2ms updateAvg=221.6ms updateMax=1006.5ms cpuFrame=7.1ms cpuMain=5.6ms cpuRender=1.4ms gpu=3.6ms drawCalls=1014 batches=0 setPass=48 tris=1697806 verts=3076881 units=4967 models=22 sourceKeys=4967 sourceKeyFallbackVisuals=0 initialSpawnConfigs=0 impostors=0 render=screen=1280x720,batch=0,quality=1:Mobile,vSync=0,targetFps=-1,pipeline=Mobile_RPAsset_MobileCandidate,scale=0.75,msaa=0,camera=Main Camera,cameraData=post:1,aa:FastApproximateAntialiasing,stack:0 memory=alloc=3320MB reserved=3715MB mono=1516MB focused=1 playRequested=1 simulationActive=1 stepStats=none topSystems=disabled markers=disabled
Android Extension - Scanning For ADB Devices 80 ms
[FreezeDetect] Frame gap frame=795 Gap=1182.9ms GC=0/0/0 LastSteps=RoadBuild=0.1ms, BuildingPlacement=1006.2ms, Selection=0.1ms, DayNight=0.0ms, CitizenPopulation=0.0ms, MainMenu=0.1ms
[UiShellPresentation] stage=CommandStarted sequence=3 kind=EnterMatchHud region=None route=Match
UnityEngine.Debug:ExtractStackTraceNoAlloc (byte*,int,string)
UnityEngine.StackTraceUtility:ExtractStackTrace () (at /Users/bokken/build/output/unity/unity/Runtime/Export/Scripting/StackTrace.cs:35)
UnityEngine.DebugLogHandler:Internal_Log (UnityEngine.LogType,UnityEngine.LogOption,string,UnityEngine.Object)
UnityEngine.DebugLogHandler:LogFormat (UnityEngine.LogType,UnityEngine.Object,string,object[])
UnityEngine.Logger:Log (UnityEngine.LogType,object,UnityEngine.Object)
UnityEngine.Debug:Log (object,UnityEngine.Object)
Game.Composition.UiDiagnosticsComposition:Report (Game.UI.Contracts.UiDiagnosticSeverity,string,UnityEngine.Object) (at Assets/Game/Scripts/Composition/UiDiagnosticsComposition.cs:17)
Game.UI.Contracts.UiDiagnostics:Info (string,UnityEngine.Object) (at Assets/Game/Scripts/UI/Contracts/UiDiagnostics.cs:14)
Game.UI.Runtime.UIShellEcsPresentationSystem:LogTransition (string,Game.UI.Contracts.UiShellPresentationCommandModel) (at Assets/Game/Scripts/UI/Shell/UIShellEcsPresentationSystem.cs:138)
Game.UI.Runtime.UIShellEcsPresentationSystem:Update () (at Assets/Game/Scripts/UI/Shell/UIShellEcsPresentationSystem.cs:87)

(Filename: Assets/Game/Scripts/Composition/UiDiagnosticsComposition.cs Line: 17)

[FreezeDetect] Frame gap frame=796 Gap=247.9ms GC=0/0/0 LastSteps=RoadBuild=0.0ms, BuildingPlacement=0.2ms, Selection=0.1ms, DayNight=0.0ms, CitizenPopulation=0.0ms, MainMenu=5.1ms
[UiShellPresentation] stage=CommandCompleted sequence=3 kind=EnterMatchHud region=None route=Match
UnityEngine.Debug:ExtractStackTraceNoAlloc (byte*,int,string)
UnityEngine.StackTraceUtility:ExtractStackTrace () (at /Users/bokken/build/output/unity/unity/Runtime/Export/Scripting/StackTrace.cs:35)
UnityEngine.DebugLogHandler:Internal_Log (UnityEngine.LogType,UnityEngine.LogOption,string,UnityEngine.Object)
UnityEngine.DebugLogHandler:LogFormat (UnityEngine.LogType,UnityEngine.Object,string,object[])
UnityEngine.Logger:Log (UnityEngine.LogType,object,UnityEngine.Object)
UnityEngine.Debug:Log (object,UnityEngine.Object)
Game.Composition.UiDiagnosticsComposition:Report (Game.UI.Contracts.UiDiagnosticSeverity,string,UnityEngine.Object) (at Assets/Game/Scripts/Composition/UiDiagnosticsComposition.cs:17)
Game.UI.Contracts.UiDiagnostics:Info (string,UnityEngine.Object) (at Assets/Game/Scripts/UI/Contracts/UiDiagnostics.cs:14)
Game.UI.Runtime.UIShellEcsPresentationSystem:LogTransition (string,Game.UI.Contracts.UiShellPresentationCommandModel) (at Assets/Game/Scripts/UI/Shell/UIShellEcsPresentationSystem.cs:138)
Game.UI.Runtime.UIShellEcsPresentationSystem/<>c__DisplayClass24_0:<Update>b__0 (int) (at Assets/Game/Scripts/UI/Shell/UIShellEcsPresentationSystem.cs:100)
Game.UI.Runtime.UIShellView/<>c__DisplayClass19_0:<ExecuteCommandSequence>b__0 () (at Assets/Game/Scripts/UI/Shell/UIShellView.cs:98)
Game.UI.Runtime.UIMotionHostView/<SequenceRoutine>d__32:MoveNext () (at Assets/Game/Scripts/UI/Shell/UIMotionHostView.cs:268)
UnityEngine.SetupCoroutine:InvokeMoveNext (System.Collections.IEnumerator,intptr) (at /Users/bokken/build/output/unity/unity/Runtime/Export/Scripting/Coroutines.cs:17)

(Filename: Assets/Game/Scripts/Composition/UiDiagnosticsComposition.cs Line: 17)

[UiShellPresentation] stage=CompletionFlushed sequence=3 kind=EnterMatchHud region=None
UnityEngine.Debug:ExtractStackTraceNoAlloc (byte*,int,string)
UnityEngine.StackTraceUtility:ExtractStackTrace () (at /Users/bokken/build/output/unity/unity/Runtime/Export/Scripting/StackTrace.cs:35)
UnityEngine.DebugLogHandler:Internal_Log (UnityEngine.LogType,UnityEngine.LogOption,string,UnityEngine.Object)
UnityEngine.DebugLogHandler:LogFormat (UnityEngine.LogType,UnityEngine.Object,string,object[])
UnityEngine.Logger:Log (UnityEngine.LogType,object,UnityEngine.Object)
UnityEngine.Debug:Log (object,UnityEngine.Object)
Game.Composition.UiDiagnosticsComposition:Report (Game.UI.Contracts.UiDiagnosticSeverity,string,UnityEngine.Object) (at Assets/Game/Scripts/Composition/UiDiagnosticsComposition.cs:17)
Game.UI.Contracts.UiDiagnostics:Info (string,UnityEngine.Object) (at Assets/Game/Scripts/UI/Contracts/UiDiagnostics.cs:14)
Game.UI.Runtime.UIShellEcsPresentationSystem:LogTransition (string,Game.UI.Contracts.UiShellTransitionCompleteModel) (at Assets/Game/Scripts/UI/Shell/UIShellEcsPresentationSystem.cs:146)
Game.UI.Runtime.UIShellEcsPresentationSystem:FlushPendingCompletion () (at Assets/Game/Scripts/UI/Shell/UIShellEcsPresentationSystem.cs:129)
Game.UI.Runtime.UIShellEcsPresentationSystem:Update () (at Assets/Game/Scripts/UI/Shell/UIShellEcsPresentationSystem.cs:67)

(Filename: Assets/Game/Scripts/Composition/UiDiagnosticsComposition.cs Line: 17)

[FrameRateDiag] fps=33.6 avgFrame=29.8ms updateAvg=2.3ms updateMax=32.3ms cpuFrame=13.2ms cpuMain=11.6ms cpuRender=1.9ms gpu=7.0ms drawCalls=910 batches=0 setPass=97 tris=1226581 verts=2224579 units=4995 models=50 sourceKeys=4995 sourceKeyFallbackVisuals=0 initialSpawnConfigs=0 impostors=24 render=screen=1280x720,batch=0,quality=1:Mobile,vSync=0,targetFps=-1,pipeline=Mobile_RPAsset_MobileCandidate,scale=0.75,msaa=0,camera=Main Camera,cameraData=post:1,aa:FastApproximateAntialiasing,stack:0 memory=alloc=3478MB reserved=3880MB mono=1529MB focused=1 playRequested=1 simulationActive=1 stepStats=none topSystems=disabled markers=disabled
[SkirmishS003Startup] physicalSupply=True oil=121 usableFuel=350
UnityEngine.Debug:ExtractStackTraceNoAlloc (byte*,int,string)
UnityEngine.StackTraceUtility:ExtractStackTrace () (at /Users/bokken/build/output/unity/unity/Runtime/Export/Scripting/StackTrace.cs:35)
UnityEngine.DebugLogHandler:Internal_Log (UnityEngine.LogType,UnityEngine.LogOption,string,UnityEngine.Object)
UnityEngine.DebugLogHandler:LogFormat (UnityEngine.LogType,UnityEngine.Object,string,object[])
UnityEngine.Logger:Log (UnityEngine.LogType,object)
UnityEngine.Debug:Log (object)
Game.Editor.SkirmishS002AriaRunHarness:Tick () (at Assets/Game/Scripts/Editor/Skirmish/SkirmishS002AriaRunHarness.cs:614)
UnityEditor.EditorApplication:Internal_CallUpdateFunctions () (at /Users/bokken/build/output/unity/unity/Editor/Mono/EditorApplication.cs:403)

(Filename: Assets/Game/Scripts/Editor/Skirmish/SkirmishS002AriaRunHarness.cs Line: 614)

[SkirmishS003Startup] sharedBuildings=14 expectedBuildings=14 units=28 expectedUnits=28 readySessions=1 materialBanks=2 sharedCombatUnits=28 suppressedSharedUnits=0 genericStrategyControllers=0 claimedScenery=0 mismatchedBuildingOwners=0
UnityEngine.Debug:ExtractStackTraceNoAlloc (byte*,int,string)
UnityEngine.StackTraceUtility:ExtractStackTrace () (at /Users/bokken/build/output/unity/unity/Runtime/Export/Scripting/StackTrace.cs:35)
UnityEngine.DebugLogHandler:Internal_Log (UnityEngine.LogType,UnityEngine.LogOption,string,UnityEngine.Object)
UnityEngine.DebugLogHandler:LogFormat (UnityEngine.LogType,UnityEngine.Object,string,object[])
UnityEngine.Logger:Log (UnityEngine.LogType,object)
UnityEngine.Debug:Log (object)
Game.Editor.SkirmishS002AriaRunHarness:Tick () (at Assets/Game/Scripts/Editor/Skirmish/SkirmishS002AriaRunHarness.cs:616)
UnityEditor.EditorApplication:Internal_CallUpdateFunctions () (at /Users/bokken/build/output/unity/unity/Editor/Mono/EditorApplication.cs:403)

(Filename: Assets/Game/Scripts/Editor/Skirmish/SkirmishS002AriaRunHarness.cs Line: 616)

[MainMenuV3PrefabBuilder] gameView=1280x720 selectedIndex=4
UnityEngine.Debug:ExtractStackTraceNoAlloc (byte*,int,string)
UnityEngine.StackTraceUtility:ExtractStackTrace () (at /Users/bokken/build/output/unity/unity/Runtime/Export/Scripting/StackTrace.cs:35)
UnityEngine.DebugLogHandler:Internal_Log (UnityEngine.LogType,UnityEngine.LogOption,string,UnityEngine.Object)
UnityEngine.DebugLogHandler:LogFormat (UnityEngine.LogType,UnityEngine.Object,string,object[])
UnityEngine.Logger:Log (UnityEngine.LogType,object)
UnityEngine.Debug:Log (object)
Game.Editor.MainMenuV3PrefabBuilder:SetGameViewResolution (int,int) (at Assets/Game/Scripts/Editor/MainMenuV3PrefabBuilder.cs:375)
Game.Editor.SkirmishS002AriaRunHarness:CaptureNativeReview (double) (at Assets/Game/Scripts/Editor/Skirmish/SkirmishS002AriaRunHarness.cs:206)
Game.Editor.SkirmishS002AriaRunHarness:Tick () (at Assets/Game/Scripts/Editor/Skirmish/SkirmishS002AriaRunHarness.cs:640)
UnityEditor.EditorApplication:Internal_CallUpdateFunctions () (at /Users/bokken/build/output/unity/unity/Editor/Mono/EditorApplication.cs:403)

(Filename: Assets/Game/Scripts/Editor/MainMenuV3PrefabBuilder.cs Line: 375)

[SkirmishS003Startup] physicalSupply=True oil=122 usableFuel=350
UnityEngine.Debug:ExtractStackTraceNoAlloc (byte*,int,string)
UnityEngine.StackTraceUtility:ExtractStackTrace () (at /Users/bokken/build/output/unity/unity/Runtime/Export/Scripting/StackTrace.cs:35)
UnityEngine.DebugLogHandler:Internal_Log (UnityEngine.LogType,UnityEngine.LogOption,string,UnityEngine.Object)
UnityEngine.DebugLogHandler:LogFormat (UnityEngine.LogType,UnityEngine.Object,string,object[])
UnityEngine.Logger:Log (UnityEngine.LogType,object)
UnityEngine.Debug:Log (object)
Game.Editor.SkirmishS002AriaRunHarness:Tick () (at Assets/Game/Scripts/Editor/Skirmish/SkirmishS002AriaRunHarness.cs:614)
UnityEditor.EditorApplication:Internal_CallUpdateFunctions () (at /Users/bokken/build/output/unity/unity/Editor/Mono/EditorApplication.cs:403)

(Filename: Assets/Game/Scripts/Editor/Skirmish/SkirmishS002AriaRunHarness.cs Line: 614)

[SkirmishS003Startup] sharedBuildings=14 expectedBuildings=14 units=28 expectedUnits=28 readySessions=1 materialBanks=2 sharedCombatUnits=28 suppressedSharedUnits=0 genericStrategyControllers=0 claimedScenery=0 mismatchedBuildingOwners=0
UnityEngine.Debug:ExtractStackTraceNoAlloc (byte*,int,string)
UnityEngine.StackTraceUtility:ExtractStackTrace () (at /Users/bokken/build/output/unity/unity/Runtime/Export/Scripting/StackTrace.cs:35)
UnityEngine.DebugLogHandler:Internal_Log (UnityEngine.LogType,UnityEngine.LogOption,string,UnityEngine.Object)
UnityEngine.DebugLogHandler:LogFormat (UnityEngine.LogType,UnityEngine.Object,string,object[])
UnityEngine.Logger:Log (UnityEngine.LogType,object)
UnityEngine.Debug:Log (object)
Game.Editor.SkirmishS002AriaRunHarness:Tick () (at Assets/Game/Scripts/Editor/Skirmish/SkirmishS002AriaRunHarness.cs:616)
UnityEditor.EditorApplication:Internal_CallUpdateFunctions () (at /Users/bokken/build/output/unity/unity/Editor/Mono/EditorApplication.cs:403)

(Filename: Assets/Game/Scripts/Editor/Skirmish/SkirmishS002AriaRunHarness.cs Line: 616)

[SkirmishNativeOpening] minimap=MinimapPanel parent=HeaderContent anchors=(0.00, 0.00)/(0.00, 0.00) position=(15.00, 300.00) worldCorners=(11.48, 229.54, 0.00)/(256.32, 397.87, 0.00)
UnityEngine.Debug:ExtractStackTraceNoAlloc (byte*,int,string)
UnityEngine.StackTraceUtility:ExtractStackTrace () (at /Users/bokken/build/output/unity/unity/Runtime/Export/Scripting/StackTrace.cs:35)
UnityEngine.DebugLogHandler:Internal_Log (UnityEngine.LogType,UnityEngine.LogOption,string,UnityEngine.Object)
UnityEngine.DebugLogHandler:LogFormat (UnityEngine.LogType,UnityEngine.Object,string,object[])
UnityEngine.Logger:Log (UnityEngine.LogType,object)
UnityEngine.Debug:Log (object)
Game.Editor.SkirmishS002AriaRunHarness:CaptureNativeReview (double) (at Assets/Game/Scripts/Editor/Skirmish/SkirmishS002AriaRunHarness.cs:219)
Game.Editor.SkirmishS002AriaRunHarness:Tick () (at Assets/Game/Scripts/Editor/Skirmish/SkirmishS002AriaRunHarness.cs:640)
UnityEditor.EditorApplication:Internal_CallUpdateFunctions () (at /Users/bokken/build/output/unity/unity/Editor/Mono/EditorApplication.cs:403)

(Filename: Assets/Game/Scripts/Editor/Skirmish/SkirmishS002AriaRunHarness.cs Line: 219)

[SkirmishNativeOpening] baseWorld=float3(1001f, 0.1391798f, 304.5f) baseViewport=(0.60, 0.41, 78.25) camera=(985.25, 70.95, 270.17)
UnityEngine.Debug:ExtractStackTraceNoAlloc (byte*,int,string)
UnityEngine.StackTraceUtility:ExtractStackTrace () (at /Users/bokken/build/output/unity/unity/Runtime/Export/Scripting/StackTrace.cs:35)
UnityEngine.DebugLogHandler:Internal_Log (UnityEngine.LogType,UnityEngine.LogOption,string,UnityEngine.Object)
UnityEngine.DebugLogHandler:LogFormat (UnityEngine.LogType,UnityEngine.Object,string,object[])
UnityEngine.Logger:Log (UnityEngine.LogType,object)
UnityEngine.Debug:Log (object)
Game.Editor.SkirmishS002AriaRunHarness:CaptureNativeReview (double) (at Assets/Game/Scripts/Editor/Skirmish/SkirmishS002AriaRunHarness.cs:231)
Game.Editor.SkirmishS002AriaRunHarness:Tick () (at Assets/Game/Scripts/Editor/Skirmish/SkirmishS002AriaRunHarness.cs:640)
UnityEditor.EditorApplication:Internal_CallUpdateFunctions () (at /Users/bokken/build/output/unity/unity/Editor/Mono/EditorApplication.cs:403)

(Filename: Assets/Game/Scripts/Editor/Skirmish/SkirmishS002AriaRunHarness.cs Line: 231)

Ignoring depth surface load action as it is memoryless
Ignoring depth surface store action as it is memoryless
[SkirmishS003Startup] physicalSupply=True oil=123 usableFuel=350
UnityEngine.Debug:ExtractStackTraceNoAlloc (byte*,int,string)
UnityEngine.StackTraceUtility:ExtractStackTrace () (at /Users/bokken/build/output/unity/unity/Runtime/Export/Scripting/StackTrace.cs:35)
UnityEngine.DebugLogHandler:Internal_Log (UnityEngine.LogType,UnityEngine.LogOption,string,UnityEngine.Object)
UnityEngine.DebugLogHandler:LogFormat (UnityEngine.LogType,UnityEngine.Object,string,object[])
UnityEngine.Logger:Log (UnityEngine.LogType,object)
UnityEngine.Debug:Log (object)
Game.Editor.SkirmishS002AriaRunHarness:Tick () (at Assets/Game/Scripts/Editor/Skirmish/SkirmishS002AriaRunHarness.cs:614)
UnityEditor.EditorApplication:Internal_CallUpdateFunctions () (at /Users/bokken/build/output/unity/unity/Editor/Mono/EditorApplication.cs:403)

(Filename: Assets/Game/Scripts/Editor/Skirmish/SkirmishS002AriaRunHarness.cs Line: 614)

[SkirmishS003Startup] sharedBuildings=14 expectedBuildings=14 units=28 expectedUnits=28 readySessions=1 materialBanks=2 sharedCombatUnits=28 suppressedSharedUnits=0 genericStrategyControllers=0 claimedScenery=0 mismatchedBuildingOwners=0
UnityEngine.Debug:ExtractStackTraceNoAlloc (byte*,int,string)
UnityEngine.StackTraceUtility:ExtractStackTrace () (at /Users/bokken/build/output/unity/unity/Runtime/Export/Scripting/StackTrace.cs:35)
UnityEngine.DebugLogHandler:Internal_Log (UnityEngine.LogType,UnityEngine.LogOption,string,UnityEngine.Object)
UnityEngine.DebugLogHandler:LogFormat (UnityEngine.LogType,UnityEngine.Object,string,object[])
UnityEngine.Logger:Log (UnityEngine.LogType,object)
UnityEngine.Debug:Log (object)
Game.Editor.SkirmishS002AriaRunHarness:Tick () (at Assets/Game/Scripts/Editor/Skirmish/SkirmishS002AriaRunHarness.cs:616)
UnityEditor.EditorApplication:Internal_CallUpdateFunctions () (at /Users/bokken/build/output/unity/unity/Editor/Mono/EditorApplication.cs:403)

(Filename: Assets/Game/Scripts/Editor/Skirmish/SkirmishS002AriaRunHarness.cs Line: 616)

[SkirmishS003Startup] physicalSupply=True oil=124 usableFuel=350
UnityEngine.Debug:ExtractStackTraceNoAlloc (byte*,int,string)
UnityEngine.StackTraceUtility:ExtractStackTrace () (at /Users/bokken/build/output/unity/unity/Runtime/Export/Scripting/StackTrace.cs:35)
UnityEngine.DebugLogHandler:Internal_Log (UnityEngine.LogType,UnityEngine.LogOption,string,UnityEngine.Object)
UnityEngine.DebugLogHandler:LogFormat (UnityEngine.LogType,UnityEngine.Object,string,object[])
UnityEngine.Logger:Log (UnityEngine.LogType,object)
UnityEngine.Debug:Log (object)
Game.Editor.SkirmishS002AriaRunHarness:Tick () (at Assets/Game/Scripts/Editor/Skirmish/SkirmishS002AriaRunHarness.cs:614)
UnityEditor.EditorApplication:Internal_CallUpdateFunctions () (at /Users/bokken/build/output/unity/unity/Editor/Mono/EditorApplication.cs:403)

(Filename: Assets/Game/Scripts/Editor/Skirmish/SkirmishS002AriaRunHarness.cs Line: 614)

[SkirmishS003Startup] sharedBuildings=14 expectedBuildings=14 units=28 expectedUnits=28 readySessions=1 materialBanks=2 sharedCombatUnits=28 suppressedSharedUnits=0 genericStrategyControllers=0 claimedScenery=0 mismatchedBuildingOwners=0
UnityEngine.Debug:ExtractStackTraceNoAlloc (byte*,int,string)
UnityEngine.StackTraceUtility:ExtractStackTrace () (at /Users/bokken/build/output/unity/unity/Runtime/Export/Scripting/StackTrace.cs:35)
UnityEngine.DebugLogHandler:Internal_Log (UnityEngine.LogType,UnityEngine.LogOption,string,UnityEngine.Object)
UnityEngine.DebugLogHandler:LogFormat (UnityEngine.LogType,UnityEngine.Object,string,object[])
UnityEngine.Logger:Log (UnityEngine.LogType,object)
UnityEngine.Debug:Log (object)
Game.Editor.SkirmishS002AriaRunHarness:Tick () (at Assets/Game/Scripts/Editor/Skirmish/SkirmishS002AriaRunHarness.cs:616)
UnityEditor.EditorApplication:Internal_CallUpdateFunctions () (at /Users/bokken/build/output/unity/unity/Editor/Mono/EditorApplication.cs:403)

(Filename: Assets/Game/Scripts/Editor/Skirmish/SkirmishS002AriaRunHarness.cs Line: 616)

[SkirmishSquadPaginationSelected] result=Captured input=FixtureDirectSelection visualReview=Pending path=/private/tmp/s003-native-fa-IR-1280x720-selected-fixture.png
UnityEngine.Debug:ExtractStackTraceNoAlloc (byte*,int,string)
UnityEngine.StackTraceUtility:ExtractStackTrace () (at /Users/bokken/build/output/unity/unity/Runtime/Export/Scripting/StackTrace.cs:35)
UnityEngine.DebugLogHandler:Internal_Log (UnityEngine.LogType,UnityEngine.LogOption,string,UnityEngine.Object)
UnityEngine.DebugLogHandler:LogFormat (UnityEngine.LogType,UnityEngine.Object,string,object[])
UnityEngine.Logger:Log (UnityEngine.LogType,object)
UnityEngine.Debug:Log (object)
Game.Editor.SkirmishS002AriaRunHarness:CaptureNativeReview (double) (at Assets/Game/Scripts/Editor/Skirmish/SkirmishS002AriaRunHarness.cs:266)
Game.Editor.SkirmishS002AriaRunHarness:Tick () (at Assets/Game/Scripts/Editor/Skirmish/SkirmishS002AriaRunHarness.cs:640)
UnityEditor.EditorApplication:Internal_CallUpdateFunctions () (at /Users/bokken/build/output/unity/unity/Editor/Mono/EditorApplication.cs:403)

(Filename: Assets/Game/Scripts/Editor/Skirmish/SkirmishS002AriaRunHarness.cs Line: 266)

[SkirmishS003Startup] result=Passed reason=sharedStartupDiagnostic
UnityEngine.Debug:ExtractStackTraceNoAlloc (byte*,int,string)
UnityEngine.StackTraceUtility:ExtractStackTrace () (at /Users/bokken/build/output/unity/unity/Runtime/Export/Scripting/StackTrace.cs:35)
UnityEngine.DebugLogHandler:Internal_Log (UnityEngine.LogType,UnityEngine.LogOption,string,UnityEngine.Object)
UnityEngine.DebugLogHandler:LogFormat (UnityEngine.LogType,UnityEngine.Object,string,object[])
UnityEngine.Logger:Log (UnityEngine.LogType,object)
UnityEngine.Debug:Log (object)
Game.Editor.SkirmishS002AriaRunHarness:Finish (bool,string) (at Assets/Game/Scripts/Editor/Skirmish/SkirmishS002AriaRunHarness.cs:977)
Game.Editor.SkirmishS002AriaRunHarness:Tick () (at Assets/Game/Scripts/Editor/Skirmish/SkirmishS002AriaRunHarness.cs:642)
UnityEditor.EditorApplication:Internal_CallUpdateFunctions () (at /Users/bokken/build/output/unity/unity/Editor/Mono/EditorApplication.cs:403)

(Filename: Assets/Game/Scripts/Editor/Skirmish/SkirmishS002AriaRunHarness.cs Line: 977)

[FreezeDetect] Frame gap frame=1371 Gap=22386.7ms GC=0/0/0 LastSteps=RoadBuild=0.0ms, BuildingPlacement=0.1ms, Selection=0.1ms, DayNight=0.0ms, CitizenPopulation=0.0ms, MainMenu=1.2ms
[FrameRateDiag] fps=3.3 avgFrame=304.8ms updateAvg=1.8ms updateMax=8.1ms cpuFrame=11.4ms cpuMain=10.0ms cpuRender=1.9ms gpu=4.2ms drawCalls=921 batches=0 setPass=112 tris=1339215 verts=2438931 units=4995 models=50 sourceKeys=4995 sourceKeyFallbackVisuals=0 initialSpawnConfigs=0 impostors=20 render=screen=1280x720,batch=0,quality=1:Mobile,vSync=0,targetFps=-1,pipeline=Mobile_RPAsset_MobileCandidate,scale=0.75,msaa=0,camera=Main Camera,cameraData=post:1,aa:FastApproximateAntialiasing,stack:0 memory=alloc=4043MB reserved=4475MB mono=1742MB focused=1 playRequested=1 simulationActive=1 stepStats=none topSystems=disabled markers=disabled
[RenderSceneDiag] frame=1371 source=profilerCounters drawCalls=921 batches=0 setPass=112 tris=1339215 verts=2438931 topSystems=disabled markers=disabled
Thread 0x3a0fcb000 may have been prematurely finalized
Unloading 1171 Unused Serialized files (Serialized files now loaded: 0)
Loaded scene 'Temp/__Backupscenes/0.backup'
	Deserialize:            10.891 ms
	Integration:            682.548 ms
	Integration of assets:  0.014 ms
	Thread Wait Time:       -0.007 ms
	Total Operation Time:   693.446 ms
Unloading 87 unused Assets / (344.6 KB). Loaded Objects now: 54093.
Memory consumption went from 3.50 GB to 3.50 GB.
Total: 72.337875 ms (FindLiveObjects: 1.197209 ms CreateObjectMapping: 11.377875 ms MarkObjects: 57.990334 ms  DeleteObjects: 1.770417 ms)

[Licensing::Client] Successfully resolved entitlement details
[Licensing::Client] Successfully resolved entitlement details
GPU Resident Drawer created.
[SkirmishValidationExit] result=Requested code=0
UnityEngine.Debug:ExtractStackTraceNoAlloc (byte*,int,string)
UnityEngine.StackTraceUtility:ExtractStackTrace () (at /Users/bokken/build/output/unity/unity/Runtime/Export/Scripting/StackTrace.cs:35)
UnityEngine.DebugLogHandler:Internal_Log (UnityEngine.LogType,UnityEngine.LogOption,string,UnityEngine.Object)
UnityEngine.DebugLogHandler:LogFormat (UnityEngine.LogType,UnityEngine.Object,string,object[])
UnityEngine.Logger:Log (UnityEngine.LogType,object)
UnityEngine.Debug:Log (object)
Game.Editor.SkirmishS002AriaRunHarness:FinishQuitAfterPlayMode () (at Assets/Game/Scripts/Editor/Skirmish/SkirmishS002AriaRunHarness.cs:1157)
UnityEditor.EditorApplication:Internal_CallUpdateFunctions () (at /Users/bokken/build/output/unity/unity/Editor/Mono/EditorApplication.cs:403)

(Filename: Assets/Game/Scripts/Editor/Skirmish/SkirmishS002AriaRunHarness.cs Line: 1157)

MonoPathRemapper: Attempts to remap: 456732; Successful remaps: 2358
Thread 0x39daeb000 may have been prematurely finalized
Thread 0x3a1057000 may have been prematurely finalized
Serialized file version minimum: 22, current 23
[LAYOUT] About to save layout /Users/farhad/Projects/WarlineCapture/UserSettings/Layouts/default-6000.dwlt
[LAYOUT] About to save layout /Users/farhad/Library/Preferences/Unity/Editor-5.x/Layouts/current/default-6000.dwlt
Pipeline Server stopped
Clearing [LiberationSans SDF - Fallback] dynamic font asset data.
UnityEngine.Debug:ExtractStackTraceNoAlloc (byte*,int,string)
UnityEngine.StackTraceUtility:ExtractStackTrace () (at /Users/bokken/build/output/unity/unity/Runtime/Export/Scripting/StackTrace.cs:35)
UnityEngine.DebugLogHandler:Internal_Log (UnityEngine.LogType,UnityEngine.LogOption,string,UnityEngine.Object)
UnityEngine.DebugLogHandler:LogFormat (UnityEngine.LogType,UnityEngine.Object,string,object[])
UnityEngine.Logger:Log (UnityEngine.LogType,object)
UnityEngine.Debug:Log (object)
TMPro.EditorEventCallbacks/<>c:<InitializeFontAssetResourceChangeCallBacks>b__0_0 () (at ./Library/PackageCache/com.unity.ugui@3d1ea40b73ef/Editor/TMP/TMP_EditorResourceManager.cs:36)
UnityEditor.EditorApplication:Internal_EditorApplicationQuit () (at /Users/bokken/build/output/unity/unity/Editor/Mono/EditorApplication.cs:128)
Game.Editor.SkirmishS002AriaRunHarness:FinishQuitAfterPlayMode () (at Assets/Game/Scripts/Editor/Skirmish/SkirmishS002AriaRunHarness.cs:1158)
UnityEditor.EditorApplication:Internal_CallUpdateFunctions () (at /Users/bokken/build/output/unity/unity/Editor/Mono/EditorApplication.cs:403)

(Filename: ./Library/PackageCache/com.unity.ugui@3d1ea40b73ef/Editor/TMP/TMP_EditorResourceManager.cs Line: 36)

Unloading 0 Unused Serialized files (Serialized files now loaded: 0)
Deleted discovery files
UnityEngine.Debug:ExtractStackTraceNoAlloc (byte*,int,string)
UnityEngine.StackTraceUtility:ExtractStackTrace () (at /Users/bokken/build/output/unity/unity/Runtime/Export/Scripting/StackTrace.cs:35)
UnityEngine.DebugLogHandler:Internal_Log (UnityEngine.LogType,UnityEngine.LogOption,string,UnityEngine.Object)
UnityEngine.DebugLogHandler:LogFormat (UnityEngine.LogType,UnityEngine.Object,string,object[])
UnityEngine.Logger:Log (UnityEngine.LogType,object)
UnityEngine.Debug:Log (object)
Unity.AI.Tracing.ConsoleSink:LogToConsole (string,string,System.Exception) (at ./Library/PackageCache/com.unity.ai.assistant@6fee27370e6a/Modules/Unity.AI.Tracing/TraceSinks.cs:313)
Unity.AI.Tracing.ConsoleSink:Write (Unity.AI.Tracing.TraceEvent) (at ./Library/PackageCache/com.unity.ai.assistant@6fee27370e6a/Modules/Unity.AI.Tracing/TraceSinks.cs:277)
Unity.AI.Tracing.TraceWriter:WriteEventInternal (string,string,Unity.AI.Tracing.TraceEventOptions,string,System.Nullable`1<int>) (at ./Library/PackageCache/com.unity.ai.assistant@6fee27370e6a/Modules/Unity.AI.Tracing/TraceWriter.cs:373)
Unity.AI.Tracing.TraceWriter:Event (string,Unity.AI.Tracing.TraceEventOptions) (at ./Library/PackageCache/com.unity.ai.assistant@6fee27370e6a/Modules/Unity.AI.Tracing/TraceWriter.cs:297)
Unity.AI.Tracing.TraceLogger:Emit (string,string,string,string,Unity.AI.Tracing.TraceEventOptions,object,System.Exception) (at ./Library/PackageCache/com.unity.ai.assistant@6fee27370e6a/Modules/Unity.AI.Tracing/TraceLogger.cs:105)
Unity.AI.Tracing.TraceLogger:Info (string,string,string,Unity.AI.Tracing.TraceEventOptions) (at ./Library/PackageCache/com.unity.ai.assistant@6fee27370e6a/Modules/Unity.AI.Tracing/TraceLogger.cs:35)
Unity.AI.MCP.Editor.Helpers.McpLog:Log (string,Unity.AI.Tracing.TraceEventOptions) (at ./Library/PackageCache/com.unity.ai.assistant@6fee27370e6a/Modules/Unity.AI.MCP.Editor/Helpers/McpLog.cs:15)
Unity.AI.MCP.Editor.Helpers.ServerDiscovery:DeleteDiscoveryFiles () (at ./Library/PackageCache/com.unity.ai.assistant@6fee27370e6a/Modules/Unity.AI.MCP.Editor/Connection/ServerDiscovery.cs:156)
Unity.AI.MCP.Editor.Bridge:Stop () (at ./Library/PackageCache/com.unity.ai.assistant@6fee27370e6a/Modules/Unity.AI.MCP.Editor/Bridge.cs:351)
UnityEditor.EditorApplication:Internal_EditorApplicationQuit () (at /Users/bokken/build/output/unity/unity/Editor/Mono/EditorApplication.cs:128)
Game.Editor.SkirmishS002AriaRunHarness:FinishQuitAfterPlayMode () (at Assets/Game/Scripts/Editor/Skirmish/SkirmishS002AriaRunHarness.cs:1158)
UnityEditor.EditorApplication:Internal_CallUpdateFunctions () (at /Users/bokken/build/output/unity/unity/Editor/Mono/EditorApplication.cs:403)

(Filename: ./Library/PackageCache/com.unity.ai.assistant@6fee27370e6a/Modules/Unity.AI.Tracing/TraceSinks.cs Line: 313)

Deleted socket file: /tmp/unity-mcp-cf777efb-15131
UnityEngine.Debug:ExtractStackTraceNoAlloc (byte*,int,string)
UnityEngine.StackTraceUtility:ExtractStackTrace () (at /Users/bokken/build/output/unity/unity/Runtime/Export/Scripting/StackTrace.cs:35)
UnityEngine.DebugLogHandler:Internal_Log (UnityEngine.LogType,UnityEngine.LogOption,string,UnityEngine.Object)
UnityEngine.DebugLogHandler:LogFormat (UnityEngine.LogType,UnityEngine.Object,string,object[])
UnityEngine.Logger:Log (UnityEngine.LogType,object)
UnityEngine.Debug:Log (object)
Unity.AI.Tracing.ConsoleSink:LogToConsole (string,string,System.Exception) (at ./Library/PackageCache/com.unity.ai.assistant@6fee27370e6a/Modules/Unity.AI.Tracing/TraceSinks.cs:313)
Unity.AI.Tracing.ConsoleSink:Write (Unity.AI.Tracing.TraceEvent) (at ./Library/PackageCache/com.unity.ai.assistant@6fee27370e6a/Modules/Unity.AI.Tracing/TraceSinks.cs:277)
Unity.AI.Tracing.TraceWriter:WriteEventInternal (string,string,Unity.AI.Tracing.TraceEventOptions,string,System.Nullable`1<int>) (at ./Library/PackageCache/com.unity.ai.assistant@6fee27370e6a/Modules/Unity.AI.Tracing/TraceWriter.cs:373)
Unity.AI.Tracing.TraceWriter:Event (string,Unity.AI.Tracing.TraceEventOptions) (at ./Library/PackageCache/com.unity.ai.assistant@6fee27370e6a/Modules/Unity.AI.Tracing/TraceWriter.cs:297)
Unity.AI.Tracing.TraceLogger:Emit (string,string,string,string,Unity.AI.Tracing.TraceEventOptions,object,System.Exception) (at ./Library/PackageCache/com.unity.ai.assistant@6fee27370e6a/Modules/Unity.AI.Tracing/TraceLogger.cs:105)
Unity.AI.Tracing.TraceLogger:Info (string,string,string,Unity.AI.Tracing.TraceEventOptions) (at ./Library/PackageCache/com.unity.ai.assistant@6fee27370e6a/Modules/Unity.AI.Tracing/TraceLogger.cs:35)
Unity.AI.MCP.Editor.Helpers.McpLog:Log (string,Unity.AI.Tracing.TraceEventOptions) (at ./Library/PackageCache/com.unity.ai.assistant@6fee27370e6a/Modules/Unity.AI.MCP.Editor/Helpers/McpLog.cs:15)
Unity.AI.MCP.Editor.Connection.UnixSocketListener:Stop () (at ./Library/PackageCache/com.unity.ai.assistant@6fee27370e6a/Modules/Unity.AI.MCP.Editor/Connection/UnixSocketListener.cs:251)
Unity.AI.MCP.Editor.Bridge:Stop () (at ./Library/PackageCache/com.unity.ai.assistant@6fee27370e6a/Modules/Unity.AI.MCP.Editor/Bridge.cs:361)
UnityEditor.EditorApplication:Internal_EditorApplicationQuit () (at /Users/bokken/build/output/unity/unity/Editor/Mono/EditorApplication.cs:128)
Game.Editor.SkirmishS002AriaRunHarness:FinishQuitAfterPlayMode () (at Assets/Game/Scripts/Editor/Skirmish/SkirmishS002AriaRunHarness.cs:1158)
UnityEditor.EditorApplication:Internal_CallUpdateFunctions () (at /Users/bokken/build/output/unity/unity/Editor/Mono/EditorApplication.cs:403)

(Filename: ./Library/PackageCache/com.unity.ai.assistant@6fee27370e6a/Modules/Unity.AI.Tracing/TraceSinks.cs Line: 313)

UnityMCPBridge stopped.
UnityEngine.Debug:ExtractStackTraceNoAlloc (byte*,int,string)
UnityEngine.StackTraceUtility:ExtractStackTrace () (at /Users/bokken/build/output/unity/unity/Runtime/Export/Scripting/StackTrace.cs:35)
UnityEngine.DebugLogHandler:Internal_Log (UnityEngine.LogType,UnityEngine.LogOption,string,UnityEngine.Object)
UnityEngine.DebugLogHandler:LogFormat (UnityEngine.LogType,UnityEngine.Object,string,object[])
UnityEngine.Logger:Log (UnityEngine.LogType,object)
UnityEngine.Debug:Log (object)
Unity.AI.Tracing.ConsoleSink:LogToConsole (string,string,System.Exception) (at ./Library/PackageCache/com.unity.ai.assistant@6fee27370e6a/Modules/Unity.AI.Tracing/TraceSinks.cs:313)
Unity.AI.Tracing.ConsoleSink:Write (Unity.AI.Tracing.TraceEvent) (at ./Library/PackageCache/com.unity.ai.assistant@6fee27370e6a/Modules/Unity.AI.Tracing/TraceSinks.cs:277)
Unity.AI.Tracing.TraceWriter:WriteEventInternal (string,string,Unity.AI.Tracing.TraceEventOptions,string,System.Nullable`1<int>) (at ./Library/PackageCache/com.unity.ai.assistant@6fee27370e6a/Modules/Unity.AI.Tracing/TraceWriter.cs:373)
Unity.AI.Tracing.TraceWriter:Event (string,Unity.AI.Tracing.TraceEventOptions) (at ./Library/PackageCache/com.unity.ai.assistant@6fee27370e6a/Modules/Unity.AI.Tracing/TraceWriter.cs:297)
Unity.AI.Tracing.TraceLogger:Emit (string,string,string,string,Unity.AI.Tracing.TraceEventOptions,object,System.Exception) (at ./Library/PackageCache/com.unity.ai.assistant@6fee27370e6a/Modules/Unity.AI.Tracing/TraceLogger.cs:105)
Unity.AI.Tracing.TraceLogger:Info (string,string,string,Unity.AI.Tracing.TraceEventOptions) (at ./Library/PackageCache/com.unity.ai.assistant@6fee27370e6a/Modules/Unity.AI.Tracing/TraceLogger.cs:35)
Unity.AI.MCP.Editor.Helpers.McpLog:Log (string,Unity.AI.Tracing.TraceEventOptions) (at ./Library/PackageCache/com.unity.ai.assistant@6fee27370e6a/Modules/Unity.AI.MCP.Editor/Helpers/McpLog.cs:15)
Unity.AI.MCP.Editor.Bridge:Stop () (at ./Library/PackageCache/com.unity.ai.assistant@6fee27370e6a/Modules/Unity.AI.MCP.Editor/Bridge.cs:407)
UnityEditor.EditorApplication:Internal_EditorApplicationQuit () (at /Users/bokken/build/output/unity/unity/Editor/Mono/EditorApplication.cs:128)
Game.Editor.SkirmishS002AriaRunHarness:FinishQuitAfterPlayMode () (at Assets/Game/Scripts/Editor/Skirmish/SkirmishS002AriaRunHarness.cs:1158)
UnityEditor.EditorApplication:Internal_CallUpdateFunctions () (at /Users/bokken/build/output/unity/unity/Editor/Mono/EditorApplication.cs:403)

(Filename: ./Library/PackageCache/com.unity.ai.assistant@6fee27370e6a/Modules/Unity.AI.Tracing/TraceSinks.cs Line: 313)

Killing ADB server in 0.04865 seconds.
Shutting down MSBuild server...
Shutting down VB/C# compiler server...
VB/C# compiler server shut down successfully.
MSBuild server shut down successfully.
Importing 'GUID: 2e498d1c8094910479dc3e1b768306a4 - Path: Assets/TextMesh Pro/Resources/Fonts & Materials/LiberationSans SDF - Fallback.asset' with importer (NativeFormatImporter)
Imported 'GUID: 2e498d1c8094910479dc3e1b768306a4' -> (Import Result ID: '2bb8e9ce2b314bda2bd0703802d1cdb8') in 0.005 seconds [static dependencies only]. Details - ImportResultOutputID=94ce4dace069634644df4d315a8acf11 DependenciesID=57c4f50a4a2694e82789a692afb02c97 StaticDependenciesID=b9bd57100191ac21f3d00c9b44cee932 

Asset Pipeline Refresh (id=ccfd206b9ad1e4f3eac3df795a071eae): Total: 1.315 seconds - Initiated by StopAssetImportingV2(NoUpdateAssetOptions)
	(Values over 0.05ms)
	Summary:
		Imports: total=1 (actual=1, local cache=0, cache server=0)
		Asset DB Process Time: managed=0 ms, native=808 ms
		Asset DB Callback time: managed=497 ms, native=7 ms
		Scripting: domain reloads=0, domain reload time=0 ms, compile time=0 ms, other=0 ms
		Project Asset Count: scripts=3315, non-scripts=21453
		Asset File Changes: new=0, changed=0, moved=0, deleted=0
		Scan Filter Count: 5
	ApplyChangesToAssetFolders: 0.174ms
	Scan: 8.953ms
	Collect global state as custom dependencies: 0.210ms
	CategorizeScriptCompilationAssets: 0.366ms
	ProcessAssetsWithTransientArtifactChanges: 0.538ms
	CategorizeAssets: 523.216ms
	ImportOutOfDateAssets: 217.053ms (24.166ms without children)
		ImportManagerImport: 8.555ms (2.637ms without children)
		ReloadNativeAssets: 0.787ms
		UnloadImportedAssets: 0.188ms
		EnsureUptoDateAssetsAreRegisteredWithGuidPM: 1.969ms
		InitializingProgressBar: 42.657ms
		ImportSchedulerStart: 138.730ms
	PostProcessAllAssets: 500.368ms
		XRBuildSystem.XRAssetImported 2.177ms
		AssemblyValidation.PostprocessAllAssets 0.109ms
		MonoPostProcessAllAssets: 497.250ms
			AssetPostprocessor.OnPostprocessAllAssets 362.273ms
			AssetReferenceReimportMonitor.OnPostprocessAllAssets 12.391ms
			SceneAssetPostProcessor.OnPostprocessAllAssets 4.643ms
			SpriteEditorTexturePostprocessor.OnPostprocessAllAssets 3.863ms
			BuilderAssetPostprocessor.OnPostprocessAllAssets 3.565ms
			SpriteSlicePostprocessor.OnPostprocessAllAssets 2.129ms
			ShaderGraphAssetPostProcessor.OnPostprocessAllAssets 1.511ms
			AddressablesAssetPostProcessor.OnPostprocessAllAssets 1.339ms
			RetainedModeAssetPostprocessor.OnPostprocessAllAssets 1.156ms
			SyncVS.PostprocessSyncProject 1.031ms
			TMPro_TexturePostProcessor.OnPostprocessAllAssets 0.700ms
			MaterialPostprocessor.OnPostprocessAllAssets 0.342ms
			SampleDependencyImporterPostProcessor.OnPostprocessAllAssets 0.260ms
			PostProcessor.OnPostprocessAllAssets 0.239ms
			TextAssetPostProcessor.OnPostprocessAllAssets 0.226ms
			InputActionJsonNameModifierAssetProcessor.OnPostprocessAllAssets 0.209ms
			SkillsProjectAssetPostprocessor.OnPostprocessAllAssets 0.208ms
			AssetChangedListener.OnPostprocessAllAssets 0.194ms
			UVCSAssetPostprocessor.OnPostprocessAllAssets 0.188ms
			AssetPathToTypes.OnPostprocessAllAssets 0.178ms
			ArtifactBrowserPostProcessor.OnPostprocessAllAssets 0.162ms
			AudioMixerPostprocessor.OnPostprocessAllAssets 0.147ms
			InputActionAssetPostprocessor.OnPostprocessAllAssets 0.100ms
			AssetEvents.OnPostprocessAllAssets 0.099ms
			StyleCatalogPostProcessor.OnPostprocessAllAssets 0.097ms
			ConfigAssetsTracker.OnPostprocessAllAssets 0.085ms
			SamplePostprocessor.OnPostprocessAllAssets 0.083ms
			SpeedTreePostProcessor.OnPostprocessAllAssets 0.082ms
			ScenarioDriftAssetsTracker.OnPostprocessAllAssets 0.078ms
	PostAssetChangesProfiler: 4.869ms
	GatherAllCurrentPrimaryImportResultRevisions: 1.550ms
	PersistCurrentRevisions: 0.555ms
	Untracked: 56.728ms

Unloading 14 unused Assets / (1.1 KB). Loaded Objects now: 54122.
Memory consumption went from 3.48 GB to 3.48 GB.
Total: 65.175042 ms (FindLiveObjects: 1.891416 ms CreateObjectMapping: 9.767292 ms MarkObjects: 53.452083 ms  DeleteObjects: 0.063625 ms)

Thread 0x3b548f000 may have been prematurely finalized
Input System module state changed to: ShutdownInProgress.
Input Polling Thread exited.
Input System module state changed to: Shutdown.

Leak detected: 2 preview scene(s) were not closed prior to shutdown. This indicates a leak of preview scenes
- To track who caused the leak make sure to enable the diagnostics switch: 'Preview Scene Activity'
[Physics::Module] Cleanup current backend.
[Physics::Module] Id: 0xf2b8ea05
[Licensing::IpcConnector] LicenseClient-farhad-notifications channel disconnected successfully.
[Licensing::IpcConnector] LicenseClient-farhad channel disconnected successfully.
Thread 0x16c1a7000 may have been prematurely finalized
Thread 0x16c233000 may have been prematurely finalized
Thread 0x16c3d7000 may have been prematurely finalized
Thread 0x16c607000 may have been prematurely finalized
Thread 0x16c2bf000 may have been prematurely finalized
Thread 0x16c463000 may have been prematurely finalized
Thread 0x16c4ef000 may have been prematurely finalized
Thread 0x16c57b000 may have been prematurely finalized
Thread 0x16c34b000 may have been prematurely finalized
AcceleratorClientConnectionCallback - disconnected - :0
Thread 0x179087000 may have been prematurely finalized
Cleanup mono
info: Microsoft.Hosting.Lifetime[0]
      Application is shutting down...
CodeReloadManager destroyed
info: Unity.ILPP.Runner.PostProcessingAssemblyLoadContext[0]
      ALC ILPP context 1 is unloading
Leak Detected : Persistent allocates 398 individual allocations. To find out more please enable 'Settings > Jobs > Leak Detection Level > Enabled With Stack Trace' and reproduce the leak again.
debugger-agent: Unable to listen on 45
