Unity Editor version:    6000.5.2f1 (eb73d3b415a1)
Branch:                  6000.5/staging
Build type:              Release
Batch mode:              NO
macOS version:           Version 26.6.2 (Build 25G83)
Darwin version:          25.6.0
Architecture:            arm64
Running under Rosetta:   NO
Available memory:        16384 MB
Date:                    2026-10-03T22:08:05Z
[Licensing::Module] Trying to connect to existing licensing client channel...
[Licensing::IpcConnector] Successfully connected to: "LicenseClient-farhad" at "2026-10-03T22:08:05.653766Z"
Launching external process: /Applications/Unity/Hub/Editor/6000.5.2f1/Unity.app/Contents/Helpers/PackageManager/Server/UnityPackageManager

COMMAND LINE ARGUMENTS:
/Applications/Unity/Hub/Editor/6000.5.2f1/Unity.app/Contents/MacOS/Unity
-projectPath
/Users/farhad/Projects/WarlineCapture
-logFile
/private/tmp/warline-s004-campaign-native-fa-IR-155925-29.log
-executeMethod
Game.Editor.SkirmishS002AriaRunHarness.RunS004AriaAndExit
Successfully changed project path to: /Users/farhad/Projects/WarlineCapture
/Users/farhad/Projects/WarlineCapture
[UnityMemory] Configuration Parameters - Can be set up in boot.config
    "memorysetup-temp-allocator-size-gi-baking-worker=262144"
    "memorysetup-temp-allocator-size-gi-baking-worker=262144"
    "memorysetup-temp-allocator-size-gi-baking-worker=262144"
    "memorysetup-temp-allocator-size-gi-baking-worker=262144"
    "memorysetup-temp-allocator-size-gi-baking-worker=262144"
    "memorysetup-temp-allocator-size-nav-mesh-worker=65536"
    "memorysetup-temp-allocator-size-audio-worker=65536"
    "memorysetup-temp-allocator-size-cloud-worker=32768"
    "memorysetup-allocator-temp-initial-block-size-main=262144"
    "memorysetup-allocator-temp-initial-block-size-worker=262144"
    "memorysetup-temp-allocator-size-preload-manager=33554432"
    "memorysetup-temp-allocator-size-gfx=262144"
    "memorysetup-temp-allocator-size-background-worker=32768"
    "memorysetup-temp-allocator-size-job-worker=262144"
    "memorysetup-bucket-allocator-granularity=16"
    "memorysetup-bucket-allocator-bucket-count=8"
    "memorysetup-bucket-allocator-block-size=33554432"
    "memorysetup-bucket-allocator-block-count=8"
    "memorysetup-main-allocator-block-size=16777216"
    "memorysetup-thread-allocator-block-size=16777216"
    "memorysetup-main-allocator-mimalloc-enabled=0"
    "memorysetup-gfx-main-allocator-block-size=16777216"
    "memorysetup-gfx-thread-allocator-block-size=16777216"
    "memorysetup-cache-allocator-block-size=4194304"
    "memorysetup-typetree-allocator-block-size=2097152"
    "memorysetup-profiler-bucket-allocator-granularity=16"
    "memorysetup-profiler-bucket-allocator-bucket-count=8"
    "memorysetup-profiler-bucket-allocator-block-size=33554432"
    "memorysetup-profiler-bucket-allocator-block-count=8"
    "memorysetup-profiler-allocator-block-size=16777216"
    "memorysetup-profiler-editor-allocator-block-size=1048576"
    "memorysetup-temp-allocator-size-main=16777216"
    "memorysetup-job-temp-allocator-block-size=2097152"
    "memorysetup-job-temp-allocator-block-size-background=1048576"
    "memorysetup-job-temp-allocator-reduction-small-platforms=262144"
Logging is directed to a specific file, skipping project log.Player connection [8466637184]  Target information:

Player connection [8466637184]  * "[IP] 192.168.2.175 [Port] 55504 [Flags] 2 [Guid] 2589150788 [EditorId] 2589150788 [Version] 1048832 [Id] OSXEditor(0,Farhads-Air-2) [Debug] 1 [PackageName] OSXEditor [ProjectName] Editor" 

Player connection [8466637184] Host joined multi-casting on [225.0.0.222:54997]...
Player connection [8466637184] Host joined alternative multi-casting on [225.0.0.222:34997]...
Input System module state changed to: Initialized.
[Physics::Module] Initialized fallback backend.
[Physics::Module] Id: 0xdecafbad
[Licensing::Client] Error: HandshakeResponse reported an error:
	ResponseCode: 505
	ResponseStatus: Unsupported protocol version '1.18.1'.
[Licensing::Module] Error: Failed to handshake to channel: "LicenseClient-farhad"
[Licensing::IpcConnector] LicenseClient-farhad channel disconnected successfully.
[Licensing::IpcConnector] Successfully connected to: "LicenseClient-farhad-6000.5.2" at "2026-10-03T22:08:06.768162Z"
[Package Manager] Connected to IPC stream "Upm-28956" after 0.5 seconds.
[Licensing::Module] Licensing is not yet initialized.
[Licensing::Client] Handshaking with LicensingClient:
  Version:                 1.18.1+9fbee8e
  Session Id:              4f72524193b64cf48973e8eb1adcdbdd
  Correlation Id:          9daa549db5e8de905f3b751f8394da74
  External correlation Id: 8985330720584887073
  Machine Id:              10T5sSSYWiUOOlqtQecUz0BYTYA=
[Licensing::Module] Successfully connected to LicensingClient on channel: "LicenseClient-farhad-6000.5.2" (connect: 0.00s, validation: 0.01s, handshake: 0.88s)
[Licensing::IpcConnector] Successfully connected to: "LicenseClient-farhad-6000.5.2-notifications" at "2026-10-03T22:08:07.655708Z"
[Licensing::Module] Error: Access token is unavailable; failed to update
[Licensing::Client] Successfully resolved entitlement details
[Licensing::Module] License group:
  Id: 2197950-UnityPersXXXX
  Product: Unity Personal
  Type: Assigned
  Expiration: Unlimited
[Licensing::Client] Successfully updated license, isAsync: True, time: 0.02
[Licensing::Client] Successfully resolved entitlement details
[Licensing::Module] Licensing Background thread has ended after 2.06s
[Licensing::Module] Licensing is initialized (took 0.44s).
[Licensing::Client] Successfully resolved entitlement details
Library Redirect Path: Library/
[Physics::Module] Selected backend.
[Physics::Module] Name: PhysX
[Physics::Module] Id: 0xf2b8ea05
[Physics::Module] SDK Version: 4.1.2
[Physics::Module] Integration Version: 1.0.0
[Physics::Module] Threading Mode: Multi-Threaded
Artifact Garbage Collection - Removed 1 unused hashed content files
Initialize engine version: 6000.5.2f1 (eb73d3b415a1)
[Subsystems] Discovering subsystems at path /Applications/Unity/Hub/Editor/6000.5.2f1/Unity.app/Contents/Resources/UnitySubsystems
[Subsystems] Discovering subsystems at path /Users/farhad/Projects/WarlineCapture/Assets
GfxDevice: creating device client; kGfxThreadingModeThreaded
 preferred device: Apple M5 (high power)
Metal devices available: 1
0: Apple M5 (high power)
Using device Apple M5 (high power)
Initializing Metal device caps: Apple M5
Mac GPU Family: 2
Apple GPU Family: 9
MSL Version: 3.0
Has Float MSAA: 1
Has Float Filtering: 1
ReadWrite Texture Tier: 2
Initialize mono
Mono path[0] = '/Applications/Unity/Hub/Editor/6000.5.2f1/Unity.app/Contents/Resources/Scripting/Managed'
Mono path[1] = '/Applications/Unity/Hub/Editor/6000.5.2f1/Unity.app/Contents/Resources/Scripting/BCLExtensions/runtime/netstandard2.1'
Mono path[2] = '/Applications/Unity/Hub/Editor/6000.5.2f1/Unity.app/Contents/Resources/Scripting/MonoBleedingEdge/lib/mono/unityjit-macos'
Mono config path = '/Applications/Unity/Hub/Editor/6000.5.2f1/Unity.app/Contents/Resources/Scripting/MonoBleedingEdge/etc'
Using monoOptions --debugger-agent=transport=dt_socket,embedding=1,server=y,suspend=n,address=127.0.0.1:56956
CodeReloadManager initialized
ImportWorker Server TCP listen port: 0
AcceleratorClientConnectionCallback - disconnected - :0
Begin MonoManager ReloadAssembly
Registering precompiled unity dll's ...
Register platform support module: /Applications/Unity/Hub/Editor/6000.5.2f1/PlaybackEngines/MacStandaloneSupport/UnityEditor.OSXStandalone.Extensions.dll
[Licensing::Client] Successfully resolved entitlement details
Register platform support module: /Applications/Unity/Hub/Editor/6000.5.2f1/PlaybackEngines/AndroidPlayer/UnityEditor.Android.Extensions.dll
Registered in 0.001449 seconds.
Native extension for Android target not found
Native extension for OSXStandalone target not found
Package Manager log level set to [2]
ScheduleIndexationOnStartup MainProcess:False IndexOnStartup:True
Mono: successfully reloaded assembly
- Finished resetting the current domain, in  0.397 seconds
Domain Reload Profiling: 899ms
	BeginReloadAssembly (129ms)
		CreateAndSetChildDomain (10ms)
	RebuildCommonClasses (5ms)
	RebuildNativeTypeToScriptingClass (16ms)
	initialDomainReloadingComplete (55ms)
	LoadAllAssembliesAndSetupDomain (297ms)
		LoadAssemblies (119ms)
		AnalyzeDomain (231ms)
			TypeCache.Refresh (229ms)
				TypeCache.ScanAssembly (211ms)
	FinalizeReload (398ms)
		SetupLoadedEditorAssemblies (0ms)
			InitializePlatformSupportModulesInManaged (80ms)
			BeforeProcessingInitializeOnLoad (67ms)
			ProcessInitializeOnLoadAttributes (85ms)
			ProcessInitializeOnLoadMethodAttributes (92ms)
[Licensing::Client] Successfully resolved entitlement details
Application.AssetDatabase Initial Refresh Start
[Package Manager] Restoring resolved packages state from cache
[Licensing::Client] Successfully resolved entitlement details
[Package Manager] Registered 70 packages:
  Packages from [https://packages.unity.com]:
    com.unity.addressables@3.1.0 (location: /Users/farhad/Projects/WarlineCapture/Library/PackageCache/com.unity.addressables@9bffe1a216ce)
    com.unity.ai.assistant@2.13.0-pre.2 (location: /Users/farhad/Projects/WarlineCapture/Library/PackageCache/com.unity.ai.assistant@6fee27370e6a)
    com.unity.collab-proxy@2.12.4 (location: /Users/farhad/Projects/WarlineCapture/Library/PackageCache/com.unity.collab-proxy@0b1559bcd34e)
    com.unity.ide.rider@3.0.40 (location: /Users/farhad/Projects/WarlineCapture/Library/PackageCache/com.unity.ide.rider@e4950c6d131b)
    com.unity.ide.visualstudio@2.0.27 (location: /Users/farhad/Projects/WarlineCapture/Library/PackageCache/com.unity.ide.visualstudio@dc1ddd4f09b6)
    com.unity.inputsystem@1.19.0 (location: /Users/farhad/Projects/WarlineCapture/Library/PackageCache/com.unity.inputsystem@21a28c3a6c83)
    com.unity.probuilder@6.1.2 (location: /Users/farhad/Projects/WarlineCapture/Library/PackageCache/com.unity.probuilder@8be9724b2335)
    com.unity.timeline@1.8.12 (location: /Users/farhad/Projects/WarlineCapture/Library/PackageCache/com.unity.timeline@8cd8509afae5)
    com.unity.visualscripting@1.9.11 (location: /Users/farhad/Projects/WarlineCapture/Library/PackageCache/com.unity.visualscripting@8bed5ad90189)
    com.unity.pipeline@0.6.0-exp.1 (location: /Users/farhad/Projects/WarlineCapture/Library/PackageCache/com.unity.pipeline@9bb4172c603c)
    com.unity.burst@1.8.29 (location: /Users/farhad/Projects/WarlineCapture/Library/PackageCache/com.unity.burst@6bb9aca3ef38)
    com.unity.nuget.mono-cecil@1.11.6 (location: /Users/farhad/Projects/WarlineCapture/Library/PackageCache/com.unity.nuget.mono-cecil@ecb9724e46ff)
    com.unity.nuget.newtonsoft-json@3.2.2 (location: /Users/farhad/Projects/WarlineCapture/Library/PackageCache/com.unity.nuget.newtonsoft-json@4dfd81071c64)
    com.unity.searcher@4.9.4 (location: /Users/farhad/Projects/WarlineCapture/Library/PackageCache/com.unity.searcher@d45a78918735)
    com.unity.settings-manager@2.1.1 (location: /Users/farhad/Projects/WarlineCapture/Library/PackageCache/com.unity.settings-manager@0b8638c5ce86)
    com.unity.profiling.core@1.0.3 (location: /Users/farhad/Projects/WarlineCapture/Library/PackageCache/com.unity.profiling.core@8a49f7027d06)
    com.unity.test-framework.performance@3.5.0 (location: /Users/farhad/Projects/WarlineCapture/Library/PackageCache/com.unity.test-framework.performance@8b56083ec0f0)
    com.unity.scriptablebuildpipeline@3.1.1 (location: /Users/farhad/Projects/WarlineCapture/Library/PackageCache/com.unity.scriptablebuildpipeline@ea93f1084040)
  Built-in packages:
    com.unity.2d.sprite@1.0.0 (location: /Users/farhad/Projects/WarlineCapture/Library/PackageCache/com.unity.2d.sprite@053a968eab56)
    com.unity.entities@6.5.0 (location: /Users/farhad/Projects/WarlineCapture/Library/PackageCache/com.unity.entities@bab66ffaba49)
    com.unity.entities.graphics@6.5.0 (location: /Users/farhad/Projects/WarlineCapture/Library/PackageCache/com.unity.entities.graphics@66588da3a112)
    com.unity.multiplayer.center@1.0.1 (location: /Users/farhad/Projects/WarlineCapture/Library/PackageCache/com.unity.multiplayer.center@b860850997d0)
    com.unity.render-pipelines.universal@17.5.0 (location: /Users/farhad/Projects/WarlineCapture/Library/PackageCache/com.unity.render-pipelines.universal@748d7458cc62)
    com.unity.serialization@6.5.0 (location: /Users/farhad/Projects/WarlineCapture/Library/PackageCache/com.unity.serialization@b2610f80ff18)
    com.unity.shadergraph@17.5.0 (location: /Users/farhad/Projects/WarlineCapture/Library/PackageCache/com.unity.shadergraph@2df19e8719bc)
    com.unity.test-framework@1.7.0 (location: /Users/farhad/Projects/WarlineCapture/Library/PackageCache/com.unity.test-framework@1405238725ab)
    com.unity.ugui@2.5.0 (location: /Users/farhad/Projects/WarlineCapture/Library/PackageCache/com.unity.ugui@3d1ea40b73ef)
    com.unity.modules.accessibility@1.0.0 (location: /Users/farhad/Projects/WarlineCapture/Library/PackageCache/com.unity.modules.accessibility)
    com.unity.modules.adaptiveperformance@1.0.0 (location: /Users/farhad/Projects/WarlineCapture/Library/PackageCache/com.unity.modules.adaptiveperformance)
    com.unity.modules.ai@1.0.0 (location: /Users/farhad/Projects/WarlineCapture/Library/PackageCache/com.unity.modules.ai)
    com.unity.modules.androidjni@1.0.0 (location: /Users/farhad/Projects/WarlineCapture/Library/PackageCache/com.unity.modules.androidjni)
    com.unity.modules.animation@1.0.0 (location: /Users/farhad/Projects/WarlineCapture/Library/PackageCache/com.unity.modules.animation)
    com.unity.modules.assetbundle@1.0.0 (location: /Users/farhad/Projects/WarlineCapture/Library/PackageCache/com.unity.modules.assetbundle)
    com.unity.modules.audio@1.0.0 (location: /Users/farhad/Projects/WarlineCapture/Library/PackageCache/com.unity.modules.audio)
    com.unity.modules.cloth@1.0.0 (location: /Users/farhad/Projects/WarlineCapture/Library/PackageCache/com.unity.modules.cloth)
    com.unity.modules.director@1.0.0 (location: /Users/farhad/Projects/WarlineCapture/Library/PackageCache/com.unity.modules.director)
    com.unity.modules.imageconversion@1.0.0 (location: /Users/farhad/Projects/WarlineCapture/Library/PackageCache/com.unity.modules.imageconversion)
    com.unity.modules.imgui@1.0.0 (location: /Users/farhad/Projects/WarlineCapture/Library/PackageCache/com.unity.modules.imgui)
    com.unity.modules.jsonserialize@1.0.0 (location: /Users/farhad/Projects/WarlineCapture/Library/PackageCache/com.unity.modules.jsonserialize)
    com.unity.modules.physicscore2d@1.0.0 (location: /Users/farhad/Projects/WarlineCapture/Library/PackageCache/com.unity.modules.physicscore2d)
    com.unity.modules.screencapture@1.0.0 (location: /Users/farhad/Projects/WarlineCapture/Library/PackageCache/com.unity.modules.screencapture)
    com.unity.modules.tilemap@1.0.0 (location: /Users/farhad/Projects/WarlineCapture/Library/PackageCache/com.unity.modules.tilemap)
    com.unity.modules.ui@1.0.0 (location: /Users/farhad/Projects/WarlineCapture/Library/PackageCache/com.unity.modules.ui)
    com.unity.modules.uielements@1.0.0 (location: /Users/farhad/Projects/WarlineCapture/Library/PackageCache/com.unity.modules.uielements)
    com.unity.modules.umbra@1.0.0 (location: /Users/farhad/Projects/WarlineCapture/Library/PackageCache/com.unity.modules.umbra)
    com.unity.modules.unityanalytics@1.0.0 (location: /Users/farhad/Projects/WarlineCapture/Library/PackageCache/com.unity.modules.unityanalytics)
    com.unity.modules.unitywebrequest@1.0.0 (location: /Users/farhad/Projects/WarlineCapture/Library/PackageCache/com.unity.modules.unitywebrequest)
    com.unity.modules.unitywebrequestassetbundle@1.0.0 (location: /Users/farhad/Projects/WarlineCapture/Library/PackageCache/com.unity.modules.unitywebrequestassetbundle)
    com.unity.modules.unitywebrequestaudio@1.0.0 (location: /Users/farhad/Projects/WarlineCapture/Library/PackageCache/com.unity.modules.unitywebrequestaudio)
    com.unity.modules.unitywebrequesttexture@1.0.0 (location: /Users/farhad/Projects/WarlineCapture/Library/PackageCache/com.unity.modules.unitywebrequesttexture)
    com.unity.modules.unitywebrequestwww@1.0.0 (location: /Users/farhad/Projects/WarlineCapture/Library/PackageCache/com.unity.modules.unitywebrequestwww)
    com.unity.modules.vectorgraphics@1.0.0 (location: /Users/farhad/Projects/WarlineCapture/Library/PackageCache/com.unity.modules.vectorgraphics)
    com.unity.modules.vehicles@1.0.0 (location: /Users/farhad/Projects/WarlineCapture/Library/PackageCache/com.unity.modules.vehicles)
    com.unity.modules.video@1.0.0 (location: /Users/farhad/Projects/WarlineCapture/Library/PackageCache/com.unity.modules.video)
    com.unity.modules.wind@1.0.0 (location: /Users/farhad/Projects/WarlineCapture/Library/PackageCache/com.unity.modules.wind)
    com.unity.modules.xr@1.0.0 (location: /Users/farhad/Projects/WarlineCapture/Library/PackageCache/com.unity.modules.xr)
    com.unity.modules.physics@1.0.0 (location: /Users/farhad/Projects/WarlineCapture/Library/PackageCache/com.unity.modules.physics)
    com.unity.modules.subsystems@1.0.0 (location: /Users/farhad/Projects/WarlineCapture/Library/PackageCache/com.unity.modules.subsystems)
    com.unity.modules.hierarchycore@1.0.0 (location: /Users/farhad/Projects/WarlineCapture/Library/PackageCache/com.unity.modules.hierarchycore)
    com.unity.modules.physics2d@1.0.0 (location: /Users/farhad/Projects/WarlineCapture/Library/PackageCache/com.unity.modules.physics2d)
    com.unity.modules.particlesystem@1.0.0 (location: /Users/farhad/Projects/WarlineCapture/Library/PackageCache/com.unity.modules.particlesystem)
    com.unity.ext.nunit@2.1.0 (location: /Users/farhad/Projects/WarlineCapture/Library/PackageCache/com.unity.ext.nunit@44f7d31723bd)
    com.unity.render-pipelines.core@17.5.0 (location: /Users/farhad/Projects/WarlineCapture/Library/PackageCache/com.unity.render-pipelines.core@9fe9377312a8)
    com.unity.collections@6.5.0 (location: /Users/farhad/Projects/WarlineCapture/Library/PackageCache/com.unity.collections@a43cabe808ca)
    com.unity.render-pipelines.universal-config@17.5.0 (location: /Users/farhad/Projects/WarlineCapture/Library/PackageCache/com.unity.render-pipelines.universal-config@fdda01c80fe3)
    com.unity.modules.hierarchy@1.0.0 (location: /Users/farhad/Projects/WarlineCapture/Library/PackageCache/com.unity.modules.hierarchy)
    com.unity.mathematics@1.4.0 (location: /Users/farhad/Projects/WarlineCapture/Library/PackageCache/com.unity.mathematics@981956d94fb6)
    com.unity.modules.terrain@1.0.0 (location: /Users/farhad/Projects/WarlineCapture/Library/PackageCache/com.unity.modules.terrain)
  Embedded packages:
    com.sniveler-code.gpu-animation@file:/Users/farhad/Projects/WarlineCapture/Packages/com.sniveler-code.gpu-animation (location: /Users/farhad/Projects/WarlineCapture/Packages/com.sniveler-code.gpu-animation)
  Git packages:
    com.nosuchstudio.rtltmpro@https://github.com/hk1ll3r/RTLTMPro.git?path=/UPMPackage#69c9193fc27218f17679cc57382a61ac4a717b2b (location: /Users/farhad/Projects/WarlineCapture/Library/PackageCache/com.nosuchstudio.rtltmpro@44858274f18a)
[Subsystems] No new subsystems found in resolved package list.
[Package Manager] Done registering packages in 0.01 seconds
Assembly reference Packages/com.unity.entities/Unity.Scenes.Editor/Internals/Properties/Unity.Properties.Internals.asmref has no target assembly definition
Assembly reference Packages/com.unity.entities/Unity.Scenes.Editor/Internals/Properties/Unity.Properties.Internals.asmref has no target assembly definition
info: Microsoft.Hosting.Lifetime[14]
      Now listening on: http://unix:/tmp/ilpp.sock-cab634237f5413a71fd009541e827d78
info: Microsoft.Hosting.Lifetime[0]
      Application started. Press Ctrl+C to shut down.
info: Microsoft.Hosting.Lifetime[0]
      Hosting environment: Production
info: Microsoft.Hosting.Lifetime[0]
      Content root path: /Users/farhad/Projects/WarlineCapture
info: Microsoft.AspNetCore.Hosting.Diagnostics[1]
      Request starting HTTP/2 POST http://ilpp/UnityILPP.PostProcessing/Ping - application/grpc -
info: Microsoft.AspNetCore.Routing.EndpointMiddleware[0]
      Executing endpoint 'gRPC - /UnityILPP.PostProcessing/Ping'
info: Microsoft.AspNetCore.Routing.EndpointMiddleware[1]
      Executed endpoint 'gRPC - /UnityILPP.PostProcessing/Ping'
info: Microsoft.AspNetCore.Hosting.Diagnostics[2]
      Request finished HTTP/2 POST http://ilpp/UnityILPP.PostProcessing/Ping - 200 - application/grpc 25.5721ms
Refreshing native plugins compatible for Editor in 2.23 ms, found 3 plugins.
Starting: /Applications/Unity/Hub/Editor/6000.5.2f1/Unity.app/Contents/Resources/BuildPipeline/bee_backend --ipc --defer-dag-verification --dagfile="Library/Bee/200b0aE.dag" --continue-on-failure --profile="Library/Bee/backend1.traceevents" ScriptAssemblies
WorkingDir: /Users/farhad/Projects/WarlineCapture
info: Microsoft.AspNetCore.Hosting.Diagnostics[1]
      Request starting HTTP/2 POST http://ilpp/UnityILPP.PostProcessing/ConfigurePostProcessors - application/grpc -
info: Microsoft.AspNetCore.Routing.EndpointMiddleware[0]
      Executing endpoint 'gRPC - /UnityILPP.PostProcessing/ConfigurePostProcessors'
warn: Unity.ILPP.Runner.PostProcessingAssemblyLoadContext[0]
      Assembly system.runtime.interopservices.windowsruntime has duplicate hint path. Ignoring "/Applications/Unity/Hub/Editor/6000.5.2f1/Unity.app/Contents/Resources/Scripting/NetStandard/Extensions/2.0.0/System.Runtime.InteropServices.WindowsRuntime.dll" in favor of "/Applications/Unity/Hub/Editor/6000.5.2f1/Unity.app/Contents/Resources/Scripting/UnityReferenceAssemblies/unity-4.8-api/Facades/System.Runtime.InteropServices.WindowsRuntime.dll"
warn: Unity.ILPP.Runner.PostProcessingAssemblyLoadContext[0]
      Assembly system.componentmodel.composition has duplicate hint path. Ignoring "/Applications/Unity/Hub/Editor/6000.5.2f1/Unity.app/Contents/Resources/Scripting/NetStandard/compat/2.1.0/shims/netfx/System.ComponentModel.Composition.dll" in favor of "/Applications/Unity/Hub/Editor/6000.5.2f1/Unity.app/Contents/Resources/Scripting/UnityReferenceAssemblies/unity-4.8-api/System.ComponentModel.Composition.dll"
info: Unity.ILPP.Runner.PostProcessingAssemblyLoadContext[0]
      Resolved Mono.Cecil, Version=0.11.5.0, Culture=neutral, PublicKeyToken=50cebf1cceb9d05e with Library/PackageCache/com.unity.nuget.mono-cecil@ecb9724e46ff/Mono.Cecil.dll
info: Unity.ILPP.Runner.PostProcessingAssemblyLoadContext[0]
      Resolved Unity.Burst.Cecil, Version=0.11.6.0, Culture=neutral, PublicKeyToken=50cebf1cceb9d05e with Library/PackageCache/com.unity.burst@6bb9aca3ef38/Unity.Burst.CodeGen/Unity.Burst.Cecil.dll
info: Unity.ILPP.Runner.PostProcessingAssemblyLoadContext[0]
      Resolved Unity.Entities, Version=0.0.0.0, Culture=neutral, PublicKeyToken=null with Library/Bee/artifacts/200b0aE.dag/Unity.Entities.dll
info: Microsoft.AspNetCore.Routing.EndpointMiddleware[1]
      Executed endpoint 'gRPC - /UnityILPP.PostProcessing/ConfigurePostProcessors'
info: Microsoft.AspNetCore.Hosting.Diagnostics[2]
      Request finished HTTP/2 POST http://ilpp/UnityILPP.PostProcessing/ConfigurePostProcessors - 200 - application/grpc 29.8172ms
ExitCode: 0 Duration: 0s692ms
[1392/2004  0s] ILPP-Configuration Library/ilpp-configuration.nevergeneratedoutput
*** Tundra build success (0.67 seconds), 1 items updated, 2004 evaluated
AssetDatabase: script compilation time: 1.320396s
Total cache size 268383066
Total cache size after purge 268383066, took 00:00:00.3432848
Begin MonoManager ReloadAssembly
Symbol file LoadedFromMemory is not a mono symbol file
Assembly reference Packages/com.unity.entities/Unity.Scenes.Editor/Internals/Properties/Unity.Properties.Internals.asmref has no target assembly definition
Native extension for Android target not found
Native extension for OSXStandalone target not found
TypeManager.Initialize took: 277ms
The assembly Game.Authoring is using the BakingVersion attribute. But the following Baker/Baking systems/EntitySceneOptimizations systems are missing the attribute:
Game.Authoring.SupportAbilityCatalogAuthoring+SupportBaker.

Updating these bakers/systems won't trigger a scene import automatically. Please add a BakingVersion attribute on them and update their version number everytime you want them to be rerun before an import. 
Or don't use the attribute at all in their assembly to trigger scene import automatically after each changes in the assembly.
UnityEngine.Debug:ExtractStackTraceNoAlloc (byte*,int,string)
UnityEngine.StackTraceUtility:ExtractStackTrace () (at /Users/bokken/build/output/unity/unity/Runtime/Export/Scripting/StackTrace.cs:35)
UnityEngine.DebugLogHandler:Internal_Log (UnityEngine.LogType,UnityEngine.LogOption,string,UnityEngine.Object)
UnityEngine.DebugLogHandler:LogFormat (UnityEngine.LogType,UnityEngine.Object,string,object[])
UnityEngine.Logger:Log (UnityEngine.LogType,object)
UnityEngine.Debug:LogWarning (object)
Unity.Debug:LogWarning (object) (at ./Library/PackageCache/com.unity.entities@bab66ffaba49/Unity.Entities/Stubs/Unity/Debug.cs:13)
Unity.Scenes.Editor.TypeDependencyCache:PrintMissingBakingVersionAttributesWarning (System.Collections.Generic.Dictionary`2<string, System.Collections.Generic.List`1<System.Type>>) (at ./Library/PackageCache/com.unity.entities@bab66ffaba49/Unity.Scenes.Editor/TypeDependencyCache.cs:305)
Unity.Scenes.Editor.TypeDependencyCache:RegisterBakingAssemblies () (at ./Library/PackageCache/com.unity.entities@bab66ffaba49/Unity.Scenes.Editor/TypeDependencyCache.cs:284)
Unity.Scenes.Editor.TypeDependencyCache:.cctor () (at ./Library/PackageCache/com.unity.entities@bab66ffaba49/Unity.Scenes.Editor/TypeDependencyCache.cs:61)
System.Runtime.CompilerServices.RuntimeHelpers:RunClassConstructor (System.RuntimeTypeHandle)
UnityEditor.EditorAssemblies:ProcessInitializeOnLoadAttributes (System.ReadOnlySpan`1<intptr>) (at /Users/bokken/build/output/unity/unity/Editor/Mono/EditorAssemblies.cs:155)

(Filename: ./Library/PackageCache/com.unity.entities@bab66ffaba49/Unity.Entities/Stubs/Unity/Debug.cs Line: 13)

Start HTTP server: port:7801
[MODES] ModeService[none].Initialize
[MODES] ModeService[none].LoadModes
[MODES] Loading mode Default (0) for mode-current-id-WarlineCapture
[Licensing::Client] Error: Code 404 while processing request (status: Found 0 entitlement groups and 0 free entitlements matching requested entitlement ids)
[McpToolRegistry] Discovered 20 MCP tools
UnityEngine.Debug:ExtractStackTraceNoAlloc (byte*,int,string)
UnityEngine.StackTraceUtility:ExtractStackTrace () (at /Users/bokken/build/output/unity/unity/Runtime/Export/Scripting/StackTrace.cs:35)
UnityEngine.DebugLogHandler:Internal_Log (UnityEngine.LogType,UnityEngine.LogOption,string,UnityEngine.Object)
UnityEngine.DebugLogHandler:LogFormat (UnityEngine.LogType,UnityEngine.Object,string,object[])
UnityEngine.Logger:Log (UnityEngine.LogType,object)
UnityEngine.Debug:Log (object)
Unity.AI.Tracing.ConsoleSink:LogToConsole (string,string,System.Exception) (at ./Library/PackageCache/com.unity.ai.assistant@6fee27370e6a/Modules/Unity.AI.Tracing/TraceSinks.cs:313)
Unity.AI.Tracing.ConsoleSink:Write (Unity.AI.Tracing.TraceEvent) (at ./Library/PackageCache/com.unity.ai.assistant@6fee27370e6a/Modules/Unity.AI.Tracing/TraceSinks.cs:277)
Unity.AI.Tracing.TraceWriter:WriteEventInternal (string,string,Unity.AI.Tracing.TraceEventOptions,string,System.Nullable`1<int>) (at ./Library/PackageCache/com.unity.ai.assistant@6fee27370e6a/Modules/Unity.AI.Tracing/TraceWriter.cs:373)
Unity.AI.Tracing.TraceWriter:Event (string,Unity.AI.Tracing.TraceEventOptions) (at ./Library/PackageCache/com.unity.ai.assistant@6fee27370e6a/Modules/Unity.AI.Tracing/TraceWriter.cs:297)
Unity.AI.Tracing.TraceLogger:Emit (string,string,string,string,Unity.AI.Tracing.TraceEventOptions,object,System.Exception) (at ./Library/PackageCache/com.unity.ai.assistant@6fee27370e6a/Modules/Unity.AI.Tracing/TraceLogger.cs:105)
Unity.AI.Tracing.TraceLogger:Info (string,string,string,Unity.AI.Tracing.TraceEventOptions) (at ./Library/PackageCache/com.unity.ai.assistant@6fee27370e6a/Modules/Unity.AI.Tracing/TraceLogger.cs:35)
Unity.AI.MCP.Editor.Helpers.McpLog:Log (string,Unity.AI.Tracing.TraceEventOptions) (at ./Library/PackageCache/com.unity.ai.assistant@6fee27370e6a/Modules/Unity.AI.MCP.Editor/Helpers/McpLog.cs:15)
Unity.AI.MCP.Editor.ToolRegistry.McpToolRegistry:RefreshTools () (at ./Library/PackageCache/com.unity.ai.assistant@6fee27370e6a/Modules/Unity.AI.MCP.Editor/ToolRegistry/McpToolRegistry.cs:201)
Unity.AI.MCP.Editor.ToolRegistry.McpToolRegistry:Initialize () (at ./Library/PackageCache/com.unity.ai.assistant@6fee27370e6a/Modules/Unity.AI.MCP.Editor/ToolRegistry/McpToolRegistry.cs:177)
System.Reflection.RuntimeMethodInfo:Invoke (object,System.Reflection.BindingFlags,System.Reflection.Binder,object[],System.Globalization.CultureInfo)
System.Reflection.MethodBase:Invoke (object,object[])
UnityEditor.EditorAssemblies:ProcessInitializeOnLoadMethodAttributes () (at /Users/bokken/build/output/unity/unity/Editor/Mono/EditorAssemblies.cs:184)

(Filename: ./Library/PackageCache/com.unity.ai.assistant@6fee27370e6a/Modules/Unity.AI.Tracing/TraceSinks.cs Line: 313)

[McpToolRegistry] Available tools: Unity_ApplyTextEdits, Unity_CreateScript, Unity_DeleteScript, Unity_FindInFile, Unity_GetSha, Unity_ImportExternalModel, Unity_ListResources, Unity_ManageAsset, Unity_ManageEditor, Unity_ManageGameObject, Unity_ManageMenuItem, Unity_ManageScene, Unity_ManageScript, Unity_ManageScript_capabilities, Unity_ManageShader, Unity_ReadConsole, Unity_ReadResource, Unity_RunCommand, Unity_ScriptApplyEdits, Unity_ValidateScript
UnityEngine.Debug:ExtractStackTraceNoAlloc (byte*,int,string)
UnityEngine.StackTraceUtility:ExtractStackTrace () (at /Users/bokken/build/output/unity/unity/Runtime/Export/Scripting/StackTrace.cs:35)
UnityEngine.DebugLogHandler:Internal_Log (UnityEngine.LogType,UnityEngine.LogOption,string,UnityEngine.Object)
UnityEngine.DebugLogHandler:LogFormat (UnityEngine.LogType,UnityEngine.Object,string,object[])
UnityEngine.Logger:Log (UnityEngine.LogType,object)
UnityEngine.Debug:Log (object)
Unity.AI.Tracing.ConsoleSink:LogToConsole (string,string,System.Exception) (at ./Library/PackageCache/com.unity.ai.assistant@6fee27370e6a/Modules/Unity.AI.Tracing/TraceSinks.cs:313)
Unity.AI.Tracing.ConsoleSink:Write (Unity.AI.Tracing.TraceEvent) (at ./Library/PackageCache/com.unity.ai.assistant@6fee27370e6a/Modules/Unity.AI.Tracing/TraceSinks.cs:277)
Unity.AI.Tracing.TraceWriter:WriteEventInternal (string,string,Unity.AI.Tracing.TraceEventOptions,string,System.Nullable`1<int>) (at ./Library/PackageCache/com.unity.ai.assistant@6fee27370e6a/Modules/Unity.AI.Tracing/TraceWriter.cs:373)
Unity.AI.Tracing.TraceWriter:Event (string,Unity.AI.Tracing.TraceEventOptions) (at ./Library/PackageCache/com.unity.ai.assistant@6fee27370e6a/Modules/Unity.AI.Tracing/TraceWriter.cs:297)
Unity.AI.Tracing.TraceLogger:Emit (string,string,string,string,Unity.AI.Tracing.TraceEventOptions,object,System.Exception) (at ./Library/PackageCache/com.unity.ai.assistant@6fee27370e6a/Modules/Unity.AI.Tracing/TraceLogger.cs:105)
Unity.AI.Tracing.TraceLogger:Info (string,string,string,Unity.AI.Tracing.TraceEventOptions) (at ./Library/PackageCache/com.unity.ai.assistant@6fee27370e6a/Modules/Unity.AI.Tracing/TraceLogger.cs:35)
Unity.AI.MCP.Editor.Helpers.McpLog:Log (string,Unity.AI.Tracing.TraceEventOptions) (at ./Library/PackageCache/com.unity.ai.assistant@6fee27370e6a/Modules/Unity.AI.MCP.Editor/Helpers/McpLog.cs:15)
Unity.AI.MCP.Editor.ToolRegistry.McpToolRegistry:RefreshTools () (at ./Library/PackageCache/com.unity.ai.assistant@6fee27370e6a/Modules/Unity.AI.MCP.Editor/ToolRegistry/McpToolRegistry.cs:204)
Unity.AI.MCP.Editor.ToolRegistry.McpToolRegistry:Initialize () (at ./Library/PackageCache/com.unity.ai.assistant@6fee27370e6a/Modules/Unity.AI.MCP.Editor/ToolRegistry/McpToolRegistry.cs:177)
System.Reflection.RuntimeMethodInfo:Invoke (object,System.Reflection.BindingFlags,System.Reflection.Binder,object[],System.Globalization.CultureInfo)
System.Reflection.MethodBase:Invoke (object,object[])
UnityEditor.EditorAssemblies:ProcessInitializeOnLoadMethodAttributes () (at /Users/bokken/build/output/unity/unity/Editor/Mono/EditorAssemblies.cs:184)

(Filename: ./Library/PackageCache/com.unity.ai.assistant@6fee27370e6a/Modules/Unity.AI.Tracing/TraceSinks.cs Line: 313)

ScheduleIndexationOnStartup MainProcess:True IndexOnStartup:True
Mono: successfully reloaded assembly
[Idle]
UnityEngine.Debug:ExtractStackTraceNoAlloc (byte*,int,string)
UnityEngine.StackTraceUtility:ExtractStackTrace () (at /Users/bokken/build/output/unity/unity/Runtime/Export/Scripting/StackTrace.cs:35)
UnityEngine.DebugLogHandler:Internal_Log (UnityEngine.LogType,UnityEngine.LogOption,string,UnityEngine.Object)
UnityEngine.DebugLogHandler:LogFormat (UnityEngine.LogType,UnityEngine.Object,string,object[])
UnityEngine.Logger:Log (UnityEngine.LogType,object)
UnityEngine.Debug:Log (object)
Unity.AI.Tracing.ConsoleSink:LogToConsole (string,string,System.Exception) (at ./Library/PackageCache/com.unity.ai.assistant@6fee27370e6a/Modules/Unity.AI.Tracing/TraceSinks.cs:313)
Unity.AI.Tracing.ConsoleSink:Write (Unity.AI.Tracing.TraceEvent) (at ./Library/PackageCache/com.unity.ai.assistant@6fee27370e6a/Modules/Unity.AI.Tracing/TraceSinks.cs:277)
Unity.AI.Tracing.TraceWriter:WriteEventInternal (string,string,Unity.AI.Tracing.TraceEventOptions,string,System.Nullable`1<int>) (at ./Library/PackageCache/com.unity.ai.assistant@6fee27370e6a/Modules/Unity.AI.Tracing/TraceWriter.cs:373)
Unity.AI.Tracing.TraceWriter:Event (string,Unity.AI.Tracing.TraceEventOptions) (at ./Library/PackageCache/com.unity.ai.assistant@6fee27370e6a/Modules/Unity.AI.Tracing/TraceWriter.cs:297)
Unity.AI.Tracing.TraceLogger:Emit (string,string,string,string,Unity.AI.Tracing.TraceEventOptions,object,System.Exception) (at ./Library/PackageCache/com.unity.ai.assistant@6fee27370e6a/Modules/Unity.AI.Tracing/TraceLogger.cs:105)
Unity.AI.Tracing.TraceLogger:Info (string,string,string,Unity.AI.Tracing.TraceEventOptions) (at ./Library/PackageCache/com.unity.ai.assistant@6fee27370e6a/Modules/Unity.AI.Tracing/TraceLogger.cs:35)
Unity.AI.MCP.Editor.Helpers.McpLog:Log (string,Unity.AI.Tracing.TraceEventOptions) (at ./Library/PackageCache/com.unity.ai.assistant@6fee27370e6a/Modules/Unity.AI.MCP.Editor/Helpers/McpLog.cs:15)
Unity.AI.MCP.Editor.Bridge:LogBreadcrumb (string) (at ./Library/PackageCache/com.unity.ai.assistant@6fee27370e6a/Modules/Unity.AI.MCP.Editor/Bridge.cs:2055)
Unity.AI.MCP.Editor.Bridge:OnAfterAssemblyReload () (at ./Library/PackageCache/com.unity.ai.assistant@6fee27370e6a/Modules/Unity.AI.MCP.Editor/Bridge.cs:1899)
UnityEditor.AssemblyReloadEvents:OnAfterAssemblyReload () (at /Users/bokken/build/output/unity/unity/Editor/Mono/AssemblyReloadEvents.cs:43)

(Filename: ./Library/PackageCache/com.unity.ai.assistant@6fee27370e6a/Modules/Unity.AI.Tracing/TraceSinks.cs Line: 313)

- Finished resetting the current domain, in 12.990 seconds
Domain Reload Profiling: 14391ms
	BeginReloadAssembly (225ms)
		DisableScriptedObjects (62ms)
		CreateAndSetChildDomain (37ms)
	RebuildCommonClasses (7ms)
	RebuildNativeTypeToScriptingClass (14ms)
	initialDomainReloadingComplete (91ms)
	LoadAllAssembliesAndSetupDomain (1062ms)
		LoadAssemblies (469ms)
		AnalyzeDomain (536ms)
			TypeCache.Refresh (445ms)
				TypeCache.ScanAssembly (404ms)
			BuildScriptInfoCaches (83ms)
			ResolveRequiredComponents (6ms)
	FinalizeReload (12991ms)
		SetupLoadedEditorAssemblies (0ms)
			InitializePlatformSupportModulesInManaged (9ms)
			BeforeProcessingInitializeOnLoad (82ms)
			ProcessInitializeOnLoadAttributes (6060ms)
			ProcessInitializeOnLoadMethodAttributes (6436ms)
			EditorAssembliesLoaded (3ms)
		AwakeInstancesAfterBackupRestoration (19ms)
Starting new worker id: 0 with log in /Users/farhad/Projects/WarlineCapture/Logs/AssetImportWorkerHW0.log

Asset Pipeline Refresh (id=201341a62deb34b40af24f8cbe362921): Total: 19.408 seconds - Initiated by InitialRefreshV2(ForceSynchronousImport)
	(Values over 0.05ms)
	Summary:
		Imports: total=0 (actual=0, local cache=0, cache server=0)
		Asset DB Process Time: managed=0 ms, native=16482 ms
		Asset DB Callback time: managed=32 ms, native=12 ms
		Scripting: domain reloads=1, domain reload time=1456 ms, compile time=1323 ms, other=101 ms
		Project Asset Count: scripts=3477, non-scripts=23442
		Asset File Changes: new=0, changed=0, moved=0, deleted=0
		Scan Filter Count: 1
	InvokePackagesCallback: 14.783ms
	ApplyChangesToAssetFolders: 1.687ms
	Scan: 1924.041ms
	Collect global state as custom dependencies: 4.587ms
	OnSourceAssetsModified: 0.199ms
	CategorizeScriptCompilationAssets: 139.925ms
	ProcessAssetsWithTransientArtifactChanges: 130.473ms
	CategorizeAssets: 607.634ms
	CompileScripts: 1322.740ms
	ImportOutOfDateAssets: 13319.395ms (13036.676ms without children)
		ReloadNativeAssets: 0.515ms
		UnloadImportedAssets: 7.641ms
		EnsureUptoDateAssetsAreRegisteredWithGuidPM: 3.896ms
		ImportSchedulerStart: 270.410ms
	PostProcessAllAssets: 32.900ms
		MonoPostProcessAllAssets: 32.801ms
			UniversalRenderPipelineGlobalSettingsPostprocessor.OnPostprocessAllAssets 8.991ms
			SyncVS.PostprocessSyncProject 6.942ms
			GraphRefreshPostprocessor.OnPostprocessAllAssets 1.737ms
			SpeedTree9Postprocessor.OnPostprocessAllAssets 1.514ms
			WindowAssetPostprocessingWatcher.OnPostprocessAllAssets 1.346ms
			AssetChangeDetector.OnPostprocessAllAssets 0.693ms
			RenderPipelineGlobalSettingsPostprocessor.OnPostprocessAllAssets 0.484ms
			ShaderReflectionAssetPostProcessor.OnPostprocessAllAssets 0.414ms
			InputActionAssetPostprocessor.OnPostprocessAllAssets 0.244ms
			ReferencedClipsPostProcessor.OnPostprocessAllAssets 0.231ms
			TerrainToolbarOverlayPostProcessor.OnPostprocessAllAssets 0.196ms
			ProjectSettingsPostprocessor.OnPostprocessAllAssets 0.160ms
			AssetDatabaseCallbacks.OnPostprocessAllAssets 0.108ms
	UnloadStreamsBegin: 3.701ms
	PersistCurrentRevisions: 0.846ms
	GenerateScriptTypeHashes: 8.667ms
	GenerateScriptTypeSerializationHashes: 12.470ms
	Untracked: 1903.114ms

Application.AssetDatabase Initial Refresh End
Shader Hidden/ChartRasterizerHardware is not supported: GPU does not support conservative rasterization
Launching external process: /Applications/Unity/Hub/Editor/6000.5.2f1/Unity.app/Contents/Helpers/UnityShaderCompiler
Launched and connected shader compiler UnityShaderCompiler after 0.08 seconds
Shader Hidden/ChartRasterizerHardware is not supported: GPU does not support conservative rasterization
Scanning for USB devices : 0.151ms
Initializing Unity extensions:
2026-10-04 00:08:32.951 Unity[28956:47336547] NSEventModifierFlagFunction specified to -setKeyEquivalentModifierMask: for item <NSMenuItem: 0x823bc9540 Capture Live Owner Feedback, ke='Command-F10'>, but is only supported for system-provided menu items; will not be used
2026-10-04 00:08:32.951 Unity[28956:47336547] NSEventModifierFlagFunction specified to -setKeyEquivalentModifierMask: for item <NSMenuItem: 0x823bc9680 Log Live Owner Feedback State, ke='Command-F9'>, but is only supported for system-provided menu items; will not be used
2026-10-04 00:08:32.951 Unity[28956:47336547] NSEventModifierFlagFunction specified to -setKeyEquivalentModifierMask: for item <NSMenuItem: 0x823bc9720 Validate Owner Feedback Fixes, ke='Command-F8'>, but is only supported for system-provided menu items; will not be used
2026-10-04 00:08:32.959 Unity[28956:47336547] NSEventModifierFlagFunction specified to -setKeyEquivalentModifierMask: for item <NSMenuItem: 0x82343e1c0 SDF, ke='Command-F12'>, but is only supported for system-provided menu items; will not be used
Worker ready: AssetImportWorkerHW0 0
Unloading 1952 Unused Serialized files (Serialized files now loaded: 0)
Loaded scene 'Assets/Game/Scenes/Menu.unity'
	Deserialize:            1835.474 ms
	Integration:            1858.034 ms
	Integration of assets:  1563.508 ms
	Thread Wait Time:       598.069 ms
	Total Operation Time:   5855.084 ms
Unloading 15272 unused Assets / (20.0 MB). Loaded Objects now: 46561.
Memory consumption went from 1.22 GB to 1.20 GB.
Total: 330.157250 ms (FindLiveObjects: 44.296709 ms CreateObjectMapping: 32.627917 ms MarkObjects: 198.047667 ms  DeleteObjects: 55.183833 ms)

[LAYOUT] About to load UserSettings/Layouts/default-6000.dwlt, keepMainWindow=False
[LAYOUT] About to save layout /Users/farhad/Projects/WarlineCapture/UserSettings/Layouts/default-6000.dwlt
[LAYOUT] About to save layout /Users/farhad/Library/Preferences/Unity/Editor-5.x/Layouts/current/default-6000.dwlt
[MODES] ModeService[default].InitializeCurrentMode
[MODES] ModeService[default].RaiseModeChanged(default, default)
[MainMenuV3PrefabBuilder] gameView=2400x1080 selectedIndex=14
UnityEngine.Debug:ExtractStackTraceNoAlloc (byte*,int,string)
UnityEngine.StackTraceUtility:ExtractStackTrace () (at /Users/bokken/build/output/unity/unity/Runtime/Export/Scripting/StackTrace.cs:35)
UnityEngine.DebugLogHandler:Internal_Log (UnityEngine.LogType,UnityEngine.LogOption,string,UnityEngine.Object)
UnityEngine.DebugLogHandler:LogFormat (UnityEngine.LogType,UnityEngine.Object,string,object[])
UnityEngine.Logger:Log (UnityEngine.LogType,object)
UnityEngine.Debug:Log (object)
Game.Editor.MainMenuV3PrefabBuilder:SetGameViewResolution (int,int) (at Assets/Game/Scripts/Editor/MainMenuV3PrefabBuilder.cs:432)
Game.Editor.SkirmishS002AriaRunHarness:LaunchCatalog (string,int,string) (at Assets/Game/Scripts/Editor/Skirmish/SkirmishS002AriaRunHarness.cs:398)
Game.Editor.SkirmishS002AriaRunHarness:LaunchFromEnvironment () (at Assets/Game/Scripts/Editor/Skirmish/SkirmishS002AriaRunHarness.cs:335)
Game.Editor.SkirmishS002AriaRunHarness:RunFocusedAriaAndExit () (at Assets/Game/Scripts/Editor/Skirmish/SkirmishS002AriaRunHarness.cs:180)
Game.Editor.SkirmishS002AriaRunHarness:RunS004AriaAndExit () (at Assets/Game/Scripts/Editor/Skirmish/SkirmishS002AriaRunHarness.cs:304)

(Filename: Assets/Game/Scripts/Editor/MainMenuV3PrefabBuilder.cs Line: 432)

Opening scene 'Assets/Game/Scenes/Menu.unity'
Unloading 822 Unused Serialized files (Serialized files now loaded: 0)
Loaded scene 'Assets/Game/Scenes/Menu.unity'
	Deserialize:            10.325 ms
	Integration:            615.240 ms
	Integration of assets:  0.002 ms
	Thread Wait Time:       0.002 ms
	Total Operation Time:   625.570 ms
Unloading 2 unused Assets / (9.1 MB). Loaded Objects now: 53459.
Memory consumption went from 1.24 GB to 1.23 GB.
Total: 69.898792 ms (FindLiveObjects: 1.169125 ms CreateObjectMapping: 11.802458 ms MarkObjects: 56.572750 ms  DeleteObjects: 0.354083 ms)

[Licensing::Client] Successfully resolved entitlement details
[Project] Loading completed in 110.666 seconds
	Project init time: 				0.000 seconds
		Template init time: 		0.000 seconds
		Package Manager init time: 		0.000 seconds
		Asset Database init time: 		0.000 seconds
		Global illumination init time: 	0.000 seconds
		Assemblies load time: 			0.000 seconds
		Unity extensions init time: 	0.000 seconds
		Asset Database refresh time: 	0.000 seconds
	Scene opening time: 			0.000 seconds
##utp:{"type":"ProjectInfo","version":2,"phase":"Immediate","time":1791065396314,"processId":28956,"projectLoad":110.66577570800001,"projectInit":0.0,"templateInit":0.0,"packageManagerInit":0.0,"assetDatabaseInit":0.0,"globalIlluminationInit":0.0,"assembliesLoad":0.0,"unityExtensionsInit":0.0,"assetDatabaseRefresh":0.0,"sceneOpening":0.0}
##utp:{"type":"EditorInfo","version":2,"phase":"Immediate","time":1791065396314,"processId":28956,"editorVersion":"6000.5.2f1 (eb73d3b415a1)","branch":"6000.5/staging","buildType":"Release","platform":"OSX"}
Subscribe to USB device events
Scanning for USB devices : 0.098ms
[Licensing::Client] Successfully resolved entitlement details
Thread 0x3295ab000 may have been prematurely finalized
Entering Playmode with Reload Domain disabled.
If you experience any issues, please disable "Enter Play Mode Options" in Editor Settings
Ignoring invalid [Unity.Entities.UpdateAfterAttribute] attribute on Game.Runtime.CampaignMissionArmorBreakAircraftOrderSystem targeting Game.Runtime.UnitTargetOrderSystem.
This attribute can only order systems that are members of the same ComponentSystemGroup instance.
Make sure that both systems are in the same system group with [UpdateInGroup(typeof(Unity.Entities.SimulationSystemGroup))],
or by manually adding both systems to the same group's update list.
UnityEngine.Debug:ExtractStackTraceNoAlloc (byte*,int,string)
UnityEngine.StackTraceUtility:ExtractStackTrace () (at /Users/bokken/build/output/unity/unity/Runtime/Export/Scripting/StackTrace.cs:35)
UnityEngine.DebugLogHandler:Internal_Log (UnityEngine.LogType,UnityEngine.LogOption,string,UnityEngine.Object)
UnityEngine.DebugLogHandler:LogFormat (UnityEngine.LogType,UnityEngine.Object,string,object[])
UnityEngine.Logger:Log (UnityEngine.LogType,object)
UnityEngine.Debug:LogWarning (object)
Unity.Debug:LogWarning (object) (at ./Library/PackageCache/com.unity.entities@bab66ffaba49/Unity.Entities/Stubs/Unity/Debug.cs:13)
Unity.Entities.ComponentSystemSorter:WarnAboutAnySystemAttributeBadness (int,Unity.Entities.ComponentSystemGroup) (at ./Library/PackageCache/com.unity.entities@bab66ffaba49/Unity.Entities/ComponentSystemSorter.cs:504)
Unity.Entities.ComponentSystemGroup:GenerateMasterUpdateList () (at ./Library/PackageCache/com.unity.entities@bab66ffaba49/Unity.Entities/ComponentSystemGroup.cs:490)
Unity.Entities.ComponentSystemGroup:RecurseUpdate () (at ./Library/PackageCache/com.unity.entities@bab66ffaba49/Unity.Entities/ComponentSystemGroup.cs:410)
Unity.Entities.ComponentSystemGroup:SortSystems () (at ./Library/PackageCache/com.unity.entities@bab66ffaba49/Unity.Entities/ComponentSystemGroup.cs:598)
Unity.Entities.DefaultWorldInitialization:AddSystemToRootLevelSystemGroupsInternal (Unity.Entities.World,Unity.Collections.NativeList`1<Unity.Entities.SystemTypeIndex>) (at ./Library/PackageCache/com.unity.entities@bab66ffaba49/Unity.Entities/DefaultWorldInitialization.cs:304)
Unity.Entities.DefaultWorldInitialization:Initialize (string,bool) (at ./Library/PackageCache/com.unity.entities@bab66ffaba49/Unity.Entities/DefaultWorldInitialization.cs:156)
Unity.Entities.AutomaticWorldBootstrap:Initialize () (at ./Library/PackageCache/com.unity.entities@bab66ffaba49/Unity.Entities.Hybrid/Injection/AutomaticWorldBootstrap.cs:16)

(Filename: ./Library/PackageCache/com.unity.entities@bab66ffaba49/Unity.Entities/Stubs/Unity/Debug.cs Line: 13)

Ignoring invalid [Unity.Entities.UpdateAfterAttribute(Game.Runtime.SkirmishResultSettlementSystem)] attribute on Game.Runtime.SkirmishExpandedSessionControlSystem because OrderFirst/OrderLast has higher precedence.
UnityEngine.Debug:ExtractStackTraceNoAlloc (byte*,int,string)
UnityEngine.StackTraceUtility:ExtractStackTrace () (at /Users/bokken/build/output/unity/unity/Runtime/Export/Scripting/StackTrace.cs:35)
UnityEngine.DebugLogHandler:Internal_Log (UnityEngine.LogType,UnityEngine.LogOption,string,UnityEngine.Object)
UnityEngine.DebugLogHandler:LogFormat (UnityEngine.LogType,UnityEngine.Object,string,object[])
UnityEngine.Logger:Log (UnityEngine.LogType,object)
UnityEngine.Debug:LogWarning (object)
Unity.Debug:LogWarning (object) (at ./Library/PackageCache/com.unity.entities@bab66ffaba49/Unity.Entities/Stubs/Unity/Debug.cs:13)
Unity.Entities.ComponentSystemSorter:WarnAboutAnySystemAttributeBadness (int,Unity.Entities.ComponentSystemGroup) (at ./Library/PackageCache/com.unity.entities@bab66ffaba49/Unity.Entities/ComponentSystemSorter.cs:522)
Unity.Entities.ComponentSystemGroup:GenerateMasterUpdateList () (at ./Library/PackageCache/com.unity.entities@bab66ffaba49/Unity.Entities/ComponentSystemGroup.cs:490)
Unity.Entities.ComponentSystemGroup:RecurseUpdate () (at ./Library/PackageCache/com.unity.entities@bab66ffaba49/Unity.Entities/ComponentSystemGroup.cs:410)
Unity.Entities.ComponentSystemGroup:SortSystems () (at ./Library/PackageCache/com.unity.entities@bab66ffaba49/Unity.Entities/ComponentSystemGroup.cs:598)
Unity.Entities.DefaultWorldInitialization:AddSystemToRootLevelSystemGroupsInternal (Unity.Entities.World,Unity.Collections.NativeList`1<Unity.Entities.SystemTypeIndex>) (at ./Library/PackageCache/com.unity.entities@bab66ffaba49/Unity.Entities/DefaultWorldInitialization.cs:304)
Unity.Entities.DefaultWorldInitialization:Initialize (string,bool) (at ./Library/PackageCache/com.unity.entities@bab66ffaba49/Unity.Entities/DefaultWorldInitialization.cs:156)
Unity.Entities.AutomaticWorldBootstrap:Initialize () (at ./Library/PackageCache/com.unity.entities@bab66ffaba49/Unity.Entities.Hybrid/Injection/AutomaticWorldBootstrap.cs:16)

(Filename: ./Library/PackageCache/com.unity.entities@bab66ffaba49/Unity.Entities/Stubs/Unity/Debug.cs Line: 13)

Ignoring invalid [Unity.Entities.UpdateBeforeAttribute] attribute on Game.Rendering.OperationMapVehicleVisualOwnershipSystem targeting Game.Rendering.UnitRenderVisualExclusivitySystem.
This attribute can only order systems that are members of the same ComponentSystemGroup instance.
Make sure that both systems are in the same system group with [UpdateInGroup(typeof(Unity.Entities.PresentationSystemGroup))],
or by manually adding both systems to the same group's update list.
UnityEngine.Debug:ExtractStackTraceNoAlloc (byte*,int,string)
UnityEngine.StackTraceUtility:ExtractStackTrace () (at /Users/bokken/build/output/unity/unity/Runtime/Export/Scripting/StackTrace.cs:35)
UnityEngine.DebugLogHandler:Internal_Log (UnityEngine.LogType,UnityEngine.LogOption,string,UnityEngine.Object)
UnityEngine.DebugLogHandler:LogFormat (UnityEngine.LogType,UnityEngine.Object,string,object[])
UnityEngine.Logger:Log (UnityEngine.LogType,object)
UnityEngine.Debug:LogWarning (object)
Unity.Debug:LogWarning (object) (at ./Library/PackageCache/com.unity.entities@bab66ffaba49/Unity.Entities/Stubs/Unity/Debug.cs:13)
Unity.Entities.ComponentSystemSorter:WarnAboutAnySystemAttributeBadness (int,Unity.Entities.ComponentSystemGroup) (at ./Library/PackageCache/com.unity.entities@bab66ffaba49/Unity.Entities/ComponentSystemSorter.cs:504)
Unity.Entities.ComponentSystemGroup:GenerateMasterUpdateList () (at ./Library/PackageCache/com.unity.entities@bab66ffaba49/Unity.Entities/ComponentSystemGroup.cs:490)
Unity.Entities.ComponentSystemGroup:RecurseUpdate () (at ./Library/PackageCache/com.unity.entities@bab66ffaba49/Unity.Entities/ComponentSystemGroup.cs:410)
Unity.Entities.ComponentSystemGroup:SortSystems () (at ./Library/PackageCache/com.unity.entities@bab66ffaba49/Unity.Entities/ComponentSystemGroup.cs:598)
Unity.Entities.DefaultWorldInitialization:AddSystemToRootLevelSystemGroupsInternal (Unity.Entities.World,Unity.Collections.NativeList`1<Unity.Entities.SystemTypeIndex>) (at ./Library/PackageCache/com.unity.entities@bab66ffaba49/Unity.Entities/DefaultWorldInitialization.cs:305)
Unity.Entities.DefaultWorldInitialization:Initialize (string,bool) (at ./Library/PackageCache/com.unity.entities@bab66ffaba49/Unity.Entities/DefaultWorldInitialization.cs:156)
Unity.Entities.AutomaticWorldBootstrap:Initialize () (at ./Library/PackageCache/com.unity.entities@bab66ffaba49/Unity.Entities.Hybrid/Injection/AutomaticWorldBootstrap.cs:16)

(Filename: ./Library/PackageCache/com.unity.entities@bab66ffaba49/Unity.Entities/Stubs/Unity/Debug.cs Line: 13)

[FirstLaunchStartup] fix=LanguageChoiceAwakeOrder_2026-07-17 disposition=EnterMenu languageView=1 languageVisible=0 narrativeView=1
UnityEngine.Debug:ExtractStackTraceNoAlloc (byte*,int,string)
UnityEngine.StackTraceUtility:ExtractStackTrace () (at /Users/bokken/build/output/unity/unity/Runtime/Export/Scripting/StackTrace.cs:35)
UnityEngine.DebugLogHandler:Internal_Log (UnityEngine.LogType,UnityEngine.LogOption,string,UnityEngine.Object)
UnityEngine.DebugLogHandler:LogFormat (UnityEngine.LogType,UnityEngine.Object,string,object[])
UnityEngine.Logger:Log (UnityEngine.LogType,object)
UnityEngine.Debug:Log (object)
Game.Composition.FirstLaunchNarrativeCompositionSystemHelper:LogStartupDisposition (Game.Composition.FirstLaunchNarrativeStartupDisposition) (at Assets/Game/Scripts/Composition/Narrative/FirstLaunchNarrativeCompositionSystemHelper.cs:319)
Game.Composition.FirstLaunchNarrativeCompositionSystemHelper:Initialize (Game.Configs.NarrativeSequenceConfig,Game.Configs.NarrativeSpeakerCatalog,Game.Configs.NarrativePunctuationConfig,Game.UI.Runtime.NarrativeSequenceView,Game.UI.Contracts.IGameTextResolver,Game.Runtime.SaveService,bool,bool,Game.UI.Runtime.FirstLaunchLanguageChoiceView,Game.Configs.NarrativeLocaleConfig,Game.UI.Runtime.UIShellView) (at Assets/Game/Scripts/Composition/Narrative/FirstLaunchNarrativeCompositionSystemHelper.cs:98)
Game.Composition.FirstLaunchNarrativeCompositionSystemHelper:InitializeShell (Game.Composition.MenuBootstrapView,Game.UI.Contracts.IGameTextResolver,bool,bool) (at Assets/Game/Scripts/Composition/Narrative/FirstLaunchNarrativeCompositionSystemHelper.cs:151)
Game.Composition.MenuBootstrapCompositionSystemHelper:Initialize (Game.Composition.MenuBootstrapView) (at Assets/Game/Scripts/Composition/MenuBootstrapCompositionSystemHelper.cs:115)
Game.Composition.MenuBootstrapView:Awake () (at Assets/Game/Scripts/Composition/MenuBootstrapView.cs:159)

(Filename: Assets/Game/Scripts/Composition/Narrative/FirstLaunchNarrativeCompositionSystemHelper.cs Line: 319)

Loaded scene 'Temp/__Backupscenes/0.backup'
	Deserialize:            18.046 ms
	Integration:            1015.576 ms
	Integration of assets:  0.037 ms
	Thread Wait Time:       0.004 ms
	Total Operation Time:   1033.663 ms
Account API did not become accessible within 30 seconds. This may be due to network issues or editor focus.
UnityEngine.Debug:ExtractStackTraceNoAlloc (byte*,int,string)
UnityEngine.StackTraceUtility:ExtractStackTrace () (at /Users/bokken/build/output/unity/unity/Runtime/Export/Scripting/StackTrace.cs:35)
UnityEngine.DebugLogHandler:Internal_Log (UnityEngine.LogType,UnityEngine.LogOption,string,UnityEngine.Object)
UnityEngine.DebugLogHandler:LogFormat (UnityEngine.LogType,UnityEngine.Object,string,object[])
UnityEngine.Logger:Log (UnityEngine.LogType,object)
UnityEngine.Debug:LogWarning (object)
Unity.AI.Toolkit.Accounts.Services.States.ApiAccessibleState/<WaitForCloudProjectSettings>d__4:MoveNext () (at ./Library/PackageCache/com.unity.ai.assistant@6fee27370e6a/Modules/Unity.AI.Toolkit.Accounts/Services/States/ApiAccessibleState.cs:46)
System.Runtime.CompilerServices.AsyncMethodBuilderCore/MoveNextRunner:InvokeMoveNext (object)
System.Threading.ExecutionContext:RunInternal (System.Threading.ExecutionContext,System.Threading.ContextCallback,object,bool)
System.Threading.ExecutionContext:Run (System.Threading.ExecutionContext,System.Threading.ContextCallback,object,bool)
System.Runtime.CompilerServices.AsyncMethodBuilderCore/MoveNextRunner:Run ()
System.Threading.Tasks.AwaitTaskContinuation:InvokeAction (object)
System.Threading.Tasks.AwaitTaskContinuation:RunCallback (System.Threading.ContextCallback,object,System.Threading.Tasks.Task&)
System.Threading.Tasks.SynchronizationContextAwaitTaskContinuation:Run (System.Threading.Tasks.Task,bool)
System.Threading.Tasks.Task:FinishContinuations ()
System.Threading.Tasks.Task:FinishStageThree ()
System.Threading.Tasks.Task`1<bool>:TrySetResult (bool)
System.Threading.Tasks.TaskCompletionSource`1<bool>:TrySetResult (bool)
Unity.AI.Toolkit.EditorTask/<>c__DisplayClass22_0:<WaitForCondition>b__0 () (at ./Library/PackageCache/com.unity.ai.assistant@6fee27370e6a/Modules/Unity.AI.Toolkit.Async/EditorTask.cs:420)
UnityEditor.EditorApplication:Internal_CallUpdateFunctions () (at /Users/bokken/build/output/unity/unity/Editor/Mono/EditorApplication.cs:403)

(Filename: ./Library/PackageCache/com.unity.ai.assistant@6fee27370e6a/Modules/Unity.AI.Toolkit.Accounts/Services/States/ApiAccessibleState.cs Line: 46)

[Licensing::Client] Error: Code 404 while processing request (status: Found 0 entitlement groups and 0 free entitlements matching requested entitlement ids)
[Licensing::Client] Error: Code 404 while processing request (status: Found 0 entitlement groups and 0 free entitlements matching requested entitlement ids)
[Start]
UnityEngine.Debug:ExtractStackTraceNoAlloc (byte*,int,string)
UnityEngine.StackTraceUtility:ExtractStackTrace () (at /Users/bokken/build/output/unity/unity/Runtime/Export/Scripting/StackTrace.cs:35)
UnityEngine.DebugLogHandler:Internal_Log (UnityEngine.LogType,UnityEngine.LogOption,string,UnityEngine.Object)
UnityEngine.DebugLogHandler:LogFormat (UnityEngine.LogType,UnityEngine.Object,string,object[])
UnityEngine.Logger:Log (UnityEngine.LogType,object)
UnityEngine.Debug:Log (object)
Unity.AI.Tracing.ConsoleSink:LogToConsole (string,string,System.Exception) (at ./Library/PackageCache/com.unity.ai.assistant@6fee27370e6a/Modules/Unity.AI.Tracing/TraceSinks.cs:313)
Unity.AI.Tracing.ConsoleSink:Write (Unity.AI.Tracing.TraceEvent) (at ./Library/PackageCache/com.unity.ai.assistant@6fee27370e6a/Modules/Unity.AI.Tracing/TraceSinks.cs:277)
Unity.AI.Tracing.TraceWriter:WriteEventInternal (string,string,Unity.AI.Tracing.TraceEventOptions,string,System.Nullable`1<int>) (at ./Library/PackageCache/com.unity.ai.assistant@6fee27370e6a/Modules/Unity.AI.Tracing/TraceWriter.cs:373)
Unity.AI.Tracing.TraceWriter:Event (string,Unity.AI.Tracing.TraceEventOptions) (at ./Library/PackageCache/com.unity.ai.assistant@6fee27370e6a/Modules/Unity.AI.Tracing/TraceWriter.cs:297)
Unity.AI.Tracing.TraceLogger:Emit (string,string,string,string,Unity.AI.Tracing.TraceEventOptions,object,System.Exception) (at ./Library/PackageCache/com.unity.ai.assistant@6fee27370e6a/Modules/Unity.AI.Tracing/TraceLogger.cs:105)
Unity.AI.Tracing.TraceLogger:Info (string,string,string,Unity.AI.Tracing.TraceEventOptions) (at ./Library/PackageCache/com.unity.ai.assistant@6fee27370e6a/Modules/Unity.AI.Tracing/TraceLogger.cs:35)
Unity.AI.MCP.Editor.Helpers.McpLog:Log (string,Unity.AI.Tracing.TraceEventOptions) (at ./Library/PackageCache/com.unity.ai.assistant@6fee27370e6a/Modules/Unity.AI.MCP.Editor/Helpers/McpLog.cs:15)
Unity.AI.MCP.Editor.Bridge:LogBreadcrumb (string) (at ./Library/PackageCache/com.unity.ai.assistant@6fee27370e6a/Modules/Unity.AI.MCP.Editor/Bridge.cs:2055)
Unity.AI.MCP.Editor.Bridge:Start () (at ./Library/PackageCache/com.unity.ai.assistant@6fee27370e6a/Modules/Unity.AI.MCP.Editor/Bridge.cs:279)
Unity.AI.MCP.Editor.Bridge:EnsureStartedOnEditorIdle () (at ./Library/PackageCache/com.unity.ai.assistant@6fee27370e6a/Modules/Unity.AI.MCP.Editor/Bridge.cs:454)
UnityEditor.EditorApplication:Internal_CallUpdateFunctions () (at /Users/bokken/build/output/unity/unity/Editor/Mono/EditorApplication.cs:403)

(Filename: ./Library/PackageCache/com.unity.ai.assistant@6fee27370e6a/Modules/Unity.AI.Tracing/TraceSinks.cs Line: 313)

Set umask to 077 for secure socket creation
UnityEngine.Debug:ExtractStackTraceNoAlloc (byte*,int,string)
UnityEngine.StackTraceUtility:ExtractStackTrace () (at /Users/bokken/build/output/unity/unity/Runtime/Export/Scripting/StackTrace.cs:35)
UnityEngine.DebugLogHandler:Internal_Log (UnityEngine.LogType,UnityEngine.LogOption,string,UnityEngine.Object)
UnityEngine.DebugLogHandler:LogFormat (UnityEngine.LogType,UnityEngine.Object,string,object[])
UnityEngine.Logger:Log (UnityEngine.LogType,object)
UnityEngine.Debug:Log (object)
Unity.AI.Tracing.ConsoleSink:LogToConsole (string,string,System.Exception) (at ./Library/PackageCache/com.unity.ai.assistant@6fee27370e6a/Modules/Unity.AI.Tracing/TraceSinks.cs:313)
Unity.AI.Tracing.ConsoleSink:Write (Unity.AI.Tracing.TraceEvent) (at ./Library/PackageCache/com.unity.ai.assistant@6fee27370e6a/Modules/Unity.AI.Tracing/TraceSinks.cs:277)
Unity.AI.Tracing.TraceWriter:WriteEventInternal (string,string,Unity.AI.Tracing.TraceEventOptions,string,System.Nullable`1<int>) (at ./Library/PackageCache/com.unity.ai.assistant@6fee27370e6a/Modules/Unity.AI.Tracing/TraceWriter.cs:373)
Unity.AI.Tracing.TraceWriter:Event (string,Unity.AI.Tracing.TraceEventOptions) (at ./Library/PackageCache/com.unity.ai.assistant@6fee27370e6a/Modules/Unity.AI.Tracing/TraceWriter.cs:297)
Unity.AI.Tracing.TraceLogger:Emit (string,string,string,string,Unity.AI.Tracing.TraceEventOptions,object,System.Exception) (at ./Library/PackageCache/com.unity.ai.assistant@6fee27370e6a/Modules/Unity.AI.Tracing/TraceLogger.cs:105)
Unity.AI.Tracing.TraceLogger:Info (string,string,string,Unity.AI.Tracing.TraceEventOptions) (at ./Library/PackageCache/com.unity.ai.assistant@6fee27370e6a/Modules/Unity.AI.Tracing/TraceLogger.cs:35)
Unity.AI.MCP.Editor.Helpers.McpLog:Log (string,Unity.AI.Tracing.TraceEventOptions) (at ./Library/PackageCache/com.unity.ai.assistant@6fee27370e6a/Modules/Unity.AI.MCP.Editor/Helpers/McpLog.cs:15)
Unity.AI.MCP.Editor.Connection.UnixSocketListener:Start (string) (at ./Library/PackageCache/com.unity.ai.assistant@6fee27370e6a/Modules/Unity.AI.MCP.Editor/Connection/UnixSocketListener.cs:154)
Unity.AI.MCP.Editor.Bridge:Start () (at ./Library/PackageCache/com.unity.ai.assistant@6fee27370e6a/Modules/Unity.AI.MCP.Editor/Bridge.cs:282)
Unity.AI.MCP.Editor.Bridge:EnsureStartedOnEditorIdle () (at ./Library/PackageCache/com.unity.ai.assistant@6fee27370e6a/Modules/Unity.AI.MCP.Editor/Bridge.cs:454)
UnityEditor.EditorApplication:Internal_CallUpdateFunctions () (at /Users/bokken/build/output/unity/unity/Editor/Mono/EditorApplication.cs:403)

(Filename: ./Library/PackageCache/com.unity.ai.assistant@6fee27370e6a/Modules/Unity.AI.Tracing/TraceSinks.cs Line: 313)

Created Unix socket with fd=91
UnityEngine.Debug:ExtractStackTraceNoAlloc (byte*,int,string)
UnityEngine.StackTraceUtility:ExtractStackTrace () (at /Users/bokken/build/output/unity/unity/Runtime/Export/Scripting/StackTrace.cs:35)
UnityEngine.DebugLogHandler:Internal_Log (UnityEngine.LogType,UnityEngine.LogOption,string,UnityEngine.Object)
UnityEngine.DebugLogHandler:LogFormat (UnityEngine.LogType,UnityEngine.Object,string,object[])
UnityEngine.Logger:Log (UnityEngine.LogType,object)
UnityEngine.Debug:Log (object)
Unity.AI.Tracing.ConsoleSink:LogToConsole (string,string,System.Exception) (at ./Library/PackageCache/com.unity.ai.assistant@6fee27370e6a/Modules/Unity.AI.Tracing/TraceSinks.cs:313)
Unity.AI.Tracing.ConsoleSink:Write (Unity.AI.Tracing.TraceEvent) (at ./Library/PackageCache/com.unity.ai.assistant@6fee27370e6a/Modules/Unity.AI.Tracing/TraceSinks.cs:277)
Unity.AI.Tracing.TraceWriter:WriteEventInternal (string,string,Unity.AI.Tracing.TraceEventOptions,string,System.Nullable`1<int>) (at ./Library/PackageCache/com.unity.ai.assistant@6fee27370e6a/Modules/Unity.AI.Tracing/TraceWriter.cs:373)
Unity.AI.Tracing.TraceWriter:Event (string,Unity.AI.Tracing.TraceEventOptions) (at ./Library/PackageCache/com.unity.ai.assistant@6fee27370e6a/Modules/Unity.AI.Tracing/TraceWriter.cs:297)
Unity.AI.Tracing.TraceLogger:Emit (string,string,string,string,Unity.AI.Tracing.TraceEventOptions,object,System.Exception) (at ./Library/PackageCache/com.unity.ai.assistant@6fee27370e6a/Modules/Unity.AI.Tracing/TraceLogger.cs:105)
Unity.AI.Tracing.TraceLogger:Info (string,string,string,Unity.AI.Tracing.TraceEventOptions) (at ./Library/PackageCache/com.unity.ai.assistant@6fee27370e6a/Modules/Unity.AI.Tracing/TraceLogger.cs:35)
Unity.AI.MCP.Editor.Helpers.McpLog:Log (string,Unity.AI.Tracing.TraceEventOptions) (at ./Library/PackageCache/com.unity.ai.assistant@6fee27370e6a/Modules/Unity.AI.MCP.Editor/Helpers/McpLog.cs:15)
Unity.AI.MCP.Editor.Connection.UnixSocketListener:Start (string) (at ./Library/PackageCache/com.unity.ai.assistant@6fee27370e6a/Modules/Unity.AI.MCP.Editor/Connection/UnixSocketListener.cs:170)
Unity.AI.MCP.Editor.Bridge:Start () (at ./Library/PackageCache/com.unity.ai.assistant@6fee27370e6a/Modules/Unity.AI.MCP.Editor/Bridge.cs:282)
Unity.AI.MCP.Editor.Bridge:EnsureStartedOnEditorIdle () (at ./Library/PackageCache/com.unity.ai.assistant@6fee27370e6a/Modules/Unity.AI.MCP.Editor/Bridge.cs:454)
UnityEditor.EditorApplication:Internal_CallUpdateFunctions () (at /Users/bokken/build/output/unity/unity/Editor/Mono/EditorApplication.cs:403)

(Filename: ./Library/PackageCache/com.unity.ai.assistant@6fee27370e6a/Modules/Unity.AI.Tracing/TraceSinks.cs Line: 313)

Bound Unix socket to /tmp/unity-mcp-cf777efb-28956
UnityEngine.Debug:ExtractStackTraceNoAlloc (byte*,int,string)
UnityEngine.StackTraceUtility:ExtractStackTrace () (at /Users/bokken/build/output/unity/unity/Runtime/Export/Scripting/StackTrace.cs:35)
UnityEngine.DebugLogHandler:Internal_Log (UnityEngine.LogType,UnityEngine.LogOption,string,UnityEngine.Object)
UnityEngine.DebugLogHandler:LogFormat (UnityEngine.LogType,UnityEngine.Object,string,object[])
UnityEngine.Logger:Log (UnityEngine.LogType,object)
UnityEngine.Debug:Log (object)
Unity.AI.Tracing.ConsoleSink:LogToConsole (string,string,System.Exception) (at ./Library/PackageCache/com.unity.ai.assistant@6fee27370e6a/Modules/Unity.AI.Tracing/TraceSinks.cs:313)
Unity.AI.Tracing.ConsoleSink:Write (Unity.AI.Tracing.TraceEvent) (at ./Library/PackageCache/com.unity.ai.assistant@6fee27370e6a/Modules/Unity.AI.Tracing/TraceSinks.cs:277)
Unity.AI.Tracing.TraceWriter:WriteEventInternal (string,string,Unity.AI.Tracing.TraceEventOptions,string,System.Nullable`1<int>) (at ./Library/PackageCache/com.unity.ai.assistant@6fee27370e6a/Modules/Unity.AI.Tracing/TraceWriter.cs:373)
Unity.AI.Tracing.TraceWriter:Event (string,Unity.AI.Tracing.TraceEventOptions) (at ./Library/PackageCache/com.unity.ai.assistant@6fee27370e6a/Modules/Unity.AI.Tracing/TraceWriter.cs:297)
Unity.AI.Tracing.TraceLogger:Emit (string,string,string,string,Unity.AI.Tracing.TraceEventOptions,object,System.Exception) (at ./Library/PackageCache/com.unity.ai.assistant@6fee27370e6a/Modules/Unity.AI.Tracing/TraceLogger.cs:105)
Unity.AI.Tracing.TraceLogger:Info (string,string,string,Unity.AI.Tracing.TraceEventOptions) (at ./Library/PackageCache/com.unity.ai.assistant@6fee27370e6a/Modules/Unity.AI.Tracing/TraceLogger.cs:35)
Unity.AI.MCP.Editor.Helpers.McpLog:Log (string,Unity.AI.Tracing.TraceEventOptions) (at ./Library/PackageCache/com.unity.ai.assistant@6fee27370e6a/Modules/Unity.AI.MCP.Editor/Helpers/McpLog.cs:15)
Unity.AI.MCP.Editor.Connection.UnixSocketListener:Start (string) (at ./Library/PackageCache/com.unity.ai.assistant@6fee27370e6a/Modules/Unity.AI.MCP.Editor/Connection/UnixSocketListener.cs:188)
Unity.AI.MCP.Editor.Bridge:Start () (at ./Library/PackageCache/com.unity.ai.assistant@6fee27370e6a/Modules/Unity.AI.MCP.Editor/Bridge.cs:282)
Unity.AI.MCP.Editor.Bridge:EnsureStartedOnEditorIdle () (at ./Library/PackageCache/com.unity.ai.assistant@6fee27370e6a/Modules/Unity.AI.MCP.Editor/Bridge.cs:454)
UnityEditor.EditorApplication:Internal_CallUpdateFunctions () (at /Users/bokken/build/output/unity/unity/Editor/Mono/EditorApplication.cs:403)

(Filename: ./Library/PackageCache/com.unity.ai.assistant@6fee27370e6a/Modules/Unity.AI.Tracing/TraceSinks.cs Line: 313)

Set socket permissions to 0600: /tmp/unity-mcp-cf777efb-28956
UnityEngine.Debug:ExtractStackTraceNoAlloc (byte*,int,string)
UnityEngine.StackTraceUtility:ExtractStackTrace () (at /Users/bokken/build/output/unity/unity/Runtime/Export/Scripting/StackTrace.cs:35)
UnityEngine.DebugLogHandler:Internal_Log (UnityEngine.LogType,UnityEngine.LogOption,string,UnityEngine.Object)
UnityEngine.DebugLogHandler:LogFormat (UnityEngine.LogType,UnityEngine.Object,string,object[])
UnityEngine.Logger:Log (UnityEngine.LogType,object)
UnityEngine.Debug:Log (object)
Unity.AI.Tracing.ConsoleSink:LogToConsole (string,string,System.Exception) (at ./Library/PackageCache/com.unity.ai.assistant@6fee27370e6a/Modules/Unity.AI.Tracing/TraceSinks.cs:313)
Unity.AI.Tracing.ConsoleSink:Write (Unity.AI.Tracing.TraceEvent) (at ./Library/PackageCache/com.unity.ai.assistant@6fee27370e6a/Modules/Unity.AI.Tracing/TraceSinks.cs:277)
Unity.AI.Tracing.TraceWriter:WriteEventInternal (string,string,Unity.AI.Tracing.TraceEventOptions,string,System.Nullable`1<int>) (at ./Library/PackageCache/com.unity.ai.assistant@6fee27370e6a/Modules/Unity.AI.Tracing/TraceWriter.cs:373)
Unity.AI.Tracing.TraceWriter:Event (string,Unity.AI.Tracing.TraceEventOptions) (at ./Library/PackageCache/com.unity.ai.assistant@6fee27370e6a/Modules/Unity.AI.Tracing/TraceWriter.cs:297)
Unity.AI.Tracing.TraceLogger:Emit (string,string,string,string,Unity.AI.Tracing.TraceEventOptions,object,System.Exception) (at ./Library/PackageCache/com.unity.ai.assistant@6fee27370e6a/Modules/Unity.AI.Tracing/TraceLogger.cs:105)
Unity.AI.Tracing.TraceLogger:Info (string,string,string,Unity.AI.Tracing.TraceEventOptions) (at ./Library/PackageCache/com.unity.ai.assistant@6fee27370e6a/Modules/Unity.AI.Tracing/TraceLogger.cs:35)
Unity.AI.MCP.Editor.Helpers.McpLog:Log (string,Unity.AI.Tracing.TraceEventOptions) (at ./Library/PackageCache/com.unity.ai.assistant@6fee27370e6a/Modules/Unity.AI.MCP.Editor/Helpers/McpLog.cs:15)
Unity.AI.MCP.Editor.Connection.UnixSocketListener:Start (string) (at ./Library/PackageCache/com.unity.ai.assistant@6fee27370e6a/Modules/Unity.AI.MCP.Editor/Connection/UnixSocketListener.cs:193)
Unity.AI.MCP.Editor.Bridge:Start () (at ./Library/PackageCache/com.unity.ai.assistant@6fee27370e6a/Modules/Unity.AI.MCP.Editor/Bridge.cs:282)
Unity.AI.MCP.Editor.Bridge:EnsureStartedOnEditorIdle () (at ./Library/PackageCache/com.unity.ai.assistant@6fee27370e6a/Modules/Unity.AI.MCP.Editor/Bridge.cs:454)
UnityEditor.EditorApplication:Internal_CallUpdateFunctions () (at /Users/bokken/build/output/unity/unity/Editor/Mono/EditorApplication.cs:403)

(Filename: ./Library/PackageCache/com.unity.ai.assistant@6fee27370e6a/Modules/Unity.AI.Tracing/TraceSinks.cs Line: 313)

Listening on Unix socket: /tmp/unity-mcp-cf777efb-28956
UnityEngine.Debug:ExtractStackTraceNoAlloc (byte*,int,string)
UnityEngine.StackTraceUtility:ExtractStackTrace () (at /Users/bokken/build/output/unity/unity/Runtime/Export/Scripting/StackTrace.cs:35)
UnityEngine.DebugLogHandler:Internal_Log (UnityEngine.LogType,UnityEngine.LogOption,string,UnityEngine.Object)
UnityEngine.DebugLogHandler:LogFormat (UnityEngine.LogType,UnityEngine.Object,string,object[])
UnityEngine.Logger:Log (UnityEngine.LogType,object)
UnityEngine.Debug:Log (object)
Unity.AI.Tracing.ConsoleSink:LogToConsole (string,string,System.Exception) (at ./Library/PackageCache/com.unity.ai.assistant@6fee27370e6a/Modules/Unity.AI.Tracing/TraceSinks.cs:313)
Unity.AI.Tracing.ConsoleSink:Write (Unity.AI.Tracing.TraceEvent) (at ./Library/PackageCache/com.unity.ai.assistant@6fee27370e6a/Modules/Unity.AI.Tracing/TraceSinks.cs:277)
Unity.AI.Tracing.TraceWriter:WriteEventInternal (string,string,Unity.AI.Tracing.TraceEventOptions,string,System.Nullable`1<int>) (at ./Library/PackageCache/com.unity.ai.assistant@6fee27370e6a/Modules/Unity.AI.Tracing/TraceWriter.cs:373)
Unity.AI.Tracing.TraceWriter:Event (string,Unity.AI.Tracing.TraceEventOptions) (at ./Library/PackageCache/com.unity.ai.assistant@6fee27370e6a/Modules/Unity.AI.Tracing/TraceWriter.cs:297)
Unity.AI.Tracing.TraceLogger:Emit (string,string,string,string,Unity.AI.Tracing.TraceEventOptions,object,System.Exception) (at ./Library/PackageCache/com.unity.ai.assistant@6fee27370e6a/Modules/Unity.AI.Tracing/TraceLogger.cs:105)
Unity.AI.Tracing.TraceLogger:Info (string,string,string,Unity.AI.Tracing.TraceEventOptions) (at ./Library/PackageCache/com.unity.ai.assistant@6fee27370e6a/Modules/Unity.AI.Tracing/TraceLogger.cs:35)
Unity.AI.MCP.Editor.Helpers.McpLog:Log (string,Unity.AI.Tracing.TraceEventOptions) (at ./Library/PackageCache/com.unity.ai.assistant@6fee27370e6a/Modules/Unity.AI.MCP.Editor/Helpers/McpLog.cs:15)
Unity.AI.MCP.Editor.Connection.UnixSocketListener:Start (string) (at ./Library/PackageCache/com.unity.ai.assistant@6fee27370e6a/Modules/Unity.AI.MCP.Editor/Connection/UnixSocketListener.cs:210)
Unity.AI.MCP.Editor.Bridge:Start () (at ./Library/PackageCache/com.unity.ai.assistant@6fee27370e6a/Modules/Unity.AI.MCP.Editor/Bridge.cs:282)
Unity.AI.MCP.Editor.Bridge:EnsureStartedOnEditorIdle () (at ./Library/PackageCache/com.unity.ai.assistant@6fee27370e6a/Modules/Unity.AI.MCP.Editor/Bridge.cs:454)
UnityEditor.EditorApplication:Internal_CallUpdateFunctions () (at /Users/bokken/build/output/unity/unity/Editor/Mono/EditorApplication.cs:403)

(Filename: ./Library/PackageCache/com.unity.ai.assistant@6fee27370e6a/Modules/Unity.AI.Tracing/TraceSinks.cs Line: 313)

Restored umask to 012
UnityEngine.Debug:ExtractStackTraceNoAlloc (byte*,int,string)
UnityEngine.StackTraceUtility:ExtractStackTrace () (at /Users/bokken/build/output/unity/unity/Runtime/Export/Scripting/StackTrace.cs:35)
UnityEngine.DebugLogHandler:Internal_Log (UnityEngine.LogType,UnityEngine.LogOption,string,UnityEngine.Object)
UnityEngine.DebugLogHandler:LogFormat (UnityEngine.LogType,UnityEngine.Object,string,object[])
UnityEngine.Logger:Log (UnityEngine.LogType,object)
UnityEngine.Debug:Log (object)
Unity.AI.Tracing.ConsoleSink:LogToConsole (string,string,System.Exception) (at ./Library/PackageCache/com.unity.ai.assistant@6fee27370e6a/Modules/Unity.AI.Tracing/TraceSinks.cs:313)
Unity.AI.Tracing.ConsoleSink:Write (Unity.AI.Tracing.TraceEvent) (at ./Library/PackageCache/com.unity.ai.assistant@6fee27370e6a/Modules/Unity.AI.Tracing/TraceSinks.cs:277)
Unity.AI.Tracing.TraceWriter:WriteEventInternal (string,string,Unity.AI.Tracing.TraceEventOptions,string,System.Nullable`1<int>) (at ./Library/PackageCache/com.unity.ai.assistant@6fee27370e6a/Modules/Unity.AI.Tracing/TraceWriter.cs:373)
Unity.AI.Tracing.TraceWriter:Event (string,Unity.AI.Tracing.TraceEventOptions) (at ./Library/PackageCache/com.unity.ai.assistant@6fee27370e6a/Modules/Unity.AI.Tracing/TraceWriter.cs:297)
Unity.AI.Tracing.TraceLogger:Emit (string,string,string,string,Unity.AI.Tracing.TraceEventOptions,object,System.Exception) (at ./Library/PackageCache/com.unity.ai.assistant@6fee27370e6a/Modules/Unity.AI.Tracing/TraceLogger.cs:105)
Unity.AI.Tracing.TraceLogger:Info (string,string,string,Unity.AI.Tracing.TraceEventOptions) (at ./Library/PackageCache/com.unity.ai.assistant@6fee27370e6a/Modules/Unity.AI.Tracing/TraceLogger.cs:35)
Unity.AI.MCP.Editor.Helpers.McpLog:Log (string,Unity.AI.Tracing.TraceEventOptions) (at ./Library/PackageCache/com.unity.ai.assistant@6fee27370e6a/Modules/Unity.AI.MCP.Editor/Helpers/McpLog.cs:15)
Unity.AI.MCP.Editor.Connection.UnixSocketListener:Start (string) (at ./Library/PackageCache/com.unity.ai.assistant@6fee27370e6a/Modules/Unity.AI.MCP.Editor/Connection/UnixSocketListener.cs:224)
Unity.AI.MCP.Editor.Bridge:Start () (at ./Library/PackageCache/com.unity.ai.assistant@6fee27370e6a/Modules/Unity.AI.MCP.Editor/Bridge.cs:282)
Unity.AI.MCP.Editor.Bridge:EnsureStartedOnEditorIdle () (at ./Library/PackageCache/com.unity.ai.assistant@6fee27370e6a/Modules/Unity.AI.MCP.Editor/Bridge.cs:454)
UnityEditor.EditorApplication:Internal_CallUpdateFunctions () (at /Users/bokken/build/output/unity/unity/Editor/Mono/EditorApplication.cs:403)

(Filename: ./Library/PackageCache/com.unity.ai.assistant@6fee27370e6a/Modules/Unity.AI.Tracing/TraceSinks.cs Line: 313)

MCP Bridge V2 started using Unix Socket at /tmp/unity-mcp-cf777efb-28956 (OS=OSXEditor)
UnityEngine.Debug:ExtractStackTraceNoAlloc (byte*,int,string)
UnityEngine.StackTraceUtility:ExtractStackTrace () (at /Users/bokken/build/output/unity/unity/Runtime/Export/Scripting/StackTrace.cs:35)
UnityEngine.DebugLogHandler:Internal_Log (UnityEngine.LogType,UnityEngine.LogOption,string,UnityEngine.Object)
UnityEngine.DebugLogHandler:LogFormat (UnityEngine.LogType,UnityEngine.Object,string,object[])
UnityEngine.Logger:Log (UnityEngine.LogType,object)
UnityEngine.Debug:Log (object)
Unity.AI.Tracing.ConsoleSink:LogToConsole (string,string,System.Exception) (at ./Library/PackageCache/com.unity.ai.assistant@6fee27370e6a/Modules/Unity.AI.Tracing/TraceSinks.cs:313)
Unity.AI.Tracing.ConsoleSink:Write (Unity.AI.Tracing.TraceEvent) (at ./Library/PackageCache/com.unity.ai.assistant@6fee27370e6a/Modules/Unity.AI.Tracing/TraceSinks.cs:277)
Unity.AI.Tracing.TraceWriter:WriteEventInternal (string,string,Unity.AI.Tracing.TraceEventOptions,string,System.Nullable`1<int>) (at ./Library/PackageCache/com.unity.ai.assistant@6fee27370e6a/Modules/Unity.AI.Tracing/TraceWriter.cs:373)
Unity.AI.Tracing.TraceWriter:Event (string,Unity.AI.Tracing.TraceEventOptions) (at ./Library/PackageCache/com.unity.ai.assistant@6fee27370e6a/Modules/Unity.AI.Tracing/TraceWriter.cs:297)
Unity.AI.Tracing.TraceLogger:Emit (string,string,string,string,Unity.AI.Tracing.TraceEventOptions,object,System.Exception) (at ./Library/PackageCache/com.unity.ai.assistant@6fee27370e6a/Modules/Unity.AI.Tracing/TraceLogger.cs:105)
Unity.AI.Tracing.TraceLogger:Info (string,string,string,Unity.AI.Tracing.TraceEventOptions) (at ./Library/PackageCache/com.unity.ai.assistant@6fee27370e6a/Modules/Unity.AI.Tracing/TraceLogger.cs:35)
Unity.AI.MCP.Editor.Helpers.McpLog:Log (string,Unity.AI.Tracing.TraceEventOptions) (at ./Library/PackageCache/com.unity.ai.assistant@6fee27370e6a/Modules/Unity.AI.MCP.Editor/Helpers/McpLog.cs:15)
Unity.AI.MCP.Editor.Bridge:Start () (at ./Library/PackageCache/com.unity.ai.assistant@6fee27370e6a/Modules/Unity.AI.MCP.Editor/Bridge.cs:288)
Unity.AI.MCP.Editor.Bridge:EnsureStartedOnEditorIdle () (at ./Library/PackageCache/com.unity.ai.assistant@6fee27370e6a/Modules/Unity.AI.MCP.Editor/Bridge.cs:454)
UnityEditor.EditorApplication:Internal_CallUpdateFunctions () (at /Users/bokken/build/output/unity/unity/Editor/Mono/EditorApplication.cs:403)

(Filename: ./Library/PackageCache/com.unity.ai.assistant@6fee27370e6a/Modules/Unity.AI.Tracing/TraceSinks.cs Line: 313)

Saved connection info to /Users/farhad/.unity/mcp/connections/bridge-cf777efb-28956.json
UnityEngine.Debug:ExtractStackTraceNoAlloc (byte*,int,string)
UnityEngine.StackTraceUtility:ExtractStackTrace () (at /Users/bokken/build/output/unity/unity/Runtime/Export/Scripting/StackTrace.cs:35)
UnityEngine.DebugLogHandler:Internal_Log (UnityEngine.LogType,UnityEngine.LogOption,string,UnityEngine.Object)
UnityEngine.DebugLogHandler:LogFormat (UnityEngine.LogType,UnityEngine.Object,string,object[])
UnityEngine.Logger:Log (UnityEngine.LogType,object)
UnityEngine.Debug:Log (object)
Unity.AI.Tracing.ConsoleSink:LogToConsole (string,string,System.Exception) (at ./Library/PackageCache/com.unity.ai.assistant@6fee27370e6a/Modules/Unity.AI.Tracing/TraceSinks.cs:313)
Unity.AI.Tracing.ConsoleSink:Write (Unity.AI.Tracing.TraceEvent) (at ./Library/PackageCache/com.unity.ai.assistant@6fee27370e6a/Modules/Unity.AI.Tracing/TraceSinks.cs:277)
Unity.AI.Tracing.TraceWriter:WriteEventInternal (string,string,Unity.AI.Tracing.TraceEventOptions,string,System.Nullable`1<int>) (at ./Library/PackageCache/com.unity.ai.assistant@6fee27370e6a/Modules/Unity.AI.Tracing/TraceWriter.cs:373)
Unity.AI.Tracing.TraceWriter:Event (string,Unity.AI.Tracing.TraceEventOptions) (at ./Library/PackageCache/com.unity.ai.assistant@6fee27370e6a/Modules/Unity.AI.Tracing/TraceWriter.cs:297)
Unity.AI.Tracing.TraceLogger:Emit (string,string,string,string,Unity.AI.Tracing.TraceEventOptions,object,System.Exception) (at ./Library/PackageCache/com.unity.ai.assistant@6fee27370e6a/Modules/Unity.AI.Tracing/TraceLogger.cs:105)
Unity.AI.Tracing.TraceLogger:Info (string,string,string,Unity.AI.Tracing.TraceEventOptions) (at ./Library/PackageCache/com.unity.ai.assistant@6fee27370e6a/Modules/Unity.AI.Tracing/TraceLogger.cs:35)
Unity.AI.MCP.Editor.Helpers.McpLog:Log (string,Unity.AI.Tracing.TraceEventOptions) (at ./Library/PackageCache/com.unity.ai.assistant@6fee27370e6a/Modules/Unity.AI.MCP.Editor/Helpers/McpLog.cs:15)
Unity.AI.MCP.Editor.Helpers.ServerDiscovery:SaveConnectionInfo (string) (at ./Library/PackageCache/com.unity.ai.assistant@6fee27370e6a/Modules/Unity.AI.MCP.Editor/Connection/ServerDiscovery.cs:132)
Unity.AI.MCP.Editor.Bridge:Start () (at ./Library/PackageCache/com.unity.ai.assistant@6fee27370e6a/Modules/Unity.AI.MCP.Editor/Bridge.cs:297)
Unity.AI.MCP.Editor.Bridge:EnsureStartedOnEditorIdle () (at ./Library/PackageCache/com.unity.ai.assistant@6fee27370e6a/Modules/Unity.AI.MCP.Editor/Bridge.cs:454)
UnityEditor.EditorApplication:Internal_CallUpdateFunctions () (at /Users/bokken/build/output/unity/unity/Editor/Mono/EditorApplication.cs:403)

(Filename: ./Library/PackageCache/com.unity.ai.assistant@6fee27370e6a/Modules/Unity.AI.Tracing/TraceSinks.cs Line: 313)

Start Indexing on Editor startup
[Indexing] Starting Initial Indexing for Assets
[UiShellPresentation] stage=CommandStarted sequence=1 kind=EnterMenu region=None route=MainMenu
UnityEngine.Debug:ExtractStackTraceNoAlloc (byte*,int,string)
UnityEngine.StackTraceUtility:ExtractStackTrace () (at /Users/bokken/build/output/unity/unity/Runtime/Export/Scripting/StackTrace.cs:35)
UnityEngine.DebugLogHandler:Internal_Log (UnityEngine.LogType,UnityEngine.LogOption,string,UnityEngine.Object)
UnityEngine.DebugLogHandler:LogFormat (UnityEngine.LogType,UnityEngine.Object,string,object[])
UnityEngine.Logger:Log (UnityEngine.LogType,object,UnityEngine.Object)
UnityEngine.Debug:Log (object,UnityEngine.Object)
Game.Composition.UiDiagnosticsComposition:Report (Game.UI.Contracts.UiDiagnosticSeverity,string,UnityEngine.Object) (at Assets/Game/Scripts/Composition/UiDiagnosticsComposition.cs:17)
Game.UI.Contracts.UiDiagnostics:Info (string,UnityEngine.Object) (at Assets/Game/Scripts/UI/Contracts/UiDiagnostics.cs:14)
Game.UI.Runtime.UIShellEcsPresentationSystem:LogTransition (string,Game.UI.Contracts.UiShellPresentationCommandModel) (at Assets/Game/Scripts/UI/Shell/UIShellEcsPresentationSystem.cs:138)
Game.UI.Runtime.UIShellEcsPresentationSystem:Update () (at Assets/Game/Scripts/UI/Shell/UIShellEcsPresentationSystem.cs:87)

(Filename: Assets/Game/Scripts/Composition/UiDiagnosticsComposition.cs Line: 17)

MCP client info: codex-mcp-client v0.160.0
UnityEngine.Debug:ExtractStackTraceNoAlloc (byte*,int,string)
UnityEngine.StackTraceUtility:ExtractStackTrace () (at /Users/bokken/build/output/unity/unity/Runtime/Export/Scripting/StackTrace.cs:35)
UnityEngine.DebugLogHandler:Internal_Log (UnityEngine.LogType,UnityEngine.LogOption,string,UnityEngine.Object)
UnityEngine.DebugLogHandler:LogFormat (UnityEngine.LogType,UnityEngine.Object,string,object[])
UnityEngine.Logger:Log (UnityEngine.LogType,object)
UnityEngine.Debug:Log (object)
Unity.AI.Tracing.ConsoleSink:LogToConsole (string,string,System.Exception) (at ./Library/PackageCache/com.unity.ai.assistant@6fee27370e6a/Modules/Unity.AI.Tracing/TraceSinks.cs:313)
Unity.AI.Tracing.ConsoleSink:Write (Unity.AI.Tracing.TraceEvent) (at ./Library/PackageCache/com.unity.ai.assistant@6fee27370e6a/Modules/Unity.AI.Tracing/TraceSinks.cs:277)
Unity.AI.Tracing.TraceWriter:WriteEventInternal (string,string,Unity.AI.Tracing.TraceEventOptions,string,System.Nullable`1<int>) (at ./Library/PackageCache/com.unity.ai.assistant@6fee27370e6a/Modules/Unity.AI.Tracing/TraceWriter.cs:373)
Unity.AI.Tracing.TraceWriter:Event (string,Unity.AI.Tracing.TraceEventOptions) (at ./Library/PackageCache/com.unity.ai.assistant@6fee27370e6a/Modules/Unity.AI.Tracing/TraceWriter.cs:297)
Unity.AI.Tracing.TraceLogger:Emit (string,string,string,string,Unity.AI.Tracing.TraceEventOptions,object,System.Exception) (at ./Library/PackageCache/com.unity.ai.assistant@6fee27370e6a/Modules/Unity.AI.Tracing/TraceLogger.cs:105)
Unity.AI.Tracing.TraceLogger:Info (string,string,string,Unity.AI.Tracing.TraceEventOptions) (at ./Library/PackageCache/com.unity.ai.assistant@6fee27370e6a/Modules/Unity.AI.Tracing/TraceLogger.cs:35)
Unity.AI.MCP.Editor.Helpers.McpLog:Log (string,Unity.AI.Tracing.TraceEventOptions) (at ./Library/PackageCache/com.unity.ai.assistant@6fee27370e6a/Modules/Unity.AI.MCP.Editor/Helpers/McpLog.cs:15)
Unity.AI.MCP.Editor.Bridge/<ExecuteCommandAsync>d__75:MoveNext () (at ./Library/PackageCache/com.unity.ai.assistant@6fee27370e6a/Modules/Unity.AI.MCP.Editor/Bridge.cs:1707)
System.Runtime.CompilerServices.AsyncTaskMethodBuilder`1<string>:Start<Unity.AI.MCP.Editor.Bridge/<ExecuteCommandAsync>d__75> (Unity.AI.MCP.Editor.Bridge/<ExecuteCommandAsync>d__75&)
Unity.AI.MCP.Editor.Bridge:ExecuteCommandAsync (Unity.AI.MCP.Editor.Models.Command,Unity.AI.MCP.Editor.Connection.IConnectionTransport,System.Threading.CancellationToken)
Unity.AI.MCP.Editor.Bridge:ProcessCommands () (at ./Library/PackageCache/com.unity.ai.assistant@6fee27370e6a/Modules/Unity.AI.MCP.Editor/Bridge.cs:1537)
Unity.AI.MCP.Editor.Bridge:<RequestDrainOnMainThread>b__69_0 (object) (at ./Library/PackageCache/com.unity.ai.assistant@6fee27370e6a/Modules/Unity.AI.MCP.Editor/Bridge.cs:1468)
UnityEngine.UnitySynchronizationContext/WorkRequest:Invoke () (at /Users/bokken/build/output/unity/unity/Runtime/Export/Scripting/UnitySynchronizationContext.cs:156)
UnityEngine.UnitySynchronizationContext:Exec () (at /Users/bokken/build/output/unity/unity/Runtime/Export/Scripting/UnitySynchronizationContext.cs:84)
UnityEngine.UnitySynchronizationContext:ExecuteTasks () (at /Users/bokken/build/output/unity/unity/Runtime/Export/Scripting/UnitySynchronizationContext.cs:110)

(Filename: ./Library/PackageCache/com.unity.ai.assistant@6fee27370e6a/Modules/Unity.AI.Tracing/TraceSinks.cs Line: 313)

Created GICache directory at /Users/farhad/Library/Caches/com.unity3d.UnityEditor/GiCache. Took: 0.002s, timestamps: [113.562 - 113.565]
Accepted Unix socket connection: fd=108
UnityEngine.Debug:ExtractStackTraceNoAlloc (byte*,int,string)
UnityEngine.StackTraceUtility:ExtractStackTrace () (at /Users/bokken/build/output/unity/unity/Runtime/Export/Scripting/StackTrace.cs:35)
UnityEngine.DebugLogHandler:Internal_Log (UnityEngine.LogType,UnityEngine.LogOption,string,UnityEngine.Object)
UnityEngine.DebugLogHandler:LogFormat (UnityEngine.LogType,UnityEngine.Object,string,object[])
UnityEngine.Logger:Log (UnityEngine.LogType,object)
UnityEngine.Debug:Log (object)
Unity.AI.Tracing.ConsoleSink:LogToConsole (string,string,System.Exception) (at ./Library/PackageCache/com.unity.ai.assistant@6fee27370e6a/Modules/Unity.AI.Tracing/TraceSinks.cs:313)
Unity.AI.Tracing.ConsoleSink/<>c__DisplayClass9_0:<Write>b__0 () (at ./Library/PackageCache/com.unity.ai.assistant@6fee27370e6a/Modules/Unity.AI.Tracing/TraceSinks.cs:286)
UnityEditor.Search.Dispatcher/Task:Invoke () (at /Users/bokken/build/output/unity/unity/Modules/QuickSearch/Editor/UI/Dispatcher.cs:29)
UnityEditor.Search.Dispatcher:Process (UnityEditor.Search.Dispatcher/Task&) (at /Users/bokken/build/output/unity/unity/Modules/QuickSearch/Editor/UI/Dispatcher.cs:78)
UnityEditor.Search.Dispatcher:Update () (at /Users/bokken/build/output/unity/unity/Modules/QuickSearch/Editor/UI/Dispatcher.cs:101)
UnityEditor.EditorApplication:Internal_InvokeTickEvents () (at /Users/bokken/build/output/unity/unity/Editor/Mono/EditorApplication.cs:409)

(Filename: ./Library/PackageCache/com.unity.ai.assistant@6fee27370e6a/Modules/Unity.AI.Tracing/TraceSinks.cs Line: 313)

[Licensing::Client] Successfully resolved entitlement details
[Licensing::Client] Successfully resolved entitlement details
Client connected: UnixSocket-1
  at Unity.AI.MCP.Editor.Bridge.HandleClientAsync (Unity.AI.MCP.Editor.Connection.IConnectionTransport transport, System.Threading.CancellationToken token) [0x00129] in ./Library/PackageCache/com.unity.ai.assistant@6fee27370e6a/Modules/Unity.AI.MCP.Editor/Bridge.cs:635 
  at System.Runtime.CompilerServices.AsyncTaskMethodBuilder.Start[TStateMachine] (TStateMachine& stateMachine) [0x00000] in <299d5c9ae27b4d27af003e5f456f4b13>:0 
  at Unity.AI.MCP.Editor.Bridge.HandleClientAsync (Unity.AI.MCP.Editor.Connection.IConnectionTransport transport, System.Threading.CancellationToken token) [0x00000] in <9217938491974134b56b2787b79de882>:0 
  at Unity.AI.MCP.Editor.Bridge+<>c__DisplayClass60_1.<ListenerLoopAsync>b__0 () [0x00000] in ./Library/PackageCache/com.unity.ai.assistant@6fee27370e6a/Modules/Unity.AI.MCP.Editor/Bridge.cs:505 
  at System.Threading.Tasks.Task`1[TResult].InnerInvoke () [0x00000] in <299d5c9ae27b4d27af003e5f456f4b13>:0 
  at System.Threading.Tasks.Task.Execute () [0x00000] in <299d5c9ae27b4d27af003e5f456f4b13>:0 
  at System.Threading.Tasks.Task.ExecutionContextCallback (System.Object obj) [0x00000] in <299d5c9ae27b4d27af003e5f456f4b13>:0 
  at System.Threading.ExecutionContext.RunInternal (System.Threading.ExecutionContext executionContext, System.Threading.ContextCallback callback, System.Object state, System.Boolean preserveSyncCtx) [0x00000] in <299d5c9ae27b4d27af003e5f456f4b13>:0 
  at System.Threading.ExecutionContext.Run (System.Threading.ExecutionContext executionContext, System.Threading.ContextCallback callback, System.Object state, System.Boolean preserveSyncCtx) [0x00000] in <299d5c9ae27b4d27af003e5f456f4b13>:0 
  at System.Threading.Tasks.Task.ExecuteWithThreadLocal (System.Threading.Tasks.Task& currentTaskSlot) [0x00000] in <299d5c9ae27b4d27af003e5f456f4b13>:0 
  at System.Threading.Tasks.Task.ExecuteEntry (System.Boolean bPreventDoubleExecution) [0x00000] in <299d5c9ae27b4d27af003e5f456f4b13>:0 
  at System.Threading.Tasks.Task.System.Threading.IThreadPoolWorkItem.ExecuteWorkItem () [0x00000] in <299d5c9ae27b4d27af003e5f456f4b13>:0 
  at System.Threading.ThreadPoolWorkQueue.Dispatch () [0x00000] in <299d5c9ae27b4d27af003e5f456f4b13>:0 
  at System.Threading._ThreadPoolWaitCallback.PerformWaitCallback () [0x00000] in <299d5c9ae27b4d27af003e5f456f4b13>:0 
UnityEngine.Debug:ExtractStackTraceNoAlloc (byte*,int,string)
UnityEngine.StackTraceUtility:ExtractStackTrace () (at /Users/bokken/build/output/unity/unity/Runtime/Export/Scripting/StackTrace.cs:35)
UnityEngine.DebugLogHandler:Internal_Log (UnityEngine.LogType,UnityEngine.LogOption,string,UnityEngine.Object)
UnityEngine.DebugLogHandler:LogFormat (UnityEngine.LogType,UnityEngine.Object,string,object[])
UnityEngine.Logger:Log (UnityEngine.LogType,object)
UnityEngine.Debug:Log (object)
Unity.AI.Tracing.ConsoleSink:LogToConsole (string,string,System.Exception) (at ./Library/PackageCache/com.unity.ai.assistant@6fee27370e6a/Modules/Unity.AI.Tracing/TraceSinks.cs:313)
Unity.AI.Tracing.ConsoleSink:Write (Unity.AI.Tracing.TraceEvent) (at ./Library/PackageCache/com.unity.ai.assistant@6fee27370e6a/Modules/Unity.AI.Tracing/TraceSinks.cs:277)
Unity.AI.Tracing.TraceWriter:WriteEventInternal (string,string,Unity.AI.Tracing.TraceEventOptions,string,System.Nullable`1<int>) (at ./Library/PackageCache/com.unity.ai.assistant@6fee27370e6a/Modules/Unity.AI.Tracing/TraceWriter.cs:373)
Unity.AI.Tracing.TraceWriter:Event (string,Unity.AI.Tracing.TraceEventOptions) (at ./Library/PackageCache/com.unity.ai.assistant@6fee27370e6a/Modules/Unity.AI.Tracing/TraceWriter.cs:297)
Unity.AI.Tracing.TraceLogger:Emit (string,string,string,string,Unity.AI.Tracing.TraceEventOptions,object,System.Exception) (at ./Library/PackageCache/com.unity.ai.assistant@6fee27370e6a/Modules/Unity.AI.Tracing/TraceLogger.cs:105)
Unity.AI.Tracing.TraceLogger:Info (string,string,string,Unity.AI.Tracing.TraceEventOptions) (at ./Library/PackageCache/com.unity.ai.assistant@6fee27370e6a/Modules/Unity.AI.Tracing/TraceLogger.cs:35)
Unity.AI.MCP.Editor.Helpers.McpLog/<>c__DisplayClass8_0:<LogDelayed>b__0 () (at ./Library/PackageCache/com.unity.ai.assistant@6fee27370e6a/Modules/Unity.AI.MCP.Editor/Helpers/McpLog.cs:74)
Unity.AI.Toolkit.EditorTask/<>c__DisplayClass21_0:<DelayCall>b__0 () (at ./Library/PackageCache/com.unity.ai.assistant@6fee27370e6a/Modules/Unity.AI.Toolkit.Async/EditorTask.cs:375)
UnityEditor.EditorApplication:Internal_CallUpdateFunctions () (at /Users/bokken/build/output/unity/unity/Editor/Mono/EditorApplication.cs:403)

(Filename: ./Library/PackageCache/com.unity.ai.assistant@6fee27370e6a/Modules/Unity.AI.Tracing/TraceSinks.cs Line: 313)

Sent handshake (unity-mcp protocol v2.0, tools=7)
  at Unity.AI.MCP.Editor.Bridge.HandleClientAsync (Unity.AI.MCP.Editor.Connection.IConnectionTransport transport, System.Threading.CancellationToken token) [0x006db] in ./Library/PackageCache/com.unity.ai.assistant@6fee27370e6a/Modules/Unity.AI.MCP.Editor/Bridge.cs:802 
  at System.Runtime.CompilerServices.AsyncMethodBuilderCore+MoveNextRunner.InvokeMoveNext (System.Object stateMachine) [0x00000] in <299d5c9ae27b4d27af003e5f456f4b13>:0 
  at System.Threading.ExecutionContext.RunInternal (System.Threading.ExecutionContext executionContext, System.Threading.ContextCallback callback, System.Object state, System.Boolean preserveSyncCtx) [0x00000] in <299d5c9ae27b4d27af003e5f456f4b13>:0 
  at System.Threading.ExecutionContext.Run (System.Threading.ExecutionContext executionContext, System.Threading.ContextCallback callback, System.Object state, System.Boolean preserveSyncCtx) [0x00000] in <299d5c9ae27b4d27af003e5f456f4b13>:0 
  at System.Runtime.CompilerServices.AsyncMethodBuilderCore+MoveNextRunner.Run () [0x00000] in <299d5c9ae27b4d27af003e5f456f4b13>:0 
  at System.Threading.Tasks.AwaitTaskContinuation.System.Threading.IThreadPoolWorkItem.ExecuteWorkItem () [0x00000] in <299d5c9ae27b4d27af003e5f456f4b13>:0 
  at System.Threading.ThreadPoolWorkQueue.Dispatch () [0x00000] in <299d5c9ae27b4d27af003e5f456f4b13>:0 
  at System.Threading._ThreadPoolWaitCallback.PerformWaitCallback () [0x00000] in <299d5c9ae27b4d27af003e5f456f4b13>:0 
UnityEngine.Debug:ExtractStackTraceNoAlloc (byte*,int,string)
UnityEngine.StackTraceUtility:ExtractStackTrace () (at /Users/bokken/build/output/unity/unity/Runtime/Export/Scripting/StackTrace.cs:35)
UnityEngine.DebugLogHandler:Internal_Log (UnityEngine.LogType,UnityEngine.LogOption,string,UnityEngine.Object)
UnityEngine.DebugLogHandler:LogFormat (UnityEngine.LogType,UnityEngine.Object,string,object[])
UnityEngine.Logger:Log (UnityEngine.LogType,object)
UnityEngine.Debug:Log (object)
Unity.AI.Tracing.ConsoleSink:LogToConsole (string,string,System.Exception) (at ./Library/PackageCache/com.unity.ai.assistant@6fee27370e6a/Modules/Unity.AI.Tracing/TraceSinks.cs:313)
Unity.AI.Tracing.ConsoleSink:Write (Unity.AI.Tracing.TraceEvent) (at ./Library/PackageCache/com.unity.ai.assistant@6fee27370e6a/Modules/Unity.AI.Tracing/TraceSinks.cs:277)
Unity.AI.Tracing.TraceWriter:WriteEventInternal (string,string,Unity.AI.Tracing.TraceEventOptions,string,System.Nullable`1<int>) (at ./Library/PackageCache/com.unity.ai.assistant@6fee27370e6a/Modules/Unity.AI.Tracing/TraceWriter.cs:373)
Unity.AI.Tracing.TraceWriter:Event (string,Unity.AI.Tracing.TraceEventOptions) (at ./Library/PackageCache/com.unity.ai.assistant@6fee27370e6a/Modules/Unity.AI.Tracing/TraceWriter.cs:297)
Unity.AI.Tracing.TraceLogger:Emit (string,string,string,string,Unity.AI.Tracing.TraceEventOptions,object,System.Exception) (at ./Library/PackageCache/com.unity.ai.assistant@6fee27370e6a/Modules/Unity.AI.Tracing/TraceLogger.cs:105)
Unity.AI.Tracing.TraceLogger:Info (string,string,string,Unity.AI.Tracing.TraceEventOptions) (at ./Library/PackageCache/com.unity.ai.assistant@6fee27370e6a/Modules/Unity.AI.Tracing/TraceLogger.cs:35)
Unity.AI.MCP.Editor.Helpers.McpLog/<>c__DisplayClass8_0:<LogDelayed>b__0 () (at ./Library/PackageCache/com.unity.ai.assistant@6fee27370e6a/Modules/Unity.AI.MCP.Editor/Helpers/McpLog.cs:74)
Unity.AI.Toolkit.EditorTask/<>c__DisplayClass21_0:<DelayCall>b__0 () (at ./Library/PackageCache/com.unity.ai.assistant@6fee27370e6a/Modules/Unity.AI.Toolkit.Async/EditorTask.cs:375)
UnityEditor.EditorApplication:Internal_CallUpdateFunctions () (at /Users/bokken/build/output/unity/unity/Editor/Mono/EditorApplication.cs:403)

(Filename: ./Library/PackageCache/com.unity.ai.assistant@6fee27370e6a/Modules/Unity.AI.Tracing/TraceSinks.cs Line: 313)

[UiShellPresentation] stage=CommandCompleted sequence=1 kind=EnterMenu region=None route=MainMenu
UnityEngine.Debug:ExtractStackTraceNoAlloc (byte*,int,string)
UnityEngine.StackTraceUtility:ExtractStackTrace () (at /Users/bokken/build/output/unity/unity/Runtime/Export/Scripting/StackTrace.cs:35)
UnityEngine.DebugLogHandler:Internal_Log (UnityEngine.LogType,UnityEngine.LogOption,string,UnityEngine.Object)
UnityEngine.DebugLogHandler:LogFormat (UnityEngine.LogType,UnityEngine.Object,string,object[])
UnityEngine.Logger:Log (UnityEngine.LogType,object,UnityEngine.Object)
UnityEngine.Debug:Log (object,UnityEngine.Object)
Game.Composition.UiDiagnosticsComposition:Report (Game.UI.Contracts.UiDiagnosticSeverity,string,UnityEngine.Object) (at Assets/Game/Scripts/Composition/UiDiagnosticsComposition.cs:17)
Game.UI.Contracts.UiDiagnostics:Info (string,UnityEngine.Object) (at Assets/Game/Scripts/UI/Contracts/UiDiagnostics.cs:14)
Game.UI.Runtime.UIShellEcsPresentationSystem:LogTransition (string,Game.UI.Contracts.UiShellPresentationCommandModel) (at Assets/Game/Scripts/UI/Shell/UIShellEcsPresentationSystem.cs:138)
Game.UI.Runtime.UIShellEcsPresentationSystem/<>c__DisplayClass24_0:<Update>b__0 (int) (at Assets/Game/Scripts/UI/Shell/UIShellEcsPresentationSystem.cs:100)
Game.UI.Runtime.UIShellView/<>c__DisplayClass19_0:<ExecuteCommandSequence>b__0 () (at Assets/Game/Scripts/UI/Shell/UIShellView.cs:99)
Game.UI.Runtime.UIMotionHostView/<SequenceRoutine>d__32:MoveNext () (at Assets/Game/Scripts/UI/Shell/UIMotionHostView.cs:268)
UnityEngine.SetupCoroutine:InvokeMoveNext (System.Collections.IEnumerator,intptr) (at /Users/bokken/build/output/unity/unity/Runtime/Export/Scripting/Coroutines.cs:17)

(Filename: Assets/Game/Scripts/Composition/UiDiagnosticsComposition.cs Line: 17)

[Licensing::Client] Successfully resolved entitlement details
[UiShellPresentation] stage=CompletionFlushed sequence=1 kind=EnterMenu region=None
UnityEngine.Debug:ExtractStackTraceNoAlloc (byte*,int,string)
UnityEngine.StackTraceUtility:ExtractStackTrace () (at /Users/bokken/build/output/unity/unity/Runtime/Export/Scripting/StackTrace.cs:35)
UnityEngine.DebugLogHandler:Internal_Log (UnityEngine.LogType,UnityEngine.LogOption,string,UnityEngine.Object)
UnityEngine.DebugLogHandler:LogFormat (UnityEngine.LogType,UnityEngine.Object,string,object[])
UnityEngine.Logger:Log (UnityEngine.LogType,object,UnityEngine.Object)
UnityEngine.Debug:Log (object,UnityEngine.Object)
Game.Composition.UiDiagnosticsComposition:Report (Game.UI.Contracts.UiDiagnosticSeverity,string,UnityEngine.Object) (at Assets/Game/Scripts/Composition/UiDiagnosticsComposition.cs:17)
Game.UI.Contracts.UiDiagnostics:Info (string,UnityEngine.Object) (at Assets/Game/Scripts/UI/Contracts/UiDiagnostics.cs:14)
Game.UI.Runtime.UIShellEcsPresentationSystem:LogTransition (string,Game.UI.Contracts.UiShellTransitionCompleteModel) (at Assets/Game/Scripts/UI/Shell/UIShellEcsPresentationSystem.cs:146)
Game.UI.Runtime.UIShellEcsPresentationSystem:FlushPendingCompletion () (at Assets/Game/Scripts/UI/Shell/UIShellEcsPresentationSystem.cs:129)
Game.UI.Runtime.UIShellEcsPresentationSystem:Update () (at Assets/Game/Scripts/UI/Shell/UIShellEcsPresentationSystem.cs:67)

(Filename: Assets/Game/Scripts/Composition/UiDiagnosticsComposition.cs Line: 17)

[Licensing::Client] Successfully resolved entitlement details
[INFO ] [relay] relay.startup port=9003 mcpClientPort=9004 editorPid=28956
[INFO ] [relay] log === RELAY SERVER STARTED === (unity-ai-relay v1.0.12-build.96)
[INFO ] [relay] log Starting relay server...
[INFO ] [relay] log Command line arguments: ["bun","/$bunfs/root/relay_mac_arm64","--relay","--port","9003","--mcp-client-port","9004","--editor-pid","28956","--shutdown-delay","180","--log-dir","/Users/farhad/Projects/WarlineCapture/Logs"]
[INFO ] [relay] log Parsed config: {"port":9003,"mcpClientPort":9004,"editorPid":"28956","shutdownDelaySeconds":180}
[Licensing::Client] Successfully updated the access token
[Licensing::Module] Successfully updated access token: "pWEnD7Cb"... (expires: 2026-10-03T22:36:35Z)
[INFO ] [relay] log Initializing relay components...
[INFO ] [relay] log Creating RelayEditor...
[INFO ] [relay] log WebSocket server started
[INFO ] [relay] log Relay server initialization completed
[INFO ] [relay] log MCP Client initialized at port: 9004
[INFO ] [relay] log Unity MCP Relay server started | Port: 9004 | Endpoints: /mcp/start-server, /mcp/stop-server, /mcp/server-status, /mcp/call-tool
[INFO ] [relay] log [shell-env] PATH augmented with shell environment (22 entries)
[SkirmishLaunch] queued expanded catalog=S004 definition=skirmish.s004 start=EstablishedBase difficulty=Regular size=Standard seed=155925 mapHint=0
UnityEngine.Debug:ExtractStackTraceNoAlloc (byte*,int,string)
UnityEngine.StackTraceUtility:ExtractStackTrace () (at /Users/bokken/build/output/unity/unity/Runtime/Export/Scripting/StackTrace.cs:35)
UnityEngine.DebugLogHandler:Internal_Log (UnityEngine.LogType,UnityEngine.LogOption,string,UnityEngine.Object)
UnityEngine.DebugLogHandler:LogFormat (UnityEngine.LogType,UnityEngine.Object,string,object[])
UnityEngine.Logger:Log (UnityEngine.LogType,object)
UnityEngine.Debug:Log (object)
Game.Composition.SkirmishLaunchProjection:TryQueueExpanded (Unity.Entities.EntityManager,string,int) (at Assets/Game/Scripts/Composition/SkirmishLaunchProjection.cs:132)
Game.Composition.SkirmishLaunchProjection:TryQueue (Unity.Entities.EntityManager,Game.Configs.QuickGameConfig) (at Assets/Game/Scripts/Composition/SkirmishLaunchProjection.cs:62)
Game.Editor.SkirmishS002AriaRunHarness:TryQueueExpanded (Unity.Entities.EntityManager) (at Assets/Game/Scripts/Editor/Skirmish/SkirmishS002AriaRunHarness.cs:734)
Game.Editor.SkirmishS002AriaRunHarness:Tick () (at Assets/Game/Scripts/Editor/Skirmish/SkirmishS002AriaRunHarness.cs:505)
UnityEditor.EditorApplication:Internal_CallUpdateFunctions () (at /Users/bokken/build/output/unity/unity/Editor/Mono/EditorApplication.cs:403)

(Filename: Assets/Game/Scripts/Composition/SkirmishLaunchProjection.cs Line: 132)

[SkirmishS002AriaRun] queued catalog=S004 seed=155925 hash=D818E20C acceptance=Pending normal_speed=1
UnityEngine.Debug:ExtractStackTraceNoAlloc (byte*,int,string)
UnityEngine.StackTraceUtility:ExtractStackTrace () (at /Users/bokken/build/output/unity/unity/Runtime/Export/Scripting/StackTrace.cs:35)
UnityEngine.DebugLogHandler:Internal_Log (UnityEngine.LogType,UnityEngine.LogOption,string,UnityEngine.Object)
UnityEngine.DebugLogHandler:LogFormat (UnityEngine.LogType,UnityEngine.Object,string,object[])
UnityEngine.Logger:Log (UnityEngine.LogType,object)
UnityEngine.Debug:Log (object)
Game.Editor.SkirmishS002AriaRunHarness:TryQueueExpanded (Unity.Entities.EntityManager) (at Assets/Game/Scripts/Editor/Skirmish/SkirmishS002AriaRunHarness.cs:740)
Game.Editor.SkirmishS002AriaRunHarness:Tick () (at Assets/Game/Scripts/Editor/Skirmish/SkirmishS002AriaRunHarness.cs:505)
UnityEditor.EditorApplication:Internal_CallUpdateFunctions () (at /Users/bokken/build/output/unity/unity/Editor/Mono/EditorApplication.cs:403)

(Filename: Assets/Game/Scripts/Editor/Skirmish/SkirmishS002AriaRunHarness.cs Line: 740)

[SkirmishS002AriaRun] selected catalog=S004 definition=skirmish.s004 version=2 size=Standard difficulty=Regular seed=155925 locale=fa-IR
UnityEngine.Debug:ExtractStackTraceNoAlloc (byte*,int,string)
UnityEngine.StackTraceUtility:ExtractStackTrace () (at /Users/bokken/build/output/unity/unity/Runtime/Export/Scripting/StackTrace.cs:35)
UnityEngine.DebugLogHandler:Internal_Log (UnityEngine.LogType,UnityEngine.LogOption,string,UnityEngine.Object)
UnityEngine.DebugLogHandler:LogFormat (UnityEngine.LogType,UnityEngine.Object,string,object[])
UnityEngine.Logger:Log (UnityEngine.LogType,object)
UnityEngine.Debug:Log (object)
Game.Editor.SkirmishS002AriaRunHarness:Tick () (at Assets/Game/Scripts/Editor/Skirmish/SkirmishS002AriaRunHarness.cs:511)
UnityEditor.EditorApplication:Internal_CallUpdateFunctions () (at /Users/bokken/build/output/unity/unity/Editor/Mono/EditorApplication.cs:403)

(Filename: Assets/Game/Scripts/Editor/Skirmish/SkirmishS002AriaRunHarness.cs Line: 511)

[SkirmishAcceptanceCensus] result=Passed catalog=S004 definition=skirmish.s004 version=2 code=1b08ba8481874ec0ad12c0eea7612c501bbaa58c382bb12d917ca896cbaf5cd8 config=8a5106b1f4bcda8711a670c55927c4200384b828fcbea7cdd1db584283122712 setup=D818E20C seed=155925 playable=0
UnityEngine.Debug:ExtractStackTraceNoAlloc (byte*,int,string)
UnityEngine.StackTraceUtility:ExtractStackTrace () (at /Users/bokken/build/output/unity/unity/Runtime/Export/Scripting/StackTrace.cs:35)
UnityEngine.DebugLogHandler:Internal_Log (UnityEngine.LogType,UnityEngine.LogOption,string,UnityEngine.Object)
UnityEngine.DebugLogHandler:LogFormat (UnityEngine.LogType,UnityEngine.Object,string,object[])
UnityEngine.Logger:Log (UnityEngine.LogType,object)
UnityEngine.Debug:Log (object)
Game.Editor.SkirmishS002AriaRunHarness:Tick () (at Assets/Game/Scripts/Editor/Skirmish/SkirmishS002AriaRunHarness.cs:513)
UnityEditor.EditorApplication:Internal_CallUpdateFunctions () (at /Users/bokken/build/output/unity/unity/Editor/Mono/EditorApplication.cs:403)

(Filename: Assets/Game/Scripts/Editor/Skirmish/SkirmishS002AriaRunHarness.cs Line: 513)

'Game.Runtime.SkirmishCheckpointSystem' creates a query during OnUpdate. Please create queries in OnCreate and store them in the system for use in OnUpdate instead. This is significantly faster.
UnityEngine.Debug:ExtractStackTraceNoAlloc (byte*,int,string)
UnityEngine.StackTraceUtility:ExtractStackTrace () (at /Users/bokken/build/output/unity/unity/Runtime/Export/Scripting/StackTrace.cs:35)
UnityEngine.DebugLogHandler:Internal_Log (UnityEngine.LogType,UnityEngine.LogOption,string,UnityEngine.Object)
UnityEngine.DebugLogHandler:LogFormat (UnityEngine.LogType,UnityEngine.Object,string,object[])
UnityEngine.Logger:Log (UnityEngine.LogType,object)
UnityEngine.Debug:LogWarning (object)
Unity.Debug:LogWarning (object) (at ./Library/PackageCache/com.unity.entities@bab66ffaba49/Unity.Entities/Stubs/Unity/Debug.cs:13)
Unity.Entities.SystemState:CheckOnUpdate_Query () (at ./Library/PackageCache/com.unity.entities@bab66ffaba49/Unity.Entities/SystemState.cs:551)
Unity.Entities.SystemState:GetEntityQuery (Unity.Entities.ComponentType) (at ./Library/PackageCache/com.unity.entities@bab66ffaba49/Unity.Entities/SystemState.cs:834)
Game.Runtime.SkirmishCheckpointSystem:OnUpdate (Unity.Entities.SystemState&) (at Assets/Game/Scripts/Runtime/Skirmish/SkirmishCheckpointSystem.cs:23)
Game.Runtime.SkirmishCheckpointSystem:__codegen__OnUpdate (intptr,intptr)
Unity.Entities.SystemBaseRegistry/<>c__DisplayClass9_0:<SelectBurstFn>b__0 (intptr,intptr) (at ./Library/PackageCache/com.unity.entities@bab66ffaba49/Unity.Entities/SystemBaseRegistry.cs:251)
Unity.Entities.WorldUnmanagedImpl/Unity.Entities.UnmanagedUpdate_000015A0$BurstDirectCall:Invoke (void*)
Unity.Entities.WorldUnmanagedImpl:UnmanagedUpdate (void*)
Unity.Entities.WorldUnmanagedImpl:UpdateSystem (Unity.Entities.SystemHandle) (at ./Library/PackageCache/com.unity.entities@bab66ffaba49/Unity.Entities/WorldUnmanaged.cs:942)
Unity.Entities.ComponentSystemGroup:UpdateAllSystems () (at ./Library/PackageCache/com.unity.entities@bab66ffaba49/Unity.Entities/ComponentSystemGroup.cs:725)
Unity.Entities.ComponentSystemGroup:OnUpdate () (at ./Library/PackageCache/com.unity.entities@bab66ffaba49/Unity.Entities/ComponentSystemGroup.cs:687)
Unity.Entities.SystemBase:Update () (at ./Library/PackageCache/com.unity.entities@bab66ffaba49/Unity.Entities/SystemBase.cs:205)
Unity.Entities.ScriptBehaviourUpdateOrder/DummyDelegateWrapper:TriggerUpdate () (at ./Library/PackageCache/com.unity.entities@bab66ffaba49/Unity.Entities/ScriptBehaviourUpdateOrder.cs:523)

(Filename: ./Library/PackageCache/com.unity.entities@bab66ffaba49/Unity.Entities/Stubs/Unity/Debug.cs Line: 13)

'Game.Runtime.SkirmishSessionCleanupSystem' creates a query during OnUpdate. Please create queries in OnCreate and store them in the system for use in OnUpdate instead. This is significantly faster.
UnityEngine.Debug:ExtractStackTraceNoAlloc (byte*,int,string)
UnityEngine.StackTraceUtility:ExtractStackTrace () (at /Users/bokken/build/output/unity/unity/Runtime/Export/Scripting/StackTrace.cs:35)
UnityEngine.DebugLogHandler:Internal_Log (UnityEngine.LogType,UnityEngine.LogOption,string,UnityEngine.Object)
UnityEngine.DebugLogHandler:LogFormat (UnityEngine.LogType,UnityEngine.Object,string,object[])
UnityEngine.Logger:Log (UnityEngine.LogType,object)
UnityEngine.Debug:LogWarning (object)
Unity.Debug:LogWarning (object) (at ./Library/PackageCache/com.unity.entities@bab66ffaba49/Unity.Entities/Stubs/Unity/Debug.cs:13)
Unity.Entities.SystemState:CheckOnUpdate_Query () (at ./Library/PackageCache/com.unity.entities@bab66ffaba49/Unity.Entities/SystemState.cs:551)
Unity.Entities.SystemState:GetEntityQuery (Unity.Entities.ComponentType) (at ./Library/PackageCache/com.unity.entities@bab66ffaba49/Unity.Entities/SystemState.cs:834)
Game.Runtime.SkirmishSessionCleanupSystem:OnUpdate (Unity.Entities.SystemState&) (at Assets/Game/Scripts/Runtime/Skirmish/SkirmishSessionCleanupSystem.cs:22)
Game.Runtime.SkirmishSessionCleanupSystem:__codegen__OnUpdate (intptr,intptr)
Unity.Entities.SystemBaseRegistry/<>c__DisplayClass9_0:<SelectBurstFn>b__0 (intptr,intptr) (at ./Library/PackageCache/com.unity.entities@bab66ffaba49/Unity.Entities/SystemBaseRegistry.cs:251)
Unity.Entities.WorldUnmanagedImpl/Unity.Entities.UnmanagedUpdate_000015A0$BurstDirectCall:Invoke (void*)
Unity.Entities.WorldUnmanagedImpl:UnmanagedUpdate (void*)
Unity.Entities.WorldUnmanagedImpl:UpdateSystem (Unity.Entities.SystemHandle) (at ./Library/PackageCache/com.unity.entities@bab66ffaba49/Unity.Entities/WorldUnmanaged.cs:942)
Unity.Entities.ComponentSystemGroup:UpdateAllSystems () (at ./Library/PackageCache/com.unity.entities@bab66ffaba49/Unity.Entities/ComponentSystemGroup.cs:725)
Unity.Entities.ComponentSystemGroup:OnUpdate () (at ./Library/PackageCache/com.unity.entities@bab66ffaba49/Unity.Entities/ComponentSystemGroup.cs:687)
Unity.Entities.SystemBase:Update () (at ./Library/PackageCache/com.unity.entities@bab66ffaba49/Unity.Entities/SystemBase.cs:205)
Unity.Entities.ScriptBehaviourUpdateOrder/DummyDelegateWrapper:TriggerUpdate () (at ./Library/PackageCache/com.unity.entities@bab66ffaba49/Unity.Entities/ScriptBehaviourUpdateOrder.cs:523)

(Filename: ./Library/PackageCache/com.unity.entities@bab66ffaba49/Unity.Entities/Stubs/Unity/Debug.cs Line: 13)

[INFO ] [relay] log Unity client connected with ID: editor-28956-1bbqm3 (relay 1.0.12-build.96)
[INFO ] [relay] connection.established clientId=editor-28956-1bbqm3 port=9003
Android Extension - Scanning For ADB Devices 3297 ms
Android Extension - Scanning For ADB Devices 177 ms
Attempted to call .Dispose on an already disposed CancellationTokenSource
[UiShellPresentation] stage=CommandStarted sequence=2 kind=ExitMenu region=None route=Match
UnityEngine.Debug:ExtractStackTraceNoAlloc (byte*,int,string)
UnityEngine.StackTraceUtility:ExtractStackTrace () (at /Users/bokken/build/output/unity/unity/Runtime/Export/Scripting/StackTrace.cs:35)
UnityEngine.DebugLogHandler:Internal_Log (UnityEngine.LogType,UnityEngine.LogOption,string,UnityEngine.Object)
UnityEngine.DebugLogHandler:LogFormat (UnityEngine.LogType,UnityEngine.Object,string,object[])
UnityEngine.Logger:Log (UnityEngine.LogType,object,UnityEngine.Object)
UnityEngine.Debug:Log (object,UnityEngine.Object)
Game.Composition.UiDiagnosticsComposition:Report (Game.UI.Contracts.UiDiagnosticSeverity,string,UnityEngine.Object) (at Assets/Game/Scripts/Composition/UiDiagnosticsComposition.cs:17)
Game.UI.Contracts.UiDiagnostics:Info (string,UnityEngine.Object) (at Assets/Game/Scripts/UI/Contracts/UiDiagnostics.cs:14)
Game.UI.Runtime.UIShellEcsPresentationSystem:LogTransition (string,Game.UI.Contracts.UiShellPresentationCommandModel) (at Assets/Game/Scripts/UI/Shell/UIShellEcsPresentationSystem.cs:138)
Game.UI.Runtime.UIShellEcsPresentationSystem:Update () (at Assets/Game/Scripts/UI/Shell/UIShellEcsPresentationSystem.cs:87)

(Filename: Assets/Game/Scripts/Composition/UiDiagnosticsComposition.cs Line: 17)

Android Extension - Scanning For ADB Devices 167 ms
[UiShellPresentation] stage=CommandCompleted sequence=2 kind=ExitMenu region=None route=Match
UnityEngine.Debug:ExtractStackTraceNoAlloc (byte*,int,string)
UnityEngine.StackTraceUtility:ExtractStackTrace () (at /Users/bokken/build/output/unity/unity/Runtime/Export/Scripting/StackTrace.cs:35)
UnityEngine.DebugLogHandler:Internal_Log (UnityEngine.LogType,UnityEngine.LogOption,string,UnityEngine.Object)
UnityEngine.DebugLogHandler:LogFormat (UnityEngine.LogType,UnityEngine.Object,string,object[])
UnityEngine.Logger:Log (UnityEngine.LogType,object,UnityEngine.Object)
UnityEngine.Debug:Log (object,UnityEngine.Object)
Game.Composition.UiDiagnosticsComposition:Report (Game.UI.Contracts.UiDiagnosticSeverity,string,UnityEngine.Object) (at Assets/Game/Scripts/Composition/UiDiagnosticsComposition.cs:17)
Game.UI.Contracts.UiDiagnostics:Info (string,UnityEngine.Object) (at Assets/Game/Scripts/UI/Contracts/UiDiagnostics.cs:14)
Game.UI.Runtime.UIShellEcsPresentationSystem:LogTransition (string,Game.UI.Contracts.UiShellPresentationCommandModel) (at Assets/Game/Scripts/UI/Shell/UIShellEcsPresentationSystem.cs:138)
Game.UI.Runtime.UIShellEcsPresentationSystem/<>c__DisplayClass24_0:<Update>b__0 (int) (at Assets/Game/Scripts/UI/Shell/UIShellEcsPresentationSystem.cs:100)
Game.UI.Runtime.UIShellView/<>c__DisplayClass19_0:<ExecuteCommandSequence>b__0 () (at Assets/Game/Scripts/UI/Shell/UIShellView.cs:99)
Game.UI.Runtime.UIMotionHostView/<SequenceRoutine>d__32:MoveNext () (at Assets/Game/Scripts/UI/Shell/UIMotionHostView.cs:268)
UnityEngine.SetupCoroutine:InvokeMoveNext (System.Collections.IEnumerator,intptr) (at /Users/bokken/build/output/unity/unity/Runtime/Export/Scripting/Coroutines.cs:17)

(Filename: Assets/Game/Scripts/Composition/UiDiagnosticsComposition.cs Line: 17)

[UiShellPresentation] stage=CompletionFlushed sequence=2 kind=ExitMenu region=None
UnityEngine.Debug:ExtractStackTraceNoAlloc (byte*,int,string)
UnityEngine.StackTraceUtility:ExtractStackTrace () (at /Users/bokken/build/output/unity/unity/Runtime/Export/Scripting/StackTrace.cs:35)
UnityEngine.DebugLogHandler:Internal_Log (UnityEngine.LogType,UnityEngine.LogOption,string,UnityEngine.Object)
UnityEngine.DebugLogHandler:LogFormat (UnityEngine.LogType,UnityEngine.Object,string,object[])
UnityEngine.Logger:Log (UnityEngine.LogType,object,UnityEngine.Object)
UnityEngine.Debug:Log (object,UnityEngine.Object)
Game.Composition.UiDiagnosticsComposition:Report (Game.UI.Contracts.UiDiagnosticSeverity,string,UnityEngine.Object) (at Assets/Game/Scripts/Composition/UiDiagnosticsComposition.cs:17)
Game.UI.Contracts.UiDiagnostics:Info (string,UnityEngine.Object) (at Assets/Game/Scripts/UI/Contracts/UiDiagnostics.cs:14)
Game.UI.Runtime.UIShellEcsPresentationSystem:LogTransition (string,Game.UI.Contracts.UiShellTransitionCompleteModel) (at Assets/Game/Scripts/UI/Shell/UIShellEcsPresentationSystem.cs:146)
Game.UI.Runtime.UIShellEcsPresentationSystem:FlushPendingCompletion () (at Assets/Game/Scripts/UI/Shell/UIShellEcsPresentationSystem.cs:129)
Game.UI.Runtime.UIShellEcsPresentationSystem:Update () (at Assets/Game/Scripts/UI/Shell/UIShellEcsPresentationSystem.cs:67)

(Filename: Assets/Game/Scripts/Composition/UiDiagnosticsComposition.cs Line: 17)

[UiShellRoute] submitted deferred Match scene load request after loading feedback.
UnityEngine.Debug:ExtractStackTraceNoAlloc (byte*,int,string)
UnityEngine.StackTraceUtility:ExtractStackTrace () (at /Users/bokken/build/output/unity/unity/Runtime/Export/Scripting/StackTrace.cs:35)
UnityEngine.DebugLogHandler:Internal_Log (UnityEngine.LogType,UnityEngine.LogOption,string,UnityEngine.Object)
UnityEngine.DebugLogHandler:LogFormat (UnityEngine.LogType,UnityEngine.Object,string,object[])
UnityEngine.Logger:Log (UnityEngine.LogType,object)
UnityEngine.Debug:Log (object)
Game.Composition.MenuBootstrapCompositionSystemHelper:QueueDeferredMatchLoadAfterLoadingFeedback (Unity.Entities.EntityManager,Game.UI.Shell.Contracts.Ecs.UiShellStateComponent) (at Assets/Game/Scripts/Composition/MenuBootstrapCompositionSystemHelper.cs:643)
Game.Composition.MenuBootstrapCompositionSystemHelper:Update (Game.Composition.MenuBootstrapView,single) (at Assets/Game/Scripts/Composition/MenuBootstrapCompositionSystemHelper.cs:157)
Game.Composition.MenuBootstrapView:Update () (at Assets/Game/Scripts/Composition/MenuBootstrapView.cs:174)

(Filename: Assets/Game/Scripts/Composition/MenuBootstrapCompositionSystemHelper.cs Line: 643)

[UiShellRoute] submitted deferred Match gameplay start request.
UnityEngine.Debug:ExtractStackTraceNoAlloc (byte*,int,string)
UnityEngine.StackTraceUtility:ExtractStackTrace () (at /Users/bokken/build/output/unity/unity/Runtime/Export/Scripting/StackTrace.cs:35)
UnityEngine.DebugLogHandler:Internal_Log (UnityEngine.LogType,UnityEngine.LogOption,string,UnityEngine.Object)
UnityEngine.DebugLogHandler:LogFormat (UnityEngine.LogType,UnityEngine.Object,string,object[])
UnityEngine.Logger:Log (UnityEngine.LogType,object)
UnityEngine.Debug:Log (object)
Game.Composition.MenuBootstrapCompositionSystemHelper:QueueDeferredMatchLoadAfterLoadingFeedback (Unity.Entities.EntityManager,Game.UI.Shell.Contracts.Ecs.UiShellStateComponent) (at Assets/Game/Scripts/Composition/MenuBootstrapCompositionSystemHelper.cs:658)
Game.Composition.MenuBootstrapCompositionSystemHelper:Update (Game.Composition.MenuBootstrapView,single) (at Assets/Game/Scripts/Composition/MenuBootstrapCompositionSystemHelper.cs:157)
Game.Composition.MenuBootstrapView:Update () (at Assets/Game/Scripts/Composition/MenuBootstrapView.cs:174)

(Filename: Assets/Game/Scripts/Composition/MenuBootstrapCompositionSystemHelper.cs Line: 658)

[OperationMapLaunchIdentity] source=Compatibility mission=skirmish.base_assault scenario=scenario.skirmish.desert_base_standard operationMap=opmap.skirmish.desert_base_01
UnityEngine.Debug:ExtractStackTraceNoAlloc (byte*,int,string)
UnityEngine.StackTraceUtility:ExtractStackTrace () (at /Users/bokken/build/output/unity/unity/Runtime/Export/Scripting/StackTrace.cs:35)
UnityEngine.DebugLogHandler:Internal_Log (UnityEngine.LogType,UnityEngine.LogOption,string,UnityEngine.Object)
UnityEngine.DebugLogHandler:LogFormat (UnityEngine.LogType,UnityEngine.Object,string,object[])
UnityEngine.Logger:Log (UnityEngine.LogType,object)
UnityEngine.Debug:Log (object)
Game.Composition.MatchSceneView:TryResolveOperationMapDefinition (Unity.Entities.World,Game.Configs.OperationMapDefinition&,bool&,Game.Components.OperationMapLoadResultCode&,string&) (at Assets/Game/Scripts/Composition/MatchSceneView.OperationMapLifecycle.cs:392)
Game.Composition.MatchSceneView:EnsureOperationMapSourceSceneLoad () (at Assets/Game/Scripts/Composition/MatchSceneView.OperationMapLifecycle.cs:329)
Game.Composition.MatchSceneView:EnsureMatchRuntimeBound () (at Assets/Game/Scripts/Composition/MatchSceneView.OperationMapLifecycle.cs:19)
Game.Composition.MatchSceneView:Awake () (at Assets/Game/Scripts/Composition/MatchSceneView.cs:241)

(Filename: Assets/Game/Scripts/Composition/MatchSceneView.OperationMapLifecycle.cs Line: 392)

Loaded scene 'Assets/Game/Scenes/Match.unity'
	Deserialize:            221.429 ms
	Integration:            55.360 ms
	Integration of assets:  9.742 ms
	Thread Wait Time:       84.314 ms
	Total Operation Time:   370.845 ms
Loaded scene 'Assets/Game/Scenes/OperationMaps/Variants/CityEdgeAirfield/RuntimeBinding.unity'
	Deserialize:            40.976 ms
	Integration:            4.786 ms
	Integration of assets:  0.003 ms
	Thread Wait Time:       776.574 ms
	Total Operation Time:   822.340 ms
Android Extension - Scanning For ADB Devices 126 ms
[TIMING] Validation took 5399ms
  at Unity.AI.MCP.Editor.Bridge.ValidateAndApproveAsync (Unity.AI.MCP.Editor.Connection.IConnectionTransport transport, System.Threading.CancellationToken token, System.Boolean isBatchMode) [0x0014d] in ./Library/PackageCache/com.unity.ai.assistant@6fee27370e6a/Modules/Unity.AI.MCP.Editor/Bridge.cs:1052 
  at System.Runtime.CompilerServices.AsyncMethodBuilderCore+MoveNextRunner.InvokeMoveNext (System.Object stateMachine) [0x00000] in <299d5c9ae27b4d27af003e5f456f4b13>:0 
  at System.Threading.ExecutionContext.RunInternal (System.Threading.ExecutionContext executionContext, System.Threading.ContextCallback callback, System.Object state, System.Boolean preserveSyncCtx) [0x00000] in <299d5c9ae27b4d27af003e5f456f4b13>:0 
  at System.Threading.ExecutionContext.Run (System.Threading.ExecutionContext executionContext, System.Threading.ContextCallback callback, System.Object state, System.Boolean preserveSyncCtx) [0x00000] in <299d5c9ae27b4d27af003e5f456f4b13>:0 
  at System.Runtime.CompilerServices.AsyncMethodBuilderCore+MoveNextRunner.Run () [0x00000] in <299d5c9ae27b4d27af003e5f456f4b13>:0 
  at System.Threading.Tasks.AwaitTaskContinuation.RunOrScheduleAction (System.Action action, System.Boolean allowInlining, System.Threading.Tasks.Task& currentTask) [0x00000] in <299d5c9ae27b4d27af003e5f456f4b13>:0 
  at System.Threading.Tasks.Task.FinishContinuations () [0x00000] in <299d5c9ae27b4d27af003e5f456f4b13>:0 
  at System.Threading.Tasks.Task.FinishStageThree () [0x00000] in <299d5c9ae27b4d27af003e5f456f4b13>:0 
  at System.Threading.Tasks.Task.FinishStageTwo () [0x00000] in <299d5c9ae27b4d27af003e5f456f4b13>:0 
  at System.Threading.Tasks.Task.Finish (System.Boolean bUserDelegateExecuted) [0x00000] in <299d5c9ae27b4d27af003e5f456f4b13>:0 
  at System.Threading.Tasks.Task.ExecuteWithThreadLocal (System.Threading.Tasks.Task& currentTaskSlot) [0x00000] in <299d5c9ae27b4d27af003e5f456f4b13>:0 
  at System.Threading.Tasks.Task.ExecuteEntry (System.Boolean bPreventDoubleExecution) [0x00000] in <299d5c9ae27b4d27af003e5f456f4b13>:0 
  at System.Threading.Tasks.Task.System.Threading.IThreadPoolWorkItem.ExecuteWorkItem () [0x00000] in <299d5c9ae27b4d27af003e5f456f4b13>:0 
  at System.Threading.ThreadPoolWorkQueue.Dispatch () [0x00000] in <299d5c9ae27b4d27af003e5f456f4b13>:0 
  at System.Threading._ThreadPoolWaitCallback.PerformWaitCallback () [0x00000] in <299d5c9ae27b4d27af003e5f456f4b13>:0 
UnityEngine.Debug:ExtractStackTraceNoAlloc (byte*,int,string)
UnityEngine.StackTraceUtility:ExtractStackTrace () (at /Users/bokken/build/output/unity/unity/Runtime/Export/Scripting/StackTrace.cs:35)
UnityEngine.DebugLogHandler:Internal_Log (UnityEngine.LogType,UnityEngine.LogOption,string,UnityEngine.Object)
UnityEngine.DebugLogHandler:LogFormat (UnityEngine.LogType,UnityEngine.Object,string,object[])
UnityEngine.Logger:Log (UnityEngine.LogType,object)
UnityEngine.Debug:Log (object)
Unity.AI.Tracing.ConsoleSink:LogToConsole (string,string,System.Exception) (at ./Library/PackageCache/com.unity.ai.assistant@6fee27370e6a/Modules/Unity.AI.Tracing/TraceSinks.cs:313)
Unity.AI.Tracing.ConsoleSink:Write (Unity.AI.Tracing.TraceEvent) (at ./Library/PackageCache/com.unity.ai.assistant@6fee27370e6a/Modules/Unity.AI.Tracing/TraceSinks.cs:277)
Unity.AI.Tracing.TraceWriter:WriteEventInternal (string,string,Unity.AI.Tracing.TraceEventOptions,string,System.Nullable`1<int>) (at ./Library/PackageCache/com.unity.ai.assistant@6fee27370e6a/Modules/Unity.AI.Tracing/TraceWriter.cs:373)
Unity.AI.Tracing.TraceWriter:Event (string,Unity.AI.Tracing.TraceEventOptions) (at ./Library/PackageCache/com.unity.ai.assistant@6fee27370e6a/Modules/Unity.AI.Tracing/TraceWriter.cs:297)
Unity.AI.Tracing.TraceLogger:Emit (string,string,string,string,Unity.AI.Tracing.TraceEventOptions,object,System.Exception) (at ./Library/PackageCache/com.unity.ai.assistant@6fee27370e6a/Modules/Unity.AI.Tracing/TraceLogger.cs:105)
Unity.AI.Tracing.TraceLogger:Info (string,string,string,Unity.AI.Tracing.TraceEventOptions) (at ./Library/PackageCache/com.unity.ai.assistant@6fee27370e6a/Modules/Unity.AI.Tracing/TraceLogger.cs:35)
Unity.AI.MCP.Editor.Helpers.McpLog/<>c__DisplayClass8_0:<LogDelayed>b__0 () (at ./Library/PackageCache/com.unity.ai.assistant@6fee27370e6a/Modules/Unity.AI.MCP.Editor/Helpers/McpLog.cs:74)
Unity.AI.Toolkit.EditorTask/<>c__DisplayClass21_0:<DelayCall>b__0 () (at ./Library/PackageCache/com.unity.ai.assistant@6fee27370e6a/Modules/Unity.AI.Toolkit.Async/EditorTask.cs:375)
UnityEditor.EditorApplication:Internal_CallUpdateFunctions () (at /Users/bokken/build/output/unity/unity/Editor/Mono/EditorApplication.cs:403)

(Filename: ./Library/PackageCache/com.unity.ai.assistant@6fee27370e6a/Modules/Unity.AI.Tracing/TraceSinks.cs Line: 313)

=== Connection Info ===
MCP Server:
  PID: 2392
  Name: relay_mac_arm64
  Executable: /Users/farhad/.unity/relay/relay_mac_arm64.app/Contents/MacOS/relay_mac_arm64
  Hash: 503e2659185f02de...
  Signed: Yes
  Publisher: 9QW8UQUTAA
  Signature Valid: Yes
  Validation: Pending
  Reason: Awaiting user approval
MCP Client:
  Name: codex
  PID: 59650
  Executable: /Applications/ChatGPT.app/Contents/Resources/codex-cli/CodexCLI.app/Contents/MacOS/codex
  Chain depth: 1 (walked up 1 level)
======================
  at Unity.AI.MCP.Editor.Bridge.LogConnectionDecision (Unity.AI.MCP.Editor.Security.ValidationDecision decision) [0x002aa] in ./Library/PackageCache/com.unity.ai.assistant@6fee27370e6a/Modules/Unity.AI.MCP.Editor/Bridge.cs:2039 
  at Unity.AI.MCP.Editor.Bridge.ValidateAndApproveAsync (Unity.AI.MCP.Editor.Connection.IConnectionTransport transport, System.Threading.CancellationToken token, System.Boolean isBatchMode) [0x0019b] in ./Library/PackageCache/com.unity.ai.assistant@6fee27370e6a/Modules/Unity.AI.MCP.Editor/Bridge.cs:1058 
  at System.Runtime.CompilerServices.AsyncMethodBuilderCore+MoveNextRunner.InvokeMoveNext (System.Object stateMachine) [0x00000] in <299d5c9ae27b4d27af003e5f456f4b13>:0 
  at System.Threading.ExecutionContext.RunInternal (System.Threading.ExecutionContext executionContext, System.Threading.ContextCallback callback, System.Object state, System.Boolean preserveSyncCtx) [0x00000] in <299d5c9ae27b4d27af003e5f456f4b13>:0 
  at System.Threading.ExecutionContext.Run (System.Threading.ExecutionContext executionContext, System.Threading.ContextCallback callback, System.Object state, System.Boolean preserveSyncCtx) [0x00000] in <299d5c9ae27b4d27af003e5f456f4b13>:0 
  at System.Runtime.CompilerServices.AsyncMethodBuilderCore+MoveNextRunner.Run () [0x00000] in <299d5c9ae27b4d27af003e5f456f4b13>:0 
  at System.Threading.Tasks.AwaitTaskContinuation.RunOrScheduleAction (System.Action action, System.Boolean allowInlining, System.Threading.Tasks.Task& currentTask) [0x00000] in <299d5c9ae27b4d27af003e5f456f4b13>:0 
  at System.Threading.Tasks.Task.FinishContinuations () [0x00000] in <299d5c9ae27b4d27af003e5f456f4b13>:0 
  at System.Threading.Tasks.Task.FinishStageThree () [0x00000] in <299d5c9ae27b4d27af003e5f456f4b13>:0 
  at System.Threading.Tasks.Task.FinishStageTwo () [0x00000] in <299d5c9ae27b4d27af003e5f456f4b13>:0 
  at System.Threading.Tasks.Task.Finish (System.Boolean bUserDelegateExecuted) [0x00000] in <299d5c9ae27b4d27af003e5f456f4b13>:0 
  at System.Threading.Tasks.Task.ExecuteWithThreadLocal (System.Threading.Tasks.Task& currentTaskSlot) [0x00000] in <299d5c9ae27b4d27af003e5f456f4b13>:0 
  at System.Threading.Tasks.Task.ExecuteEntry (System.Boolean bPreventDoubleExecution) [0x00000] in <299d5c9ae27b4d27af003e5f456f4b13>:0 
  at System.Threading.Tasks.Task.System.Threading.IThreadPoolWorkItem.ExecuteWorkItem () [0x00000] in <299d5c9ae27b4d27af003e5f456f4b13>:0 
  at System.Threading.ThreadPoolWorkQueue.Dispatch () [0x00000] in <299d5c9ae27b4d27af003e5f456f4b13>:0 
  at System.Threading._ThreadPoolWaitCallback.PerformWaitCallback () [0x00000] in <299d5c9ae27b4d27af003e5f456f4b13>:0 
UnityEngine.Debug:ExtractStackTraceNoAlloc (byte*,int,string)
UnityEngine.StackTraceUtility:ExtractStackTrace () (at /Users/bokken/build/output/unity/unity/Runtime/Export/Scripting/StackTrace.cs:35)
UnityEngine.DebugLogHandler:Internal_Log (UnityEngine.LogType,UnityEngine.LogOption,string,UnityEngine.Object)
UnityEngine.DebugLogHandler:LogFormat (UnityEngine.LogType,UnityEngine.Object,string,object[])
UnityEngine.Logger:Log (UnityEngine.LogType,object)
UnityEngine.Debug:Log (object)
Unity.AI.Tracing.ConsoleSink:LogToConsole (string,string,System.Exception) (at ./Library/PackageCache/com.unity.ai.assistant@6fee27370e6a/Modules/Unity.AI.Tracing/TraceSinks.cs:313)
Unity.AI.Tracing.ConsoleSink:Write (Unity.AI.Tracing.TraceEvent) (at ./Library/PackageCache/com.unity.ai.assistant@6fee27370e6a/Modules/Unity.AI.Tracing/TraceSinks.cs:277)
Unity.AI.Tracing.TraceWriter:WriteEventInternal (string,string,Unity.AI.Tracing.TraceEventOptions,string,System.Nullable`1<int>) (at ./Library/PackageCache/com.unity.ai.assistant@6fee27370e6a/Modules/Unity.AI.Tracing/TraceWriter.cs:373)
Unity.AI.Tracing.TraceWriter:Event (string,Unity.AI.Tracing.TraceEventOptions) (at ./Library/PackageCache/com.unity.ai.assistant@6fee27370e6a/Modules/Unity.AI.Tracing/TraceWriter.cs:297)
Unity.AI.Tracing.TraceLogger:Emit (string,string,string,string,Unity.AI.Tracing.TraceEventOptions,object,System.Exception) (at ./Library/PackageCache/com.unity.ai.assistant@6fee27370e6a/Modules/Unity.AI.Tracing/TraceLogger.cs:105)
Unity.AI.Tracing.TraceLogger:Info (string,string,string,Unity.AI.Tracing.TraceEventOptions) (at ./Library/PackageCache/com.unity.ai.assistant@6fee27370e6a/Modules/Unity.AI.Tracing/TraceLogger.cs:35)
Unity.AI.MCP.Editor.Helpers.McpLog/<>c__DisplayClass8_0:<LogDelayed>b__0 () (at ./Library/PackageCache/com.unity.ai.assistant@6fee27370e6a/Modules/Unity.AI.MCP.Editor/Helpers/McpLog.cs:74)
Unity.AI.Toolkit.EditorTask/<>c__DisplayClass21_0:<DelayCall>b__0 () (at ./Library/PackageCache/com.unity.ai.assistant@6fee27370e6a/Modules/Unity.AI.Toolkit.Async/EditorTask.cs:375)
UnityEditor.EditorApplication:Internal_CallUpdateFunctions () (at /Users/bokken/build/output/unity/unity/Editor/Mono/EditorApplication.cs:403)

(Filename: ./Library/PackageCache/com.unity.ai.assistant@6fee27370e6a/Modules/Unity.AI.Tracing/TraceSinks.cs Line: 313)

Streamed scene with  956ms latency from VirtualArtifacts/Extra/f8/f8f7177383c592278f8c8675a94e8a3c.0.entities
Streamed scene with  415ms latency from VirtualArtifacts/Extra/8c/8c97db23037159c9d38b0249ed05a40f.0.entities
[MapVehicleOwnershipRuntime] phase=CompositionInit configAssigned=0 placements=-1 authoringRootAssigned=1 configuredPacked=1
UnityEngine.Debug:ExtractStackTraceNoAlloc (byte*,int,string)
UnityEngine.StackTraceUtility:ExtractStackTrace () (at /Users/bokken/build/output/unity/unity/Runtime/Export/Scripting/StackTrace.cs:35)
UnityEngine.DebugLogHandler:Internal_Log (UnityEngine.LogType,UnityEngine.LogOption,string,UnityEngine.Object)
UnityEngine.DebugLogHandler:LogFormat (UnityEngine.LogType,UnityEngine.Object,string,object[])
UnityEngine.Logger:Log (UnityEngine.LogType,object)
UnityEngine.Debug:Log (object)
Game.Runtime.BuildingGameplayCompositionSystemHelper:Initialize (Game.Configs.BuildingPlacementSystemConfig,UnityEngine.Camera,UnityEngine.Transform,UnityEngine.Transform,Game.Runtime.RoadGridProjectionSystem/RoadFootprintState,Game.Runtime.FactionVisualSettings,Game.Runtime.DayNightSystem,Game.Configs.RTSSelectionSystemConfig,Game.Configs.MapBuildingPlacementConfig,Game.Configs.MapVehiclePlacementConfig,UnityEngine.Transform,UnityEngine.Transform,System.Func`2<UnityEngine.GameObject, UnityEngine.Sprite>,Game.Runtime.BuildingProductionQueueCompositionSystemHelper/TryGetUnitProductionMetadataDelegate,Game.Runtime.BuildingProductionTransportPresentationSystemHelper/PrepareTransportDropVisualDelegate,System.Func`2<UnityEngine.GameObject, string>,Game.Runtime.BuildingDefinitionPrefabSystemHelper/TryGetBuildingDefinitionMetadataDelegate,Game.Runtime.BuildingDefinitionPrefabSystemHelper/TryGetUnitDefinitionMetadataDelegate,bool,System.Func`1<Game.Configs.MapVehiclePlacementConfig>,System.Func`1<UnityEngine.Transform>,System.Func`1<Game.Configs.MapBuildingPlacementConfig>) (at Assets/Game/Scripts/Systems/BuildingGameplayCompositionSystemHelper.cs:474)
Game.Runtime.ManagedGameplayStartupSystemHelper:Initialize (Unity.Entities.EntityManager,Game.Configs.DayNightSystemConfig,Game.Configs.FactionVisualSettingsConfig,Game.Configs.RoadBuildSystemConfig,Game.Configs.BuildingPlacementSystemConfig,Game.Configs.MapBuildingPlacementConfig,Game.Configs.MapVehiclePlacementConfig,Game.Configs.RTSSelectionSystemConfig,Game.Configs.RuntimeCitySpawnerSystemConfig,Game.Configs.GameStringsConfig,UnityEngine.Camera,UnityEngine.Light,UnityEngine.Rendering.Volume,UnityEngine.Transform,UnityEngine.Transform,System.Func`3<UnityEngine.Transform, Game.Configs.RTSSelectionSystemConfig, Game.UI.Contracts.ISelectionRectangleView>,System.Func`2<UnityEngine.GameObject, UnityEngine.Sprite>,System.Func`2<UnityEngine.GameObject, UnityEngine.Sprite>,Game.Runtime.BuildingProductionQueueCompositionSystemHelper/TryGetUnitProductionMetadataDelegate,Game.Runtime.BuildingProductionTransportPresentationSystemHelper/PrepareTransportDropVisualDelegate,System.Func`2<UnityEngine.GameObject, string>,Game.Runtime.BuildingDefinitionPrefabSystemHelper/TryGetBuildingDefinitionMetadataDelegate,Game.Runtime.BuildingDefinitionPrefabSystemHelper/TryGetUnitDefinitionMetadataDelegate,UnityEngine.Transform,UnityEngine.Transform,Game.UI.Contracts.IMatchIntroStateQuery,bool,System.Func`1<Game.Configs.MapVehiclePlacementConfig>,System.Func`1<UnityEngine.Transform>,System.Func`1<Game.Configs.MapBuildingPlacementConfig>) (at Assets/Game/Scripts/Systems/ManagedGameplayStartupSystemHelper.cs:178)
Game.Composition.MatchBootstrapCompositionSystemHelper:InitializeManagedRuntime (Game.Configs.DayNightSystemConfig,Game.Configs.FactionVisualSettingsConfig,Game.Configs.RoadBuildSystemConfig,Game.Configs.BuildingPlacementSystemConfig,Game.Configs.MapBuildingPlacementConfig,Game.Configs.MapVehiclePlacementConfig,Game.Configs.RTSSelectionSystemConfig,Game.Configs.RuntimeCitySpawnerSystemConfig,Game.Configs.GameStringsConfig,UnityEngine.Camera,UnityEngine.Light,UnityEngine.Rendering.Volume,UnityEngine.Transform,UnityEngine.Transform,System.Func`3<UnityEngine.Transform, Game.Configs.RTSSelectionSystemConfig, Game.UI.Contracts.ISelectionRectangleView>,UnityEngine.Transform,UnityEngine.Transform,Game.UI.Contracts.IMatchIntroStateQuery,bool) (at Assets/Game/Scripts/Composition/MatchBootstrapCompositionSystemHelper.cs:432)
Game.Composition.MatchBootstrapCompositionSystemHelper:InitializeManagedRuntimeIfNeeded () (at Assets/Game/Scripts/Composition/MatchBootstrapCompositionSystemHelper.cs:766)
Game.Composition.MatchGameplayStartupCompositionSystemHelper:AdvanceStep (Game.Runtime.BuildingRuntimeUpdateCompositionSystemHelper,Game.Runtime.BuildingRuntimeUpdateCompositionSystemHelper/Context&) (at Assets/Game/Scripts/Composition/MatchGameplayStartupCompositionSystemHelper.cs:158)
Game.Composition.MatchGameplayStartupCompositionSystemHelper:Advance (Game.Runtime.BuildingRuntimeUpdateCompositionSystemHelper,Game.Runtime.BuildingRuntimeUpdateCompositionSystemHelper/Context&) (at Assets/Game/Scripts/Composition/MatchGameplayStartupCompositionSystemHelper.cs:112)
Game.Composition.MatchBootstrapCompositionSystemHelper:Update () (at Assets/Game/Scripts/Composition/MatchBootstrapCompositionSystemHelper.cs:186)
Game.Composition.MatchSceneView:Update () (at Assets/Game/Scripts/Composition/MatchSceneView.cs:294)

(Filename: Assets/Game/Scripts/Systems/BuildingGameplayCompositionSystemHelper.cs Line: 474)

[OperationMapReadiness] ready=SourceContent, SubScene, Metadata, MapSurface, AuthoredConversion, PresentationManifest, RequiredPresentationPreload failed=None
UnityEngine.Debug:ExtractStackTraceNoAlloc (byte*,int,string)
UnityEngine.StackTraceUtility:ExtractStackTrace () (at /Users/bokken/build/output/unity/unity/Runtime/Export/Scripting/StackTrace.cs:35)
UnityEngine.DebugLogHandler:Internal_Log (UnityEngine.LogType,UnityEngine.LogOption,string,UnityEngine.Object)
UnityEngine.DebugLogHandler:LogFormat (UnityEngine.LogType,UnityEngine.Object,string,object[])
UnityEngine.Logger:Log (UnityEngine.LogType,object)
UnityEngine.Debug:Log (object)
Game.Composition.MatchSceneView:TryPublishOperationMapReadiness (bool,bool,string&) (at Assets/Game/Scripts/Composition/MatchSceneView.OperationMapLifecycle.cs:282)
Game.Composition.MenuBootstrapCompositionSystemHelper:UpdateStaticMapPresentationForLoadedMatch (bool,Game.Composition.MatchSceneView) (at Assets/Game/Scripts/Composition/MenuBootstrapCompositionSystemHelper.cs:476)
Game.Composition.MenuBootstrapCompositionSystemHelper:UpdateStaticMapPresentation (Unity.Entities.EntityManager,Game.UI.Shell.Contracts.Ecs.UiShellStateComponent) (at Assets/Game/Scripts/Composition/MenuBootstrapCompositionSystemHelper.cs:453)
Game.Composition.MenuBootstrapCompositionSystemHelper:Update (Game.Composition.MenuBootstrapView,single) (at Assets/Game/Scripts/Composition/MenuBootstrapCompositionSystemHelper.cs:150)
Game.Composition.MenuBootstrapView:Update () (at Assets/Game/Scripts/Composition/MenuBootstrapView.cs:174)

(Filename: Assets/Game/Scripts/Composition/MatchSceneView.OperationMapLifecycle.cs Line: 282)

[RuntimeGridBootstrap] RuntimeGridBootstrap_NoTacticalMapRuntimeLoader_2026-05-26 ready entity=56547 size=2048x1024 cellSize=1
UnityEngine.Debug:ExtractStackTraceNoAlloc (byte*,int,string)
UnityEngine.StackTraceUtility:ExtractStackTrace () (at /Users/bokken/build/output/unity/unity/Runtime/Export/Scripting/StackTrace.cs:35)
UnityEngine.DebugLogHandler:Internal_Log (UnityEngine.LogType,UnityEngine.LogOption,string,UnityEngine.Object)
UnityEngine.DebugLogHandler:LogFormat (UnityEngine.LogType,UnityEngine.Object,string,object[])
UnityEngine.Logger:Log (UnityEngine.LogType,object)
UnityEngine.Debug:Log (object)
Game.Runtime.RuntimeGridBootstrapStartupSystemHelper:Ensure (Unity.Entities.EntityManager,int,int,single,UnityEngine.Vector3,UnityEngine.Vector2Int[]) (at Assets/Game/Scripts/Systems/RuntimeGridBootstrapStartupSystemHelper.cs:63)
Game.Composition.MatchBootstrapStartupConfigProjection:ProjectRuntimeStartupConfig (Unity.Entities.World,Game.Runtime.RuntimeGridBootstrapStartupSystemHelper,Game.Composition.MapSurfaceRuntimeBootstrapSceneSystemHelper,Game.Composition.MatchSceneView,Game.Configs.BuildingPlacementSystemConfig,Game.Runtime.AIStartupSystem,System.Collections.Generic.IReadOnlyList`1<Game.Configs.AIControllerConfig>,Game.Configs.AISettingsSnapshot,System.Collections.Generic.List`1<Game.Runtime.InitialFactionSpawnCellFallbackEntry>) (at Assets/Game/Scripts/Composition/MatchBootstrapStartupConfigProjection.cs:49)
Game.Composition.MatchGameplayStartupCompositionSystemHelper:AdvanceStep (Game.Runtime.BuildingRuntimeUpdateCompositionSystemHelper,Game.Runtime.BuildingRuntimeUpdateCompositionSystemHelper/Context&) (at Assets/Game/Scripts/Composition/MatchGameplayStartupCompositionSystemHelper.cs:181)
Game.Composition.MatchGameplayStartupCompositionSystemHelper:Advance (Game.Runtime.BuildingRuntimeUpdateCompositionSystemHelper,Game.Runtime.BuildingRuntimeUpdateCompositionSystemHelper/Context&) (at Assets/Game/Scripts/Composition/MatchGameplayStartupCompositionSystemHelper.cs:112)
Game.Composition.MatchBootstrapCompositionSystemHelper:Update () (at Assets/Game/Scripts/Composition/MatchBootstrapCompositionSystemHelper.cs:186)
Game.Composition.MatchSceneView:Update () (at Assets/Game/Scripts/Composition/MatchSceneView.cs:294)

(Filename: Assets/Game/Scripts/Systems/RuntimeGridBootstrapStartupSystemHelper.cs Line: 63)

[FrameRateDiag:PreGame] fps=4.7 avgFrame=211.1ms updateAvg=6.2ms updateMax=11.7ms cpuFrame=5.8ms cpuMain=3.8ms cpuRender=1.3ms gpu=10.7ms drawCalls=81 batches=0 setPass=44 tris=745777 verts=1293453 units=344 models=0 sourceKeys=344 sourceKeyFallbackVisuals=0 initialSpawnConfigs=0 impostors=0 render=screen=2400x1080,batch=0,quality=0:PC,vSync=0,targetFps=-1,pipeline=Mobile_RPAsset_MobileCandidate,scale=0.75,msaa=0,camera=Main Camera,cameraData=post:1,aa:FastApproximateAntialiasing,stack:0 memory=alloc=3248MB reserved=3746MB mono=1464MB focused=1 playRequested=0 simulationActive=0 lastSteps=MainMenu=0.6ms stepStats=none topSystems=disabled markers=disabled
[RenderSceneDiag] frame=388 source=profilerCounters drawCalls=81 batches=0 setPass=44 tris=745777 verts=1293453 topSystems=disabled markers=disabled
[SkirmishStress] playRequested=1
UnityEngine.Debug:ExtractStackTraceNoAlloc (byte*,int,string)
UnityEngine.StackTraceUtility:ExtractStackTrace () (at /Users/bokken/build/output/unity/unity/Runtime/Export/Scripting/StackTrace.cs:35)
UnityEngine.DebugLogHandler:Internal_Log (UnityEngine.LogType,UnityEngine.LogOption,string,UnityEngine.Object)
UnityEngine.DebugLogHandler:LogFormat (UnityEngine.LogType,UnityEngine.Object,string,object[])
UnityEngine.Logger:Log (UnityEngine.LogType,object)
UnityEngine.Debug:Log (object)
Game.Composition.SkirmishLaunchProjection:TryRequestPlay (Unity.Entities.EntityManager) (at Assets/Game/Scripts/Composition/SkirmishLaunchProjection.cs:232)
Game.Editor.SkirmishS002AriaRunHarness:Tick () (at Assets/Game/Scripts/Editor/Skirmish/SkirmishS002AriaRunHarness.cs:525)
UnityEditor.EditorApplication:Internal_CallUpdateFunctions () (at /Users/bokken/build/output/unity/unity/Editor/Mono/EditorApplication.cs:403)

(Filename: Assets/Game/Scripts/Composition/SkirmishLaunchProjection.cs Line: 232)

[MapVehicleOwnershipRuntime] phase=RuntimeContextReady configAssigned=0 placements=-1 authoringRootAssigned=1 configuredPacked=1 positiveContract=0
UnityEngine.Debug:ExtractStackTraceNoAlloc (byte*,int,string)
UnityEngine.StackTraceUtility:ExtractStackTrace () (at /Users/bokken/build/output/unity/unity/Runtime/Export/Scripting/StackTrace.cs:35)
UnityEngine.DebugLogHandler:Internal_Log (UnityEngine.LogType,UnityEngine.LogOption,string,UnityEngine.Object)
UnityEngine.DebugLogHandler:LogFormat (UnityEngine.LogType,UnityEngine.Object,string,object[])
UnityEngine.Logger:Log (UnityEngine.LogType,object)
UnityEngine.Debug:Log (object)
Game.Runtime.BuildingGameplayCompositionSystemHelper/<>c__DisplayClass16_0:<Initialize>g__EnsureRuntimeTickContext|39 () (at Assets/Game/Scripts/Systems/BuildingGameplayCompositionSystemHelper.cs:490)
Game.Runtime.BuildingGameplayCompositionSystemHelper/<>c__DisplayClass16_0:<Initialize>g__UpdateBuildingStartupTick|40 () (at Assets/Game/Scripts/Systems/BuildingGameplayCompositionSystemHelper.cs:605)
Game.Runtime.BuildingRuntimeUpdateCompositionSystemHelper:UpdateStartup (Game.Runtime.BuildingRuntimeUpdateCompositionSystemHelper/Context) (at Assets/Game/Scripts/Systems/BuildingRuntimeUpdateCompositionSystemHelper.cs:31)
Game.Runtime.GameplayRuntimeUpdateCompositionSystemHelper:Update (Unity.Entities.World,bool,Game.Runtime.RuntimeGameplayStateSystem,Game.Runtime.PerformanceDiagnosticsSystemHelper,System.Action,Game.Runtime.BuildingRuntimeUpdateCompositionSystemHelper,Game.Runtime.BuildingRuntimeUpdateCompositionSystemHelper/Context,System.Action,UnityEngine.Camera,Game.Runtime.RuntimeCityCompositionSystemHelper,Game.Runtime.RuntimeGridBlockerPresentationSystemHelper,Game.Runtime.RuntimeDecorationSpawnerPresentationSystemHelper,Game.Runtime.DayNightSystem,System.Action,Game.UI.Contracts.IMatchRuntimeUi,Game.Rendering.Contracts.IUnitImpostorRenderer,bool&) (at Assets/Game/Scripts/Systems/GameplayRuntimeUpdateCompositionSystemHelper.Runtime.cs:124)
Game.Composition.MatchBootstrapCompositionSystemHelper:UpdateRuntime (bool,Game.Runtime.RuntimeGameplayStateSystem,Game.Runtime.PerformanceDiagnosticsSystemHelper,System.Action,Game.Runtime.BuildingRuntimeUpdateCompositionSystemHelper,Game.Runtime.BuildingRuntimeUpdateCompositionSystemHelper/Context,System.Action,UnityEngine.Camera,Game.Runtime.RuntimeCityCompositionSystemHelper,Game.Runtime.RuntimeGridBlockerPresentationSystemHelper,Game.Runtime.RuntimeDecorationSpawnerPresentationSystemHelper,Game.Runtime.DayNightSystem,System.Action,Game.UI.Contracts.IMatchRuntimeUi,Game.Rendering.Contracts.IUnitImpostorRenderer,bool&) (at Assets/Game/Scripts/Composition/MatchBootstrapCompositionSystemHelper.cs:584)
Game.Composition.MatchBootstrapCompositionSystemHelper:Update () (at Assets/Game/Scripts/Composition/MatchBootstrapCompositionSystemHelper.cs:203)
Game.Composition.MatchSceneView:Update () (at Assets/Game/Scripts/Composition/MatchSceneView.cs:294)

(Filename: Assets/Game/Scripts/Systems/BuildingGameplayCompositionSystemHelper.cs Line: 490)

[LoadingGate] ready frame=395 gameplayInitialized=1 playRequested=1 simulationActive=1
UnityEngine.Debug:ExtractStackTraceNoAlloc (byte*,int,string)
UnityEngine.StackTraceUtility:ExtractStackTrace () (at /Users/bokken/build/output/unity/unity/Runtime/Export/Scripting/StackTrace.cs:35)
UnityEngine.DebugLogHandler:Internal_Log (UnityEngine.LogType,UnityEngine.LogOption,string,UnityEngine.Object)
UnityEngine.DebugLogHandler:LogFormat (UnityEngine.LogType,UnityEngine.Object,string,object[])
UnityEngine.Logger:Log (UnityEngine.LogType,object)
UnityEngine.Debug:Log (object)
Game.Runtime.GameplayRuntimeUpdateCompositionSystemHelper:Update (Unity.Entities.World,bool,Game.Runtime.RuntimeGameplayStateSystem,Game.Runtime.PerformanceDiagnosticsSystemHelper,System.Action,Game.Runtime.BuildingRuntimeUpdateCompositionSystemHelper,Game.Runtime.BuildingRuntimeUpdateCompositionSystemHelper/Context,System.Action,UnityEngine.Camera,Game.Runtime.RuntimeCityCompositionSystemHelper,Game.Runtime.RuntimeGridBlockerPresentationSystemHelper,Game.Runtime.RuntimeDecorationSpawnerPresentationSystemHelper,Game.Runtime.DayNightSystem,System.Action,Game.UI.Contracts.IMatchRuntimeUi,Game.Rendering.Contracts.IUnitImpostorRenderer,bool&) (at Assets/Game/Scripts/Systems/GameplayRuntimeUpdateCompositionSystemHelper.Runtime.cs:220)
Game.Composition.MatchBootstrapCompositionSystemHelper:UpdateRuntime (bool,Game.Runtime.RuntimeGameplayStateSystem,Game.Runtime.PerformanceDiagnosticsSystemHelper,System.Action,Game.Runtime.BuildingRuntimeUpdateCompositionSystemHelper,Game.Runtime.BuildingRuntimeUpdateCompositionSystemHelper/Context,System.Action,UnityEngine.Camera,Game.Runtime.RuntimeCityCompositionSystemHelper,Game.Runtime.RuntimeGridBlockerPresentationSystemHelper,Game.Runtime.RuntimeDecorationSpawnerPresentationSystemHelper,Game.Runtime.DayNightSystem,System.Action,Game.UI.Contracts.IMatchRuntimeUi,Game.Rendering.Contracts.IUnitImpostorRenderer,bool&) (at Assets/Game/Scripts/Composition/MatchBootstrapCompositionSystemHelper.cs:584)
Game.Composition.MatchBootstrapCompositionSystemHelper:Update () (at Assets/Game/Scripts/Composition/MatchBootstrapCompositionSystemHelper.cs:203)
Game.Composition.MatchSceneView:Update () (at Assets/Game/Scripts/Composition/MatchSceneView.cs:294)

(Filename: Assets/Game/Scripts/Systems/GameplayRuntimeUpdateCompositionSystemHelper.Runtime.cs Line: 220)

[PerfDiag:PreGame] slowUpdate frame=395 total=29.2ms gc=0/0/0 cpuFrame=22.5ms cpuMain=20.8ms cpuRender=1.7ms gpu=11.6ms steps=BuildingStartup=28.5ms, MainMenu=0.1ms units=344 models=0 sourceKeys=344 sourceKeyFallbackVisuals=0 initialSpawnConfigs=0 drawCalls=149 batches=0 setPass=55 tris=7615878 verts=13618294 memory=alloc=3288MB reserved=3772MB mono=1465MB uiToolkit=0 gameplayInitialized=1 playRequested=1 simulationActive=1 focused=1 vSync=0 targetFps=-1 topSystems=disabled markers=disabled
[FreezeDetect] Update hitch frame=396 BuildingPlacement=772.7ms, GC=0/0/0, Total=795.1ms
[PerfDiag] slowUpdate frame=396 total=795.1ms gc=0/0/0 cpuFrame=9.2ms cpuMain=7.7ms cpuRender=1.7ms gpu=6.8ms steps=RoadBuild=3.7ms, BuildingPlacement=772.7ms, Selection=16.8ms, DayNight=0.0ms, CitizenPopulation=0.1ms, MainMenu=1.5ms units=344 models=0 sourceKeys=344 sourceKeyFallbackVisuals=0 initialSpawnConfigs=0 drawCalls=149 batches=0 setPass=55 tris=7615758 verts=13617942 memory=alloc=3293MB reserved=3777MB mono=1471MB uiToolkit=0 gameplayInitialized=1 playRequested=1 simulationActive=1 focused=1 vSync=0 targetFps=-1 topSystems=disabled markers=disabled
[FreezeDetect] Frame gap frame=397 Gap=807.1ms GC=0/0/0 LastSteps=RoadBuild=3.7ms, BuildingPlacement=772.7ms, Selection=16.8ms, DayNight=0.0ms, CitizenPopulation=0.1ms, MainMenu=1.5ms
[FreezeDetect] Update hitch frame=397 BuildingPlacement=769.0ms, GC=0/0/0, Total=769.2ms
[PerfDiag] slowUpdate frame=397 total=769.2ms gc=0/0/0 cpuFrame=9.8ms cpuMain=8.0ms cpuRender=1.5ms gpu=7.6ms steps=RoadBuild=0.1ms, BuildingPlacement=769.0ms, Selection=0.1ms, DayNight=0.0ms, CitizenPopulation=0.0ms, MainMenu=0.1ms units=360 models=0 sourceKeys=360 sourceKeyFallbackVisuals=0 initialSpawnConfigs=0 drawCalls=58 batches=0 setPass=46 tris=307914 verts=440593 memory=alloc=3317MB reserved=3810MB mono=1477MB uiToolkit=0 gameplayInitialized=1 playRequested=1 simulationActive=1 focused=1 vSync=0 targetFps=-1 topSystems=disabled markers=disabled
[FrameRateDiag] fps=2.1 avgFrame=473.7ms updateAvg=177.1ms updateMax=795.1ms cpuFrame=9.8ms cpuMain=8.0ms cpuRender=1.5ms gpu=7.6ms drawCalls=58 batches=0 setPass=46 tris=307914 verts=440593 units=360 models=0 sourceKeys=360 sourceKeyFallbackVisuals=0 initialSpawnConfigs=0 impostors=0 render=screen=2400x1080,batch=0,quality=0:PC,vSync=0,targetFps=-1,pipeline=Mobile_RPAsset_MobileCandidate,scale=0.75,msaa=0,camera=Main Camera,cameraData=post:1,aa:FastApproximateAntialiasing,stack:0 memory=alloc=3317MB reserved=3810MB mono=1477MB focused=1 playRequested=1 simulationActive=1 stepStats=none topSystems=disabled markers=disabled
[FreezeDetect] Frame gap frame=398 Gap=791.7ms GC=0/0/0 LastSteps=RoadBuild=0.1ms, BuildingPlacement=769.0ms, Selection=0.1ms, DayNight=0.0ms, CitizenPopulation=0.0ms, MainMenu=0.1ms
[UiShellPresentation] stage=CommandStarted sequence=3 kind=EnterMatchHud region=None route=Match
UnityEngine.Debug:ExtractStackTraceNoAlloc (byte*,int,string)
UnityEngine.StackTraceUtility:ExtractStackTrace () (at /Users/bokken/build/output/unity/unity/Runtime/Export/Scripting/StackTrace.cs:35)
UnityEngine.DebugLogHandler:Internal_Log (UnityEngine.LogType,UnityEngine.LogOption,string,UnityEngine.Object)
UnityEngine.DebugLogHandler:LogFormat (UnityEngine.LogType,UnityEngine.Object,string,object[])
UnityEngine.Logger:Log (UnityEngine.LogType,object,UnityEngine.Object)
UnityEngine.Debug:Log (object,UnityEngine.Object)
Game.Composition.UiDiagnosticsComposition:Report (Game.UI.Contracts.UiDiagnosticSeverity,string,UnityEngine.Object) (at Assets/Game/Scripts/Composition/UiDiagnosticsComposition.cs:17)
Game.UI.Contracts.UiDiagnostics:Info (string,UnityEngine.Object) (at Assets/Game/Scripts/UI/Contracts/UiDiagnostics.cs:14)
Game.UI.Runtime.UIShellEcsPresentationSystem:LogTransition (string,Game.UI.Contracts.UiShellPresentationCommandModel) (at Assets/Game/Scripts/UI/Shell/UIShellEcsPresentationSystem.cs:138)
Game.UI.Runtime.UIShellEcsPresentationSystem:Update () (at Assets/Game/Scripts/UI/Shell/UIShellEcsPresentationSystem.cs:87)

(Filename: Assets/Game/Scripts/Composition/UiDiagnosticsComposition.cs Line: 17)

[FreezeDetect] Frame gap frame=399 Gap=261.3ms GC=0/0/0 LastSteps=RoadBuild=0.0ms, BuildingPlacement=2.4ms, Selection=0.1ms, DayNight=0.0ms, CitizenPopulation=0.0ms, MainMenu=0.1ms
[UiShellPresentation] stage=CommandCompleted sequence=3 kind=EnterMatchHud region=None route=Match
UnityEngine.Debug:ExtractStackTraceNoAlloc (byte*,int,string)
UnityEngine.StackTraceUtility:ExtractStackTrace () (at /Users/bokken/build/output/unity/unity/Runtime/Export/Scripting/StackTrace.cs:35)
UnityEngine.DebugLogHandler:Internal_Log (UnityEngine.LogType,UnityEngine.LogOption,string,UnityEngine.Object)
UnityEngine.DebugLogHandler:LogFormat (UnityEngine.LogType,UnityEngine.Object,string,object[])
UnityEngine.Logger:Log (UnityEngine.LogType,object,UnityEngine.Object)
UnityEngine.Debug:Log (object,UnityEngine.Object)
Game.Composition.UiDiagnosticsComposition:Report (Game.UI.Contracts.UiDiagnosticSeverity,string,UnityEngine.Object) (at Assets/Game/Scripts/Composition/UiDiagnosticsComposition.cs:17)
Game.UI.Contracts.UiDiagnostics:Info (string,UnityEngine.Object) (at Assets/Game/Scripts/UI/Contracts/UiDiagnostics.cs:14)
Game.UI.Runtime.UIShellEcsPresentationSystem:LogTransition (string,Game.UI.Contracts.UiShellPresentationCommandModel) (at Assets/Game/Scripts/UI/Shell/UIShellEcsPresentationSystem.cs:138)
Game.UI.Runtime.UIShellEcsPresentationSystem/<>c__DisplayClass24_0:<Update>b__0 (int) (at Assets/Game/Scripts/UI/Shell/UIShellEcsPresentationSystem.cs:100)
Game.UI.Runtime.UIShellView/<>c__DisplayClass19_0:<ExecuteCommandSequence>b__0 () (at Assets/Game/Scripts/UI/Shell/UIShellView.cs:99)
Game.UI.Runtime.UIMotionHostView/<SequenceRoutine>d__32:MoveNext () (at Assets/Game/Scripts/UI/Shell/UIMotionHostView.cs:268)
UnityEngine.SetupCoroutine:InvokeMoveNext (System.Collections.IEnumerator,intptr) (at /Users/bokken/build/output/unity/unity/Runtime/Export/Scripting/Coroutines.cs:17)

(Filename: Assets/Game/Scripts/Composition/UiDiagnosticsComposition.cs Line: 17)

[UiShellPresentation] stage=CompletionFlushed sequence=3 kind=EnterMatchHud region=None
UnityEngine.Debug:ExtractStackTraceNoAlloc (byte*,int,string)
UnityEngine.StackTraceUtility:ExtractStackTrace () (at /Users/bokken/build/output/unity/unity/Runtime/Export/Scripting/StackTrace.cs:35)
UnityEngine.DebugLogHandler:Internal_Log (UnityEngine.LogType,UnityEngine.LogOption,string,UnityEngine.Object)
UnityEngine.DebugLogHandler:LogFormat (UnityEngine.LogType,UnityEngine.Object,string,object[])
UnityEngine.Logger:Log (UnityEngine.LogType,object,UnityEngine.Object)
UnityEngine.Debug:Log (object,UnityEngine.Object)
Game.Composition.UiDiagnosticsComposition:Report (Game.UI.Contracts.UiDiagnosticSeverity,string,UnityEngine.Object) (at Assets/Game/Scripts/Composition/UiDiagnosticsComposition.cs:17)
Game.UI.Contracts.UiDiagnostics:Info (string,UnityEngine.Object) (at Assets/Game/Scripts/UI/Contracts/UiDiagnostics.cs:14)
Game.UI.Runtime.UIShellEcsPresentationSystem:LogTransition (string,Game.UI.Contracts.UiShellTransitionCompleteModel) (at Assets/Game/Scripts/UI/Shell/UIShellEcsPresentationSystem.cs:146)
Game.UI.Runtime.UIShellEcsPresentationSystem:FlushPendingCompletion () (at Assets/Game/Scripts/UI/Shell/UIShellEcsPresentationSystem.cs:129)
Game.UI.Runtime.UIShellEcsPresentationSystem:Update () (at Assets/Game/Scripts/UI/Shell/UIShellEcsPresentationSystem.cs:67)

(Filename: Assets/Game/Scripts/Composition/UiDiagnosticsComposition.cs Line: 17)

[PerfDiag] slowUpdate frame=431 total=45.8ms gc=0/0/0 cpuFrame=18.0ms cpuMain=16.5ms cpuRender=1.3ms gpu=8.1ms steps=RoadBuild=0.0ms, BuildingPlacement=0.1ms, Selection=0.1ms, DayNight=0.0ms, CitizenPopulation=0.0ms, MainMenu=45.5ms units=412 models=48 sourceKeys=412 sourceKeyFallbackVisuals=0 initialSpawnConfigs=0 drawCalls=277 batches=0 setPass=96 tris=2796794 verts=5098160 memory=alloc=3431MB reserved=3922MB mono=1491MB uiToolkit=0 gameplayInitialized=1 playRequested=1 simulationActive=1 focused=1 vSync=0 targetFps=-1 topSystems=disabled markers=disabled
[PerfDiag] slowUpdate frame=464 total=42.6ms gc=0/0/0 cpuFrame=20.5ms cpuMain=18.7ms cpuRender=1.8ms gpu=15.7ms steps=RoadBuild=0.0ms, BuildingPlacement=0.1ms, Selection=0.1ms, DayNight=0.0ms, CitizenPopulation=0.0ms, MainMenu=42.3ms units=412 models=48 sourceKeys=412 sourceKeyFallbackVisuals=0 initialSpawnConfigs=0 drawCalls=278 batches=0 setPass=95 tris=2643614 verts=4706352 memory=alloc=3475MB reserved=3965MB mono=1495MB uiToolkit=0 gameplayInitialized=1 playRequested=1 simulationActive=1 focused=1 vSync=0 targetFps=-1 topSystems=disabled markers=disabled
[FrameRateDiag] fps=25.3 avgFrame=39.5ms updateAvg=5.2ms updateMax=45.8ms cpuFrame=21.8ms cpuMain=19.3ms cpuRender=1.8ms gpu=27.5ms drawCalls=278 batches=0 setPass=93 tris=2643578 verts=4706248 units=412 models=48 sourceKeys=412 sourceKeyFallbackVisuals=0 initialSpawnConfigs=0 impostors=40 render=screen=2400x1080,batch=0,quality=0:PC,vSync=0,targetFps=-1,pipeline=Mobile_RPAsset_MobileCandidate,scale=0.75,msaa=0,camera=Main Camera,cameraData=post:1,aa:FastApproximateAntialiasing,stack:0 memory=alloc=3480MB reserved=3969MB mono=1496MB focused=1 playRequested=1 simulationActive=1 stepStats=none topSystems=disabled markers=disabled
[PerfDiag] slowUpdate frame=497 total=42.3ms gc=0/0/0 cpuFrame=22.5ms cpuMain=20.6ms cpuRender=1.7ms gpu=11.4ms steps=RoadBuild=0.0ms, BuildingPlacement=0.1ms, Selection=0.1ms, DayNight=0.0ms, CitizenPopulation=0.0ms, MainMenu=42.1ms units=412 models=48 sourceKeys=412 sourceKeyFallbackVisuals=0 initialSpawnConfigs=0 drawCalls=278 batches=0 setPass=95 tris=2643542 verts=4706144 memory=alloc=3518MB reserved=4023MB mono=1500MB uiToolkit=0 gameplayInitialized=1 playRequested=1 simulationActive=1 focused=1 vSync=0 targetFps=-1 topSystems=disabled markers=disabled
[PerfDiag] slowUpdate frame=530 total=42.6ms gc=0/0/0 cpuFrame=20.7ms cpuMain=18.8ms cpuRender=1.8ms gpu=26.5ms steps=RoadBuild=0.0ms, BuildingPlacement=0.1ms, Selection=0.1ms, DayNight=0.0ms, CitizenPopulation=0.0ms, MainMenu=42.3ms units=412 models=48 sourceKeys=412 sourceKeyFallbackVisuals=0 initialSpawnConfigs=0 drawCalls=278 batches=0 setPass=93 tris=2643734 verts=4706720 memory=alloc=3562MB reserved=4065MB mono=1504MB uiToolkit=0 gameplayInitialized=1 playRequested=1 simulationActive=1 focused=1 vSync=0 targetFps=-1 topSystems=disabled markers=disabled
[FrameRateDiag] fps=43.3 avgFrame=23.1ms updateAvg=4.6ms updateMax=42.6ms cpuFrame=22.1ms cpuMain=19.8ms cpuRender=1.8ms gpu=21.6ms drawCalls=278 batches=0 setPass=93 tris=2643702 verts=4706624 units=412 models=48 sourceKeys=412 sourceKeyFallbackVisuals=0 initialSpawnConfigs=0 impostors=40 render=screen=2400x1080,batch=0,quality=0:PC,vSync=0,targetFps=-1,pipeline=Mobile_RPAsset_MobileCandidate,scale=0.75,msaa=0,camera=Main Camera,cameraData=post:1,aa:FastApproximateAntialiasing,stack:0 memory=alloc=3594MB reserved=4097MB mono=1507MB focused=1 playRequested=1 simulationActive=1 stepStats=none topSystems=disabled markers=disabled
[S004NativeCampaignLighting] result=Passed campaignSun=Sun intensity=1.3 matchSunActive=0
UnityEngine.Debug:ExtractStackTraceNoAlloc (byte*,int,string)
UnityEngine.StackTraceUtility:ExtractStackTrace () (at /Users/bokken/build/output/unity/unity/Runtime/Export/Scripting/StackTrace.cs:35)
UnityEngine.DebugLogHandler:Internal_Log (UnityEngine.LogType,UnityEngine.LogOption,string,UnityEngine.Object)
UnityEngine.DebugLogHandler:LogFormat (UnityEngine.LogType,UnityEngine.Object,string,object[])
UnityEngine.Logger:Log (UnityEngine.LogType,object)
UnityEngine.Debug:Log (object)
Game.Editor.SkirmishS002AriaRunHarness:Tick () (at Assets/Game/Scripts/Editor/Skirmish/SkirmishS002AriaRunHarness.cs:675)
UnityEditor.EditorApplication:Internal_CallUpdateFunctions () (at /Users/bokken/build/output/unity/unity/Editor/Mono/EditorApplication.cs:403)

(Filename: Assets/Game/Scripts/Editor/Skirmish/SkirmishS002AriaRunHarness.cs Line: 675)

[SkirmishS002AriaRun] watchStarted=1 seed=155925 locale=fa-IR
UnityEngine.Debug:ExtractStackTraceNoAlloc (byte*,int,string)
UnityEngine.StackTraceUtility:ExtractStackTrace () (at /Users/bokken/build/output/unity/unity/Runtime/Export/Scripting/StackTrace.cs:35)
UnityEngine.DebugLogHandler:Internal_Log (UnityEngine.LogType,UnityEngine.LogOption,string,UnityEngine.Object)
UnityEngine.DebugLogHandler:LogFormat (UnityEngine.LogType,UnityEngine.Object,string,object[])
UnityEngine.Logger:Log (UnityEngine.LogType,object)
UnityEngine.Debug:Log (object)
Game.Editor.SkirmishS002AriaRunHarness:Tick () (at Assets/Game/Scripts/Editor/Skirmish/SkirmishS002AriaRunHarness.cs:684)
UnityEditor.EditorApplication:Internal_CallUpdateFunctions () (at /Users/bokken/build/output/unity/unity/Editor/Mono/EditorApplication.cs:403)

(Filename: Assets/Game/Scripts/Editor/Skirmish/SkirmishS002AriaRunHarness.cs Line: 684)

Ignoring depth surface load action as it is memoryless
Ignoring depth surface store action as it is memoryless
[FreezeDetect] Frame gap frame=560 Gap=174.7ms GC=0/0/0 LastSteps=RoadBuild=0.0ms, BuildingPlacement=0.1ms, Selection=0.1ms, DayNight=0.0ms, CitizenPopulation=0.0ms, MainMenu=17.0ms
[PerfDiag] slowUpdate frame=560 total=41.9ms gc=0/0/0 cpuFrame=22.7ms cpuMain=19.7ms cpuRender=0.5ms gpu=10.9ms steps=RoadBuild=0.0ms, BuildingPlacement=0.2ms, Selection=0.1ms, DayNight=0.0ms, CitizenPopulation=0.0ms, MainMenu=41.6ms units=412 models=48 sourceKeys=412 sourceKeyFallbackVisuals=0 initialSpawnConfigs=0 drawCalls=279 batches=0 setPass=95 tris=2644008 verts=4707220 memory=alloc=3604MB reserved=4105MB mono=1508MB uiToolkit=0 gameplayInitialized=1 playRequested=1 simulationActive=1 focused=1 vSync=0 targetFps=-1 topSystems=disabled markers=disabled
[PerfDiag] slowUpdate frame=591 total=44.2ms gc=0/0/0 cpuFrame=20.5ms cpuMain=18.8ms cpuRender=1.7ms gpu=7.7ms steps=RoadBuild=0.0ms, BuildingPlacement=0.1ms, Selection=0.1ms, DayNight=0.0ms, CitizenPopulation=0.0ms, MainMenu=43.9ms units=412 models=48 sourceKeys=412 sourceKeyFallbackVisuals=0 initialSpawnConfigs=0 drawCalls=279 batches=0 setPass=94 tris=2641196 verts=4698780 memory=alloc=3648MB reserved=4150MB mono=1512MB uiToolkit=0 gameplayInitialized=1 playRequested=1 simulationActive=1 focused=1 vSync=0 targetFps=-1 topSystems=disabled markers=disabled
[FreezeDetect] Frame gap frame=609 Gap=176.2ms GC=0/0/0 LastSteps=RoadBuild=0.0ms, BuildingPlacement=0.1ms, Selection=0.1ms, DayNight=0.0ms, CitizenPopulation=0.0ms, MainMenu=7.5ms
[FrameRateDiag] fps=33.2 avgFrame=30.1ms updateAvg=7.4ms updateMax=44.2ms cpuFrame=19.5ms cpuMain=16.9ms cpuRender=0.5ms gpu=18.3ms drawCalls=277 batches=0 setPass=94 tris=2655978 verts=4728110 units=413 models=49 sourceKeys=413 sourceKeyFallbackVisuals=0 initialSpawnConfigs=0 impostors=40 render=screen=2400x1080,batch=0,quality=0:PC,vSync=0,targetFps=-1,pipeline=Mobile_RPAsset_MobileCandidate,scale=0.75,msaa=0,camera=Main Camera,cameraData=post:1,aa:FastApproximateAntialiasing,stack:0 memory=alloc=3704MB reserved=4212MB mono=1524MB focused=1 playRequested=1 simulationActive=1 stepStats=none topSystems=disabled markers=disabled
[FrameRateDiag] fps=40.4 avgFrame=24.8ms updateAvg=6.2ms updateMax=20.7ms cpuFrame=28.5ms cpuMain=25.4ms cpuRender=2.2ms gpu=18.2ms drawCalls=267 batches=0 setPass=86 tris=2656084 verts=4728020 units=413 models=49 sourceKeys=413 sourceKeyFallbackVisuals=0 initialSpawnConfigs=0 impostors=40 render=screen=2400x1080,batch=0,quality=0:PC,vSync=0,targetFps=-1,pipeline=Mobile_RPAsset_MobileCandidate,scale=0.75,msaa=0,camera=Main Camera,cameraData=post:1,aa:FastApproximateAntialiasing,stack:0 memory=alloc=3806MB reserved=4311MB mono=1534MB focused=1 playRequested=1 simulationActive=1 stepStats=none topSystems=disabled markers=disabled
[RenderSceneDiag] frame=702 source=profilerCounters drawCalls=267 batches=0 setPass=86 tris=2656084 verts=4728020 topSystems=disabled markers=disabled
[FrameRateDiag] fps=49.8 avgFrame=20.1ms updateAvg=4.9ms updateMax=9.1ms cpuFrame=18.0ms cpuMain=15.9ms cpuRender=0.5ms gpu=0.4ms drawCalls=267 batches=0 setPass=86 tris=2656196 verts=4728340 units=413 models=49 sourceKeys=413 sourceKeyFallbackVisuals=0 initialSpawnConfigs=0 impostors=40 render=screen=2400x1080,batch=0,quality=0:PC,vSync=0,targetFps=-1,pipeline=Mobile_RPAsset_MobileCandidate,scale=0.75,msaa=0,camera=Main Camera,cameraData=post:1,aa:FastApproximateAntialiasing,stack:0 memory=alloc=3927MB reserved=4461MB mono=1544MB focused=1 playRequested=1 simulationActive=1 stepStats=none topSystems=disabled markers=disabled
[FreezeDetect] Frame gap frame=849 Gap=200.8ms GC=0/0/0 LastSteps=RoadBuild=0.0ms, BuildingPlacement=0.1ms, Selection=0.1ms, DayNight=0.0ms, CitizenPopulation=0.0ms, MainMenu=11.1ms
[FrameRateDiag] fps=34.8 avgFrame=28.8ms updateAvg=6.3ms updateMax=14.1ms cpuFrame=26.1ms cpuMain=24.1ms cpuRender=2.2ms gpu=12.1ms drawCalls=281 batches=0 setPass=94 tris=2656518 verts=4728938 units=413 models=49 sourceKeys=413 sourceKeyFallbackVisuals=0 initialSpawnConfigs=0 impostors=40 render=screen=2400x1080,batch=0,quality=0:PC,vSync=0,targetFps=-1,pipeline=Mobile_RPAsset_MobileCandidate,scale=0.75,msaa=0,camera=Main Camera,cameraData=post:1,aa:FastApproximateAntialiasing,stack:0 memory=alloc=4023MB reserved=4552MB mono=1555MB focused=1 playRequested=1 simulationActive=1 stepStats=none topSystems=disabled markers=disabled
[PerfDiag] slowUpdate frame=873 total=44.2ms gc=0/0/0 cpuFrame=32.1ms cpuMain=29.7ms cpuRender=2.0ms gpu=7.2ms steps=RoadBuild=0.0ms, BuildingPlacement=0.1ms, Selection=0.1ms, DayNight=0.0ms, CitizenPopulation=0.0ms, MainMenu=43.9ms units=413 models=49 sourceKeys=413 sourceKeyFallbackVisuals=0 initialSpawnConfigs=0 drawCalls=282 batches=0 setPass=95 tris=2656584 verts=4729134 memory=alloc=4023MB reserved=4554MB mono=1555MB uiToolkit=0 gameplayInitialized=1 playRequested=1 simulationActive=1 focused=1 vSync=0 targetFps=-1 topSystems=disabled markers=disabled
[FrameRateDiag] fps=47.3 avgFrame=21.1ms updateAvg=5.3ms updateMax=44.2ms cpuFrame=19.7ms cpuMain=16.1ms cpuRender=1.9ms gpu=27.5ms drawCalls=277 batches=0 setPass=91 tris=2656502 verts=4728906 units=413 models=49 sourceKeys=413 sourceKeyFallbackVisuals=0 initialSpawnConfigs=0 impostors=40 render=screen=2400x1080,batch=0,quality=0:PC,vSync=0,targetFps=-1,pipeline=Mobile_RPAsset_MobileCandidate,scale=0.75,msaa=0,camera=Main Camera,cameraData=post:1,aa:FastApproximateAntialiasing,stack:0 memory=alloc=4149MB reserved=4675MB mono=1573MB focused=1 playRequested=1 simulationActive=1 stepStats=none topSystems=disabled markers=disabled
[FrameRateDiag] fps=42.3 avgFrame=23.6ms updateAvg=5.8ms updateMax=23.4ms cpuFrame=22.3ms cpuMain=20.1ms cpuRender=2.1ms gpu=7.1ms drawCalls=313 batches=0 setPass=98 tris=2767852 verts=4933448 units=414 models=50 sourceKeys=414 sourceKeyFallbackVisuals=0 initialSpawnConfigs=0 impostors=36 render=screen=2400x1080,batch=0,quality=0:PC,vSync=0,targetFps=-1,pipeline=Mobile_RPAsset_MobileCandidate,scale=0.75,msaa=0,camera=Main Camera,cameraData=post:1,aa:FastApproximateAntialiasing,stack:0 memory=alloc=4259MB reserved=4780MB mono=1585MB focused=1 playRequested=1 simulationActive=1 stepStats=none topSystems=disabled markers=disabled
[FrameRateDiag] fps=46.0 avgFrame=21.8ms updateAvg=5.4ms updateMax=12.8ms cpuFrame=21.6ms cpuMain=18.4ms cpuRender=2.0ms gpu=38.4ms drawCalls=260 batches=0 setPass=75 tris=2555890 verts=4562356 units=414 models=50 sourceKeys=414 sourceKeyFallbackVisuals=0 initialSpawnConfigs=0 impostors=36 render=screen=2400x1080,batch=0,quality=0:PC,vSync=0,targetFps=-1,pipeline=Mobile_RPAsset_MobileCandidate,scale=0.75,msaa=0,camera=Main Camera,cameraData=post:1,aa:FastApproximateAntialiasing,stack:0 memory=alloc=4376MB reserved=4896MB mono=1596MB focused=1 playRequested=1 simulationActive=1 stepStats=none topSystems=disabled markers=disabled
[RenderSceneDiag] frame=1145 source=profilerCounters drawCalls=260 batches=0 setPass=75 tris=2555890 verts=4562356 topSystems=disabled markers=disabled
[PerfDiag] slowUpdate frame=1186 total=40.3ms gc=0/0/0 cpuFrame=28.0ms cpuMain=26.1ms cpuRender=2.0ms gpu=15.6ms steps=RoadBuild=0.0ms, BuildingPlacement=0.1ms, Selection=0.1ms, DayNight=0.0ms, CitizenPopulation=0.0ms, MainMenu=40.1ms units=414 models=50 sourceKeys=414 sourceKeyFallbackVisuals=0 initialSpawnConfigs=0 drawCalls=310 batches=0 setPass=105 tris=2556594 verts=4563556 memory=alloc=4434MB reserved=4984MB mono=1605MB uiToolkit=0 gameplayInitialized=1 playRequested=1 simulationActive=1 focused=1 vSync=0 targetFps=-1 topSystems=disabled markers=disabled
TrimDiskCacheJob: Current cache size 0mb
[PerfDiag] slowUpdate frame=1216 total=38.0ms gc=0/0/0 cpuFrame=21.0ms cpuMain=19.4ms cpuRender=1.8ms gpu=14.9ms steps=RoadBuild=0.0ms, BuildingPlacement=0.1ms, Selection=0.1ms, DayNight=0.0ms, CitizenPopulation=0.0ms, MainMenu=37.8ms units=414 models=50 sourceKeys=414 sourceKeyFallbackVisuals=0 initialSpawnConfigs=0 drawCalls=321 batches=0 setPass=114 tris=2629052 verts=4701936 memory=alloc=4478MB reserved=5025MB mono=1610MB uiToolkit=0 gameplayInitialized=1 playRequested=1 simulationActive=1 focused=1 vSync=0 targetFps=-1 topSystems=disabled markers=disabled
[FrameRateDiag] fps=36.5 avgFrame=27.4ms updateAvg=7.3ms updateMax=40.3ms cpuFrame=21.7ms cpuMain=20.0ms cpuRender=2.0ms gpu=14.2ms drawCalls=322 batches=0 setPass=115 tris=2629120 verts=4702144 units=414 models=50 sourceKeys=414 sourceKeyFallbackVisuals=0 initialSpawnConfigs=0 impostors=32 render=screen=2400x1080,batch=0,quality=0:PC,vSync=0,targetFps=-1,pipeline=Mobile_RPAsset_MobileCandidate,scale=0.75,msaa=0,camera=Main Camera,cameraData=post:1,aa:FastApproximateAntialiasing,stack:0 memory=alloc=4480MB reserved=5028MB mono=1610MB focused=1 playRequested=1 simulationActive=1 stepStats=none topSystems=disabled markers=disabled
[Licensing::Client] Error: Code 404 while processing request (status: Found 0 entitlement groups and 0 free entitlements matching requested entitlement ids)
[Licensing::Client] Error: Code 404 while processing request (status: Found 0 entitlement groups and 0 free entitlements matching requested entitlement ids)
[Licensing::Client] Error: Code 404 while processing request (status: Found 0 entitlement groups and 0 free entitlements matching requested entitlement ids)
[Licensing::Client] Error: Code 404 while processing request (status: Found 0 entitlement groups and 0 free entitlements matching requested entitlement ids)
[Licensing::Client] Error: Code 404 while processing request (status: Found 0 entitlement groups and 0 free entitlements matching requested entitlement ids)
[Licensing::Client] Error: Code 404 while processing request (status: Found 0 entitlement groups and 0 free entitlements matching requested entitlement ids)
[Licensing::Client] Error: Code 404 while processing request (status: Found 0 entitlement groups and 0 free entitlements matching requested entitlement ids)
[PerfDiag] slowUpdate frame=1247 total=40.4ms gc=0/0/0 cpuFrame=27.3ms cpuMain=25.3ms cpuRender=0.5ms gpu=0.3ms steps=RoadBuild=0.0ms, BuildingPlacement=0.1ms, Selection=0.1ms, DayNight=0.0ms, CitizenPopulation=0.0ms, MainMenu=40.1ms units=414 models=50 sourceKeys=414 sourceKeyFallbackVisuals=0 initialSpawnConfigs=0 drawCalls=321 batches=0 setPass=114 tris=2629044 verts=4702008 memory=alloc=4519MB reserved=5065MB mono=1615MB uiToolkit=0 gameplayInitialized=1 playRequested=1 simulationActive=1 focused=1 vSync=0 targetFps=-1 topSystems=disabled markers=disabled
[PerfDiag] slowUpdate frame=1276 total=36.0ms gc=0/0/0 cpuFrame=21.4ms cpuMain=19.8ms cpuRender=1.8ms gpu=15.4ms steps=RoadBuild=0.0ms, BuildingPlacement=0.1ms, Selection=0.1ms, DayNight=0.0ms, CitizenPopulation=0.0ms, MainMenu=35.8ms units=414 models=50 sourceKeys=414 sourceKeyFallbackVisuals=0 initialSpawnConfigs=0 drawCalls=322 batches=0 setPass=115 tris=2701270 verts=4839916 memory=alloc=4558MB reserved=5103MB mono=1620MB uiToolkit=0 gameplayInitialized=1 playRequested=1 simulationActive=1 focused=1 vSync=0 targetFps=-1 topSystems=disabled markers=disabled
[FrameRateDiag] fps=38.6 avgFrame=25.9ms updateAvg=7.1ms updateMax=40.4ms cpuFrame=24.0ms cpuMain=21.7ms cpuRender=0.5ms gpu=25.2ms drawCalls=324 batches=0 setPass=117 tris=2701404 verts=4840376 units=414 models=50 sourceKeys=414 sourceKeyFallbackVisuals=0 initialSpawnConfigs=0 impostors=28 render=screen=2400x1080,batch=0,quality=0:PC,vSync=0,targetFps=-1,pipeline=Mobile_RPAsset_MobileCandidate,scale=0.75,msaa=0,camera=Main Camera,cameraData=post:1,aa:FastApproximateAntialiasing,stack:0 memory=alloc=4586MB reserved=5129MB mono=1623MB focused=1 playRequested=1 simulationActive=1 stepStats=none topSystems=disabled markers=disabled
[PerfDiag] slowUpdate frame=1307 total=40.2ms gc=0/0/0 cpuFrame=29.9ms cpuMain=27.7ms cpuRender=0.4ms gpu=0.8ms steps=RoadBuild=0.0ms, BuildingPlacement=0.1ms, Selection=0.1ms, DayNight=0.0ms, CitizenPopulation=0.0ms, MainMenu=40.0ms units=414 models=50 sourceKeys=414 sourceKeyFallbackVisuals=0 initialSpawnConfigs=0 drawCalls=322 batches=0 setPass=115 tris=2701404 verts=4840400 memory=alloc=4600MB reserved=5159MB mono=1625MB uiToolkit=0 gameplayInitialized=1 playRequested=1 simulationActive=1 focused=1 vSync=0 targetFps=-1 topSystems=disabled markers=disabled
[PerfDiag] slowUpdate frame=1335 total=36.4ms gc=1/1/1 cpuFrame=33.6ms cpuMain=30.8ms cpuRender=1.8ms gpu=13.4ms steps=RoadBuild=0.0ms, BuildingPlacement=0.1ms, Selection=0.1ms, DayNight=0.0ms, CitizenPopulation=0.0ms, MainMenu=36.2ms units=414 models=50 sourceKeys=414 sourceKeyFallbackVisuals=0 initialSpawnConfigs=0 drawCalls=324 batches=0 setPass=117 tris=2701702 verts=4841156 memory=alloc=4638MB reserved=5196MB mono=1421MB uiToolkit=0 gameplayInitialized=1 playRequested=1 simulationActive=1 focused=1 vSync=0 targetFps=-1 topSystems=disabled markers=disabled
[PerfDiag] slowUpdate frame=1365 total=40.2ms gc=0/0/0 cpuFrame=27.3ms cpuMain=25.3ms cpuRender=2.0ms gpu=16.1ms steps=RoadBuild=0.0ms, BuildingPlacement=0.1ms, Selection=0.1ms, DayNight=0.0ms, CitizenPopulation=0.0ms, MainMenu=40.0ms units=414 models=50 sourceKeys=414 sourceKeyFallbackVisuals=0 initialSpawnConfigs=0 drawCalls=324 batches=0 setPass=116 tris=2773904 verts=4979160 memory=alloc=4677MB reserved=5235MB mono=1423MB uiToolkit=0 gameplayInitialized=1 playRequested=1 simulationActive=1 focused=1 vSync=0 targetFps=-1 topSystems=disabled markers=disabled
[FrameRateDiag] fps=36.8 avgFrame=27.2ms updateAvg=7.6ms updateMax=40.2ms cpuFrame=26.7ms cpuMain=24.8ms cpuRender=2.2ms gpu=25.5ms drawCalls=322 batches=0 setPass=114 tris=2774006 verts=4979460 units=414 models=50 sourceKeys=414 sourceKeyFallbackVisuals=0 initialSpawnConfigs=0 impostors=24 render=screen=2400x1080,batch=0,quality=0:PC,vSync=0,targetFps=-1,pipeline=Mobile_RPAsset_MobileCandidate,scale=0.75,msaa=0,camera=Main Camera,cameraData=post:1,aa:FastApproximateAntialiasing,stack:0 memory=alloc=4684MB reserved=5242MB mono=1424MB focused=1 playRequested=1 simulationActive=1 stepStats=none topSystems=disabled markers=disabled
[PerfDiag] slowUpdate frame=1396 total=40.3ms gc=0/0/0 cpuFrame=27.8ms cpuMain=25.2ms cpuRender=0.5ms gpu=0.3ms steps=RoadBuild=0.0ms, BuildingPlacement=0.1ms, Selection=0.1ms, DayNight=0.0ms, CitizenPopulation=0.0ms, MainMenu=40.1ms units=415 models=51 sourceKeys=415 sourceKeyFallbackVisuals=0 initialSpawnConfigs=0 drawCalls=325 batches=0 setPass=113 tris=2774336 verts=4980184 memory=alloc=4719MB reserved=5275MB mono=1425MB uiToolkit=0 gameplayInitialized=1 playRequested=1 simulationActive=1 focused=1 vSync=0 targetFps=-1 topSystems=disabled markers=disabled
[PerfDiag] slowUpdate frame=1427 total=37.6ms gc=0/0/0 cpuFrame=24.6ms cpuMain=22.9ms cpuRender=0.4ms gpu=0.3ms steps=RoadBuild=0.0ms, BuildingPlacement=0.1ms, Selection=0.1ms, DayNight=0.0ms, CitizenPopulation=0.0ms, MainMenu=37.5ms units=415 models=51 sourceKeys=415 sourceKeyFallbackVisuals=0 initialSpawnConfigs=0 drawCalls=323 batches=0 setPass=111 tris=2774196 verts=4979784 memory=alloc=4761MB reserved=5316MB mono=1427MB uiToolkit=0 gameplayInitialized=1 playRequested=1 simulationActive=1 focused=1 vSync=0 targetFps=-1 topSystems=disabled markers=disabled
[FrameRateDiag] fps=38.2 avgFrame=26.2ms updateAvg=7.2ms updateMax=40.3ms cpuFrame=27.8ms cpuMain=25.5ms cpuRender=2.0ms gpu=30.6ms drawCalls=311 batches=0 setPass=103 tris=2557864 verts=4566624 units=415 models=51 sourceKeys=415 sourceKeyFallbackVisuals=0 initialSpawnConfigs=0 impostors=36 render=screen=2400x1080,batch=0,quality=0:PC,vSync=0,targetFps=-1,pipeline=Mobile_RPAsset_MobileCandidate,scale=0.75,msaa=0,camera=Main Camera,cameraData=post:1,aa:FastApproximateAntialiasing,stack:0 memory=alloc=4789MB reserved=5343MB mono=1429MB focused=1 playRequested=1 simulationActive=1 stepStats=none topSystems=disabled markers=disabled
[PerfDiag] slowUpdate frame=1459 total=40.3ms gc=0/0/0 cpuFrame=27.6ms cpuMain=25.0ms cpuRender=1.9ms gpu=28.7ms steps=RoadBuild=0.0ms, BuildingPlacement=0.1ms, Selection=0.1ms, DayNight=0.0ms, CitizenPopulation=0.0ms, MainMenu=40.0ms units=415 models=51 sourceKeys=415 sourceKeyFallbackVisuals=0 initialSpawnConfigs=0 drawCalls=310 batches=0 setPass=102 tris=2557370 verts=4565364 memory=alloc=4805MB reserved=5375MB mono=1430MB uiToolkit=0 gameplayInitialized=1 playRequested=1 simulationActive=1 focused=1 vSync=0 targetFps=-1 topSystems=disabled markers=disabled
[PerfDiag] slowUpdate frame=1489 total=40.6ms gc=0/0/0 cpuFrame=27.1ms cpuMain=25.2ms cpuRender=0.5ms gpu=0.8ms steps=RoadBuild=0.0ms, BuildingPlacement=0.5ms, Selection=0.1ms, DayNight=0.0ms, CitizenPopulation=0.0ms, MainMenu=40.0ms units=415 models=51 sourceKeys=415 sourceKeyFallbackVisuals=0 initialSpawnConfigs=0 drawCalls=311 batches=0 setPass=103 tris=2557760 verts=4566376 memory=alloc=4845MB reserved=5413MB mono=1434MB uiToolkit=0 gameplayInitialized=1 playRequested=1 simulationActive=1 focused=1 vSync=0 targetFps=-1 topSystems=disabled markers=disabled
[PerfDiag] slowUpdate frame=1520 total=37.4ms gc=0/0/0 cpuFrame=20.7ms cpuMain=19.1ms cpuRender=1.9ms gpu=16.1ms steps=RoadBuild=0.0ms, BuildingPlacement=0.1ms, Selection=0.1ms, DayNight=0.0ms, CitizenPopulation=0.0ms, MainMenu=37.2ms units=415 models=51 sourceKeys=415 sourceKeyFallbackVisuals=0 initialSpawnConfigs=0 drawCalls=322 batches=0 setPass=111 tris=2629706 verts=4703364 memory=alloc=4887MB reserved=5454MB mono=1437MB uiToolkit=0 gameplayInitialized=1 playRequested=1 simulationActive=1 focused=1 vSync=0 targetFps=-1 topSystems=disabled markers=disabled
[FrameRateDiag] fps=38.5 avgFrame=26.0ms updateAvg=7.3ms updateMax=40.6ms cpuFrame=23.2ms cpuMain=21.6ms cpuRender=1.8ms gpu=10.8ms drawCalls=322 batches=0 setPass=111 tris=2629740 verts=4703448 units=415 models=51 sourceKeys=415 sourceKeyFallbackVisuals=0 initialSpawnConfigs=0 impostors=32 render=screen=2400x1080,batch=0,quality=0:PC,vSync=0,targetFps=-1,pipeline=Mobile_RPAsset_MobileCandidate,scale=0.75,msaa=0,camera=Main Camera,cameraData=post:1,aa:FastApproximateAntialiasing,stack:0 memory=alloc=4893MB reserved=5460MB mono=1438MB focused=1 playRequested=1 simulationActive=1 stepStats=none topSystems=disabled markers=disabled
[RenderSceneDiag] frame=1525 source=profilerCounters drawCalls=322 batches=0 setPass=111 tris=2629740 verts=4703448 topSystems=disabled markers=disabled
[PerfDiag] slowUpdate frame=1551 total=40.2ms gc=0/0/0 cpuFrame=30.8ms cpuMain=28.7ms cpuRender=2.1ms gpu=16.3ms steps=RoadBuild=0.0ms, BuildingPlacement=0.1ms, Selection=0.1ms, DayNight=0.0ms, CitizenPopulation=0.0ms, MainMenu=39.9ms units=415 models=51 sourceKeys=415 sourceKeyFallbackVisuals=0 initialSpawnConfigs=0 drawCalls=322 batches=0 setPass=111 tris=2629808 verts=4703744 memory=alloc=4929MB reserved=5496MB mono=1441MB uiToolkit=0 gameplayInitialized=1 playRequested=1 simulationActive=1 focused=1 vSync=0 targetFps=-1 topSystems=disabled markers=disabled
[PerfDiag] slowUpdate frame=1579 total=40.6ms gc=0/0/0 cpuFrame=23.6ms cpuMain=21.7ms cpuRender=1.9ms gpu=7.5ms steps=RoadBuild=0.0ms, BuildingPlacement=0.1ms, Selection=0.1ms, DayNight=0.0ms, CitizenPopulation=0.0ms, MainMenu=40.4ms units=415 models=51 sourceKeys=415 sourceKeyFallbackVisuals=0 initialSpawnConfigs=0 drawCalls=323 batches=0 setPass=112 tris=2702042 verts=4841780 memory=alloc=4968MB reserved=5533MB mono=1444MB uiToolkit=0 gameplayInitialized=1 playRequested=1 simulationActive=1 focused=1 vSync=0 targetFps=-1 topSystems=disabled markers=disabled
[FrameRateDiag] fps=37.8 avgFrame=26.5ms updateAvg=7.3ms updateMax=40.6ms cpuFrame=26.3ms cpuMain=24.5ms cpuRender=2.0ms gpu=9.7ms drawCalls=325 batches=0 setPass=114 tris=2701840 verts=4841280 units=415 models=51 sourceKeys=415 sourceKeyFallbackVisuals=0 initialSpawnConfigs=0 impostors=28 render=screen=2400x1080,batch=0,quality=0:PC,vSync=0,targetFps=-1,pipeline=Mobile_RPAsset_MobileCandidate,scale=0.75,msaa=0,camera=Main Camera,cameraData=post:1,aa:FastApproximateAntialiasing,stack:0 memory=alloc=4999MB reserved=5562MB mono=1447MB focused=1 playRequested=1 simulationActive=1 stepStats=none topSystems=disabled markers=disabled
[PerfDiag] slowUpdate frame=1610 total=40.8ms gc=0/0/0 cpuFrame=27.4ms cpuMain=25.4ms cpuRender=0.5ms gpu=0.2ms steps=RoadBuild=0.0ms, BuildingPlacement=0.1ms, Selection=0.1ms, DayNight=0.0ms, CitizenPopulation=0.0ms, MainMenu=40.5ms units=415 models=51 sourceKeys=415 sourceKeyFallbackVisuals=0 initialSpawnConfigs=0 drawCalls=323 batches=0 setPass=112 tris=2701798 verts=4841156 memory=alloc=5011MB reserved=5574MB mono=1448MB uiToolkit=0 gameplayInitialized=1 playRequested=1 simulationActive=1 focused=1 vSync=0 targetFps=-1 topSystems=disabled markers=disabled
[PerfDiag] slowUpdate frame=1641 total=40.9ms gc=0/0/0 cpuFrame=31.5ms cpuMain=29.1ms cpuRender=2.0ms gpu=36.5ms steps=RoadBuild=0.0ms, BuildingPlacement=0.1ms, Selection=0.1ms, DayNight=0.0ms, CitizenPopulation=0.0ms, MainMenu=40.7ms units=415 models=51 sourceKeys=415 sourceKeyFallbackVisuals=0 initialSpawnConfigs=0 drawCalls=323 batches=0 setPass=111 tris=2773724 verts=4978320 memory=alloc=5053MB reserved=5615MB mono=1451MB uiToolkit=0 gameplayInitialized=1 playRequested=1 simulationActive=1 focused=1 vSync=0 targetFps=-1 topSystems=disabled markers=disabled
[PerfDiag] slowUpdate frame=1669 total=45.3ms gc=0/0/0 cpuFrame=28.3ms cpuMain=26.3ms cpuRender=0.5ms gpu=0.2ms steps=RoadBuild=0.0ms, BuildingPlacement=0.1ms, Selection=0.1ms, DayNight=0.0ms, CitizenPopulation=0.0ms, MainMenu=45.0ms units=415 models=51 sourceKeys=415 sourceKeyFallbackVisuals=0 initialSpawnConfigs=0 drawCalls=323 batches=0 setPass=111 tris=2773530 verts=4977836 memory=alloc=5089MB reserved=5651MB mono=1455MB uiToolkit=0 gameplayInitialized=1 playRequested=1 simulationActive=1 focused=1 vSync=0 targetFps=-1 topSystems=disabled markers=disabled
[FrameRateDiag] fps=36.2 avgFrame=27.6ms updateAvg=8.1ms updateMax=45.3ms cpuFrame=28.1ms cpuMain=26.2ms cpuRender=0.4ms gpu=0.2ms drawCalls=323 batches=0 setPass=111 tris=2773620 verts=4978096 units=415 models=51 sourceKeys=415 sourceKeyFallbackVisuals=0 initialSpawnConfigs=0 impostors=24 render=screen=2400x1080,batch=0,quality=0:PC,vSync=0,targetFps=-1,pipeline=Mobile_RPAsset_MobileCandidate,scale=0.75,msaa=0,camera=Main Camera,cameraData=post:1,aa:FastApproximateAntialiasing,stack:0 memory=alloc=5096MB reserved=5657MB mono=1455MB focused=1 playRequested=1 simulationActive=1 stepStats=none topSystems=disabled markers=disabled
[PerfDiag] slowUpdate frame=1701 total=40.8ms gc=0/0/0 cpuFrame=24.0ms cpuMain=22.2ms cpuRender=1.9ms gpu=15.2ms steps=RoadBuild=0.0ms, BuildingPlacement=0.1ms, Selection=0.1ms, DayNight=0.0ms, CitizenPopulation=0.0ms, MainMenu=40.6ms units=415 models=51 sourceKeys=415 sourceKeyFallbackVisuals=0 initialSpawnConfigs=0 drawCalls=323 batches=0 setPass=111 tris=2773796 verts=4978496 memory=alloc=5133MB reserved=5692MB mono=1459MB uiToolkit=0 gameplayInitialized=1 playRequested=1 simulationActive=1 focused=1 vSync=0 targetFps=-1 topSystems=disabled markers=disabled
[PerfDiag] slowUpdate frame=1734 total=37.5ms gc=0/0/0 cpuFrame=21.6ms cpuMain=19.5ms cpuRender=0.4ms gpu=15.9ms steps=RoadBuild=0.0ms, BuildingPlacement=0.1ms, Selection=0.1ms, DayNight=0.0ms, CitizenPopulation=0.0ms, MainMenu=37.3ms units=415 models=51 sourceKeys=415 sourceKeyFallbackVisuals=0 initialSpawnConfigs=0 drawCalls=328 batches=0 setPass=111 tris=2832688 verts=5118648 memory=alloc=5177MB reserved=5736MB mono=1464MB uiToolkit=0 gameplayInitialized=1 playRequested=1 simulationActive=1 focused=1 vSync=0 targetFps=-1 topSystems=disabled markers=disabled
[FrameRateDiag] fps=39.4 avgFrame=25.4ms updateAvg=7.0ms updateMax=40.8ms cpuFrame=25.0ms cpuMain=22.3ms cpuRender=0.5ms gpu=15.2ms drawCalls=328 batches=0 setPass=111 tris=2832754 verts=5118836 units=415 models=51 sourceKeys=415 sourceKeyFallbackVisuals=0 initialSpawnConfigs=0 impostors=20 render=screen=2400x1080,batch=0,quality=0:PC,vSync=0,targetFps=-1,pipeline=Mobile_RPAsset_MobileCandidate,scale=0.75,msaa=0,camera=Main Camera,cameraData=post:1,aa:FastApproximateAntialiasing,stack:0 memory=alloc=5203MB reserved=5760MB mono=1466MB focused=1 playRequested=1 simulationActive=1 stepStats=none topSystems=disabled markers=disabled
[PerfDiag] slowUpdate frame=1763 total=40.6ms gc=0/0/0 cpuFrame=27.4ms cpuMain=25.4ms cpuRender=1.9ms gpu=14.6ms steps=RoadBuild=0.0ms, BuildingPlacement=0.1ms, Selection=0.1ms, DayNight=0.0ms, CitizenPopulation=0.0ms, MainMenu=40.4ms units=415 models=51 sourceKeys=415 sourceKeyFallbackVisuals=0 initialSpawnConfigs=0 drawCalls=328 batches=0 setPass=111 tris=2833024 verts=5119624 memory=alloc=5216MB reserved=5773MB mono=1467MB uiToolkit=0 gameplayInitialized=1 playRequested=1 simulationActive=1 focused=1 vSync=0 targetFps=-1 topSystems=disabled markers=disabled
[PerfDiag] slowUpdate frame=1795 total=39.7ms gc=0/0/0 cpuFrame=20.6ms cpuMain=19.0ms cpuRender=1.8ms gpu=14.5ms steps=RoadBuild=0.0ms, BuildingPlacement=0.1ms, Selection=0.1ms, DayNight=0.0ms, CitizenPopulation=0.0ms, MainMenu=39.5ms units=415 models=51 sourceKeys=415 sourceKeyFallbackVisuals=0 initialSpawnConfigs=0 drawCalls=328 batches=0 setPass=110 tris=2900551 verts=5274494 memory=alloc=5260MB reserved=5831MB mono=1472MB uiToolkit=0 gameplayInitialized=1 playRequested=1 simulationActive=1 focused=1 vSync=0 targetFps=-1 topSystems=disabled markers=disabled
[PerfDiag] slowUpdate frame=1827 total=42.7ms gc=0/0/0 cpuFrame=27.1ms cpuMain=25.2ms cpuRender=0.5ms gpu=0.3ms steps=RoadBuild=0.0ms, BuildingPlacement=0.2ms, Selection=0.1ms, DayNight=0.0ms, CitizenPopulation=0.0ms, MainMenu=42.4ms units=415 models=51 sourceKeys=415 sourceKeyFallbackVisuals=0 initialSpawnConfigs=0 drawCalls=328 batches=0 setPass=110 tris=2900585 verts=5274578 memory=alloc=5303MB reserved=5872MB mono=1477MB uiToolkit=0 gameplayInitialized=1 playRequested=1 simulationActive=1 focused=1 vSync=0 targetFps=-1 topSystems=disabled markers=disabled
[FrameRateDiag] fps=38.4 avgFrame=26.1ms updateAvg=7.5ms updateMax=42.7ms cpuFrame=23.7ms cpuMain=21.9ms cpuRender=2.0ms gpu=15.9ms drawCalls=326 batches=0 setPass=108 tris=2900609 verts=5274650 units=415 models=51 sourceKeys=415 sourceKeyFallbackVisuals=0 initialSpawnConfigs=0 impostors=16 render=screen=2400x1080,batch=0,quality=0:PC,vSync=0,targetFps=-1,pipeline=Mobile_RPAsset_MobileCandidate,scale=0.75,msaa=0,camera=Main Camera,cameraData=post:1,aa:FastApproximateAntialiasing,stack:0 memory=alloc=5306MB reserved=5876MB mono=1477MB focused=1 playRequested=1 simulationActive=1 stepStats=none topSystems=disabled markers=disabled
[PerfDiag] slowUpdate frame=1857 total=39.3ms gc=0/0/0 cpuFrame=27.9ms cpuMain=25.4ms cpuRender=2.0ms gpu=28.2ms steps=RoadBuild=0.0ms, BuildingPlacement=0.1ms, Selection=0.1ms, DayNight=0.0ms, CitizenPopulation=0.0ms, MainMenu=39.0ms units=415 models=51 sourceKeys=415 sourceKeyFallbackVisuals=0 initialSpawnConfigs=0 drawCalls=333 batches=0 setPass=116 tris=2900917 verts=5275314 memory=alloc=5348MB reserved=5913MB mono=1482MB uiToolkit=0 gameplayInitialized=1 playRequested=1 simulationActive=1 focused=1 vSync=0 targetFps=-1 topSystems=disabled markers=disabled
[PerfDiag] slowUpdate frame=1890 total=42.9ms gc=0/0/0 cpuFrame=28.6ms cpuMain=26.6ms cpuRender=1.9ms gpu=15.6ms steps=RoadBuild=0.0ms, BuildingPlacement=0.1ms, Selection=0.2ms, DayNight=0.0ms, CitizenPopulation=0.0ms, MainMenu=42.5ms units=415 models=51 sourceKeys=415 sourceKeyFallbackVisuals=0 initialSpawnConfigs=0 drawCalls=333 batches=0 setPass=116 tris=2900813 verts=5275098 memory=alloc=5393MB reserved=5956MB mono=1487MB uiToolkit=0 gameplayInitialized=1 playRequested=1 simulationActive=1 focused=1 vSync=0 targetFps=-1 topSystems=disabled markers=disabled
[FrameRateDiag] fps=37.4 avgFrame=26.7ms updateAvg=7.6ms updateMax=42.9ms cpuFrame=29.8ms cpuMain=26.4ms cpuRender=0.5ms gpu=17.5ms drawCalls=333 batches=0 setPass=116 tris=2900795 verts=5274966 units=415 models=51 sourceKeys=415 sourceKeyFallbackVisuals=0 initialSpawnConfigs=0 impostors=16 render=screen=2400x1080,batch=0,quality=0:PC,vSync=0,targetFps=-1,pipeline=Mobile_RPAsset_MobileCandidate,scale=0.75,msaa=0,camera=Main Camera,cameraData=post:1,aa:FastApproximateAntialiasing,stack:0 memory=alloc=5414MB reserved=5976MB mono=1489MB focused=1 playRequested=1 simulationActive=1 stepStats=none topSystems=disabled markers=disabled
[RenderSceneDiag] frame=1905 source=profilerCounters drawCalls=333 batches=0 setPass=116 tris=2900795 verts=5274966 topSystems=disabled markers=disabled
[PerfDiag] slowUpdate frame=1917 total=41.4ms gc=0/0/0 cpuFrame=33.0ms cpuMain=30.4ms cpuRender=0.5ms gpu=16.2ms steps=RoadBuild=0.0ms, BuildingPlacement=0.1ms, Selection=0.2ms, DayNight=0.0ms, CitizenPopulation=0.0ms, MainMenu=41.1ms units=415 models=51 sourceKeys=415 sourceKeyFallbackVisuals=0 initialSpawnConfigs=0 drawCalls=292 batches=0 setPass=129 tris=2746016 verts=4897545 memory=alloc=5429MB reserved=5991MB mono=1491MB uiToolkit=0 gameplayInitialized=1 playRequested=1 simulationActive=1 focused=1 vSync=0 targetFps=-1 topSystems=disabled markers=disabled
[PerfDiag] slowUpdate frame=1949 total=41.2ms gc=0/0/0 cpuFrame=23.6ms cpuMain=21.2ms cpuRender=2.1ms gpu=15.9ms steps=RoadBuild=0.0ms, BuildingPlacement=0.1ms, Selection=0.5ms, DayNight=0.0ms, CitizenPopulation=0.0ms, MainMenu=40.6ms units=415 models=51 sourceKeys=415 sourceKeyFallbackVisuals=0 initialSpawnConfigs=0 drawCalls=290 batches=0 setPass=129 tris=2745662 verts=4896913 memory=alloc=5473MB reserved=6033MB mono=1496MB uiToolkit=0 gameplayInitialized=1 playRequested=1 simulationActive=1 focused=1 vSync=0 targetFps=-1 topSystems=disabled markers=disabled
[PerfDiag] slowUpdate frame=1973 total=40.0ms gc=0/0/0 cpuFrame=24.4ms cpuMain=22.3ms cpuRender=0.5ms gpu=0.3ms steps=RoadBuild=0.0ms, BuildingPlacement=0.1ms, Selection=35.7ms, DayNight=0.0ms, CitizenPopulation=0.0ms, MainMenu=4.1ms units=415 models=51 sourceKeys=415 sourceKeyFallbackVisuals=0 initialSpawnConfigs=0 drawCalls=291 batches=0 setPass=129 tris=2746000 verts=4897513 memory=alloc=5507MB reserved=6066MB mono=1500MB uiToolkit=0 gameplayInitialized=1 playRequested=1 simulationActive=1 focused=1 vSync=0 targetFps=-1 topSystems=disabled markers=disabled
[AudioDiag] Playback event=VO.ARIA.Message.TacticalBannerAcceptedAttackTitle bus=Voice requestId=40 played=1 status=Presented reason=Played at=54.71 source=null
UnityEngine.Debug:ExtractStackTraceNoAlloc (byte*,int,string)
UnityEngine.StackTraceUtility:ExtractStackTrace () (at /Users/bokken/build/output/unity/unity/Runtime/Export/Scripting/StackTrace.cs:35)
UnityEngine.DebugLogHandler:Internal_Log (UnityEngine.LogType,UnityEngine.LogOption,string,UnityEngine.Object)
UnityEngine.DebugLogHandler:LogFormat (UnityEngine.LogType,UnityEngine.Object,string,object[])
UnityEngine.Logger:Log (UnityEngine.LogType,object)
UnityEngine.Debug:Log (object)
Game.Runtime.AudioPlaybackPresentationDiagnostics:Log (Unity.Entities.EntityManager,Game.Components.AudioPlaybackRequestElement,Game.Configs.AudioEventCatalogEntry,Game.Runtime.AudioPlaybackPresentationResult,single) (at Assets/Game/Scripts/Audio/Runtime/AudioPlaybackPresentationDiagnostics.cs:32)
Game.Runtime.AudioPlaybackPresentationBridgeSystemHelper:DrainAcceptedRequests (Unity.Entities.EntityManager,Game.Configs.AudioEventCatalogConfig,Game.Configs.AudioMixerBusConfig,Game.Runtime.AudioPlaybackPresentationSystemHelper,single) (at Assets/Game/Scripts/Audio/Runtime/AudioPlaybackPresentationBridgeSystemHelper.cs:169)
Game.Runtime.AudioPlaybackPresentationRuntimeView:Update () (at Assets/Game/Scripts/Audio/Runtime/AudioPlaybackPresentationRuntimeView.cs:54)

(Filename: Assets/Game/Scripts/Audio/Runtime/AudioPlaybackPresentationDiagnostics.cs Line: 32)

[FrameRateDiag] fps=37.1 avgFrame=27.0ms updateAvg=6.9ms updateMax=41.4ms cpuFrame=29.5ms cpuMain=26.9ms cpuRender=2.1ms gpu=13.3ms drawCalls=292 batches=0 setPass=111 tris=2735430 verts=4879440 units=415 models=51 sourceKeys=415 sourceKeyFallbackVisuals=0 initialSpawnConfigs=0 impostors=24 render=screen=2400x1080,batch=0,quality=0:PC,vSync=0,targetFps=-1,pipeline=Mobile_RPAsset_MobileCandidate,scale=0.75,msaa=0,camera=Main Camera,cameraData=post:1,aa:FastApproximateAntialiasing,stack:0 memory=alloc=5516MB reserved=6074MB mono=1501MB focused=1 playRequested=1 simulationActive=1 stepStats=none topSystems=disabled markers=disabled
[PerfDiag] slowUpdate frame=2013 total=55.2ms gc=0/0/0 cpuFrame=34.3ms cpuMain=31.9ms cpuRender=0.6ms gpu=0.4ms steps=RoadBuild=0.0ms, BuildingPlacement=0.1ms, Selection=0.2ms, DayNight=0.0ms, CitizenPopulation=0.0ms, MainMenu=54.7ms units=415 models=51 sourceKeys=415 sourceKeyFallbackVisuals=0 initialSpawnConfigs=0 drawCalls=294 batches=0 setPass=116 tris=2742514 verts=4898120 memory=alloc=5456MB reserved=6073MB mono=1506MB uiToolkit=0 gameplayInitialized=1 playRequested=1 simulationActive=1 focused=1 vSync=0 targetFps=-1 topSystems=disabled markers=disabled
[PerfDiag] slowUpdate frame=2039 total=41.0ms gc=0/0/0 cpuFrame=28.4ms cpuMain=26.2ms cpuRender=0.5ms gpu=0.2ms steps=RoadBuild=0.0ms, BuildingPlacement=0.1ms, Selection=0.1ms, DayNight=0.0ms, CitizenPopulation=0.0ms, MainMenu=40.7ms units=415 models=51 sourceKeys=415 sourceKeyFallbackVisuals=0 initialSpawnConfigs=0 drawCalls=282 batches=0 setPass=105 tris=2753077 verts=4925824 memory=alloc=5469MB reserved=6071MB mono=1511MB uiToolkit=0 gameplayInitialized=1 playRequested=1 simulationActive=1 focused=1 vSync=0 targetFps=-1 topSystems=disabled markers=disabled
[FrameRateDiag] fps=32.7 avgFrame=30.6ms updateAvg=8.0ms updateMax=55.2ms cpuFrame=27.7ms cpuMain=24.6ms cpuRender=0.5ms gpu=9.1ms drawCalls=282 batches=0 setPass=105 tris=2764248 verts=4954820 units=415 models=51 sourceKeys=415 sourceKeyFallbackVisuals=0 initialSpawnConfigs=0 impostors=24 render=screen=2400x1080,batch=0,quality=0:PC,vSync=0,targetFps=-1,pipeline=Mobile_RPAsset_MobileCandidate,scale=0.75,msaa=0,camera=Main Camera,cameraData=post:1,aa:FastApproximateAntialiasing,stack:0 memory=alloc=5470MB reserved=6071MB mono=1512MB focused=1 playRequested=1 simulationActive=1 stepStats=none topSystems=disabled markers=disabled
[PerfDiag] slowUpdate frame=2071 total=40.4ms gc=0/0/0 cpuFrame=22.4ms cpuMain=20.4ms cpuRender=0.5ms gpu=0.5ms steps=RoadBuild=0.0ms, BuildingPlacement=0.1ms, Selection=0.1ms, DayNight=0.0ms, CitizenPopulation=0.0ms, MainMenu=40.2ms units=415 models=51 sourceKeys=415 sourceKeyFallbackVisuals=0 initialSpawnConfigs=0 drawCalls=280 batches=0 setPass=103 tris=2775317 verts=4983612 memory=alloc=5482MB reserved=6071MB mono=1515MB uiToolkit=0 gameplayInitialized=1 playRequested=1 simulationActive=1 focused=1 vSync=0 targetFps=-1 topSystems=disabled markers=disabled
[PerfDiag] slowUpdate frame=2104 total=36.3ms gc=0/0/0 cpuFrame=24.3ms cpuMain=22.5ms cpuRender=0.4ms gpu=0.3ms steps=RoadBuild=0.0ms, BuildingPlacement=0.1ms, Selection=0.1ms, DayNight=0.0ms, CitizenPopulation=0.0ms, MainMenu=36.1ms units=415 models=51 sourceKeys=415 sourceKeyFallbackVisuals=0 initialSpawnConfigs=0 drawCalls=283 batches=0 setPass=103 tris=2779192 verts=4993580 memory=alloc=5501MB reserved=6086MB mono=1521MB uiToolkit=0 gameplayInitialized=1 playRequested=1 simulationActive=1 focused=1 vSync=0 targetFps=-1 topSystems=disabled markers=disabled
[FrameRateDiag] fps=41.7 avgFrame=24.0ms updateAvg=5.6ms updateMax=40.4ms cpuFrame=23.7ms cpuMain=21.6ms cpuRender=1.8ms gpu=15.2ms drawCalls=283 batches=0 setPass=103 tris=2779092 verts=4993380 units=415 models=51 sourceKeys=415 sourceKeyFallbackVisuals=0 initialSpawnConfigs=0 impostors=24 render=screen=2400x1080,batch=0,quality=0:PC,vSync=0,targetFps=-1,pipeline=Mobile_RPAsset_MobileCandidate,scale=0.75,msaa=0,camera=Main Camera,cameraData=post:1,aa:FastApproximateAntialiasing,stack:0 memory=alloc=5516MB reserved=6085MB mono=1524MB focused=1 playRequested=1 simulationActive=1 stepStats=none topSystems=disabled markers=disabled
[PerfDiag] slowUpdate frame=2137 total=42.6ms gc=0/0/0 cpuFrame=26.6ms cpuMain=21.0ms cpuRender=0.5ms gpu=15.6ms steps=RoadBuild=0.0ms, BuildingPlacement=0.1ms, Selection=0.1ms, DayNight=0.0ms, CitizenPopulation=0.0ms, MainMenu=42.4ms units=415 models=51 sourceKeys=415 sourceKeyFallbackVisuals=0 initialSpawnConfigs=0 drawCalls=284 batches=0 setPass=105 tris=2778842 verts=4992956 memory=alloc=5521MB reserved=6089MB mono=1525MB uiToolkit=0 gameplayInitialized=1 playRequested=1 simulationActive=1 focused=1 vSync=0 targetFps=-1 topSystems=disabled markers=disabled
[PerfDiag] slowUpdate frame=2169 total=40.6ms gc=0/0/0 cpuFrame=23.8ms cpuMain=22.0ms cpuRender=2.0ms gpu=15.6ms steps=RoadBuild=0.0ms, BuildingPlacement=0.1ms, Selection=0.1ms, DayNight=0.0ms, CitizenPopulation=0.0ms, MainMenu=40.4ms units=415 models=51 sourceKeys=415 sourceKeyFallbackVisuals=0 initialSpawnConfigs=0 drawCalls=284 batches=0 setPass=105 tris=2778940 verts=4993152 memory=alloc=5539MB reserved=6105MB mono=1530MB uiToolkit=0 gameplayInitialized=1 playRequested=1 simulationActive=1 focused=1 vSync=0 targetFps=-1 topSystems=disabled markers=disabled
[PerfDiag] slowUpdate frame=2199 total=40.7ms gc=0/0/0 cpuFrame=26.9ms cpuMain=24.9ms cpuRender=2.0ms gpu=16.1ms steps=RoadBuild=0.0ms, BuildingPlacement=0.1ms, Selection=0.1ms, DayNight=0.0ms, CitizenPopulation=0.0ms, MainMenu=40.5ms units=415 models=51 sourceKeys=415 sourceKeyFallbackVisuals=0 initialSpawnConfigs=0 drawCalls=297 batches=0 setPass=113 tris=2779502 verts=4994200 memory=alloc=5555MB reserved=6121MB mono=1535MB uiToolkit=0 gameplayInitialized=1 playRequested=1 simulationActive=1 focused=1 vSync=0 targetFps=-1 topSystems=disabled markers=disabled
[FrameRateDiag] fps=38.4 avgFrame=26.1ms updateAvg=6.6ms updateMax=42.6ms cpuFrame=25.7ms cpuMain=23.1ms cpuRender=0.5ms gpu=18.0ms drawCalls=297 batches=0 setPass=113 tris=2779508 verts=4994212 units=415 models=51 sourceKeys=415 sourceKeyFallbackVisuals=0 initialSpawnConfigs=0 impostors=24 render=screen=2400x1080,batch=0,quality=0:PC,vSync=0,targetFps=-1,pipeline=Mobile_RPAsset_MobileCandidate,scale=0.75,msaa=0,camera=Main Camera,cameraData=post:1,aa:FastApproximateAntialiasing,stack:0 memory=alloc=5560MB reserved=6125MB mono=1536MB focused=1 playRequested=1 simulationActive=1 stepStats=none topSystems=disabled markers=disabled
[PerfDiag] slowUpdate frame=2230 total=40.2ms gc=0/0/0 cpuFrame=24.7ms cpuMain=21.5ms cpuRender=1.9ms gpu=11.5ms steps=RoadBuild=0.0ms, BuildingPlacement=0.1ms, Selection=0.1ms, DayNight=0.0ms, CitizenPopulation=0.0ms, MainMenu=40.0ms units=415 models=51 sourceKeys=415 sourceKeyFallbackVisuals=0 initialSpawnConfigs=0 drawCalls=296 batches=0 setPass=113 tris=2779258 verts=4993788 memory=alloc=5574MB reserved=6137MB mono=1540MB uiToolkit=0 gameplayInitialized=1 playRequested=1 simulationActive=1 focused=1 vSync=0 targetFps=-1 topSystems=disabled markers=disabled
[PerfDiag] slowUpdate frame=2261 total=42.1ms gc=0/0/0 cpuFrame=32.7ms cpuMain=28.6ms cpuRender=2.4ms gpu=14.1ms steps=RoadBuild=0.0ms, BuildingPlacement=0.1ms, Selection=0.1ms, DayNight=0.0ms, CitizenPopulation=0.0ms, MainMenu=41.8ms units=415 models=51 sourceKeys=415 sourceKeyFallbackVisuals=0 initialSpawnConfigs=0 drawCalls=297 batches=0 setPass=112 tris=2791190 verts=5022148 memory=alloc=5592MB reserved=6168MB mono=1545MB uiToolkit=0 gameplayInitialized=1 playRequested=1 simulationActive=1 focused=1 vSync=0 targetFps=-1 topSystems=disabled markers=disabled
[FrameRateDiag] fps=37.2 avgFrame=26.9ms updateAvg=6.5ms updateMax=42.1ms cpuFrame=29.3ms cpuMain=26.9ms cpuRender=0.7ms gpu=0.9ms drawCalls=297 batches=0 setPass=112 tris=2791092 verts=5021952 units=415 models=51 sourceKeys=415 sourceKeyFallbackVisuals=0 initialSpawnConfigs=0 impostors=23 render=screen=2400x1080,batch=0,quality=0:PC,vSync=0,targetFps=-1,pipeline=Mobile_RPAsset_MobileCandidate,scale=0.75,msaa=0,camera=Main Camera,cameraData=post:1,aa:FastApproximateAntialiasing,stack:0 memory=alloc=5603MB reserved=6180MB mono=1548MB focused=1 playRequested=1 simulationActive=1 stepStats=none topSystems=disabled markers=disabled
[RenderSceneDiag] frame=2282 source=profilerCounters drawCalls=297 batches=0 setPass=112 tris=2791092 verts=5021952 topSystems=disabled markers=disabled
[PerfDiag] slowUpdate frame=2288 total=47.0ms gc=0/0/0 cpuFrame=34.5ms cpuMain=31.1ms cpuRender=0.6ms gpu=20.5ms steps=RoadBuild=0.0ms, BuildingPlacement=0.2ms, Selection=0.1ms, DayNight=0.0ms, CitizenPopulation=0.0ms, MainMenu=46.7ms units=415 models=51 sourceKeys=415 sourceKeyFallbackVisuals=0 initialSpawnConfigs=0 drawCalls=297 batches=0 setPass=112 tris=2791086 verts=5021940 memory=alloc=5606MB reserved=6183MB mono=1549MB uiToolkit=0 gameplayInitialized=1 playRequested=1 simulationActive=1 focused=1 vSync=0 targetFps=-1 topSystems=disabled markers=disabled
[PerfDiag] slowUpdate frame=2314 total=41.1ms gc=0/0/0 cpuFrame=27.3ms cpuMain=25.3ms cpuRender=2.0ms gpu=13.6ms steps=RoadBuild=0.0ms, BuildingPlacement=0.1ms, Selection=0.1ms, DayNight=0.0ms, CitizenPopulation=0.0ms, MainMenu=40.9ms units=415 models=51 sourceKeys=415 sourceKeyFallbackVisuals=0 initialSpawnConfigs=0 drawCalls=308 batches=0 setPass=141 tris=2801918 verts=5040489 memory=alloc=5621MB reserved=6197MB mono=1554MB uiToolkit=0 gameplayInitialized=1 playRequested=1 simulationActive=1 focused=1 vSync=0 targetFps=-1 topSystems=disabled markers=disabled
[PerfDiag] slowUpdate frame=2343 total=41.3ms gc=0/0/0 cpuFrame=27.2ms cpuMain=25.2ms cpuRender=2.2ms gpu=14.9ms steps=RoadBuild=0.0ms, BuildingPlacement=0.1ms, Selection=0.4ms, DayNight=0.0ms, CitizenPopulation=0.0ms, MainMenu=40.7ms units=415 models=51 sourceKeys=415 sourceKeyFallbackVisuals=0 initialSpawnConfigs=0 drawCalls=312 batches=0 setPass=144 tris=2802078 verts=5040733 memory=alloc=5638MB reserved=6212MB mono=1558MB uiToolkit=0 gameplayInitialized=1 playRequested=1 simulationActive=1 focused=1 vSync=0 targetFps=-1 topSystems=disabled markers=disabled
[FrameRateDiag] fps=35.1 avgFrame=28.5ms updateAvg=7.3ms updateMax=47.0ms cpuFrame=25.2ms cpuMain=22.6ms cpuRender=2.4ms gpu=31.7ms drawCalls=312 batches=0 setPass=140 tris=2813862 verts=5068797 units=415 models=51 sourceKeys=415 sourceKeyFallbackVisuals=0 initialSpawnConfigs=0 impostors=22 render=screen=2400x1080,batch=0,quality=0:PC,vSync=0,targetFps=-1,pipeline=Mobile_RPAsset_MobileCandidate,scale=0.75,msaa=0,camera=Main Camera,cameraData=post:1,aa:FastApproximateAntialiasing,stack:0 memory=alloc=5643MB reserved=6217MB mono=1560MB focused=1 playRequested=1 simulationActive=1 stepStats=none topSystems=disabled markers=disabled
[AudioDiag] Playback event=VO.ARIA.Message.TacticalBannerAcceptedAttackTitle bus=Voice requestId=56 played=1 status=Presented reason=Played at=65.34 source=null
UnityEngine.Debug:ExtractStackTraceNoAlloc (byte*,int,string)
UnityEngine.StackTraceUtility:ExtractStackTrace () (at /Users/bokken/build/output/unity/unity/Runtime/Export/Scripting/StackTrace.cs:35)
UnityEngine.DebugLogHandler:Internal_Log (UnityEngine.LogType,UnityEngine.LogOption,string,UnityEngine.Object)
UnityEngine.DebugLogHandler:LogFormat (UnityEngine.LogType,UnityEngine.Object,string,object[])
UnityEngine.Logger:Log (UnityEngine.LogType,object)
UnityEngine.Debug:Log (object)
Game.Runtime.AudioPlaybackPresentationDiagnostics:Log (Unity.Entities.EntityManager,Game.Components.AudioPlaybackRequestElement,Game.Configs.AudioEventCatalogEntry,Game.Runtime.AudioPlaybackPresentationResult,single) (at Assets/Game/Scripts/Audio/Runtime/AudioPlaybackPresentationDiagnostics.cs:32)
Game.Runtime.AudioPlaybackPresentationBridgeSystemHelper:DrainAcceptedRequests (Unity.Entities.EntityManager,Game.Configs.AudioEventCatalogConfig,Game.Configs.AudioMixerBusConfig,Game.Runtime.AudioPlaybackPresentationSystemHelper,single) (at Assets/Game/Scripts/Audio/Runtime/AudioPlaybackPresentationBridgeSystemHelper.cs:169)
Game.Runtime.AudioPlaybackPresentationRuntimeView:Update () (at Assets/Game/Scripts/Audio/Runtime/AudioPlaybackPresentationRuntimeView.cs:54)

(Filename: Assets/Game/Scripts/Audio/Runtime/AudioPlaybackPresentationDiagnostics.cs Line: 32)

[PerfDiag] slowUpdate frame=2383 total=41.2ms gc=0/0/0 cpuFrame=23.2ms cpuMain=21.0ms cpuRender=2.1ms gpu=15.2ms steps=RoadBuild=0.0ms, BuildingPlacement=0.1ms, Selection=0.1ms, DayNight=0.0ms, CitizenPopulation=0.0ms, MainMenu=41.0ms units=415 models=51 sourceKeys=415 sourceKeyFallbackVisuals=0 initialSpawnConfigs=0 drawCalls=304 batches=0 setPass=112 tris=2815026 verts=5078736 memory=alloc=5650MB reserved=6229MB mono=1565MB uiToolkit=0 gameplayInitialized=1 playRequested=1 simulationActive=1 focused=1 vSync=0 targetFps=-1 topSystems=disabled markers=disabled
[PerfDiag] slowUpdate frame=2410 total=41.0ms gc=0/0/0 cpuFrame=26.1ms cpuMain=24.1ms cpuRender=0.6ms gpu=0.4ms steps=RoadBuild=0.0ms, BuildingPlacement=0.1ms, Selection=0.1ms, DayNight=0.0ms, CitizenPopulation=0.0ms, MainMenu=40.8ms units=415 models=51 sourceKeys=415 sourceKeyFallbackVisuals=0 initialSpawnConfigs=0 drawCalls=309 batches=0 setPass=112 tris=2836103 verts=5128294 memory=alloc=4954MB reserved=5812MB mono=1569MB uiToolkit=0 gameplayInitialized=1 playRequested=1 simulationActive=1 focused=1 vSync=0 targetFps=-1 topSystems=disabled markers=disabled
[FrameRateDiag] fps=35.9 avgFrame=27.9ms updateAvg=6.8ms updateMax=41.2ms cpuFrame=27.2ms cpuMain=25.2ms cpuRender=1.9ms gpu=15.3ms drawCalls=314 batches=0 setPass=114 tris=2845842 verts=5150604 units=415 models=51 sourceKeys=415 sourceKeyFallbackVisuals=0 initialSpawnConfigs=0 impostors=18 render=screen=2400x1080,batch=0,quality=0:PC,vSync=0,targetFps=-1,pipeline=Mobile_RPAsset_MobileCandidate,scale=0.75,msaa=0,camera=Main Camera,cameraData=post:1,aa:FastApproximateAntialiasing,stack:0 memory=alloc=4957MB reserved=5797MB mono=1572MB focused=1 playRequested=1 simulationActive=1 stepStats=none topSystems=disabled markers=disabled
[PerfDiag] slowUpdate frame=2440 total=36.5ms gc=0/0/0 cpuFrame=21.1ms cpuMain=19.0ms cpuRender=1.9ms gpu=13.9ms steps=RoadBuild=0.0ms, BuildingPlacement=0.1ms, Selection=0.1ms, DayNight=0.0ms, CitizenPopulation=0.0ms, MainMenu=36.3ms units=415 models=51 sourceKeys=415 sourceKeyFallbackVisuals=0 initialSpawnConfigs=0 drawCalls=312 batches=0 setPass=110 tris=2845962 verts=5150768 memory=alloc=4957MB reserved=5784MB mono=1574MB uiToolkit=0 gameplayInitialized=1 playRequested=1 simulationActive=1 focused=1 vSync=0 targetFps=-1 topSystems=disabled markers=disabled
[PerfDiag] slowUpdate frame=2474 total=43.3ms gc=0/0/0 cpuFrame=21.8ms cpuMain=19.7ms cpuRender=2.1ms gpu=15.5ms steps=RoadBuild=0.0ms, BuildingPlacement=0.1ms, Selection=0.1ms, DayNight=0.0ms, CitizenPopulation=0.0ms, MainMenu=43.0ms units=415 models=51 sourceKeys=415 sourceKeyFallbackVisuals=0 initialSpawnConfigs=0 drawCalls=313 batches=0 setPass=110 tris=2847457 verts=5153344 memory=alloc=4958MB reserved=5761MB mono=1580MB uiToolkit=0 gameplayInitialized=1 playRequested=1 simulationActive=1 focused=1 vSync=0 targetFps=-1 topSystems=disabled markers=disabled
[PerfDiag] slowUpdate frame=2503 total=41.1ms gc=0/0/0 cpuFrame=28.6ms cpuMain=26.7ms cpuRender=2.2ms gpu=15.9ms steps=RoadBuild=0.0ms, BuildingPlacement=0.1ms, Selection=0.1ms, DayNight=0.0ms, CitizenPopulation=0.0ms, MainMenu=40.8ms units=415 models=51 sourceKeys=415 sourceKeyFallbackVisuals=0 initialSpawnConfigs=0 drawCalls=312 batches=0 setPass=112 tris=2847373 verts=5153176 memory=alloc=4960MB reserved=5749MB mono=1584MB uiToolkit=0 gameplayInitialized=1 playRequested=1 simulationActive=1 focused=1 vSync=0 targetFps=-1 topSystems=disabled markers=disabled
[FrameRateDiag] fps=40.3 avgFrame=24.8ms updateAvg=6.3ms updateMax=43.3ms cpuFrame=24.5ms cpuMain=21.5ms cpuRender=0.5ms gpu=16.7ms drawCalls=310 batches=0 setPass=110 tris=2847363 verts=5153156 units=415 models=51 sourceKeys=415 sourceKeyFallbackVisuals=0 initialSpawnConfigs=0 impostors=18 render=screen=2400x1080,batch=0,quality=0:PC,vSync=0,targetFps=-1,pipeline=Mobile_RPAsset_MobileCandidate,scale=0.75,msaa=0,camera=Main Camera,cameraData=post:1,aa:FastApproximateAntialiasing,stack:0 memory=alloc=4961MB reserved=5746MB mono=1585MB focused=1 playRequested=1 simulationActive=1 stepStats=none topSystems=disabled markers=disabled
[PerfDiag] slowUpdate frame=2534 total=40.4ms gc=0/0/0 cpuFrame=21.8ms cpuMain=19.8ms cpuRender=2.0ms gpu=15.5ms steps=RoadBuild=0.0ms, BuildingPlacement=0.1ms, Selection=0.1ms, DayNight=0.0ms, CitizenPopulation=0.0ms, MainMenu=40.2ms units=415 models=51 sourceKeys=415 sourceKeyFallbackVisuals=0 initialSpawnConfigs=0 drawCalls=315 batches=0 setPass=112 tris=2856910 verts=5175082 memory=alloc=4961MB reserved=5736MB mono=1589MB uiToolkit=0 gameplayInitialized=1 playRequested=1 simulationActive=1 focused=1 vSync=0 targetFps=-1 topSystems=disabled markers=disabled
[PerfDiag] slowUpdate frame=2566 total=41.3ms gc=0/0/0 cpuFrame=22.0ms cpuMain=20.1ms cpuRender=2.2ms gpu=15.0ms steps=RoadBuild=0.0ms, BuildingPlacement=0.1ms, Selection=0.2ms, DayNight=0.0ms, CitizenPopulation=0.0ms, MainMenu=41.0ms units=415 models=51 sourceKeys=415 sourceKeyFallbackVisuals=0 initialSpawnConfigs=0 drawCalls=318 batches=0 setPass=112 tris=2866535 verts=5197164 memory=alloc=4963MB reserved=5733MB mono=1594MB uiToolkit=0 gameplayInitialized=1 playRequested=1 simulationActive=1 focused=1 vSync=0 targetFps=-1 topSystems=disabled markers=disabled
[FrameRateDiag] fps=39.5 avgFrame=25.3ms updateAvg=6.1ms updateMax=41.3ms cpuFrame=25.7ms cpuMain=23.8ms cpuRender=2.3ms gpu=16.4ms drawCalls=317 batches=0 setPass=112 tris=2866415 verts=5197000 units=415 models=51 sourceKeys=415 sourceKeyFallbackVisuals=0 initialSpawnConfigs=0 impostors=16 render=screen=2400x1080,batch=0,quality=0:PC,vSync=0,targetFps=-1,pipeline=Mobile_RPAsset_MobileCandidate,scale=0.75,msaa=0,camera=Main Camera,cameraData=post:1,aa:FastApproximateAntialiasing,stack:0 memory=alloc=4963MB reserved=5732MB mono=1597MB focused=1 playRequested=1 simulationActive=1 stepStats=none topSystems=disabled markers=disabled
[PerfDiag] slowUpdate frame=2596 total=40.9ms gc=0/0/0 cpuFrame=31.3ms cpuMain=26.0ms cpuRender=0.5ms gpu=16.6ms steps=RoadBuild=0.0ms, BuildingPlacement=0.1ms, Selection=0.2ms, DayNight=0.0ms, CitizenPopulation=0.0ms, MainMenu=40.6ms units=415 models=51 sourceKeys=415 sourceKeyFallbackVisuals=0 initialSpawnConfigs=0 drawCalls=317 batches=0 setPass=112 tris=2866323 verts=5196816 memory=alloc=4963MB reserved=5732MB mono=1598MB uiToolkit=0 gameplayInitialized=1 playRequested=1 simulationActive=1 focused=1 vSync=0 targetFps=-1 topSystems=disabled markers=disabled
[PerfDiag] slowUpdate frame=2627 total=41.1ms gc=0/0/0 cpuFrame=26.4ms cpuMain=23.1ms cpuRender=2.1ms gpu=15.0ms steps=RoadBuild=0.0ms, BuildingPlacement=0.1ms, Selection=0.2ms, DayNight=0.0ms, CitizenPopulation=0.0ms, MainMenu=40.8ms units=415 models=51 sourceKeys=415 sourceKeyFallbackVisuals=0 initialSpawnConfigs=0 drawCalls=320 batches=0 setPass=112 tris=2866859 verts=5197808 memory=alloc=4959MB reserved=5727MB mono=1603MB uiToolkit=0 gameplayInitialized=1 playRequested=1 simulationActive=1 focused=1 vSync=0 targetFps=-1 topSystems=disabled markers=disabled
[AudioDiag] Suppressed Alert.Unit.UnderAttack reason=GenericUnderAttackAlertDisabled sourceSystem=UnitAttackSystem requestedAt=63.90 damage=44 target=entity=567:7 name='Light Armored Car' source='Unit_Veh_Light_Armored_Car' faction=1 cell=(653,531) hp=136/180 attacker=entity=754:7 name='Ghillie Rocketeer' source='Unit_Chr_Ghillie_Male_01' faction=2 cell=(673,533) hp=90/90
UnityEngine.Debug:ExtractStackTraceNoAlloc (byte*,int,string)
UnityEngine.StackTraceUtility:ExtractStackTrace () (at /Users/bokken/build/output/unity/unity/Runtime/Export/Scripting/StackTrace.cs:35)
UnityEngine.DebugLogHandler:Internal_Log (UnityEngine.LogType,UnityEngine.LogOption,string,UnityEngine.Object)
UnityEngine.DebugLogHandler:LogFormat (UnityEngine.LogType,UnityEngine.Object,string,object[])
UnityEngine.Logger:Log (UnityEngine.LogType,object)
UnityEngine.Debug:Log (object)
Game.Runtime.UnitAttackSystem:LogSuppressedUnitUnderAttackAudio (Unity.Entities.EntityManager,Unity.Entities.Entity,Unity.Entities.Entity,int,single,string,string) (at Assets/Game/Scripts/Systems/UnitAttackSystem.cs:519)
Game.Runtime.UnitAttackSystem:TryEmitUnitUnderAttackAudio (Unity.Entities.EntityManager,Unity.Entities.Entity,single,Unity.Entities.Entity,int,string) (at Assets/Game/Scripts/Systems/UnitAttackSystem.cs:471)
Game.Runtime.UnitAttackSystem:OnUpdate (Unity.Entities.SystemState&) (at Assets/Game/Scripts/Systems/UnitAttackSystem.cs:395)
Game.Runtime.UnitAttackSystem:__codegen__OnUpdate (intptr,intptr)
Unity.Entities.SystemBaseRegistry/<>c__DisplayClass9_0:<SelectBurstFn>b__0 (intptr,intptr) (at ./Library/PackageCache/com.unity.entities@bab66ffaba49/Unity.Entities/SystemBaseRegistry.cs:251)
Unity.Entities.WorldUnmanagedImpl/Unity.Entities.UnmanagedUpdate_000015A0$BurstDirectCall:Invoke (void*)
Unity.Entities.WorldUnmanagedImpl:UnmanagedUpdate (void*)
Unity.Entities.WorldUnmanagedImpl:UpdateSystem (Unity.Entities.SystemHandle) (at ./Library/PackageCache/com.unity.entities@bab66ffaba49/Unity.Entities/WorldUnmanaged.cs:942)
Unity.Entities.ComponentSystemGroup:UpdateAllSystems () (at ./Library/PackageCache/com.unity.entities@bab66ffaba49/Unity.Entities/ComponentSystemGroup.cs:725)
Unity.Entities.ComponentSystemGroup:OnUpdate () (at ./Library/PackageCache/com.unity.entities@bab66ffaba49/Unity.Entities/ComponentSystemGroup.cs:687)
Unity.Entities.SystemBase:Update () (at ./Library/PackageCache/com.unity.entities@bab66ffaba49/Unity.Entities/SystemBase.cs:205)
Unity.Entities.ScriptBehaviourUpdateOrder/DummyDelegateWrapper:TriggerUpdate () (at ./Library/PackageCache/com.unity.entities@bab66ffaba49/Unity.Entities/ScriptBehaviourUpdateOrder.cs:523)

(Filename: Assets/Game/Scripts/Systems/UnitAttackSystem.cs Line: 519)

[AudioDiag] Suppressed Alert.Unit.UnderAttack reason=GenericUnderAttackAlertDisabled sourceSystem=UnitAttackSystem requestedAt=64.21 damage=44 target=entity=567:7 name='Light Armored Car' source='Unit_Veh_Light_Armored_Car' faction=1 cell=(653,531) hp=92/180 attacker=entity=760:7 name='Ghillie Rocketeer' source='Unit_Chr_Ghillie_Male_01' faction=2 cell=(676,533) hp=90/90
UnityEngine.Debug:ExtractStackTraceNoAlloc (byte*,int,string)
UnityEngine.StackTraceUtility:ExtractStackTrace () (at /Users/bokken/build/output/unity/unity/Runtime/Export/Scripting/StackTrace.cs:35)
UnityEngine.DebugLogHandler:Internal_Log (UnityEngine.LogType,UnityEngine.LogOption,string,UnityEngine.Object)
UnityEngine.DebugLogHandler:LogFormat (UnityEngine.LogType,UnityEngine.Object,string,object[])
UnityEngine.Logger:Log (UnityEngine.LogType,object)
UnityEngine.Debug:Log (object)
Game.Runtime.UnitAttackSystem:LogSuppressedUnitUnderAttackAudio (Unity.Entities.EntityManager,Unity.Entities.Entity,Unity.Entities.Entity,int,single,string,string) (at Assets/Game/Scripts/Systems/UnitAttackSystem.cs:519)
Game.Runtime.UnitAttackSystem:TryEmitUnitUnderAttackAudio (Unity.Entities.EntityManager,Unity.Entities.Entity,single,Unity.Entities.Entity,int,string) (at Assets/Game/Scripts/Systems/UnitAttackSystem.cs:471)
Game.Runtime.UnitAttackSystem:OnUpdate (Unity.Entities.SystemState&) (at Assets/Game/Scripts/Systems/UnitAttackSystem.cs:395)
Game.Runtime.UnitAttackSystem:__codegen__OnUpdate (intptr,intptr)
Unity.Entities.SystemBaseRegistry/<>c__DisplayClass9_0:<SelectBurstFn>b__0 (intptr,intptr) (at ./Library/PackageCache/com.unity.entities@bab66ffaba49/Unity.Entities/SystemBaseRegistry.cs:251)
Unity.Entities.WorldUnmanagedImpl/Unity.Entities.UnmanagedUpdate_000015A0$BurstDirectCall:Invoke (void*)
Unity.Entities.WorldUnmanagedImpl:UnmanagedUpdate (void*)
Unity.Entities.WorldUnmanagedImpl:UpdateSystem (Unity.Entities.SystemHandle) (at ./Library/PackageCache/com.unity.entities@bab66ffaba49/Unity.Entities/WorldUnmanaged.cs:942)
Unity.Entities.ComponentSystemGroup:UpdateAllSystems () (at ./Library/PackageCache/com.unity.entities@bab66ffaba49/Unity.Entities/ComponentSystemGroup.cs:725)
Unity.Entities.ComponentSystemGroup:OnUpdate () (at ./Library/PackageCache/com.unity.entities@bab66ffaba49/Unity.Entities/ComponentSystemGroup.cs:687)
Unity.Entities.SystemBase:Update () (at ./Library/PackageCache/com.unity.entities@bab66ffaba49/Unity.Entities/SystemBase.cs:205)
Unity.Entities.ScriptBehaviourUpdateOrder/DummyDelegateWrapper:TriggerUpdate () (at ./Library/PackageCache/com.unity.entities@bab66ffaba49/Unity.Entities/ScriptBehaviourUpdateOrder.cs:523)

(Filename: Assets/Game/Scripts/Systems/UnitAttackSystem.cs Line: 519)

[PerfDiag] slowUpdate frame=2657 total=37.1ms gc=0/0/0 cpuFrame=20.6ms cpuMain=18.5ms cpuRender=1.9ms gpu=12.4ms steps=RoadBuild=0.0ms, BuildingPlacement=0.1ms, Selection=0.4ms, DayNight=0.0ms, CitizenPopulation=0.0ms, MainMenu=36.6ms units=415 models=51 sourceKeys=415 sourceKeyFallbackVisuals=0 initialSpawnConfigs=0 drawCalls=331 batches=0 setPass=139 tris=2799287 verts=5037325 memory=alloc=4987MB reserved=5739MB mono=1609MB uiToolkit=0 gameplayInitialized=1 playRequested=1 simulationActive=1 focused=1 vSync=0 targetFps=-1 topSystems=disabled markers=disabled
[FrameRateDiag] fps=38.4 avgFrame=26.0ms updateAvg=6.5ms updateMax=41.1ms cpuFrame=19.9ms cpuMain=18.2ms cpuRender=1.8ms gpu=13.3ms drawCalls=331 batches=0 setPass=139 tris=2799199 verts=5037149 units=415 models=51 sourceKeys=415 sourceKeyFallbackVisuals=0 initialSpawnConfigs=0 impostors=20 render=screen=2400x1080,batch=0,quality=0:PC,vSync=0,targetFps=-1,pipeline=Mobile_RPAsset_MobileCandidate,scale=0.75,msaa=0,camera=Main Camera,cameraData=post:1,aa:FastApproximateAntialiasing,stack:0 memory=alloc=4988MB reserved=5738MB mono=1609MB focused=1 playRequested=1 simulationActive=1 stepStats=none topSystems=disabled markers=disabled
[RenderSceneDiag] frame=2663 source=profilerCounters drawCalls=331 batches=0 setPass=139 tris=2799199 verts=5037149 topSystems=disabled markers=disabled
[AudioDiag] Suppressed Alert.Unit.UnderAttack reason=GenericUnderAttackAlertDisabled sourceSystem=UnitAttackSystem requestedAt=64.91 damage=44 target=entity=567:7 name='Light Armored Car' source='Unit_Veh_Light_Armored_Car' faction=1 cell=(653,531) hp=48/180 attacker=entity=766:7 name='Ghillie Rocketeer' source='Unit_Chr_Ghillie_Male_01' faction=2 cell=(672,533) hp=78/90
UnityEngine.Debug:ExtractStackTraceNoAlloc (byte*,int,string)
UnityEngine.StackTraceUtility:ExtractStackTrace () (at /Users/bokken/build/output/unity/unity/Runtime/Export/Scripting/StackTrace.cs:35)
UnityEngine.DebugLogHandler:Internal_Log (UnityEngine.LogType,UnityEngine.LogOption,string,UnityEngine.Object)
UnityEngine.DebugLogHandler:LogFormat (UnityEngine.LogType,UnityEngine.Object,string,object[])
UnityEngine.Logger:Log (UnityEngine.LogType,object)
UnityEngine.Debug:Log (object)
Game.Runtime.UnitAttackSystem:LogSuppressedUnitUnderAttackAudio (Unity.Entities.EntityManager,Unity.Entities.Entity,Unity.Entities.Entity,int,single,string,string) (at Assets/Game/Scripts/Systems/UnitAttackSystem.cs:519)
Game.Runtime.UnitAttackSystem:TryEmitUnitUnderAttackAudio (Unity.Entities.EntityManager,Unity.Entities.Entity,single,Unity.Entities.Entity,int,string) (at Assets/Game/Scripts/Systems/UnitAttackSystem.cs:471)
Game.Runtime.UnitAttackSystem:OnUpdate (Unity.Entities.SystemState&) (at Assets/Game/Scripts/Systems/UnitAttackSystem.cs:395)
Game.Runtime.UnitAttackSystem:__codegen__OnUpdate (intptr,intptr)
Unity.Entities.SystemBaseRegistry/<>c__DisplayClass9_0:<SelectBurstFn>b__0 (intptr,intptr) (at ./Library/PackageCache/com.unity.entities@bab66ffaba49/Unity.Entities/SystemBaseRegistry.cs:251)
Unity.Entities.WorldUnmanagedImpl/Unity.Entities.UnmanagedUpdate_000015A0$BurstDirectCall:Invoke (void*)
Unity.Entities.WorldUnmanagedImpl:UnmanagedUpdate (void*)
Unity.Entities.WorldUnmanagedImpl:UpdateSystem (Unity.Entities.SystemHandle) (at ./Library/PackageCache/com.unity.entities@bab66ffaba49/Unity.Entities/WorldUnmanaged.cs:942)
Unity.Entities.ComponentSystemGroup:UpdateAllSystems () (at ./Library/PackageCache/com.unity.entities@bab66ffaba49/Unity.Entities/ComponentSystemGroup.cs:725)
Unity.Entities.ComponentSystemGroup:OnUpdate () (at ./Library/PackageCache/com.unity.entities@bab66ffaba49/Unity.Entities/ComponentSystemGroup.cs:687)
Unity.Entities.SystemBase:Update () (at ./Library/PackageCache/com.unity.entities@bab66ffaba49/Unity.Entities/SystemBase.cs:205)
Unity.Entities.ScriptBehaviourUpdateOrder/DummyDelegateWrapper:TriggerUpdate () (at ./Library/PackageCache/com.unity.entities@bab66ffaba49/Unity.Entities/ScriptBehaviourUpdateOrder.cs:523)

(Filename: Assets/Game/Scripts/Systems/UnitAttackSystem.cs Line: 519)

[AudioDiag] Suppressed Alert.Unit.UnderAttack reason=GenericUnderAttackAlertDisabled sourceSystem=UnitAttackSystem requestedAt=65.22 damage=44 target=entity=567:7 name='Light Armored Car' source='Unit_Veh_Light_Armored_Car' faction=1 cell=(653,531) hp=4/180 attacker=entity=748:7 name='Ghillie Rocketeer' source='Unit_Chr_Ghillie_Male_01' faction=2 cell=(676,533) hp=90/90
UnityEngine.Debug:ExtractStackTraceNoAlloc (byte*,int,string)
UnityEngine.StackTraceUtility:ExtractStackTrace () (at /Users/bokken/build/output/unity/unity/Runtime/Export/Scripting/StackTrace.cs:35)
UnityEngine.DebugLogHandler:Internal_Log (UnityEngine.LogType,UnityEngine.LogOption,string,UnityEngine.Object)
UnityEngine.DebugLogHandler:LogFormat (UnityEngine.LogType,UnityEngine.Object,string,object[])
UnityEngine.Logger:Log (UnityEngine.LogType,object)
UnityEngine.Debug:Log (object)
Game.Runtime.UnitAttackSystem:LogSuppressedUnitUnderAttackAudio (Unity.Entities.EntityManager,Unity.Entities.Entity,Unity.Entities.Entity,int,single,string,string) (at Assets/Game/Scripts/Systems/UnitAttackSystem.cs:519)
Game.Runtime.UnitAttackSystem:TryEmitUnitUnderAttackAudio (Unity.Entities.EntityManager,Unity.Entities.Entity,single,Unity.Entities.Entity,int,string) (at Assets/Game/Scripts/Systems/UnitAttackSystem.cs:471)
Game.Runtime.UnitAttackSystem:OnUpdate (Unity.Entities.SystemState&) (at Assets/Game/Scripts/Systems/UnitAttackSystem.cs:395)
Game.Runtime.UnitAttackSystem:__codegen__OnUpdate (intptr,intptr)
Unity.Entities.SystemBaseRegistry/<>c__DisplayClass9_0:<SelectBurstFn>b__0 (intptr,intptr) (at ./Library/PackageCache/com.unity.entities@bab66ffaba49/Unity.Entities/SystemBaseRegistry.cs:251)
Unity.Entities.WorldUnmanagedImpl/Unity.Entities.UnmanagedUpdate_000015A0$BurstDirectCall:Invoke (void*)
Unity.Entities.WorldUnmanagedImpl:UnmanagedUpdate (void*)
Unity.Entities.WorldUnmanagedImpl:UpdateSystem (Unity.Entities.SystemHandle) (at ./Library/PackageCache/com.unity.entities@bab66ffaba49/Unity.Entities/WorldUnmanaged.cs:942)
Unity.Entities.ComponentSystemGroup:UpdateAllSystems () (at ./Library/PackageCache/com.unity.entities@bab66ffaba49/Unity.Entities/ComponentSystemGroup.cs:725)
Unity.Entities.ComponentSystemGroup:OnUpdate () (at ./Library/PackageCache/com.unity.entities@bab66ffaba49/Unity.Entities/ComponentSystemGroup.cs:687)
Unity.Entities.SystemBase:Update () (at ./Library/PackageCache/com.unity.entities@bab66ffaba49/Unity.Entities/SystemBase.cs:205)
Unity.Entities.ScriptBehaviourUpdateOrder/DummyDelegateWrapper:TriggerUpdate () (at ./Library/PackageCache/com.unity.entities@bab66ffaba49/Unity.Entities/ScriptBehaviourUpdateOrder.cs:523)

(Filename: Assets/Game/Scripts/Systems/UnitAttackSystem.cs Line: 519)

[PerfDiag] slowUpdate frame=2689 total=41.5ms gc=0/0/0 cpuFrame=31.6ms cpuMain=26.4ms cpuRender=2.1ms gpu=28.0ms steps=RoadBuild=0.0ms, BuildingPlacement=0.1ms, Selection=0.1ms, DayNight=0.0ms, CitizenPopulation=0.0ms, MainMenu=41.3ms units=415 models=51 sourceKeys=415 sourceKeyFallbackVisuals=0 initialSpawnConfigs=0 drawCalls=333 batches=0 setPass=140 tris=2799221 verts=5037193 memory=alloc=5002MB reserved=5753MB mono=1613MB uiToolkit=0 gameplayInitialized=1 playRequested=1 simulationActive=1 focused=1 vSync=0 targetFps=-1 topSystems=disabled markers=disabled
[AudioDiag] Playback event=VO.ARIA.Message.TacticalBannerAcceptedAttackTitle bus=Voice requestId=102 played=1 status=Presented reason=Played at=74.19 source=null
UnityEngine.Debug:ExtractStackTraceNoAlloc (byte*,int,string)
UnityEngine.StackTraceUtility:ExtractStackTrace () (at /Users/bokken/build/output/unity/unity/Runtime/Export/Scripting/StackTrace.cs:35)
UnityEngine.DebugLogHandler:Internal_Log (UnityEngine.LogType,UnityEngine.LogOption,string,UnityEngine.Object)
UnityEngine.DebugLogHandler:LogFormat (UnityEngine.LogType,UnityEngine.Object,string,object[])
UnityEngine.Logger:Log (UnityEngine.LogType,object)
UnityEngine.Debug:Log (object)
Game.Runtime.AudioPlaybackPresentationDiagnostics:Log (Unity.Entities.EntityManager,Game.Components.AudioPlaybackRequestElement,Game.Configs.AudioEventCatalogEntry,Game.Runtime.AudioPlaybackPresentationResult,single) (at Assets/Game/Scripts/Audio/Runtime/AudioPlaybackPresentationDiagnostics.cs:32)
Game.Runtime.AudioPlaybackPresentationBridgeSystemHelper:DrainAcceptedRequests (Unity.Entities.EntityManager,Game.Configs.AudioEventCatalogConfig,Game.Configs.AudioMixerBusConfig,Game.Runtime.AudioPlaybackPresentationSystemHelper,single) (at Assets/Game/Scripts/Audio/Runtime/AudioPlaybackPresentationBridgeSystemHelper.cs:169)
Game.Runtime.AudioPlaybackPresentationRuntimeView:Update () (at Assets/Game/Scripts/Audio/Runtime/AudioPlaybackPresentationRuntimeView.cs:54)

(Filename: Assets/Game/Scripts/Audio/Runtime/AudioPlaybackPresentationDiagnostics.cs Line: 32)

[AudioDiag] Suppressed Alert.Unit.UnderAttack reason=GenericUnderAttackAlertDisabled sourceSystem=UnitAttackSystem requestedAt=65.93 damage=22 target=entity=567:7 name='Light Armored Car' source='Unit_Veh_Light_Armored_Car' faction=1 cell=(653,531) hp=0/180 attacker=entity=754:7 name='Ghillie Rocketeer' source='Unit_Chr_Ghillie_Male_01' faction=2 cell=(673,533) hp=90/90
UnityEngine.Debug:ExtractStackTraceNoAlloc (byte*,int,string)
UnityEngine.StackTraceUtility:ExtractStackTrace () (at /Users/bokken/build/output/unity/unity/Runtime/Export/Scripting/StackTrace.cs:35)
UnityEngine.DebugLogHandler:Internal_Log (UnityEngine.LogType,UnityEngine.LogOption,string,UnityEngine.Object)
UnityEngine.DebugLogHandler:LogFormat (UnityEngine.LogType,UnityEngine.Object,string,object[])
UnityEngine.Logger:Log (UnityEngine.LogType,object)
UnityEngine.Debug:Log (object)
Game.Runtime.UnitAttackSystem:LogSuppressedUnitUnderAttackAudio (Unity.Entities.EntityManager,Unity.Entities.Entity,Unity.Entities.Entity,int,single,string,string) (at Assets/Game/Scripts/Systems/UnitAttackSystem.cs:519)
Game.Runtime.UnitAttackSystem:TryEmitUnitUnderAttackAudio (Unity.Entities.EntityManager,Unity.Entities.Entity,single,Unity.Entities.Entity,int,string) (at Assets/Game/Scripts/Systems/UnitAttackSystem.cs:471)
Game.Runtime.UnitAttackSystem:OnUpdate (Unity.Entities.SystemState&) (at Assets/Game/Scripts/Systems/UnitAttackSystem.cs:395)
Game.Runtime.UnitAttackSystem:__codegen__OnUpdate (intptr,intptr)
Unity.Entities.SystemBaseRegistry/<>c__DisplayClass9_0:<SelectBurstFn>b__0 (intptr,intptr) (at ./Library/PackageCache/com.unity.entities@bab66ffaba49/Unity.Entities/SystemBaseRegistry.cs:251)
Unity.Entities.WorldUnmanagedImpl/Unity.Entities.UnmanagedUpdate_000015A0$BurstDirectCall:Invoke (void*)
Unity.Entities.WorldUnmanagedImpl:UnmanagedUpdate (void*)
Unity.Entities.WorldUnmanagedImpl:UpdateSystem (Unity.Entities.SystemHandle) (at ./Library/PackageCache/com.unity.entities@bab66ffaba49/Unity.Entities/WorldUnmanaged.cs:942)
Unity.Entities.ComponentSystemGroup:UpdateAllSystems () (at ./Library/PackageCache/com.unity.entities@bab66ffaba49/Unity.Entities/ComponentSystemGroup.cs:725)
Unity.Entities.ComponentSystemGroup:OnUpdate () (at ./Library/PackageCache/com.unity.entities@bab66ffaba49/Unity.Entities/ComponentSystemGroup.cs:687)
Unity.Entities.SystemBase:Update () (at ./Library/PackageCache/com.unity.entities@bab66ffaba49/Unity.Entities/SystemBase.cs:205)
Unity.Entities.ScriptBehaviourUpdateOrder/DummyDelegateWrapper:TriggerUpdate () (at ./Library/PackageCache/com.unity.entities@bab66ffaba49/Unity.Entities/ScriptBehaviourUpdateOrder.cs:523)

(Filename: Assets/Game/Scripts/Systems/UnitAttackSystem.cs Line: 519)

[PerfDiag] slowUpdate frame=2726 total=41.7ms gc=0/0/0 cpuFrame=28.1ms cpuMain=26.1ms cpuRender=1.9ms gpu=16.0ms steps=RoadBuild=0.0ms, BuildingPlacement=0.1ms, Selection=0.1ms, DayNight=0.0ms, CitizenPopulation=0.0ms, MainMenu=41.5ms units=415 models=51 sourceKeys=415 sourceKeyFallbackVisuals=0 initialSpawnConfigs=0 drawCalls=336 batches=0 setPass=113 tris=2842914 verts=5148358 memory=alloc=5011MB reserved=5736MB mono=1620MB uiToolkit=0 gameplayInitialized=1 playRequested=1 simulationActive=1 focused=1 vSync=0 targetFps=-1 topSystems=disabled markers=disabled
[FrameRateDiag] fps=37.6 avgFrame=26.6ms updateAvg=6.5ms updateMax=41.7ms cpuFrame=23.6ms cpuMain=21.6ms cpuRender=0.5ms gpu=0.4ms drawCalls=338 batches=0 setPass=113 tris=2824442 verts=5105646 units=415 models=51 sourceKeys=415 sourceKeyFallbackVisuals=0 initialSpawnConfigs=0 impostors=16 render=screen=2400x1080,batch=0,quality=0:PC,vSync=0,targetFps=-1,pipeline=Mobile_RPAsset_MobileCandidate,scale=0.75,msaa=0,camera=Main Camera,cameraData=post:1,aa:FastApproximateAntialiasing,stack:0 memory=alloc=5014MB reserved=5730MB mono=1622MB focused=1 playRequested=1 simulationActive=1 stepStats=none topSystems=disabled markers=disabled
[PerfDiag] slowUpdate frame=2754 total=43.9ms gc=0/0/0 cpuFrame=28.0ms cpuMain=26.0ms cpuRender=2.1ms gpu=13.6ms steps=RoadBuild=0.0ms, BuildingPlacement=0.1ms, Selection=0.1ms, DayNight=0.0ms, CitizenPopulation=0.0ms, MainMenu=43.6ms units=415 models=51 sourceKeys=415 sourceKeyFallbackVisuals=0 initialSpawnConfigs=0 drawCalls=338 batches=0 setPass=112 tris=2824648 verts=5105982 memory=alloc=5018MB reserved=5727MB mono=1625MB uiToolkit=0 gameplayInitialized=1 playRequested=1 simulationActive=1 focused=1 vSync=0 targetFps=-1 topSystems=disabled markers=disabled
[PerfDiag] slowUpdate frame=2787 total=37.3ms gc=0/0/0 cpuFrame=22.7ms cpuMain=20.3ms cpuRender=1.8ms gpu=30.8ms steps=RoadBuild=0.0ms, BuildingPlacement=0.1ms, Selection=0.1ms, DayNight=0.0ms, CitizenPopulation=0.0ms, MainMenu=37.1ms units=415 models=51 sourceKeys=415 sourceKeyFallbackVisuals=0 initialSpawnConfigs=0 drawCalls=337 batches=0 setPass=112 tris=2804714 verts=5060506 memory=alloc=5024MB reserved=5727MB mono=1630MB uiToolkit=0 gameplayInitialized=1 playRequested=1 simulationActive=1 focused=1 vSync=0 targetFps=-1 topSystems=disabled markers=disabled
[PerfDiag] slowUpdate frame=2816 total=41.5ms gc=0/0/0 cpuFrame=27.1ms cpuMain=25.1ms cpuRender=0.5ms gpu=0.3ms steps=RoadBuild=0.0ms, BuildingPlacement=0.1ms, Selection=0.1ms, DayNight=0.0ms, CitizenPopulation=0.0ms, MainMenu=41.3ms units=415 models=51 sourceKeys=415 sourceKeyFallbackVisuals=0 initialSpawnConfigs=0 drawCalls=356 batches=0 setPass=123 tris=2815189 verts=5079144 memory=alloc=5030MB reserved=5727MB mono=1635MB uiToolkit=0 gameplayInitialized=1 playRequested=1 simulationActive=1 focused=1 vSync=0 targetFps=-1 topSystems=disabled markers=disabled
[FrameRateDiag] fps=38.9 avgFrame=25.7ms updateAvg=6.7ms updateMax=43.9ms cpuFrame=27.1ms cpuMain=25.1ms cpuRender=0.5ms gpu=0.3ms drawCalls=356 batches=0 setPass=123 tris=2815189 verts=5079144 units=415 models=51 sourceKeys=415 sourceKeyFallbackVisuals=0 initialSpawnConfigs=0 impostors=16 render=screen=2400x1080,batch=0,quality=0:PC,vSync=0,targetFps=-1,pipeline=Mobile_RPAsset_MobileCandidate,scale=0.75,msaa=0,camera=Main Camera,cameraData=post:1,aa:FastApproximateAntialiasing,stack:0 memory=alloc=5031MB reserved=5727MB mono=1635MB focused=1 playRequested=1 simulationActive=1 stepStats=none topSystems=disabled markers=disabled
[AudioDiag] Suppressed Alert.Unit.UnderAttack reason=GenericUnderAttackAlertDisabled sourceSystem=UnitAttackSystem requestedAt=68.77 damage=22 target=entity=571:13 name='Armored APC' source='Unit_Veh_APC_Slow' faction=1 cell=(641,530) hp=258/280 attacker=entity=766:7 name='Ghillie Rocketeer' source='Unit_Chr_Ghillie_Male_01' faction=2 cell=(663,533) hp=66/90
UnityEngine.Debug:ExtractStackTraceNoAlloc (byte*,int,string)
UnityEngine.StackTraceUtility:ExtractStackTrace () (at /Users/bokken/build/output/unity/unity/Runtime/Export/Scripting/StackTrace.cs:35)
UnityEngine.DebugLogHandler:Internal_Log (UnityEngine.LogType,UnityEngine.LogOption,string,UnityEngine.Object)
UnityEngine.DebugLogHandler:LogFormat (UnityEngine.LogType,UnityEngine.Object,string,object[])
UnityEngine.Logger:Log (UnityEngine.LogType,object)
UnityEngine.Debug:Log (object)
Game.Runtime.UnitAttackSystem:LogSuppressedUnitUnderAttackAudio (Unity.Entities.EntityManager,Unity.Entities.Entity,Unity.Entities.Entity,int,single,string,string) (at Assets/Game/Scripts/Systems/UnitAttackSystem.cs:519)
Game.Runtime.UnitAttackSystem:TryEmitUnitUnderAttackAudio (Unity.Entities.EntityManager,Unity.Entities.Entity,single,Unity.Entities.Entity,int,string) (at Assets/Game/Scripts/Systems/UnitAttackSystem.cs:471)
Game.Runtime.UnitAttackSystem:OnUpdate (Unity.Entities.SystemState&) (at Assets/Game/Scripts/Systems/UnitAttackSystem.cs:395)
Game.Runtime.UnitAttackSystem:__codegen__OnUpdate (intptr,intptr)
Unity.Entities.SystemBaseRegistry/<>c__DisplayClass9_0:<SelectBurstFn>b__0 (intptr,intptr) (at ./Library/PackageCache/com.unity.entities@bab66ffaba49/Unity.Entities/SystemBaseRegistry.cs:251)
Unity.Entities.WorldUnmanagedImpl/Unity.Entities.UnmanagedUpdate_000015A0$BurstDirectCall:Invoke (void*)
Unity.Entities.WorldUnmanagedImpl:UnmanagedUpdate (void*)
Unity.Entities.WorldUnmanagedImpl:UpdateSystem (Unity.Entities.SystemHandle) (at ./Library/PackageCache/com.unity.entities@bab66ffaba49/Unity.Entities/WorldUnmanaged.cs:942)
Unity.Entities.ComponentSystemGroup:UpdateAllSystems () (at ./Library/PackageCache/com.unity.entities@bab66ffaba49/Unity.Entities/ComponentSystemGroup.cs:725)
Unity.Entities.ComponentSystemGroup:OnUpdate () (at ./Library/PackageCache/com.unity.entities@bab66ffaba49/Unity.Entities/ComponentSystemGroup.cs:687)
Unity.Entities.SystemBase:Update () (at ./Library/PackageCache/com.unity.entities@bab66ffaba49/Unity.Entities/SystemBase.cs:205)
Unity.Entities.ScriptBehaviourUpdateOrder/DummyDelegateWrapper:TriggerUpdate () (at ./Library/PackageCache/com.unity.entities@bab66ffaba49/Unity.Entities/ScriptBehaviourUpdateOrder.cs:523)

(Filename: Assets/Game/Scripts/Systems/UnitAttackSystem.cs Line: 519)

[AudioDiag] Suppressed Alert.Unit.UnderAttack reason=GenericUnderAttackAlertDisabled sourceSystem=UnitAttackSystem requestedAt=69.41 damage=44 target=entity=571:13 name='Armored APC' source='Unit_Veh_APC_Slow' faction=1 cell=(641,530) hp=214/280 attacker=entity=760:7 name='Ghillie Rocketeer' source='Unit_Chr_Ghillie_Male_01' faction=2 cell=(665,533) hp=90/90
UnityEngine.Debug:ExtractStackTraceNoAlloc (byte*,int,string)
UnityEngine.StackTraceUtility:ExtractStackTrace () (at /Users/bokken/build/output/unity/unity/Runtime/Export/Scripting/StackTrace.cs:35)
UnityEngine.DebugLogHandler:Internal_Log (UnityEngine.LogType,UnityEngine.LogOption,string,UnityEngine.Object)
UnityEngine.DebugLogHandler:LogFormat (UnityEngine.LogType,UnityEngine.Object,string,object[])
UnityEngine.Logger:Log (UnityEngine.LogType,object)
UnityEngine.Debug:Log (object)
Game.Runtime.UnitAttackSystem:LogSuppressedUnitUnderAttackAudio (Unity.Entities.EntityManager,Unity.Entities.Entity,Unity.Entities.Entity,int,single,string,string) (at Assets/Game/Scripts/Systems/UnitAttackSystem.cs:519)
Game.Runtime.UnitAttackSystem:TryEmitUnitUnderAttackAudio (Unity.Entities.EntityManager,Unity.Entities.Entity,single,Unity.Entities.Entity,int,string) (at Assets/Game/Scripts/Systems/UnitAttackSystem.cs:471)
Game.Runtime.UnitAttackSystem:OnUpdate (Unity.Entities.SystemState&) (at Assets/Game/Scripts/Systems/UnitAttackSystem.cs:395)
Game.Runtime.UnitAttackSystem:__codegen__OnUpdate (intptr,intptr)
Unity.Entities.SystemBaseRegistry/<>c__DisplayClass9_0:<SelectBurstFn>b__0 (intptr,intptr) (at ./Library/PackageCache/com.unity.entities@bab66ffaba49/Unity.Entities/SystemBaseRegistry.cs:251)
Unity.Entities.WorldUnmanagedImpl/Unity.Entities.UnmanagedUpdate_000015A0$BurstDirectCall:Invoke (void*)
Unity.Entities.WorldUnmanagedImpl:UnmanagedUpdate (void*)
Unity.Entities.WorldUnmanagedImpl:UpdateSystem (Unity.Entities.SystemHandle) (at ./Library/PackageCache/com.unity.entities@bab66ffaba49/Unity.Entities/WorldUnmanaged.cs:942)
Unity.Entities.ComponentSystemGroup:UpdateAllSystems () (at ./Library/PackageCache/com.unity.entities@bab66ffaba49/Unity.Entities/ComponentSystemGroup.cs:725)
Unity.Entities.ComponentSystemGroup:OnUpdate () (at ./Library/PackageCache/com.unity.entities@bab66ffaba49/Unity.Entities/ComponentSystemGroup.cs:687)
Unity.Entities.SystemBase:Update () (at ./Library/PackageCache/com.unity.entities@bab66ffaba49/Unity.Entities/SystemBase.cs:205)
Unity.Entities.ScriptBehaviourUpdateOrder/DummyDelegateWrapper:TriggerUpdate () (at ./Library/PackageCache/com.unity.entities@bab66ffaba49/Unity.Entities/ScriptBehaviourUpdateOrder.cs:523)

(Filename: Assets/Game/Scripts/Systems/UnitAttackSystem.cs Line: 519)

[PerfDiag] slowUpdate frame=2848 total=36.3ms gc=0/0/0 cpuFrame=27.0ms cpuMain=21.7ms cpuRender=1.8ms gpu=30.0ms steps=RoadBuild=0.0ms, BuildingPlacement=0.1ms, Selection=0.1ms, DayNight=0.0ms, CitizenPopulation=0.0ms, MainMenu=36.1ms units=415 models=51 sourceKeys=415 sourceKeyFallbackVisuals=0 initialSpawnConfigs=0 drawCalls=342 batches=0 setPass=111 tris=2769963 verts=4978944 memory=alloc=5036MB reserved=5727MB mono=1641MB uiToolkit=0 gameplayInitialized=1 playRequested=1 simulationActive=1 focused=1 vSync=0 targetFps=-1 topSystems=disabled markers=disabled
[AudioDiag] Suppressed Alert.Unit.UnderAttack reason=GenericUnderAttackAlertDisabled sourceSystem=UnitAttackSystem requestedAt=69.79 damage=22 target=entity=571:13 name='Armored APC' source='Unit_Veh_APC_Slow' faction=1 cell=(641,530) hp=192/280 attacker=entity=766:7 name='Ghillie Rocketeer' source='Unit_Chr_Ghillie_Male_01' faction=2 cell=(663,533) hp=50/90
UnityEngine.Debug:ExtractStackTraceNoAlloc (byte*,int,string)
UnityEngine.StackTraceUtility:ExtractStackTrace () (at /Users/bokken/build/output/unity/unity/Runtime/Export/Scripting/StackTrace.cs:35)
UnityEngine.DebugLogHandler:Internal_Log (UnityEngine.LogType,UnityEngine.LogOption,string,UnityEngine.Object)
UnityEngine.DebugLogHandler:LogFormat (UnityEngine.LogType,UnityEngine.Object,string,object[])
UnityEngine.Logger:Log (UnityEngine.LogType,object)
UnityEngine.Debug:Log (object)
Game.Runtime.UnitAttackSystem:LogSuppressedUnitUnderAttackAudio (Unity.Entities.EntityManager,Unity.Entities.Entity,Unity.Entities.Entity,int,single,string,string) (at Assets/Game/Scripts/Systems/UnitAttackSystem.cs:519)
Game.Runtime.UnitAttackSystem:TryEmitUnitUnderAttackAudio (Unity.Entities.EntityManager,Unity.Entities.Entity,single,Unity.Entities.Entity,int,string) (at Assets/Game/Scripts/Systems/UnitAttackSystem.cs:471)
Game.Runtime.UnitAttackSystem:OnUpdate (Unity.Entities.SystemState&) (at Assets/Game/Scripts/Systems/UnitAttackSystem.cs:395)
Game.Runtime.UnitAttackSystem:__codegen__OnUpdate (intptr,intptr)
Unity.Entities.SystemBaseRegistry/<>c__DisplayClass9_0:<SelectBurstFn>b__0 (intptr,intptr) (at ./Library/PackageCache/com.unity.entities@bab66ffaba49/Unity.Entities/SystemBaseRegistry.cs:251)
Unity.Entities.WorldUnmanagedImpl/Unity.Entities.UnmanagedUpdate_000015A0$BurstDirectCall:Invoke (void*)
Unity.Entities.WorldUnmanagedImpl:UnmanagedUpdate (void*)
Unity.Entities.WorldUnmanagedImpl:UpdateSystem (Unity.Entities.SystemHandle) (at ./Library/PackageCache/com.unity.entities@bab66ffaba49/Unity.Entities/WorldUnmanaged.cs:942)
Unity.Entities.ComponentSystemGroup:UpdateAllSystems () (at ./Library/PackageCache/com.unity.entities@bab66ffaba49/Unity.Entities/ComponentSystemGroup.cs:725)
Unity.Entities.ComponentSystemGroup:OnUpdate () (at ./Library/PackageCache/com.unity.entities@bab66ffaba49/Unity.Entities/ComponentSystemGroup.cs:687)
Unity.Entities.SystemBase:Update () (at ./Library/PackageCache/com.unity.entities@bab66ffaba49/Unity.Entities/SystemBase.cs:205)
Unity.Entities.ScriptBehaviourUpdateOrder/DummyDelegateWrapper:TriggerUpdate () (at ./Library/PackageCache/com.unity.entities@bab66ffaba49/Unity.Entities/ScriptBehaviourUpdateOrder.cs:523)

(Filename: Assets/Game/Scripts/Systems/UnitAttackSystem.cs Line: 519)

[AudioDiag] Suppressed Alert.Unit.UnderAttack reason=GenericUnderAttackAlertDisabled sourceSystem=UnitAttackSystem requestedAt=69.86 damage=22 target=entity=571:13 name='Armored APC' source='Unit_Veh_APC_Slow' faction=1 cell=(641,530) hp=170/280 attacker=entity=754:7 name='Ghillie Rocketeer' source='Unit_Chr_Ghillie_Male_01' faction=2 cell=(662,533) hp=90/90
UnityEngine.Debug:ExtractStackTraceNoAlloc (byte*,int,string)
UnityEngine.StackTraceUtility:ExtractStackTrace () (at /Users/bokken/build/output/unity/unity/Runtime/Export/Scripting/StackTrace.cs:35)
UnityEngine.DebugLogHandler:Internal_Log (UnityEngine.LogType,UnityEngine.LogOption,string,UnityEngine.Object)
UnityEngine.DebugLogHandler:LogFormat (UnityEngine.LogType,UnityEngine.Object,string,object[])
UnityEngine.Logger:Log (UnityEngine.LogType,object)
UnityEngine.Debug:Log (object)
Game.Runtime.UnitAttackSystem:LogSuppressedUnitUnderAttackAudio (Unity.Entities.EntityManager,Unity.Entities.Entity,Unity.Entities.Entity,int,single,string,string) (at Assets/Game/Scripts/Systems/UnitAttackSystem.cs:519)
Game.Runtime.UnitAttackSystem:TryEmitUnitUnderAttackAudio (Unity.Entities.EntityManager,Unity.Entities.Entity,single,Unity.Entities.Entity,int,string) (at Assets/Game/Scripts/Systems/UnitAttackSystem.cs:471)
Game.Runtime.UnitAttackSystem:OnUpdate (Unity.Entities.SystemState&) (at Assets/Game/Scripts/Systems/UnitAttackSystem.cs:395)
Game.Runtime.UnitAttackSystem:__codegen__OnUpdate (intptr,intptr)
Unity.Entities.SystemBaseRegistry/<>c__DisplayClass9_0:<SelectBurstFn>b__0 (intptr,intptr) (at ./Library/PackageCache/com.unity.entities@bab66ffaba49/Unity.Entities/SystemBaseRegistry.cs:251)
Unity.Entities.WorldUnmanagedImpl/Unity.Entities.UnmanagedUpdate_000015A0$BurstDirectCall:Invoke (void*)
Unity.Entities.WorldUnmanagedImpl:UnmanagedUpdate (void*)
Unity.Entities.WorldUnmanagedImpl:UpdateSystem (Unity.Entities.SystemHandle) (at ./Library/PackageCache/com.unity.entities@bab66ffaba49/Unity.Entities/WorldUnmanaged.cs:942)
Unity.Entities.ComponentSystemGroup:UpdateAllSystems () (at ./Library/PackageCache/com.unity.entities@bab66ffaba49/Unity.Entities/ComponentSystemGroup.cs:725)
Unity.Entities.ComponentSystemGroup:OnUpdate () (at ./Library/PackageCache/com.unity.entities@bab66ffaba49/Unity.Entities/ComponentSystemGroup.cs:687)
Unity.Entities.SystemBase:Update () (at ./Library/PackageCache/com.unity.entities@bab66ffaba49/Unity.Entities/SystemBase.cs:205)
Unity.Entities.ScriptBehaviourUpdateOrder/DummyDelegateWrapper:TriggerUpdate () (at ./Library/PackageCache/com.unity.entities@bab66ffaba49/Unity.Entities/ScriptBehaviourUpdateOrder.cs:523)

(Filename: Assets/Game/Scripts/Systems/UnitAttackSystem.cs Line: 519)

[PerfDiag] slowUpdate frame=2882 total=41.1ms gc=0/0/0 cpuFrame=22.7ms cpuMain=20.4ms cpuRender=2.2ms gpu=29.0ms steps=RoadBuild=0.0ms, BuildingPlacement=0.1ms, Selection=0.1ms, DayNight=0.0ms, CitizenPopulation=0.0ms, MainMenu=40.9ms units=415 models=51 sourceKeys=415 sourceKeyFallbackVisuals=0 initialSpawnConfigs=0 drawCalls=343 batches=0 setPass=111 tris=2770159 verts=4979260 memory=alloc=5038MB reserved=5722MB mono=1646MB uiToolkit=0 gameplayInitialized=1 playRequested=1 simulationActive=1 focused=1 vSync=0 targetFps=-1 topSystems=disabled markers=disabled
[AudioDiag] Suppressed Alert.Unit.UnderAttack reason=GenericUnderAttackAlertDisabled sourceSystem=UnitAttackSystem requestedAt=70.45 damage=44 target=entity=571:13 name='Armored APC' source='Unit_Veh_APC_Slow' faction=1 cell=(641,530) hp=126/280 attacker=entity=760:7 name='Ghillie Rocketeer' source='Unit_Chr_Ghillie_Male_01' faction=2 cell=(665,533) hp=90/90
UnityEngine.Debug:ExtractStackTraceNoAlloc (byte*,int,string)
UnityEngine.StackTraceUtility:ExtractStackTrace () (at /Users/bokken/build/output/unity/unity/Runtime/Export/Scripting/StackTrace.cs:35)
UnityEngine.DebugLogHandler:Internal_Log (UnityEngine.LogType,UnityEngine.LogOption,string,UnityEngine.Object)
UnityEngine.DebugLogHandler:LogFormat (UnityEngine.LogType,UnityEngine.Object,string,object[])
UnityEngine.Logger:Log (UnityEngine.LogType,object)
UnityEngine.Debug:Log (object)
Game.Runtime.UnitAttackSystem:LogSuppressedUnitUnderAttackAudio (Unity.Entities.EntityManager,Unity.Entities.Entity,Unity.Entities.Entity,int,single,string,string) (at Assets/Game/Scripts/Systems/UnitAttackSystem.cs:519)
Game.Runtime.UnitAttackSystem:TryEmitUnitUnderAttackAudio (Unity.Entities.EntityManager,Unity.Entities.Entity,single,Unity.Entities.Entity,int,string) (at Assets/Game/Scripts/Systems/UnitAttackSystem.cs:471)
Game.Runtime.UnitAttackSystem:OnUpdate (Unity.Entities.SystemState&) (at Assets/Game/Scripts/Systems/UnitAttackSystem.cs:395)
Game.Runtime.UnitAttackSystem:__codegen__OnUpdate (intptr,intptr)
Unity.Entities.SystemBaseRegistry/<>c__DisplayClass9_0:<SelectBurstFn>b__0 (intptr,intptr) (at ./Library/PackageCache/com.unity.entities@bab66ffaba49/Unity.Entities/SystemBaseRegistry.cs:251)
Unity.Entities.WorldUnmanagedImpl/Unity.Entities.UnmanagedUpdate_000015A0$BurstDirectCall:Invoke (void*)
Unity.Entities.WorldUnmanagedImpl:UnmanagedUpdate (void*)
Unity.Entities.WorldUnmanagedImpl:UpdateSystem (Unity.Entities.SystemHandle) (at ./Library/PackageCache/com.unity.entities@bab66ffaba49/Unity.Entities/WorldUnmanaged.cs:942)
Unity.Entities.ComponentSystemGroup:UpdateAllSystems () (at ./Library/PackageCache/com.unity.entities@bab66ffaba49/Unity.Entities/ComponentSystemGroup.cs:725)
Unity.Entities.ComponentSystemGroup:OnUpdate () (at ./Library/PackageCache/com.unity.entities@bab66ffaba49/Unity.Entities/ComponentSystemGroup.cs:687)
Unity.Entities.SystemBase:Update () (at ./Library/PackageCache/com.unity.entities@bab66ffaba49/Unity.Entities/SystemBase.cs:205)
Unity.Entities.ScriptBehaviourUpdateOrder/DummyDelegateWrapper:TriggerUpdate () (at ./Library/PackageCache/com.unity.entities@bab66ffaba49/Unity.Entities/ScriptBehaviourUpdateOrder.cs:523)

(Filename: Assets/Game/Scripts/Systems/UnitAttackSystem.cs Line: 519)

[FrameRateDiag] fps=37.8 avgFrame=26.4ms updateAvg=6.2ms updateMax=41.1ms cpuFrame=28.7ms cpuMain=25.5ms cpuRender=2.4ms gpu=33.1ms drawCalls=343 batches=0 setPass=111 tris=2770205 verts=4979352 units=415 models=51 sourceKeys=415 sourceKeyFallbackVisuals=0 initialSpawnConfigs=0 impostors=20 render=screen=2400x1080,batch=0,quality=0:PC,vSync=0,targetFps=-1,pipeline=Mobile_RPAsset_MobileCandidate,scale=0.75,msaa=0,camera=Main Camera,cameraData=post:1,aa:FastApproximateAntialiasing,stack:0 memory=alloc=5032MB reserved=5722MB mono=1648MB focused=1 playRequested=1 simulationActive=1 stepStats=none topSystems=disabled markers=disabled
[AudioDiag] Suppressed Alert.Unit.UnderAttack reason=GenericUnderAttackAlertDisabled sourceSystem=UnitAttackSystem requestedAt=70.80 damage=22 target=entity=571:13 name='Armored APC' source='Unit_Veh_APC_Slow' faction=1 cell=(641,530) hp=104/280 attacker=entity=766:7 name='Ghillie Rocketeer' source='Unit_Chr_Ghillie_Male_01' faction=2 cell=(663,533) hp=34/90
UnityEngine.Debug:ExtractStackTraceNoAlloc (byte*,int,string)
UnityEngine.StackTraceUtility:ExtractStackTrace () (at /Users/bokken/build/output/unity/unity/Runtime/Export/Scripting/StackTrace.cs:35)
UnityEngine.DebugLogHandler:Internal_Log (UnityEngine.LogType,UnityEngine.LogOption,string,UnityEngine.Object)
UnityEngine.DebugLogHandler:LogFormat (UnityEngine.LogType,UnityEngine.Object,string,object[])
UnityEngine.Logger:Log (UnityEngine.LogType,object)
UnityEngine.Debug:Log (object)
Game.Runtime.UnitAttackSystem:LogSuppressedUnitUnderAttackAudio (Unity.Entities.EntityManager,Unity.Entities.Entity,Unity.Entities.Entity,int,single,string,string) (at Assets/Game/Scripts/Systems/UnitAttackSystem.cs:519)
Game.Runtime.UnitAttackSystem:TryEmitUnitUnderAttackAudio (Unity.Entities.EntityManager,Unity.Entities.Entity,single,Unity.Entities.Entity,int,string) (at Assets/Game/Scripts/Systems/UnitAttackSystem.cs:471)
Game.Runtime.UnitAttackSystem:OnUpdate (Unity.Entities.SystemState&) (at Assets/Game/Scripts/Systems/UnitAttackSystem.cs:395)
Game.Runtime.UnitAttackSystem:__codegen__OnUpdate (intptr,intptr)
Unity.Entities.SystemBaseRegistry/<>c__DisplayClass9_0:<SelectBurstFn>b__0 (intptr,intptr) (at ./Library/PackageCache/com.unity.entities@bab66ffaba49/Unity.Entities/SystemBaseRegistry.cs:251)
Unity.Entities.WorldUnmanagedImpl/Unity.Entities.UnmanagedUpdate_000015A0$BurstDirectCall:Invoke (void*)
Unity.Entities.WorldUnmanagedImpl:UnmanagedUpdate (void*)
Unity.Entities.WorldUnmanagedImpl:UpdateSystem (Unity.Entities.SystemHandle) (at ./Library/PackageCache/com.unity.entities@bab66ffaba49/Unity.Entities/WorldUnmanaged.cs:942)
Unity.Entities.ComponentSystemGroup:UpdateAllSystems () (at ./Library/PackageCache/com.unity.entities@bab66ffaba49/Unity.Entities/ComponentSystemGroup.cs:725)
Unity.Entities.ComponentSystemGroup:OnUpdate () (at ./Library/PackageCache/com.unity.entities@bab66ffaba49/Unity.Entities/ComponentSystemGroup.cs:687)
Unity.Entities.SystemBase:Update () (at ./Library/PackageCache/com.unity.entities@bab66ffaba49/Unity.Entities/SystemBase.cs:205)
Unity.Entities.ScriptBehaviourUpdateOrder/DummyDelegateWrapper:TriggerUpdate () (at ./Library/PackageCache/com.unity.entities@bab66ffaba49/Unity.Entities/ScriptBehaviourUpdateOrder.cs:523)

(Filename: Assets/Game/Scripts/Systems/UnitAttackSystem.cs Line: 519)

[AudioDiag] Suppressed Alert.Unit.UnderAttack reason=GenericUnderAttackAlertDisabled sourceSystem=UnitAttackSystem requestedAt=70.86 damage=22 target=entity=571:13 name='Armored APC' source='Unit_Veh_APC_Slow' faction=1 cell=(641,530) hp=82/280 attacker=entity=754:7 name='Ghillie Rocketeer' source='Unit_Chr_Ghillie_Male_01' faction=2 cell=(662,533) hp=90/90
UnityEngine.Debug:ExtractStackTraceNoAlloc (byte*,int,string)
UnityEngine.StackTraceUtility:ExtractStackTrace () (at /Users/bokken/build/output/unity/unity/Runtime/Export/Scripting/StackTrace.cs:35)
UnityEngine.DebugLogHandler:Internal_Log (UnityEngine.LogType,UnityEngine.LogOption,string,UnityEngine.Object)
UnityEngine.DebugLogHandler:LogFormat (UnityEngine.LogType,UnityEngine.Object,string,object[])
UnityEngine.Logger:Log (UnityEngine.LogType,object)
UnityEngine.Debug:Log (object)
Game.Runtime.UnitAttackSystem:LogSuppressedUnitUnderAttackAudio (Unity.Entities.EntityManager,Unity.Entities.Entity,Unity.Entities.Entity,int,single,string,string) (at Assets/Game/Scripts/Systems/UnitAttackSystem.cs:519)
Game.Runtime.UnitAttackSystem:TryEmitUnitUnderAttackAudio (Unity.Entities.EntityManager,Unity.Entities.Entity,single,Unity.Entities.Entity,int,string) (at Assets/Game/Scripts/Systems/UnitAttackSystem.cs:471)
Game.Runtime.UnitAttackSystem:OnUpdate (Unity.Entities.SystemState&) (at Assets/Game/Scripts/Systems/UnitAttackSystem.cs:395)
Game.Runtime.UnitAttackSystem:__codegen__OnUpdate (intptr,intptr)
Unity.Entities.SystemBaseRegistry/<>c__DisplayClass9_0:<SelectBurstFn>b__0 (intptr,intptr) (at ./Library/PackageCache/com.unity.entities@bab66ffaba49/Unity.Entities/SystemBaseRegistry.cs:251)
Unity.Entities.WorldUnmanagedImpl/Unity.Entities.UnmanagedUpdate_000015A0$BurstDirectCall:Invoke (void*)
Unity.Entities.WorldUnmanagedImpl:UnmanagedUpdate (void*)
Unity.Entities.WorldUnmanagedImpl:UpdateSystem (Unity.Entities.SystemHandle) (at ./Library/PackageCache/com.unity.entities@bab66ffaba49/Unity.Entities/WorldUnmanaged.cs:942)
Unity.Entities.ComponentSystemGroup:UpdateAllSystems () (at ./Library/PackageCache/com.unity.entities@bab66ffaba49/Unity.Entities/ComponentSystemGroup.cs:725)
Unity.Entities.ComponentSystemGroup:OnUpdate () (at ./Library/PackageCache/com.unity.entities@bab66ffaba49/Unity.Entities/ComponentSystemGroup.cs:687)
Unity.Entities.SystemBase:Update () (at ./Library/PackageCache/com.unity.entities@bab66ffaba49/Unity.Entities/SystemBase.cs:205)
Unity.Entities.ScriptBehaviourUpdateOrder/DummyDelegateWrapper:TriggerUpdate () (at ./Library/PackageCache/com.unity.entities@bab66ffaba49/Unity.Entities/ScriptBehaviourUpdateOrder.cs:523)

(Filename: Assets/Game/Scripts/Systems/UnitAttackSystem.cs Line: 519)

[PerfDiag] slowUpdate frame=2907 total=52.3ms gc=0/0/0 cpuFrame=29.3ms cpuMain=26.8ms cpuRender=2.5ms gpu=7.9ms steps=RoadBuild=0.0ms, BuildingPlacement=0.2ms, Selection=0.1ms, DayNight=0.0ms, CitizenPopulation=0.0ms, MainMenu=51.9ms units=414 models=50 sourceKeys=414 sourceKeyFallbackVisuals=0 initialSpawnConfigs=0 drawCalls=334 batches=0 setPass=105 tris=2763666 verts=4967966 memory=alloc=5036MB reserved=5717MB mono=1651MB uiToolkit=0 gameplayInitialized=1 playRequested=1 simulationActive=1 focused=1 vSync=0 targetFps=-1 topSystems=disabled markers=disabled
[AudioDiag] Suppressed Alert.Unit.UnderAttack reason=GenericUnderAttackAlertDisabled sourceSystem=UnitAttackSystem requestedAt=71.47 damage=44 target=entity=571:13 name='Armored APC' source='Unit_Veh_APC_Slow' faction=1 cell=(641,530) hp=38/280 attacker=entity=760:7 name='Ghillie Rocketeer' source='Unit_Chr_Ghillie_Male_01' faction=2 cell=(665,533) hp=90/90
UnityEngine.Debug:ExtractStackTraceNoAlloc (byte*,int,string)
UnityEngine.StackTraceUtility:ExtractStackTrace () (at /Users/bokken/build/output/unity/unity/Runtime/Export/Scripting/StackTrace.cs:35)
UnityEngine.DebugLogHandler:Internal_Log (UnityEngine.LogType,UnityEngine.LogOption,string,UnityEngine.Object)
UnityEngine.DebugLogHandler:LogFormat (UnityEngine.LogType,UnityEngine.Object,string,object[])
UnityEngine.Logger:Log (UnityEngine.LogType,object)
UnityEngine.Debug:Log (object)
Game.Runtime.UnitAttackSystem:LogSuppressedUnitUnderAttackAudio (Unity.Entities.EntityManager,Unity.Entities.Entity,Unity.Entities.Entity,int,single,string,string) (at Assets/Game/Scripts/Systems/UnitAttackSystem.cs:519)
Game.Runtime.UnitAttackSystem:TryEmitUnitUnderAttackAudio (Unity.Entities.EntityManager,Unity.Entities.Entity,single,Unity.Entities.Entity,int,string) (at Assets/Game/Scripts/Systems/UnitAttackSystem.cs:471)
Game.Runtime.UnitAttackSystem:OnUpdate (Unity.Entities.SystemState&) (at Assets/Game/Scripts/Systems/UnitAttackSystem.cs:395)
Game.Runtime.UnitAttackSystem:__codegen__OnUpdate (intptr,intptr)
Unity.Entities.SystemBaseRegistry/<>c__DisplayClass9_0:<SelectBurstFn>b__0 (intptr,intptr) (at ./Library/PackageCache/com.unity.entities@bab66ffaba49/Unity.Entities/SystemBaseRegistry.cs:251)
Unity.Entities.WorldUnmanagedImpl/Unity.Entities.UnmanagedUpdate_000015A0$BurstDirectCall:Invoke (void*)
Unity.Entities.WorldUnmanagedImpl:UnmanagedUpdate (void*)
Unity.Entities.WorldUnmanagedImpl:UpdateSystem (Unity.Entities.SystemHandle) (at ./Library/PackageCache/com.unity.entities@bab66ffaba49/Unity.Entities/WorldUnmanaged.cs:942)
Unity.Entities.ComponentSystemGroup:UpdateAllSystems () (at ./Library/PackageCache/com.unity.entities@bab66ffaba49/Unity.Entities/ComponentSystemGroup.cs:725)
Unity.Entities.ComponentSystemGroup:OnUpdate () (at ./Library/PackageCache/com.unity.entities@bab66ffaba49/Unity.Entities/ComponentSystemGroup.cs:687)
Unity.Entities.SystemBase:Update () (at ./Library/PackageCache/com.unity.entities@bab66ffaba49/Unity.Entities/SystemBase.cs:205)
Unity.Entities.ScriptBehaviourUpdateOrder/DummyDelegateWrapper:TriggerUpdate () (at ./Library/PackageCache/com.unity.entities@bab66ffaba49/Unity.Entities/ScriptBehaviourUpdateOrder.cs:523)

(Filename: Assets/Game/Scripts/Systems/UnitAttackSystem.cs Line: 519)

[AudioDiag] Suppressed Alert.Unit.UnderAttack reason=GenericUnderAttackAlertDisabled sourceSystem=UnitAttackSystem requestedAt=71.82 damage=22 target=entity=571:13 name='Armored APC' source='Unit_Veh_APC_Slow' faction=1 cell=(641,530) hp=16/280 attacker=entity=766:7 name='Ghillie Rocketeer' source='Unit_Chr_Ghillie_Male_01' faction=2 cell=(663,533) hp=18/90
UnityEngine.Debug:ExtractStackTraceNoAlloc (byte*,int,string)
UnityEngine.StackTraceUtility:ExtractStackTrace () (at /Users/bokken/build/output/unity/unity/Runtime/Export/Scripting/StackTrace.cs:35)
UnityEngine.DebugLogHandler:Internal_Log (UnityEngine.LogType,UnityEngine.LogOption,string,UnityEngine.Object)
UnityEngine.DebugLogHandler:LogFormat (UnityEngine.LogType,UnityEngine.Object,string,object[])
UnityEngine.Logger:Log (UnityEngine.LogType,object)
UnityEngine.Debug:Log (object)
Game.Runtime.UnitAttackSystem:LogSuppressedUnitUnderAttackAudio (Unity.Entities.EntityManager,Unity.Entities.Entity,Unity.Entities.Entity,int,single,string,string) (at Assets/Game/Scripts/Systems/UnitAttackSystem.cs:519)
Game.Runtime.UnitAttackSystem:TryEmitUnitUnderAttackAudio (Unity.Entities.EntityManager,Unity.Entities.Entity,single,Unity.Entities.Entity,int,string) (at Assets/Game/Scripts/Systems/UnitAttackSystem.cs:471)
Game.Runtime.UnitAttackSystem:OnUpdate (Unity.Entities.SystemState&) (at Assets/Game/Scripts/Systems/UnitAttackSystem.cs:395)
Game.Runtime.UnitAttackSystem:__codegen__OnUpdate (intptr,intptr)
Unity.Entities.SystemBaseRegistry/<>c__DisplayClass9_0:<SelectBurstFn>b__0 (intptr,intptr) (at ./Library/PackageCache/com.unity.entities@bab66ffaba49/Unity.Entities/SystemBaseRegistry.cs:251)
Unity.Entities.WorldUnmanagedImpl/Unity.Entities.UnmanagedUpdate_000015A0$BurstDirectCall:Invoke (void*)
Unity.Entities.WorldUnmanagedImpl:UnmanagedUpdate (void*)
Unity.Entities.WorldUnmanagedImpl:UpdateSystem (Unity.Entities.SystemHandle) (at ./Library/PackageCache/com.unity.entities@bab66ffaba49/Unity.Entities/WorldUnmanaged.cs:942)
Unity.Entities.ComponentSystemGroup:UpdateAllSystems () (at ./Library/PackageCache/com.unity.entities@bab66ffaba49/Unity.Entities/ComponentSystemGroup.cs:725)
Unity.Entities.ComponentSystemGroup:OnUpdate () (at ./Library/PackageCache/com.unity.entities@bab66ffaba49/Unity.Entities/ComponentSystemGroup.cs:687)
Unity.Entities.SystemBase:Update () (at ./Library/PackageCache/com.unity.entities@bab66ffaba49/Unity.Entities/SystemBase.cs:205)
Unity.Entities.ScriptBehaviourUpdateOrder/DummyDelegateWrapper:TriggerUpdate () (at ./Library/PackageCache/com.unity.entities@bab66ffaba49/Unity.Entities/ScriptBehaviourUpdateOrder.cs:523)

(Filename: Assets/Game/Scripts/Systems/UnitAttackSystem.cs Line: 519)

[AudioDiag] Suppressed Alert.Unit.UnderAttack reason=GenericUnderAttackAlertDisabled sourceSystem=UnitAttackSystem requestedAt=71.87 damage=22 target=entity=571:13 name='Armored APC' source='Unit_Veh_APC_Slow' faction=1 cell=(641,530) hp=0/280 attacker=entity=754:7 name='Ghillie Rocketeer' source='Unit_Chr_Ghillie_Male_01' faction=2 cell=(662,533) hp=90/90
UnityEngine.Debug:ExtractStackTraceNoAlloc (byte*,int,string)
UnityEngine.StackTraceUtility:ExtractStackTrace () (at /Users/bokken/build/output/unity/unity/Runtime/Export/Scripting/StackTrace.cs:35)
UnityEngine.DebugLogHandler:Internal_Log (UnityEngine.LogType,UnityEngine.LogOption,string,UnityEngine.Object)
UnityEngine.DebugLogHandler:LogFormat (UnityEngine.LogType,UnityEngine.Object,string,object[])
UnityEngine.Logger:Log (UnityEngine.LogType,object)
UnityEngine.Debug:Log (object)
Game.Runtime.UnitAttackSystem:LogSuppressedUnitUnderAttackAudio (Unity.Entities.EntityManager,Unity.Entities.Entity,Unity.Entities.Entity,int,single,string,string) (at Assets/Game/Scripts/Systems/UnitAttackSystem.cs:519)
Game.Runtime.UnitAttackSystem:TryEmitUnitUnderAttackAudio (Unity.Entities.EntityManager,Unity.Entities.Entity,single,Unity.Entities.Entity,int,string) (at Assets/Game/Scripts/Systems/UnitAttackSystem.cs:471)
Game.Runtime.UnitAttackSystem:OnUpdate (Unity.Entities.SystemState&) (at Assets/Game/Scripts/Systems/UnitAttackSystem.cs:395)
Game.Runtime.UnitAttackSystem:__codegen__OnUpdate (intptr,intptr)
Unity.Entities.SystemBaseRegistry/<>c__DisplayClass9_0:<SelectBurstFn>b__0 (intptr,intptr) (at ./Library/PackageCache/com.unity.entities@bab66ffaba49/Unity.Entities/SystemBaseRegistry.cs:251)
Unity.Entities.WorldUnmanagedImpl/Unity.Entities.UnmanagedUpdate_000015A0$BurstDirectCall:Invoke (void*)
Unity.Entities.WorldUnmanagedImpl:UnmanagedUpdate (void*)
Unity.Entities.WorldUnmanagedImpl:UpdateSystem (Unity.Entities.SystemHandle) (at ./Library/PackageCache/com.unity.entities@bab66ffaba49/Unity.Entities/WorldUnmanaged.cs:942)
Unity.Entities.ComponentSystemGroup:UpdateAllSystems () (at ./Library/PackageCache/com.unity.entities@bab66ffaba49/Unity.Entities/ComponentSystemGroup.cs:725)
Unity.Entities.ComponentSystemGroup:OnUpdate () (at ./Library/PackageCache/com.unity.entities@bab66ffaba49/Unity.Entities/ComponentSystemGroup.cs:687)
Unity.Entities.SystemBase:Update () (at ./Library/PackageCache/com.unity.entities@bab66ffaba49/Unity.Entities/SystemBase.cs:205)
Unity.Entities.ScriptBehaviourUpdateOrder/DummyDelegateWrapper:TriggerUpdate () (at ./Library/PackageCache/com.unity.entities@bab66ffaba49/Unity.Entities/ScriptBehaviourUpdateOrder.cs:523)

(Filename: Assets/Game/Scripts/Systems/UnitAttackSystem.cs Line: 519)

[PerfDiag] slowUpdate frame=2933 total=45.2ms gc=0/0/0 cpuFrame=31.8ms cpuMain=29.6ms cpuRender=2.3ms gpu=17.4ms steps=RoadBuild=0.0ms, BuildingPlacement=0.1ms, Selection=0.1ms, DayNight=0.0ms, CitizenPopulation=0.0ms, MainMenu=44.9ms units=414 models=50 sourceKeys=414 sourceKeyFallbackVisuals=0 initialSpawnConfigs=0 drawCalls=336 batches=0 setPass=104 tris=2762854 verts=4968206 memory=alloc=5045MB reserved=5717MB mono=1656MB uiToolkit=0 gameplayInitialized=1 playRequested=1 simulationActive=1 focused=1 vSync=0 targetFps=-1 topSystems=disabled markers=disabled
[Licensing::Client] Successfully resolved entitlement details
[FreezeDetect] Frame gap frame=2936 Gap=1339.9ms GC=1/1/1 LastSteps=RoadBuild=0.0ms, BuildingPlacement=0.3ms, Selection=0.2ms, DayNight=0.0ms, CitizenPopulation=0.0ms, MainMenu=9.1ms
[PerfDiag] slowUpdate frame=2936 total=37.6ms gc=1/1/1 cpuFrame=26.5ms cpuMain=23.7ms cpuRender=2.2ms gpu=31.6ms steps=RoadBuild=0.0ms, BuildingPlacement=0.5ms, Selection=0.1ms, DayNight=0.0ms, CitizenPopulation=0.0ms, MainMenu=36.9ms units=414 models=50 sourceKeys=414 sourceKeyFallbackVisuals=0 initialSpawnConfigs=0 drawCalls=335 batches=0 setPass=104 tris=2762858 verts=4968214 memory=alloc=5060MB reserved=5725MB mono=1531MB uiToolkit=0 gameplayInitialized=1 playRequested=1 simulationActive=1 focused=1 vSync=0 targetFps=-1 topSystems=disabled markers=disabled
[FrameRateDiag] fps=15.8 avgFrame=63.2ms updateAvg=9.2ms updateMax=52.3ms cpuFrame=26.5ms cpuMain=23.7ms cpuRender=2.2ms gpu=31.6ms drawCalls=335 batches=0 setPass=104 tris=2762858 verts=4968214 units=414 models=50 sourceKeys=414 sourceKeyFallbackVisuals=0 initialSpawnConfigs=0 impostors=20 render=screen=2400x1080,batch=0,quality=0:PC,vSync=0,targetFps=-1,pipeline=Mobile_RPAsset_MobileCandidate,scale=0.75,msaa=0,camera=Main Camera,cameraData=post:1,aa:FastApproximateAntialiasing,stack:0 memory=alloc=5060MB reserved=5725MB mono=1531MB focused=1 playRequested=1 simulationActive=1 stepStats=none topSystems=disabled markers=disabled
[PerfDiag] slowUpdate frame=2973 total=36.7ms gc=0/0/0 cpuFrame=18.8ms cpuMain=17.0ms cpuRender=1.8ms gpu=13.8ms steps=RoadBuild=0.0ms, BuildingPlacement=0.1ms, Selection=0.1ms, DayNight=0.0ms, CitizenPopulation=0.0ms, MainMenu=36.4ms units=414 models=50 sourceKeys=414 sourceKeyFallbackVisuals=0 initialSpawnConfigs=0 drawCalls=335 batches=0 setPass=104 tris=2801306 verts=5056438 memory=alloc=5065MB reserved=5724MB mono=1535MB uiToolkit=0 gameplayInitialized=1 playRequested=1 simulationActive=1 focused=1 vSync=0 targetFps=-1 topSystems=disabled markers=disabled
[PerfDiag] slowUpdate frame=3000 total=66.2ms gc=0/0/0 cpuFrame=38.4ms cpuMain=34.6ms cpuRender=3.1ms gpu=31.3ms steps=RoadBuild=0.0ms, BuildingPlacement=0.1ms, Selection=0.2ms, DayNight=0.0ms, CitizenPopulation=0.0ms, MainMenu=65.9ms units=414 models=50 sourceKeys=414 sourceKeyFallbackVisuals=0 initialSpawnConfigs=0 drawCalls=333 batches=0 setPass=103 tris=2800992 verts=5055886 memory=alloc=5068MB reserved=5723MB mono=1538MB uiToolkit=0 gameplayInitialized=1 playRequested=1 simulationActive=1 focused=1 vSync=0 targetFps=-1 topSystems=disabled markers=disabled
[FrameRateDiag] fps=35.2 avgFrame=28.4ms updateAvg=6.9ms updateMax=66.2ms cpuFrame=47.2ms cpuMain=43.0ms cpuRender=3.1ms gpu=14.3ms drawCalls=338 batches=0 setPass=105 tris=2801948 verts=5057694 units=414 models=50 sourceKeys=414 sourceKeyFallbackVisuals=0 initialSpawnConfigs=0 impostors=16 render=screen=2400x1080,batch=0,quality=0:PC,vSync=0,targetFps=-1,pipeline=Mobile_RPAsset_MobileCandidate,scale=0.75,msaa=0,camera=Main Camera,cameraData=post:1,aa:FastApproximateAntialiasing,stack:0 memory=alloc=5071MB reserved=5723MB mono=1539MB focused=1 playRequested=1 simulationActive=1 stepStats=none topSystems=disabled markers=disabled
[RenderSceneDiag] frame=3008 source=profilerCounters drawCalls=338 batches=0 setPass=105 tris=2801948 verts=5057694 topSystems=disabled markers=disabled
[PerfDiag] slowUpdate frame=3017 total=60.0ms gc=0/0/0 cpuFrame=48.4ms cpuMain=41.7ms cpuRender=4.6ms gpu=35.5ms steps=RoadBuild=0.0ms, BuildingPlacement=0.1ms, Selection=0.2ms, DayNight=0.0ms, CitizenPopulation=0.0ms, MainMenu=59.6ms units=414 models=50 sourceKeys=414 sourceKeyFallbackVisuals=0 initialSpawnConfigs=0 drawCalls=339 batches=0 setPass=105 tris=2802208 verts=5058138 memory=alloc=5073MB reserved=5738MB mono=1540MB uiToolkit=0 gameplayInitialized=1 playRequested=1 simulationActive=1 focused=1 vSync=0 targetFps=-1 topSystems=disabled markers=disabled
[PerfDiag] slowUpdate frame=3034 total=68.6ms gc=0/0/0 cpuFrame=41.0ms cpuMain=37.8ms cpuRender=0.8ms gpu=0.2ms steps=RoadBuild=0.1ms, BuildingPlacement=0.2ms, Selection=0.2ms, DayNight=0.0ms, CitizenPopulation=0.0ms, MainMenu=68.1ms units=414 models=50 sourceKeys=414 sourceKeyFallbackVisuals=0 initialSpawnConfigs=0 drawCalls=342 batches=0 setPass=105 tris=2784089 verts=5010792 memory=alloc=5088MB reserved=5754MB mono=1543MB uiToolkit=0 gameplayInitialized=1 playRequested=1 simulationActive=1 focused=1 vSync=0 targetFps=-1 topSystems=disabled markers=disabled
[PerfDiag] slowUpdate frame=3053 total=55.0ms gc=0/0/0 cpuFrame=34.2ms cpuMain=31.3ms cpuRender=3.0ms gpu=7.0ms steps=RoadBuild=0.0ms, BuildingPlacement=0.1ms, Selection=0.2ms, DayNight=0.0ms, CitizenPopulation=0.0ms, MainMenu=54.7ms units=414 models=50 sourceKeys=414 sourceKeyFallbackVisuals=0 initialSpawnConfigs=0 drawCalls=349 batches=0 setPass=115 tris=2736037 verts=4886848 memory=alloc=5092MB reserved=5754MB mono=1545MB uiToolkit=0 gameplayInitialized=1 playRequested=1 simulationActive=1 focused=1 vSync=0 targetFps=-1 topSystems=disabled markers=disabled
[FrameRateDiag] fps=22.7 avgFrame=44.1ms updateAvg=12.6ms updateMax=68.6ms cpuFrame=34.2ms cpuMain=31.3ms cpuRender=3.0ms gpu=7.0ms drawCalls=349 batches=0 setPass=115 tris=2736037 verts=4886848 units=414 models=50 sourceKeys=414 sourceKeyFallbackVisuals=0 initialSpawnConfigs=0 impostors=31 render=screen=2400x1080,batch=0,quality=0:PC,vSync=0,targetFps=-1,pipeline=Mobile_RPAsset_MobileCandidate,scale=0.75,msaa=0,camera=Main Camera,cameraData=post:1,aa:FastApproximateAntialiasing,stack:0 memory=alloc=5093MB reserved=5754MB mono=1545MB focused=1 playRequested=1 simulationActive=1 stepStats=none topSystems=disabled markers=disabled
[PerfDiag] slowUpdate frame=3077 total=55.1ms gc=0/0/0 cpuFrame=33.8ms cpuMain=31.1ms cpuRender=2.8ms gpu=6.3ms steps=RoadBuild=0.0ms, BuildingPlacement=0.1ms, Selection=0.2ms, DayNight=0.0ms, CitizenPopulation=0.0ms, MainMenu=54.7ms units=413 models=49 sourceKeys=413 sourceKeyFallbackVisuals=0 initialSpawnConfigs=0 drawCalls=346 batches=0 setPass=114 tris=2741602 verts=4907305 memory=alloc=5097MB reserved=5753MB mono=1549MB uiToolkit=0 gameplayInitialized=1 playRequested=1 simulationActive=1 focused=1 vSync=0 targetFps=-1 topSystems=disabled markers=disabled
[PerfDiag] slowUpdate frame=3102 total=46.6ms gc=0/0/0 cpuFrame=30.5ms cpuMain=28.3ms cpuRender=2.5ms gpu=17.2ms steps=RoadBuild=0.0ms, BuildingPlacement=0.1ms, Selection=0.1ms, DayNight=0.0ms, CitizenPopulation=0.0ms, MainMenu=46.3ms units=413 models=49 sourceKeys=413 sourceKeyFallbackVisuals=0 initialSpawnConfigs=0 drawCalls=351 batches=0 setPass=115 tris=2763908 verts=4968493 memory=alloc=5101MB reserved=5752MB mono=1552MB uiToolkit=0 gameplayInitialized=1 playRequested=1 simulationActive=1 focused=1 vSync=0 targetFps=-1 topSystems=disabled markers=disabled
[FrameRateDiag] fps=29.9 avgFrame=33.4ms updateAvg=8.4ms updateMax=55.1ms cpuFrame=25.7ms cpuMain=23.0ms cpuRender=2.3ms gpu=27.3ms drawCalls=349 batches=0 setPass=113 tris=2763810 verts=4968297 units=413 models=49 sourceKeys=413 sourceKeyFallbackVisuals=0 initialSpawnConfigs=0 impostors=20 render=screen=2400x1080,batch=0,quality=0:PC,vSync=0,targetFps=-1,pipeline=Mobile_RPAsset_MobileCandidate,scale=0.75,msaa=0,camera=Main Camera,cameraData=post:1,aa:FastApproximateAntialiasing,stack:0 memory=alloc=5104MB reserved=5752MB mono=1554MB focused=1 playRequested=1 simulationActive=1 stepStats=none topSystems=disabled markers=disabled
[PerfDiag] slowUpdate frame=3129 total=48.8ms gc=0/0/0 cpuFrame=29.6ms cpuMain=27.2ms cpuRender=2.3ms gpu=5.2ms steps=RoadBuild=0.0ms, BuildingPlacement=0.1ms, Selection=0.1ms, DayNight=0.0ms, CitizenPopulation=0.0ms, MainMenu=48.5ms units=413 models=49 sourceKeys=413 sourceKeyFallbackVisuals=0 initialSpawnConfigs=0 drawCalls=352 batches=0 setPass=115 tris=2764058 verts=4968717 memory=alloc=5108MB reserved=5752MB mono=1556MB uiToolkit=0 gameplayInitialized=1 playRequested=1 simulationActive=1 focused=1 vSync=0 targetFps=-1 topSystems=disabled markers=disabled
[PerfDiag] slowUpdate frame=3156 total=46.7ms gc=0/0/0 cpuFrame=31.6ms cpuMain=28.4ms cpuRender=0.6ms gpu=24.9ms steps=RoadBuild=0.0ms, BuildingPlacement=0.1ms, Selection=0.1ms, DayNight=0.0ms, CitizenPopulation=0.0ms, MainMenu=46.5ms units=413 models=49 sourceKeys=413 sourceKeyFallbackVisuals=0 initialSpawnConfigs=0 drawCalls=352 batches=0 setPass=115 tris=2763812 verts=4968301 memory=alloc=5104MB reserved=5748MB mono=1560MB uiToolkit=0 gameplayInitialized=1 playRequested=1 simulationActive=1 focused=1 vSync=0 targetFps=-1 topSystems=disabled markers=disabled
[AudioDiag] Playback event=VO.ARIA.Message.WarningGroundAttackType bus=Voice requestId=221 played=1 status=Presented reason=Played at=89.88 source=null
UnityEngine.Debug:ExtractStackTraceNoAlloc (byte*,int,string)
UnityEngine.StackTraceUtility:ExtractStackTrace () (at /Users/bokken/build/output/unity/unity/Runtime/Export/Scripting/StackTrace.cs:35)
UnityEngine.DebugLogHandler:Internal_Log (UnityEngine.LogType,UnityEngine.LogOption,string,UnityEngine.Object)
UnityEngine.DebugLogHandler:LogFormat (UnityEngine.LogType,UnityEngine.Object,string,object[])
UnityEngine.Logger:Log (UnityEngine.LogType,object)
UnityEngine.Debug:Log (object)
Game.Runtime.AudioPlaybackPresentationDiagnostics:Log (Unity.Entities.EntityManager,Game.Components.AudioPlaybackRequestElement,Game.Configs.AudioEventCatalogEntry,Game.Runtime.AudioPlaybackPresentationResult,single) (at Assets/Game/Scripts/Audio/Runtime/AudioPlaybackPresentationDiagnostics.cs:32)
Game.Runtime.AudioPlaybackPresentationBridgeSystemHelper:DrainAcceptedRequests (Unity.Entities.EntityManager,Game.Configs.AudioEventCatalogConfig,Game.Configs.AudioMixerBusConfig,Game.Runtime.AudioPlaybackPresentationSystemHelper,single) (at Assets/Game/Scripts/Audio/Runtime/AudioPlaybackPresentationBridgeSystemHelper.cs:169)
Game.Runtime.AudioPlaybackPresentationRuntimeView:Update () (at Assets/Game/Scripts/Audio/Runtime/AudioPlaybackPresentationRuntimeView.cs:54)

(Filename: Assets/Game/Scripts/Audio/Runtime/AudioPlaybackPresentationDiagnostics.cs Line: 32)

[FrameRateDiag] fps=31.5 avgFrame=31.7ms updateAvg=8.3ms updateMax=48.8ms cpuFrame=30.8ms cpuMain=28.3ms cpuRender=2.7ms gpu=7.1ms drawCalls=360 batches=0 setPass=125 tris=2765184 verts=4970913 units=413 models=49 sourceKeys=413 sourceKeyFallbackVisuals=0 initialSpawnConfigs=0 impostors=20 render=screen=2400x1080,batch=0,quality=0:PC,vSync=0,targetFps=-1,pipeline=Mobile_RPAsset_MobileCandidate,scale=0.75,msaa=0,camera=Main Camera,cameraData=post:1,aa:FastApproximateAntialiasing,stack:0 memory=alloc=5107MB reserved=5747MB mono=1563MB focused=1 playRequested=1 simulationActive=1 stepStats=none topSystems=disabled markers=disabled
[PerfDiag] slowUpdate frame=3180 total=54.3ms gc=0/0/0 cpuFrame=30.5ms cpuMain=28.1ms cpuRender=2.7ms gpu=7.7ms steps=RoadBuild=0.0ms, BuildingPlacement=0.2ms, Selection=0.1ms, DayNight=0.0ms, CitizenPopulation=0.0ms, MainMenu=54.0ms units=413 models=49 sourceKeys=413 sourceKeyFallbackVisuals=0 initialSpawnConfigs=0 drawCalls=357 batches=0 setPass=123 tris=2764460 verts=4969521 memory=alloc=5109MB reserved=5747MB mono=1563MB uiToolkit=0 gameplayInitialized=1 playRequested=1 simulationActive=1 focused=1 vSync=0 targetFps=-1 topSystems=disabled markers=disabled
[PerfDiag] slowUpdate frame=3205 total=47.0ms gc=0/0/0 cpuFrame=30.4ms cpuMain=28.0ms cpuRender=0.6ms gpu=0.8ms steps=RoadBuild=0.0ms, BuildingPlacement=0.1ms, Selection=0.1ms, DayNight=0.0ms, CitizenPopulation=0.0ms, MainMenu=46.7ms units=413 models=49 sourceKeys=413 sourceKeyFallbackVisuals=0 initialSpawnConfigs=0 drawCalls=366 batches=0 setPass=131 tris=2763918 verts=4968767 memory=alloc=5110MB reserved=5747MB mono=1567MB uiToolkit=0 gameplayInitialized=1 playRequested=1 simulationActive=1 focused=1 vSync=0 targetFps=-1 topSystems=disabled markers=disabled
[PerfDiag] slowUpdate frame=3231 total=54.0ms gc=0/0/0 cpuFrame=35.2ms cpuMain=31.9ms cpuRender=2.9ms gpu=37.4ms steps=RoadBuild=0.0ms, BuildingPlacement=0.1ms, Selection=0.1ms, DayNight=0.0ms, CitizenPopulation=0.0ms, MainMenu=53.7ms units=413 models=49 sourceKeys=413 sourceKeyFallbackVisuals=0 initialSpawnConfigs=0 drawCalls=355 batches=0 setPass=116 tris=2763920 verts=4968695 memory=alloc=5113MB reserved=5746MB mono=1571MB uiToolkit=0 gameplayInitialized=1 playRequested=1 simulationActive=1 focused=1 vSync=0 targetFps=-1 topSystems=disabled markers=disabled
[FrameRateDiag] fps=29.7 avgFrame=33.6ms updateAvg=9.4ms updateMax=54.3ms cpuFrame=26.5ms cpuMain=23.5ms cpuRender=0.6ms gpu=7.1ms drawCalls=362 batches=0 setPass=125 tris=2763410 verts=4967731 units=413 models=49 sourceKeys=413 sourceKeyFallbackVisuals=0 initialSpawnConfigs=0 impostors=20 render=screen=2400x1080,batch=0,quality=0:PC,vSync=0,targetFps=-1,pipeline=Mobile_RPAsset_MobileCandidate,scale=0.75,msaa=0,camera=Main Camera,cameraData=post:1,aa:FastApproximateAntialiasing,stack:0 memory=alloc=5112MB reserved=5746MB mono=1572MB focused=1 playRequested=1 simulationActive=1 stepStats=none topSystems=disabled markers=disabled
[PerfDiag] slowUpdate frame=3257 total=54.1ms gc=0/0/0 cpuFrame=30.0ms cpuMain=27.3ms cpuRender=0.5ms gpu=5.0ms steps=RoadBuild=0.0ms, BuildingPlacement=0.1ms, Selection=0.2ms, DayNight=0.0ms, CitizenPopulation=0.0ms, MainMenu=53.8ms units=413 models=49 sourceKeys=413 sourceKeyFallbackVisuals=0 initialSpawnConfigs=0 drawCalls=356 batches=0 setPass=117 tris=2763958 verts=4968771 memory=alloc=5113MB reserved=5745MB mono=1575MB uiToolkit=0 gameplayInitialized=1 playRequested=1 simulationActive=1 focused=1 vSync=0 targetFps=-1 topSystems=disabled markers=disabled
[PerfDiag] slowUpdate frame=3282 total=56.5ms gc=0/0/0 cpuFrame=29.0ms cpuMain=26.4ms cpuRender=2.7ms gpu=13.3ms steps=RoadBuild=0.0ms, BuildingPlacement=0.1ms, Selection=0.1ms, DayNight=0.0ms, CitizenPopulation=0.0ms, MainMenu=56.2ms units=413 models=49 sourceKeys=413 sourceKeyFallbackVisuals=0 initialSpawnConfigs=0 drawCalls=362 batches=0 setPass=121 tris=2767031 verts=4977191 memory=alloc=5116MB reserved=5745MB mono=1579MB uiToolkit=0 gameplayInitialized=1 playRequested=1 simulationActive=1 focused=1 vSync=0 targetFps=-1 topSystems=disabled markers=disabled
[FrameRateDiag] fps=31.2 avgFrame=32.0ms updateAvg=8.5ms updateMax=56.5ms cpuFrame=30.6ms cpuMain=26.8ms cpuRender=0.6ms gpu=0.2ms drawCalls=367 batches=0 setPass=124 tris=2821225 verts=5112259 units=413 models=49 sourceKeys=413 sourceKeyFallbackVisuals=0 initialSpawnConfigs=0 impostors=20 render=screen=2400x1080,batch=0,quality=0:PC,vSync=0,targetFps=-1,pipeline=Mobile_RPAsset_MobileCandidate,scale=0.75,msaa=0,camera=Main Camera,cameraData=post:1,aa:FastApproximateAntialiasing,stack:0 memory=alloc=5118MB reserved=5744MB mono=1582MB focused=1 playRequested=1 simulationActive=1 stepStats=none topSystems=disabled markers=disabled
[RenderSceneDiag] frame=3302 source=profilerCounters drawCalls=367 batches=0 setPass=124 tris=2821225 verts=5112259 topSystems=disabled markers=disabled
[PerfDiag] slowUpdate frame=3304 total=48.7ms gc=0/0/0 cpuFrame=35.6ms cpuMain=32.4ms cpuRender=2.8ms gpu=21.7ms steps=RoadBuild=0.0ms, BuildingPlacement=0.1ms, Selection=0.2ms, DayNight=0.0ms, CitizenPopulation=0.0ms, MainMenu=48.4ms units=413 models=49 sourceKeys=413 sourceKeyFallbackVisuals=0 initialSpawnConfigs=0 drawCalls=366 batches=0 setPass=123 tris=2828641 verts=5131527 memory=alloc=5119MB reserved=5744MB mono=1582MB uiToolkit=0 gameplayInitialized=1 playRequested=1 simulationActive=1 focused=1 vSync=0 targetFps=-1 topSystems=disabled markers=disabled
[PerfDiag] slowUpdate frame=3331 total=48.3ms gc=0/0/0 cpuFrame=34.8ms cpuMain=31.8ms cpuRender=2.3ms gpu=16.1ms steps=RoadBuild=0.0ms, BuildingPlacement=0.1ms, Selection=0.1ms, DayNight=0.0ms, CitizenPopulation=0.0ms, MainMenu=48.1ms units=413 models=49 sourceKeys=413 sourceKeyFallbackVisuals=0 initialSpawnConfigs=0 drawCalls=382 batches=0 setPass=134 tris=2856014 verts=5197483 memory=alloc=5120MB reserved=5744MB mono=1586MB uiToolkit=0 gameplayInitialized=1 playRequested=1 simulationActive=1 focused=1 vSync=0 targetFps=-1 topSystems=disabled markers=disabled
[PerfDiag] slowUpdate frame=3358 total=53.5ms gc=0/0/0 cpuFrame=34.9ms cpuMain=32.4ms cpuRender=0.6ms gpu=0.3ms steps=RoadBuild=0.0ms, BuildingPlacement=0.1ms, Selection=0.1ms, DayNight=0.0ms, CitizenPopulation=0.0ms, MainMenu=53.2ms units=413 models=49 sourceKeys=413 sourceKeyFallbackVisuals=0 initialSpawnConfigs=0 drawCalls=366 batches=0 setPass=114 tris=2865255 verts=5218797 memory=alloc=5123MB reserved=5744MB mono=1590MB uiToolkit=0 gameplayInitialized=1 playRequested=1 simulationActive=1 focused=1 vSync=0 targetFps=-1 topSystems=disabled markers=disabled
[FrameRateDiag] fps=30.9 avgFrame=32.3ms updateAvg=9.0ms updateMax=53.5ms cpuFrame=36.2ms cpuMain=33.0ms cpuRender=0.6ms gpu=17.0ms drawCalls=375 batches=0 setPass=122 tris=2865465 verts=5219217 units=413 models=49 sourceKeys=413 sourceKeyFallbackVisuals=0 initialSpawnConfigs=0 impostors=20 render=screen=2400x1080,batch=0,quality=0:PC,vSync=0,targetFps=-1,pipeline=Mobile_RPAsset_MobileCandidate,scale=0.75,msaa=0,camera=Main Camera,cameraData=post:1,aa:FastApproximateAntialiasing,stack:0 memory=alloc=5125MB reserved=5744MB mono=1591MB focused=1 playRequested=1 simulationActive=1 stepStats=none topSystems=disabled markers=disabled
[PerfDiag] slowUpdate frame=3383 total=58.0ms gc=0/0/0 cpuFrame=35.6ms cpuMain=32.9ms cpuRender=0.7ms gpu=0.3ms steps=RoadBuild=0.0ms, BuildingPlacement=0.2ms, Selection=0.2ms, DayNight=0.0ms, CitizenPopulation=0.0ms, MainMenu=57.6ms units=413 models=49 sourceKeys=413 sourceKeyFallbackVisuals=0 initialSpawnConfigs=0 drawCalls=365 batches=0 setPass=114 tris=2865069 verts=5218501 memory=alloc=5128MB reserved=5744MB mono=1594MB uiToolkit=0 gameplayInitialized=1 playRequested=1 simulationActive=1 focused=1 vSync=0 targetFps=-1 topSystems=disabled markers=disabled
[PerfDiag] slowUpdate frame=3410 total=46.8ms gc=0/0/0 cpuFrame=31.4ms cpuMain=28.8ms cpuRender=0.6ms gpu=0.4ms steps=RoadBuild=0.0ms, BuildingPlacement=0.1ms, Selection=0.1ms, DayNight=0.0ms, CitizenPopulation=0.0ms, MainMenu=46.5ms units=413 models=49 sourceKeys=413 sourceKeyFallbackVisuals=0 initialSpawnConfigs=0 drawCalls=368 batches=0 setPass=117 tris=2865119 verts=5218601 memory=alloc=5129MB reserved=5744MB mono=1598MB uiToolkit=0 gameplayInitialized=1 playRequested=1 simulationActive=1 focused=1 vSync=0 targetFps=-1 topSystems=disabled markers=disabled
[FrameRateDiag] fps=34.9 avgFrame=28.6ms updateAvg=7.4ms updateMax=58.0ms cpuFrame=22.8ms cpuMain=20.8ms cpuRender=2.1ms gpu=18.7ms drawCalls=375 batches=0 setPass=125 tris=2865459 verts=5219281 units=413 models=49 sourceKeys=413 sourceKeyFallbackVisuals=0 initialSpawnConfigs=0 impostors=20 render=screen=2400x1080,batch=0,quality=0:PC,vSync=0,targetFps=-1,pipeline=Mobile_RPAsset_MobileCandidate,scale=0.75,msaa=0,camera=Main Camera,cameraData=post:1,aa:FastApproximateAntialiasing,stack:0 memory=alloc=5131MB reserved=5744MB mono=1601MB focused=1 playRequested=1 simulationActive=1 stepStats=none topSystems=disabled markers=disabled
[PerfDiag] slowUpdate frame=3442 total=37.4ms gc=0/0/0 cpuFrame=22.5ms cpuMain=20.4ms cpuRender=0.5ms gpu=0.2ms steps=RoadBuild=0.0ms, BuildingPlacement=0.1ms, Selection=0.1ms, DayNight=0.0ms, CitizenPopulation=0.0ms, MainMenu=37.2ms units=413 models=49 sourceKeys=413 sourceKeyFallbackVisuals=0 initialSpawnConfigs=0 drawCalls=369 batches=0 setPass=119 tris=2865477 verts=5219317 memory=alloc=5132MB reserved=5744MB mono=1602MB uiToolkit=0 gameplayInitialized=1 playRequested=1 simulationActive=1 focused=1 vSync=0 targetFps=-1 topSystems=disabled markers=disabled
[PerfDiag] slowUpdate frame=3475 total=38.3ms gc=0/0/0 cpuFrame=22.5ms cpuMain=20.8ms cpuRender=1.9ms gpu=17.8ms steps=RoadBuild=0.0ms, BuildingPlacement=0.1ms, Selection=0.1ms, DayNight=0.0ms, CitizenPopulation=0.0ms, MainMenu=38.0ms units=413 models=49 sourceKeys=413 sourceKeyFallbackVisuals=0 initialSpawnConfigs=0 drawCalls=378 batches=0 setPass=127 tris=2865795 verts=5219953 memory=alloc=5134MB reserved=5744MB mono=1607MB uiToolkit=0 gameplayInitialized=1 playRequested=1 simulationActive=1 focused=1 vSync=0 targetFps=-1 topSystems=disabled markers=disabled
[PerfDiag] slowUpdate frame=3504 total=42.3ms gc=0/0/0 cpuFrame=23.1ms cpuMain=21.2ms cpuRender=2.0ms gpu=9.1ms steps=RoadBuild=0.0ms, BuildingPlacement=0.1ms, Selection=0.1ms, DayNight=0.0ms, CitizenPopulation=0.0ms, MainMenu=42.1ms units=413 models=49 sourceKeys=413 sourceKeyFallbackVisuals=0 initialSpawnConfigs=0 drawCalls=369 batches=0 setPass=116 tris=2875448 verts=5242015 memory=alloc=5137MB reserved=5744MB mono=1611MB uiToolkit=0 gameplayInitialized=1 playRequested=1 simulationActive=1 focused=1 vSync=0 targetFps=-1 topSystems=disabled markers=disabled
[FrameRateDiag] fps=39.2 avgFrame=25.5ms updateAvg=7.0ms updateMax=42.3ms cpuFrame=24.0ms cpuMain=21.5ms cpuRender=0.5ms gpu=0.6ms drawCalls=379 batches=0 setPass=125 tris=2875654 verts=5242427 units=413 models=49 sourceKeys=413 sourceKeyFallbackVisuals=0 initialSpawnConfigs=0 impostors=20 render=screen=2400x1080,batch=0,quality=0:PC,vSync=0,targetFps=-1,pipeline=Mobile_RPAsset_MobileCandidate,scale=0.75,msaa=0,camera=Main Camera,cameraData=post:1,aa:FastApproximateAntialiasing,stack:0 memory=alloc=5137MB reserved=5744MB mono=1612MB focused=1 playRequested=1 simulationActive=1 stepStats=none topSystems=disabled markers=disabled
[PerfDiag] slowUpdate frame=3532 total=42.0ms gc=0/0/0 cpuFrame=27.3ms cpuMain=25.2ms cpuRender=0.5ms gpu=0.4ms steps=RoadBuild=0.0ms, BuildingPlacement=0.1ms, Selection=0.1ms, DayNight=0.0ms, CitizenPopulation=0.0ms, MainMenu=41.7ms units=413 models=49 sourceKeys=413 sourceKeyFallbackVisuals=0 initialSpawnConfigs=0 drawCalls=371 batches=0 setPass=117 tris=2875254 verts=5241703 memory=alloc=5139MB reserved=5744MB mono=1615MB uiToolkit=0 gameplayInitialized=1 playRequested=1 simulationActive=1 focused=1 vSync=0 targetFps=-1 topSystems=disabled markers=disabled
[PerfDiag] slowUpdate frame=3563 total=47.2ms gc=0/0/0 cpuFrame=29.9ms cpuMain=26.5ms cpuRender=2.5ms gpu=30.1ms steps=RoadBuild=0.0ms, BuildingPlacement=0.1ms, Selection=0.1ms, DayNight=0.0ms, CitizenPopulation=0.0ms, MainMenu=46.9ms units=413 models=49 sourceKeys=413 sourceKeyFallbackVisuals=0 initialSpawnConfigs=0 drawCalls=376 batches=0 setPass=121 tris=2885201 verts=5264353 memory=alloc=5142MB reserved=5744MB mono=1620MB uiToolkit=0 gameplayInitialized=1 playRequested=1 simulationActive=1 focused=1 vSync=0 targetFps=-1 topSystems=disabled markers=disabled
[FrameRateDiag] fps=37.0 avgFrame=27.0ms updateAvg=7.1ms updateMax=47.2ms cpuFrame=29.0ms cpuMain=26.2ms cpuRender=0.9ms gpu=16.1ms drawCalls=411 batches=0 setPass=125 tris=2885450 verts=5269487 units=413 models=49 sourceKeys=413 sourceKeyFallbackVisuals=0 initialSpawnConfigs=0 impostors=20 render=screen=2400x1080,batch=0,quality=0:PC,vSync=0,targetFps=-1,pipeline=Mobile_RPAsset_MobileCandidate,scale=0.75,msaa=0,camera=Main Camera,cameraData=post:1,aa:FastApproximateAntialiasing,stack:0 memory=alloc=5144MB reserved=5744MB mono=1623MB focused=1 playRequested=1 simulationActive=1 stepStats=none topSystems=disabled markers=disabled
[PerfDiag] slowUpdate frame=3589 total=53.6ms gc=0/0/0 cpuFrame=28.8ms cpuMain=26.5ms cpuRender=2.7ms gpu=7.3ms steps=RoadBuild=0.0ms, BuildingPlacement=0.1ms, Selection=0.1ms, DayNight=0.0ms, CitizenPopulation=0.0ms, MainMenu=53.3ms units=413 models=49 sourceKeys=413 sourceKeyFallbackVisuals=0 initialSpawnConfigs=0 drawCalls=407 batches=0 setPass=124 tris=2885412 verts=5269411 memory=alloc=5144MB reserved=5744MB mono=1623MB uiToolkit=0 gameplayInitialized=1 playRequested=1 simulationActive=1 focused=1 vSync=0 targetFps=-1 topSystems=disabled markers=disabled
[PerfDiag] slowUpdate frame=3614 total=42.0ms gc=0/0/0 cpuFrame=30.2ms cpuMain=27.4ms cpuRender=2.2ms gpu=16.9ms steps=RoadBuild=0.0ms, BuildingPlacement=0.1ms, Selection=0.1ms, DayNight=0.0ms, CitizenPopulation=0.0ms, MainMenu=41.7ms units=413 models=49 sourceKeys=413 sourceKeyFallbackVisuals=0 initialSpawnConfigs=0 drawCalls=399 batches=0 setPass=116 tris=2885410 verts=5269331 memory=alloc=5146MB reserved=5744MB mono=1627MB uiToolkit=0 gameplayInitialized=1 playRequested=1 simulationActive=1 focused=1 vSync=0 targetFps=-1 topSystems=disabled markers=disabled
[PerfDiag] slowUpdate frame=3641 total=41.8ms gc=0/0/0 cpuFrame=30.5ms cpuMain=28.2ms cpuRender=2.4ms gpu=19.6ms steps=RoadBuild=0.0ms, BuildingPlacement=0.1ms, Selection=0.1ms, DayNight=0.0ms, CitizenPopulation=0.0ms, MainMenu=41.5ms units=413 models=49 sourceKeys=413 sourceKeyFallbackVisuals=0 initialSpawnConfigs=0 drawCalls=403 batches=0 setPass=117 tris=2885516 verts=5269543 memory=alloc=5149MB reserved=5744MB mono=1631MB uiToolkit=0 gameplayInitialized=1 playRequested=1 simulationActive=1 focused=1 vSync=0 targetFps=-1 topSystems=disabled markers=disabled
[FrameRateDiag] fps=34.3 avgFrame=29.2ms updateAvg=8.2ms updateMax=53.6ms cpuFrame=26.3ms cpuMain=24.4ms cpuRender=2.1ms gpu=13.4ms drawCalls=413 batches=0 setPass=130 tris=2885730 verts=5269971 units=413 models=49 sourceKeys=413 sourceKeyFallbackVisuals=0 initialSpawnConfigs=0 impostors=20 render=screen=2400x1080,batch=0,quality=0:PC,vSync=0,targetFps=-1,pipeline=Mobile_RPAsset_MobileCandidate,scale=0.75,msaa=0,camera=Main Camera,cameraData=post:1,aa:FastApproximateAntialiasing,stack:0 memory=alloc=5149MB reserved=5744MB mono=1633MB focused=1 playRequested=1 simulationActive=1 stepStats=none topSystems=disabled markers=disabled
[RenderSceneDiag] frame=3656 source=profilerCounters drawCalls=413 batches=0 setPass=130 tris=2885730 verts=5269971 topSystems=disabled markers=disabled
[PerfDiag] slowUpdate frame=3670 total=43.7ms gc=0/0/0 cpuFrame=23.0ms cpuMain=21.0ms cpuRender=2.1ms gpu=16.5ms steps=RoadBuild=0.0ms, BuildingPlacement=0.2ms, Selection=0.1ms, DayNight=0.0ms, CitizenPopulation=0.0ms, MainMenu=43.3ms units=413 models=49 sourceKeys=413 sourceKeyFallbackVisuals=0 initialSpawnConfigs=0 drawCalls=403 batches=0 setPass=119 tris=2884892 verts=5268351 memory=alloc=5152MB reserved=5744MB mono=1635MB uiToolkit=0 gameplayInitialized=1 playRequested=1 simulationActive=1 focused=1 vSync=0 targetFps=-1 topSystems=disabled markers=disabled
[PerfDiag] slowUpdate frame=3700 total=38.5ms gc=0/0/0 cpuFrame=25.2ms cpuMain=21.9ms cpuRender=2.1ms gpu=29.1ms steps=RoadBuild=0.0ms, BuildingPlacement=0.1ms, Selection=0.1ms, DayNight=0.0ms, CitizenPopulation=0.0ms, MainMenu=38.3ms units=413 models=49 sourceKeys=413 sourceKeyFallbackVisuals=0 initialSpawnConfigs=0 drawCalls=408 batches=0 setPass=124 tris=2885686 verts=5269883 memory=alloc=5154MB reserved=5744MB mono=1640MB uiToolkit=0 gameplayInitialized=1 playRequested=1 simulationActive=1 focused=1 vSync=0 targetFps=-1 topSystems=disabled markers=disabled
[PerfDiag] slowUpdate frame=3731 total=41.7ms gc=0/0/0 cpuFrame=27.4ms cpuMain=25.3ms cpuRender=0.5ms gpu=0.8ms steps=RoadBuild=0.0ms, BuildingPlacement=0.1ms, Selection=0.1ms, DayNight=0.0ms, CitizenPopulation=0.0ms, MainMenu=41.5ms units=413 models=49 sourceKeys=413 sourceKeyFallbackVisuals=0 initialSpawnConfigs=0 drawCalls=400 batches=0 setPass=114 tris=2885492 verts=5269495 memory=alloc=5157MB reserved=5744MB mono=1644MB uiToolkit=0 gameplayInitialized=1 playRequested=1 simulationActive=1 focused=1 vSync=0 targetFps=-1 topSystems=disabled markers=disabled
[FrameRateDiag] fps=38.2 avgFrame=26.2ms updateAvg=7.0ms updateMax=43.7ms cpuFrame=24.3ms cpuMain=21.5ms cpuRender=2.1ms gpu=29.0ms drawCalls=415 batches=0 setPass=132 tris=2885064 verts=5268695 units=413 models=49 sourceKeys=413 sourceKeyFallbackVisuals=0 initialSpawnConfigs=0 impostors=20 render=screen=2400x1080,batch=0,quality=0:PC,vSync=0,targetFps=-1,pipeline=Mobile_RPAsset_MobileCandidate,scale=0.75,msaa=0,camera=Main Camera,cameraData=post:1,aa:FastApproximateAntialiasing,stack:0 memory=alloc=5157MB reserved=5744MB mono=1645MB focused=1 playRequested=1 simulationActive=1 stepStats=none topSystems=disabled markers=disabled
[PerfDiag] slowUpdate frame=3763 total=37.0ms gc=0/0/0 cpuFrame=24.8ms cpuMain=22.2ms cpuRender=0.5ms gpu=16.0ms steps=RoadBuild=0.0ms, BuildingPlacement=0.1ms, Selection=0.1ms, DayNight=0.0ms, CitizenPopulation=0.0ms, MainMenu=36.8ms units=413 models=49 sourceKeys=413 sourceKeyFallbackVisuals=0 initialSpawnConfigs=0 drawCalls=401 batches=0 setPass=118 tris=2885326 verts=5269239 memory=alloc=5158MB reserved=5744MB mono=1649MB uiToolkit=0 gameplayInitialized=1 playRequested=1 simulationActive=1 focused=1 vSync=0 targetFps=-1 topSystems=disabled markers=disabled
[PerfDiag] slowUpdate frame=3795 total=42.1ms gc=0/0/0 cpuFrame=27.1ms cpuMain=25.0ms cpuRender=0.5ms gpu=0.3ms steps=RoadBuild=0.0ms, BuildingPlacement=0.1ms, Selection=0.1ms, DayNight=0.0ms, CitizenPopulation=0.0ms, MainMenu=41.8ms units=412 models=48 sourceKeys=412 sourceKeyFallbackVisuals=0 initialSpawnConfigs=0 drawCalls=401 batches=0 setPass=118 tris=2868006 verts=5239725 memory=alloc=5160MB reserved=5744MB mono=1654MB uiToolkit=0 gameplayInitialized=1 playRequested=1 simulationActive=1 focused=1 vSync=0 targetFps=-1 topSystems=disabled markers=disabled
[FrameRateDiag] fps=39.8 avgFrame=25.2ms updateAvg=6.4ms updateMax=42.1ms cpuFrame=22.6ms cpuMain=20.6ms cpuRender=0.5ms gpu=0.3ms drawCalls=415 batches=0 setPass=134 tris=2867980 verts=5239749 units=412 models=48 sourceKeys=412 sourceKeyFallbackVisuals=0 initialSpawnConfigs=0 impostors=20 render=screen=2400x1080,batch=0,quality=0:PC,vSync=0,targetFps=-1,pipeline=Mobile_RPAsset_MobileCandidate,scale=0.75,msaa=0,camera=Main Camera,cameraData=post:1,aa:FastApproximateAntialiasing,stack:0 memory=alloc=5161MB reserved=5744MB mono=1657MB focused=1 playRequested=1 simulationActive=1 stepStats=none topSystems=disabled markers=disabled
[PerfDiag] slowUpdate frame=3827 total=41.9ms gc=0/0/0 cpuFrame=30.9ms cpuMain=27.2ms cpuRender=2.4ms gpu=27.8ms steps=RoadBuild=0.0ms, BuildingPlacement=0.1ms, Selection=0.1ms, DayNight=0.0ms, CitizenPopulation=0.0ms, MainMenu=41.7ms units=412 models=48 sourceKeys=412 sourceKeyFallbackVisuals=0 initialSpawnConfigs=0 drawCalls=401 batches=0 setPass=119 tris=2867858 verts=5239505 memory=alloc=5163MB reserved=5745MB mono=1659MB uiToolkit=0 gameplayInitialized=1 playRequested=1 simulationActive=1 focused=1 vSync=0 targetFps=-1 topSystems=disabled markers=disabled
[PerfDiag] slowUpdate frame=3855 total=42.0ms gc=0/0/0 cpuFrame=28.2ms cpuMain=25.9ms cpuRender=2.4ms gpu=16.3ms steps=RoadBuild=0.0ms, BuildingPlacement=0.1ms, Selection=0.1ms, DayNight=0.0ms, CitizenPopulation=0.0ms, MainMenu=41.8ms units=412 models=48 sourceKeys=412 sourceKeyFallbackVisuals=0 initialSpawnConfigs=0 drawCalls=408 batches=0 setPass=126 tris=2867940 verts=5239669 memory=alloc=5164MB reserved=5746MB mono=1664MB uiToolkit=0 gameplayInitialized=1 playRequested=1 simulationActive=1 focused=1 vSync=0 targetFps=-1 topSystems=disabled markers=disabled
[PerfDiag] slowUpdate frame=3871 total=33.7ms gc=1/1/1 cpuFrame=46.0ms cpuMain=42.5ms cpuRender=2.4ms gpu=35.0ms steps=RoadBuild=0.0ms, BuildingPlacement=0.1ms, Selection=0.1ms, DayNight=0.0ms, CitizenPopulation=0.0ms, MainMenu=33.5ms units=412 models=48 sourceKeys=412 sourceKeyFallbackVisuals=0 initialSpawnConfigs=0 drawCalls=400 batches=0 setPass=117 tris=2867742 verts=5239273 memory=alloc=5165MB reserved=5748MB mono=1446MB uiToolkit=0 gameplayInitialized=1 playRequested=1 simulationActive=1 focused=1 vSync=0 targetFps=-1 topSystems=disabled markers=disabled
[FrameRateDiag] fps=32.3 avgFrame=31.0ms updateAvg=8.9ms updateMax=42.5ms cpuFrame=24.8ms cpuMain=21.7ms cpuRender=0.5ms gpu=6.2ms drawCalls=397 batches=0 setPass=114 tris=2867686 verts=5239161 units=412 models=48 sourceKeys=412 sourceKeyFallbackVisuals=0 initialSpawnConfigs=0 impostors=20 render=screen=2400x1080,batch=0,quality=0:PC,vSync=0,targetFps=-1,pipeline=Mobile_RPAsset_MobileCandidate,scale=0.75,msaa=0,camera=Main Camera,cameraData=post:1,aa:FastApproximateAntialiasing,stack:0 memory=alloc=5165MB reserved=5748MB mono=1447MB focused=1 playRequested=1 simulationActive=1 stepStats=none topSystems=disabled markers=disabled
[PerfDiag] slowUpdate frame=3906 total=37.2ms gc=0/0/0 cpuFrame=21.3ms cpuMain=19.5ms cpuRender=2.0ms gpu=12.4ms steps=RoadBuild=0.0ms, BuildingPlacement=0.1ms, Selection=0.1ms, DayNight=0.0ms, CitizenPopulation=0.0ms, MainMenu=36.9ms units=412 models=48 sourceKeys=412 sourceKeyFallbackVisuals=0 initialSpawnConfigs=0 drawCalls=401 batches=0 setPass=117 tris=2867996 verts=5239705 memory=alloc=5166MB reserved=5750MB mono=1448MB uiToolkit=0 gameplayInitialized=1 playRequested=1 simulationActive=1 focused=1 vSync=0 targetFps=-1 topSystems=disabled markers=disabled
[PerfDiag] slowUpdate frame=3937 total=48.3ms gc=0/0/0 cpuFrame=28.9ms cpuMain=26.8ms cpuRender=2.1ms gpu=16.8ms steps=RoadBuild=0.0ms, BuildingPlacement=0.1ms, Selection=0.1ms, DayNight=0.0ms, CitizenPopulation=0.0ms, MainMenu=48.1ms units=412 models=48 sourceKeys=412 sourceKeyFallbackVisuals=0 initialSpawnConfigs=0 drawCalls=401 batches=0 setPass=119 tris=2867844 verts=5239477 memory=alloc=5168MB reserved=5753MB mono=1450MB uiToolkit=0 gameplayInitialized=1 playRequested=1 simulationActive=1 focused=1 vSync=0 targetFps=-1 topSystems=disabled markers=disabled
[FrameRateDiag] fps=35.6 avgFrame=28.1ms updateAvg=7.5ms updateMax=48.3ms cpuFrame=64.9ms cpuMain=49.8ms cpuRender=3.5ms gpu=11.7ms drawCalls=398 batches=0 setPass=114 tris=2867944 verts=5239601 units=412 models=48 sourceKeys=412 sourceKeyFallbackVisuals=0 initialSpawnConfigs=0 impostors=20 render=screen=2400x1080,batch=0,quality=0:PC,vSync=0,targetFps=-1,pipeline=Mobile_RPAsset_MobileCandidate,scale=0.75,msaa=0,camera=Main Camera,cameraData=post:1,aa:FastApproximateAntialiasing,stack:0 memory=alloc=5170MB reserved=5755MB mono=1452MB focused=1 playRequested=1 simulationActive=1 stepStats=none topSystems=disabled markers=disabled
[PerfDiag] slowUpdate frame=3955 total=79.2ms gc=0/0/0 cpuFrame=44.6ms cpuMain=40.3ms cpuRender=0.9ms gpu=0.4ms steps=RoadBuild=0.1ms, BuildingPlacement=0.1ms, Selection=0.3ms, DayNight=0.0ms, CitizenPopulation=0.0ms, MainMenu=78.6ms units=412 models=48 sourceKeys=412 sourceKeyFallbackVisuals=0 initialSpawnConfigs=0 drawCalls=407 batches=0 setPass=125 tris=2868156 verts=5240025 memory=alloc=5170MB reserved=5756MB mono=1453MB uiToolkit=0 gameplayInitialized=1 playRequested=1 simulationActive=1 focused=1 vSync=0 targetFps=-1 topSystems=disabled markers=disabled
[PerfDiag] slowUpdate frame=3966 total=71.7ms gc=0/0/0 cpuFrame=77.0ms cpuMain=71.5ms cpuRender=1.0ms gpu=0.2ms steps=RoadBuild=0.1ms, BuildingPlacement=0.2ms, Selection=0.3ms, DayNight=0.0ms, CitizenPopulation=0.0ms, MainMenu=71.1ms units=412 models=48 sourceKeys=412 sourceKeyFallbackVisuals=0 initialSpawnConfigs=0 drawCalls=397 batches=0 setPass=114 tris=2867674 verts=5239137 memory=alloc=5171MB reserved=5756MB mono=1454MB uiToolkit=0 gameplayInitialized=1 playRequested=1 simulationActive=1 focused=1 vSync=0 targetFps=-1 topSystems=disabled markers=disabled
[PerfDiag] slowUpdate frame=3985 total=63.3ms gc=0/0/0 cpuFrame=37.8ms cpuMain=34.2ms cpuRender=3.1ms gpu=13.9ms steps=RoadBuild=0.0ms, BuildingPlacement=0.2ms, Selection=0.2ms, DayNight=0.0ms, CitizenPopulation=0.0ms, MainMenu=62.9ms units=412 models=48 sourceKeys=412 sourceKeyFallbackVisuals=0 initialSpawnConfigs=0 drawCalls=398 batches=0 setPass=115 tris=2867968 verts=5239649 memory=alloc=5173MB reserved=5759MB mono=1457MB uiToolkit=0 gameplayInitialized=1 playRequested=1 simulationActive=1 focused=1 vSync=0 targetFps=-1 topSystems=disabled markers=disabled
[FrameRateDiag] fps=17.8 avgFrame=56.2ms updateAvg=17.6ms updateMax=79.2ms cpuFrame=41.2ms cpuMain=38.1ms cpuRender=3.1ms gpu=6.9ms drawCalls=398 batches=0 setPass=115 tris=2867972 verts=5239657 units=412 models=48 sourceKeys=412 sourceKeyFallbackVisuals=0 initialSpawnConfigs=0 impostors=20 render=screen=2400x1080,batch=0,quality=0:PC,vSync=0,targetFps=-1,pipeline=Mobile_RPAsset_MobileCandidate,scale=0.75,msaa=0,camera=Main Camera,cameraData=post:1,aa:FastApproximateAntialiasing,stack:0 memory=alloc=5171MB reserved=5759MB mono=1457MB focused=1 playRequested=1 simulationActive=1 stepStats=none topSystems=disabled markers=disabled
[RenderSceneDiag] frame=3986 source=profilerCounters drawCalls=398 batches=0 setPass=115 tris=2867972 verts=5239657 topSystems=disabled markers=disabled
[PerfDiag] slowUpdate frame=4007 total=44.5ms gc=0/0/0 cpuFrame=31.3ms cpuMain=29.0ms cpuRender=2.6ms gpu=7.7ms steps=RoadBuild=0.0ms, BuildingPlacement=0.1ms, Selection=0.1ms, DayNight=0.0ms, CitizenPopulation=0.0ms, MainMenu=44.2ms units=412 models=48 sourceKeys=412 sourceKeyFallbackVisuals=0 initialSpawnConfigs=0 drawCalls=400 batches=0 setPass=118 tris=2867312 verts=5238393 memory=alloc=5174MB reserved=5759MB mono=1459MB uiToolkit=0 gameplayInitialized=1 playRequested=1 simulationActive=1 focused=1 vSync=0 targetFps=-1 topSystems=disabled markers=disabled
[PerfDiag] slowUpdate frame=4029 total=86.1ms gc=0/0/0 cpuFrame=36.6ms cpuMain=32.6ms cpuRender=0.8ms gpu=14.2ms steps=RoadBuild=0.0ms, BuildingPlacement=0.1ms, Selection=0.2ms, DayNight=0.0ms, CitizenPopulation=0.0ms, MainMenu=85.7ms units=412 models=48 sourceKeys=412 sourceKeyFallbackVisuals=0 initialSpawnConfigs=0 drawCalls=402 batches=0 setPass=119 tris=2868114 verts=5239941 memory=alloc=5175MB reserved=5760MB mono=1462MB uiToolkit=0 gameplayInitialized=1 playRequested=1 simulationActive=1 focused=1 vSync=0 targetFps=-1 topSystems=disabled markers=disabled
[FreezeDetect] Frame gap frame=4030 Gap=173.8ms GC=0/0/0 LastSteps=RoadBuild=0.0ms, BuildingPlacement=0.1ms, Selection=0.2ms, DayNight=0.0ms, CitizenPopulation=0.0ms, MainMenu=85.7ms
[FrameRateDiag] fps=24.4 avgFrame=41.1ms updateAvg=11.9ms updateMax=86.1ms cpuFrame=58.2ms cpuMain=52.9ms cpuRender=0.9ms gpu=6.0ms drawCalls=398 batches=0 setPass=115 tris=2867982 verts=5239677 units=412 models=48 sourceKeys=412 sourceKeyFallbackVisuals=0 initialSpawnConfigs=0 impostors=20 render=screen=2400x1080,batch=0,quality=0:PC,vSync=0,targetFps=-1,pipeline=Mobile_RPAsset_MobileCandidate,scale=0.75,msaa=0,camera=Main Camera,cameraData=post:1,aa:FastApproximateAntialiasing,stack:0 memory=alloc=5175MB reserved=5761MB mono=1463MB focused=1 playRequested=1 simulationActive=1 stepStats=none topSystems=disabled markers=disabled
[PerfDiag] slowUpdate frame=4042 total=86.4ms gc=0/0/0 cpuFrame=53.7ms cpuMain=48.0ms cpuRender=0.9ms gpu=5.9ms steps=RoadBuild=0.1ms, BuildingPlacement=0.1ms, Selection=0.2ms, DayNight=0.0ms, CitizenPopulation=0.0ms, MainMenu=86.0ms units=412 models=48 sourceKeys=412 sourceKeyFallbackVisuals=0 initialSpawnConfigs=0 drawCalls=406 batches=0 setPass=124 tris=2868142 verts=5239997 memory=alloc=5176MB reserved=5762MB mono=1464MB uiToolkit=0 gameplayInitialized=1 playRequested=1 simulationActive=1 focused=1 vSync=0 targetFps=-1 topSystems=disabled markers=disabled
[PerfDiag] slowUpdate frame=4053 total=80.3ms gc=0/0/0 cpuFrame=62.5ms cpuMain=56.3ms cpuRender=1.3ms gpu=10.5ms steps=RoadBuild=0.1ms, BuildingPlacement=0.2ms, Selection=0.3ms, DayNight=0.0ms, CitizenPopulation=0.0ms, MainMenu=79.7ms units=412 models=48 sourceKeys=412 sourceKeyFallbackVisuals=0 initialSpawnConfigs=0 drawCalls=398 batches=0 setPass=115 tris=2867928 verts=5239569 memory=alloc=5177MB reserved=5762MB mono=1466MB uiToolkit=0 gameplayInitialized=1 playRequested=1 simulationActive=1 focused=1 vSync=0 targetFps=-1 topSystems=disabled markers=disabled
[FrameRateDiag] fps=15.4 avgFrame=64.9ms updateAvg=19.9ms updateMax=86.4ms cpuFrame=60.8ms cpuMain=48.3ms cpuRender=3.9ms gpu=18.3ms drawCalls=397 batches=0 setPass=115 tris=2867740 verts=5239269 units=412 models=48 sourceKeys=412 sourceKeyFallbackVisuals=0 initialSpawnConfigs=0 impostors=20 render=screen=2400x1080,batch=0,quality=0:PC,vSync=0,targetFps=-1,pipeline=Mobile_RPAsset_MobileCandidate,scale=0.75,msaa=0,camera=Main Camera,cameraData=post:1,aa:FastApproximateAntialiasing,stack:0 memory=alloc=5180MB reserved=5763MB mono=1468MB focused=1 playRequested=1 simulationActive=1 stepStats=none topSystems=disabled markers=disabled
[PerfDiag] slowUpdate frame=4067 total=76.6ms gc=0/0/0 cpuFrame=57.2ms cpuMain=52.4ms cpuRender=0.9ms gpu=0.2ms steps=RoadBuild=0.0ms, BuildingPlacement=0.2ms, Selection=0.2ms, DayNight=0.0ms, CitizenPopulation=0.0ms, MainMenu=76.2ms units=412 models=48 sourceKeys=412 sourceKeyFallbackVisuals=0 initialSpawnConfigs=0 drawCalls=396 batches=0 setPass=115 tris=2867028 verts=5237901 memory=alloc=5179MB reserved=5764MB mono=1468MB uiToolkit=0 gameplayInitialized=1 playRequested=1 simulationActive=1 focused=1 vSync=0 targetFps=-1 topSystems=disabled markers=disabled
[AudioDiag] Playback event=VO.ARIA.Message.WarningGroundAttackType bus=Voice requestId=341 played=1 status=Presented reason=Played at=118.80 source=null
UnityEngine.Debug:ExtractStackTraceNoAlloc (byte*,int,string)
UnityEngine.StackTraceUtility:ExtractStackTrace () (at /Users/bokken/build/output/unity/unity/Runtime/Export/Scripting/StackTrace.cs:35)
UnityEngine.DebugLogHandler:Internal_Log (UnityEngine.LogType,UnityEngine.LogOption,string,UnityEngine.Object)
UnityEngine.DebugLogHandler:LogFormat (UnityEngine.LogType,UnityEngine.Object,string,object[])
UnityEngine.Logger:Log (UnityEngine.LogType,object)
UnityEngine.Debug:Log (object)
Game.Runtime.AudioPlaybackPresentationDiagnostics:Log (Unity.Entities.EntityManager,Game.Components.AudioPlaybackRequestElement,Game.Configs.AudioEventCatalogEntry,Game.Runtime.AudioPlaybackPresentationResult,single) (at Assets/Game/Scripts/Audio/Runtime/AudioPlaybackPresentationDiagnostics.cs:32)
Game.Runtime.AudioPlaybackPresentationBridgeSystemHelper:DrainAcceptedRequests (Unity.Entities.EntityManager,Game.Configs.AudioEventCatalogConfig,Game.Configs.AudioMixerBusConfig,Game.Runtime.AudioPlaybackPresentationSystemHelper,single) (at Assets/Game/Scripts/Audio/Runtime/AudioPlaybackPresentationBridgeSystemHelper.cs:169)
Game.Runtime.AudioPlaybackPresentationRuntimeView:Update () (at Assets/Game/Scripts/Audio/Runtime/AudioPlaybackPresentationRuntimeView.cs:54)

(Filename: Assets/Game/Scripts/Audio/Runtime/AudioPlaybackPresentationDiagnostics.cs Line: 32)

[PerfDiag] slowUpdate frame=4084 total=58.8ms gc=0/0/0 cpuFrame=35.0ms cpuMain=31.1ms cpuRender=0.7ms gpu=12.2ms steps=RoadBuild=0.0ms, BuildingPlacement=0.2ms, Selection=0.2ms, DayNight=0.0ms, CitizenPopulation=0.0ms, MainMenu=58.4ms units=412 models=48 sourceKeys=412 sourceKeyFallbackVisuals=0 initialSpawnConfigs=0 drawCalls=404 batches=0 setPass=119 tris=2866788 verts=5241017 memory=alloc=5181MB reserved=5765MB mono=1470MB uiToolkit=0 gameplayInitialized=1 playRequested=1 simulationActive=1 focused=1 vSync=0 targetFps=-1 topSystems=disabled markers=disabled
[AudioDiag] Suppressed Alert.Unit.UnderAttack reason=GenericUnderAttackAlertDisabled sourceSystem=UnitAttackSystem requestedAt=109.96 damage=12 target=entity=443:7 name='Rifleman Male IV' source='Unit_Chr_Soldier_Male_02_Alt_04' faction=1 cell=(794,531) hp=88/100 attacker=entity=772:7 name='Light Armored Car' source='Unit_Veh_Light_Armored_Car' faction=2 cell=(812,535) hp=180/180
UnityEngine.Debug:ExtractStackTraceNoAlloc (byte*,int,string)
UnityEngine.StackTraceUtility:ExtractStackTrace () (at /Users/bokken/build/output/unity/unity/Runtime/Export/Scripting/StackTrace.cs:35)
UnityEngine.DebugLogHandler:Internal_Log (UnityEngine.LogType,UnityEngine.LogOption,string,UnityEngine.Object)
UnityEngine.DebugLogHandler:LogFormat (UnityEngine.LogType,UnityEngine.Object,string,object[])
UnityEngine.Logger:Log (UnityEngine.LogType,object)
UnityEngine.Debug:Log (object)
Game.Runtime.UnitAttackSystem:LogSuppressedUnitUnderAttackAudio (Unity.Entities.EntityManager,Unity.Entities.Entity,Unity.Entities.Entity,int,single,string,string) (at Assets/Game/Scripts/Systems/UnitAttackSystem.cs:519)
Game.Runtime.UnitAttackSystem:TryEmitUnitUnderAttackAudio (Unity.Entities.EntityManager,Unity.Entities.Entity,single,Unity.Entities.Entity,int,string) (at Assets/Game/Scripts/Systems/UnitAttackSystem.cs:471)
Game.Runtime.UnitAttackSystem:OnUpdate (Unity.Entities.SystemState&) (at Assets/Game/Scripts/Systems/UnitAttackSystem.cs:395)
Game.Runtime.UnitAttackSystem:__codegen__OnUpdate (intptr,intptr)
Unity.Entities.SystemBaseRegistry/<>c__DisplayClass9_0:<SelectBurstFn>b__0 (intptr,intptr) (at ./Library/PackageCache/com.unity.entities@bab66ffaba49/Unity.Entities/SystemBaseRegistry.cs:251)
Unity.Entities.WorldUnmanagedImpl/Unity.Entities.UnmanagedUpdate_000015A0$BurstDirectCall:Invoke (void*)
Unity.Entities.WorldUnmanagedImpl:UnmanagedUpdate (void*)
Unity.Entities.WorldUnmanagedImpl:UpdateSystem (Unity.Entities.SystemHandle) (at ./Library/PackageCache/com.unity.entities@bab66ffaba49/Unity.Entities/WorldUnmanaged.cs:942)
Unity.Entities.ComponentSystemGroup:UpdateAllSystems () (at ./Library/PackageCache/com.unity.entities@bab66ffaba49/Unity.Entities/ComponentSystemGroup.cs:725)
Unity.Entities.ComponentSystemGroup:OnUpdate () (at ./Library/PackageCache/com.unity.entities@bab66ffaba49/Unity.Entities/ComponentSystemGroup.cs:687)
Unity.Entities.SystemBase:Update () (at ./Library/PackageCache/com.unity.entities@bab66ffaba49/Unity.Entities/SystemBase.cs:205)
Unity.Entities.ScriptBehaviourUpdateOrder/DummyDelegateWrapper:TriggerUpdate () (at ./Library/PackageCache/com.unity.entities@bab66ffaba49/Unity.Entities/ScriptBehaviourUpdateOrder.cs:523)

(Filename: Assets/Game/Scripts/Systems/UnitAttackSystem.cs Line: 519)

[PerfDiag] slowUpdate frame=4099 total=76.8ms gc=0/0/0 cpuFrame=57.7ms cpuMain=53.2ms cpuRender=1.2ms gpu=0.2ms steps=RoadBuild=0.1ms, BuildingPlacement=0.2ms, Selection=0.2ms, DayNight=0.0ms, CitizenPopulation=0.0ms, MainMenu=76.2ms units=412 models=48 sourceKeys=412 sourceKeyFallbackVisuals=0 initialSpawnConfigs=0 drawCalls=421 batches=0 setPass=124 tris=2894331 verts=5305683 memory=alloc=5182MB reserved=5770MB mono=1473MB uiToolkit=0 gameplayInitialized=1 playRequested=1 simulationActive=1 focused=1 vSync=0 targetFps=-1 topSystems=disabled markers=disabled
[FrameRateDiag] fps=19.3 avgFrame=51.8ms updateAvg=16.7ms updateMax=76.8ms cpuFrame=41.1ms cpuMain=36.7ms cpuRender=0.9ms gpu=5.4ms drawCalls=415 batches=0 setPass=123 tris=2905380 verts=5334435 units=412 models=48 sourceKeys=412 sourceKeyFallbackVisuals=0 initialSpawnConfigs=0 impostors=20 render=screen=2400x1080,batch=0,quality=0:PC,vSync=0,targetFps=-1,pipeline=Mobile_RPAsset_MobileCandidate,scale=0.75,msaa=0,camera=Main Camera,cameraData=post:1,aa:FastApproximateAntialiasing,stack:0 memory=alloc=5183MB reserved=5770MB mono=1473MB focused=1 playRequested=1 simulationActive=1 stepStats=none topSystems=disabled markers=disabled
[PerfDiag] slowUpdate frame=4118 total=57.6ms gc=0/0/0 cpuFrame=36.3ms cpuMain=33.0ms cpuRender=2.9ms gpu=16.8ms steps=RoadBuild=0.0ms, BuildingPlacement=0.1ms, Selection=0.2ms, DayNight=0.0ms, CitizenPopulation=0.0ms, MainMenu=57.2ms units=412 models=48 sourceKeys=412 sourceKeyFallbackVisuals=0 initialSpawnConfigs=0 drawCalls=438 batches=0 setPass=140 tris=2924934 verts=5382475 memory=alloc=5184MB reserved=5770MB mono=1475MB uiToolkit=0 gameplayInitialized=1 playRequested=1 simulationActive=1 focused=1 vSync=0 targetFps=-1 topSystems=disabled markers=disabled
[PerfDiag] slowUpdate frame=4137 total=75.1ms gc=0/0/0 cpuFrame=65.6ms cpuMain=61.6ms cpuRender=0.8ms gpu=6.9ms steps=RoadBuild=0.1ms, BuildingPlacement=0.2ms, Selection=0.2ms, DayNight=0.0ms, CitizenPopulation=0.0ms, MainMenu=74.6ms units=412 models=48 sourceKeys=412 sourceKeyFallbackVisuals=0 initialSpawnConfigs=0 drawCalls=358 batches=0 setPass=123 tris=2638280 verts=4690417 memory=alloc=5197MB reserved=5789MB mono=1478MB uiToolkit=0 gameplayInitialized=1 playRequested=1 simulationActive=1 focused=1 vSync=0 targetFps=-1 topSystems=disabled markers=disabled
[FrameRateDiag] fps=22.5 avgFrame=44.5ms updateAvg=13.1ms updateMax=75.1ms cpuFrame=35.6ms cpuMain=32.7ms cpuRender=0.8ms gpu=0.3ms drawCalls=347 batches=0 setPass=118 tris=2697650 verts=4844645 units=412 models=48 sourceKeys=412 sourceKeyFallbackVisuals=0 initialSpawnConfigs=0 impostors=30 render=screen=2400x1080,batch=0,quality=0:PC,vSync=0,targetFps=-1,pipeline=Mobile_RPAsset_MobileCandidate,scale=0.75,msaa=0,camera=Main Camera,cameraData=post:1,aa:FastApproximateAntialiasing,stack:0 memory=alloc=5198MB reserved=5789MB mono=1479MB focused=1 playRequested=1 simulationActive=1 stepStats=none topSystems=disabled markers=disabled
[PerfDiag] slowUpdate frame=4156 total=60.9ms gc=0/0/0 cpuFrame=36.9ms cpuMain=33.0ms cpuRender=3.5ms gpu=18.2ms steps=RoadBuild=0.0ms, BuildingPlacement=0.1ms, Selection=0.2ms, DayNight=0.0ms, CitizenPopulation=0.0ms, MainMenu=60.5ms units=412 models=48 sourceKeys=412 sourceKeyFallbackVisuals=0 initialSpawnConfigs=0 drawCalls=358 batches=0 setPass=116 tris=2867005 verts=5261525 memory=alloc=5199MB reserved=5789MB mono=1480MB uiToolkit=0 gameplayInitialized=1 playRequested=1 simulationActive=1 focused=1 vSync=0 targetFps=-1 topSystems=disabled markers=disabled
[PerfDiag] slowUpdate frame=4173 total=69.9ms gc=0/0/0 cpuFrame=40.0ms cpuMain=36.5ms cpuRender=0.9ms gpu=0.2ms steps=RoadBuild=0.0ms, BuildingPlacement=0.2ms, Selection=0.2ms, DayNight=0.0ms, CitizenPopulation=0.0ms, MainMenu=69.4ms units=412 models=48 sourceKeys=412 sourceKeyFallbackVisuals=0 initialSpawnConfigs=0 drawCalls=349 batches=0 setPass=116 tris=2913762 verts=5375105 memory=alloc=5202MB reserved=5791MB mono=1482MB uiToolkit=0 gameplayInitialized=1 playRequested=1 simulationActive=1 focused=1 vSync=0 targetFps=-1 topSystems=disabled markers=disabled
[PerfDiag] slowUpdate frame=4187 total=66.3ms gc=0/0/0 cpuFrame=41.3ms cpuMain=38.1ms cpuRender=3.3ms gpu=8.4ms steps=RoadBuild=0.0ms, BuildingPlacement=0.1ms, Selection=0.2ms, DayNight=0.0ms, CitizenPopulation=0.0ms, MainMenu=65.9ms units=411 models=47 sourceKeys=411 sourceKeyFallbackVisuals=0 initialSpawnConfigs=0 drawCalls=345 batches=0 setPass=116 tris=2895044 verts=5338655 memory=alloc=5202MB reserved=5792MB mono=1484MB uiToolkit=0 gameplayInitialized=1 playRequested=1 simulationActive=1 focused=1 vSync=0 targetFps=-1 topSystems=disabled markers=disabled
[FrameRateDiag] fps=19.9 avgFrame=50.3ms updateAvg=15.9ms updateMax=69.9ms cpuFrame=40.5ms cpuMain=36.4ms cpuRender=3.5ms gpu=28.2ms drawCalls=342 batches=0 setPass=114 tris=2895016 verts=5338599 units=411 models=47 sourceKeys=411 sourceKeyFallbackVisuals=0 initialSpawnConfigs=0 impostors=20 render=screen=2400x1080,batch=0,quality=0:PC,vSync=0,targetFps=-1,pipeline=Mobile_RPAsset_MobileCandidate,scale=0.75,msaa=0,camera=Main Camera,cameraData=post:1,aa:FastApproximateAntialiasing,stack:0 memory=alloc=5202MB reserved=5793MB mono=1485MB focused=1 playRequested=1 simulationActive=1 stepStats=none topSystems=disabled markers=disabled
[RenderSceneDiag] frame=4190 source=profilerCounters drawCalls=342 batches=0 setPass=114 tris=2895016 verts=5338599 topSystems=disabled markers=disabled
[PerfDiag] slowUpdate frame=4201 total=78.8ms gc=0/0/0 cpuFrame=70.1ms cpuMain=64.9ms cpuRender=1.5ms gpu=5.8ms steps=RoadBuild=0.1ms, BuildingPlacement=0.2ms, Selection=0.2ms, DayNight=0.0ms, CitizenPopulation=0.0ms, MainMenu=78.2ms units=411 models=47 sourceKeys=411 sourceKeyFallbackVisuals=0 initialSpawnConfigs=0 drawCalls=347 batches=0 setPass=117 tris=2895374 verts=5339239 memory=alloc=5204MB reserved=5795MB mono=1487MB uiToolkit=0 gameplayInitialized=1 playRequested=1 simulationActive=1 focused=1 vSync=0 targetFps=-1 topSystems=disabled markers=disabled
[PerfDiag] slowUpdate frame=4214 total=78.3ms gc=0/0/0 cpuFrame=55.7ms cpuMain=51.3ms cpuRender=0.9ms gpu=0.2ms steps=RoadBuild=0.1ms, BuildingPlacement=0.1ms, Selection=0.3ms, DayNight=0.0ms, CitizenPopulation=0.0ms, MainMenu=77.8ms units=411 models=47 sourceKeys=411 sourceKeyFallbackVisuals=0 initialSpawnConfigs=0 drawCalls=347 batches=0 setPass=117 tris=2895196 verts=5338959 memory=alloc=5204MB reserved=5803MB mono=1489MB uiToolkit=0 gameplayInitialized=1 playRequested=1 simulationActive=1 focused=1 vSync=0 targetFps=-1 topSystems=disabled markers=disabled
[FrameRateDiag] fps=15.3 avgFrame=65.5ms updateAvg=20.1ms updateMax=78.8ms cpuFrame=65.6ms cpuMain=59.9ms cpuRender=5.1ms gpu=42.5ms drawCalls=347 batches=0 setPass=115 tris=2904935 verts=5361193 units=411 models=47 sourceKeys=411 sourceKeyFallbackVisuals=0 initialSpawnConfigs=0 impostors=20 render=screen=2400x1080,batch=0,quality=0:PC,vSync=0,targetFps=-1,pipeline=Mobile_RPAsset_MobileCandidate,scale=0.75,msaa=0,camera=Main Camera,cameraData=post:1,aa:FastApproximateAntialiasing,stack:0 memory=alloc=5209MB reserved=5803MB mono=1490MB focused=1 playRequested=1 simulationActive=1 stepStats=none topSystems=disabled markers=disabled
[PerfDiag] slowUpdate frame=4225 total=80.6ms gc=0/0/0 cpuFrame=55.2ms cpuMain=52.1ms cpuRender=1.0ms gpu=0.6ms steps=RoadBuild=0.1ms, BuildingPlacement=0.1ms, Selection=0.2ms, DayNight=0.0ms, CitizenPopulation=0.0ms, MainMenu=80.1ms units=410 models=46 sourceKeys=410 sourceKeyFallbackVisuals=0 initialSpawnConfigs=0 drawCalls=360 batches=0 setPass=130 tris=2892139 verts=5339061 memory=alloc=5205MB reserved=5803MB mono=1491MB uiToolkit=0 gameplayInitialized=1 playRequested=1 simulationActive=1 focused=1 vSync=0 targetFps=-1 topSystems=disabled markers=disabled
[PerfDiag] slowUpdate frame=4238 total=89.4ms gc=0/0/0 cpuFrame=62.1ms cpuMain=56.8ms cpuRender=4.3ms gpu=20.1ms steps=RoadBuild=0.1ms, BuildingPlacement=0.3ms, Selection=0.2ms, DayNight=0.0ms, CitizenPopulation=0.0ms, MainMenu=88.8ms units=410 models=46 sourceKeys=410 sourceKeyFallbackVisuals=0 initialSpawnConfigs=0 drawCalls=344 batches=0 setPass=115 tris=2891913 verts=5338609 memory=alloc=5214MB reserved=5803MB mono=1493MB uiToolkit=0 gameplayInitialized=1 playRequested=1 simulationActive=1 focused=1 vSync=0 targetFps=-1 topSystems=disabled markers=disabled
[PerfDiag] slowUpdate frame=4250 total=74.5ms gc=0/0/0 cpuFrame=60.2ms cpuMain=54.5ms cpuRender=1.4ms gpu=10.4ms steps=RoadBuild=0.1ms, BuildingPlacement=0.2ms, Selection=0.3ms, DayNight=0.0ms, CitizenPopulation=0.0ms, MainMenu=73.9ms units=410 models=46 sourceKeys=410 sourceKeyFallbackVisuals=0 initialSpawnConfigs=0 drawCalls=347 batches=0 setPass=117 tris=2891959 verts=5338701 memory=alloc=5206MB reserved=5808MB mono=1495MB uiToolkit=0 gameplayInitialized=1 playRequested=1 simulationActive=1 focused=1 vSync=0 targetFps=-1 topSystems=disabled markers=disabled
[FrameRateDiag] fps=15.7 avgFrame=63.5ms updateAvg=21.8ms updateMax=89.4ms cpuFrame=61.9ms cpuMain=55.5ms cpuRender=1.1ms gpu=14.5ms drawCalls=344 batches=0 setPass=115 tris=2891897 verts=5338577 units=410 models=46 sourceKeys=410 sourceKeyFallbackVisuals=0 initialSpawnConfigs=0 impostors=20 render=screen=2400x1080,batch=0,quality=0:PC,vSync=0,targetFps=-1,pipeline=Mobile_RPAsset_MobileCandidate,scale=0.75,msaa=0,camera=Main Camera,cameraData=post:1,aa:FastApproximateAntialiasing,stack:0 memory=alloc=5208MB reserved=5806MB mono=1496MB focused=1 playRequested=1 simulationActive=1 stepStats=none topSystems=disabled markers=disabled
[PerfDiag] slowUpdate frame=4262 total=73.3ms gc=0/0/0 cpuFrame=58.3ms cpuMain=52.9ms cpuRender=4.5ms gpu=12.4ms steps=RoadBuild=0.1ms, BuildingPlacement=0.2ms, Selection=0.2ms, DayNight=0.0ms, CitizenPopulation=0.0ms, MainMenu=72.8ms units=410 models=46 sourceKeys=410 sourceKeyFallbackVisuals=0 initialSpawnConfigs=0 drawCalls=350 batches=0 setPass=119 tris=2892279 verts=5339265 memory=alloc=5211MB reserved=5804MB mono=1497MB uiToolkit=0 gameplayInitialized=1 playRequested=1 simulationActive=1 focused=1 vSync=0 targetFps=-1 topSystems=disabled markers=disabled
[PerfDiag] slowUpdate frame=4275 total=83.5ms gc=0/0/0 cpuFrame=67.2ms cpuMain=60.6ms cpuRender=1.1ms gpu=0.4ms steps=RoadBuild=0.1ms, BuildingPlacement=0.3ms, Selection=0.3ms, DayNight=0.0ms, CitizenPopulation=0.0ms, MainMenu=82.8ms units=410 models=46 sourceKeys=410 sourceKeyFallbackVisuals=0 initialSpawnConfigs=0 drawCalls=358 batches=0 setPass=130 tris=2892367 verts=5339441 memory=alloc=5220MB reserved=5809MB mono=1500MB uiToolkit=0 gameplayInitialized=1 playRequested=1 simulationActive=1 focused=1 vSync=0 targetFps=-1 topSystems=disabled markers=disabled
[FrameRateDiag] fps=16.2 avgFrame=61.8ms updateAvg=18.9ms updateMax=83.5ms cpuFrame=56.4ms cpuMain=52.2ms cpuRender=0.8ms gpu=0.2ms drawCalls=348 batches=0 setPass=116 tris=2901540 verts=5360695 units=410 models=46 sourceKeys=410 sourceKeyFallbackVisuals=0 initialSpawnConfigs=0 impostors=20 render=screen=2400x1080,batch=0,quality=0:PC,vSync=0,targetFps=-1,pipeline=Mobile_RPAsset_MobileCandidate,scale=0.75,msaa=0,camera=Main Camera,cameraData=post:1,aa:FastApproximateAntialiasing,stack:0 memory=alloc=5211MB reserved=5814MB mono=1502MB focused=1 playRequested=1 simulationActive=1 stepStats=none topSystems=disabled markers=disabled
[PerfDiag] slowUpdate frame=4287 total=57.5ms gc=0/0/0 cpuFrame=48.4ms cpuMain=43.7ms cpuRender=0.9ms gpu=6.9ms steps=RoadBuild=0.0ms, BuildingPlacement=0.1ms, Selection=0.2ms, DayNight=0.0ms, CitizenPopulation=0.0ms, MainMenu=57.1ms units=410 models=46 sourceKeys=410 sourceKeyFallbackVisuals=0 initialSpawnConfigs=0 drawCalls=347 batches=0 setPass=115 tris=2901538 verts=5360691 memory=alloc=5211MB reserved=5814MB mono=1502MB uiToolkit=0 gameplayInitialized=1 playRequested=1 simulationActive=1 focused=1 vSync=0 targetFps=-1 topSystems=disabled markers=disabled
[PerfDiag] slowUpdate frame=4302 total=70.7ms gc=0/0/0 cpuFrame=64.5ms cpuMain=59.1ms cpuRender=4.6ms gpu=12.4ms steps=RoadBuild=0.1ms, BuildingPlacement=0.2ms, Selection=0.2ms, DayNight=0.0ms, CitizenPopulation=0.0ms, MainMenu=70.2ms units=410 models=46 sourceKeys=410 sourceKeyFallbackVisuals=0 initialSpawnConfigs=0 drawCalls=351 batches=0 setPass=117 tris=2901856 verts=5361251 memory=alloc=5214MB reserved=5810MB mono=1505MB uiToolkit=0 gameplayInitialized=1 playRequested=1 simulationActive=1 focused=1 vSync=0 targetFps=-1 topSystems=disabled markers=disabled
[PerfDiag] slowUpdate frame=4316 total=68.1ms gc=0/0/0 cpuFrame=53.6ms cpuMain=49.8ms cpuRender=1.0ms gpu=0.2ms steps=RoadBuild=0.0ms, BuildingPlacement=0.2ms, Selection=0.1ms, DayNight=0.0ms, CitizenPopulation=0.0ms, MainMenu=67.7ms units=410 models=46 sourceKeys=410 sourceKeyFallbackVisuals=0 initialSpawnConfigs=0 drawCalls=362 batches=0 setPass=125 tris=2902164 verts=5361943 memory=alloc=5215MB reserved=5809MB mono=1507MB uiToolkit=0 gameplayInitialized=1 playRequested=1 simulationActive=1 focused=1 vSync=0 targetFps=-1 topSystems=disabled markers=disabled
[FrameRateDiag] fps=18.7 avgFrame=53.3ms updateAvg=17.2ms updateMax=70.7ms cpuFrame=38.9ms cpuMain=35.0ms cpuRender=3.2ms gpu=20.9ms drawCalls=361 batches=0 setPass=124 tris=2902024 verts=5361663 units=410 models=46 sourceKeys=410 sourceKeyFallbackVisuals=0 initialSpawnConfigs=0 impostors=20 render=screen=2400x1080,batch=0,quality=0:PC,vSync=0,targetFps=-1,pipeline=Mobile_RPAsset_MobileCandidate,scale=0.75,msaa=0,camera=Main Camera,cameraData=post:1,aa:FastApproximateAntialiasing,stack:0 memory=alloc=5215MB reserved=5809MB mono=1509MB focused=1 playRequested=1 simulationActive=1 stepStats=none topSystems=disabled markers=disabled
[PerfDiag] slowUpdate frame=4336 total=60.6ms gc=0/0/0 cpuFrame=34.1ms cpuMain=30.0ms cpuRender=0.7ms gpu=0.2ms steps=RoadBuild=0.0ms, BuildingPlacement=0.1ms, Selection=0.1ms, DayNight=0.0ms, CitizenPopulation=0.0ms, MainMenu=60.2ms units=410 models=46 sourceKeys=410 sourceKeyFallbackVisuals=0 initialSpawnConfigs=0 drawCalls=366 batches=0 setPass=130 tris=2902110 verts=5361835 memory=alloc=5216MB reserved=5809MB mono=1510MB uiToolkit=0 gameplayInitialized=1 playRequested=1 simulationActive=1 focused=1 vSync=0 targetFps=-1 topSystems=disabled markers=disabled
[PerfDiag] slowUpdate frame=4358 total=56.6ms gc=0/0/0 cpuFrame=35.6ms cpuMain=32.2ms cpuRender=0.7ms gpu=7.4ms steps=RoadBuild=0.0ms, BuildingPlacement=0.1ms, Selection=0.1ms, DayNight=0.0ms, CitizenPopulation=0.0ms, MainMenu=56.3ms units=410 models=46 sourceKeys=410 sourceKeyFallbackVisuals=0 initialSpawnConfigs=0 drawCalls=381 batches=0 setPass=139 tris=2921430 verts=5406139 memory=alloc=5218MB reserved=5809MB mono=1514MB uiToolkit=0 gameplayInitialized=1 playRequested=1 simulationActive=1 focused=1 vSync=0 targetFps=-1 topSystems=disabled markers=disabled
[FrameRateDiag] fps=26.5 avgFrame=37.8ms updateAvg=10.9ms updateMax=60.6ms cpuFrame=31.2ms cpuMain=27.6ms cpuRender=0.7ms gpu=0.2ms drawCalls=384 batches=0 setPass=128 tris=2865431 verts=5260871 units=410 models=46 sourceKeys=410 sourceKeyFallbackVisuals=0 initialSpawnConfigs=0 impostors=25 render=screen=2400x1080,batch=0,quality=0:PC,vSync=0,targetFps=-1,pipeline=Mobile_RPAsset_MobileCandidate,scale=0.75,msaa=0,camera=Main Camera,cameraData=post:1,aa:FastApproximateAntialiasing,stack:0 memory=alloc=5219MB reserved=5810MB mono=1517MB focused=1 playRequested=1 simulationActive=1 stepStats=none topSystems=disabled markers=disabled
[RenderSceneDiag] frame=4377 source=profilerCounters drawCalls=384 batches=0 setPass=128 tris=2865431 verts=5260871 topSystems=disabled markers=disabled
[PerfDiag] slowUpdate frame=4380 total=82.8ms gc=0/0/0 cpuFrame=44.6ms cpuMain=39.3ms cpuRender=3.6ms gpu=16.0ms steps=RoadBuild=0.0ms, BuildingPlacement=0.2ms, Selection=0.1ms, DayNight=0.0ms, CitizenPopulation=0.0ms, MainMenu=82.4ms units=410 models=46 sourceKeys=410 sourceKeyFallbackVisuals=0 initialSpawnConfigs=0 drawCalls=380 batches=0 setPass=126 tris=2865407 verts=5260823 memory=alloc=5219MB reserved=5810MB mono=1517MB uiToolkit=0 gameplayInitialized=1 playRequested=1 simulationActive=1 focused=1 vSync=0 targetFps=-1 topSystems=disabled markers=disabled
[PerfDiag] slowUpdate frame=4389 total=29.9ms gc=0/0/0 cpuFrame=91.5ms cpuMain=80.1ms cpuRender=1.5ms gpu=7.3ms steps=RoadBuild=0.0ms, BuildingPlacement=0.4ms, Selection=0.7ms, DayNight=0.0ms, CitizenPopulation=0.0ms, MainMenu=28.8ms units=410 models=46 sourceKeys=410 sourceKeyFallbackVisuals=0 initialSpawnConfigs=0 drawCalls=398 batches=0 setPass=129 tris=2668122 verts=4779031 memory=alloc=5221MB reserved=5813MB mono=1519MB uiToolkit=0 gameplayInitialized=1 playRequested=1 simulationActive=1 focused=1 vSync=0 targetFps=-1 topSystems=disabled markers=disabled
[AudioDiag] Playback event=VO.ARIA.Message.WarningGroundAttackType bus=Voice requestId=456 played=1 status=Presented reason=Played at=135.21 source=null
UnityEngine.Debug:ExtractStackTraceNoAlloc (byte*,int,string)
UnityEngine.StackTraceUtility:ExtractStackTrace () (at /Users/bokken/build/output/unity/unity/Runtime/Export/Scripting/StackTrace.cs:35)
UnityEngine.DebugLogHandler:Internal_Log (UnityEngine.LogType,UnityEngine.LogOption,string,UnityEngine.Object)
UnityEngine.DebugLogHandler:LogFormat (UnityEngine.LogType,UnityEngine.Object,string,object[])
UnityEngine.Logger:Log (UnityEngine.LogType,object)
UnityEngine.Debug:Log (object)
Game.Runtime.AudioPlaybackPresentationDiagnostics:Log (Unity.Entities.EntityManager,Game.Components.AudioPlaybackRequestElement,Game.Configs.AudioEventCatalogEntry,Game.Runtime.AudioPlaybackPresentationResult,single) (at Assets/Game/Scripts/Audio/Runtime/AudioPlaybackPresentationDiagnostics.cs:32)
Game.Runtime.AudioPlaybackPresentationBridgeSystemHelper:DrainAcceptedRequests (Unity.Entities.EntityManager,Game.Configs.AudioEventCatalogConfig,Game.Configs.AudioMixerBusConfig,Game.Runtime.AudioPlaybackPresentationSystemHelper,single) (at Assets/Game/Scripts/Audio/Runtime/AudioPlaybackPresentationBridgeSystemHelper.cs:169)
Game.Runtime.AudioPlaybackPresentationRuntimeView:Update () (at Assets/Game/Scripts/Audio/Runtime/AudioPlaybackPresentationRuntimeView.cs:54)

(Filename: Assets/Game/Scripts/Audio/Runtime/AudioPlaybackPresentationDiagnostics.cs Line: 32)

[PerfDiag] slowUpdate frame=4405 total=78.5ms gc=0/0/0 cpuFrame=43.7ms cpuMain=38.9ms cpuRender=3.6ms gpu=19.2ms steps=RoadBuild=0.1ms, BuildingPlacement=0.2ms, Selection=0.3ms, DayNight=0.0ms, CitizenPopulation=0.0ms, MainMenu=77.9ms units=410 models=46 sourceKeys=410 sourceKeyFallbackVisuals=0 initialSpawnConfigs=0 drawCalls=387 batches=0 setPass=140 tris=2877070 verts=5290727 memory=alloc=5224MB reserved=5814MB mono=1522MB uiToolkit=0 gameplayInitialized=1 playRequested=1 simulationActive=1 focused=1 vSync=0 targetFps=-1 topSystems=disabled markers=disabled
[FrameRateDiag] fps=15.2 avgFrame=65.9ms updateAvg=21.2ms updateMax=82.8ms cpuFrame=55.6ms cpuMain=49.4ms cpuRender=1.6ms gpu=17.5ms drawCalls=383 batches=0 setPass=132 tris=2876708 verts=5290079 units=410 models=46 sourceKeys=410 sourceKeyFallbackVisuals=0 initialSpawnConfigs=0 impostors=24 render=screen=2400x1080,batch=0,quality=0:PC,vSync=0,targetFps=-1,pipeline=Mobile_RPAsset_MobileCandidate,scale=0.75,msaa=0,camera=Main Camera,cameraData=post:1,aa:FastApproximateAntialiasing,stack:0 memory=alloc=5224MB reserved=5814MB mono=1523MB focused=1 playRequested=1 simulationActive=1 stepStats=none topSystems=disabled markers=disabled
[PerfDiag] slowUpdate frame=4422 total=60.3ms gc=0/0/0 cpuFrame=39.6ms cpuMain=35.9ms cpuRender=3.5ms gpu=15.0ms steps=RoadBuild=0.0ms, BuildingPlacement=0.1ms, Selection=0.2ms, DayNight=0.0ms, CitizenPopulation=0.0ms, MainMenu=59.9ms units=410 models=46 sourceKeys=410 sourceKeyFallbackVisuals=0 initialSpawnConfigs=0 drawCalls=388 batches=0 setPass=133 tris=2832226 verts=5174499 memory=alloc=5224MB reserved=5814MB mono=1525MB uiToolkit=0 gameplayInitialized=1 playRequested=1 simulationActive=1 focused=1 vSync=0 targetFps=-1 topSystems=disabled markers=disabled
[PerfDiag] slowUpdate frame=4439 total=69.8ms gc=0/0/0 cpuFrame=37.1ms cpuMain=34.0ms cpuRender=0.8ms gpu=0.2ms steps=RoadBuild=0.0ms, BuildingPlacement=0.1ms, Selection=0.3ms, DayNight=0.0ms, CitizenPopulation=0.0ms, MainMenu=69.3ms units=410 models=46 sourceKeys=410 sourceKeyFallbackVisuals=0 initialSpawnConfigs=0 drawCalls=376 batches=0 setPass=125 tris=2921492 verts=5406187 memory=alloc=5226MB reserved=5816MB mono=1528MB uiToolkit=0 gameplayInitialized=1 playRequested=1 simulationActive=1 focused=1 vSync=0 targetFps=-1 topSystems=disabled markers=disabled
[FrameRateDiag] fps=21.5 avgFrame=46.6ms updateAvg=13.8ms updateMax=69.8ms cpuFrame=48.5ms cpuMain=45.1ms cpuRender=1.1ms gpu=0.4ms drawCalls=380 batches=0 setPass=127 tris=2921586 verts=5406375 units=410 models=46 sourceKeys=410 sourceKeyFallbackVisuals=0 initialSpawnConfigs=0 impostors=20 render=screen=2400x1080,batch=0,quality=0:PC,vSync=0,targetFps=-1,pipeline=Mobile_RPAsset_MobileCandidate,scale=0.75,msaa=0,camera=Main Camera,cameraData=post:1,aa:FastApproximateAntialiasing,stack:0 memory=alloc=5230MB reserved=5818MB mono=1530MB focused=1 playRequested=1 simulationActive=1 stepStats=none topSystems=disabled markers=disabled
[PerfDiag] slowUpdate frame=4453 total=82.2ms gc=0/0/0 cpuFrame=60.7ms cpuMain=55.6ms cpuRender=4.5ms gpu=13.2ms steps=RoadBuild=0.1ms, BuildingPlacement=0.1ms, Selection=0.4ms, DayNight=0.0ms, CitizenPopulation=0.0ms, MainMenu=81.6ms units=410 models=46 sourceKeys=410 sourceKeyFallbackVisuals=0 initialSpawnConfigs=0 drawCalls=0 batches=0 setPass=0 tris=0 verts=0 memory=alloc=5229MB reserved=5818MB mono=1530MB uiToolkit=0 gameplayInitialized=1 playRequested=1 simulationActive=1 focused=1 vSync=0 targetFps=-1 topSystems=disabled markers=disabled
[PerfDiag] slowUpdate frame=4464 total=80.4ms gc=0/0/0 cpuFrame=62.8ms cpuMain=57.2ms cpuRender=1.4ms gpu=9.1ms steps=RoadBuild=0.1ms, BuildingPlacement=0.2ms, Selection=0.3ms, DayNight=0.0ms, CitizenPopulation=0.0ms, MainMenu=79.8ms units=410 models=46 sourceKeys=410 sourceKeyFallbackVisuals=0 initialSpawnConfigs=0 drawCalls=385 batches=0 setPass=131 tris=2921730 verts=5406663 memory=alloc=5229MB reserved=5823MB mono=1532MB uiToolkit=0 gameplayInitialized=1 playRequested=1 simulationActive=1 focused=1 vSync=0 targetFps=-1 topSystems=disabled markers=disabled
[PerfDiag] slowUpdate frame=4477 total=75.7ms gc=0/0/0 cpuFrame=66.6ms cpuMain=62.8ms cpuRender=0.9ms gpu=0.4ms steps=RoadBuild=0.0ms, BuildingPlacement=0.2ms, Selection=0.3ms, DayNight=0.0ms, CitizenPopulation=0.0ms, MainMenu=75.0ms units=410 models=46 sourceKeys=410 sourceKeyFallbackVisuals=0 initialSpawnConfigs=0 drawCalls=398 batches=0 setPass=132 tris=2715161 verts=4893175 memory=alloc=5232MB reserved=5823MB mono=1534MB uiToolkit=0 gameplayInitialized=1 playRequested=1 simulationActive=1 focused=1 vSync=0 targetFps=-1 topSystems=disabled markers=disabled
[FrameRateDiag] fps=14.1 avgFrame=70.8ms updateAvg=22.9ms updateMax=82.2ms cpuFrame=60.6ms cpuMain=56.1ms cpuRender=1.1ms gpu=1.5ms drawCalls=391 batches=0 setPass=126 tris=2714889 verts=4892631 units=410 models=46 sourceKeys=410 sourceKeyFallbackVisuals=0 initialSpawnConfigs=0 impostors=32 render=screen=2400x1080,batch=0,quality=0:PC,vSync=0,targetFps=-1,pipeline=Mobile_RPAsset_MobileCandidate,scale=0.75,msaa=0,camera=Main Camera,cameraData=post:1,aa:FastApproximateAntialiasing,stack:0 memory=alloc=5232MB reserved=5832MB mono=1535MB focused=1 playRequested=1 simulationActive=1 stepStats=none topSystems=disabled markers=disabled
[PerfDiag] slowUpdate frame=4487 total=74.0ms gc=0/0/0 cpuFrame=57.3ms cpuMain=51.9ms cpuRender=4.4ms gpu=13.3ms steps=RoadBuild=0.0ms, BuildingPlacement=0.1ms, Selection=0.3ms, DayNight=0.0ms, CitizenPopulation=0.0ms, MainMenu=73.6ms units=410 models=46 sourceKeys=410 sourceKeyFallbackVisuals=0 initialSpawnConfigs=0 drawCalls=387 batches=0 setPass=140 tris=2793190 verts=5095811 memory=alloc=5235MB reserved=5832MB mono=1536MB uiToolkit=0 gameplayInitialized=1 playRequested=1 simulationActive=1 focused=1 vSync=0 targetFps=-1 topSystems=disabled markers=disabled
[PerfDiag] slowUpdate frame=4498 total=82.9ms gc=0/0/0 cpuFrame=56.6ms cpuMain=52.4ms cpuRender=4.2ms gpu=18.4ms steps=RoadBuild=0.1ms, BuildingPlacement=0.2ms, Selection=0.4ms, DayNight=0.0ms, CitizenPopulation=0.0ms, MainMenu=82.3ms units=410 models=46 sourceKeys=410 sourceKeyFallbackVisuals=0 initialSpawnConfigs=0 drawCalls=379 batches=0 setPass=131 tris=2921490 verts=5406183 memory=alloc=5234MB reserved=5832MB mono=1539MB uiToolkit=0 gameplayInitialized=1 playRequested=1 simulationActive=1 focused=1 vSync=0 targetFps=-1 topSystems=disabled markers=disabled
[PerfDiag] slowUpdate frame=4509 total=74.4ms gc=0/0/0 cpuFrame=68.8ms cpuMain=61.7ms cpuRender=1.2ms gpu=20.5ms steps=RoadBuild=0.1ms, BuildingPlacement=0.2ms, Selection=0.3ms, DayNight=0.0ms, CitizenPopulation=0.0ms, MainMenu=73.9ms units=410 models=46 sourceKeys=410 sourceKeyFallbackVisuals=0 initialSpawnConfigs=0 drawCalls=391 batches=0 setPass=141 tris=2865615 verts=5261239 memory=alloc=5234MB reserved=5832MB mono=1541MB uiToolkit=0 gameplayInitialized=1 playRequested=1 simulationActive=1 focused=1 vSync=0 targetFps=-1 topSystems=disabled markers=disabled
[FrameRateDiag] fps=14.7 avgFrame=67.8ms updateAvg=22.2ms updateMax=82.9ms cpuFrame=68.8ms cpuMain=61.7ms cpuRender=1.2ms gpu=20.5ms drawCalls=391 batches=0 setPass=141 tris=2865615 verts=5261239 units=410 models=46 sourceKeys=410 sourceKeyFallbackVisuals=0 initialSpawnConfigs=0 impostors=25 render=screen=2400x1080,batch=0,quality=0:PC,vSync=0,targetFps=-1,pipeline=Mobile_RPAsset_MobileCandidate,scale=0.75,msaa=0,camera=Main Camera,cameraData=post:1,aa:FastApproximateAntialiasing,stack:0 memory=alloc=5235MB reserved=5832MB mono=1541MB focused=1 playRequested=1 simulationActive=1 stepStats=none topSystems=disabled markers=disabled
[PerfDiag] slowUpdate frame=4520 total=73.3ms gc=0/0/0 cpuFrame=63.8ms cpuMain=58.0ms cpuRender=1.1ms gpu=7.4ms steps=RoadBuild=0.1ms, BuildingPlacement=0.2ms, Selection=0.3ms, DayNight=0.0ms, CitizenPopulation=0.0ms, MainMenu=72.7ms units=410 models=46 sourceKeys=410 sourceKeyFallbackVisuals=0 initialSpawnConfigs=0 drawCalls=377 batches=0 setPass=134 tris=2772615 verts=5034955 memory=alloc=5236MB reserved=5832MB mono=1543MB uiToolkit=0 gameplayInitialized=1 playRequested=1 simulationActive=1 focused=1 vSync=0 targetFps=-1 topSystems=disabled markers=disabled
[PerfDiag] slowUpdate frame=4531 total=80.0ms gc=0/0/0 cpuFrame=67.1ms cpuMain=59.9ms cpuRender=1.2ms gpu=14.3ms steps=RoadBuild=0.1ms, BuildingPlacement=0.2ms, Selection=0.3ms, DayNight=0.0ms, CitizenPopulation=0.0ms, MainMenu=79.4ms units=410 models=46 sourceKeys=410 sourceKeyFallbackVisuals=0 initialSpawnConfigs=0 drawCalls=402 batches=0 setPass=156 tris=2774217 verts=5056437 memory=alloc=5238MB reserved=5832MB mono=1545MB uiToolkit=0 gameplayInitialized=1 playRequested=1 simulationActive=1 focused=1 vSync=0 targetFps=-1 topSystems=disabled markers=disabled
[FrameRateDiag] fps=14.5 avgFrame=69.0ms updateAvg=20.1ms updateMax=80.0ms cpuFrame=57.1ms cpuMain=50.5ms cpuRender=1.0ms gpu=6.3ms drawCalls=384 batches=0 setPass=135 tris=2775758 verts=5053045 units=410 models=46 sourceKeys=410 sourceKeyFallbackVisuals=0 initialSpawnConfigs=0 impostors=27 render=screen=2400x1080,batch=0,quality=0:PC,vSync=0,targetFps=-1,pipeline=Mobile_RPAsset_MobileCandidate,scale=0.75,msaa=0,camera=Main Camera,cameraData=post:1,aa:FastApproximateAntialiasing,stack:0 memory=alloc=5239MB reserved=5832MB mono=1546MB focused=1 playRequested=1 simulationActive=1 stepStats=none topSystems=disabled markers=disabled
[RenderSceneDiag] frame=4539 source=profilerCounters drawCalls=384 batches=0 setPass=135 tris=2775758 verts=5053045 topSystems=disabled markers=disabled
[PerfDiag] slowUpdate frame=4545 total=57.2ms gc=0/0/0 cpuFrame=40.6ms cpuMain=36.0ms cpuRender=0.8ms gpu=12.8ms steps=RoadBuild=0.0ms, BuildingPlacement=0.1ms, Selection=0.1ms, DayNight=0.0ms, CitizenPopulation=0.0ms, MainMenu=56.9ms units=410 models=46 sourceKeys=410 sourceKeyFallbackVisuals=0 initialSpawnConfigs=0 drawCalls=384 batches=0 setPass=145 tris=2762604 verts=5026633 memory=alloc=5241MB reserved=5832MB mono=1547MB uiToolkit=0 gameplayInitialized=1 playRequested=1 simulationActive=1 focused=1 vSync=0 targetFps=-1 topSystems=disabled markers=disabled
[PerfDiag] slowUpdate frame=4568 total=46.6ms gc=0/0/0 cpuFrame=33.9ms cpuMain=30.9ms cpuRender=0.6ms gpu=14.3ms steps=RoadBuild=0.0ms, BuildingPlacement=0.1ms, Selection=0.1ms, DayNight=0.0ms, CitizenPopulation=0.0ms, MainMenu=46.4ms units=410 models=46 sourceKeys=410 sourceKeyFallbackVisuals=0 initialSpawnConfigs=0 drawCalls=384 batches=0 setPass=133 tris=2782067 verts=5070731 memory=alloc=5243MB reserved=5832MB mono=1551MB uiToolkit=0 gameplayInitialized=1 playRequested=1 simulationActive=1 focused=1 vSync=0 targetFps=-1 topSystems=disabled markers=disabled
[PerfDiag] slowUpdate frame=4588 total=65.5ms gc=0/0/0 cpuFrame=46.9ms cpuMain=39.7ms cpuRender=3.6ms gpu=7.8ms steps=RoadBuild=0.0ms, BuildingPlacement=0.2ms, Selection=0.2ms, DayNight=0.0ms, CitizenPopulation=0.0ms, MainMenu=65.0ms units=410 models=46 sourceKeys=410 sourceKeyFallbackVisuals=0 initialSpawnConfigs=0 drawCalls=380 batches=0 setPass=144 tris=2689321 verts=4844955 memory=alloc=5247MB reserved=5833MB mono=1554MB uiToolkit=0 gameplayInitialized=1 playRequested=1 simulationActive=1 focused=1 vSync=0 targetFps=-1 topSystems=disabled markers=disabled
[FrameRateDiag] fps=24.7 avgFrame=40.4ms updateAvg=12.1ms updateMax=65.5ms cpuFrame=51.5ms cpuMain=48.1ms cpuRender=0.8ms gpu=0.2ms drawCalls=379 batches=0 setPass=146 tris=2689239 verts=4844791 units=410 models=46 sourceKeys=410 sourceKeyFallbackVisuals=0 initialSpawnConfigs=0 impostors=31 render=screen=2400x1080,batch=0,quality=0:PC,vSync=0,targetFps=-1,pipeline=Mobile_RPAsset_MobileCandidate,scale=0.75,msaa=0,camera=Main Camera,cameraData=post:1,aa:FastApproximateAntialiasing,stack:0 memory=alloc=5247MB reserved=5833MB mono=1554MB focused=1 playRequested=1 simulationActive=1 stepStats=none topSystems=disabled markers=disabled
[PerfDiag] slowUpdate frame=4605 total=74.3ms gc=0/0/0 cpuFrame=44.7ms cpuMain=37.9ms cpuRender=0.8ms gpu=8.0ms steps=RoadBuild=0.0ms, BuildingPlacement=11.9ms, Selection=0.2ms, DayNight=0.0ms, CitizenPopulation=0.0ms, MainMenu=62.2ms units=410 models=46 sourceKeys=410 sourceKeyFallbackVisuals=0 initialSpawnConfigs=0 drawCalls=370 batches=0 setPass=142 tris=2840095 verts=5203779 memory=alloc=5249MB reserved=5835MB mono=1557MB uiToolkit=0 gameplayInitialized=1 playRequested=1 simulationActive=1 focused=1 vSync=0 targetFps=-1 topSystems=disabled markers=disabled
[AudioDiag] Playback event=VO.ARIA.Message.WarningGroundAttackType bus=Voice requestId=657 played=1 status=Presented reason=Played at=147.82 source=null
UnityEngine.Debug:ExtractStackTraceNoAlloc (byte*,int,string)
UnityEngine.StackTraceUtility:ExtractStackTrace () (at /Users/bokken/build/output/unity/unity/Runtime/Export/Scripting/StackTrace.cs:35)
UnityEngine.DebugLogHandler:Internal_Log (UnityEngine.LogType,UnityEngine.LogOption,string,UnityEngine.Object)
UnityEngine.DebugLogHandler:LogFormat (UnityEngine.LogType,UnityEngine.Object,string,object[])
UnityEngine.Logger:Log (UnityEngine.LogType,object)
UnityEngine.Debug:Log (object)
Game.Runtime.AudioPlaybackPresentationDiagnostics:Log (Unity.Entities.EntityManager,Game.Components.AudioPlaybackRequestElement,Game.Configs.AudioEventCatalogEntry,Game.Runtime.AudioPlaybackPresentationResult,single) (at Assets/Game/Scripts/Audio/Runtime/AudioPlaybackPresentationDiagnostics.cs:32)
Game.Runtime.AudioPlaybackPresentationBridgeSystemHelper:DrainAcceptedRequests (Unity.Entities.EntityManager,Game.Configs.AudioEventCatalogConfig,Game.Configs.AudioMixerBusConfig,Game.Runtime.AudioPlaybackPresentationSystemHelper,single) (at Assets/Game/Scripts/Audio/Runtime/AudioPlaybackPresentationBridgeSystemHelper.cs:169)
Game.Runtime.AudioPlaybackPresentationRuntimeView:Update () (at Assets/Game/Scripts/Audio/Runtime/AudioPlaybackPresentationRuntimeView.cs:54)

(Filename: Assets/Game/Scripts/Audio/Runtime/AudioPlaybackPresentationDiagnostics.cs Line: 32)

[PerfDiag] slowUpdate frame=4624 total=64.6ms gc=0/0/0 cpuFrame=40.9ms cpuMain=37.0ms cpuRender=3.3ms gpu=35.5ms steps=RoadBuild=0.0ms, BuildingPlacement=0.1ms, Selection=0.2ms, DayNight=0.0ms, CitizenPopulation=0.0ms, MainMenu=64.1ms units=410 models=46 sourceKeys=410 sourceKeyFallbackVisuals=0 initialSpawnConfigs=0 drawCalls=355 batches=0 setPass=134 tris=2791671 verts=5093187 memory=alloc=5251MB reserved=5838MB mono=1560MB uiToolkit=0 gameplayInitialized=1 playRequested=1 simulationActive=1 focused=1 vSync=0 targetFps=-1 topSystems=disabled markers=disabled
[FrameRateDiag] fps=21.4 avgFrame=46.8ms updateAvg=13.6ms updateMax=74.3ms cpuFrame=40.3ms cpuMain=37.2ms cpuRender=3.4ms gpu=8.0ms drawCalls=352 batches=0 setPass=131 tris=2919783 verts=5403259 units=410 models=46 sourceKeys=410 sourceKeyFallbackVisuals=0 initialSpawnConfigs=0 impostors=20 render=screen=2400x1080,batch=0,quality=0:PC,vSync=0,targetFps=-1,pipeline=Mobile_RPAsset_MobileCandidate,scale=0.75,msaa=0,camera=Main Camera,cameraData=post:1,aa:FastApproximateAntialiasing,stack:0 memory=alloc=5253MB reserved=5838MB mono=1562MB focused=1 playRequested=1 simulationActive=1 stepStats=none topSystems=disabled markers=disabled
[PerfDiag] slowUpdate frame=4641 total=55.7ms gc=0/0/0 cpuFrame=42.7ms cpuMain=35.8ms cpuRender=0.7ms gpu=28.5ms steps=RoadBuild=0.0ms, BuildingPlacement=0.1ms, Selection=0.2ms, DayNight=0.0ms, CitizenPopulation=0.0ms, MainMenu=55.3ms units=410 models=46 sourceKeys=410 sourceKeyFallbackVisuals=0 initialSpawnConfigs=0 drawCalls=371 batches=0 setPass=143 tris=2920301 verts=5404219 memory=alloc=5252MB reserved=5838MB mono=1563MB uiToolkit=0 gameplayInitialized=1 playRequested=1 simulationActive=1 focused=1 vSync=0 targetFps=-1 topSystems=disabled markers=disabled
[PerfDiag] slowUpdate frame=4661 total=62.3ms gc=0/0/0 cpuFrame=39.9ms cpuMain=36.7ms cpuRender=3.1ms gpu=7.8ms steps=RoadBuild=0.0ms, BuildingPlacement=0.1ms, Selection=0.2ms, DayNight=0.0ms, CitizenPopulation=0.0ms, MainMenu=61.9ms units=410 models=46 sourceKeys=410 sourceKeyFallbackVisuals=0 initialSpawnConfigs=0 drawCalls=373 batches=0 setPass=129 tris=2726430 verts=4916307 memory=alloc=5252MB reserved=5838MB mono=1567MB uiToolkit=0 gameplayInitialized=1 playRequested=1 simulationActive=1 focused=1 vSync=0 targetFps=-1 topSystems=disabled markers=disabled
[PerfDiag] slowUpdate frame=4677 total=65.8ms gc=0/0/0 cpuFrame=41.8ms cpuMain=38.4ms cpuRender=0.8ms gpu=0.2ms steps=RoadBuild=0.1ms, BuildingPlacement=0.3ms, Selection=0.2ms, DayNight=0.0ms, CitizenPopulation=0.0ms, MainMenu=65.1ms units=410 models=46 sourceKeys=410 sourceKeyFallbackVisuals=0 initialSpawnConfigs=0 drawCalls=362 batches=0 setPass=133 tris=2919847 verts=5403387 memory=alloc=5255MB reserved=5840MB mono=1570MB uiToolkit=0 gameplayInitialized=1 playRequested=1 simulationActive=1 focused=1 vSync=0 targetFps=-1 topSystems=disabled markers=disabled
[FrameRateDiag] fps=23.1 avgFrame=43.4ms updateAvg=13.3ms updateMax=65.8ms cpuFrame=41.8ms cpuMain=38.4ms cpuRender=0.8ms gpu=0.2ms drawCalls=362 batches=0 setPass=133 tris=2919847 verts=5403387 units=410 models=46 sourceKeys=410 sourceKeyFallbackVisuals=0 initialSpawnConfigs=0 impostors=20 render=screen=2400x1080,batch=0,quality=0:PC,vSync=0,targetFps=-1,pipeline=Mobile_RPAsset_MobileCandidate,scale=0.75,msaa=0,camera=Main Camera,cameraData=post:1,aa:FastApproximateAntialiasing,stack:0 memory=alloc=5255MB reserved=5840MB mono=1570MB focused=1 playRequested=1 simulationActive=1 stepStats=none topSystems=disabled markers=disabled
[PerfDiag] slowUpdate frame=4690 total=72.9ms gc=0/0/0 cpuFrame=54.9ms cpuMain=47.3ms cpuRender=2.1ms gpu=0.3ms steps=RoadBuild=0.1ms, BuildingPlacement=0.2ms, Selection=0.3ms, DayNight=0.0ms, CitizenPopulation=0.0ms, MainMenu=72.3ms units=410 models=46 sourceKeys=410 sourceKeyFallbackVisuals=0 initialSpawnConfigs=0 drawCalls=372 batches=0 setPass=138 tris=2920185 verts=5403987 memory=alloc=5255MB reserved=5841MB mono=1573MB uiToolkit=0 gameplayInitialized=1 playRequested=1 simulationActive=1 focused=1 vSync=0 targetFps=-1 topSystems=disabled markers=disabled
[PerfDiag] slowUpdate frame=4706 total=85.9ms gc=0/0/0 cpuFrame=67.9ms cpuMain=56.8ms cpuRender=1.0ms gpu=0.3ms steps=RoadBuild=0.1ms, BuildingPlacement=0.3ms, Selection=0.3ms, DayNight=0.0ms, CitizenPopulation=0.0ms, MainMenu=85.2ms units=410 models=46 sourceKeys=410 sourceKeyFallbackVisuals=0 initialSpawnConfigs=0 drawCalls=373 batches=0 setPass=135 tris=2735942 verts=4948459 memory=alloc=5256MB reserved=5842MB mono=1575MB uiToolkit=0 gameplayInitialized=1 playRequested=1 simulationActive=1 focused=1 vSync=0 targetFps=-1 topSystems=disabled markers=disabled
[FrameRateDiag] fps=15.6 avgFrame=64.1ms updateAvg=18.4ms updateMax=85.9ms cpuFrame=144.0ms cpuMain=136.1ms cpuRender=1.4ms gpu=9.0ms drawCalls=368 batches=0 setPass=134 tris=2735778 verts=4948131 units=409 models=46 sourceKeys=409 sourceKeyFallbackVisuals=0 initialSpawnConfigs=0 impostors=30 render=screen=2400x1080,batch=0,quality=0:PC,vSync=0,targetFps=-1,pipeline=Mobile_RPAsset_MobileCandidate,scale=0.75,msaa=0,camera=Main Camera,cameraData=post:1,aa:FastApproximateAntialiasing,stack:0 memory=alloc=5256MB reserved=5842MB mono=1576MB focused=1 playRequested=1 simulationActive=1 stepStats=none topSystems=disabled markers=disabled
[PerfDiag] slowUpdate frame=4716 total=70.3ms gc=0/0/0 cpuFrame=57.9ms cpuMain=53.4ms cpuRender=1.1ms gpu=0.2ms steps=RoadBuild=0.1ms, BuildingPlacement=0.3ms, Selection=0.2ms, DayNight=0.0ms, CitizenPopulation=0.0ms, MainMenu=69.7ms units=409 models=46 sourceKeys=409 sourceKeyFallbackVisuals=0 initialSpawnConfigs=0 drawCalls=374 batches=0 setPass=138 tris=2908950 verts=5374863 memory=alloc=5256MB reserved=5842MB mono=1578MB uiToolkit=0 gameplayInitialized=1 playRequested=1 simulationActive=1 focused=1 vSync=0 targetFps=-1 topSystems=disabled markers=disabled
[PerfDiag] slowUpdate frame=4732 total=76.2ms gc=0/0/0 cpuFrame=41.2ms cpuMain=36.3ms cpuRender=0.9ms gpu=9.4ms steps=RoadBuild=0.0ms, BuildingPlacement=0.2ms, Selection=0.3ms, DayNight=0.0ms, CitizenPopulation=0.0ms, MainMenu=75.6ms units=409 models=46 sourceKeys=409 sourceKeyFallbackVisuals=0 initialSpawnConfigs=0 drawCalls=376 batches=0 setPass=126 tris=2885469 verts=5316827 memory=alloc=5257MB reserved=5842MB mono=1581MB uiToolkit=0 gameplayInitialized=1 playRequested=1 simulationActive=1 focused=1 vSync=0 targetFps=-1 topSystems=disabled markers=disabled
[PerfDiag] slowUpdate frame=4744 total=66.0ms gc=0/0/0 cpuFrame=45.3ms cpuMain=40.8ms cpuRender=0.9ms gpu=13.6ms steps=RoadBuild=0.1ms, BuildingPlacement=0.1ms, Selection=0.3ms, DayNight=0.0ms, CitizenPopulation=0.0ms, MainMenu=65.5ms units=409 models=46 sourceKeys=409 sourceKeyFallbackVisuals=0 initialSpawnConfigs=0 drawCalls=402 batches=0 setPass=137 tris=2874736 verts=5288631 memory=alloc=5257MB reserved=5844MB mono=1583MB uiToolkit=0 gameplayInitialized=1 playRequested=1 simulationActive=1 focused=1 vSync=0 targetFps=-1 topSystems=disabled markers=disabled
[FrameRateDiag] fps=17.0 avgFrame=58.8ms updateAvg=18.7ms updateMax=76.2ms cpuFrame=45.3ms cpuMain=40.8ms cpuRender=0.9ms gpu=13.6ms drawCalls=402 batches=0 setPass=137 tris=2874736 verts=5288631 units=409 models=46 sourceKeys=409 sourceKeyFallbackVisuals=0 initialSpawnConfigs=0 impostors=20 render=screen=2400x1080,batch=0,quality=0:PC,vSync=0,targetFps=-1,pipeline=Mobile_RPAsset_MobileCandidate,scale=0.75,msaa=0,camera=Main Camera,cameraData=post:1,aa:FastApproximateAntialiasing,stack:0 memory=alloc=5258MB reserved=5844MB mono=1583MB focused=1 playRequested=1 simulationActive=1 stepStats=none topSystems=disabled markers=disabled
[RenderSceneDiag] frame=4744 source=profilerCounters drawCalls=402 batches=0 setPass=137 tris=2874736 verts=5288631 topSystems=disabled markers=disabled
[PerfDiag] slowUpdate frame=4759 total=54.5ms gc=0/0/0 cpuFrame=58.0ms cpuMain=41.4ms cpuRender=1.2ms gpu=0.4ms steps=RoadBuild=0.0ms, BuildingPlacement=0.1ms, Selection=0.2ms, DayNight=0.0ms, CitizenPopulation=0.0ms, MainMenu=54.1ms units=409 models=46 sourceKeys=409 sourceKeyFallbackVisuals=0 initialSpawnConfigs=0 drawCalls=370 batches=0 setPass=145 tris=2761928 verts=5000867 memory=alloc=5259MB reserved=5844MB mono=1586MB uiToolkit=0 gameplayInitialized=1 playRequested=1 simulationActive=1 focused=1 vSync=0 targetFps=-1 topSystems=disabled markers=disabled
[PerfDiag] slowUpdate frame=4779 total=59.4ms gc=0/0/0 cpuFrame=39.6ms cpuMain=35.8ms cpuRender=0.7ms gpu=0.3ms steps=RoadBuild=0.0ms, BuildingPlacement=0.1ms, Selection=0.2ms, DayNight=0.0ms, CitizenPopulation=0.0ms, MainMenu=59.0ms units=409 models=46 sourceKeys=409 sourceKeyFallbackVisuals=0 initialSpawnConfigs=0 drawCalls=368 batches=0 setPass=141 tris=2740989 verts=4976063 memory=alloc=5260MB reserved=5847MB mono=1589MB uiToolkit=0 gameplayInitialized=1 playRequested=1 simulationActive=1 focused=1 vSync=0 targetFps=-1 topSystems=disabled markers=disabled
[FrameRateDiag] fps=21.2 avgFrame=47.1ms updateAvg=12.2ms updateMax=59.4ms cpuFrame=45.4ms cpuMain=41.2ms cpuRender=0.9ms gpu=11.5ms drawCalls=390 batches=0 setPass=161 tris=2683427 verts=4834219 units=409 models=46 sourceKeys=409 sourceKeyFallbackVisuals=0 initialSpawnConfigs=0 impostors=29 render=screen=2400x1080,batch=0,quality=0:PC,vSync=0,targetFps=-1,pipeline=Mobile_RPAsset_MobileCandidate,scale=0.75,msaa=0,camera=Main Camera,cameraData=post:1,aa:FastApproximateAntialiasing,stack:0 memory=alloc=5261MB reserved=5848MB mono=1591MB focused=1 playRequested=1 simulationActive=1 stepStats=none topSystems=disabled markers=disabled
[PerfDiag] slowUpdate frame=4798 total=60.2ms gc=0/0/0 cpuFrame=38.1ms cpuMain=34.7ms cpuRender=3.8ms gpu=11.1ms steps=RoadBuild=0.0ms, BuildingPlacement=0.1ms, Selection=0.2ms, DayNight=0.0ms, CitizenPopulation=0.0ms, MainMenu=59.8ms units=409 models=46 sourceKeys=409 sourceKeyFallbackVisuals=0 initialSpawnConfigs=0 drawCalls=374 batches=0 setPass=155 tris=2669202 verts=4794739 memory=alloc=5262MB reserved=5848MB mono=1593MB uiToolkit=0 gameplayInitialized=1 playRequested=1 simulationActive=1 focused=1 vSync=0 targetFps=-1 topSystems=disabled markers=disabled
[PerfDiag] slowUpdate frame=4814 total=71.9ms gc=0/0/0 cpuFrame=47.9ms cpuMain=43.9ms cpuRender=0.9ms gpu=0.2ms steps=RoadBuild=0.1ms, BuildingPlacement=0.2ms, Selection=0.4ms, DayNight=0.0ms, CitizenPopulation=0.0ms, MainMenu=71.2ms units=409 models=46 sourceKeys=409 sourceKeyFallbackVisuals=0 initialSpawnConfigs=0 drawCalls=392 batches=0 setPass=152 tris=2764144 verts=5033599 memory=alloc=5265MB reserved=5850MB mono=1596MB uiToolkit=0 gameplayInitialized=1 playRequested=1 simulationActive=1 focused=1 vSync=0 targetFps=-1 topSystems=disabled markers=disabled
[PerfDiag] slowUpdate frame=4825 total=65.7ms gc=0/0/0 cpuFrame=63.3ms cpuMain=56.5ms cpuRender=1.5ms gpu=15.3ms steps=RoadBuild=0.0ms, BuildingPlacement=0.2ms, Selection=0.3ms, DayNight=0.0ms, CitizenPopulation=0.0ms, MainMenu=65.2ms units=409 models=46 sourceKeys=409 sourceKeyFallbackVisuals=0 initialSpawnConfigs=0 drawCalls=388 batches=0 setPass=152 tris=2666645 verts=4783091 memory=alloc=5266MB reserved=5851MB mono=1598MB uiToolkit=0 gameplayInitialized=1 playRequested=1 simulationActive=1 focused=1 vSync=0 targetFps=-1 topSystems=disabled markers=disabled
[FrameRateDiag] fps=18.6 avgFrame=53.8ms updateAvg=16.0ms updateMax=71.9ms cpuFrame=66.0ms cpuMain=52.5ms cpuRender=3.5ms gpu=32.7ms drawCalls=403 batches=0 setPass=160 tris=2682348 verts=4821211 units=409 models=46 sourceKeys=409 sourceKeyFallbackVisuals=0 initialSpawnConfigs=0 impostors=35 render=screen=2400x1080,batch=0,quality=0:PC,vSync=0,targetFps=-1,pipeline=Mobile_RPAsset_MobileCandidate,scale=0.75,msaa=0,camera=Main Camera,cameraData=post:1,aa:FastApproximateAntialiasing,stack:0 memory=alloc=5266MB reserved=5851MB mono=1598MB focused=1 playRequested=1 simulationActive=1 stepStats=none topSystems=disabled markers=disabled
[PerfDiag] slowUpdate frame=4843 total=48.4ms gc=0/0/0 cpuFrame=39.9ms cpuMain=36.3ms cpuRender=3.2ms gpu=18.2ms steps=RoadBuild=0.0ms, BuildingPlacement=0.1ms, Selection=0.2ms, DayNight=0.0ms, CitizenPopulation=0.0ms, MainMenu=48.0ms units=409 models=46 sourceKeys=409 sourceKeyFallbackVisuals=0 initialSpawnConfigs=0 drawCalls=375 batches=0 setPass=149 tris=2726544 verts=4936219 memory=alloc=5266MB reserved=5852MB mono=1601MB uiToolkit=0 gameplayInitialized=1 playRequested=1 simulationActive=1 focused=1 vSync=0 targetFps=-1 topSystems=disabled markers=disabled
[PerfDiag] slowUpdate frame=4865 total=54.2ms gc=0/0/0 cpuFrame=33.6ms cpuMain=31.0ms cpuRender=3.4ms gpu=22.4ms steps=RoadBuild=0.0ms, BuildingPlacement=0.1ms, Selection=0.2ms, DayNight=0.0ms, CitizenPopulation=0.0ms, MainMenu=53.8ms units=409 models=46 sourceKeys=409 sourceKeyFallbackVisuals=0 initialSpawnConfigs=0 drawCalls=371 batches=0 setPass=149 tris=2769547 verts=5055315 memory=alloc=5268MB reserved=5853MB mono=1605MB uiToolkit=0 gameplayInitialized=1 playRequested=1 simulationActive=1 focused=1 vSync=0 targetFps=-1 topSystems=disabled markers=disabled
[FrameRateDiag] fps=26.1 avgFrame=38.3ms updateAvg=10.0ms updateMax=54.2ms cpuFrame=31.9ms cpuMain=28.7ms cpuRender=2.5ms gpu=15.5ms drawCalls=382 batches=0 setPass=157 tris=2769681 verts=5055583 units=409 models=46 sourceKeys=409 sourceKeyFallbackVisuals=0 initialSpawnConfigs=0 impostors=25 render=screen=2400x1080,batch=0,quality=0:PC,vSync=0,targetFps=-1,pipeline=Mobile_RPAsset_MobileCandidate,scale=0.75,msaa=0,camera=Main Camera,cameraData=post:1,aa:FastApproximateAntialiasing,stack:0 memory=alloc=5270MB reserved=5854MB mono=1607MB focused=1 playRequested=1 simulationActive=1 stepStats=none topSystems=disabled markers=disabled
[PerfDiag] slowUpdate frame=4889 total=49.1ms gc=0/0/0 cpuFrame=29.9ms cpuMain=27.4ms cpuRender=0.6ms gpu=0.3ms steps=RoadBuild=0.0ms, BuildingPlacement=0.1ms, Selection=0.2ms, DayNight=0.0ms, CitizenPopulation=0.0ms, MainMenu=48.7ms units=409 models=46 sourceKeys=409 sourceKeyFallbackVisuals=0 initialSpawnConfigs=0 drawCalls=391 batches=0 setPass=144 tris=2670252 verts=4792523 memory=alloc=5269MB reserved=5855MB mono=1609MB uiToolkit=0 gameplayInitialized=1 playRequested=1 simulationActive=1 focused=1 vSync=0 targetFps=-1 topSystems=disabled markers=disabled
[AriaInputLifecycleStop] ended=True route=Match timeScale=1 kind=Waiting observationFrame=4904 frame=4904
UnityEngine.Debug:ExtractStackTraceNoAlloc (byte*,int,string)
UnityEngine.StackTraceUtility:ExtractStackTrace () (at /Users/bokken/build/output/unity/unity/Runtime/Export/Scripting/StackTrace.cs:35)
UnityEngine.DebugLogHandler:Internal_Log (UnityEngine.LogType,UnityEngine.LogOption,string,UnityEngine.Object)
UnityEngine.DebugLogHandler:LogFormat (UnityEngine.LogType,UnityEngine.Object,string,object[])
UnityEngine.Logger:Log (UnityEngine.LogType,object)
UnityEngine.Debug:LogWarning (object)
Game.UI.Shell.Ecs.AriaPlayInputSystem:OnUpdate () (at Assets/Game/Scripts/UI/Shell/Ecs/AriaPlayInputSystem.cs:80)
Unity.Entities.SystemBase:Update () (at ./Library/PackageCache/com.unity.entities@bab66ffaba49/Unity.Entities/SystemBase.cs:205)
Unity.Entities.ComponentSystemGroup:UpdateAllSystems () (at ./Library/PackageCache/com.unity.entities@bab66ffaba49/Unity.Entities/ComponentSystemGroup.cs:734)
Unity.Entities.ComponentSystemGroup:OnUpdate () (at ./Library/PackageCache/com.unity.entities@bab66ffaba49/Unity.Entities/ComponentSystemGroup.cs:687)
Unity.Entities.SystemBase:Update () (at ./Library/PackageCache/com.unity.entities@bab66ffaba49/Unity.Entities/SystemBase.cs:205)
Unity.Entities.ScriptBehaviourUpdateOrder/DummyDelegateWrapper:TriggerUpdate () (at ./Library/PackageCache/com.unity.entities@bab66ffaba49/Unity.Entities/ScriptBehaviourUpdateOrder.cs:523)

(Filename: Assets/Game/Scripts/UI/Shell/Ecs/AriaPlayInputSystem.cs Line: 80)

[PerfDiag:PreGame] slowUpdate frame=4905 total=30.2ms gc=0/0/0 cpuFrame=31.2ms cpuMain=27.9ms cpuRender=0.6ms gpu=11.4ms steps=MainMenu=30.2ms units=409 models=46 sourceKeys=409 sourceKeyFallbackVisuals=0 initialSpawnConfigs=0 drawCalls=368 batches=0 setPass=137 tris=2680357 verts=4823627 memory=alloc=5277MB reserved=5872MB mono=1612MB uiToolkit=0 gameplayInitialized=1 playRequested=0 simulationActive=0 focused=1 vSync=0 targetFps=-1 topSystems=disabled markers=disabled
[PerfDiag:PreGame] slowUpdate frame=4930 total=50.2ms gc=0/0/0 cpuFrame=37.2ms cpuMain=32.3ms cpuRender=3.1ms gpu=34.7ms steps=MainMenu=50.1ms units=409 models=46 sourceKeys=409 sourceKeyFallbackVisuals=0 initialSpawnConfigs=0 drawCalls=355 batches=0 setPass=124 tris=2680271 verts=4823394 memory=alloc=5275MB reserved=5873MB mono=1616MB uiToolkit=0 gameplayInitialized=1 playRequested=0 simulationActive=0 focused=1 vSync=0 targetFps=-1 topSystems=disabled markers=disabled
[FrameRateDiag:PreGame] fps=25.7 avgFrame=39.0ms updateAvg=9.5ms updateMax=52.8ms cpuFrame=39.1ms cpuMain=35.9ms cpuRender=2.9ms gpu=17.6ms drawCalls=355 batches=0 setPass=124 tris=2680271 verts=4823394 units=409 models=46 sourceKeys=409 sourceKeyFallbackVisuals=0 initialSpawnConfigs=0 impostors=36 render=screen=2400x1080,batch=0,quality=0:PC,vSync=0,targetFps=-1,pipeline=Mobile_RPAsset_MobileCandidate,scale=0.75,msaa=0,camera=Main Camera,cameraData=post:1,aa:FastApproximateAntialiasing,stack:0 memory=alloc=5275MB reserved=5873MB mono=1616MB focused=1 playRequested=0 simulationActive=0 lastSteps=MainMenu=3.7ms stepStats=none topSystems=disabled markers=disabled
[PerfDiag:PreGame] slowUpdate frame=4954 total=43.3ms gc=0/0/0 cpuFrame=31.0ms cpuMain=28.5ms cpuRender=2.4ms gpu=15.0ms steps=MainMenu=43.3ms units=409 models=46 sourceKeys=409 sourceKeyFallbackVisuals=0 initialSpawnConfigs=0 drawCalls=355 batches=0 setPass=124 tris=2680271 verts=4823394 memory=alloc=5267MB reserved=5873MB mono=1619MB uiToolkit=0 gameplayInitialized=1 playRequested=0 simulationActive=0 focused=1 vSync=0 targetFps=-1 topSystems=disabled markers=disabled
[PerfDiag:PreGame] slowUpdate frame=4983 total=49.4ms gc=0/0/0 cpuFrame=31.0ms cpuMain=28.1ms cpuRender=2.9ms gpu=14.4ms steps=MainMenu=49.4ms units=409 models=46 sourceKeys=409 sourceKeyFallbackVisuals=0 initialSpawnConfigs=0 drawCalls=356 batches=0 setPass=125 tris=2680273 verts=4823398 memory=alloc=5266MB reserved=5873MB mono=1622MB uiToolkit=0 gameplayInitialized=1 playRequested=0 simulationActive=0 focused=1 vSync=0 targetFps=-1 topSystems=disabled markers=disabled
[FrameRateDiag:PreGame] fps=33.3 avgFrame=30.0ms updateAvg=5.3ms updateMax=49.4ms cpuFrame=28.7ms cpuMain=25.6ms cpuRender=2.7ms gpu=11.8ms drawCalls=356 batches=0 setPass=125 tris=2680273 verts=4823398 units=409 models=46 sourceKeys=409 sourceKeyFallbackVisuals=0 initialSpawnConfigs=0 impostors=36 render=screen=2400x1080,batch=0,quality=0:PC,vSync=0,targetFps=-1,pipeline=Mobile_RPAsset_MobileCandidate,scale=0.75,msaa=0,camera=Main Camera,cameraData=post:1,aa:FastApproximateAntialiasing,stack:0 memory=alloc=5265MB reserved=5873MB mono=1623MB focused=1 playRequested=0 simulationActive=0 lastSteps=MainMenu=3.4ms stepStats=none topSystems=disabled markers=disabled
[RenderSceneDiag] frame=4998 source=profilerCounters drawCalls=356 batches=0 setPass=125 tris=2680273 verts=4823398 topSystems=disabled markers=disabled
[PerfDiag:PreGame] slowUpdate frame=5009 total=59.4ms gc=0/0/0 cpuFrame=31.1ms cpuMain=28.3ms cpuRender=2.6ms gpu=7.7ms steps=MainMenu=59.4ms units=409 models=46 sourceKeys=409 sourceKeyFallbackVisuals=0 initialSpawnConfigs=0 drawCalls=355 batches=0 setPass=124 tris=2680271 verts=4823394 memory=alloc=5265MB reserved=5873MB mono=1625MB uiToolkit=0 gameplayInitialized=1 playRequested=0 simulationActive=0 focused=1 vSync=0 targetFps=-1 topSystems=disabled markers=disabled
[PerfDiag:PreGame] slowUpdate frame=5034 total=50.5ms gc=0/0/0 cpuFrame=29.6ms cpuMain=25.6ms cpuRender=0.9ms gpu=7.0ms steps=MainMenu=50.5ms units=409 models=46 sourceKeys=409 sourceKeyFallbackVisuals=0 initialSpawnConfigs=0 drawCalls=355 batches=0 setPass=124 tris=2680271 verts=4823394 memory=alloc=5264MB reserved=5873MB mono=1628MB uiToolkit=0 gameplayInitialized=1 playRequested=0 simulationActive=0 focused=1 vSync=0 targetFps=-1 topSystems=disabled markers=disabled
[SkirmishTerminalProbe] frozen=1 returnInput=Touch target=MAIN MENU point=(1869.00, 153.50)
UnityEngine.Debug:ExtractStackTraceNoAlloc (byte*,int,string)
UnityEngine.StackTraceUtility:ExtractStackTrace () (at /Users/bokken/build/output/unity/unity/Runtime/Export/Scripting/StackTrace.cs:35)
UnityEngine.DebugLogHandler:Internal_Log (UnityEngine.LogType,UnityEngine.LogOption,string,UnityEngine.Object)
UnityEngine.DebugLogHandler:LogFormat (UnityEngine.LogType,UnityEngine.Object,string,object[])
UnityEngine.Logger:Log (UnityEngine.LogType,object)
UnityEngine.Debug:Log (object)
Game.Editor.SkirmishS002AriaRunHarness:TickTerminalPlayerFrame () (at Assets/Game/Scripts/Editor/Skirmish/SkirmishS002AriaRunHarness.TerminalProbe.cs:89)
Game.Editor.SkirmishTerminalInputProbeFrame:Update () (at Assets/Game/Scripts/Editor/Skirmish/SkirmishS002AriaRunHarness.TerminalProbe.cs:140)

(Filename: Assets/Game/Scripts/Editor/Skirmish/SkirmishS002AriaRunHarness.TerminalProbe.cs Line: 89)

[PerfDiag:PreGame] slowUpdate frame=5046 total=50.1ms gc=0/0/0 cpuFrame=262.7ms cpuMain=91.2ms cpuRender=0.7ms gpu=0.8ms steps=MainMenu=50.0ms units=409 models=46 sourceKeys=409 sourceKeyFallbackVisuals=0 initialSpawnConfigs=0 drawCalls=349 batches=0 setPass=119 tris=2679435 verts=4821767 memory=alloc=5263MB reserved=5873MB mono=1629MB uiToolkit=0 gameplayInitialized=1 playRequested=0 simulationActive=0 focused=1 vSync=0 targetFps=-1 topSystems=disabled markers=disabled
[UiShellPresentation] stage=CommandStarted sequence=4 kind=HidePopup region=PopupLayer route=Match
UnityEngine.Debug:ExtractStackTraceNoAlloc (byte*,int,string)
UnityEngine.StackTraceUtility:ExtractStackTrace () (at /Users/bokken/build/output/unity/unity/Runtime/Export/Scripting/StackTrace.cs:35)
UnityEngine.DebugLogHandler:Internal_Log (UnityEngine.LogType,UnityEngine.LogOption,string,UnityEngine.Object)
UnityEngine.DebugLogHandler:LogFormat (UnityEngine.LogType,UnityEngine.Object,string,object[])
UnityEngine.Logger:Log (UnityEngine.LogType,object,UnityEngine.Object)
UnityEngine.Debug:Log (object,UnityEngine.Object)
Game.Composition.UiDiagnosticsComposition:Report (Game.UI.Contracts.UiDiagnosticSeverity,string,UnityEngine.Object) (at Assets/Game/Scripts/Composition/UiDiagnosticsComposition.cs:17)
Game.UI.Contracts.UiDiagnostics:Info (string,UnityEngine.Object) (at Assets/Game/Scripts/UI/Contracts/UiDiagnostics.cs:14)
Game.UI.Runtime.UIShellEcsPresentationSystem:LogTransition (string,Game.UI.Contracts.UiShellPresentationCommandModel) (at Assets/Game/Scripts/UI/Shell/UIShellEcsPresentationSystem.cs:138)
Game.UI.Runtime.UIShellEcsPresentationSystem:Update () (at Assets/Game/Scripts/UI/Shell/UIShellEcsPresentationSystem.cs:87)

(Filename: Assets/Game/Scripts/Composition/UiDiagnosticsComposition.cs Line: 17)

[FrameRateDiag:PreGame] fps=24.4 avgFrame=41.0ms updateAvg=7.9ms updateMax=59.4ms cpuFrame=46.0ms cpuMain=36.1ms cpuRender=0.8ms gpu=13.9ms drawCalls=245 batches=0 setPass=114 tris=2491056 verts=4425302 units=363 models=0 sourceKeys=363 sourceKeyFallbackVisuals=0 initialSpawnConfigs=0 impostors=36 render=screen=2400x1080,batch=0,quality=0:PC,vSync=0,targetFps=-1,pipeline=Mobile_RPAsset_MobileCandidate,scale=0.75,msaa=0,camera=Main Camera,cameraData=post:1,aa:FastApproximateAntialiasing,stack:0 memory=alloc=5262MB reserved=5873MB mono=1629MB focused=1 playRequested=0 simulationActive=0 lastSteps=MainMenu=2.9ms stepStats=none topSystems=disabled markers=disabled
[UiShellPresentation] stage=CommandCompleted sequence=4 kind=HidePopup region=PopupLayer route=Match
UnityEngine.Debug:ExtractStackTraceNoAlloc (byte*,int,string)
UnityEngine.StackTraceUtility:ExtractStackTrace () (at /Users/bokken/build/output/unity/unity/Runtime/Export/Scripting/StackTrace.cs:35)
UnityEngine.DebugLogHandler:Internal_Log (UnityEngine.LogType,UnityEngine.LogOption,string,UnityEngine.Object)
UnityEngine.DebugLogHandler:LogFormat (UnityEngine.LogType,UnityEngine.Object,string,object[])
UnityEngine.Logger:Log (UnityEngine.LogType,object,UnityEngine.Object)
UnityEngine.Debug:Log (object,UnityEngine.Object)
Game.Composition.UiDiagnosticsComposition:Report (Game.UI.Contracts.UiDiagnosticSeverity,string,UnityEngine.Object) (at Assets/Game/Scripts/Composition/UiDiagnosticsComposition.cs:17)
Game.UI.Contracts.UiDiagnostics:Info (string,UnityEngine.Object) (at Assets/Game/Scripts/UI/Contracts/UiDiagnostics.cs:14)
Game.UI.Runtime.UIShellEcsPresentationSystem:LogTransition (string,Game.UI.Contracts.UiShellPresentationCommandModel) (at Assets/Game/Scripts/UI/Shell/UIShellEcsPresentationSystem.cs:138)
Game.UI.Runtime.UIShellEcsPresentationSystem/<>c__DisplayClass24_0:<Update>b__0 (int) (at Assets/Game/Scripts/UI/Shell/UIShellEcsPresentationSystem.cs:100)
Game.UI.Runtime.UIShellView/<>c__DisplayClass19_0:<ExecuteCommandSequence>b__0 () (at Assets/Game/Scripts/UI/Shell/UIShellView.cs:99)
Game.UI.Runtime.UIMotionHostView/<SequenceRoutine>d__32:MoveNext () (at Assets/Game/Scripts/UI/Shell/UIMotionHostView.cs:268)
UnityEngine.SetupCoroutine:InvokeMoveNext (System.Collections.IEnumerator,intptr) (at /Users/bokken/build/output/unity/unity/Runtime/Export/Scripting/Coroutines.cs:17)

(Filename: Assets/Game/Scripts/Composition/UiDiagnosticsComposition.cs Line: 17)

[UiShellPresentation] stage=CompletionFlushed sequence=4 kind=HidePopup region=PopupLayer
UnityEngine.Debug:ExtractStackTraceNoAlloc (byte*,int,string)
UnityEngine.StackTraceUtility:ExtractStackTrace () (at /Users/bokken/build/output/unity/unity/Runtime/Export/Scripting/StackTrace.cs:35)
UnityEngine.DebugLogHandler:Internal_Log (UnityEngine.LogType,UnityEngine.LogOption,string,UnityEngine.Object)
UnityEngine.DebugLogHandler:LogFormat (UnityEngine.LogType,UnityEngine.Object,string,object[])
UnityEngine.Logger:Log (UnityEngine.LogType,object,UnityEngine.Object)
UnityEngine.Debug:Log (object,UnityEngine.Object)
Game.Composition.UiDiagnosticsComposition:Report (Game.UI.Contracts.UiDiagnosticSeverity,string,UnityEngine.Object) (at Assets/Game/Scripts/Composition/UiDiagnosticsComposition.cs:17)
Game.UI.Contracts.UiDiagnostics:Info (string,UnityEngine.Object) (at Assets/Game/Scripts/UI/Contracts/UiDiagnostics.cs:14)
Game.UI.Runtime.UIShellEcsPresentationSystem:LogTransition (string,Game.UI.Contracts.UiShellTransitionCompleteModel) (at Assets/Game/Scripts/UI/Shell/UIShellEcsPresentationSystem.cs:146)
Game.UI.Runtime.UIShellEcsPresentationSystem:FlushPendingCompletion () (at Assets/Game/Scripts/UI/Shell/UIShellEcsPresentationSystem.cs:129)
Game.UI.Runtime.UIShellEcsPresentationSystem:Update () (at Assets/Game/Scripts/UI/Shell/UIShellEcsPresentationSystem.cs:67)

(Filename: Assets/Game/Scripts/Composition/UiDiagnosticsComposition.cs Line: 17)

[UiShellPresentation] stage=CommandStarted sequence=5 kind=ShowLoading region=LoadingLayer route=QuickCustomSetup
UnityEngine.Debug:ExtractStackTraceNoAlloc (byte*,int,string)
UnityEngine.StackTraceUtility:ExtractStackTrace () (at /Users/bokken/build/output/unity/unity/Runtime/Export/Scripting/StackTrace.cs:35)
UnityEngine.DebugLogHandler:Internal_Log (UnityEngine.LogType,UnityEngine.LogOption,string,UnityEngine.Object)
UnityEngine.DebugLogHandler:LogFormat (UnityEngine.LogType,UnityEngine.Object,string,object[])
UnityEngine.Logger:Log (UnityEngine.LogType,object,UnityEngine.Object)
UnityEngine.Debug:Log (object,UnityEngine.Object)
Game.Composition.UiDiagnosticsComposition:Report (Game.UI.Contracts.UiDiagnosticSeverity,string,UnityEngine.Object) (at Assets/Game/Scripts/Composition/UiDiagnosticsComposition.cs:17)
Game.UI.Contracts.UiDiagnostics:Info (string,UnityEngine.Object) (at Assets/Game/Scripts/UI/Contracts/UiDiagnostics.cs:14)
Game.UI.Runtime.UIShellEcsPresentationSystem:LogTransition (string,Game.UI.Contracts.UiShellPresentationCommandModel) (at Assets/Game/Scripts/UI/Shell/UIShellEcsPresentationSystem.cs:138)
Game.UI.Runtime.UIShellEcsPresentationSystem:Update () (at Assets/Game/Scripts/UI/Shell/UIShellEcsPresentationSystem.cs:87)

(Filename: Assets/Game/Scripts/Composition/UiDiagnosticsComposition.cs Line: 17)

[UiShellPresentation] stage=CommandCompleted sequence=5 kind=ShowLoading region=LoadingLayer route=QuickCustomSetup
UnityEngine.Debug:ExtractStackTraceNoAlloc (byte*,int,string)
UnityEngine.StackTraceUtility:ExtractStackTrace () (at /Users/bokken/build/output/unity/unity/Runtime/Export/Scripting/StackTrace.cs:35)
UnityEngine.DebugLogHandler:Internal_Log (UnityEngine.LogType,UnityEngine.LogOption,string,UnityEngine.Object)
UnityEngine.DebugLogHandler:LogFormat (UnityEngine.LogType,UnityEngine.Object,string,object[])
UnityEngine.Logger:Log (UnityEngine.LogType,object,UnityEngine.Object)
UnityEngine.Debug:Log (object,UnityEngine.Object)
Game.Composition.UiDiagnosticsComposition:Report (Game.UI.Contracts.UiDiagnosticSeverity,string,UnityEngine.Object) (at Assets/Game/Scripts/Composition/UiDiagnosticsComposition.cs:17)
Game.UI.Contracts.UiDiagnostics:Info (string,UnityEngine.Object) (at Assets/Game/Scripts/UI/Contracts/UiDiagnostics.cs:14)
Game.UI.Runtime.UIShellEcsPresentationSystem:LogTransition (string,Game.UI.Contracts.UiShellPresentationCommandModel) (at Assets/Game/Scripts/UI/Shell/UIShellEcsPresentationSystem.cs:138)
Game.UI.Runtime.UIShellEcsPresentationSystem/<>c__DisplayClass24_0:<Update>b__0 (int) (at Assets/Game/Scripts/UI/Shell/UIShellEcsPresentationSystem.cs:100)
Game.UI.Runtime.UIShellView:ExecuteCommandSequence (System.Collections.Generic.IReadOnlyList`1<Game.UI.Contracts.UiShellPresentationCommandModel>,int,System.Action`1<int>) (at Assets/Game/Scripts/UI/Shell/UIShellView.cs:86)
Game.UI.Runtime.UIShellEcsPresentationSystem:Update () (at Assets/Game/Scripts/UI/Shell/UIShellEcsPresentationSystem.cs:89)

(Filename: Assets/Game/Scripts/Composition/UiDiagnosticsComposition.cs Line: 17)

[UiShellPresentation] stage=CompletionFlushed sequence=5 kind=ShowLoading region=LoadingLayer
UnityEngine.Debug:ExtractStackTraceNoAlloc (byte*,int,string)
UnityEngine.StackTraceUtility:ExtractStackTrace () (at /Users/bokken/build/output/unity/unity/Runtime/Export/Scripting/StackTrace.cs:35)
UnityEngine.DebugLogHandler:Internal_Log (UnityEngine.LogType,UnityEngine.LogOption,string,UnityEngine.Object)
UnityEngine.DebugLogHandler:LogFormat (UnityEngine.LogType,UnityEngine.Object,string,object[])
UnityEngine.Logger:Log (UnityEngine.LogType,object,UnityEngine.Object)
UnityEngine.Debug:Log (object,UnityEngine.Object)
Game.Composition.UiDiagnosticsComposition:Report (Game.UI.Contracts.UiDiagnosticSeverity,string,UnityEngine.Object) (at Assets/Game/Scripts/Composition/UiDiagnosticsComposition.cs:17)
Game.UI.Contracts.UiDiagnostics:Info (string,UnityEngine.Object) (at Assets/Game/Scripts/UI/Contracts/UiDiagnostics.cs:14)
Game.UI.Runtime.UIShellEcsPresentationSystem:LogTransition (string,Game.UI.Contracts.UiShellTransitionCompleteModel) (at Assets/Game/Scripts/UI/Shell/UIShellEcsPresentationSystem.cs:146)
Game.UI.Runtime.UIShellEcsPresentationSystem:FlushPendingCompletion () (at Assets/Game/Scripts/UI/Shell/UIShellEcsPresentationSystem.cs:129)
Game.UI.Runtime.UIShellEcsPresentationSystem:Update () (at Assets/Game/Scripts/UI/Shell/UIShellEcsPresentationSystem.cs:67)

(Filename: Assets/Game/Scripts/Composition/UiDiagnosticsComposition.cs Line: 17)

[OperationMapSourceScene] stage=SceneUnloadRequested
UnityEngine.Debug:ExtractStackTraceNoAlloc (byte*,int,string)
UnityEngine.StackTraceUtility:ExtractStackTrace () (at /Users/bokken/build/output/unity/unity/Runtime/Export/Scripting/StackTrace.cs:35)
UnityEngine.DebugLogHandler:Internal_Log (UnityEngine.LogType,UnityEngine.LogOption,string,UnityEngine.Object)
UnityEngine.DebugLogHandler:LogFormat (UnityEngine.LogType,UnityEngine.Object,string,object[])
UnityEngine.Logger:Log (UnityEngine.LogType,object)
UnityEngine.Debug:Log (object)
Game.Composition.MatchSceneView:TryBeginOperationMapContentUnload (string&) (at Assets/Game/Scripts/Composition/MatchSceneView.OperationMapLifecycle.cs:92)
Game.Composition.MenuBootstrapCompositionSystemHelper:UpdateMenuLoadingProgress (Unity.Entities.EntityManager,Unity.Entities.Entity) (at Assets/Game/Scripts/Composition/MenuBootstrapCompositionSystemHelper.cs:387)
Game.Composition.MenuBootstrapCompositionSystemHelper:UpdateActualLoadingProgress (Unity.Entities.EntityManager,Unity.Entities.Entity,Game.UI.Shell.Contracts.Ecs.UiShellStateComponent) (at Assets/Game/Scripts/Composition/MenuBootstrapCompositionSystemHelper.cs:311)
Game.Composition.MenuBootstrapCompositionSystemHelper:Update (Game.Composition.MenuBootstrapView,single) (at Assets/Game/Scripts/Composition/MenuBootstrapCompositionSystemHelper.cs:158)
Game.Composition.MenuBootstrapView:Update () (at Assets/Game/Scripts/Composition/MenuBootstrapView.cs:174)

(Filename: Assets/Game/Scripts/Composition/MatchSceneView.OperationMapLifecycle.cs Line: 92)

[OperationMapSourceScene] stage=AddressablesUnloadComplete
UnityEngine.Debug:ExtractStackTraceNoAlloc (byte*,int,string)
UnityEngine.StackTraceUtility:ExtractStackTrace () (at /Users/bokken/build/output/unity/unity/Runtime/Export/Scripting/StackTrace.cs:35)
UnityEngine.DebugLogHandler:Internal_Log (UnityEngine.LogType,UnityEngine.LogOption,string,UnityEngine.Object)
UnityEngine.DebugLogHandler:LogFormat (UnityEngine.LogType,UnityEngine.Object,string,object[])
UnityEngine.Logger:Log (UnityEngine.LogType,object)
UnityEngine.Debug:Log (object)
Game.Composition.OperationMapSceneLoadingSceneSystemHelper:UpdateUnload () (at Assets/Game/Scripts/Composition/OperationMapSceneLoadingSceneSystemHelper.cs:361)
Game.Composition.OperationMapSceneLoadingSceneSystemHelper:Update () (at Assets/Game/Scripts/Composition/OperationMapSceneLoadingSceneSystemHelper.cs:120)
Game.Composition.MatchSceneView:UpdateOperationMapSourceSceneLoad () (at Assets/Game/Scripts/Composition/MatchSceneView.OperationMapLifecycle.cs:449)
Game.Composition.MatchSceneView:UpdateOperationMapContentUnload () (at Assets/Game/Scripts/Composition/MatchSceneView.OperationMapLifecycle.cs:102)
Game.Composition.MenuBootstrapCompositionSystemHelper:UpdateMenuLoadingProgress (Unity.Entities.EntityManager,Unity.Entities.Entity) (at Assets/Game/Scripts/Composition/MenuBootstrapCompositionSystemHelper.cs:399)
Game.Composition.MenuBootstrapCompositionSystemHelper:UpdateActualLoadingProgress (Unity.Entities.EntityManager,Unity.Entities.Entity,Game.UI.Shell.Contracts.Ecs.UiShellStateComponent) (at Assets/Game/Scripts/Composition/MenuBootstrapCompositionSystemHelper.cs:311)
Game.Composition.MenuBootstrapCompositionSystemHelper:Update (Game.Composition.MenuBootstrapView,single) (at Assets/Game/Scripts/Composition/MenuBootstrapCompositionSystemHelper.cs:158)
Game.Composition.MenuBootstrapView:Update () (at Assets/Game/Scripts/Composition/MenuBootstrapView.cs:174)

(Filename: Assets/Game/Scripts/Composition/OperationMapSceneLoadingSceneSystemHelper.cs Line: 361)

[UiShellPresentation] stage=CommandStarted sequence=6 kind=EnterMenu region=None route=QuickCustomSetup
UnityEngine.Debug:ExtractStackTraceNoAlloc (byte*,int,string)
UnityEngine.StackTraceUtility:ExtractStackTrace () (at /Users/bokken/build/output/unity/unity/Runtime/Export/Scripting/StackTrace.cs:35)
UnityEngine.DebugLogHandler:Internal_Log (UnityEngine.LogType,UnityEngine.LogOption,string,UnityEngine.Object)
UnityEngine.DebugLogHandler:LogFormat (UnityEngine.LogType,UnityEngine.Object,string,object[])
UnityEngine.Logger:Log (UnityEngine.LogType,object,UnityEngine.Object)
UnityEngine.Debug:Log (object,UnityEngine.Object)
Game.Composition.UiDiagnosticsComposition:Report (Game.UI.Contracts.UiDiagnosticSeverity,string,UnityEngine.Object) (at Assets/Game/Scripts/Composition/UiDiagnosticsComposition.cs:17)
Game.UI.Contracts.UiDiagnostics:Info (string,UnityEngine.Object) (at Assets/Game/Scripts/UI/Contracts/UiDiagnostics.cs:14)
Game.UI.Runtime.UIShellEcsPresentationSystem:LogTransition (string,Game.UI.Contracts.UiShellPresentationCommandModel) (at Assets/Game/Scripts/UI/Shell/UIShellEcsPresentationSystem.cs:138)
Game.UI.Runtime.UIShellEcsPresentationSystem:Update () (at Assets/Game/Scripts/UI/Shell/UIShellEcsPresentationSystem.cs:87)

(Filename: Assets/Game/Scripts/Composition/UiDiagnosticsComposition.cs Line: 17)

[UiShellPresentation] stage=CommandCompleted sequence=6 kind=EnterMenu region=None route=QuickCustomSetup
UnityEngine.Debug:ExtractStackTraceNoAlloc (byte*,int,string)
UnityEngine.StackTraceUtility:ExtractStackTrace () (at /Users/bokken/build/output/unity/unity/Runtime/Export/Scripting/StackTrace.cs:35)
UnityEngine.DebugLogHandler:Internal_Log (UnityEngine.LogType,UnityEngine.LogOption,string,UnityEngine.Object)
UnityEngine.DebugLogHandler:LogFormat (UnityEngine.LogType,UnityEngine.Object,string,object[])
UnityEngine.Logger:Log (UnityEngine.LogType,object,UnityEngine.Object)
UnityEngine.Debug:Log (object,UnityEngine.Object)
Game.Composition.UiDiagnosticsComposition:Report (Game.UI.Contracts.UiDiagnosticSeverity,string,UnityEngine.Object) (at Assets/Game/Scripts/Composition/UiDiagnosticsComposition.cs:17)
Game.UI.Contracts.UiDiagnostics:Info (string,UnityEngine.Object) (at Assets/Game/Scripts/UI/Contracts/UiDiagnostics.cs:14)
Game.UI.Runtime.UIShellEcsPresentationSystem:LogTransition (string,Game.UI.Contracts.UiShellPresentationCommandModel) (at Assets/Game/Scripts/UI/Shell/UIShellEcsPresentationSystem.cs:138)
Game.UI.Runtime.UIShellEcsPresentationSystem/<>c__DisplayClass24_0:<Update>b__0 (int) (at Assets/Game/Scripts/UI/Shell/UIShellEcsPresentationSystem.cs:100)
Game.UI.Runtime.UIShellView/<>c__DisplayClass19_0:<ExecuteCommandSequence>b__0 () (at Assets/Game/Scripts/UI/Shell/UIShellView.cs:99)
Game.UI.Runtime.UIMotionHostView/<SequenceRoutine>d__32:MoveNext () (at Assets/Game/Scripts/UI/Shell/UIMotionHostView.cs:268)
UnityEngine.SetupCoroutine:InvokeMoveNext (System.Collections.IEnumerator,intptr) (at /Users/bokken/build/output/unity/unity/Runtime/Export/Scripting/Coroutines.cs:17)

(Filename: Assets/Game/Scripts/Composition/UiDiagnosticsComposition.cs Line: 17)

[UiShellPresentation] stage=CompletionFlushed sequence=6 kind=EnterMenu region=None
UnityEngine.Debug:ExtractStackTraceNoAlloc (byte*,int,string)
UnityEngine.StackTraceUtility:ExtractStackTrace () (at /Users/bokken/build/output/unity/unity/Runtime/Export/Scripting/StackTrace.cs:35)
UnityEngine.DebugLogHandler:Internal_Log (UnityEngine.LogType,UnityEngine.LogOption,string,UnityEngine.Object)
UnityEngine.DebugLogHandler:LogFormat (UnityEngine.LogType,UnityEngine.Object,string,object[])
UnityEngine.Logger:Log (UnityEngine.LogType,object,UnityEngine.Object)
UnityEngine.Debug:Log (object,UnityEngine.Object)
Game.Composition.UiDiagnosticsComposition:Report (Game.UI.Contracts.UiDiagnosticSeverity,string,UnityEngine.Object) (at Assets/Game/Scripts/Composition/UiDiagnosticsComposition.cs:17)
Game.UI.Contracts.UiDiagnostics:Info (string,UnityEngine.Object) (at Assets/Game/Scripts/UI/Contracts/UiDiagnostics.cs:14)
Game.UI.Runtime.UIShellEcsPresentationSystem:LogTransition (string,Game.UI.Contracts.UiShellTransitionCompleteModel) (at Assets/Game/Scripts/UI/Shell/UIShellEcsPresentationSystem.cs:146)
Game.UI.Runtime.UIShellEcsPresentationSystem:FlushPendingCompletion () (at Assets/Game/Scripts/UI/Shell/UIShellEcsPresentationSystem.cs:129)
Game.UI.Runtime.UIShellEcsPresentationSystem:Update () (at Assets/Game/Scripts/UI/Shell/UIShellEcsPresentationSystem.cs:67)

(Filename: Assets/Game/Scripts/Composition/UiDiagnosticsComposition.cs Line: 17)

[UiShellPresentation] stage=CommandStarted sequence=7 kind=SwapMenuMiddle region=MiddleRegion route=MainMenu
UnityEngine.Debug:ExtractStackTraceNoAlloc (byte*,int,string)
UnityEngine.StackTraceUtility:ExtractStackTrace () (at /Users/bokken/build/output/unity/unity/Runtime/Export/Scripting/StackTrace.cs:35)
UnityEngine.DebugLogHandler:Internal_Log (UnityEngine.LogType,UnityEngine.LogOption,string,UnityEngine.Object)
UnityEngine.DebugLogHandler:LogFormat (UnityEngine.LogType,UnityEngine.Object,string,object[])
UnityEngine.Logger:Log (UnityEngine.LogType,object,UnityEngine.Object)
UnityEngine.Debug:Log (object,UnityEngine.Object)
Game.Composition.UiDiagnosticsComposition:Report (Game.UI.Contracts.UiDiagnosticSeverity,string,UnityEngine.Object) (at Assets/Game/Scripts/Composition/UiDiagnosticsComposition.cs:17)
Game.UI.Contracts.UiDiagnostics:Info (string,UnityEngine.Object) (at Assets/Game/Scripts/UI/Contracts/UiDiagnostics.cs:14)
Game.UI.Runtime.UIShellEcsPresentationSystem:LogTransition (string,Game.UI.Contracts.UiShellPresentationCommandModel) (at Assets/Game/Scripts/UI/Shell/UIShellEcsPresentationSystem.cs:138)
Game.UI.Runtime.UIShellEcsPresentationSystem:Update () (at Assets/Game/Scripts/UI/Shell/UIShellEcsPresentationSystem.cs:87)

(Filename: Assets/Game/Scripts/Composition/UiDiagnosticsComposition.cs Line: 17)

[UiShellPresentation] stage=CommandCompleted sequence=7 kind=SwapMenuMiddle region=MiddleRegion route=MainMenu
UnityEngine.Debug:ExtractStackTraceNoAlloc (byte*,int,string)
UnityEngine.StackTraceUtility:ExtractStackTrace () (at /Users/bokken/build/output/unity/unity/Runtime/Export/Scripting/StackTrace.cs:35)
UnityEngine.DebugLogHandler:Internal_Log (UnityEngine.LogType,UnityEngine.LogOption,string,UnityEngine.Object)
UnityEngine.DebugLogHandler:LogFormat (UnityEngine.LogType,UnityEngine.Object,string,object[])
UnityEngine.Logger:Log (UnityEngine.LogType,object,UnityEngine.Object)
UnityEngine.Debug:Log (object,UnityEngine.Object)
Game.Composition.UiDiagnosticsComposition:Report (Game.UI.Contracts.UiDiagnosticSeverity,string,UnityEngine.Object) (at Assets/Game/Scripts/Composition/UiDiagnosticsComposition.cs:17)
Game.UI.Contracts.UiDiagnostics:Info (string,UnityEngine.Object) (at Assets/Game/Scripts/UI/Contracts/UiDiagnostics.cs:14)
Game.UI.Runtime.UIShellEcsPresentationSystem:LogTransition (string,Game.UI.Contracts.UiShellPresentationCommandModel) (at Assets/Game/Scripts/UI/Shell/UIShellEcsPresentationSystem.cs:138)
Game.UI.Runtime.UIShellEcsPresentationSystem/<>c__DisplayClass24_0:<Update>b__0 (int) (at Assets/Game/Scripts/UI/Shell/UIShellEcsPresentationSystem.cs:100)
Game.UI.Runtime.UIShellView/<>c__DisplayClass19_0:<ExecuteCommandSequence>b__0 () (at Assets/Game/Scripts/UI/Shell/UIShellView.cs:99)
Game.UI.Runtime.UIMotionHostView/<SequenceRoutine>d__32:MoveNext () (at Assets/Game/Scripts/UI/Shell/UIMotionHostView.cs:268)
UnityEngine.SetupCoroutine:InvokeMoveNext (System.Collections.IEnumerator,intptr) (at /Users/bokken/build/output/unity/unity/Runtime/Export/Scripting/Coroutines.cs:17)

(Filename: Assets/Game/Scripts/Composition/UiDiagnosticsComposition.cs Line: 17)

[UiShellPresentation] stage=CompletionFlushed sequence=7 kind=SwapMenuMiddle region=MiddleRegion
UnityEngine.Debug:ExtractStackTraceNoAlloc (byte*,int,string)
UnityEngine.StackTraceUtility:ExtractStackTrace () (at /Users/bokken/build/output/unity/unity/Runtime/Export/Scripting/StackTrace.cs:35)
UnityEngine.DebugLogHandler:Internal_Log (UnityEngine.LogType,UnityEngine.LogOption,string,UnityEngine.Object)
UnityEngine.DebugLogHandler:LogFormat (UnityEngine.LogType,UnityEngine.Object,string,object[])
UnityEngine.Logger:Log (UnityEngine.LogType,object,UnityEngine.Object)
UnityEngine.Debug:Log (object,UnityEngine.Object)
Game.Composition.UiDiagnosticsComposition:Report (Game.UI.Contracts.UiDiagnosticSeverity,string,UnityEngine.Object) (at Assets/Game/Scripts/Composition/UiDiagnosticsComposition.cs:17)
Game.UI.Contracts.UiDiagnostics:Info (string,UnityEngine.Object) (at Assets/Game/Scripts/UI/Contracts/UiDiagnostics.cs:14)
Game.UI.Runtime.UIShellEcsPresentationSystem:LogTransition (string,Game.UI.Contracts.UiShellTransitionCompleteModel) (at Assets/Game/Scripts/UI/Shell/UIShellEcsPresentationSystem.cs:146)
Game.UI.Runtime.UIShellEcsPresentationSystem:FlushPendingCompletion () (at Assets/Game/Scripts/UI/Shell/UIShellEcsPresentationSystem.cs:129)
Game.UI.Runtime.UIShellEcsPresentationSystem:Update () (at Assets/Game/Scripts/UI/Shell/UIShellEcsPresentationSystem.cs:67)

(Filename: Assets/Game/Scripts/Composition/UiDiagnosticsComposition.cs Line: 17)

[SkirmishTerminalProbe] result=Passed reason=frozenResultAnd:MAIN MENU completed=1 interventions=0
UnityEngine.Debug:ExtractStackTraceNoAlloc (byte*,int,string)
UnityEngine.StackTraceUtility:ExtractStackTrace () (at /Users/bokken/build/output/unity/unity/Runtime/Export/Scripting/StackTrace.cs:35)
UnityEngine.DebugLogHandler:Internal_Log (UnityEngine.LogType,UnityEngine.LogOption,string,UnityEngine.Object)
UnityEngine.DebugLogHandler:LogFormat (UnityEngine.LogType,UnityEngine.Object,string,object[])
UnityEngine.Logger:Log (UnityEngine.LogType,object)
UnityEngine.Debug:Log (object)
Game.Editor.SkirmishS002AriaRunHarness:EndTerminalProbe (bool,string) (at Assets/Game/Scripts/Editor/Skirmish/SkirmishS002AriaRunHarness.TerminalProbe.cs:130)
Game.Editor.SkirmishS002AriaRunHarness:TickTerminalPlayerFrame () (at Assets/Game/Scripts/Editor/Skirmish/SkirmishS002AriaRunHarness.TerminalProbe.cs:116)
Game.Editor.SkirmishTerminalInputProbeFrame:Update () (at Assets/Game/Scripts/Editor/Skirmish/SkirmishS002AriaRunHarness.TerminalProbe.cs:140)

(Filename: Assets/Game/Scripts/Editor/Skirmish/SkirmishS002AriaRunHarness.TerminalProbe.cs Line: 130)

[SkirmishNormalSpeed] latch=True terminalScale=0 matchSeconds=145.7139 wallSeconds=147.949202917 counted=True
UnityEngine.Debug:ExtractStackTraceNoAlloc (byte*,int,string)
UnityEngine.StackTraceUtility:ExtractStackTrace () (at /Users/bokken/build/output/unity/unity/Runtime/Export/Scripting/StackTrace.cs:35)
UnityEngine.DebugLogHandler:Internal_Log (UnityEngine.LogType,UnityEngine.LogOption,string,UnityEngine.Object)
UnityEngine.DebugLogHandler:LogFormat (UnityEngine.LogType,UnityEngine.Object,string,object[])
UnityEngine.Logger:Log (UnityEngine.LogType,object)
UnityEngine.Debug:Log (object)
Game.Editor.SkirmishS002AriaRunHarness:Finish (bool,string) (at Assets/Game/Scripts/Editor/Skirmish/SkirmishS002AriaRunHarness.cs:1053)
Game.Editor.SkirmishS002AriaRunHarness:EndTerminalProbe (bool,string) (at Assets/Game/Scripts/Editor/Skirmish/SkirmishS002AriaRunHarness.TerminalProbe.cs:134)
Game.Editor.SkirmishS002AriaRunHarness:TickTerminalPlayerFrame () (at Assets/Game/Scripts/Editor/Skirmish/SkirmishS002AriaRunHarness.TerminalProbe.cs:116)
Game.Editor.SkirmishTerminalInputProbeFrame:Update () (at Assets/Game/Scripts/Editor/Skirmish/SkirmishS002AriaRunHarness.TerminalProbe.cs:140)

(Filename: Assets/Game/Scripts/Editor/Skirmish/SkirmishS002AriaRunHarness.cs Line: 1053)

[SkirmishInputEvidence] gestures=39 completed=39 samples=78 unexpected=0 interventions=0 recordedCommands=49 receiptViolations=0 acceptedCommandCoverage=SupportedAriaControlsV2
UnityEngine.Debug:ExtractStackTraceNoAlloc (byte*,int,string)
UnityEngine.StackTraceUtility:ExtractStackTrace () (at /Users/bokken/build/output/unity/unity/Runtime/Export/Scripting/StackTrace.cs:35)
UnityEngine.DebugLogHandler:Internal_Log (UnityEngine.LogType,UnityEngine.LogOption,string,UnityEngine.Object)
UnityEngine.DebugLogHandler:LogFormat (UnityEngine.LogType,UnityEngine.Object,string,object[])
UnityEngine.Logger:Log (UnityEngine.LogType,object)
UnityEngine.Debug:Log (object)
Game.Editor.SkirmishS002AriaRunHarness:Finish (bool,string) (at Assets/Game/Scripts/Editor/Skirmish/SkirmishS002AriaRunHarness.cs:1069)
Game.Editor.SkirmishS002AriaRunHarness:EndTerminalProbe (bool,string) (at Assets/Game/Scripts/Editor/Skirmish/SkirmishS002AriaRunHarness.TerminalProbe.cs:134)
Game.Editor.SkirmishS002AriaRunHarness:TickTerminalPlayerFrame () (at Assets/Game/Scripts/Editor/Skirmish/SkirmishS002AriaRunHarness.TerminalProbe.cs:116)
Game.Editor.SkirmishTerminalInputProbeFrame:Update () (at Assets/Game/Scripts/Editor/Skirmish/SkirmishS002AriaRunHarness.TerminalProbe.cs:140)

(Filename: Assets/Game/Scripts/Editor/Skirmish/SkirmishS002AriaRunHarness.cs Line: 1069)

[SkirmishS002AriaRun] appended=1 countedWin=1 error=
S004-aria-rs-155925-fa-1,S004,2,1b08ba8481874ec0ad12c0eea7612c501bbaa58c382bb12d917ca896cbaf5cd8,8a5106b1f4bcda8711a670c55927c4200384b828fcbea7cdd1db584283122712,Standard,Regular,155925,fa-IR,Editor,aria,1,2026-10-03T22:10:11Z,Victory,MainBaseDestroyed,145.714,0,0,Design/AgentReports/SkirmishExpansion/S004/_Evidence/candidates/1b08ba8481874ec0ad12c0eea7612c501bbaa58c382bb12d917ca896cbaf5cd8/s004-aria-rs-155925-fa-1.jsonl,Design/AgentReports/SkirmishExpansion/S004/_Evidence/candidates/1b08ba8481874ec0ad12c0eea7612c501bbaa58c382bb12d917ca896cbaf5cd8/s004-aria-rs-155925-fa-1-log.txt
UnityEngine.Debug:ExtractStackTraceNoAlloc (byte*,int,string)
UnityEngine.StackTraceUtility:ExtractStackTrace () (at /Users/bokken/build/output/unity/unity/Runtime/Export/Scripting/StackTrace.cs:35)
UnityEngine.DebugLogHandler:Internal_Log (UnityEngine.LogType,UnityEngine.LogOption,string,UnityEngine.Object)
UnityEngine.DebugLogHandler:LogFormat (UnityEngine.LogType,UnityEngine.Object,string,object[])
UnityEngine.Logger:Log (UnityEngine.LogType,object)
UnityEngine.Debug:Log (object)
Game.Editor.SkirmishS002AriaRunHarness:Finish (bool,string) (at Assets/Game/Scripts/Editor/Skirmish/SkirmishS002AriaRunHarness.cs:1115)
Game.Editor.SkirmishS002AriaRunHarness:EndTerminalProbe (bool,string) (at Assets/Game/Scripts/Editor/Skirmish/SkirmishS002AriaRunHarness.TerminalProbe.cs:134)
Game.Editor.SkirmishS002AriaRunHarness:TickTerminalPlayerFrame () (at Assets/Game/Scripts/Editor/Skirmish/SkirmishS002AriaRunHarness.TerminalProbe.cs:116)
Game.Editor.SkirmishTerminalInputProbeFrame:Update () (at Assets/Game/Scripts/Editor/Skirmish/SkirmishS002AriaRunHarness.TerminalProbe.cs:140)

(Filename: Assets/Game/Scripts/Editor/Skirmish/SkirmishS002AriaRunHarness.cs Line: 1115)

Thread 0x42fa2f000 may have been prematurely finalized
Unloading 715 Unused Serialized files (Serialized files now loaded: 0)
Loaded scene 'Temp/__Backupscenes/0.backup'
	Deserialize:            22.089 ms
	Integration:            1207.311 ms
	Integration of assets:  0.004 ms
	Thread Wait Time:       0.005 ms
	Total Operation Time:   1229.410 ms
Unloading 104 unused Assets / (408.3 KB). Loaded Objects now: 56142.
Memory consumption went from 4.74 GB to 4.74 GB.
Total: 172.339167 ms (FindLiveObjects: 2.996250 ms CreateObjectMapping: 21.131292 ms MarkObjects: 142.307792 ms  DeleteObjects: 5.902042 ms)

[Licensing::Client] Successfully resolved entitlement details
GPU Resident Drawer created.
Starting new worker id: 1 with log in /Users/farhad/Projects/WarlineCapture/Logs/AssetImportWorkerHW1.log
[SkirmishValidationExit] result=Requested code=0
UnityEngine.Debug:ExtractStackTraceNoAlloc (byte*,int,string)
UnityEngine.StackTraceUtility:ExtractStackTrace () (at /Users/bokken/build/output/unity/unity/Runtime/Export/Scripting/StackTrace.cs:35)
UnityEngine.DebugLogHandler:Internal_Log (UnityEngine.LogType,UnityEngine.LogOption,string,UnityEngine.Object)
UnityEngine.DebugLogHandler:LogFormat (UnityEngine.LogType,UnityEngine.Object,string,object[])
UnityEngine.Logger:Log (UnityEngine.LogType,object)
UnityEngine.Debug:Log (object)
Game.Editor.SkirmishS002AriaRunHarness:FinishQuitAfterPlayMode () (at Assets/Game/Scripts/Editor/Skirmish/SkirmishS002AriaRunHarness.cs:1176)
UnityEditor.EditorApplication:Internal_CallUpdateFunctions () (at /Users/bokken/build/output/unity/unity/Editor/Mono/EditorApplication.cs:403)

(Filename: Assets/Game/Scripts/Editor/Skirmish/SkirmishS002AriaRunHarness.cs Line: 1176)

MonoPathRemapper: Attempts to remap: 516057; Successful remaps: 2358
Thread 0x396d7b000 may have been prematurely finalized
Thread 0x42fabb000 may have been prematurely finalized
Serialized file version minimum: 22, current 23
[LAYOUT] About to save layout /Users/farhad/Projects/WarlineCapture/UserSettings/Layouts/default-6000.dwlt
[LAYOUT] About to save layout /Users/farhad/Library/Preferences/Unity/Editor-5.x/Layouts/current/default-6000.dwlt
Pipeline Server stopped
Clearing [LiberationSans SDF - Fallback] dynamic font asset data.
UnityEngine.Debug:ExtractStackTraceNoAlloc (byte*,int,string)
UnityEngine.StackTraceUtility:ExtractStackTrace () (at /Users/bokken/build/output/unity/unity/Runtime/Export/Scripting/StackTrace.cs:35)
UnityEngine.DebugLogHandler:Internal_Log (UnityEngine.LogType,UnityEngine.LogOption,string,UnityEngine.Object)
UnityEngine.DebugLogHandler:LogFormat (UnityEngine.LogType,UnityEngine.Object,string,object[])
UnityEngine.Logger:Log (UnityEngine.LogType,object)
UnityEngine.Debug:Log (object)
TMPro.EditorEventCallbacks/<>c:<InitializeFontAssetResourceChangeCallBacks>b__0_0 () (at ./Library/PackageCache/com.unity.ugui@3d1ea40b73ef/Editor/TMP/TMP_EditorResourceManager.cs:36)
UnityEditor.EditorApplication:Internal_EditorApplicationQuit () (at /Users/bokken/build/output/unity/unity/Editor/Mono/EditorApplication.cs:128)
Game.Editor.SkirmishS002AriaRunHarness:FinishQuitAfterPlayMode () (at Assets/Game/Scripts/Editor/Skirmish/SkirmishS002AriaRunHarness.cs:1177)
UnityEditor.EditorApplication:Internal_CallUpdateFunctions () (at /Users/bokken/build/output/unity/unity/Editor/Mono/EditorApplication.cs:403)

(Filename: ./Library/PackageCache/com.unity.ugui@3d1ea40b73ef/Editor/TMP/TMP_EditorResourceManager.cs Line: 36)

Unloading 2 Unused Serialized files (Serialized files now loaded: 0)
Deleted discovery files
UnityEngine.Debug:ExtractStackTraceNoAlloc (byte*,int,string)
UnityEngine.StackTraceUtility:ExtractStackTrace () (at /Users/bokken/build/output/unity/unity/Runtime/Export/Scripting/StackTrace.cs:35)
UnityEngine.DebugLogHandler:Internal_Log (UnityEngine.LogType,UnityEngine.LogOption,string,UnityEngine.Object)
UnityEngine.DebugLogHandler:LogFormat (UnityEngine.LogType,UnityEngine.Object,string,object[])
UnityEngine.Logger:Log (UnityEngine.LogType,object)
UnityEngine.Debug:Log (object)
Unity.AI.Tracing.ConsoleSink:LogToConsole (string,string,System.Exception) (at ./Library/PackageCache/com.unity.ai.assistant@6fee27370e6a/Modules/Unity.AI.Tracing/TraceSinks.cs:313)
Unity.AI.Tracing.ConsoleSink:Write (Unity.AI.Tracing.TraceEvent) (at ./Library/PackageCache/com.unity.ai.assistant@6fee27370e6a/Modules/Unity.AI.Tracing/TraceSinks.cs:277)
Unity.AI.Tracing.TraceWriter:WriteEventInternal (string,string,Unity.AI.Tracing.TraceEventOptions,string,System.Nullable`1<int>) (at ./Library/PackageCache/com.unity.ai.assistant@6fee27370e6a/Modules/Unity.AI.Tracing/TraceWriter.cs:373)
Unity.AI.Tracing.TraceWriter:Event (string,Unity.AI.Tracing.TraceEventOptions) (at ./Library/PackageCache/com.unity.ai.assistant@6fee27370e6a/Modules/Unity.AI.Tracing/TraceWriter.cs:297)
Unity.AI.Tracing.TraceLogger:Emit (string,string,string,string,Unity.AI.Tracing.TraceEventOptions,object,System.Exception) (at ./Library/PackageCache/com.unity.ai.assistant@6fee27370e6a/Modules/Unity.AI.Tracing/TraceLogger.cs:105)
Unity.AI.Tracing.TraceLogger:Info (string,string,string,Unity.AI.Tracing.TraceEventOptions) (at ./Library/PackageCache/com.unity.ai.assistant@6fee27370e6a/Modules/Unity.AI.Tracing/TraceLogger.cs:35)
Unity.AI.MCP.Editor.Helpers.McpLog:Log (string,Unity.AI.Tracing.TraceEventOptions) (at ./Library/PackageCache/com.unity.ai.assistant@6fee27370e6a/Modules/Unity.AI.MCP.Editor/Helpers/McpLog.cs:15)
Unity.AI.MCP.Editor.Helpers.ServerDiscovery:DeleteDiscoveryFiles () (at ./Library/PackageCache/com.unity.ai.assistant@6fee27370e6a/Modules/Unity.AI.MCP.Editor/Connection/ServerDiscovery.cs:156)
Unity.AI.MCP.Editor.Bridge:Stop () (at ./Library/PackageCache/com.unity.ai.assistant@6fee27370e6a/Modules/Unity.AI.MCP.Editor/Bridge.cs:351)
UnityEditor.EditorApplication:Internal_EditorApplicationQuit () (at /Users/bokken/build/output/unity/unity/Editor/Mono/EditorApplication.cs:128)
Game.Editor.SkirmishS002AriaRunHarness:FinishQuitAfterPlayMode () (at Assets/Game/Scripts/Editor/Skirmish/SkirmishS002AriaRunHarness.cs:1177)
UnityEditor.EditorApplication:Internal_CallUpdateFunctions () (at /Users/bokken/build/output/unity/unity/Editor/Mono/EditorApplication.cs:403)

(Filename: ./Library/PackageCache/com.unity.ai.assistant@6fee27370e6a/Modules/Unity.AI.Tracing/TraceSinks.cs Line: 313)

Deleted socket file: /tmp/unity-mcp-cf777efb-28956
UnityEngine.Debug:ExtractStackTraceNoAlloc (byte*,int,string)
UnityEngine.StackTraceUtility:ExtractStackTrace () (at /Users/bokken/build/output/unity/unity/Runtime/Export/Scripting/StackTrace.cs:35)
UnityEngine.DebugLogHandler:Internal_Log (UnityEngine.LogType,UnityEngine.LogOption,string,UnityEngine.Object)
UnityEngine.DebugLogHandler:LogFormat (UnityEngine.LogType,UnityEngine.Object,string,object[])
UnityEngine.Logger:Log (UnityEngine.LogType,object)
UnityEngine.Debug:Log (object)
Unity.AI.Tracing.ConsoleSink:LogToConsole (string,string,System.Exception) (at ./Library/PackageCache/com.unity.ai.assistant@6fee27370e6a/Modules/Unity.AI.Tracing/TraceSinks.cs:313)
Unity.AI.Tracing.ConsoleSink:Write (Unity.AI.Tracing.TraceEvent) (at ./Library/PackageCache/com.unity.ai.assistant@6fee27370e6a/Modules/Unity.AI.Tracing/TraceSinks.cs:277)
Unity.AI.Tracing.TraceWriter:WriteEventInternal (string,string,Unity.AI.Tracing.TraceEventOptions,string,System.Nullable`1<int>) (at ./Library/PackageCache/com.unity.ai.assistant@6fee27370e6a/Modules/Unity.AI.Tracing/TraceWriter.cs:373)
Unity.AI.Tracing.TraceWriter:Event (string,Unity.AI.Tracing.TraceEventOptions) (at ./Library/PackageCache/com.unity.ai.assistant@6fee27370e6a/Modules/Unity.AI.Tracing/TraceWriter.cs:297)
Unity.AI.Tracing.TraceLogger:Emit (string,string,string,string,Unity.AI.Tracing.TraceEventOptions,object,System.Exception) (at ./Library/PackageCache/com.unity.ai.assistant@6fee27370e6a/Modules/Unity.AI.Tracing/TraceLogger.cs:105)
Unity.AI.Tracing.TraceLogger:Info (string,string,string,Unity.AI.Tracing.TraceEventOptions) (at ./Library/PackageCache/com.unity.ai.assistant@6fee27370e6a/Modules/Unity.AI.Tracing/TraceLogger.cs:35)
Unity.AI.MCP.Editor.Helpers.McpLog:Log (string,Unity.AI.Tracing.TraceEventOptions) (at ./Library/PackageCache/com.unity.ai.assistant@6fee27370e6a/Modules/Unity.AI.MCP.Editor/Helpers/McpLog.cs:15)
Unity.AI.MCP.Editor.Connection.UnixSocketListener:Stop () (at ./Library/PackageCache/com.unity.ai.assistant@6fee27370e6a/Modules/Unity.AI.MCP.Editor/Connection/UnixSocketListener.cs:251)
Unity.AI.MCP.Editor.Bridge:Stop () (at ./Library/PackageCache/com.unity.ai.assistant@6fee27370e6a/Modules/Unity.AI.MCP.Editor/Bridge.cs:361)
UnityEditor.EditorApplication:Internal_EditorApplicationQuit () (at /Users/bokken/build/output/unity/unity/Editor/Mono/EditorApplication.cs:128)
Game.Editor.SkirmishS002AriaRunHarness:FinishQuitAfterPlayMode () (at Assets/Game/Scripts/Editor/Skirmish/SkirmishS002AriaRunHarness.cs:1177)
UnityEditor.EditorApplication:Internal_CallUpdateFunctions () (at /Users/bokken/build/output/unity/unity/Editor/Mono/EditorApplication.cs:403)

(Filename: ./Library/PackageCache/com.unity.ai.assistant@6fee27370e6a/Modules/Unity.AI.Tracing/TraceSinks.cs Line: 313)

UnityMCPBridge stopped.
UnityEngine.Debug:ExtractStackTraceNoAlloc (byte*,int,string)
UnityEngine.StackTraceUtility:ExtractStackTrace () (at /Users/bokken/build/output/unity/unity/Runtime/Export/Scripting/StackTrace.cs:35)
UnityEngine.DebugLogHandler:Internal_Log (UnityEngine.LogType,UnityEngine.LogOption,string,UnityEngine.Object)
UnityEngine.DebugLogHandler:LogFormat (UnityEngine.LogType,UnityEngine.Object,string,object[])
UnityEngine.Logger:Log (UnityEngine.LogType,object)
UnityEngine.Debug:Log (object)
Unity.AI.Tracing.ConsoleSink:LogToConsole (string,string,System.Exception) (at ./Library/PackageCache/com.unity.ai.assistant@6fee27370e6a/Modules/Unity.AI.Tracing/TraceSinks.cs:313)
Unity.AI.Tracing.ConsoleSink:Write (Unity.AI.Tracing.TraceEvent) (at ./Library/PackageCache/com.unity.ai.assistant@6fee27370e6a/Modules/Unity.AI.Tracing/TraceSinks.cs:277)
Unity.AI.Tracing.TraceWriter:WriteEventInternal (string,string,Unity.AI.Tracing.TraceEventOptions,string,System.Nullable`1<int>) (at ./Library/PackageCache/com.unity.ai.assistant@6fee27370e6a/Modules/Unity.AI.Tracing/TraceWriter.cs:373)
Unity.AI.Tracing.TraceWriter:Event (string,Unity.AI.Tracing.TraceEventOptions) (at ./Library/PackageCache/com.unity.ai.assistant@6fee27370e6a/Modules/Unity.AI.Tracing/TraceWriter.cs:297)
Unity.AI.Tracing.TraceLogger:Emit (string,string,string,string,Unity.AI.Tracing.TraceEventOptions,object,System.Exception) (at ./Library/PackageCache/com.unity.ai.assistant@6fee27370e6a/Modules/Unity.AI.Tracing/TraceLogger.cs:105)
Unity.AI.Tracing.TraceLogger:Info (string,string,string,Unity.AI.Tracing.TraceEventOptions) (at ./Library/PackageCache/com.unity.ai.assistant@6fee27370e6a/Modules/Unity.AI.Tracing/TraceLogger.cs:35)
Unity.AI.MCP.Editor.Helpers.McpLog:Log (string,Unity.AI.Tracing.TraceEventOptions) (at ./Library/PackageCache/com.unity.ai.assistant@6fee27370e6a/Modules/Unity.AI.MCP.Editor/Helpers/McpLog.cs:15)
Unity.AI.MCP.Editor.Bridge:Stop () (at ./Library/PackageCache/com.unity.ai.assistant@6fee27370e6a/Modules/Unity.AI.MCP.Editor/Bridge.cs:407)
UnityEditor.EditorApplication:Internal_EditorApplicationQuit () (at /Users/bokken/build/output/unity/unity/Editor/Mono/EditorApplication.cs:128)
Game.Editor.SkirmishS002AriaRunHarness:FinishQuitAfterPlayMode () (at Assets/Game/Scripts/Editor/Skirmish/SkirmishS002AriaRunHarness.cs:1177)
UnityEditor.EditorApplication:Internal_CallUpdateFunctions () (at /Users/bokken/build/output/unity/unity/Editor/Mono/EditorApplication.cs:403)

(Filename: ./Library/PackageCache/com.unity.ai.assistant@6fee27370e6a/Modules/Unity.AI.Tracing/TraceSinks.cs Line: 313)

Killing ADB server in 0.3168 seconds.
Shutting down MSBuild server...
Shutting down VB/C# compiler server...
VB/C# compiler server shut down successfully.
MSBuild server shut down successfully.
Importing 'GUID: 2e498d1c8094910479dc3e1b768306a4 - Path: Assets/TextMesh Pro/Resources/Fonts & Materials/LiberationSans SDF - Fallback.asset' with importer (NativeFormatImporter)
Imported 'GUID: 2e498d1c8094910479dc3e1b768306a4' -> (Import Result ID: '2bb8e9ce2b314bda2bd0703802d1cdb8') in 0.013 seconds [static dependencies only]. Details - ImportResultOutputID=94ce4dace069634644df4d315a8acf11 DependenciesID=57c4f50a4a2694e82789a692afb02c97 StaticDependenciesID=b9bd57100191ac21f3d00c9b44cee932 
Worker ready: AssetImportWorkerHW1 1

Asset Pipeline Refresh (id=05458253627374b269871738e5e7cea5): Total: 2.530 seconds - Initiated by StopAssetImportingV2(NoUpdateAssetOptions)
	(Values over 0.05ms)
	Summary:
		Imports: total=1 (actual=1, local cache=0, cache server=0)
		Asset DB Process Time: managed=4 ms, native=1570 ms
		Asset DB Callback time: managed=942 ms, native=12 ms
		Scripting: domain reloads=0, domain reload time=0 ms, compile time=0 ms, other=0 ms
		Project Asset Count: scripts=3477, non-scripts=23442
		Asset File Changes: new=0, changed=0, moved=0, deleted=0
		Scan Filter Count: 5
	ApplyChangesToAssetFolders: 1.656ms
	Scan: 49.550ms
	Collect global state as custom dependencies: 5.240ms
	CategorizeScriptCompilationAssets: 0.328ms
	ProcessAssetsWithTransientArtifactChanges: 9.454ms
	CategorizeAssets: 787.862ms
	ImportOutOfDateAssets: 460.601ms (47.466ms without children)
		ImportManagerImport: 20.306ms (4.610ms without children)
		ReloadNativeAssets: 1.673ms
		UnloadImportedAssets: 0.183ms
		EnsureUptoDateAssetsAreRegisteredWithGuidPM: 3.867ms
		InitializingProgressBar: 51.955ms
		ImportSchedulerStart: 335.146ms
	PostProcessAllAssets: 946.654ms
		XRBuildSystem.XRAssetImported 3.445ms
		MonoPostProcessAllAssets: 942.663ms
			AssetPostprocessor.OnPostprocessAllAssets 681.085ms
			AssetReferenceReimportMonitor.OnPostprocessAllAssets 26.714ms
			SceneAssetPostProcessor.OnPostprocessAllAssets 10.928ms
			BuilderAssetPostprocessor.OnPostprocessAllAssets 7.642ms
			AddressablesAssetPostProcessor.OnPostprocessAllAssets 7.641ms
			SpriteEditorTexturePostprocessor.OnPostprocessAllAssets 7.305ms
			SpriteSlicePostprocessor.OnPostprocessAllAssets 7.041ms
			ShaderGraphAssetPostProcessor.OnPostprocessAllAssets 3.348ms
			PostProcessor.OnPostprocessAllAssets 1.913ms
			RetainedModeAssetPostprocessor.OnPostprocessAllAssets 1.653ms
			SampleDependencyImporterPostProcessor.OnPostprocessAllAssets 1.403ms
			SyncVS.PostprocessSyncProject 1.347ms
			SamplePostprocessor.OnPostprocessAllAssets 1.163ms
			MaterialPostprocessor.OnPostprocessAllAssets 0.952ms
			ConfigAssetsTracker.OnPostprocessAllAssets 0.920ms
			UVCSAssetPostprocessor.OnPostprocessAllAssets 0.831ms
			TMPro_TexturePostProcessor.OnPostprocessAllAssets 0.812ms
			ScenarioDriftAssetsTracker.OnPostprocessAllAssets 0.799ms
			AudioMixerPostprocessor.OnPostprocessAllAssets 0.718ms
			TextAssetPostProcessor.OnPostprocessAllAssets 0.582ms
			ArtifactBrowserPostProcessor.OnPostprocessAllAssets 0.568ms
			InputActionAssetPostprocessor.OnPostprocessAllAssets 0.465ms
			SpeedTreePostProcessor.OnPostprocessAllAssets 0.382ms
			SkillsProjectAssetPostprocessor.OnPostprocessAllAssets 0.326ms
			TrackSelectedAssetsProcessor.OnPostprocessAllAssets 0.280ms
			AssetPathToTypes.OnPostprocessAllAssets 0.246ms
			InputActionJsonNameModifierAssetProcessor.OnPostprocessAllAssets 0.232ms
			AssetChangedListener.OnPostprocessAllAssets 0.203ms
			StyleCatalogPostProcessor.OnPostprocessAllAssets 0.187ms
			AssetEvents.OnPostprocessAllAssets 0.167ms
			GraphRefreshPostprocessor.OnPostprocessAllAssets 0.083ms
			RenderPipelineGlobalSettingsPostprocessor.OnPostprocessAllAssets 0.057ms
			AudioContainerPostProcessor.OnPostprocessAllAssets 0.057ms
	PostAssetChangesProfiler: 8.147ms
	GatherAllCurrentPrimaryImportResultRevisions: 42.310ms
	PersistCurrentRevisions: 0.962ms
	Untracked: 217.259ms

Unloading 16 unused Assets / (6.4 KB). Loaded Objects now: 56172.
Memory consumption went from 4.72 GB to 4.72 GB.
Total: 227.674708 ms (FindLiveObjects: 3.084625 ms CreateObjectMapping: 14.455708 ms MarkObjects: 209.935459 ms  DeleteObjects: 0.198209 ms)

Thread 0x3f9807000 may have been prematurely finalized
Input System module state changed to: ShutdownInProgress.
Input Polling Thread exited.
Input System module state changed to: Shutdown.

Leak detected: 2 preview scene(s) were not closed prior to shutdown. This indicates a leak of preview scenes
- To track who caused the leak make sure to enable the diagnostics switch: 'Preview Scene Activity'
[Physics::Module] Cleanup current backend.
[Physics::Module] Id: 0xf2b8ea05
[Licensing::IpcConnector] LicenseClient-farhad-6000.5.2-notifications channel disconnected successfully.
[Licensing::IpcConnector] LicenseClient-farhad-6000.5.2 channel disconnected successfully.
Thread 0x170b33000 may have been prematurely finalized
Thread 0x170cd7000 may have been prematurely finalized
Thread 0x170bbf000 may have been prematurely finalized
Thread 0x170aa7000 may have been prematurely finalized
Thread 0x170def000 may have been prematurely finalized
Thread 0x170d63000 may have been prematurely finalized
Thread 0x170e7b000 may have been prematurely finalized
Thread 0x170c4b000 may have been prematurely finalized
Thread 0x170f07000 may have been prematurely finalized
AcceleratorClientConnectionCallback - disconnected - :0
Thread 0x175947000 may have been prematurely finalized
Cleanup mono
CodeReloadManager destroyed
info: Microsoft.Hosting.Lifetime[0]
      Application is shutting down...
info: Unity.ILPP.Runner.PostProcessingAssemblyLoadContext[0]
      ALC ILPP context 1 is unloading
Leak Detected : Persistent allocates 398 individual allocations. To find out more please enable 'Settings > Jobs > Leak Detection Level > Enabled With Stack Trace' and reproduce the leak again.
debugger-agent: Unable to listen on 45
