Unity Editor version:    6000.5.2f1 (eb73d3b415a1)
Branch:                  6000.5/staging
Build type:              Release
Batch mode:              NO
macOS version:           Version 26.6.2 (Build 25G83)
Darwin version:          25.6.0
Architecture:            arm64
Running under Rosetta:   NO
Available memory:        16384 MB
Date:                    2026-10-03T21:21:14Z
[Licensing::Module] Trying to connect to existing licensing client channel...
[Licensing::IpcConnector] Successfully connected to: "LicenseClient-farhad" at "2026-10-03T21:21:14.347872Z"
Launching external process: /Applications/Unity/Hub/Editor/6000.5.2f1/Unity.app/Contents/Helpers/PackageManager/Server/UnityPackageManager

COMMAND LINE ARGUMENTS:
/Applications/Unity/Hub/Editor/6000.5.2f1/Unity.app/Contents/MacOS/Unity
-projectPath
/Users/farhad/Projects/WarlineCapture
-logFile
/private/tmp/warline-s004-campaign-lighting-25.log
-quit
-executeMethod
Game.Editor.SkirmishS004EnvironmentBuilder.BuildAndValidate
Successfully changed project path to: /Users/farhad/Projects/WarlineCapture
[Licensing::Client] Error: HandshakeResponse reported an error:
	ResponseCode: 505
	ResponseStatus: Unsupported protocol version '1.18.1'.
[Licensing::Module] Error: Failed to handshake to channel: "LicenseClient-farhad"
[Licensing::IpcConnector] LicenseClient-farhad channel disconnected successfully.
[Licensing::IpcConnector] Successfully connected to: "LicenseClient-farhad-6000.5.2" at "2026-10-03T21:21:15.983405Z"
/Users/farhad/Projects/WarlineCapture
[UnityMemory] Configuration Parameters - Can be set up in boot.config
    "memorysetup-temp-allocator-size-gi-baking-worker=262144"
    "memorysetup-temp-allocator-size-gi-baking-worker=262144"
    "memorysetup-temp-allocator-size-gi-baking-worker=262144"
    "memorysetup-temp-allocator-size-gi-baking-worker=262144"
    "memorysetup-temp-allocator-size-gi-baking-worker=262144"
    "memorysetup-temp-allocator-size-nav-mesh-worker=65536"
    "memorysetup-temp-allocator-size-audio-worker=65536"
    "memorysetup-temp-allocator-size-cloud-worker=32768"
    "memorysetup-allocator-temp-initial-block-size-main=262144"
    "memorysetup-allocator-temp-initial-block-size-worker=262144"
    "memorysetup-temp-allocator-size-preload-manager=33554432"
    "memorysetup-temp-allocator-size-gfx=262144"
    "memorysetup-temp-allocator-size-background-worker=32768"
    "memorysetup-temp-allocator-size-job-worker=262144"
    "memorysetup-bucket-allocator-granularity=16"
    "memorysetup-bucket-allocator-bucket-count=8"
    "memorysetup-bucket-allocator-block-size=33554432"
    "memorysetup-bucket-allocator-block-count=8"
    "memorysetup-main-allocator-block-size=16777216"
    "memorysetup-thread-allocator-block-size=16777216"
    "memorysetup-main-allocator-mimalloc-enabled=0"
    "memorysetup-gfx-main-allocator-block-size=16777216"
    "memorysetup-gfx-thread-allocator-block-size=16777216"
    "memorysetup-cache-allocator-block-size=4194304"
    "memorysetup-typetree-allocator-block-size=2097152"
    "memorysetup-profiler-bucket-allocator-granularity=16"
    "memorysetup-profiler-bucket-allocator-bucket-count=8"
    "memorysetup-profiler-bucket-allocator-block-size=33554432"
    "memorysetup-profiler-bucket-allocator-block-count=8"
    "memorysetup-profiler-allocator-block-size=16777216"
    "memorysetup-profiler-editor-allocator-block-size=1048576"
    "memorysetup-temp-allocator-size-main=16777216"
    "memorysetup-job-temp-allocator-block-size=2097152"
    "memorysetup-job-temp-allocator-block-size-background=1048576"
    "memorysetup-job-temp-allocator-reduction-small-platforms=262144"
Logging is directed to a specific file, skipping project log.Player connection [8466637184]  Target information:

Player connection [8466637184]  * "[IP] 192.168.2.175 [Port] 55507 [Flags] 2 [Guid] 2897702855 [EditorId] 2897702855 [Version] 1048832 [Id] OSXEditor(0,Farhads-Air-2) [Debug] 1 [PackageName] OSXEditor [ProjectName] Editor" 

Player connection [8466637184] Host joined multi-casting on [225.0.0.222:54997]...
Player connection [8466637184] Host joined alternative multi-casting on [225.0.0.222:34997]...
Input System module state changed to: Initialized.
[Physics::Module] Initialized fallback backend.
[Physics::Module] Id: 0xdecafbad
[Package Manager] Connected to IPC stream "Upm-66324" after 1.0 seconds.
[Licensing::Module] Licensing is not yet initialized.
[Licensing::Client] Handshaking with LicensingClient:
  Version:                 1.18.1+9fbee8e
  Session Id:              9dfe3fd1965d4c2fbf8bf102e4d69c03
  Correlation Id:          9daa549db5e8de905f3b751f8394da74
  External correlation Id: 5763925214847224991
  Machine Id:              10T5sSSYWiUOOlqtQecUz0BYTYA=
[Licensing::Module] Successfully connected to LicensingClient on channel: "LicenseClient-farhad-6000.5.2" (connect: 0.00s, validation: 0.01s, handshake: 2.67s)
[Licensing::IpcConnector] Successfully connected to: "LicenseClient-farhad-6000.5.2-notifications" at "2026-10-03T21:21:18.663511Z"
[Licensing::Module] Error: Access token is unavailable; failed to update
[Licensing::Client] Successfully resolved entitlement details
[Licensing::Module] License group:
  Id: 2197950-UnityPersXXXX
  Product: Unity Personal
  Type: Assigned
  Expiration: Unlimited
[Licensing::Client] Successfully updated license, isAsync: True, time: 0.01
[Licensing::Client] Successfully resolved entitlement details
[Licensing::Module] Licensing Background thread has ended after 4.35s
[Licensing::Module] Licensing is initialized (took 0.82s).
[Licensing::Client] Successfully resolved entitlement details
Library Redirect Path: Library/
[Physics::Module] Selected backend.
[Physics::Module] Name: PhysX
[Physics::Module] Id: 0xf2b8ea05
[Physics::Module] SDK Version: 4.1.2
[Physics::Module] Integration Version: 1.0.0
[Physics::Module] Threading Mode: Multi-Threaded
Initialize engine version: 6000.5.2f1 (eb73d3b415a1)
[Subsystems] Discovering subsystems at path /Applications/Unity/Hub/Editor/6000.5.2f1/Unity.app/Contents/Resources/UnitySubsystems
[Subsystems] Discovering subsystems at path /Users/farhad/Projects/WarlineCapture/Assets
GfxDevice: creating device client; kGfxThreadingModeThreaded
 preferred device: Apple M5 (high power)
Metal devices available: 1
0: Apple M5 (high power)
Using device Apple M5 (high power)
Initializing Metal device caps: Apple M5
Mac GPU Family: 2
Apple GPU Family: 9
MSL Version: 3.0
Has Float MSAA: 1
Has Float Filtering: 1
ReadWrite Texture Tier: 2
Initialize mono
Mono path[0] = '/Applications/Unity/Hub/Editor/6000.5.2f1/Unity.app/Contents/Resources/Scripting/Managed'
Mono path[1] = '/Applications/Unity/Hub/Editor/6000.5.2f1/Unity.app/Contents/Resources/Scripting/BCLExtensions/runtime/netstandard2.1'
Mono path[2] = '/Applications/Unity/Hub/Editor/6000.5.2f1/Unity.app/Contents/Resources/Scripting/MonoBleedingEdge/lib/mono/unityjit-macos'
Mono config path = '/Applications/Unity/Hub/Editor/6000.5.2f1/Unity.app/Contents/Resources/Scripting/MonoBleedingEdge/etc'
Using monoOptions --debugger-agent=transport=dt_socket,embedding=1,server=y,suspend=n,address=127.0.0.1:56324
CodeReloadManager initialized
ImportWorker Server TCP listen port: 0
AcceleratorClientConnectionCallback - disconnected - :0
Begin MonoManager ReloadAssembly
Registering precompiled unity dll's ...
Register platform support module: /Applications/Unity/Hub/Editor/6000.5.2f1/PlaybackEngines/MacStandaloneSupport/UnityEditor.OSXStandalone.Extensions.dll
[Licensing::Client] Successfully resolved entitlement details
Register platform support module: /Applications/Unity/Hub/Editor/6000.5.2f1/PlaybackEngines/AndroidPlayer/UnityEditor.Android.Extensions.dll
Registered in 0.002914 seconds.
Native extension for Android target not found
Native extension for OSXStandalone target not found
Package Manager log level set to [2]
ScheduleIndexationOnStartup MainProcess:False IndexOnStartup:True
Mono: successfully reloaded assembly
- Finished resetting the current domain, in  0.726 seconds
Domain Reload Profiling: 1524ms
	BeginReloadAssembly (177ms)
		CreateAndSetChildDomain (6ms)
	RebuildCommonClasses (7ms)
	RebuildNativeTypeToScriptingClass (31ms)
	initialDomainReloadingComplete (94ms)
	LoadAllAssembliesAndSetupDomain (487ms)
		LoadAssemblies (173ms)
		AnalyzeDomain (364ms)
			TypeCache.Refresh (362ms)
				TypeCache.ScanAssembly (335ms)
	FinalizeReload (728ms)
		SetupLoadedEditorAssemblies (0ms)
			InitializePlatformSupportModulesInManaged (137ms)
			BeforeProcessingInitializeOnLoad (144ms)
			ProcessInitializeOnLoadAttributes (161ms)
			ProcessInitializeOnLoadMethodAttributes (170ms)
[Licensing::Client] Successfully resolved entitlement details
Application.AssetDatabase Initial Refresh Start
[Package Manager] Restoring resolved packages state from cache
[Licensing::Client] Successfully resolved entitlement details
[Package Manager] Registered 70 packages:
  Packages from [https://packages.unity.com]:
    com.unity.addressables@3.1.0 (location: /Users/farhad/Projects/WarlineCapture/Library/PackageCache/com.unity.addressables@9bffe1a216ce)
    com.unity.ai.assistant@2.13.0-pre.2 (location: /Users/farhad/Projects/WarlineCapture/Library/PackageCache/com.unity.ai.assistant@6fee27370e6a)
    com.unity.collab-proxy@2.12.4 (location: /Users/farhad/Projects/WarlineCapture/Library/PackageCache/com.unity.collab-proxy@0b1559bcd34e)
    com.unity.ide.rider@3.0.40 (location: /Users/farhad/Projects/WarlineCapture/Library/PackageCache/com.unity.ide.rider@e4950c6d131b)
    com.unity.ide.visualstudio@2.0.27 (location: /Users/farhad/Projects/WarlineCapture/Library/PackageCache/com.unity.ide.visualstudio@dc1ddd4f09b6)
    com.unity.inputsystem@1.19.0 (location: /Users/farhad/Projects/WarlineCapture/Library/PackageCache/com.unity.inputsystem@21a28c3a6c83)
    com.unity.probuilder@6.1.2 (location: /Users/farhad/Projects/WarlineCapture/Library/PackageCache/com.unity.probuilder@8be9724b2335)
    com.unity.timeline@1.8.12 (location: /Users/farhad/Projects/WarlineCapture/Library/PackageCache/com.unity.timeline@8cd8509afae5)
    com.unity.visualscripting@1.9.11 (location: /Users/farhad/Projects/WarlineCapture/Library/PackageCache/com.unity.visualscripting@8bed5ad90189)
    com.unity.pipeline@0.6.0-exp.1 (location: /Users/farhad/Projects/WarlineCapture/Library/PackageCache/com.unity.pipeline@9bb4172c603c)
    com.unity.burst@1.8.29 (location: /Users/farhad/Projects/WarlineCapture/Library/PackageCache/com.unity.burst@6bb9aca3ef38)
    com.unity.nuget.mono-cecil@1.11.6 (location: /Users/farhad/Projects/WarlineCapture/Library/PackageCache/com.unity.nuget.mono-cecil@ecb9724e46ff)
    com.unity.nuget.newtonsoft-json@3.2.2 (location: /Users/farhad/Projects/WarlineCapture/Library/PackageCache/com.unity.nuget.newtonsoft-json@4dfd81071c64)
    com.unity.searcher@4.9.4 (location: /Users/farhad/Projects/WarlineCapture/Library/PackageCache/com.unity.searcher@d45a78918735)
    com.unity.settings-manager@2.1.1 (location: /Users/farhad/Projects/WarlineCapture/Library/PackageCache/com.unity.settings-manager@0b8638c5ce86)
    com.unity.profiling.core@1.0.3 (location: /Users/farhad/Projects/WarlineCapture/Library/PackageCache/com.unity.profiling.core@8a49f7027d06)
    com.unity.test-framework.performance@3.5.0 (location: /Users/farhad/Projects/WarlineCapture/Library/PackageCache/com.unity.test-framework.performance@8b56083ec0f0)
    com.unity.scriptablebuildpipeline@3.1.1 (location: /Users/farhad/Projects/WarlineCapture/Library/PackageCache/com.unity.scriptablebuildpipeline@ea93f1084040)
  Built-in packages:
    com.unity.2d.sprite@1.0.0 (location: /Users/farhad/Projects/WarlineCapture/Library/PackageCache/com.unity.2d.sprite@053a968eab56)
    com.unity.entities@6.5.0 (location: /Users/farhad/Projects/WarlineCapture/Library/PackageCache/com.unity.entities@bab66ffaba49)
    com.unity.entities.graphics@6.5.0 (location: /Users/farhad/Projects/WarlineCapture/Library/PackageCache/com.unity.entities.graphics@66588da3a112)
    com.unity.multiplayer.center@1.0.1 (location: /Users/farhad/Projects/WarlineCapture/Library/PackageCache/com.unity.multiplayer.center@b860850997d0)
    com.unity.render-pipelines.universal@17.5.0 (location: /Users/farhad/Projects/WarlineCapture/Library/PackageCache/com.unity.render-pipelines.universal@748d7458cc62)
    com.unity.serialization@6.5.0 (location: /Users/farhad/Projects/WarlineCapture/Library/PackageCache/com.unity.serialization@b2610f80ff18)
    com.unity.shadergraph@17.5.0 (location: /Users/farhad/Projects/WarlineCapture/Library/PackageCache/com.unity.shadergraph@2df19e8719bc)
    com.unity.test-framework@1.7.0 (location: /Users/farhad/Projects/WarlineCapture/Library/PackageCache/com.unity.test-framework@1405238725ab)
    com.unity.ugui@2.5.0 (location: /Users/farhad/Projects/WarlineCapture/Library/PackageCache/com.unity.ugui@3d1ea40b73ef)
    com.unity.modules.accessibility@1.0.0 (location: /Users/farhad/Projects/WarlineCapture/Library/PackageCache/com.unity.modules.accessibility)
    com.unity.modules.adaptiveperformance@1.0.0 (location: /Users/farhad/Projects/WarlineCapture/Library/PackageCache/com.unity.modules.adaptiveperformance)
    com.unity.modules.ai@1.0.0 (location: /Users/farhad/Projects/WarlineCapture/Library/PackageCache/com.unity.modules.ai)
    com.unity.modules.androidjni@1.0.0 (location: /Users/farhad/Projects/WarlineCapture/Library/PackageCache/com.unity.modules.androidjni)
    com.unity.modules.animation@1.0.0 (location: /Users/farhad/Projects/WarlineCapture/Library/PackageCache/com.unity.modules.animation)
    com.unity.modules.assetbundle@1.0.0 (location: /Users/farhad/Projects/WarlineCapture/Library/PackageCache/com.unity.modules.assetbundle)
    com.unity.modules.audio@1.0.0 (location: /Users/farhad/Projects/WarlineCapture/Library/PackageCache/com.unity.modules.audio)
    com.unity.modules.cloth@1.0.0 (location: /Users/farhad/Projects/WarlineCapture/Library/PackageCache/com.unity.modules.cloth)
    com.unity.modules.director@1.0.0 (location: /Users/farhad/Projects/WarlineCapture/Library/PackageCache/com.unity.modules.director)
    com.unity.modules.imageconversion@1.0.0 (location: /Users/farhad/Projects/WarlineCapture/Library/PackageCache/com.unity.modules.imageconversion)
    com.unity.modules.imgui@1.0.0 (location: /Users/farhad/Projects/WarlineCapture/Library/PackageCache/com.unity.modules.imgui)
    com.unity.modules.jsonserialize@1.0.0 (location: /Users/farhad/Projects/WarlineCapture/Library/PackageCache/com.unity.modules.jsonserialize)
    com.unity.modules.physicscore2d@1.0.0 (location: /Users/farhad/Projects/WarlineCapture/Library/PackageCache/com.unity.modules.physicscore2d)
    com.unity.modules.screencapture@1.0.0 (location: /Users/farhad/Projects/WarlineCapture/Library/PackageCache/com.unity.modules.screencapture)
    com.unity.modules.tilemap@1.0.0 (location: /Users/farhad/Projects/WarlineCapture/Library/PackageCache/com.unity.modules.tilemap)
    com.unity.modules.ui@1.0.0 (location: /Users/farhad/Projects/WarlineCapture/Library/PackageCache/com.unity.modules.ui)
    com.unity.modules.uielements@1.0.0 (location: /Users/farhad/Projects/WarlineCapture/Library/PackageCache/com.unity.modules.uielements)
    com.unity.modules.umbra@1.0.0 (location: /Users/farhad/Projects/WarlineCapture/Library/PackageCache/com.unity.modules.umbra)
    com.unity.modules.unityanalytics@1.0.0 (location: /Users/farhad/Projects/WarlineCapture/Library/PackageCache/com.unity.modules.unityanalytics)
    com.unity.modules.unitywebrequest@1.0.0 (location: /Users/farhad/Projects/WarlineCapture/Library/PackageCache/com.unity.modules.unitywebrequest)
    com.unity.modules.unitywebrequestassetbundle@1.0.0 (location: /Users/farhad/Projects/WarlineCapture/Library/PackageCache/com.unity.modules.unitywebrequestassetbundle)
    com.unity.modules.unitywebrequestaudio@1.0.0 (location: /Users/farhad/Projects/WarlineCapture/Library/PackageCache/com.unity.modules.unitywebrequestaudio)
    com.unity.modules.unitywebrequesttexture@1.0.0 (location: /Users/farhad/Projects/WarlineCapture/Library/PackageCache/com.unity.modules.unitywebrequesttexture)
    com.unity.modules.unitywebrequestwww@1.0.0 (location: /Users/farhad/Projects/WarlineCapture/Library/PackageCache/com.unity.modules.unitywebrequestwww)
    com.unity.modules.vectorgraphics@1.0.0 (location: /Users/farhad/Projects/WarlineCapture/Library/PackageCache/com.unity.modules.vectorgraphics)
    com.unity.modules.vehicles@1.0.0 (location: /Users/farhad/Projects/WarlineCapture/Library/PackageCache/com.unity.modules.vehicles)
    com.unity.modules.video@1.0.0 (location: /Users/farhad/Projects/WarlineCapture/Library/PackageCache/com.unity.modules.video)
    com.unity.modules.wind@1.0.0 (location: /Users/farhad/Projects/WarlineCapture/Library/PackageCache/com.unity.modules.wind)
    com.unity.modules.xr@1.0.0 (location: /Users/farhad/Projects/WarlineCapture/Library/PackageCache/com.unity.modules.xr)
    com.unity.modules.physics@1.0.0 (location: /Users/farhad/Projects/WarlineCapture/Library/PackageCache/com.unity.modules.physics)
    com.unity.modules.subsystems@1.0.0 (location: /Users/farhad/Projects/WarlineCapture/Library/PackageCache/com.unity.modules.subsystems)
    com.unity.modules.hierarchycore@1.0.0 (location: /Users/farhad/Projects/WarlineCapture/Library/PackageCache/com.unity.modules.hierarchycore)
    com.unity.modules.physics2d@1.0.0 (location: /Users/farhad/Projects/WarlineCapture/Library/PackageCache/com.unity.modules.physics2d)
    com.unity.modules.particlesystem@1.0.0 (location: /Users/farhad/Projects/WarlineCapture/Library/PackageCache/com.unity.modules.particlesystem)
    com.unity.ext.nunit@2.1.0 (location: /Users/farhad/Projects/WarlineCapture/Library/PackageCache/com.unity.ext.nunit@44f7d31723bd)
    com.unity.render-pipelines.core@17.5.0 (location: /Users/farhad/Projects/WarlineCapture/Library/PackageCache/com.unity.render-pipelines.core@9fe9377312a8)
    com.unity.collections@6.5.0 (location: /Users/farhad/Projects/WarlineCapture/Library/PackageCache/com.unity.collections@a43cabe808ca)
    com.unity.render-pipelines.universal-config@17.5.0 (location: /Users/farhad/Projects/WarlineCapture/Library/PackageCache/com.unity.render-pipelines.universal-config@fdda01c80fe3)
    com.unity.modules.hierarchy@1.0.0 (location: /Users/farhad/Projects/WarlineCapture/Library/PackageCache/com.unity.modules.hierarchy)
    com.unity.mathematics@1.4.0 (location: /Users/farhad/Projects/WarlineCapture/Library/PackageCache/com.unity.mathematics@981956d94fb6)
    com.unity.modules.terrain@1.0.0 (location: /Users/farhad/Projects/WarlineCapture/Library/PackageCache/com.unity.modules.terrain)
  Embedded packages:
    com.sniveler-code.gpu-animation@file:/Users/farhad/Projects/WarlineCapture/Packages/com.sniveler-code.gpu-animation (location: /Users/farhad/Projects/WarlineCapture/Packages/com.sniveler-code.gpu-animation)
  Git packages:
    com.nosuchstudio.rtltmpro@https://github.com/hk1ll3r/RTLTMPro.git?path=/UPMPackage#69c9193fc27218f17679cc57382a61ac4a717b2b (location: /Users/farhad/Projects/WarlineCapture/Library/PackageCache/com.nosuchstudio.rtltmpro@44858274f18a)
[Subsystems] No new subsystems found in resolved package list.
[Package Manager] Done registering packages in 0.02 seconds
Assembly reference Packages/com.unity.entities/Unity.Scenes.Editor/Internals/Properties/Unity.Properties.Internals.asmref has no target assembly definition
Assembly reference Packages/com.unity.entities/Unity.Scenes.Editor/Internals/Properties/Unity.Properties.Internals.asmref has no target assembly definition
[ScriptCompilation] Requested script compilation because: AssetDatabase observed changes in script compilation related files
info: Microsoft.Hosting.Lifetime[14]
      Now listening on: http://unix:/tmp/ilpp.sock-cab634237f5413a71fd009541e827d78
info: Microsoft.Hosting.Lifetime[0]
      Application started. Press Ctrl+C to shut down.
info: Microsoft.Hosting.Lifetime[0]
      Hosting environment: Production
info: Microsoft.Hosting.Lifetime[0]
      Content root path: /Users/farhad/Projects/WarlineCapture
info: Microsoft.AspNetCore.Hosting.Diagnostics[1]
      Request starting HTTP/2 POST http://ilpp/UnityILPP.PostProcessing/Ping - application/grpc -
info: Microsoft.AspNetCore.Routing.EndpointMiddleware[0]
      Executing endpoint 'gRPC - /UnityILPP.PostProcessing/Ping'
info: Microsoft.AspNetCore.Routing.EndpointMiddleware[1]
      Executed endpoint 'gRPC - /UnityILPP.PostProcessing/Ping'
info: Microsoft.AspNetCore.Hosting.Diagnostics[2]
      Request finished HTTP/2 POST http://ilpp/UnityILPP.PostProcessing/Ping - 200 - application/grpc 79.4230ms
Refreshing native plugins compatible for Editor in 4.06 ms, found 3 plugins.
Starting: /Applications/Unity/Hub/Editor/6000.5.2f1/Unity.app/Contents/Resources/BuildPipeline/bee_backend --ipc --defer-dag-verification --dagfile="Library/Bee/200b0aE.dag" --continue-on-failure --profile="Library/Bee/backend1.traceevents" ScriptAssemblies
WorkingDir: /Users/farhad/Projects/WarlineCapture
info: Microsoft.AspNetCore.Hosting.Diagnostics[1]
      Request starting HTTP/2 POST http://ilpp/UnityILPP.PostProcessing/ConfigurePostProcessors - application/grpc -
info: Microsoft.AspNetCore.Routing.EndpointMiddleware[0]
      Executing endpoint 'gRPC - /UnityILPP.PostProcessing/ConfigurePostProcessors'
warn: Unity.ILPP.Runner.PostProcessingAssemblyLoadContext[0]
      Assembly system.runtime.interopservices.windowsruntime has duplicate hint path. Ignoring "/Applications/Unity/Hub/Editor/6000.5.2f1/Unity.app/Contents/Resources/Scripting/NetStandard/Extensions/2.0.0/System.Runtime.InteropServices.WindowsRuntime.dll" in favor of "/Applications/Unity/Hub/Editor/6000.5.2f1/Unity.app/Contents/Resources/Scripting/UnityReferenceAssemblies/unity-4.8-api/Facades/System.Runtime.InteropServices.WindowsRuntime.dll"
warn: Unity.ILPP.Runner.PostProcessingAssemblyLoadContext[0]
      Assembly system.componentmodel.composition has duplicate hint path. Ignoring "/Applications/Unity/Hub/Editor/6000.5.2f1/Unity.app/Contents/Resources/Scripting/NetStandard/compat/2.1.0/shims/netfx/System.ComponentModel.Composition.dll" in favor of "/Applications/Unity/Hub/Editor/6000.5.2f1/Unity.app/Contents/Resources/Scripting/UnityReferenceAssemblies/unity-4.8-api/System.ComponentModel.Composition.dll"
info: Unity.ILPP.Runner.PostProcessingAssemblyLoadContext[0]
      Resolved Mono.Cecil, Version=0.11.5.0, Culture=neutral, PublicKeyToken=50cebf1cceb9d05e with Library/PackageCache/com.unity.nuget.mono-cecil@ecb9724e46ff/Mono.Cecil.dll
info: Unity.ILPP.Runner.PostProcessingAssemblyLoadContext[0]
      Resolved Unity.Burst.Cecil, Version=0.11.6.0, Culture=neutral, PublicKeyToken=50cebf1cceb9d05e with Library/PackageCache/com.unity.burst@6bb9aca3ef38/Unity.Burst.CodeGen/Unity.Burst.Cecil.dll
info: Unity.ILPP.Runner.PostProcessingAssemblyLoadContext[0]
      Resolved Unity.Entities, Version=0.0.0.0, Culture=neutral, PublicKeyToken=null with Library/Bee/artifacts/200b0aE.dag/Unity.Entities.dll
info: Microsoft.AspNetCore.Routing.EndpointMiddleware[1]
      Executed endpoint 'gRPC - /UnityILPP.PostProcessing/ConfigurePostProcessors'
info: Microsoft.AspNetCore.Hosting.Diagnostics[2]
      Request finished HTTP/2 POST http://ilpp/UnityILPP.PostProcessing/ConfigurePostProcessors - 200 - application/grpc 94.6949ms
info: Microsoft.AspNetCore.Hosting.Diagnostics[1]
      Request starting HTTP/2 POST http://ilpp/UnityILPP.PostProcessing/PostProcessAssembly - application/grpc -
info: Microsoft.AspNetCore.Routing.EndpointMiddleware[0]
      Executing endpoint 'gRPC - /UnityILPP.PostProcessing/PostProcessAssembly'
info: Unity.ILPP.Runner.PostProcessingPipeline[0]
      Processing assembly Library/Bee/artifacts/200b0aE.dag/Game.Tests.Editor.dll, with 136 defines and 332 references
info: Unity.ILPP.Runner.PostProcessingPipeline[0]
      processors: Unity.Entities.CodeGen.EntitiesILPostProcessors, Unity.Jobs.CodeGen.JobsILPostProcessor, Unity.Pipeline.CodeGen.HotReloadInPlaceILPostProcessor, zzzUnity.Burst.CodeGen.BurstILPostProcessor
info: Unity.ILPP.Runner.PostProcessingPipeline[0]
      running Unity.Entities.CodeGen.EntitiesILPostProcessors
info: Unity.ILPP.Runner.PostProcessingAssemblyLoadContext[0]
      Resolved Mono.Cecil.Rocks, Version=0.11.5.0, Culture=neutral, PublicKeyToken=50cebf1cceb9d05e with Library/PackageCache/com.unity.nuget.mono-cecil@ecb9724e46ff/Mono.Cecil.Rocks.dll
info: Unity.ILPP.Runner.PostProcessingAssemblyLoadContext[0]
      Resolved UnityEngine.CoreModule, Version=0.0.0.0, Culture=neutral, PublicKeyToken=null with /Applications/Unity/Hub/Editor/6000.5.2f1/Unity.app/Contents/Resources/Scripting/Managed/UnityEngine/UnityEngine.CoreModule.dll
info: Unity.ILPP.Runner.PostProcessingAssemblyLoadContext[0]
      Resolved Unity.Collections, Version=0.0.0.0, Culture=neutral, PublicKeyToken=null with Library/Bee/artifacts/200b0aE.dag/Unity.Collections.dll
info: Unity.ILPP.Runner.PostProcessingAssemblyLoadContext[0]
      Resolved Unity.Burst, Version=0.0.0.0, Culture=neutral, PublicKeyToken=null with Library/Bee/artifacts/200b0aE.dag/Unity.Burst.dll
info: Unity.ILPP.Runner.PostProcessingAssemblyLoadContext[0]
      Resolved Unity.Cecil.Awesome, Version=1.0.0.0, Culture=neutral, PublicKeyToken=null with Library/PackageCache/com.unity.entities@bab66ffaba49/Unity.Entities.CodeGen/Unity.Cecil.Awesome.dll
info: Unity.ILPP.Runner.PostProcessingAssemblyLoadContext[0]
      Resolved Unity.Scripting, Version=0.0.0.0, Culture=neutral, PublicKeyToken=null with /Applications/Unity/Hub/Editor/6000.5.2f1/Unity.app/Contents/Resources/Scripting/Managed/UnityEngine/Unity.Scripting.dll
info: Unity.ILPP.Runner.PostProcessingAssemblyLoadContext[0]
      Resolved UnityEditor.CoreModule, Version=0.0.0.0, Culture=neutral, PublicKeyToken=null with /Applications/Unity/Hub/Editor/6000.5.2f1/Unity.app/Contents/Resources/Scripting/Managed/UnityEngine/UnityEditor.CoreModule.dll
  - EILPP : Game.Tests.Editor : : 5043ms (~721ms)
    - EILPP : Game.Tests.Editor : GetAllComponentTypes: 4ms 
    - EILPP : Game.Tests.Editor : Cloner: 56ms 
    - EILPP : Game.Tests.Editor : ComponentDataPP: 79ms 
    - EILPP : Game.Tests.Editor : StaticTypeRegistryPostProcessor: 185ms 
    - EILPP : Game.Tests.Editor : WriteAssembly: 3998ms 
info: Unity.ILPP.Runner.PostProcessingPipeline[0]
      running Unity.Jobs.CodeGen.JobsILPostProcessor
info: Unity.ILPP.Runner.PostProcessingPipeline[0]
      running Unity.Pipeline.CodeGen.HotReloadInPlaceILPostProcessor
info: Unity.ILPP.Runner.PostProcessingPipeline[0]
      running zzzUnity.Burst.CodeGen.BurstILPostProcessor
info: Unity.ILPP.Runner.PostProcessingAssemblyLoadContext[0]
      Resolved Unity.Burst.Cecil.Rocks, Version=0.11.6.0, Culture=neutral, PublicKeyToken=50cebf1cceb9d05e with Library/PackageCache/com.unity.burst@6bb9aca3ef38/Unity.Burst.CodeGen/Unity.Burst.Cecil.Rocks.dll
info: Microsoft.AspNetCore.Routing.EndpointMiddleware[1]
      Executed endpoint 'gRPC - /UnityILPP.PostProcessing/PostProcessAssembly'
info: Microsoft.AspNetCore.Hosting.Diagnostics[2]
      Request finished HTTP/2 POST http://ilpp/UnityILPP.PostProcessing/PostProcessAssembly - 200 - application/grpc 10692.5848ms
ExitCode: 0 Duration: 50s
[1450/2004  0s] ILPP-Configuration Library/ilpp-configuration.nevergeneratedoutput
[BUSY       6s] Csc Library/Bee/artifacts/200b0aE.dag/Game.Tests.Editor.dll (+2 others)
[BUSY      16s] Csc Library/Bee/artifacts/200b0aE.dag/Game.Tests.Editor.dll (+2 others)
[BUSY      26s] Csc Library/Bee/artifacts/200b0aE.dag/Game.Tests.Editor.dll (+2 others)
[BUSY      36s] Csc Library/Bee/artifacts/200b0aE.dag/Game.Tests.Editor.dll (+2 others)
[2000/2004 37s] Csc Library/Bee/artifacts/200b0aE.dag/Game.Tests.Editor.dll (+2 others)
[BUSY       6s] ILPostProcess Library/Bee/artifacts/200b0aE.dag/post-processed/Game.Tests.Editor.dll (+pdb)
[2001/2004 10s] ILPostProcess Library/Bee/artifacts/200b0aE.dag/post-processed/Game.Tests.Editor.dll (+pdb)
Processing assembly Library/Bee/artifacts/200b0aE.dag/Game.Tests.Editor.dll, with 136 defines and 332 references
processors: Unity.Entities.CodeGen.EntitiesILPostProcessors, Unity.Jobs.CodeGen.JobsILPostProcessor, Unity.Pipeline.CodeGen.HotReloadInPlaceILPostProcessor, zzzUnity.Burst.CodeGen.BurstILPostProcessor
running Unity.Entities.CodeGen.EntitiesILPostProcessors
running Unity.Jobs.CodeGen.JobsILPostProcessor
running Unity.Pipeline.CodeGen.HotReloadInPlaceILPostProcessor
running zzzUnity.Burst.CodeGen.BurstILPostProcessor
[2002/2004  0s] CopyFiles Library/ScriptAssemblies/Game.Tests.Editor.pdb
[2003/2004  0s] CopyFiles Library/ScriptAssemblies/Game.Tests.Editor.dll
*** Tundra build success (50.40 seconds), 5 items updated, 2004 evaluated
AssetDatabase: script compilation time: 52.987539s
Total cache size 268383066
Total cache size after purge 268383066, took 00:00:00.6458670
Begin MonoManager ReloadAssembly
Symbol file LoadedFromMemory is not a mono symbol file
Assembly reference Packages/com.unity.entities/Unity.Scenes.Editor/Internals/Properties/Unity.Properties.Internals.asmref has no target assembly definition
Refreshing native plugins compatible for Editor in 4.00 ms, found 3 plugins.
Native extension for Android target not found
Native extension for OSXStandalone target not found
[Licensing::Client] Successfully resolved entitlement details
TypeManager.Initialize took: 1254ms
The assembly Game.Authoring is using the BakingVersion attribute. But the following Baker/Baking systems/EntitySceneOptimizations systems are missing the attribute:
Game.Authoring.SupportAbilityCatalogAuthoring+SupportBaker.

Updating these bakers/systems won't trigger a scene import automatically. Please add a BakingVersion attribute on them and update their version number everytime you want them to be rerun before an import. 
Or don't use the attribute at all in their assembly to trigger scene import automatically after each changes in the assembly.
UnityEngine.Debug:ExtractStackTraceNoAlloc (byte*,int,string)
UnityEngine.StackTraceUtility:ExtractStackTrace () (at /Users/bokken/build/output/unity/unity/Runtime/Export/Scripting/StackTrace.cs:35)
UnityEngine.DebugLogHandler:Internal_Log (UnityEngine.LogType,UnityEngine.LogOption,string,UnityEngine.Object)
UnityEngine.DebugLogHandler:LogFormat (UnityEngine.LogType,UnityEngine.Object,string,object[])
UnityEngine.Logger:Log (UnityEngine.LogType,object)
UnityEngine.Debug:LogWarning (object)
Unity.Debug:LogWarning (object) (at ./Library/PackageCache/com.unity.entities@bab66ffaba49/Unity.Entities/Stubs/Unity/Debug.cs:13)
Unity.Scenes.Editor.TypeDependencyCache:PrintMissingBakingVersionAttributesWarning (System.Collections.Generic.Dictionary`2<string, System.Collections.Generic.List`1<System.Type>>) (at ./Library/PackageCache/com.unity.entities@bab66ffaba49/Unity.Scenes.Editor/TypeDependencyCache.cs:305)
Unity.Scenes.Editor.TypeDependencyCache:RegisterBakingAssemblies () (at ./Library/PackageCache/com.unity.entities@bab66ffaba49/Unity.Scenes.Editor/TypeDependencyCache.cs:284)
Unity.Scenes.Editor.TypeDependencyCache:.cctor () (at ./Library/PackageCache/com.unity.entities@bab66ffaba49/Unity.Scenes.Editor/TypeDependencyCache.cs:61)
System.Runtime.CompilerServices.RuntimeHelpers:RunClassConstructor (System.RuntimeTypeHandle)
UnityEditor.EditorAssemblies:ProcessInitializeOnLoadAttributes (System.ReadOnlySpan`1<intptr>) (at /Users/bokken/build/output/unity/unity/Editor/Mono/EditorAssemblies.cs:155)

(Filename: ./Library/PackageCache/com.unity.entities@bab66ffaba49/Unity.Entities/Stubs/Unity/Debug.cs Line: 13)

Refreshing native plugins compatible for Editor in 2.57 ms, found 3 plugins.
Start HTTP server: port:7801
[MODES] ModeService[none].Initialize
[MODES] ModeService[none].LoadModes
[MODES] Loading mode Default (0) for mode-current-id-WarlineCapture
[Licensing::Client] Error: Code 404 while processing request (status: Found 0 entitlement groups and 0 free entitlements matching requested entitlement ids)
[McpToolRegistry] Discovered 20 MCP tools
UnityEngine.Debug:ExtractStackTraceNoAlloc (byte*,int,string)
UnityEngine.StackTraceUtility:ExtractStackTrace () (at /Users/bokken/build/output/unity/unity/Runtime/Export/Scripting/StackTrace.cs:35)
UnityEngine.DebugLogHandler:Internal_Log (UnityEngine.LogType,UnityEngine.LogOption,string,UnityEngine.Object)
UnityEngine.DebugLogHandler:LogFormat (UnityEngine.LogType,UnityEngine.Object,string,object[])
UnityEngine.Logger:Log (UnityEngine.LogType,object)
UnityEngine.Debug:Log (object)
Unity.AI.Tracing.ConsoleSink:LogToConsole (string,string,System.Exception) (at ./Library/PackageCache/com.unity.ai.assistant@6fee27370e6a/Modules/Unity.AI.Tracing/TraceSinks.cs:313)
Unity.AI.Tracing.ConsoleSink:Write (Unity.AI.Tracing.TraceEvent) (at ./Library/PackageCache/com.unity.ai.assistant@6fee27370e6a/Modules/Unity.AI.Tracing/TraceSinks.cs:277)
Unity.AI.Tracing.TraceWriter:WriteEventInternal (string,string,Unity.AI.Tracing.TraceEventOptions,string,System.Nullable`1<int>) (at ./Library/PackageCache/com.unity.ai.assistant@6fee27370e6a/Modules/Unity.AI.Tracing/TraceWriter.cs:373)
Unity.AI.Tracing.TraceWriter:Event (string,Unity.AI.Tracing.TraceEventOptions) (at ./Library/PackageCache/com.unity.ai.assistant@6fee27370e6a/Modules/Unity.AI.Tracing/TraceWriter.cs:297)
Unity.AI.Tracing.TraceLogger:Emit (string,string,string,string,Unity.AI.Tracing.TraceEventOptions,object,System.Exception) (at ./Library/PackageCache/com.unity.ai.assistant@6fee27370e6a/Modules/Unity.AI.Tracing/TraceLogger.cs:105)
Unity.AI.Tracing.TraceLogger:Info (string,string,string,Unity.AI.Tracing.TraceEventOptions) (at ./Library/PackageCache/com.unity.ai.assistant@6fee27370e6a/Modules/Unity.AI.Tracing/TraceLogger.cs:35)
Unity.AI.MCP.Editor.Helpers.McpLog:Log (string,Unity.AI.Tracing.TraceEventOptions) (at ./Library/PackageCache/com.unity.ai.assistant@6fee27370e6a/Modules/Unity.AI.MCP.Editor/Helpers/McpLog.cs:15)
Unity.AI.MCP.Editor.ToolRegistry.McpToolRegistry:RefreshTools () (at ./Library/PackageCache/com.unity.ai.assistant@6fee27370e6a/Modules/Unity.AI.MCP.Editor/ToolRegistry/McpToolRegistry.cs:201)
Unity.AI.MCP.Editor.ToolRegistry.McpToolRegistry:Initialize () (at ./Library/PackageCache/com.unity.ai.assistant@6fee27370e6a/Modules/Unity.AI.MCP.Editor/ToolRegistry/McpToolRegistry.cs:177)
System.Reflection.RuntimeMethodInfo:Invoke (object,System.Reflection.BindingFlags,System.Reflection.Binder,object[],System.Globalization.CultureInfo)
System.Reflection.MethodBase:Invoke (object,object[])
UnityEditor.EditorAssemblies:ProcessInitializeOnLoadMethodAttributes () (at /Users/bokken/build/output/unity/unity/Editor/Mono/EditorAssemblies.cs:184)

(Filename: ./Library/PackageCache/com.unity.ai.assistant@6fee27370e6a/Modules/Unity.AI.Tracing/TraceSinks.cs Line: 313)

[McpToolRegistry] Available tools: Unity_ApplyTextEdits, Unity_CreateScript, Unity_DeleteScript, Unity_FindInFile, Unity_GetSha, Unity_ImportExternalModel, Unity_ListResources, Unity_ManageAsset, Unity_ManageEditor, Unity_ManageGameObject, Unity_ManageMenuItem, Unity_ManageScene, Unity_ManageScript, Unity_ManageScript_capabilities, Unity_ManageShader, Unity_ReadConsole, Unity_ReadResource, Unity_RunCommand, Unity_ScriptApplyEdits, Unity_ValidateScript
UnityEngine.Debug:ExtractStackTraceNoAlloc (byte*,int,string)
UnityEngine.StackTraceUtility:ExtractStackTrace () (at /Users/bokken/build/output/unity/unity/Runtime/Export/Scripting/StackTrace.cs:35)
UnityEngine.DebugLogHandler:Internal_Log (UnityEngine.LogType,UnityEngine.LogOption,string,UnityEngine.Object)
UnityEngine.DebugLogHandler:LogFormat (UnityEngine.LogType,UnityEngine.Object,string,object[])
UnityEngine.Logger:Log (UnityEngine.LogType,object)
UnityEngine.Debug:Log (object)
Unity.AI.Tracing.ConsoleSink:LogToConsole (string,string,System.Exception) (at ./Library/PackageCache/com.unity.ai.assistant@6fee27370e6a/Modules/Unity.AI.Tracing/TraceSinks.cs:313)
Unity.AI.Tracing.ConsoleSink:Write (Unity.AI.Tracing.TraceEvent) (at ./Library/PackageCache/com.unity.ai.assistant@6fee27370e6a/Modules/Unity.AI.Tracing/TraceSinks.cs:277)
Unity.AI.Tracing.TraceWriter:WriteEventInternal (string,string,Unity.AI.Tracing.TraceEventOptions,string,System.Nullable`1<int>) (at ./Library/PackageCache/com.unity.ai.assistant@6fee27370e6a/Modules/Unity.AI.Tracing/TraceWriter.cs:373)
Unity.AI.Tracing.TraceWriter:Event (string,Unity.AI.Tracing.TraceEventOptions) (at ./Library/PackageCache/com.unity.ai.assistant@6fee27370e6a/Modules/Unity.AI.Tracing/TraceWriter.cs:297)
Unity.AI.Tracing.TraceLogger:Emit (string,string,string,string,Unity.AI.Tracing.TraceEventOptions,object,System.Exception) (at ./Library/PackageCache/com.unity.ai.assistant@6fee27370e6a/Modules/Unity.AI.Tracing/TraceLogger.cs:105)
Unity.AI.Tracing.TraceLogger:Info (string,string,string,Unity.AI.Tracing.TraceEventOptions) (at ./Library/PackageCache/com.unity.ai.assistant@6fee27370e6a/Modules/Unity.AI.Tracing/TraceLogger.cs:35)
Unity.AI.MCP.Editor.Helpers.McpLog:Log (string,Unity.AI.Tracing.TraceEventOptions) (at ./Library/PackageCache/com.unity.ai.assistant@6fee27370e6a/Modules/Unity.AI.MCP.Editor/Helpers/McpLog.cs:15)
Unity.AI.MCP.Editor.ToolRegistry.McpToolRegistry:RefreshTools () (at ./Library/PackageCache/com.unity.ai.assistant@6fee27370e6a/Modules/Unity.AI.MCP.Editor/ToolRegistry/McpToolRegistry.cs:204)
Unity.AI.MCP.Editor.ToolRegistry.McpToolRegistry:Initialize () (at ./Library/PackageCache/com.unity.ai.assistant@6fee27370e6a/Modules/Unity.AI.MCP.Editor/ToolRegistry/McpToolRegistry.cs:177)
System.Reflection.RuntimeMethodInfo:Invoke (object,System.Reflection.BindingFlags,System.Reflection.Binder,object[],System.Globalization.CultureInfo)
System.Reflection.MethodBase:Invoke (object,object[])
UnityEditor.EditorAssemblies:ProcessInitializeOnLoadMethodAttributes () (at /Users/bokken/build/output/unity/unity/Editor/Mono/EditorAssemblies.cs:184)

(Filename: ./Library/PackageCache/com.unity.ai.assistant@6fee27370e6a/Modules/Unity.AI.Tracing/TraceSinks.cs Line: 313)

ScheduleIndexationOnStartup MainProcess:True IndexOnStartup:True
[Licensing::Client] Successfully resolved entitlement details
Mono: successfully reloaded assembly
[Idle]
UnityEngine.Debug:ExtractStackTraceNoAlloc (byte*,int,string)
UnityEngine.StackTraceUtility:ExtractStackTrace () (at /Users/bokken/build/output/unity/unity/Runtime/Export/Scripting/StackTrace.cs:35)
UnityEngine.DebugLogHandler:Internal_Log (UnityEngine.LogType,UnityEngine.LogOption,string,UnityEngine.Object)
UnityEngine.DebugLogHandler:LogFormat (UnityEngine.LogType,UnityEngine.Object,string,object[])
UnityEngine.Logger:Log (UnityEngine.LogType,object)
UnityEngine.Debug:Log (object)
Unity.AI.Tracing.ConsoleSink:LogToConsole (string,string,System.Exception) (at ./Library/PackageCache/com.unity.ai.assistant@6fee27370e6a/Modules/Unity.AI.Tracing/TraceSinks.cs:313)
Unity.AI.Tracing.ConsoleSink:Write (Unity.AI.Tracing.TraceEvent) (at ./Library/PackageCache/com.unity.ai.assistant@6fee27370e6a/Modules/Unity.AI.Tracing/TraceSinks.cs:277)
Unity.AI.Tracing.TraceWriter:WriteEventInternal (string,string,Unity.AI.Tracing.TraceEventOptions,string,System.Nullable`1<int>) (at ./Library/PackageCache/com.unity.ai.assistant@6fee27370e6a/Modules/Unity.AI.Tracing/TraceWriter.cs:373)
Unity.AI.Tracing.TraceWriter:Event (string,Unity.AI.Tracing.TraceEventOptions) (at ./Library/PackageCache/com.unity.ai.assistant@6fee27370e6a/Modules/Unity.AI.Tracing/TraceWriter.cs:297)
Unity.AI.Tracing.TraceLogger:Emit (string,string,string,string,Unity.AI.Tracing.TraceEventOptions,object,System.Exception) (at ./Library/PackageCache/com.unity.ai.assistant@6fee27370e6a/Modules/Unity.AI.Tracing/TraceLogger.cs:105)
Unity.AI.Tracing.TraceLogger:Info (string,string,string,Unity.AI.Tracing.TraceEventOptions) (at ./Library/PackageCache/com.unity.ai.assistant@6fee27370e6a/Modules/Unity.AI.Tracing/TraceLogger.cs:35)
Unity.AI.MCP.Editor.Helpers.McpLog:Log (string,Unity.AI.Tracing.TraceEventOptions) (at ./Library/PackageCache/com.unity.ai.assistant@6fee27370e6a/Modules/Unity.AI.MCP.Editor/Helpers/McpLog.cs:15)
Unity.AI.MCP.Editor.Bridge:LogBreadcrumb (string) (at ./Library/PackageCache/com.unity.ai.assistant@6fee27370e6a/Modules/Unity.AI.MCP.Editor/Bridge.cs:2055)
Unity.AI.MCP.Editor.Bridge:OnAfterAssemblyReload () (at ./Library/PackageCache/com.unity.ai.assistant@6fee27370e6a/Modules/Unity.AI.MCP.Editor/Bridge.cs:1899)
UnityEditor.AssemblyReloadEvents:OnAfterAssemblyReload () (at /Users/bokken/build/output/unity/unity/Editor/Mono/AssemblyReloadEvents.cs:43)

(Filename: ./Library/PackageCache/com.unity.ai.assistant@6fee27370e6a/Modules/Unity.AI.Tracing/TraceSinks.cs Line: 313)

- Finished resetting the current domain, in 18.493 seconds
Domain Reload Profiling: 20704ms
	BeginReloadAssembly (290ms)
		DisableScriptedObjects (20ms)
		CreateAndSetChildDomain (78ms)
	RebuildCommonClasses (13ms)
	RebuildNativeTypeToScriptingClass (24ms)
	initialDomainReloadingComplete (114ms)
	LoadAllAssembliesAndSetupDomain (1765ms)
		LoadAssemblies (650ms)
		AnalyzeDomain (995ms)
			TypeCache.Refresh (816ms)
				TypeCache.ScanAssembly (758ms)
			BuildScriptInfoCaches (163ms)
			ResolveRequiredComponents (13ms)
	FinalizeReload (18498ms)
		SetupLoadedEditorAssemblies (0ms)
			InitializePlatformSupportModulesInManaged (17ms)
			BeforeProcessingInitializeOnLoad (150ms)
			ProcessInitializeOnLoadAttributes (9294ms)
			ProcessInitializeOnLoadMethodAttributes (8276ms)
			AfterProcessingInitializeOnLoad (5ms)
			EditorAssembliesLoaded (11ms)
		AwakeInstancesAfterBackupRestoration (52ms)
Starting new worker id: 0 with log in /Users/farhad/Projects/WarlineCapture/Logs/AssetImportWorkerHW0.log
Refreshing native plugins compatible for Editor in 6.59 ms, found 3 plugins.

Asset Pipeline Refresh (id=b3bfd1b58b03c47368f4ccfcb5c5f3e5): Total: 84.681 seconds - Initiated by InitialRefreshV2(ForceSynchronousImport)
	(Values over 0.05ms)
	Summary:
		Imports: total=0 (actual=0, local cache=0, cache server=0)
		Asset DB Process Time: managed=0 ms, native=25383 ms
		Asset DB Callback time: managed=3678 ms, native=127 ms
		Scripting: domain reloads=1, domain reload time=2331 ms, compile time=52993 ms, other=166 ms
		Project Asset Count: scripts=3477, non-scripts=23442
		Asset File Changes: new=0, changed=1, moved=0, deleted=0
		Scan Filter Count: 1
	InvokePackagesCallback: 30.442ms
	ApplyChangesToAssetFolders: 1.352ms
	Scan: 3143.526ms
	Collect global state as custom dependencies: 7.150ms
	OnSourceAssetsModified: 0.904ms
	CategorizeScriptCompilationAssets: 172.553ms
	ProcessAssetsWithTransientArtifactChanges: 258.929ms
	CategorizeAssets: 1934.240ms
	CompileScripts: 52993.185ms
	ImportOutOfDateAssets: 19329.105ms (18602.603ms without children)
		ReloadNativeAssets: 1.602ms
		UnloadImportedAssets: 27.731ms
		EnsureUptoDateAssetsAreRegisteredWithGuidPM: 9.226ms
		ImportSchedulerStart: 687.648ms
	PostProcessAllAssets: 3695.288ms
		VCAutoAddAssetPostprocess 13.783ms
		XRBuildSystem.XRAssetImported 0.777ms
		ShaderAssetModifiedCallback 0.306ms
		PostProcessCallbackCreateDeferredMaterials 0.111ms
		MonoPostProcessAllAssets: 3677.994ms
			AssetPostprocessor.OnPostprocessAllAssets 2820.119ms
			UniversalRenderPipelineGlobalSettingsPostprocessor.OnPostprocessAllAssets 74.870ms
			StyleCatalogPostProcessor.OnPostprocessAllAssets 73.503ms
			AssetReferenceReimportMonitor.OnPostprocessAllAssets 64.160ms
			SyncVS.PostprocessSyncProject 21.930ms
			BuilderAssetPostprocessor.OnPostprocessAllAssets 14.873ms
			AssetChangedListener.OnPostprocessAllAssets 13.738ms
			SpeedTree9Postprocessor.OnPostprocessAllAssets 13.004ms
			RetainedModeAssetPostprocessor.OnPostprocessAllAssets 10.151ms
			SceneAssetPostProcessor.OnPostprocessAllAssets 9.361ms
			WindowAssetPostprocessingWatcher.OnPostprocessAllAssets 7.701ms
			SpriteSlicePostprocessor.OnPostprocessAllAssets 5.135ms
			AddressablesAssetPostProcessor.OnPostprocessAllAssets 4.930ms
			GraphRefreshPostprocessor.OnPostprocessAllAssets 4.655ms
			ShaderGraphAssetPostProcessor.OnPostprocessAllAssets 4.366ms
			SampleDependencyImporterPostProcessor.OnPostprocessAllAssets 3.505ms
			RenderPipelineGlobalSettingsPostprocessor.OnPostprocessAllAssets 3.483ms
			SpriteEditorTexturePostprocessor.OnPostprocessAllAssets 2.848ms
			MaterialPostprocessor.OnPostprocessAllAssets 2.354ms
			TextAssetPostProcessor.OnPostprocessAllAssets 2.104ms
			AssetChangeDetector.OnPostprocessAllAssets 2.087ms
			SpeedTreePostProcessor.OnPostprocessAllAssets 1.406ms
			TerrainToolbarOverlayPostProcessor.OnPostprocessAllAssets 1.195ms
			InputActionAssetPostprocessor.OnPostprocessAllAssets 1.159ms
			UVCSAssetPostprocessor.OnPostprocessAllAssets 1.036ms
			ArtifactBrowserPostProcessor.OnPostprocessAllAssets 0.954ms
			SkillsProjectAssetPostprocessor.OnPostprocessAllAssets 0.934ms
			SamplePostprocessor.OnPostprocessAllAssets 0.861ms
			TMPro_TexturePostProcessor.OnPostprocessAllAssets 0.821ms
			PostProcessor.OnPostprocessAllAssets 0.757ms
			AssetEvents.OnPostprocessAllAssets 0.728ms
			InputActionJsonNameModifierAssetProcessor.OnPostprocessAllAssets 0.637ms
			AudioMixerPostprocessor.OnPostprocessAllAssets 0.636ms
			AssetPathToTypes.OnPostprocessAllAssets 0.628ms
			ReferencedClipsPostProcessor.OnPostprocessAllAssets 0.598ms
			ProjectSettingsPostprocessor.OnPostprocessAllAssets 0.526ms
			ShaderReflectionAssetPostProcessor.OnPostprocessAllAssets 0.522ms
			AssetDatabaseCallbacks.OnPostprocessAllAssets 0.391ms
			TrackSelectedAssetsProcessor.OnPostprocessAllAssets 0.219ms
			ConfigAssetsTracker.OnPostprocessAllAssets 0.201ms
			ScenarioDriftAssetsTracker.OnPostprocessAllAssets 0.181ms
			AudioContainerPostProcessor.OnPostprocessAllAssets 0.103ms
	PostAssetChangesProfiler: 84.171ms
	UnloadStreamsBegin: 5.427ms
	PersistCurrentRevisions: 1.335ms
	GenerateScriptTypeHashes: 187.322ms
	GenerateScriptTypeSerializationHashes: 269.793ms
	Untracked: 3019.060ms

Application.AssetDatabase Initial Refresh End
Shader Hidden/ChartRasterizerHardware is not supported: GPU does not support conservative rasterization
Launching external process: /Applications/Unity/Hub/Editor/6000.5.2f1/Unity.app/Contents/Helpers/UnityShaderCompiler
Launched and connected shader compiler UnityShaderCompiler after 0.11 seconds
Worker ready: AssetImportWorkerHW0 0
Shader Hidden/ChartRasterizerHardware is not supported: GPU does not support conservative rasterization
Scanning for USB devices : 0.194ms
Initializing Unity extensions:
2026-10-03 23:22:53.276 Unity[66324:47137152] NSEventModifierFlagFunction specified to -setKeyEquivalentModifierMask: for item <NSMenuItem: 0x977941540 Capture Live Owner Feedback, ke='Command-F10'>, but is only supported for system-provided menu items; will not be used
2026-10-03 23:22:53.276 Unity[66324:47137152] NSEventModifierFlagFunction specified to -setKeyEquivalentModifierMask: for item <NSMenuItem: 0x977941680 Log Live Owner Feedback State, ke='Command-F9'>, but is only supported for system-provided menu items; will not be used
2026-10-03 23:22:53.276 Unity[66324:47137152] NSEventModifierFlagFunction specified to -setKeyEquivalentModifierMask: for item <NSMenuItem: 0x977941720 Validate Owner Feedback Fixes, ke='Command-F8'>, but is only supported for system-provided menu items; will not be used
2026-10-03 23:22:53.291 Unity[66324:47137152] NSEventModifierFlagFunction specified to -setKeyEquivalentModifierMask: for item <NSMenuItem: 0x97796a1c0 SDF, ke='Command-F12'>, but is only supported for system-provided menu items; will not be used
[Licensing::Client] Successfully resolved entitlement details
Unloading 1952 Unused Serialized files (Serialized files now loaded: 0)
Loaded scene 'Assets/Game/Scenes/Menu.unity'
	Deserialize:            2995.772 ms
	Integration:            1561.619 ms
	Integration of assets:  2242.632 ms
	Thread Wait Time:       538.032 ms
	Total Operation Time:   7338.056 ms
Unloading 15272 unused Assets / (46.2 MB). Loaded Objects now: 46572.
Memory consumption went from 1.25 GB to 1.20 GB.
Total: 294.374834 ms (FindLiveObjects: 49.420708 ms CreateObjectMapping: 27.560792 ms MarkObjects: 146.124167 ms  DeleteObjects: 71.264292 ms)

[LAYOUT] About to load UserSettings/Layouts/default-6000.dwlt, keepMainWindow=False
[LAYOUT] About to save layout /Users/farhad/Projects/WarlineCapture/UserSettings/Layouts/default-6000.dwlt
[LAYOUT] About to save layout /Users/farhad/Library/Preferences/Unity/Editor-5.x/Layouts/current/default-6000.dwlt
[MODES] ModeService[default].InitializeCurrentMode
[MODES] ModeService[default].RaiseModeChanged(default, default)
2026-10-03 23:23:06.074 Unity[66324:47137152] NSEventModifierFlagFunction specified to -setKeyEquivalentModifierMask: for item <NSMenuItem: 0x983812620 Capture Live Owner Feedback, ke='Command-F10'>, but is only supported for system-provided menu items; will not be used
2026-10-03 23:23:06.074 Unity[66324:47137152] NSEventModifierFlagFunction specified to -setKeyEquivalentModifierMask: for item <NSMenuItem: 0x983812260 Log Live Owner Feedback State, ke='Command-F9'>, but is only supported for system-provided menu items; will not be used
2026-10-03 23:23:06.074 Unity[66324:47137152] NSEventModifierFlagFunction specified to -setKeyEquivalentModifierMask: for item <NSMenuItem: 0x983812300 Validate Owner Feedback Fixes, ke='Command-F8'>, but is only supported for system-provided menu items; will not be used
2026-10-03 23:23:06.093 Unity[66324:47137152] NSEventModifierFlagFunction specified to -setKeyEquivalentModifierMask: for item <NSMenuItem: 0x97729e9e0 SDF, ke='Command-F12'>, but is only supported for system-provided menu items; will not be used
Importing 'GUID: f4ae9c56314db4509a41eb6981f68694 - Path: Assets/Game/Resources/SkirmishS004OperationMap.asset' with importer (NativeFormatImporter)
Imported 'GUID: f4ae9c56314db4509a41eb6981f68694' -> (Import Result ID: '1e995f08d01e2a99a9c94ae60dfdb6d3') in 0.014 seconds [static dependencies only]. Details - ImportResultOutputID=743cb8a045114878e8165257adf8ea78 DependenciesID=c60614ac53a5411b7b55bca8795c0b71 StaticDependenciesID=b1516c64de8c5db21ee2b5f49e57aea2 
Importing 'GUID: 2b7e4c91a0d64f3e8a5c1d9b6e0f4732 - Path: Assets/Game/Configs/SkirmishExpansion/Scenarios/S004/SkirmishScenario_S004.asset' with importer (NativeFormatImporter)
Imported 'GUID: 2b7e4c91a0d64f3e8a5c1d9b6e0f4732' -> (Import Result ID: 'aab170f06c52dfdedb7ae4436152659a') in 0.005 seconds [static dependencies only]. Details - ImportResultOutputID=91cdebdd05ef010bcfa22e975e60a7b6 DependenciesID=16bf456951ef6b65eaf0a8e883d135c1 StaticDependenciesID=14ae1af9640465e6a79010f730fc1def 
Importing 'GUID: 5e9a2d74c1b84f60a3e7d8c0b5f19463 - Path: Assets/Game/Configs/SkirmishExpansion/Scenarios/S004/SkirmishLayout_S004.asset' with importer (NativeFormatImporter)
Imported 'GUID: 5e9a2d74c1b84f60a3e7d8c0b5f19463' -> (Import Result ID: 'face8db0ffb2be8685eb901a455f9216') in 0.002 seconds [static dependencies only]. Details - ImportResultOutputID=f0ab12e1809ca76980879fdf07a606f7 DependenciesID=ed84d04a1844a06020eacb76dddc5929 StaticDependenciesID=2ea6c2f6812a8cb2ef1b269d0d120a88 

Asset Pipeline Refresh (id=1f9b04e9d691b429881935a3c15ad5ab): Total: 1.576 seconds - Initiated by StopAssetImportingV2(NoUpdateAssetOptions)
	(Values over 0.05ms)
	Summary:
		Imports: total=3 (actual=3, local cache=0, cache server=0)
		Asset DB Process Time: managed=4 ms, native=1508 ms
		Asset DB Callback time: managed=45 ms, native=17 ms
		Scripting: domain reloads=0, domain reload time=0 ms, compile time=0 ms, other=0 ms
		Project Asset Count: scripts=3477, non-scripts=23442
		Asset File Changes: new=0, changed=0, moved=0, deleted=0
		Scan Filter Count: 10
	ApplyChangesToAssetFolders: 0.526ms
	Scan: 26.591ms
	Collect global state as custom dependencies: 1.440ms
	ProcessAssetsWithTransientArtifactChanges: 11.583ms
	CategorizeAssets: 545.091ms
	ImportOutOfDateAssets: 621.903ms (72.671ms without children)
		ImportManagerImport: 33.146ms (3.787ms without children)
			UpdateCategorizedAssets: 0.079ms
		ReloadNativeAssets: 2.027ms
		UnloadImportedAssets: 0.469ms
		EnsureUptoDateAssetsAreRegisteredWithGuidPM: 6.298ms
		InitializingProgressBar: 5.489ms
		ImportSchedulerStart: 501.797ms
	PostProcessAllAssets: 51.720ms
		XRBuildSystem.XRAssetImported 5.111ms
		PostProcessCallbackCreateDeferredMaterials 0.058ms
		MonoPostProcessAllAssets: 45.281ms
			AddressablesAssetPostProcessor.OnPostprocessAllAssets 14.498ms
			AssetPostprocessor.OnPostprocessAllAssets 13.616ms
			SpriteEditorTexturePostprocessor.OnPostprocessAllAssets 6.847ms
			SyncVS.PostprocessSyncProject 3.346ms
			AssetChangedListener.OnPostprocessAllAssets 1.495ms
			GraphRefreshPostprocessor.OnPostprocessAllAssets 0.428ms
			ShaderGraphAssetPostProcessor.OnPostprocessAllAssets 0.317ms
			BuilderAssetPostprocessor.OnPostprocessAllAssets 0.280ms
			WindowAssetPostprocessingWatcher.OnPostprocessAllAssets 0.271ms
			StyleCatalogPostProcessor.OnPostprocessAllAssets 0.105ms
			RenderPipelineGlobalSettingsPostprocessor.OnPostprocessAllAssets 0.091ms
			SpriteSlicePostprocessor.OnPostprocessAllAssets 0.089ms
			AssetReferenceReimportMonitor.OnPostprocessAllAssets 0.086ms
			PostProcessor.OnPostprocessAllAssets 0.082ms
			SceneAssetPostProcessor.OnPostprocessAllAssets 0.081ms
			RetainedModeAssetPostprocessor.OnPostprocessAllAssets 0.079ms
			SkillsProjectAssetPostprocessor.OnPostprocessAllAssets 0.071ms
			ProjectSettingsPostprocessor.OnPostprocessAllAssets 0.069ms
			SampleDependencyImporterPostProcessor.OnPostprocessAllAssets 0.061ms
	PostAssetChangesProfiler: 11.273ms
	GatherAllCurrentPrimaryImportResultRevisions: 30.063ms
	UnloadStreamsBegin: 35.214ms
	PersistCurrentRevisions: 1.316ms
	Untracked: 239.299ms

[SkirmishS004CampaignReuse] result=Passed source=opmap.skirmish.cityedgeairfield_prepared scene=Assets/Game/Scenes/OperationMaps/Variants/CityEdgeAirfield/RuntimeBinding.unity additionalTown=0 campaignAssetsUnchanged=1
UnityEngine.Debug:ExtractStackTraceNoAlloc (byte*,int,string)
UnityEngine.StackTraceUtility:ExtractStackTrace () (at /Users/bokken/build/output/unity/unity/Runtime/Export/Scripting/StackTrace.cs:35)
UnityEngine.DebugLogHandler:Internal_Log (UnityEngine.LogType,UnityEngine.LogOption,string,UnityEngine.Object)
UnityEngine.DebugLogHandler:LogFormat (UnityEngine.LogType,UnityEngine.Object,string,object[])
UnityEngine.Logger:Log (UnityEngine.LogType,object)
UnityEngine.Debug:Log (object)
Game.Editor.SkirmishS004CampaignMapBuilder:Build () (at Assets/Game/Scripts/Editor/Skirmish/SkirmishS004CampaignMapBuilder.cs:60)
Game.Editor.SkirmishS004EnvironmentBuilder:Build () (at Assets/Game/Scripts/Editor/Skirmish/SkirmishS004EnvironmentBuilder.cs:19)
Game.Editor.SkirmishS004EnvironmentBuilder:BuildAndValidate () (at Assets/Game/Scripts/Editor/Skirmish/SkirmishS004EnvironmentBuilder.cs:11)

(Filename: Assets/Game/Scripts/Editor/Skirmish/SkirmishS004CampaignMapBuilder.cs Line: 60)

Importing 'GUID: 576ea8bf79b7478480428278cdb00745 - Path: Assets/Game/Configs/SkirmishExpansion/Shared/SkirmishRoleCatalog_V1.asset' with importer (NativeFormatImporter)
Imported 'GUID: 576ea8bf79b7478480428278cdb00745' -> (Import Result ID: '144d8659ab03087759c73a109a97175a') in 0.006 seconds [static dependencies only]. Details - ImportResultOutputID=f7351269a4dcc19dbbc4e593b0c52b63 DependenciesID=f6da9a83c8751fc3e006504043271b6c StaticDependenciesID=72a0aba4d461e626981affd719fab2f7 

Asset Pipeline Refresh (id=2fccfe40deae34740a74a01e0f98a9cb): Total: 0.512 seconds - Initiated by StopAssetImportingV2(NoUpdateAssetOptions)
	(Values over 0.05ms)
	Summary:
		Imports: total=1 (actual=1, local cache=0, cache server=0)
		Asset DB Process Time: managed=0 ms, native=502 ms
		Asset DB Callback time: managed=5 ms, native=4 ms
		Scripting: domain reloads=0, domain reload time=0 ms, compile time=0 ms, other=0 ms
		Project Asset Count: scripts=3477, non-scripts=23442
		Asset File Changes: new=0, changed=0, moved=0, deleted=0
		Scan Filter Count: 6
	ApplyChangesToAssetFolders: 0.403ms
	Scan: 10.818ms
	Collect global state as custom dependencies: 0.069ms
	ProcessAssetsWithTransientArtifactChanges: 0.074ms
	CategorizeAssets: 14.291ms
	ImportOutOfDateAssets: 454.082ms (47.940ms without children)
		ImportManagerImport: 8.973ms (2.220ms without children)
		ReloadNativeAssets: 1.384ms
		UnloadImportedAssets: 0.239ms
		EnsureUptoDateAssetsAreRegisteredWithGuidPM: 5.038ms
		ImportSchedulerStart: 390.497ms
	PostProcessAllAssets: 5.592ms
		XRBuildSystem.XRAssetImported 0.230ms
		MonoPostProcessAllAssets: 5.245ms
			SpriteEditorTexturePostprocessor.OnPostprocessAllAssets 1.889ms
			SyncVS.PostprocessSyncProject 1.010ms
			AddressablesAssetPostProcessor.OnPostprocessAllAssets 0.710ms
			AssetPostprocessor.OnPostprocessAllAssets 0.536ms
			AssetChangedListener.OnPostprocessAllAssets 0.106ms
			ShaderGraphAssetPostProcessor.OnPostprocessAllAssets 0.095ms
			GraphRefreshPostprocessor.OnPostprocessAllAssets 0.062ms
			RenderPipelineGlobalSettingsPostprocessor.OnPostprocessAllAssets 0.059ms
	PostAssetChangesProfiler: 3.811ms
	GatherAllCurrentPrimaryImportResultRevisions: 4.920ms
	PersistCurrentRevisions: 1.317ms
	Untracked: 16.737ms

[SkirmishS004RoleBindings] result=Passed roles=22
UnityEngine.Debug:ExtractStackTraceNoAlloc (byte*,int,string)
UnityEngine.StackTraceUtility:ExtractStackTrace () (at /Users/bokken/build/output/unity/unity/Runtime/Export/Scripting/StackTrace.cs:35)
UnityEngine.DebugLogHandler:Internal_Log (UnityEngine.LogType,UnityEngine.LogOption,string,UnityEngine.Object)
UnityEngine.DebugLogHandler:LogFormat (UnityEngine.LogType,UnityEngine.Object,string,object[])
UnityEngine.Logger:Log (UnityEngine.LogType,object)
UnityEngine.Debug:Log (object)
Game.Editor.SkirmishDefinitionBuilder:RefreshS004RoleBindings () (at Assets/Game/Scripts/Editor/Skirmish/SkirmishDefinitionBuilder.cs:33)
Game.Tests.Editor.SkirmishSharedMaterialsTests:RunS004DeliveryValidation () (at Assets/Tests/Editor/SkirmishExpansion/SkirmishSharedMaterialsTests.cs:342)
System.Reflection.RuntimeMethodInfo:Invoke (object,System.Reflection.BindingFlags,System.Reflection.Binder,object[],System.Globalization.CultureInfo)
System.Reflection.MethodBase:Invoke (object,object[])
Game.Editor.SkirmishS004EnvironmentBuilder:BuildAndValidate () (at Assets/Game/Scripts/Editor/Skirmish/SkirmishS004EnvironmentBuilder.cs:15)

(Filename: Assets/Game/Scripts/Editor/Skirmish/SkirmishDefinitionBuilder.cs Line: 33)

Importing 'GUID: 57f18ca43b8ca4fa48aee0224cc72328 - Path: Assets/Game/Resources/SkirmishBattleCatalog.asset' with importer (NativeFormatImporter)
Imported 'GUID: 57f18ca43b8ca4fa48aee0224cc72328' -> (Import Result ID: '3338ce0689cef932426a466b731ee5fb') in 0.005 seconds [static dependencies only]. Details - ImportResultOutputID=8ec1d33ce5e08d201aaedcb5fe30083d DependenciesID=1f7aa1f0966d398cdb8a9b683a92ffa2 StaticDependenciesID=cae899b4ce9dff34b8d28c64399b492b 

Asset Pipeline Refresh (id=c206b6d66e41e4821be6adf55df5a93e): Total: 0.444 seconds - Initiated by StopAssetImportingV2(NoUpdateAssetOptions)
	(Values over 0.05ms)
	Summary:
		Imports: total=1 (actual=1, local cache=0, cache server=0)
		Asset DB Process Time: managed=0 ms, native=436 ms
		Asset DB Callback time: managed=4 ms, native=3 ms
		Scripting: domain reloads=0, domain reload time=0 ms, compile time=0 ms, other=0 ms
		Project Asset Count: scripts=3477, non-scripts=23442
		Asset File Changes: new=0, changed=0, moved=0, deleted=0
		Scan Filter Count: 4
	ApplyChangesToAssetFolders: 0.138ms
	Scan: 10.011ms
	ProcessAssetsWithTransientArtifactChanges: 0.063ms
	CategorizeAssets: 13.110ms
	ImportOutOfDateAssets: 399.797ms (38.853ms without children)
		ImportManagerImport: 7.898ms (1.953ms without children)
		ReloadNativeAssets: 1.270ms
		UnloadImportedAssets: 0.146ms
		EnsureUptoDateAssetsAreRegisteredWithGuidPM: 3.938ms
		ImportSchedulerStart: 347.682ms
	PostProcessAllAssets: 4.435ms
		XRBuildSystem.XRAssetImported 0.181ms
		MonoPostProcessAllAssets: 4.153ms
			SpriteEditorTexturePostprocessor.OnPostprocessAllAssets 1.905ms
			SyncVS.PostprocessSyncProject 0.965ms
			AddressablesAssetPostProcessor.OnPostprocessAllAssets 0.252ms
			SkillsProjectAssetPostprocessor.OnPostprocessAllAssets 0.124ms
			AssetPostprocessor.OnPostprocessAllAssets 0.092ms
			AssetChangedListener.OnPostprocessAllAssets 0.071ms
			ShaderGraphAssetPostProcessor.OnPostprocessAllAssets 0.056ms
			GraphRefreshPostprocessor.OnPostprocessAllAssets 0.052ms
	PostAssetChangesProfiler: 3.070ms
	GatherAllCurrentPrimaryImportResultRevisions: 1.138ms
	PersistCurrentRevisions: 1.090ms
	Untracked: 11.371ms

Loaded scene 'Library/Unused/39a6e8e3e402b4a59a5287d9931e6633'
	Deserialize:            12.651 ms
	Integration:            13.660 ms
	Integration of assets:  0.005 ms
	Thread Wait Time:       0.004 ms
	Total Operation Time:   26.320 ms
Importing 'GUID: 55d7c0139800d4cde8c2e97e255e423c - Path: Assets/Game/Prefabs/UI/Shell/Content/SCN13_SkirmishSetupContent.prefab' with importer (PrefabImporter)
Imported 'GUID: 55d7c0139800d4cde8c2e97e255e423c' -> (Import Result ID: 'bcb3dfb3e4548cb14488b3e2bf88426e') in 0.030 seconds [static and dynamic dependencies]. Details - ImportResultOutputID=e562d309fee65fc02137b14293867d75 DependenciesID=722933b5bf2e82a37d29984992a88853 StaticDependenciesID=afb4ea16f62699c73aea75613d3e2834 

Asset Pipeline Refresh (id=e155836913a86481fbc41a07a2665690): Total: 0.542 seconds - Initiated by StopAssetImportingV2(NoUpdateAssetOptions)
	(Values over 0.05ms)
	Summary:
		Imports: total=1 (actual=1, local cache=0, cache server=0)
		Asset DB Process Time: managed=0 ms, native=527 ms
		Asset DB Callback time: managed=7 ms, native=5 ms
		Scripting: domain reloads=0, domain reload time=0 ms, compile time=0 ms, other=0 ms
		Project Asset Count: scripts=3477, non-scripts=23442
		Asset File Changes: new=0, changed=1, moved=0, deleted=0
		Scan Filter Count: 7
	ApplyChangesToAssetFolders: 0.126ms
	Scan: 12.323ms
	Collect global state as custom dependencies: 0.068ms
	OnSourceAssetsModified: 2.375ms
	ProcessAssetsWithTransientArtifactChanges: 0.060ms
	CategorizeAssets: 52.653ms
	ImportOutOfDateAssets: 432.981ms (30.886ms without children)
		ImportManagerImport: 49.350ms (4.127ms without children)
		ReloadNativeAssets: 1.250ms
		UnloadImportedAssets: 1.742ms
		ReloadImportedAssets: 14.401ms
		EnsureUptoDateAssetsAreRegisteredWithGuidPM: 3.767ms
		InitializingProgressBar: 2.855ms
		ImportSchedulerStart: 343.127ms
	PostProcessAllAssets: 5.842ms
		XRBuildSystem.XRAssetImported 0.198ms
		MonoPostProcessAllAssets: 5.545ms
			SpriteEditorTexturePostprocessor.OnPostprocessAllAssets 2.205ms
			SyncVS.PostprocessSyncProject 1.580ms
			AssetPostprocessor.OnPostprocessAllAssets 0.504ms
			ShaderGraphAssetPostProcessor.OnPostprocessAllAssets 0.085ms
			AssetChangedListener.OnPostprocessAllAssets 0.073ms
			GraphRefreshPostprocessor.OnPostprocessAllAssets 0.064ms
	PostAssetChangesProfiler: 4.641ms
	GatherAllCurrentPrimaryImportResultRevisions: 2.125ms
	UnloadStreamsBegin: 0.204ms
	PersistCurrentRevisions: 1.435ms
	Untracked: 26.873ms

[SkirmishBattleCatalog] result=Passed entries=120 playable=6 library=rebuilt
UnityEngine.Debug:ExtractStackTraceNoAlloc (byte*,int,string)
UnityEngine.StackTraceUtility:ExtractStackTrace () (at /Users/bokken/build/output/unity/unity/Runtime/Export/Scripting/StackTrace.cs:35)
UnityEngine.DebugLogHandler:Internal_Log (UnityEngine.LogType,UnityEngine.LogOption,string,UnityEngine.Object)
UnityEngine.DebugLogHandler:LogFormat (UnityEngine.LogType,UnityEngine.Object,string,object[])
UnityEngine.Logger:Log (UnityEngine.LogType,object)
UnityEngine.Debug:Log (object)
Game.Tests.Editor.SkirmishSharedMaterialsTests:RunS004DeliveryValidation () (at Assets/Tests/Editor/SkirmishExpansion/SkirmishSharedMaterialsTests.cs:343)
System.Reflection.RuntimeMethodInfo:Invoke (object,System.Reflection.BindingFlags,System.Reflection.Binder,object[],System.Globalization.CultureInfo)
System.Reflection.MethodBase:Invoke (object,object[])
Game.Editor.SkirmishS004EnvironmentBuilder:BuildAndValidate () (at Assets/Game/Scripts/Editor/Skirmish/SkirmishS004EnvironmentBuilder.cs:15)

(Filename: Assets/Tests/Editor/SkirmishExpansion/SkirmishSharedMaterialsTests.cs Line: 343)

[UnitMoveOrderFocusedValidation] result=Passed tests=21
UnityEngine.Debug:ExtractStackTraceNoAlloc (byte*,int,string)
UnityEngine.StackTraceUtility:ExtractStackTrace () (at /Users/bokken/build/output/unity/unity/Runtime/Export/Scripting/StackTrace.cs:35)
UnityEngine.DebugLogHandler:Internal_Log (UnityEngine.LogType,UnityEngine.LogOption,string,UnityEngine.Object)
UnityEngine.DebugLogHandler:LogFormat (UnityEngine.LogType,UnityEngine.Object,string,object[])
UnityEngine.Logger:Log (UnityEngine.LogType,object)
UnityEngine.Debug:Log (object)
UnitMoveOrderSystemTests:RunFocusedValidation () (at Assets/Tests/Editor/UnitMoveOrderSystemTests.cs:49)
Game.Tests.Editor.SkirmishSharedMaterialsTests:RunFocusedValidation () (at Assets/Tests/Editor/SkirmishExpansion/SkirmishSharedMaterialsTests.cs:458)
Game.Tests.Editor.SkirmishSharedMaterialsTests:<RunBroaderRegressionValidation>g__Run|10_0 (System.Action,string,Game.Tests.Editor.SkirmishSharedMaterialsTests/<>c__DisplayClass10_0&) (at Assets/Tests/Editor/SkirmishExpansion/SkirmishSharedMaterialsTests.cs:314)
Game.Tests.Editor.SkirmishSharedMaterialsTests:RunBroaderRegressionValidation () (at Assets/Tests/Editor/SkirmishExpansion/SkirmishSharedMaterialsTests.cs:317)
Game.Tests.Editor.SkirmishSharedMaterialsTests:RunS004DeliveryValidation () (at Assets/Tests/Editor/SkirmishExpansion/SkirmishSharedMaterialsTests.cs:344)
System.Reflection.RuntimeMethodInfo:Invoke (object,System.Reflection.BindingFlags,System.Reflection.Binder,object[],System.Globalization.CultureInfo)
System.Reflection.MethodBase:Invoke (object,object[])
Game.Editor.SkirmishS004EnvironmentBuilder:BuildAndValidate () (at Assets/Game/Scripts/Editor/Skirmish/SkirmishS004EnvironmentBuilder.cs:15)

(Filename: Assets/Tests/Editor/UnitMoveOrderSystemTests.cs Line: 49)

[AIFactionControlStartupValidation] result=Passed tests=4
UnityEngine.Debug:ExtractStackTraceNoAlloc (byte*,int,string)
UnityEngine.StackTraceUtility:ExtractStackTrace () (at /Users/bokken/build/output/unity/unity/Runtime/Export/Scripting/StackTrace.cs:35)
UnityEngine.DebugLogHandler:Internal_Log (UnityEngine.LogType,UnityEngine.LogOption,string,UnityEngine.Object)
UnityEngine.DebugLogHandler:LogFormat (UnityEngine.LogType,UnityEngine.Object,string,object[])
UnityEngine.Logger:Log (UnityEngine.LogType,object)
UnityEngine.Debug:Log (object)
AIFactionControlStartupSystemValidationTests:RunFocusedValidation () (at Assets/Tests/Editor/AIFactionControlStartupSystemValidationTests.cs:19)
Game.Tests.Editor.SkirmishSharedMaterialsTests:RunFocusedValidation () (at Assets/Tests/Editor/SkirmishExpansion/SkirmishSharedMaterialsTests.cs:459)
Game.Tests.Editor.SkirmishSharedMaterialsTests:<RunBroaderRegressionValidation>g__Run|10_0 (System.Action,string,Game.Tests.Editor.SkirmishSharedMaterialsTests/<>c__DisplayClass10_0&) (at Assets/Tests/Editor/SkirmishExpansion/SkirmishSharedMaterialsTests.cs:314)
Game.Tests.Editor.SkirmishSharedMaterialsTests:RunBroaderRegressionValidation () (at Assets/Tests/Editor/SkirmishExpansion/SkirmishSharedMaterialsTests.cs:317)
Game.Tests.Editor.SkirmishSharedMaterialsTests:RunS004DeliveryValidation () (at Assets/Tests/Editor/SkirmishExpansion/SkirmishSharedMaterialsTests.cs:344)
System.Reflection.RuntimeMethodInfo:Invoke (object,System.Reflection.BindingFlags,System.Reflection.Binder,object[],System.Globalization.CultureInfo)
System.Reflection.MethodBase:Invoke (object,object[])
Game.Editor.SkirmishS004EnvironmentBuilder:BuildAndValidate () (at Assets/Game/Scripts/Editor/Skirmish/SkirmishS004EnvironmentBuilder.cs:15)

(Filename: Assets/Tests/Editor/AIFactionControlStartupSystemValidationTests.cs Line: 19)

[AriaPlayEditorValidation] selected catalog=S002 definition=skirmish.s002 version=2 size=Standard difficulty=Regular seed=104731 locale=en
UnityEngine.Debug:ExtractStackTraceNoAlloc (byte*,int,string)
UnityEngine.StackTraceUtility:ExtractStackTrace () (at /Users/bokken/build/output/unity/unity/Runtime/Export/Scripting/StackTrace.cs:35)
UnityEngine.DebugLogHandler:Internal_Log (UnityEngine.LogType,UnityEngine.LogOption,string,UnityEngine.Object)
UnityEngine.DebugLogHandler:LogFormat (UnityEngine.LogType,UnityEngine.Object,string,object[])
UnityEngine.Logger:Log (UnityEngine.LogType,object)
UnityEngine.Debug:Log (object)
Game.Editor.AriaPlayEditorValidation:AcceptExpandedPayload (Game.Configs.SkirmishAriaAcceptancePayload&) (at Assets/Game/Scripts/Editor/AriaPlayEditorValidation.cs:113)
Game.Tests.Editor.SkirmishS002AriaHarnessTests:PayloadLoggersDoNotStampVictory () (at Assets/Tests/Editor/SkirmishExpansion/SkirmishS002AriaHarnessTests.cs:1028)
Game.Tests.Editor.SkirmishS002AriaHarnessTests:RunFocusedValidation () (at Assets/Tests/Editor/SkirmishExpansion/SkirmishS002AriaHarnessTests.cs:1434)
Game.Tests.Editor.SkirmishExpandedAriaTests:RunFocusedValidation () (at Assets/Tests/Editor/SkirmishExpansion/SkirmishExpandedAriaTests.cs:1014)
Game.Tests.Editor.SkirmishSharedMaterialsTests:RunFocusedValidation () (at Assets/Tests/Editor/SkirmishExpansion/SkirmishSharedMaterialsTests.cs:463)
Game.Tests.Editor.SkirmishSharedMaterialsTests:<RunBroaderRegressionValidation>g__Run|10_0 (System.Action,string,Game.Tests.Editor.SkirmishSharedMaterialsTests/<>c__DisplayClass10_0&) (at Assets/Tests/Editor/SkirmishExpansion/SkirmishSharedMaterialsTests.cs:314)
Game.Tests.Editor.SkirmishSharedMaterialsTests:RunBroaderRegressionValidation () (at Assets/Tests/Editor/SkirmishExpansion/SkirmishSharedMaterialsTests.cs:317)
Game.Tests.Editor.SkirmishSharedMaterialsTests:RunS004DeliveryValidation () (at Assets/Tests/Editor/SkirmishExpansion/SkirmishSharedMaterialsTests.cs:344)
System.Reflection.RuntimeMethodInfo:Invoke (object,System.Reflection.BindingFlags,System.Reflection.Binder,object[],System.Globalization.CultureInfo)
System.Reflection.MethodBase:Invoke (object,object[])
Game.Editor.SkirmishS004EnvironmentBuilder:BuildAndValidate () (at Assets/Game/Scripts/Editor/Skirmish/SkirmishS004EnvironmentBuilder.cs:15)

(Filename: Assets/Game/Scripts/Editor/AriaPlayEditorValidation.cs Line: 113)

[SkirmishExpandedAriaWatch] selected catalog=S002 definition=skirmish.s002 version=2 size=Standard difficulty=Regular seed=155923 locale=fa-IR
UnityEngine.Debug:ExtractStackTraceNoAlloc (byte*,int,string)
UnityEngine.StackTraceUtility:ExtractStackTrace () (at /Users/bokken/build/output/unity/unity/Runtime/Export/Scripting/StackTrace.cs:35)
UnityEngine.DebugLogHandler:Internal_Log (UnityEngine.LogType,UnityEngine.LogOption,string,UnityEngine.Object)
UnityEngine.DebugLogHandler:LogFormat (UnityEngine.LogType,UnityEngine.Object,string,object[])
UnityEngine.Logger:Log (UnityEngine.LogType,object)
UnityEngine.Debug:Log (object)
Game.Editor.SkirmishExpandedAriaWatchValidation:AcceptExpandedPayload (Game.Configs.SkirmishAriaAcceptancePayload&) (at Assets/Game/Scripts/Editor/Skirmish/SkirmishExpandedAriaWatchValidation.cs:32)
Game.Editor.SkirmishExpandedAriaWatchValidation:AcceptExpandedPayload (string,Game.Skirmish.Contracts.SkirmishSizeId,Game.Skirmish.Contracts.SkirmishDifficultyId,int,string) (at Assets/Game/Scripts/Editor/Skirmish/SkirmishExpandedAriaWatchValidation.cs:55)
Game.Tests.Editor.SkirmishS002AriaHarnessTests:PayloadLoggersDoNotStampVictory () (at Assets/Tests/Editor/SkirmishExpansion/SkirmishS002AriaHarnessTests.cs:1029)
Game.Tests.Editor.SkirmishS002AriaHarnessTests:RunFocusedValidation () (at Assets/Tests/Editor/SkirmishExpansion/SkirmishS002AriaHarnessTests.cs:1434)
Game.Tests.Editor.SkirmishExpandedAriaTests:RunFocusedValidation () (at Assets/Tests/Editor/SkirmishExpansion/SkirmishExpandedAriaTests.cs:1014)
Game.Tests.Editor.SkirmishSharedMaterialsTests:RunFocusedValidation () (at Assets/Tests/Editor/SkirmishExpansion/SkirmishSharedMaterialsTests.cs:463)
Game.Tests.Editor.SkirmishSharedMaterialsTests:<RunBroaderRegressionValidation>g__Run|10_0 (System.Action,string,Game.Tests.Editor.SkirmishSharedMaterialsTests/<>c__DisplayClass10_0&) (at Assets/Tests/Editor/SkirmishExpansion/SkirmishSharedMaterialsTests.cs:314)
Game.Tests.Editor.SkirmishSharedMaterialsTests:RunBroaderRegressionValidation () (at Assets/Tests/Editor/SkirmishExpansion/SkirmishSharedMaterialsTests.cs:317)
Game.Tests.Editor.SkirmishSharedMaterialsTests:RunS004DeliveryValidation () (at Assets/Tests/Editor/SkirmishExpansion/SkirmishSharedMaterialsTests.cs:344)
System.Reflection.RuntimeMethodInfo:Invoke (object,System.Reflection.BindingFlags,System.Reflection.Binder,object[],System.Globalization.CultureInfo)
System.Reflection.MethodBase:Invoke (object,object[])
Game.Editor.SkirmishS004EnvironmentBuilder:BuildAndValidate () (at Assets/Game/Scripts/Editor/Skirmish/SkirmishS004EnvironmentBuilder.cs:15)

(Filename: Assets/Game/Scripts/Editor/Skirmish/SkirmishExpandedAriaWatchValidation.cs Line: 32)

'Game.Runtime.SkirmishSessionCleanupSystem' creates a query during OnUpdate. Please create queries in OnCreate and store them in the system for use in OnUpdate instead. This is significantly faster.
UnityEngine.Debug:ExtractStackTraceNoAlloc (byte*,int,string)
UnityEngine.StackTraceUtility:ExtractStackTrace () (at /Users/bokken/build/output/unity/unity/Runtime/Export/Scripting/StackTrace.cs:35)
UnityEngine.DebugLogHandler:Internal_Log (UnityEngine.LogType,UnityEngine.LogOption,string,UnityEngine.Object)
UnityEngine.DebugLogHandler:LogFormat (UnityEngine.LogType,UnityEngine.Object,string,object[])
UnityEngine.Logger:Log (UnityEngine.LogType,object)
UnityEngine.Debug:LogWarning (object)
Unity.Debug:LogWarning (object) (at ./Library/PackageCache/com.unity.entities@bab66ffaba49/Unity.Entities/Stubs/Unity/Debug.cs:13)
Unity.Entities.SystemState:CheckOnUpdate_Query () (at ./Library/PackageCache/com.unity.entities@bab66ffaba49/Unity.Entities/SystemState.cs:551)
Unity.Entities.SystemState:GetEntityQuery (Unity.Entities.ComponentType) (at ./Library/PackageCache/com.unity.entities@bab66ffaba49/Unity.Entities/SystemState.cs:834)
Game.Runtime.SkirmishSessionCleanupSystem:OnUpdate (Unity.Entities.SystemState&) (at Assets/Game/Scripts/Runtime/Skirmish/SkirmishSessionCleanupSystem.cs:22)
Game.Runtime.SkirmishSessionCleanupSystem:__codegen__OnUpdate (intptr,intptr)
Unity.Entities.SystemBaseRegistry/<>c__DisplayClass9_0:<SelectBurstFn>b__0 (intptr,intptr) (at ./Library/PackageCache/com.unity.entities@bab66ffaba49/Unity.Entities/SystemBaseRegistry.cs:251)
Unity.Entities.WorldUnmanagedImpl/Unity.Entities.UnmanagedUpdate_000015A0$BurstDirectCall:Invoke (void*)
Unity.Entities.WorldUnmanagedImpl:UnmanagedUpdate (void*)
Unity.Entities.WorldUnmanagedImpl:UpdateSystem (Unity.Entities.SystemHandle) (at ./Library/PackageCache/com.unity.entities@bab66ffaba49/Unity.Entities/WorldUnmanaged.cs:942)
Unity.Entities.SystemHandle:Update (Unity.Entities.WorldUnmanaged) (at ./Library/PackageCache/com.unity.entities@bab66ffaba49/Unity.Entities/WorldUnmanaged.cs:169)
Game.Tests.Editor.SkirmishS002AriaHarnessTests:FinishedMatchRetainsActorsAndSetupUntilExplicitCleanup () (at Assets/Tests/Editor/SkirmishExpansion/SkirmishS002AriaHarnessTests.cs:1144)
Game.Tests.Editor.SkirmishS002AriaHarnessTests:RunFocusedValidation () (at Assets/Tests/Editor/SkirmishExpansion/SkirmishS002AriaHarnessTests.cs:1438)
Game.Tests.Editor.SkirmishExpandedAriaTests:RunFocusedValidation () (at Assets/Tests/Editor/SkirmishExpansion/SkirmishExpandedAriaTests.cs:1014)
Game.Tests.Editor.SkirmishSharedMaterialsTests:RunFocusedValidation () (at Assets/Tests/Editor/SkirmishExpansion/SkirmishSharedMaterialsTests.cs:463)
Game.Tests.Editor.SkirmishSharedMaterialsTests:<RunBroaderRegressionValidation>g__Run|10_0 (System.Action,string,Game.Tests.Editor.SkirmishSharedMaterialsTests/<>c__DisplayClass10_0&) (at Assets/Tests/Editor/SkirmishExpansion/SkirmishSharedMaterialsTests.cs:314)
Game.Tests.Editor.SkirmishSharedMaterialsTests:RunBroaderRegressionValidation () (at Assets/Tests/Editor/SkirmishExpansion/SkirmishSharedMaterialsTests.cs:317)
Game.Tests.Editor.SkirmishSharedMaterialsTests:RunS004DeliveryValidation () (at Assets/Tests/Editor/SkirmishExpansion/SkirmishSharedMaterialsTests.cs:344)
System.Reflection.RuntimeMethodInfo:Invoke (object,System.Reflection.BindingFlags,System.Reflection.Binder,object[],System.Globalization.CultureInfo)
System.Reflection.MethodBase:Invoke (object,object[])
Game.Editor.SkirmishS004EnvironmentBuilder:BuildAndValidate () (at Assets/Game/Scripts/Editor/Skirmish/SkirmishS004EnvironmentBuilder.cs:15)

(Filename: ./Library/PackageCache/com.unity.entities@bab66ffaba49/Unity.Entities/Stubs/Unity/Debug.cs Line: 13)

[SkirmishS002AriaHarnessTests] result=Passed
UnityEngine.Debug:ExtractStackTraceNoAlloc (byte*,int,string)
UnityEngine.StackTraceUtility:ExtractStackTrace () (at /Users/bokken/build/output/unity/unity/Runtime/Export/Scripting/StackTrace.cs:35)
UnityEngine.DebugLogHandler:Internal_Log (UnityEngine.LogType,UnityEngine.LogOption,string,UnityEngine.Object)
UnityEngine.DebugLogHandler:LogFormat (UnityEngine.LogType,UnityEngine.Object,string,object[])
UnityEngine.Logger:Log (UnityEngine.LogType,object)
UnityEngine.Debug:Log (object)
Game.Tests.Editor.SkirmishS002AriaHarnessTests:RunFocusedValidation () (at Assets/Tests/Editor/SkirmishExpansion/SkirmishS002AriaHarnessTests.cs:1442)
Game.Tests.Editor.SkirmishExpandedAriaTests:RunFocusedValidation () (at Assets/Tests/Editor/SkirmishExpansion/SkirmishExpandedAriaTests.cs:1014)
Game.Tests.Editor.SkirmishSharedMaterialsTests:RunFocusedValidation () (at Assets/Tests/Editor/SkirmishExpansion/SkirmishSharedMaterialsTests.cs:463)
Game.Tests.Editor.SkirmishSharedMaterialsTests:<RunBroaderRegressionValidation>g__Run|10_0 (System.Action,string,Game.Tests.Editor.SkirmishSharedMaterialsTests/<>c__DisplayClass10_0&) (at Assets/Tests/Editor/SkirmishExpansion/SkirmishSharedMaterialsTests.cs:314)
Game.Tests.Editor.SkirmishSharedMaterialsTests:RunBroaderRegressionValidation () (at Assets/Tests/Editor/SkirmishExpansion/SkirmishSharedMaterialsTests.cs:317)
Game.Tests.Editor.SkirmishSharedMaterialsTests:RunS004DeliveryValidation () (at Assets/Tests/Editor/SkirmishExpansion/SkirmishSharedMaterialsTests.cs:344)
System.Reflection.RuntimeMethodInfo:Invoke (object,System.Reflection.BindingFlags,System.Reflection.Binder,object[],System.Globalization.CultureInfo)
System.Reflection.MethodBase:Invoke (object,object[])
Game.Editor.SkirmishS004EnvironmentBuilder:BuildAndValidate () (at Assets/Game/Scripts/Editor/Skirmish/SkirmishS004EnvironmentBuilder.cs:15)

(Filename: Assets/Tests/Editor/SkirmishExpansion/SkirmishS002AriaHarnessTests.cs Line: 1442)

[SkirmishExpandedAriaTests] result=Passed
UnityEngine.Debug:ExtractStackTraceNoAlloc (byte*,int,string)
UnityEngine.StackTraceUtility:ExtractStackTrace () (at /Users/bokken/build/output/unity/unity/Runtime/Export/Scripting/StackTrace.cs:35)
UnityEngine.DebugLogHandler:Internal_Log (UnityEngine.LogType,UnityEngine.LogOption,string,UnityEngine.Object)
UnityEngine.DebugLogHandler:LogFormat (UnityEngine.LogType,UnityEngine.Object,string,object[])
UnityEngine.Logger:Log (UnityEngine.LogType,object)
UnityEngine.Debug:Log (object)
Game.Tests.Editor.SkirmishExpandedAriaTests:RunFocusedValidation () (at Assets/Tests/Editor/SkirmishExpansion/SkirmishExpandedAriaTests.cs:1015)
Game.Tests.Editor.SkirmishSharedMaterialsTests:RunFocusedValidation () (at Assets/Tests/Editor/SkirmishExpansion/SkirmishSharedMaterialsTests.cs:463)
Game.Tests.Editor.SkirmishSharedMaterialsTests:<RunBroaderRegressionValidation>g__Run|10_0 (System.Action,string,Game.Tests.Editor.SkirmishSharedMaterialsTests/<>c__DisplayClass10_0&) (at Assets/Tests/Editor/SkirmishExpansion/SkirmishSharedMaterialsTests.cs:314)
Game.Tests.Editor.SkirmishSharedMaterialsTests:RunBroaderRegressionValidation () (at Assets/Tests/Editor/SkirmishExpansion/SkirmishSharedMaterialsTests.cs:317)
Game.Tests.Editor.SkirmishSharedMaterialsTests:RunS004DeliveryValidation () (at Assets/Tests/Editor/SkirmishExpansion/SkirmishSharedMaterialsTests.cs:344)
System.Reflection.RuntimeMethodInfo:Invoke (object,System.Reflection.BindingFlags,System.Reflection.Binder,object[],System.Globalization.CultureInfo)
System.Reflection.MethodBase:Invoke (object,object[])
Game.Editor.SkirmishS004EnvironmentBuilder:BuildAndValidate () (at Assets/Game/Scripts/Editor/Skirmish/SkirmishS004EnvironmentBuilder.cs:15)

(Filename: Assets/Tests/Editor/SkirmishExpansion/SkirmishExpandedAriaTests.cs Line: 1015)

[SkirmishExpandedArmyTests] result=Passed
UnityEngine.Debug:ExtractStackTraceNoAlloc (byte*,int,string)
UnityEngine.StackTraceUtility:ExtractStackTrace () (at /Users/bokken/build/output/unity/unity/Runtime/Export/Scripting/StackTrace.cs:35)
UnityEngine.DebugLogHandler:Internal_Log (UnityEngine.LogType,UnityEngine.LogOption,string,UnityEngine.Object)
UnityEngine.DebugLogHandler:LogFormat (UnityEngine.LogType,UnityEngine.Object,string,object[])
UnityEngine.Logger:Log (UnityEngine.LogType,object)
UnityEngine.Debug:Log (object)
Game.Tests.Editor.SkirmishExpandedArmyTests:RunFocusedValidation () (at Assets/Tests/Editor/SkirmishExpansion/SkirmishExpandedArmyTests.cs:394)
Game.Tests.Editor.SkirmishSharedMaterialsTests:RunFocusedValidation () (at Assets/Tests/Editor/SkirmishExpansion/SkirmishSharedMaterialsTests.cs:465)
Game.Tests.Editor.SkirmishSharedMaterialsTests:<RunBroaderRegressionValidation>g__Run|10_0 (System.Action,string,Game.Tests.Editor.SkirmishSharedMaterialsTests/<>c__DisplayClass10_0&) (at Assets/Tests/Editor/SkirmishExpansion/SkirmishSharedMaterialsTests.cs:314)
Game.Tests.Editor.SkirmishSharedMaterialsTests:RunBroaderRegressionValidation () (at Assets/Tests/Editor/SkirmishExpansion/SkirmishSharedMaterialsTests.cs:317)
Game.Tests.Editor.SkirmishSharedMaterialsTests:RunS004DeliveryValidation () (at Assets/Tests/Editor/SkirmishExpansion/SkirmishSharedMaterialsTests.cs:344)
System.Reflection.RuntimeMethodInfo:Invoke (object,System.Reflection.BindingFlags,System.Reflection.Binder,object[],System.Globalization.CultureInfo)
System.Reflection.MethodBase:Invoke (object,object[])
Game.Editor.SkirmishS004EnvironmentBuilder:BuildAndValidate () (at Assets/Game/Scripts/Editor/Skirmish/SkirmishS004EnvironmentBuilder.cs:15)

(Filename: Assets/Tests/Editor/SkirmishExpansion/SkirmishExpandedArmyTests.cs Line: 394)

[SkirmishExpandedEconomyTests] result=Passed
UnityEngine.Debug:ExtractStackTraceNoAlloc (byte*,int,string)
UnityEngine.StackTraceUtility:ExtractStackTrace () (at /Users/bokken/build/output/unity/unity/Runtime/Export/Scripting/StackTrace.cs:35)
UnityEngine.DebugLogHandler:Internal_Log (UnityEngine.LogType,UnityEngine.LogOption,string,UnityEngine.Object)
UnityEngine.DebugLogHandler:LogFormat (UnityEngine.LogType,UnityEngine.Object,string,object[])
UnityEngine.Logger:Log (UnityEngine.LogType,object)
UnityEngine.Debug:Log (object)
Game.Tests.Editor.SkirmishExpandedEconomyTests:RunFocusedValidation () (at Assets/Tests/Editor/SkirmishExpansion/SkirmishExpandedEconomyTests.cs:914)
Game.Tests.Editor.SkirmishSharedMaterialsTests:RunFocusedValidation () (at Assets/Tests/Editor/SkirmishExpansion/SkirmishSharedMaterialsTests.cs:466)
Game.Tests.Editor.SkirmishSharedMaterialsTests:<RunBroaderRegressionValidation>g__Run|10_0 (System.Action,string,Game.Tests.Editor.SkirmishSharedMaterialsTests/<>c__DisplayClass10_0&) (at Assets/Tests/Editor/SkirmishExpansion/SkirmishSharedMaterialsTests.cs:314)
Game.Tests.Editor.SkirmishSharedMaterialsTests:RunBroaderRegressionValidation () (at Assets/Tests/Editor/SkirmishExpansion/SkirmishSharedMaterialsTests.cs:317)
Game.Tests.Editor.SkirmishSharedMaterialsTests:RunS004DeliveryValidation () (at Assets/Tests/Editor/SkirmishExpansion/SkirmishSharedMaterialsTests.cs:344)
System.Reflection.RuntimeMethodInfo:Invoke (object,System.Reflection.BindingFlags,System.Reflection.Binder,object[],System.Globalization.CultureInfo)
System.Reflection.MethodBase:Invoke (object,object[])
Game.Editor.SkirmishS004EnvironmentBuilder:BuildAndValidate () (at Assets/Game/Scripts/Editor/Skirmish/SkirmishS004EnvironmentBuilder.cs:15)

(Filename: Assets/Tests/Editor/SkirmishExpansion/SkirmishExpandedEconomyTests.cs Line: 914)

'Game.Runtime.SkirmishCheckpointSystem' creates a query during OnUpdate. Please create queries in OnCreate and store them in the system for use in OnUpdate instead. This is significantly faster.
UnityEngine.Debug:ExtractStackTraceNoAlloc (byte*,int,string)
UnityEngine.StackTraceUtility:ExtractStackTrace () (at /Users/bokken/build/output/unity/unity/Runtime/Export/Scripting/StackTrace.cs:35)
UnityEngine.DebugLogHandler:Internal_Log (UnityEngine.LogType,UnityEngine.LogOption,string,UnityEngine.Object)
UnityEngine.DebugLogHandler:LogFormat (UnityEngine.LogType,UnityEngine.Object,string,object[])
UnityEngine.Logger:Log (UnityEngine.LogType,object)
UnityEngine.Debug:LogWarning (object)
Unity.Debug:LogWarning (object) (at ./Library/PackageCache/com.unity.entities@bab66ffaba49/Unity.Entities/Stubs/Unity/Debug.cs:13)
Unity.Entities.SystemState:CheckOnUpdate_Query () (at ./Library/PackageCache/com.unity.entities@bab66ffaba49/Unity.Entities/SystemState.cs:551)
Unity.Entities.SystemState:GetEntityQuery (Unity.Entities.ComponentType) (at ./Library/PackageCache/com.unity.entities@bab66ffaba49/Unity.Entities/SystemState.cs:834)
Game.Runtime.SkirmishCheckpointSystem:OnUpdate (Unity.Entities.SystemState&) (at Assets/Game/Scripts/Runtime/Skirmish/SkirmishCheckpointSystem.cs:23)
Game.Runtime.SkirmishCheckpointSystem:__codegen__OnUpdate (intptr,intptr)
Unity.Entities.SystemBaseRegistry/<>c__DisplayClass9_0:<SelectBurstFn>b__0 (intptr,intptr) (at ./Library/PackageCache/com.unity.entities@bab66ffaba49/Unity.Entities/SystemBaseRegistry.cs:251)
Unity.Entities.WorldUnmanagedImpl/Unity.Entities.UnmanagedUpdate_000015A0$BurstDirectCall:Invoke (void*)
Unity.Entities.WorldUnmanagedImpl:UnmanagedUpdate (void*)
Unity.Entities.WorldUnmanagedImpl:UpdateSystem (Unity.Entities.SystemHandle) (at ./Library/PackageCache/com.unity.entities@bab66ffaba49/Unity.Entities/WorldUnmanaged.cs:942)
Unity.Entities.SystemHandle:Update (Unity.Entities.WorldUnmanaged) (at ./Library/PackageCache/com.unity.entities@bab66ffaba49/Unity.Entities/WorldUnmanaged.cs:169)
Game.Tests.Editor.SkirmishExpandedCheckpointTests:FirstCheckpointSystemRequestAttachesItsDocumentWithoutStructuralIterationFailure () (at Assets/Tests/Editor/SkirmishExpansion/SkirmishExpandedCheckpointTests.cs:46)
Game.Tests.Editor.SkirmishExpandedCheckpointTests:RunFocusedValidation () (at Assets/Tests/Editor/SkirmishExpansion/SkirmishExpandedCheckpointTests.cs:396)
Game.Tests.Editor.SkirmishSharedMaterialsTests:RunFocusedValidation () (at Assets/Tests/Editor/SkirmishExpansion/SkirmishSharedMaterialsTests.cs:467)
Game.Tests.Editor.SkirmishSharedMaterialsTests:<RunBroaderRegressionValidation>g__Run|10_0 (System.Action,string,Game.Tests.Editor.SkirmishSharedMaterialsTests/<>c__DisplayClass10_0&) (at Assets/Tests/Editor/SkirmishExpansion/SkirmishSharedMaterialsTests.cs:314)
Game.Tests.Editor.SkirmishSharedMaterialsTests:RunBroaderRegressionValidation () (at Assets/Tests/Editor/SkirmishExpansion/SkirmishSharedMaterialsTests.cs:317)
Game.Tests.Editor.SkirmishSharedMaterialsTests:RunS004DeliveryValidation () (at Assets/Tests/Editor/SkirmishExpansion/SkirmishSharedMaterialsTests.cs:344)
System.Reflection.RuntimeMethodInfo:Invoke (object,System.Reflection.BindingFlags,System.Reflection.Binder,object[],System.Globalization.CultureInfo)
System.Reflection.MethodBase:Invoke (object,object[])
Game.Editor.SkirmishS004EnvironmentBuilder:BuildAndValidate () (at Assets/Game/Scripts/Editor/Skirmish/SkirmishS004EnvironmentBuilder.cs:15)

(Filename: ./Library/PackageCache/com.unity.entities@bab66ffaba49/Unity.Entities/Stubs/Unity/Debug.cs Line: 13)

[SkirmishStress] playRequested=1
UnityEngine.Debug:ExtractStackTraceNoAlloc (byte*,int,string)
UnityEngine.StackTraceUtility:ExtractStackTrace () (at /Users/bokken/build/output/unity/unity/Runtime/Export/Scripting/StackTrace.cs:35)
UnityEngine.DebugLogHandler:Internal_Log (UnityEngine.LogType,UnityEngine.LogOption,string,UnityEngine.Object)
UnityEngine.DebugLogHandler:LogFormat (UnityEngine.LogType,UnityEngine.Object,string,object[])
UnityEngine.Logger:Log (UnityEngine.LogType,object)
UnityEngine.Debug:Log (object)
Game.Composition.SkirmishLaunchProjection:TryRequestPlay (Unity.Entities.EntityManager) (at Assets/Game/Scripts/Composition/SkirmishLaunchProjection.cs:232)
Game.Composition.SkirmishCheckpointCompositionSystemHelper:TryReplayLive (Unity.Entities.EntityManager,Unity.Entities.Entity,string&) (at Assets/Game/Scripts/Composition/Skirmish/SkirmishCheckpointCompositionSystemHelper.cs:167)
Game.Composition.SkirmishCheckpointCompositionSystemHelper:TryConsumeExpandedReplay (Unity.Entities.EntityManager,Unity.Entities.Entity,Game.Components.SkirmishAction) (at Assets/Game/Scripts/Composition/Skirmish/SkirmishCheckpointCompositionSystemHelper.cs:181)
Game.Tests.Editor.SkirmishExpandedCheckpointTests:LivePauseSettlesOnceAndReplayReseedsFreshSession () (at Assets/Tests/Editor/SkirmishExpansion/SkirmishExpandedCheckpointTests.cs:333)
Game.Tests.Editor.SkirmishExpandedCheckpointTests:RunFocusedValidation () (at Assets/Tests/Editor/SkirmishExpansion/SkirmishExpandedCheckpointTests.cs:403)
Game.Tests.Editor.SkirmishSharedMaterialsTests:RunFocusedValidation () (at Assets/Tests/Editor/SkirmishExpansion/SkirmishSharedMaterialsTests.cs:467)
Game.Tests.Editor.SkirmishSharedMaterialsTests:<RunBroaderRegressionValidation>g__Run|10_0 (System.Action,string,Game.Tests.Editor.SkirmishSharedMaterialsTests/<>c__DisplayClass10_0&) (at Assets/Tests/Editor/SkirmishExpansion/SkirmishSharedMaterialsTests.cs:314)
Game.Tests.Editor.SkirmishSharedMaterialsTests:RunBroaderRegressionValidation () (at Assets/Tests/Editor/SkirmishExpansion/SkirmishSharedMaterialsTests.cs:317)
Game.Tests.Editor.SkirmishSharedMaterialsTests:RunS004DeliveryValidation () (at Assets/Tests/Editor/SkirmishExpansion/SkirmishSharedMaterialsTests.cs:344)
System.Reflection.RuntimeMethodInfo:Invoke (object,System.Reflection.BindingFlags,System.Reflection.Binder,object[],System.Globalization.CultureInfo)
System.Reflection.MethodBase:Invoke (object,object[])
Game.Editor.SkirmishS004EnvironmentBuilder:BuildAndValidate () (at Assets/Game/Scripts/Editor/Skirmish/SkirmishS004EnvironmentBuilder.cs:15)

(Filename: Assets/Game/Scripts/Composition/SkirmishLaunchProjection.cs Line: 232)

[SkirmishExpandedCheckpointTests] result=Passed
UnityEngine.Debug:ExtractStackTraceNoAlloc (byte*,int,string)
UnityEngine.StackTraceUtility:ExtractStackTrace () (at /Users/bokken/build/output/unity/unity/Runtime/Export/Scripting/StackTrace.cs:35)
UnityEngine.DebugLogHandler:Internal_Log (UnityEngine.LogType,UnityEngine.LogOption,string,UnityEngine.Object)
UnityEngine.DebugLogHandler:LogFormat (UnityEngine.LogType,UnityEngine.Object,string,object[])
UnityEngine.Logger:Log (UnityEngine.LogType,object)
UnityEngine.Debug:Log (object)
Game.Tests.Editor.SkirmishExpandedCheckpointTests:RunFocusedValidation () (at Assets/Tests/Editor/SkirmishExpansion/SkirmishExpandedCheckpointTests.cs:405)
Game.Tests.Editor.SkirmishSharedMaterialsTests:RunFocusedValidation () (at Assets/Tests/Editor/SkirmishExpansion/SkirmishSharedMaterialsTests.cs:467)
Game.Tests.Editor.SkirmishSharedMaterialsTests:<RunBroaderRegressionValidation>g__Run|10_0 (System.Action,string,Game.Tests.Editor.SkirmishSharedMaterialsTests/<>c__DisplayClass10_0&) (at Assets/Tests/Editor/SkirmishExpansion/SkirmishSharedMaterialsTests.cs:314)
Game.Tests.Editor.SkirmishSharedMaterialsTests:RunBroaderRegressionValidation () (at Assets/Tests/Editor/SkirmishExpansion/SkirmishSharedMaterialsTests.cs:317)
Game.Tests.Editor.SkirmishSharedMaterialsTests:RunS004DeliveryValidation () (at Assets/Tests/Editor/SkirmishExpansion/SkirmishSharedMaterialsTests.cs:344)
System.Reflection.RuntimeMethodInfo:Invoke (object,System.Reflection.BindingFlags,System.Reflection.Binder,object[],System.Globalization.CultureInfo)
System.Reflection.MethodBase:Invoke (object,object[])
Game.Editor.SkirmishS004EnvironmentBuilder:BuildAndValidate () (at Assets/Game/Scripts/Editor/Skirmish/SkirmishS004EnvironmentBuilder.cs:15)

(Filename: Assets/Tests/Editor/SkirmishExpansion/SkirmishExpandedCheckpointTests.cs Line: 405)

[AriaPlayEditorValidation] selected catalog=S002 definition=skirmish.s002 version=2 size=Standard difficulty=Regular seed=104731 locale=en
UnityEngine.Debug:ExtractStackTraceNoAlloc (byte*,int,string)
UnityEngine.StackTraceUtility:ExtractStackTrace () (at /Users/bokken/build/output/unity/unity/Runtime/Export/Scripting/StackTrace.cs:35)
UnityEngine.DebugLogHandler:Internal_Log (UnityEngine.LogType,UnityEngine.LogOption,string,UnityEngine.Object)
UnityEngine.DebugLogHandler:LogFormat (UnityEngine.LogType,UnityEngine.Object,string,object[])
UnityEngine.Logger:Log (UnityEngine.LogType,object)
UnityEngine.Debug:Log (object)
Game.Editor.AriaPlayEditorValidation:AcceptExpandedPayload (Game.Configs.SkirmishAriaAcceptancePayload&) (at Assets/Game/Scripts/Editor/AriaPlayEditorValidation.cs:113)
Game.Tests.Editor.SkirmishS002AriaHarnessTests:PayloadLoggersDoNotStampVictory () (at Assets/Tests/Editor/SkirmishExpansion/SkirmishS002AriaHarnessTests.cs:1028)
Game.Tests.Editor.SkirmishS002AriaHarnessTests:RunFocusedValidation () (at Assets/Tests/Editor/SkirmishExpansion/SkirmishS002AriaHarnessTests.cs:1434)
Game.Tests.Editor.SkirmishSharedMaterialsTests:RunFocusedValidation () (at Assets/Tests/Editor/SkirmishExpansion/SkirmishSharedMaterialsTests.cs:468)
Game.Tests.Editor.SkirmishSharedMaterialsTests:<RunBroaderRegressionValidation>g__Run|10_0 (System.Action,string,Game.Tests.Editor.SkirmishSharedMaterialsTests/<>c__DisplayClass10_0&) (at Assets/Tests/Editor/SkirmishExpansion/SkirmishSharedMaterialsTests.cs:314)
Game.Tests.Editor.SkirmishSharedMaterialsTests:RunBroaderRegressionValidation () (at Assets/Tests/Editor/SkirmishExpansion/SkirmishSharedMaterialsTests.cs:317)
Game.Tests.Editor.SkirmishSharedMaterialsTests:RunS004DeliveryValidation () (at Assets/Tests/Editor/SkirmishExpansion/SkirmishSharedMaterialsTests.cs:344)
System.Reflection.RuntimeMethodInfo:Invoke (object,System.Reflection.BindingFlags,System.Reflection.Binder,object[],System.Globalization.CultureInfo)
System.Reflection.MethodBase:Invoke (object,object[])
Game.Editor.SkirmishS004EnvironmentBuilder:BuildAndValidate () (at Assets/Game/Scripts/Editor/Skirmish/SkirmishS004EnvironmentBuilder.cs:15)

(Filename: Assets/Game/Scripts/Editor/AriaPlayEditorValidation.cs Line: 113)

[SkirmishExpandedAriaWatch] selected catalog=S002 definition=skirmish.s002 version=2 size=Standard difficulty=Regular seed=155923 locale=fa-IR
UnityEngine.Debug:ExtractStackTraceNoAlloc (byte*,int,string)
UnityEngine.StackTraceUtility:ExtractStackTrace () (at /Users/bokken/build/output/unity/unity/Runtime/Export/Scripting/StackTrace.cs:35)
UnityEngine.DebugLogHandler:Internal_Log (UnityEngine.LogType,UnityEngine.LogOption,string,UnityEngine.Object)
UnityEngine.DebugLogHandler:LogFormat (UnityEngine.LogType,UnityEngine.Object,string,object[])
UnityEngine.Logger:Log (UnityEngine.LogType,object)
UnityEngine.Debug:Log (object)
Game.Editor.SkirmishExpandedAriaWatchValidation:AcceptExpandedPayload (Game.Configs.SkirmishAriaAcceptancePayload&) (at Assets/Game/Scripts/Editor/Skirmish/SkirmishExpandedAriaWatchValidation.cs:32)
Game.Editor.SkirmishExpandedAriaWatchValidation:AcceptExpandedPayload (string,Game.Skirmish.Contracts.SkirmishSizeId,Game.Skirmish.Contracts.SkirmishDifficultyId,int,string) (at Assets/Game/Scripts/Editor/Skirmish/SkirmishExpandedAriaWatchValidation.cs:55)
Game.Tests.Editor.SkirmishS002AriaHarnessTests:PayloadLoggersDoNotStampVictory () (at Assets/Tests/Editor/SkirmishExpansion/SkirmishS002AriaHarnessTests.cs:1029)
Game.Tests.Editor.SkirmishS002AriaHarnessTests:RunFocusedValidation () (at Assets/Tests/Editor/SkirmishExpansion/SkirmishS002AriaHarnessTests.cs:1434)
Game.Tests.Editor.SkirmishSharedMaterialsTests:RunFocusedValidation () (at Assets/Tests/Editor/SkirmishExpansion/SkirmishSharedMaterialsTests.cs:468)
Game.Tests.Editor.SkirmishSharedMaterialsTests:<RunBroaderRegressionValidation>g__Run|10_0 (System.Action,string,Game.Tests.Editor.SkirmishSharedMaterialsTests/<>c__DisplayClass10_0&) (at Assets/Tests/Editor/SkirmishExpansion/SkirmishSharedMaterialsTests.cs:314)
Game.Tests.Editor.SkirmishSharedMaterialsTests:RunBroaderRegressionValidation () (at Assets/Tests/Editor/SkirmishExpansion/SkirmishSharedMaterialsTests.cs:317)
Game.Tests.Editor.SkirmishSharedMaterialsTests:RunS004DeliveryValidation () (at Assets/Tests/Editor/SkirmishExpansion/SkirmishSharedMaterialsTests.cs:344)
System.Reflection.RuntimeMethodInfo:Invoke (object,System.Reflection.BindingFlags,System.Reflection.Binder,object[],System.Globalization.CultureInfo)
System.Reflection.MethodBase:Invoke (object,object[])
Game.Editor.SkirmishS004EnvironmentBuilder:BuildAndValidate () (at Assets/Game/Scripts/Editor/Skirmish/SkirmishS004EnvironmentBuilder.cs:15)

(Filename: Assets/Game/Scripts/Editor/Skirmish/SkirmishExpandedAriaWatchValidation.cs Line: 32)

'Game.Runtime.SkirmishSessionCleanupSystem' creates a query during OnUpdate. Please create queries in OnCreate and store them in the system for use in OnUpdate instead. This is significantly faster.
UnityEngine.Debug:ExtractStackTraceNoAlloc (byte*,int,string)
UnityEngine.StackTraceUtility:ExtractStackTrace () (at /Users/bokken/build/output/unity/unity/Runtime/Export/Scripting/StackTrace.cs:35)
UnityEngine.DebugLogHandler:Internal_Log (UnityEngine.LogType,UnityEngine.LogOption,string,UnityEngine.Object)
UnityEngine.DebugLogHandler:LogFormat (UnityEngine.LogType,UnityEngine.Object,string,object[])
UnityEngine.Logger:Log (UnityEngine.LogType,object)
UnityEngine.Debug:LogWarning (object)
Unity.Debug:LogWarning (object) (at ./Library/PackageCache/com.unity.entities@bab66ffaba49/Unity.Entities/Stubs/Unity/Debug.cs:13)
Unity.Entities.SystemState:CheckOnUpdate_Query () (at ./Library/PackageCache/com.unity.entities@bab66ffaba49/Unity.Entities/SystemState.cs:551)
Unity.Entities.SystemState:GetEntityQuery (Unity.Entities.ComponentType) (at ./Library/PackageCache/com.unity.entities@bab66ffaba49/Unity.Entities/SystemState.cs:834)
Game.Runtime.SkirmishSessionCleanupSystem:OnUpdate (Unity.Entities.SystemState&) (at Assets/Game/Scripts/Runtime/Skirmish/SkirmishSessionCleanupSystem.cs:22)
Game.Runtime.SkirmishSessionCleanupSystem:__codegen__OnUpdate (intptr,intptr)
Unity.Entities.SystemBaseRegistry/<>c__DisplayClass9_0:<SelectBurstFn>b__0 (intptr,intptr) (at ./Library/PackageCache/com.unity.entities@bab66ffaba49/Unity.Entities/SystemBaseRegistry.cs:251)
Unity.Entities.WorldUnmanagedImpl/Unity.Entities.UnmanagedUpdate_000015A0$BurstDirectCall:Invoke (void*)
Unity.Entities.WorldUnmanagedImpl:UnmanagedUpdate (void*)
Unity.Entities.WorldUnmanagedImpl:UpdateSystem (Unity.Entities.SystemHandle) (at ./Library/PackageCache/com.unity.entities@bab66ffaba49/Unity.Entities/WorldUnmanaged.cs:942)
Unity.Entities.SystemHandle:Update (Unity.Entities.WorldUnmanaged) (at ./Library/PackageCache/com.unity.entities@bab66ffaba49/Unity.Entities/WorldUnmanaged.cs:169)
Game.Tests.Editor.SkirmishS002AriaHarnessTests:FinishedMatchRetainsActorsAndSetupUntilExplicitCleanup () (at Assets/Tests/Editor/SkirmishExpansion/SkirmishS002AriaHarnessTests.cs:1144)
Game.Tests.Editor.SkirmishS002AriaHarnessTests:RunFocusedValidation () (at Assets/Tests/Editor/SkirmishExpansion/SkirmishS002AriaHarnessTests.cs:1438)
Game.Tests.Editor.SkirmishSharedMaterialsTests:RunFocusedValidation () (at Assets/Tests/Editor/SkirmishExpansion/SkirmishSharedMaterialsTests.cs:468)
Game.Tests.Editor.SkirmishSharedMaterialsTests:<RunBroaderRegressionValidation>g__Run|10_0 (System.Action,string,Game.Tests.Editor.SkirmishSharedMaterialsTests/<>c__DisplayClass10_0&) (at Assets/Tests/Editor/SkirmishExpansion/SkirmishSharedMaterialsTests.cs:314)
Game.Tests.Editor.SkirmishSharedMaterialsTests:RunBroaderRegressionValidation () (at Assets/Tests/Editor/SkirmishExpansion/SkirmishSharedMaterialsTests.cs:317)
Game.Tests.Editor.SkirmishSharedMaterialsTests:RunS004DeliveryValidation () (at Assets/Tests/Editor/SkirmishExpansion/SkirmishSharedMaterialsTests.cs:344)
System.Reflection.RuntimeMethodInfo:Invoke (object,System.Reflection.BindingFlags,System.Reflection.Binder,object[],System.Globalization.CultureInfo)
System.Reflection.MethodBase:Invoke (object,object[])
Game.Editor.SkirmishS004EnvironmentBuilder:BuildAndValidate () (at Assets/Game/Scripts/Editor/Skirmish/SkirmishS004EnvironmentBuilder.cs:15)

(Filename: ./Library/PackageCache/com.unity.entities@bab66ffaba49/Unity.Entities/Stubs/Unity/Debug.cs Line: 13)

[SkirmishS002AriaHarnessTests] result=Passed
UnityEngine.Debug:ExtractStackTraceNoAlloc (byte*,int,string)
UnityEngine.StackTraceUtility:ExtractStackTrace () (at /Users/bokken/build/output/unity/unity/Runtime/Export/Scripting/StackTrace.cs:35)
UnityEngine.DebugLogHandler:Internal_Log (UnityEngine.LogType,UnityEngine.LogOption,string,UnityEngine.Object)
UnityEngine.DebugLogHandler:LogFormat (UnityEngine.LogType,UnityEngine.Object,string,object[])
UnityEngine.Logger:Log (UnityEngine.LogType,object)
UnityEngine.Debug:Log (object)
Game.Tests.Editor.SkirmishS002AriaHarnessTests:RunFocusedValidation () (at Assets/Tests/Editor/SkirmishExpansion/SkirmishS002AriaHarnessTests.cs:1442)
Game.Tests.Editor.SkirmishSharedMaterialsTests:RunFocusedValidation () (at Assets/Tests/Editor/SkirmishExpansion/SkirmishSharedMaterialsTests.cs:468)
Game.Tests.Editor.SkirmishSharedMaterialsTests:<RunBroaderRegressionValidation>g__Run|10_0 (System.Action,string,Game.Tests.Editor.SkirmishSharedMaterialsTests/<>c__DisplayClass10_0&) (at Assets/Tests/Editor/SkirmishExpansion/SkirmishSharedMaterialsTests.cs:314)
Game.Tests.Editor.SkirmishSharedMaterialsTests:RunBroaderRegressionValidation () (at Assets/Tests/Editor/SkirmishExpansion/SkirmishSharedMaterialsTests.cs:317)
Game.Tests.Editor.SkirmishSharedMaterialsTests:RunS004DeliveryValidation () (at Assets/Tests/Editor/SkirmishExpansion/SkirmishSharedMaterialsTests.cs:344)
System.Reflection.RuntimeMethodInfo:Invoke (object,System.Reflection.BindingFlags,System.Reflection.Binder,object[],System.Globalization.CultureInfo)
System.Reflection.MethodBase:Invoke (object,object[])
Game.Editor.SkirmishS004EnvironmentBuilder:BuildAndValidate () (at Assets/Game/Scripts/Editor/Skirmish/SkirmishS004EnvironmentBuilder.cs:15)

(Filename: Assets/Tests/Editor/SkirmishExpansion/SkirmishS002AriaHarnessTests.cs Line: 1442)

[AriaTouchInput] physicalTakeover device=AriaInputFixturePhysicalMouse type=FastMouse generated=False
UnityEngine.Debug:ExtractStackTraceNoAlloc (byte*,int,string)
UnityEngine.StackTraceUtility:ExtractStackTrace () (at /Users/bokken/build/output/unity/unity/Runtime/Export/Scripting/StackTrace.cs:35)
UnityEngine.DebugLogHandler:Internal_Log (UnityEngine.LogType,UnityEngine.LogOption,string,UnityEngine.Object)
UnityEngine.DebugLogHandler:LogFormat (UnityEngine.LogType,UnityEngine.Object,string,object[])
UnityEngine.Logger:Log (UnityEngine.LogType,object)
UnityEngine.Debug:Log (object)
Game.UI.Runtime.AriaTouchInputUiSystemHelper:OnInputEvent (UnityEngine.InputSystem.LowLevel.InputEventPtr,UnityEngine.InputSystem.InputDevice) (at Assets/Game/Scripts/UI/Screens/AriaTouchInputUiSystemHelper.cs:183)
UnityEngine.InputSystem.Utilities.DelegateHelpers:InvokeCallbacksSafe<UnityEngine.InputSystem.LowLevel.InputEventPtr, UnityEngine.InputSystem.InputDevice> (UnityEngine.InputSystem.Utilities.CallbackArray`1<System.Action`2<UnityEngine.InputSystem.LowLevel.InputEventPtr, UnityEngine.InputSystem.InputDevice>>&,UnityEngine.InputSystem.LowLevel.InputEventPtr,UnityEngine.InputSystem.InputDevice,Unity.Profiling.ProfilerMarker,string,object) (at ./Library/PackageCache/com.unity.inputsystem@21a28c3a6c83/InputSystem/Utilities/DelegateHelpers.cs:71)
UnityEngine.InputSystem.InputManager:OnUpdate (UnityEngine.InputSystem.LowLevel.InputUpdateType,UnityEngine.InputSystem.LowLevel.InputEventBuffer&) (at ./Library/PackageCache/com.unity.inputsystem@21a28c3a6c83/InputSystem/InputManager.cs:3463)
UnityEngine.InputSystem.LowLevel.NativeInputRuntime/<>c__DisplayClass7_0:<set_onUpdate>b__0 (UnityEngineInternal.Input.NativeInputUpdateType,UnityEngineInternal.Input.NativeInputEventBuffer*) (at ./Library/PackageCache/com.unity.inputsystem@21a28c3a6c83/InputSystem/NativeInputRuntime.cs:65)
UnityEngineInternal.Input.NativeInputSystem:NotifyUpdate (UnityEngineInternal.Input.NativeInputUpdateType,intptr) (at /Users/bokken/build/output/unity/unity/Modules/Input/Private/Input.cs:132)
UnityEngine.InputSystem.LowLevel.NativeInputRuntime:Update (UnityEngine.InputSystem.LowLevel.InputUpdateType) (at ./Library/PackageCache/com.unity.inputsystem@21a28c3a6c83/InputSystem/NativeInputRuntime.cs:32)
UnityEngine.InputSystem.InputManager:Update (UnityEngine.InputSystem.LowLevel.InputUpdateType) (at ./Library/PackageCache/com.unity.inputsystem@21a28c3a6c83/InputSystem/InputManager.cs:1840)
UnityEngine.InputSystem.InputSystem:Update (UnityEngine.InputSystem.LowLevel.InputUpdateType) (at ./Library/PackageCache/com.unity.inputsystem@21a28c3a6c83/InputSystem/InputSystem.cs:2810)
System.Reflection.RuntimeMethodInfo:Invoke (object,System.Reflection.BindingFlags,System.Reflection.Binder,object[],System.Globalization.CultureInfo)
System.Reflection.MethodBase:Invoke (object,object[])
Game.Editor.AriaTouchInputValidation:PumpInput () (at Assets/Game/Scripts/Editor/AriaTouchInputValidation.cs:211)
Game.Editor.AriaTouchInputValidation:Run () (at Assets/Game/Scripts/Editor/AriaTouchInputValidation.cs:110)
Game.Tests.Editor.SkirmishSharedMaterialsTests:RunFocusedValidation () (at Assets/Tests/Editor/SkirmishExpansion/SkirmishSharedMaterialsTests.cs:469)
Game.Tests.Editor.SkirmishSharedMaterialsTests:<RunBroaderRegressionValidation>g__Run|10_0 (System.Action,string,Game.Tests.Editor.SkirmishSharedMaterialsTests/<>c__DisplayClass10_0&) (at Assets/Tests/Editor/SkirmishExpansion/SkirmishSharedMaterialsTests.cs:314)
Game.Tests.Editor.SkirmishSharedMaterialsTests:RunBroaderRegressionValidation () (at Assets/Tests/Editor/SkirmishExpansion/SkirmishSharedMaterialsTests.cs:317)
Game.Tests.Editor.SkirmishSharedMaterialsTests:RunS004DeliveryValidation () (at Assets/Tests/Editor/SkirmishExpansion/SkirmishSharedMaterialsTests.cs:344)
System.Reflection.RuntimeMethodInfo:Invoke (object,System.Reflection.BindingFlags,System.Reflection.Binder,object[],System.Globalization.CultureInfo)
System.Reflection.MethodBase:Invoke (object,object[])
Game.Editor.SkirmishS004EnvironmentBuilder:BuildAndValidate () (at Assets/Game/Scripts/Editor/Skirmish/SkirmishS004EnvironmentBuilder.cs:15)

(Filename: Assets/Game/Scripts/UI/Screens/AriaTouchInputUiSystemHelper.cs Line: 183)

[AriaTouchInput] physicalTakeover device=AriaInputFixturePhysicalMouse type=FastMouse generated=False
UnityEngine.Debug:ExtractStackTraceNoAlloc (byte*,int,string)
UnityEngine.StackTraceUtility:ExtractStackTrace () (at /Users/bokken/build/output/unity/unity/Runtime/Export/Scripting/StackTrace.cs:35)
UnityEngine.DebugLogHandler:Internal_Log (UnityEngine.LogType,UnityEngine.LogOption,string,UnityEngine.Object)
UnityEngine.DebugLogHandler:LogFormat (UnityEngine.LogType,UnityEngine.Object,string,object[])
UnityEngine.Logger:Log (UnityEngine.LogType,object)
UnityEngine.Debug:Log (object)
Game.UI.Runtime.AriaTouchInputUiSystemHelper:OnInputEvent (UnityEngine.InputSystem.LowLevel.InputEventPtr,UnityEngine.InputSystem.InputDevice) (at Assets/Game/Scripts/UI/Screens/AriaTouchInputUiSystemHelper.cs:183)
UnityEngine.InputSystem.Utilities.DelegateHelpers:InvokeCallbacksSafe<UnityEngine.InputSystem.LowLevel.InputEventPtr, UnityEngine.InputSystem.InputDevice> (UnityEngine.InputSystem.Utilities.CallbackArray`1<System.Action`2<UnityEngine.InputSystem.LowLevel.InputEventPtr, UnityEngine.InputSystem.InputDevice>>&,UnityEngine.InputSystem.LowLevel.InputEventPtr,UnityEngine.InputSystem.InputDevice,Unity.Profiling.ProfilerMarker,string,object) (at ./Library/PackageCache/com.unity.inputsystem@21a28c3a6c83/InputSystem/Utilities/DelegateHelpers.cs:71)
UnityEngine.InputSystem.InputManager:OnUpdate (UnityEngine.InputSystem.LowLevel.InputUpdateType,UnityEngine.InputSystem.LowLevel.InputEventBuffer&) (at ./Library/PackageCache/com.unity.inputsystem@21a28c3a6c83/InputSystem/InputManager.cs:3463)
UnityEngine.InputSystem.LowLevel.NativeInputRuntime/<>c__DisplayClass7_0:<set_onUpdate>b__0 (UnityEngineInternal.Input.NativeInputUpdateType,UnityEngineInternal.Input.NativeInputEventBuffer*) (at ./Library/PackageCache/com.unity.inputsystem@21a28c3a6c83/InputSystem/NativeInputRuntime.cs:65)
UnityEngineInternal.Input.NativeInputSystem:NotifyUpdate (UnityEngineInternal.Input.NativeInputUpdateType,intptr) (at /Users/bokken/build/output/unity/unity/Modules/Input/Private/Input.cs:132)
UnityEngine.InputSystem.LowLevel.NativeInputRuntime:Update (UnityEngine.InputSystem.LowLevel.InputUpdateType) (at ./Library/PackageCache/com.unity.inputsystem@21a28c3a6c83/InputSystem/NativeInputRuntime.cs:32)
UnityEngine.InputSystem.InputManager:Update (UnityEngine.InputSystem.LowLevel.InputUpdateType) (at ./Library/PackageCache/com.unity.inputsystem@21a28c3a6c83/InputSystem/InputManager.cs:1840)
UnityEngine.InputSystem.InputSystem:Update (UnityEngine.InputSystem.LowLevel.InputUpdateType) (at ./Library/PackageCache/com.unity.inputsystem@21a28c3a6c83/InputSystem/InputSystem.cs:2810)
System.Reflection.RuntimeMethodInfo:Invoke (object,System.Reflection.BindingFlags,System.Reflection.Binder,object[],System.Globalization.CultureInfo)
System.Reflection.MethodBase:Invoke (object,object[])
Game.Editor.AriaTouchInputValidation:PumpInput () (at Assets/Game/Scripts/Editor/AriaTouchInputValidation.cs:211)
Game.Editor.AriaTouchInputValidation:Run () (at Assets/Game/Scripts/Editor/AriaTouchInputValidation.cs:129)
Game.Tests.Editor.SkirmishSharedMaterialsTests:RunFocusedValidation () (at Assets/Tests/Editor/SkirmishExpansion/SkirmishSharedMaterialsTests.cs:469)
Game.Tests.Editor.SkirmishSharedMaterialsTests:<RunBroaderRegressionValidation>g__Run|10_0 (System.Action,string,Game.Tests.Editor.SkirmishSharedMaterialsTests/<>c__DisplayClass10_0&) (at Assets/Tests/Editor/SkirmishExpansion/SkirmishSharedMaterialsTests.cs:314)
Game.Tests.Editor.SkirmishSharedMaterialsTests:RunBroaderRegressionValidation () (at Assets/Tests/Editor/SkirmishExpansion/SkirmishSharedMaterialsTests.cs:317)
Game.Tests.Editor.SkirmishSharedMaterialsTests:RunS004DeliveryValidation () (at Assets/Tests/Editor/SkirmishExpansion/SkirmishSharedMaterialsTests.cs:344)
System.Reflection.RuntimeMethodInfo:Invoke (object,System.Reflection.BindingFlags,System.Reflection.Binder,object[],System.Globalization.CultureInfo)
System.Reflection.MethodBase:Invoke (object,object[])
Game.Editor.SkirmishS004EnvironmentBuilder:BuildAndValidate () (at Assets/Game/Scripts/Editor/Skirmish/SkirmishS004EnvironmentBuilder.cs:15)

(Filename: Assets/Game/Scripts/UI/Screens/AriaTouchInputUiSystemHelper.cs Line: 183)

[AriaTouchInput] physicalTakeover device=AriaInputFixturePhysicalTouch type=FastTouchscreen generated=False
UnityEngine.Debug:ExtractStackTraceNoAlloc (byte*,int,string)
UnityEngine.StackTraceUtility:ExtractStackTrace () (at /Users/bokken/build/output/unity/unity/Runtime/Export/Scripting/StackTrace.cs:35)
UnityEngine.DebugLogHandler:Internal_Log (UnityEngine.LogType,UnityEngine.LogOption,string,UnityEngine.Object)
UnityEngine.DebugLogHandler:LogFormat (UnityEngine.LogType,UnityEngine.Object,string,object[])
UnityEngine.Logger:Log (UnityEngine.LogType,object)
UnityEngine.Debug:Log (object)
Game.UI.Runtime.AriaTouchInputUiSystemHelper:OnInputEvent (UnityEngine.InputSystem.LowLevel.InputEventPtr,UnityEngine.InputSystem.InputDevice) (at Assets/Game/Scripts/UI/Screens/AriaTouchInputUiSystemHelper.cs:183)
UnityEngine.InputSystem.Utilities.DelegateHelpers:InvokeCallbacksSafe<UnityEngine.InputSystem.LowLevel.InputEventPtr, UnityEngine.InputSystem.InputDevice> (UnityEngine.InputSystem.Utilities.CallbackArray`1<System.Action`2<UnityEngine.InputSystem.LowLevel.InputEventPtr, UnityEngine.InputSystem.InputDevice>>&,UnityEngine.InputSystem.LowLevel.InputEventPtr,UnityEngine.InputSystem.InputDevice,Unity.Profiling.ProfilerMarker,string,object) (at ./Library/PackageCache/com.unity.inputsystem@21a28c3a6c83/InputSystem/Utilities/DelegateHelpers.cs:71)
UnityEngine.InputSystem.InputManager:OnUpdate (UnityEngine.InputSystem.LowLevel.InputUpdateType,UnityEngine.InputSystem.LowLevel.InputEventBuffer&) (at ./Library/PackageCache/com.unity.inputsystem@21a28c3a6c83/InputSystem/InputManager.cs:3463)
UnityEngine.InputSystem.LowLevel.NativeInputRuntime/<>c__DisplayClass7_0:<set_onUpdate>b__0 (UnityEngineInternal.Input.NativeInputUpdateType,UnityEngineInternal.Input.NativeInputEventBuffer*) (at ./Library/PackageCache/com.unity.inputsystem@21a28c3a6c83/InputSystem/NativeInputRuntime.cs:65)
UnityEngineInternal.Input.NativeInputSystem:NotifyUpdate (UnityEngineInternal.Input.NativeInputUpdateType,intptr) (at /Users/bokken/build/output/unity/unity/Modules/Input/Private/Input.cs:132)
UnityEngine.InputSystem.LowLevel.NativeInputRuntime:Update (UnityEngine.InputSystem.LowLevel.InputUpdateType) (at ./Library/PackageCache/com.unity.inputsystem@21a28c3a6c83/InputSystem/NativeInputRuntime.cs:32)
UnityEngine.InputSystem.InputManager:Update (UnityEngine.InputSystem.LowLevel.InputUpdateType) (at ./Library/PackageCache/com.unity.inputsystem@21a28c3a6c83/InputSystem/InputManager.cs:1840)
UnityEngine.InputSystem.InputSystem:Update (UnityEngine.InputSystem.LowLevel.InputUpdateType) (at ./Library/PackageCache/com.unity.inputsystem@21a28c3a6c83/InputSystem/InputSystem.cs:2810)
System.Reflection.RuntimeMethodInfo:Invoke (object,System.Reflection.BindingFlags,System.Reflection.Binder,object[],System.Globalization.CultureInfo)
System.Reflection.MethodBase:Invoke (object,object[])
Game.Editor.AriaTouchInputValidation:PumpInput () (at Assets/Game/Scripts/Editor/AriaTouchInputValidation.cs:211)
Game.Editor.AriaTouchInputValidation:Run () (at Assets/Game/Scripts/Editor/AriaTouchInputValidation.cs:143)
Game.Tests.Editor.SkirmishSharedMaterialsTests:RunFocusedValidation () (at Assets/Tests/Editor/SkirmishExpansion/SkirmishSharedMaterialsTests.cs:469)
Game.Tests.Editor.SkirmishSharedMaterialsTests:<RunBroaderRegressionValidation>g__Run|10_0 (System.Action,string,Game.Tests.Editor.SkirmishSharedMaterialsTests/<>c__DisplayClass10_0&) (at Assets/Tests/Editor/SkirmishExpansion/SkirmishSharedMaterialsTests.cs:314)
Game.Tests.Editor.SkirmishSharedMaterialsTests:RunBroaderRegressionValidation () (at Assets/Tests/Editor/SkirmishExpansion/SkirmishSharedMaterialsTests.cs:317)
Game.Tests.Editor.SkirmishSharedMaterialsTests:RunS004DeliveryValidation () (at Assets/Tests/Editor/SkirmishExpansion/SkirmishSharedMaterialsTests.cs:344)
System.Reflection.RuntimeMethodInfo:Invoke (object,System.Reflection.BindingFlags,System.Reflection.Binder,object[],System.Globalization.CultureInfo)
System.Reflection.MethodBase:Invoke (object,object[])
Game.Editor.SkirmishS004EnvironmentBuilder:BuildAndValidate () (at Assets/Game/Scripts/Editor/Skirmish/SkirmishS004EnvironmentBuilder.cs:15)

(Filename: Assets/Game/Scripts/UI/Screens/AriaTouchInputUiSystemHelper.cs Line: 183)

[AriaTouchInputValidation] result=Passed cases=22
UnityEngine.Debug:ExtractStackTraceNoAlloc (byte*,int,string)
UnityEngine.StackTraceUtility:ExtractStackTrace () (at /Users/bokken/build/output/unity/unity/Runtime/Export/Scripting/StackTrace.cs:35)
UnityEngine.DebugLogHandler:Internal_Log (UnityEngine.LogType,UnityEngine.LogOption,string,UnityEngine.Object)
UnityEngine.DebugLogHandler:LogFormat (UnityEngine.LogType,UnityEngine.Object,string,object[])
UnityEngine.Logger:Log (UnityEngine.LogType,object)
UnityEngine.Debug:Log (object)
Game.Editor.AriaTouchInputValidation:Run () (at Assets/Game/Scripts/Editor/AriaTouchInputValidation.cs:171)
Game.Tests.Editor.SkirmishSharedMaterialsTests:RunFocusedValidation () (at Assets/Tests/Editor/SkirmishExpansion/SkirmishSharedMaterialsTests.cs:469)
Game.Tests.Editor.SkirmishSharedMaterialsTests:<RunBroaderRegressionValidation>g__Run|10_0 (System.Action,string,Game.Tests.Editor.SkirmishSharedMaterialsTests/<>c__DisplayClass10_0&) (at Assets/Tests/Editor/SkirmishExpansion/SkirmishSharedMaterialsTests.cs:314)
Game.Tests.Editor.SkirmishSharedMaterialsTests:RunBroaderRegressionValidation () (at Assets/Tests/Editor/SkirmishExpansion/SkirmishSharedMaterialsTests.cs:317)
Game.Tests.Editor.SkirmishSharedMaterialsTests:RunS004DeliveryValidation () (at Assets/Tests/Editor/SkirmishExpansion/SkirmishSharedMaterialsTests.cs:344)
System.Reflection.RuntimeMethodInfo:Invoke (object,System.Reflection.BindingFlags,System.Reflection.Binder,object[],System.Globalization.CultureInfo)
System.Reflection.MethodBase:Invoke (object,object[])
Game.Editor.SkirmishS004EnvironmentBuilder:BuildAndValidate () (at Assets/Game/Scripts/Editor/Skirmish/SkirmishS004EnvironmentBuilder.cs:15)

(Filename: Assets/Game/Scripts/Editor/AriaTouchInputValidation.cs Line: 171)

DefaultInputActions: Destroy may not be called from edit mode! Use DestroyImmediate instead.
Destroying an object in edit mode destroys it permanently
UnityEngine.Debug:ExtractStackTraceNoAlloc (byte*,int,string)
UnityEngine.StackTraceUtility:ExtractStackTrace () (at /Users/bokken/build/output/unity/unity/Runtime/Export/Scripting/StackTrace.cs:35)
UnityEngine.Object:Destroy (UnityEngine.Object,single)
UnityEngine.Object:Destroy (UnityEngine.Object) (at /Users/bokken/build/output/unity/unity/Runtime/Export/Scripting/UnityEngineObject.bindings.cs:707)
UnityEngine.InputSystem.DefaultInputActions:Dispose () (at ./Library/PackageCache/com.unity.inputsystem@21a28c3a6c83/InputSystem/Plugins/PlayerInput/DefaultInputActions.cs:904)
UnityEngine.InputSystem.UI.InputSystemUIInputModule:UnassignActions () (at ./Library/PackageCache/com.unity.inputsystem@21a28c3a6c83/InputSystem/Plugins/UI/InputSystemUIInputModule.cs:1580)
UnityEngine.InputSystem.UI.InputSystemUIInputModule:OnDisable () (at ./Library/PackageCache/com.unity.inputsystem@21a28c3a6c83/InputSystem/Plugins/UI/InputSystemUIInputModule.cs:1667)
System.Reflection.RuntimeMethodInfo:Invoke (object,System.Reflection.BindingFlags,System.Reflection.Binder,object[],System.Globalization.CultureInfo)
System.Reflection.MethodBase:Invoke (object,object[])
Game.Editor.AriaTouchInputValidation:Run () (at Assets/Game/Scripts/Editor/AriaTouchInputValidation.cs:186)
Game.Tests.Editor.SkirmishSharedMaterialsTests:RunFocusedValidation () (at Assets/Tests/Editor/SkirmishExpansion/SkirmishSharedMaterialsTests.cs:469)
Game.Tests.Editor.SkirmishSharedMaterialsTests:<RunBroaderRegressionValidation>g__Run|10_0 (System.Action,string,Game.Tests.Editor.SkirmishSharedMaterialsTests/<>c__DisplayClass10_0&) (at Assets/Tests/Editor/SkirmishExpansion/SkirmishSharedMaterialsTests.cs:314)
Game.Tests.Editor.SkirmishSharedMaterialsTests:RunBroaderRegressionValidation () (at Assets/Tests/Editor/SkirmishExpansion/SkirmishSharedMaterialsTests.cs:317)
Game.Tests.Editor.SkirmishSharedMaterialsTests:RunS004DeliveryValidation () (at Assets/Tests/Editor/SkirmishExpansion/SkirmishSharedMaterialsTests.cs:344)
System.Reflection.RuntimeMethodInfo:Invoke (object,System.Reflection.BindingFlags,System.Reflection.Binder,object[],System.Globalization.CultureInfo)
System.Reflection.MethodBase:Invoke (object,object[])
Game.Editor.SkirmishS004EnvironmentBuilder:BuildAndValidate () (at Assets/Game/Scripts/Editor/Skirmish/SkirmishS004EnvironmentBuilder.cs:15)

[Assets/Game/Scripts/Editor/AriaTouchInputValidation.cs line 186]

[SkirmishSharedMaterialsTests] result=Passed
UnityEngine.Debug:ExtractStackTraceNoAlloc (byte*,int,string)
UnityEngine.StackTraceUtility:ExtractStackTrace () (at /Users/bokken/build/output/unity/unity/Runtime/Export/Scripting/StackTrace.cs:35)
UnityEngine.DebugLogHandler:Internal_Log (UnityEngine.LogType,UnityEngine.LogOption,string,UnityEngine.Object)
UnityEngine.DebugLogHandler:LogFormat (UnityEngine.LogType,UnityEngine.Object,string,object[])
UnityEngine.Logger:Log (UnityEngine.LogType,object)
UnityEngine.Debug:Log (object)
Game.Tests.Editor.SkirmishSharedMaterialsTests:RunFocusedValidation () (at Assets/Tests/Editor/SkirmishExpansion/SkirmishSharedMaterialsTests.cs:486)
Game.Tests.Editor.SkirmishSharedMaterialsTests:<RunBroaderRegressionValidation>g__Run|10_0 (System.Action,string,Game.Tests.Editor.SkirmishSharedMaterialsTests/<>c__DisplayClass10_0&) (at Assets/Tests/Editor/SkirmishExpansion/SkirmishSharedMaterialsTests.cs:314)
Game.Tests.Editor.SkirmishSharedMaterialsTests:RunBroaderRegressionValidation () (at Assets/Tests/Editor/SkirmishExpansion/SkirmishSharedMaterialsTests.cs:317)
Game.Tests.Editor.SkirmishSharedMaterialsTests:RunS004DeliveryValidation () (at Assets/Tests/Editor/SkirmishExpansion/SkirmishSharedMaterialsTests.cs:344)
System.Reflection.RuntimeMethodInfo:Invoke (object,System.Reflection.BindingFlags,System.Reflection.Binder,object[],System.Globalization.CultureInfo)
System.Reflection.MethodBase:Invoke (object,object[])
Game.Editor.SkirmishS004EnvironmentBuilder:BuildAndValidate () (at Assets/Game/Scripts/Editor/Skirmish/SkirmishS004EnvironmentBuilder.cs:15)

(Filename: Assets/Tests/Editor/SkirmishExpansion/SkirmishSharedMaterialsTests.cs Line: 486)

[FactionTacticalMaterialsFocusedValidation] result=Passed tests=9
UnityEngine.Debug:ExtractStackTraceNoAlloc (byte*,int,string)
UnityEngine.StackTraceUtility:ExtractStackTrace () (at /Users/bokken/build/output/unity/unity/Runtime/Export/Scripting/StackTrace.cs:35)
UnityEngine.DebugLogHandler:Internal_Log (UnityEngine.LogType,UnityEngine.LogOption,string,UnityEngine.Object)
UnityEngine.DebugLogHandler:LogFormat (UnityEngine.LogType,UnityEngine.Object,string,object[])
UnityEngine.Logger:Log (UnityEngine.LogType,object)
UnityEngine.Debug:Log (object)
FactionTacticalMaterialsUtilitySystemHelperTests:RunFocusedValidation () (at Assets/Tests/Editor/FactionTacticalMaterialsUtilitySystemHelperTests.cs:23)
Game.Tests.Editor.SkirmishSharedMaterialsTests:<RunBroaderRegressionValidation>g__Run|10_0 (System.Action,string,Game.Tests.Editor.SkirmishSharedMaterialsTests/<>c__DisplayClass10_0&) (at Assets/Tests/Editor/SkirmishExpansion/SkirmishSharedMaterialsTests.cs:314)
Game.Tests.Editor.SkirmishSharedMaterialsTests:RunBroaderRegressionValidation () (at Assets/Tests/Editor/SkirmishExpansion/SkirmishSharedMaterialsTests.cs:318)
Game.Tests.Editor.SkirmishSharedMaterialsTests:RunS004DeliveryValidation () (at Assets/Tests/Editor/SkirmishExpansion/SkirmishSharedMaterialsTests.cs:344)
System.Reflection.RuntimeMethodInfo:Invoke (object,System.Reflection.BindingFlags,System.Reflection.Binder,object[],System.Globalization.CultureInfo)
System.Reflection.MethodBase:Invoke (object,object[])
Game.Editor.SkirmishS004EnvironmentBuilder:BuildAndValidate () (at Assets/Game/Scripts/Editor/Skirmish/SkirmishS004EnvironmentBuilder.cs:15)

(Filename: Assets/Tests/Editor/FactionTacticalMaterialsUtilitySystemHelperTests.cs Line: 23)

[SkirmishLaunch] queued expanded catalog=S002 definition=skirmish.s002 start=EstablishedBase difficulty=Regular size=Standard seed=104731 mapHint=0
UnityEngine.Debug:ExtractStackTraceNoAlloc (byte*,int,string)
UnityEngine.StackTraceUtility:ExtractStackTrace () (at /Users/bokken/build/output/unity/unity/Runtime/Export/Scripting/StackTrace.cs:35)
UnityEngine.DebugLogHandler:Internal_Log (UnityEngine.LogType,UnityEngine.LogOption,string,UnityEngine.Object)
UnityEngine.DebugLogHandler:LogFormat (UnityEngine.LogType,UnityEngine.Object,string,object[])
UnityEngine.Logger:Log (UnityEngine.LogType,object)
UnityEngine.Debug:Log (object)
Game.Composition.SkirmishLaunchProjection:TryQueueExpanded (Unity.Entities.EntityManager,string,int) (at Assets/Game/Scripts/Composition/SkirmishLaunchProjection.cs:132)
Game.Composition.SkirmishLaunchProjection:TryQueue (Unity.Entities.EntityManager,Game.Configs.QuickGameConfig) (at Assets/Game/Scripts/Composition/SkirmishLaunchProjection.cs:58)
Game.Tests.Editor.SkirmishExpandedDefinitionTests:LibraryDispatchIndexQueuesEstablishedS002 () (at Assets/Tests/Editor/SkirmishExpansion/SkirmishExpandedDefinitionTests.cs:857)
Game.Tests.Editor.SkirmishExpandedDefinitionTests:RunFocusedValidation () (at Assets/Tests/Editor/SkirmishExpansion/SkirmishExpandedDefinitionTests.cs:1024)
Game.Tests.Editor.SkirmishSharedMaterialsTests:<RunBroaderRegressionValidation>g__Run|10_0 (System.Action,string,Game.Tests.Editor.SkirmishSharedMaterialsTests/<>c__DisplayClass10_0&) (at Assets/Tests/Editor/SkirmishExpansion/SkirmishSharedMaterialsTests.cs:314)
Game.Tests.Editor.SkirmishSharedMaterialsTests:RunBroaderRegressionValidation () (at Assets/Tests/Editor/SkirmishExpansion/SkirmishSharedMaterialsTests.cs:319)
Game.Tests.Editor.SkirmishSharedMaterialsTests:RunS004DeliveryValidation () (at Assets/Tests/Editor/SkirmishExpansion/SkirmishSharedMaterialsTests.cs:344)
System.Reflection.RuntimeMethodInfo:Invoke (object,System.Reflection.BindingFlags,System.Reflection.Binder,object[],System.Globalization.CultureInfo)
System.Reflection.MethodBase:Invoke (object,object[])
Game.Editor.SkirmishS004EnvironmentBuilder:BuildAndValidate () (at Assets/Game/Scripts/Editor/Skirmish/SkirmishS004EnvironmentBuilder.cs:15)

(Filename: Assets/Game/Scripts/Composition/SkirmishLaunchProjection.cs Line: 132)

[SkirmishLaunch] queued expanded catalog=S003 definition=skirmish.s003 start=FieldBase difficulty=Regular size=Standard seed=104732 mapHint=0
UnityEngine.Debug:ExtractStackTraceNoAlloc (byte*,int,string)
UnityEngine.StackTraceUtility:ExtractStackTrace () (at /Users/bokken/build/output/unity/unity/Runtime/Export/Scripting/StackTrace.cs:35)
UnityEngine.DebugLogHandler:Internal_Log (UnityEngine.LogType,UnityEngine.LogOption,string,UnityEngine.Object)
UnityEngine.DebugLogHandler:LogFormat (UnityEngine.LogType,UnityEngine.Object,string,object[])
UnityEngine.Logger:Log (UnityEngine.LogType,object)
UnityEngine.Debug:Log (object)
Game.Composition.SkirmishLaunchProjection:TryQueueExpanded (Unity.Entities.EntityManager,string,int) (at Assets/Game/Scripts/Composition/SkirmishLaunchProjection.cs:132)
Game.Composition.SkirmishLaunchProjection:TryQueue (Unity.Entities.EntityManager,Game.Configs.QuickGameConfig) (at Assets/Game/Scripts/Composition/SkirmishLaunchProjection.cs:60)
Game.Tests.Editor.SkirmishExpandedDefinitionTests:LibraryDispatchIndexQueuesAirMobileS003 () (at Assets/Tests/Editor/SkirmishExpansion/SkirmishExpandedDefinitionTests.cs:882)
Game.Tests.Editor.SkirmishExpandedDefinitionTests:RunFocusedValidation () (at Assets/Tests/Editor/SkirmishExpansion/SkirmishExpandedDefinitionTests.cs:1025)
Game.Tests.Editor.SkirmishSharedMaterialsTests:<RunBroaderRegressionValidation>g__Run|10_0 (System.Action,string,Game.Tests.Editor.SkirmishSharedMaterialsTests/<>c__DisplayClass10_0&) (at Assets/Tests/Editor/SkirmishExpansion/SkirmishSharedMaterialsTests.cs:314)
Game.Tests.Editor.SkirmishSharedMaterialsTests:RunBroaderRegressionValidation () (at Assets/Tests/Editor/SkirmishExpansion/SkirmishSharedMaterialsTests.cs:319)
Game.Tests.Editor.SkirmishSharedMaterialsTests:RunS004DeliveryValidation () (at Assets/Tests/Editor/SkirmishExpansion/SkirmishSharedMaterialsTests.cs:344)
System.Reflection.RuntimeMethodInfo:Invoke (object,System.Reflection.BindingFlags,System.Reflection.Binder,object[],System.Globalization.CultureInfo)
System.Reflection.MethodBase:Invoke (object,object[])
Game.Editor.SkirmishS004EnvironmentBuilder:BuildAndValidate () (at Assets/Game/Scripts/Editor/Skirmish/SkirmishS004EnvironmentBuilder.cs:15)

(Filename: Assets/Game/Scripts/Composition/SkirmishLaunchProjection.cs Line: 132)

[SkirmishLaunch] queued expanded catalog=S004 definition=skirmish.s004 start=EstablishedBase difficulty=Regular size=Standard seed=104733 mapHint=0
UnityEngine.Debug:ExtractStackTraceNoAlloc (byte*,int,string)
UnityEngine.StackTraceUtility:ExtractStackTrace () (at /Users/bokken/build/output/unity/unity/Runtime/Export/Scripting/StackTrace.cs:35)
UnityEngine.DebugLogHandler:Internal_Log (UnityEngine.LogType,UnityEngine.LogOption,string,UnityEngine.Object)
UnityEngine.DebugLogHandler:LogFormat (UnityEngine.LogType,UnityEngine.Object,string,object[])
UnityEngine.Logger:Log (UnityEngine.LogType,object)
UnityEngine.Debug:Log (object)
Game.Composition.SkirmishLaunchProjection:TryQueueExpanded (Unity.Entities.EntityManager,string,int) (at Assets/Game/Scripts/Composition/SkirmishLaunchProjection.cs:132)
Game.Composition.SkirmishLaunchProjection:TryQueue (Unity.Entities.EntityManager,Game.Configs.QuickGameConfig) (at Assets/Game/Scripts/Composition/SkirmishLaunchProjection.cs:62)
Game.Tests.Editor.SkirmishExpandedDefinitionTests:LibraryDispatchIndexQueuesEstablishedAirMobileS004 () (at Assets/Tests/Editor/SkirmishExpansion/SkirmishExpandedDefinitionTests.cs:909)
Game.Tests.Editor.SkirmishExpandedDefinitionTests:RunFocusedValidation () (at Assets/Tests/Editor/SkirmishExpansion/SkirmishExpandedDefinitionTests.cs:1026)
Game.Tests.Editor.SkirmishSharedMaterialsTests:<RunBroaderRegressionValidation>g__Run|10_0 (System.Action,string,Game.Tests.Editor.SkirmishSharedMaterialsTests/<>c__DisplayClass10_0&) (at Assets/Tests/Editor/SkirmishExpansion/SkirmishSharedMaterialsTests.cs:314)
Game.Tests.Editor.SkirmishSharedMaterialsTests:RunBroaderRegressionValidation () (at Assets/Tests/Editor/SkirmishExpansion/SkirmishSharedMaterialsTests.cs:319)
Game.Tests.Editor.SkirmishSharedMaterialsTests:RunS004DeliveryValidation () (at Assets/Tests/Editor/SkirmishExpansion/SkirmishSharedMaterialsTests.cs:344)
System.Reflection.RuntimeMethodInfo:Invoke (object,System.Reflection.BindingFlags,System.Reflection.Binder,object[],System.Globalization.CultureInfo)
System.Reflection.MethodBase:Invoke (object,object[])
Game.Editor.SkirmishS004EnvironmentBuilder:BuildAndValidate () (at Assets/Game/Scripts/Editor/Skirmish/SkirmishS004EnvironmentBuilder.cs:15)

(Filename: Assets/Game/Scripts/Composition/SkirmishLaunchProjection.cs Line: 132)

[SkirmishExpandedDefinitionTests] result=Passed
UnityEngine.Debug:ExtractStackTraceNoAlloc (byte*,int,string)
UnityEngine.StackTraceUtility:ExtractStackTrace () (at /Users/bokken/build/output/unity/unity/Runtime/Export/Scripting/StackTrace.cs:35)
UnityEngine.DebugLogHandler:Internal_Log (UnityEngine.LogType,UnityEngine.LogOption,string,UnityEngine.Object)
UnityEngine.DebugLogHandler:LogFormat (UnityEngine.LogType,UnityEngine.Object,string,object[])
UnityEngine.Logger:Log (UnityEngine.LogType,object)
UnityEngine.Debug:Log (object)
Game.Tests.Editor.SkirmishExpandedDefinitionTests:RunFocusedValidation () (at Assets/Tests/Editor/SkirmishExpansion/SkirmishExpandedDefinitionTests.cs:1048)
Game.Tests.Editor.SkirmishSharedMaterialsTests:<RunBroaderRegressionValidation>g__Run|10_0 (System.Action,string,Game.Tests.Editor.SkirmishSharedMaterialsTests/<>c__DisplayClass10_0&) (at Assets/Tests/Editor/SkirmishExpansion/SkirmishSharedMaterialsTests.cs:314)
Game.Tests.Editor.SkirmishSharedMaterialsTests:RunBroaderRegressionValidation () (at Assets/Tests/Editor/SkirmishExpansion/SkirmishSharedMaterialsTests.cs:319)
Game.Tests.Editor.SkirmishSharedMaterialsTests:RunS004DeliveryValidation () (at Assets/Tests/Editor/SkirmishExpansion/SkirmishSharedMaterialsTests.cs:344)
System.Reflection.RuntimeMethodInfo:Invoke (object,System.Reflection.BindingFlags,System.Reflection.Binder,object[],System.Globalization.CultureInfo)
System.Reflection.MethodBase:Invoke (object,object[])
Game.Editor.SkirmishS004EnvironmentBuilder:BuildAndValidate () (at Assets/Game/Scripts/Editor/Skirmish/SkirmishS004EnvironmentBuilder.cs:15)

(Filename: Assets/Tests/Editor/SkirmishExpansion/SkirmishExpandedDefinitionTests.cs Line: 1048)

[SkirmishExpandedCatalogTests] result=Passed
UnityEngine.Debug:ExtractStackTraceNoAlloc (byte*,int,string)
UnityEngine.StackTraceUtility:ExtractStackTrace () (at /Users/bokken/build/output/unity/unity/Runtime/Export/Scripting/StackTrace.cs:35)
UnityEngine.DebugLogHandler:Internal_Log (UnityEngine.LogType,UnityEngine.LogOption,string,UnityEngine.Object)
UnityEngine.DebugLogHandler:LogFormat (UnityEngine.LogType,UnityEngine.Object,string,object[])
UnityEngine.Logger:Log (UnityEngine.LogType,object)
UnityEngine.Debug:Log (object)
Game.Tests.Editor.SkirmishExpandedCatalogTests:RunFocusedValidation () (at Assets/Tests/Editor/SkirmishExpansion/SkirmishExpandedCatalogTests.cs:334)
Game.Tests.Editor.SkirmishSharedMaterialsTests:<RunBroaderRegressionValidation>g__Run|10_0 (System.Action,string,Game.Tests.Editor.SkirmishSharedMaterialsTests/<>c__DisplayClass10_0&) (at Assets/Tests/Editor/SkirmishExpansion/SkirmishSharedMaterialsTests.cs:314)
Game.Tests.Editor.SkirmishSharedMaterialsTests:RunBroaderRegressionValidation () (at Assets/Tests/Editor/SkirmishExpansion/SkirmishSharedMaterialsTests.cs:320)
Game.Tests.Editor.SkirmishSharedMaterialsTests:RunS004DeliveryValidation () (at Assets/Tests/Editor/SkirmishExpansion/SkirmishSharedMaterialsTests.cs:344)
System.Reflection.RuntimeMethodInfo:Invoke (object,System.Reflection.BindingFlags,System.Reflection.Binder,object[],System.Globalization.CultureInfo)
System.Reflection.MethodBase:Invoke (object,object[])
Game.Editor.SkirmishS004EnvironmentBuilder:BuildAndValidate () (at Assets/Game/Scripts/Editor/Skirmish/SkirmishS004EnvironmentBuilder.cs:15)

(Filename: Assets/Tests/Editor/SkirmishExpansion/SkirmishExpandedCatalogTests.cs Line: 334)

[SkirmishExpandedObjectiveTests] result=Passed
UnityEngine.Debug:ExtractStackTraceNoAlloc (byte*,int,string)
UnityEngine.StackTraceUtility:ExtractStackTrace () (at /Users/bokken/build/output/unity/unity/Runtime/Export/Scripting/StackTrace.cs:35)
UnityEngine.DebugLogHandler:Internal_Log (UnityEngine.LogType,UnityEngine.LogOption,string,UnityEngine.Object)
UnityEngine.DebugLogHandler:LogFormat (UnityEngine.LogType,UnityEngine.Object,string,object[])
UnityEngine.Logger:Log (UnityEngine.LogType,object)
UnityEngine.Debug:Log (object)
Game.Tests.Editor.SkirmishExpandedObjectiveTests:RunFocusedValidation () (at Assets/Tests/Editor/SkirmishExpansion/SkirmishExpandedObjectiveTests.cs:292)
Game.Tests.Editor.SkirmishSharedMaterialsTests:<RunBroaderRegressionValidation>g__Run|10_0 (System.Action,string,Game.Tests.Editor.SkirmishSharedMaterialsTests/<>c__DisplayClass10_0&) (at Assets/Tests/Editor/SkirmishExpansion/SkirmishSharedMaterialsTests.cs:314)
Game.Tests.Editor.SkirmishSharedMaterialsTests:RunBroaderRegressionValidation () (at Assets/Tests/Editor/SkirmishExpansion/SkirmishSharedMaterialsTests.cs:321)
Game.Tests.Editor.SkirmishSharedMaterialsTests:RunS004DeliveryValidation () (at Assets/Tests/Editor/SkirmishExpansion/SkirmishSharedMaterialsTests.cs:344)
System.Reflection.RuntimeMethodInfo:Invoke (object,System.Reflection.BindingFlags,System.Reflection.Binder,object[],System.Globalization.CultureInfo)
System.Reflection.MethodBase:Invoke (object,object[])
Game.Editor.SkirmishS004EnvironmentBuilder:BuildAndValidate () (at Assets/Game/Scripts/Editor/Skirmish/SkirmishS004EnvironmentBuilder.cs:15)

(Filename: Assets/Tests/Editor/SkirmishExpansion/SkirmishExpandedObjectiveTests.cs Line: 292)

[SkirmishExpandedVisualTests] result=Passed
UnityEngine.Debug:ExtractStackTraceNoAlloc (byte*,int,string)
UnityEngine.StackTraceUtility:ExtractStackTrace () (at /Users/bokken/build/output/unity/unity/Runtime/Export/Scripting/StackTrace.cs:35)
UnityEngine.DebugLogHandler:Internal_Log (UnityEngine.LogType,UnityEngine.LogOption,string,UnityEngine.Object)
UnityEngine.DebugLogHandler:LogFormat (UnityEngine.LogType,UnityEngine.Object,string,object[])
UnityEngine.Logger:Log (UnityEngine.LogType,object)
UnityEngine.Debug:Log (object)
Game.Tests.Editor.SkirmishExpandedVisualTests:RunFocusedValidation () (at Assets/Tests/Editor/SkirmishExpansion/SkirmishExpandedVisualTests.cs:404)
Game.Tests.Editor.SkirmishSharedMaterialsTests:<RunBroaderRegressionValidation>g__Run|10_0 (System.Action,string,Game.Tests.Editor.SkirmishSharedMaterialsTests/<>c__DisplayClass10_0&) (at Assets/Tests/Editor/SkirmishExpansion/SkirmishSharedMaterialsTests.cs:314)
Game.Tests.Editor.SkirmishSharedMaterialsTests:RunBroaderRegressionValidation () (at Assets/Tests/Editor/SkirmishExpansion/SkirmishSharedMaterialsTests.cs:322)
Game.Tests.Editor.SkirmishSharedMaterialsTests:RunS004DeliveryValidation () (at Assets/Tests/Editor/SkirmishExpansion/SkirmishSharedMaterialsTests.cs:344)
System.Reflection.RuntimeMethodInfo:Invoke (object,System.Reflection.BindingFlags,System.Reflection.Binder,object[],System.Globalization.CultureInfo)
System.Reflection.MethodBase:Invoke (object,object[])
Game.Editor.SkirmishS004EnvironmentBuilder:BuildAndValidate () (at Assets/Game/Scripts/Editor/Skirmish/SkirmishS004EnvironmentBuilder.cs:15)

(Filename: Assets/Tests/Editor/SkirmishExpansion/SkirmishExpandedVisualTests.cs Line: 404)

[AriaPlayEditorValidation] selected catalog=S002 definition=skirmish.s002 version=2 size=Standard difficulty=Regular seed=104731 locale=en
UnityEngine.Debug:ExtractStackTraceNoAlloc (byte*,int,string)
UnityEngine.StackTraceUtility:ExtractStackTrace () (at /Users/bokken/build/output/unity/unity/Runtime/Export/Scripting/StackTrace.cs:35)
UnityEngine.DebugLogHandler:Internal_Log (UnityEngine.LogType,UnityEngine.LogOption,string,UnityEngine.Object)
UnityEngine.DebugLogHandler:LogFormat (UnityEngine.LogType,UnityEngine.Object,string,object[])
UnityEngine.Logger:Log (UnityEngine.LogType,object)
UnityEngine.Debug:Log (object)
Game.Editor.AriaPlayEditorValidation:AcceptExpandedPayload (Game.Configs.SkirmishAriaAcceptancePayload&) (at Assets/Game/Scripts/Editor/AriaPlayEditorValidation.cs:113)
Game.Tests.Editor.SkirmishExpandedAcceptanceTests:AriaPlayAndWatchFacilitiesLogSelectedConfiguration () (at Assets/Tests/Editor/SkirmishExpansion/SkirmishExpandedAcceptanceTests.cs:170)
Game.Tests.Editor.SkirmishExpandedAcceptanceTests:RunFocusedValidation () (at Assets/Tests/Editor/SkirmishExpansion/SkirmishExpandedAcceptanceTests.cs:547)
Game.Tests.Editor.SkirmishSharedMaterialsTests:<RunBroaderRegressionValidation>g__Run|10_0 (System.Action,string,Game.Tests.Editor.SkirmishSharedMaterialsTests/<>c__DisplayClass10_0&) (at Assets/Tests/Editor/SkirmishExpansion/SkirmishSharedMaterialsTests.cs:314)
Game.Tests.Editor.SkirmishSharedMaterialsTests:RunBroaderRegressionValidation () (at Assets/Tests/Editor/SkirmishExpansion/SkirmishSharedMaterialsTests.cs:323)
Game.Tests.Editor.SkirmishSharedMaterialsTests:RunS004DeliveryValidation () (at Assets/Tests/Editor/SkirmishExpansion/SkirmishSharedMaterialsTests.cs:344)
System.Reflection.RuntimeMethodInfo:Invoke (object,System.Reflection.BindingFlags,System.Reflection.Binder,object[],System.Globalization.CultureInfo)
System.Reflection.MethodBase:Invoke (object,object[])
Game.Editor.SkirmishS004EnvironmentBuilder:BuildAndValidate () (at Assets/Game/Scripts/Editor/Skirmish/SkirmishS004EnvironmentBuilder.cs:15)

(Filename: Assets/Game/Scripts/Editor/AriaPlayEditorValidation.cs Line: 113)

[SkirmishExpandedAriaWatch] selected catalog=S002 definition=skirmish.s002 version=2 size=Standard difficulty=Regular seed=130365 locale=fa-IR
UnityEngine.Debug:ExtractStackTraceNoAlloc (byte*,int,string)
UnityEngine.StackTraceUtility:ExtractStackTrace () (at /Users/bokken/build/output/unity/unity/Runtime/Export/Scripting/StackTrace.cs:35)
UnityEngine.DebugLogHandler:Internal_Log (UnityEngine.LogType,UnityEngine.LogOption,string,UnityEngine.Object)
UnityEngine.DebugLogHandler:LogFormat (UnityEngine.LogType,UnityEngine.Object,string,object[])
UnityEngine.Logger:Log (UnityEngine.LogType,object)
UnityEngine.Debug:Log (object)
Game.Editor.SkirmishExpandedAriaWatchValidation:AcceptExpandedPayload (Game.Configs.SkirmishAriaAcceptancePayload&) (at Assets/Game/Scripts/Editor/Skirmish/SkirmishExpandedAriaWatchValidation.cs:32)
Game.Editor.SkirmishExpandedAriaWatchValidation:AcceptExpandedPayload (string,Game.Skirmish.Contracts.SkirmishSizeId,Game.Skirmish.Contracts.SkirmishDifficultyId,int,string) (at Assets/Game/Scripts/Editor/Skirmish/SkirmishExpandedAriaWatchValidation.cs:55)
Game.Tests.Editor.SkirmishExpandedAcceptanceTests:AriaPlayAndWatchFacilitiesLogSelectedConfiguration () (at Assets/Tests/Editor/SkirmishExpansion/SkirmishExpandedAcceptanceTests.cs:178)
Game.Tests.Editor.SkirmishExpandedAcceptanceTests:RunFocusedValidation () (at Assets/Tests/Editor/SkirmishExpansion/SkirmishExpandedAcceptanceTests.cs:547)
Game.Tests.Editor.SkirmishSharedMaterialsTests:<RunBroaderRegressionValidation>g__Run|10_0 (System.Action,string,Game.Tests.Editor.SkirmishSharedMaterialsTests/<>c__DisplayClass10_0&) (at Assets/Tests/Editor/SkirmishExpansion/SkirmishSharedMaterialsTests.cs:314)
Game.Tests.Editor.SkirmishSharedMaterialsTests:RunBroaderRegressionValidation () (at Assets/Tests/Editor/SkirmishExpansion/SkirmishSharedMaterialsTests.cs:323)
Game.Tests.Editor.SkirmishSharedMaterialsTests:RunS004DeliveryValidation () (at Assets/Tests/Editor/SkirmishExpansion/SkirmishSharedMaterialsTests.cs:344)
System.Reflection.RuntimeMethodInfo:Invoke (object,System.Reflection.BindingFlags,System.Reflection.Binder,object[],System.Globalization.CultureInfo)
System.Reflection.MethodBase:Invoke (object,object[])
Game.Editor.SkirmishS004EnvironmentBuilder:BuildAndValidate () (at Assets/Game/Scripts/Editor/Skirmish/SkirmishS004EnvironmentBuilder.cs:15)

(Filename: Assets/Game/Scripts/Editor/Skirmish/SkirmishExpandedAriaWatchValidation.cs Line: 32)

[SkirmishIndustrialBasinAriaWatch] selected catalog=S002 definition=skirmish.s002 version=2 size=Standard difficulty=Regular seed=104731 locale=en
UnityEngine.Debug:ExtractStackTraceNoAlloc (byte*,int,string)
UnityEngine.StackTraceUtility:ExtractStackTrace () (at /Users/bokken/build/output/unity/unity/Runtime/Export/Scripting/StackTrace.cs:35)
UnityEngine.DebugLogHandler:Internal_Log (UnityEngine.LogType,UnityEngine.LogOption,string,UnityEngine.Object)
UnityEngine.DebugLogHandler:LogFormat (UnityEngine.LogType,UnityEngine.Object,string,object[])
UnityEngine.Logger:Log (UnityEngine.LogType,object)
UnityEngine.Debug:Log (object)
Game.Editor.SkirmishIndustrialBasinAriaWatchProbe:AcceptExpandedPayload (Game.Configs.SkirmishAriaAcceptancePayload&) (at Assets/Game/Scripts/Editor/SkirmishIndustrialBasinAriaWatchProbe.cs:47)
Game.Tests.Editor.SkirmishExpandedAcceptanceTests:AriaPlayAndWatchFacilitiesLogSelectedConfiguration () (at Assets/Tests/Editor/SkirmishExpansion/SkirmishExpandedAcceptanceTests.cs:187)
Game.Tests.Editor.SkirmishExpandedAcceptanceTests:RunFocusedValidation () (at Assets/Tests/Editor/SkirmishExpansion/SkirmishExpandedAcceptanceTests.cs:547)
Game.Tests.Editor.SkirmishSharedMaterialsTests:<RunBroaderRegressionValidation>g__Run|10_0 (System.Action,string,Game.Tests.Editor.SkirmishSharedMaterialsTests/<>c__DisplayClass10_0&) (at Assets/Tests/Editor/SkirmishExpansion/SkirmishSharedMaterialsTests.cs:314)
Game.Tests.Editor.SkirmishSharedMaterialsTests:RunBroaderRegressionValidation () (at Assets/Tests/Editor/SkirmishExpansion/SkirmishSharedMaterialsTests.cs:323)
Game.Tests.Editor.SkirmishSharedMaterialsTests:RunS004DeliveryValidation () (at Assets/Tests/Editor/SkirmishExpansion/SkirmishSharedMaterialsTests.cs:344)
System.Reflection.RuntimeMethodInfo:Invoke (object,System.Reflection.BindingFlags,System.Reflection.Binder,object[],System.Globalization.CultureInfo)
System.Reflection.MethodBase:Invoke (object,object[])
Game.Editor.SkirmishS004EnvironmentBuilder:BuildAndValidate () (at Assets/Game/Scripts/Editor/Skirmish/SkirmishS004EnvironmentBuilder.cs:15)

(Filename: Assets/Game/Scripts/Editor/SkirmishIndustrialBasinAriaWatchProbe.cs Line: 47)

[SkirmishExpandedAcceptanceTests] result=Passed
UnityEngine.Debug:ExtractStackTraceNoAlloc (byte*,int,string)
UnityEngine.StackTraceUtility:ExtractStackTrace () (at /Users/bokken/build/output/unity/unity/Runtime/Export/Scripting/StackTrace.cs:35)
UnityEngine.DebugLogHandler:Internal_Log (UnityEngine.LogType,UnityEngine.LogOption,string,UnityEngine.Object)
UnityEngine.DebugLogHandler:LogFormat (UnityEngine.LogType,UnityEngine.Object,string,object[])
UnityEngine.Logger:Log (UnityEngine.LogType,object)
UnityEngine.Debug:Log (object)
Game.Tests.Editor.SkirmishExpandedAcceptanceTests:RunFocusedValidation () (at Assets/Tests/Editor/SkirmishExpansion/SkirmishExpandedAcceptanceTests.cs:552)
Game.Tests.Editor.SkirmishSharedMaterialsTests:<RunBroaderRegressionValidation>g__Run|10_0 (System.Action,string,Game.Tests.Editor.SkirmishSharedMaterialsTests/<>c__DisplayClass10_0&) (at Assets/Tests/Editor/SkirmishExpansion/SkirmishSharedMaterialsTests.cs:314)
Game.Tests.Editor.SkirmishSharedMaterialsTests:RunBroaderRegressionValidation () (at Assets/Tests/Editor/SkirmishExpansion/SkirmishSharedMaterialsTests.cs:323)
Game.Tests.Editor.SkirmishSharedMaterialsTests:RunS004DeliveryValidation () (at Assets/Tests/Editor/SkirmishExpansion/SkirmishSharedMaterialsTests.cs:344)
System.Reflection.RuntimeMethodInfo:Invoke (object,System.Reflection.BindingFlags,System.Reflection.Binder,object[],System.Globalization.CultureInfo)
System.Reflection.MethodBase:Invoke (object,object[])
Game.Editor.SkirmishS004EnvironmentBuilder:BuildAndValidate () (at Assets/Game/Scripts/Editor/Skirmish/SkirmishS004EnvironmentBuilder.cs:15)

(Filename: Assets/Tests/Editor/SkirmishExpansion/SkirmishExpandedAcceptanceTests.cs Line: 552)

[SkirmishScenarioSourceBinding] result=Passed cases=6
UnityEngine.Debug:ExtractStackTraceNoAlloc (byte*,int,string)
UnityEngine.StackTraceUtility:ExtractStackTrace () (at /Users/bokken/build/output/unity/unity/Runtime/Export/Scripting/StackTrace.cs:35)
UnityEngine.DebugLogHandler:Internal_Log (UnityEngine.LogType,UnityEngine.LogOption,string,UnityEngine.Object)
UnityEngine.DebugLogHandler:LogFormat (UnityEngine.LogType,UnityEngine.Object,string,object[])
UnityEngine.Logger:Log (UnityEngine.LogType,object)
UnityEngine.Debug:Log (object)
Game.Tests.Editor.SkirmishSharedMaterialsTests/<>c:<RunBroaderRegressionValidation>b__10_1 () (at Assets/Tests/Editor/SkirmishExpansion/SkirmishSharedMaterialsTests.cs:324)
Game.Tests.Editor.SkirmishSharedMaterialsTests:<RunBroaderRegressionValidation>g__Run|10_0 (System.Action,string,Game.Tests.Editor.SkirmishSharedMaterialsTests/<>c__DisplayClass10_0&) (at Assets/Tests/Editor/SkirmishExpansion/SkirmishSharedMaterialsTests.cs:314)
Game.Tests.Editor.SkirmishSharedMaterialsTests:RunBroaderRegressionValidation () (at Assets/Tests/Editor/SkirmishExpansion/SkirmishSharedMaterialsTests.cs:324)
Game.Tests.Editor.SkirmishSharedMaterialsTests:RunS004DeliveryValidation () (at Assets/Tests/Editor/SkirmishExpansion/SkirmishSharedMaterialsTests.cs:344)
System.Reflection.RuntimeMethodInfo:Invoke (object,System.Reflection.BindingFlags,System.Reflection.Binder,object[],System.Globalization.CultureInfo)
System.Reflection.MethodBase:Invoke (object,object[])
Game.Editor.SkirmishS004EnvironmentBuilder:BuildAndValidate () (at Assets/Game/Scripts/Editor/Skirmish/SkirmishS004EnvironmentBuilder.cs:15)

(Filename: Assets/Tests/Editor/SkirmishExpansion/SkirmishSharedMaterialsTests.cs Line: 324)

[SkirmishPlayerReadyRegressions] result=Passed
UnityEngine.Debug:ExtractStackTraceNoAlloc (byte*,int,string)
UnityEngine.StackTraceUtility:ExtractStackTrace () (at /Users/bokken/build/output/unity/unity/Runtime/Export/Scripting/StackTrace.cs:35)
UnityEngine.DebugLogHandler:Internal_Log (UnityEngine.LogType,UnityEngine.LogOption,string,UnityEngine.Object)
UnityEngine.DebugLogHandler:LogFormat (UnityEngine.LogType,UnityEngine.Object,string,object[])
UnityEngine.Logger:Log (UnityEngine.LogType,object)
UnityEngine.Debug:Log (object)
Game.Tests.Editor.SkirmishSharedMaterialsTests:RunBroaderRegressionValidation () (at Assets/Tests/Editor/SkirmishExpansion/SkirmishSharedMaterialsTests.cs:327)
Game.Tests.Editor.SkirmishSharedMaterialsTests:RunS004DeliveryValidation () (at Assets/Tests/Editor/SkirmishExpansion/SkirmishSharedMaterialsTests.cs:344)
System.Reflection.RuntimeMethodInfo:Invoke (object,System.Reflection.BindingFlags,System.Reflection.Binder,object[],System.Globalization.CultureInfo)
System.Reflection.MethodBase:Invoke (object,object[])
Game.Editor.SkirmishS004EnvironmentBuilder:BuildAndValidate () (at Assets/Game/Scripts/Editor/Skirmish/SkirmishS004EnvironmentBuilder.cs:15)

(Filename: Assets/Tests/Editor/SkirmishExpansion/SkirmishSharedMaterialsTests.cs Line: 327)

[SkirmishS004EnvironmentValidation] result=Passed campaignReuse=CityEdgeAirfield additionalTown=0
UnityEngine.Debug:ExtractStackTraceNoAlloc (byte*,int,string)
UnityEngine.StackTraceUtility:ExtractStackTrace () (at /Users/bokken/build/output/unity/unity/Runtime/Export/Scripting/StackTrace.cs:35)
UnityEngine.DebugLogHandler:Internal_Log (UnityEngine.LogType,UnityEngine.LogOption,string,UnityEngine.Object)
UnityEngine.DebugLogHandler:LogFormat (UnityEngine.LogType,UnityEngine.Object,string,object[])
UnityEngine.Logger:Log (UnityEngine.LogType,object)
UnityEngine.Debug:Log (object)
Game.Tests.Editor.SkirmishSharedMaterialsTests:ValidateS004Environment () (at Assets/Tests/Editor/SkirmishExpansion/SkirmishSharedMaterialsTests.cs:429)
Game.Tests.Editor.SkirmishSharedMaterialsTests:RunS004DeliveryValidation () (at Assets/Tests/Editor/SkirmishExpansion/SkirmishSharedMaterialsTests.cs:346)
System.Reflection.RuntimeMethodInfo:Invoke (object,System.Reflection.BindingFlags,System.Reflection.Binder,object[],System.Globalization.CultureInfo)
System.Reflection.MethodBase:Invoke (object,object[])
Game.Editor.SkirmishS004EnvironmentBuilder:BuildAndValidate () (at Assets/Game/Scripts/Editor/Skirmish/SkirmishS004EnvironmentBuilder.cs:15)

(Filename: Assets/Tests/Editor/SkirmishExpansion/SkirmishSharedMaterialsTests.cs Line: 429)

Opening scene 'Assets/Game/Scenes/Menu.unity'
Unloading 69 Unused Serialized files (Serialized files now loaded: 0)
Loaded scene 'Assets/Game/Scenes/Menu.unity'
	Deserialize:            14.450 ms
	Integration:            937.560 ms
	Integration of assets:  0.007 ms
	Thread Wait Time:       0.003 ms
	Total Operation Time:   952.020 ms
Unloading 113 unused Assets / (58.4 KB). Loaded Objects now: 53510.
Memory consumption went from 1.39 GB to 1.39 GB.
Total: 173.760917 ms (FindLiveObjects: 10.543500 ms CreateObjectMapping: 26.413792 ms MarkObjects: 134.999417 ms  DeleteObjects: 1.799458 ms)

Opening scene 'Assets/Game/Scenes/Menu.unity'
Unloading 1 Unused Serialized files (Serialized files now loaded: 0)
Loaded scene 'Assets/Game/Scenes/Menu.unity'
	Deserialize:            15.554 ms
	Integration:            919.642 ms
	Integration of assets:  0.012 ms
	Thread Wait Time:       0.118 ms
	Total Operation Time:   935.326 ms
Unloading 1 unused Assets / (Unknown). Loaded Objects now: 53510.
Memory consumption went from 1.38 GB to 1.38 GB.
Total: 172.929916 ms (FindLiveObjects: 17.550750 ms CreateObjectMapping: 26.186375 ms MarkObjects: 129.096708 ms  DeleteObjects: 0.095584 ms)

AssertionException:   Expected: True
  But was:  False
  at NUnit.Framework.Assert.That[TActual] (TActual actual, NUnit.Framework.Constraints.IResolveConstraint expression, System.String message, System.Object[] args) [0x00044] in <8b63e8ac0a4746599ed207982825ae6c>:0 
  at NUnit.Framework.Assert.IsTrue (System.Boolean condition) [0x00007] in <8b63e8ac0a4746599ed207982825ae6c>:0 
  at Game.Tests.Editor.SkirmishSharedMaterialsTests.S004CampaignLightingUsesAuthoredSunAndRestoresMatchLights () [0x00168] in /Users/farhad/Projects/WarlineCapture/Assets/Tests/Editor/SkirmishExpansion/SkirmishSharedMaterialsTests.cs:397 
  at Game.Tests.Editor.SkirmishSharedMaterialsTests.RunS004DeliveryValidation () [0x00035] in /Users/farhad/Projects/WarlineCapture/Assets/Tests/Editor/SkirmishExpansion/SkirmishSharedMaterialsTests.cs:347 
  at (wrapper managed-to-native) System.Reflection.RuntimeMethodInfo.InternalInvoke(System.Reflection.RuntimeMethodInfo,object,object[],System.Exception&)
  at System.Reflection.RuntimeMethodInfo.Invoke (System.Object obj, System.Reflection.BindingFlags invokeAttr, System.Reflection.Binder binder, System.Object[] parameters, System.Globalization.CultureInfo culture) [0x0006a] in <299d5c9ae27b4d27af003e5f456f4b13>:0 
Rethrow as TargetInvocationException: Exception has been thrown by the target of an invocation.
  at System.Reflection.RuntimeMethodInfo.Invoke (System.Object obj, System.Reflection.BindingFlags invokeAttr, System.Reflection.Binder binder, System.Object[] parameters, System.Globalization.CultureInfo culture) [0x00083] in <299d5c9ae27b4d27af003e5f456f4b13>:0 
  at System.Reflection.MethodBase.Invoke (System.Object obj, System.Object[] parameters) [0x00000] in <299d5c9ae27b4d27af003e5f456f4b13>:0 
  at Game.Editor.SkirmishS004EnvironmentBuilder.BuildAndValidate () [0x00066] in /Users/farhad/Projects/WarlineCapture/Assets/Game/Scripts/Editor/Skirmish/SkirmishS004EnvironmentBuilder.cs:15 

(Filename: Assets/Tests/Editor/SkirmishExpansion/SkirmishSharedMaterialsTests.cs Line: 397)

executeMethod method Game.Editor.SkirmishS004EnvironmentBuilder.BuildAndValidate threw exception.
Thread 0x16daf7000 may have been prematurely finalized
Batchmode quit successfully invoked - shutting down!
Pipeline Server stopped
Unloading 1 Unused Serialized files (Serialized files now loaded: 0)
Killing ADB server in 0.538067 seconds.
Shutting down MSBuild server...
Shutting down VB/C# compiler server...
Unloading 0 unused Assets / (0 B). Loaded Objects now: 53510.
Memory consumption went from 1.43 GB to 1.43 GB.
Total: 391.510709 ms (FindLiveObjects: 11.413458 ms CreateObjectMapping: 35.628333 ms MarkObjects: 344.169417 ms  DeleteObjects: 0.297833 ms)

Thread 0x37b6eb000 may have been prematurely finalized
MSBuild server shut down successfully.
VB/C# compiler server shut down successfully.
Input System module state changed to: ShutdownInProgress.
Input Polling Thread exited.
Input System module state changed to: Shutdown.
Leftover web requests after shut down
[Physics::Module] Cleanup current backend.
[Physics::Module] Id: 0xf2b8ea05
[Licensing::IpcConnector] LicenseClient-farhad-6000.5.2-notifications channel disconnected successfully.
[Licensing::IpcConnector] LicenseClient-farhad-6000.5.2 channel disconnected successfully.
Thread 0x16e443000 may have been prematurely finalized
Thread 0x16e55b000 may have been prematurely finalized
Thread 0x16e5e7000 may have been prematurely finalized
Thread 0x16e673000 may have been prematurely finalized
Thread 0x16e6ff000 may have been prematurely finalized
Thread 0x16e78b000 may have been prematurely finalized
Thread 0x16e817000 may have been prematurely finalized
Thread 0x16e8a3000 may have been prematurely finalized
Thread 0x16e4cf000 may have been prematurely finalized
AcceleratorClientConnectionCallback - disconnected - :0
Thread 0x16e0fb000 may have been prematurely finalized
info: Microsoft.Hosting.Lifetime[0]
      Application is shutting down...
Cleanup mono
CodeReloadManager destroyed
info: Unity.ILPP.Runner.PostProcessingAssemblyLoadContext[0]
      ALC ILPP context 1 is unloading
Leak Detected : Persistent allocates 4 individual allocations. To find out more please enable 'Settings > Jobs > Leak Detection Level > Enabled With Stack Trace' and reproduce the leak again.
debugger-agent: Unable to listen on 44
Exiting batchmode successfully now!
[Package Manager] Server process was shutdown
