Unity Editor version:    6000.5.2f1 (eb73d3b415a1)
Branch:                  6000.5/staging
Build type:              Release
Batch mode:              NO
macOS version:           Version 26.6.2 (Build 25G83)
Darwin version:          25.6.0
Architecture:            arm64
Running under Rosetta:   NO
Available memory:        16384 MB
Date:                    2026-10-03T21:38:18Z
[Licensing::Module] Trying to connect to existing licensing client channel...
[Licensing::IpcConnector] Successfully connected to: "LicenseClient-farhad" at "2026-10-03T21:38:18.140757Z"
Launching external process: /Applications/Unity/Hub/Editor/6000.5.2f1/Unity.app/Contents/Helpers/PackageManager/Server/UnityPackageManager

COMMAND LINE ARGUMENTS:
/Applications/Unity/Hub/Editor/6000.5.2f1/Unity.app/Contents/MacOS/Unity
-projectPath
/Users/farhad/Projects/WarlineCapture
-logFile
/private/tmp/warline-s004-campaign-native-en-104733-29.log
-executeMethod
Game.Editor.SkirmishS002AriaRunHarness.RunS004AriaAndExit
Successfully changed project path to: /Users/farhad/Projects/WarlineCapture
/Users/farhad/Projects/WarlineCapture
[UnityMemory] Configuration Parameters - Can be set up in boot.config
    "memorysetup-temp-allocator-size-gi-baking-worker=262144"
    "memorysetup-temp-allocator-size-gi-baking-worker=262144"
    "memorysetup-temp-allocator-size-gi-baking-worker=262144"
    "memorysetup-temp-allocator-size-gi-baking-worker=262144"
    "memorysetup-temp-allocator-size-gi-baking-worker=262144"
    "memorysetup-temp-allocator-size-nav-mesh-worker=65536"
    "memorysetup-temp-allocator-size-audio-worker=65536"
    "memorysetup-temp-allocator-size-cloud-worker=32768"
    "memorysetup-allocator-temp-initial-block-size-main=262144"
    "memorysetup-allocator-temp-initial-block-size-worker=262144"
    "memorysetup-temp-allocator-size-preload-manager=33554432"
    "memorysetup-temp-allocator-size-gfx=262144"
    "memorysetup-temp-allocator-size-background-worker=32768"
    "memorysetup-temp-allocator-size-job-worker=262144"
    "memorysetup-bucket-allocator-granularity=16"
    "memorysetup-bucket-allocator-bucket-count=8"
    "memorysetup-bucket-allocator-block-size=33554432"
    "memorysetup-bucket-allocator-block-count=8"
    "memorysetup-main-allocator-block-size=16777216"
    "memorysetup-thread-allocator-block-size=16777216"
    "memorysetup-main-allocator-mimalloc-enabled=0"
    "memorysetup-gfx-main-allocator-block-size=16777216"
    "memorysetup-gfx-thread-allocator-block-size=16777216"
    "memorysetup-cache-allocator-block-size=4194304"
    "memorysetup-typetree-allocator-block-size=2097152"
    "memorysetup-profiler-bucket-allocator-granularity=16"
    "memorysetup-profiler-bucket-allocator-bucket-count=8"
    "memorysetup-profiler-bucket-allocator-block-size=33554432"
    "memorysetup-profiler-bucket-allocator-block-count=8"
    "memorysetup-profiler-allocator-block-size=16777216"
    "memorysetup-profiler-editor-allocator-block-size=1048576"
    "memorysetup-temp-allocator-size-main=16777216"
    "memorysetup-job-temp-allocator-block-size=2097152"
    "memorysetup-job-temp-allocator-block-size-background=1048576"
    "memorysetup-job-temp-allocator-reduction-small-platforms=262144"
[Licensing::Client] Error: HandshakeResponse reported an error:
	ResponseCode: 505
	ResponseStatus: Unsupported protocol version '1.18.1'.
[Licensing::Module] Error: Failed to handshake to channel: "LicenseClient-farhad"
[Licensing::IpcConnector] LicenseClient-farhad channel disconnected successfully.
[Licensing::IpcConnector] Successfully connected to: "LicenseClient-farhad-6000.5.2" at "2026-10-03T21:38:18.79374Z"
Logging is directed to a specific file, skipping project log.Player connection [8466637184]  Target information:

Player connection [8466637184]  * "[IP] 192.168.2.175 [Port] 55504 [Flags] 2 [Guid] 4006427886 [EditorId] 4006427886 [Version] 1048832 [Id] OSXEditor(0,Farhads-Air-2) [Debug] 1 [PackageName] OSXEditor [ProjectName] Editor" 

Player connection [8466637184] Host joined multi-casting on [225.0.0.222:54997]...
Player connection [8466637184] Host joined alternative multi-casting on [225.0.0.222:34997]...
Input System module state changed to: Initialized.
[Physics::Module] Initialized fallback backend.
[Physics::Module] Id: 0xdecafbad
[Package Manager] Connected to IPC stream "Upm-20031" after 0.2 seconds.
[Licensing::Module] Licensing is not yet initialized.
[Licensing::Client] Handshaking with LicensingClient:
  Version:                 1.18.1+9fbee8e
  Session Id:              74afebb4180640e4b21b508f23d2e907
  Correlation Id:          9daa549db5e8de905f3b751f8394da74
  External correlation Id: 889606121079501292
  Machine Id:              10T5sSSYWiUOOlqtQecUz0BYTYA=
[Licensing::Module] Successfully connected to LicensingClient on channel: "LicenseClient-farhad-6000.5.2" (connect: 0.00s, validation: 0.00s, handshake: 0.58s)
[Licensing::IpcConnector] Successfully connected to: "LicenseClient-farhad-6000.5.2-notifications" at "2026-10-03T21:38:19.374356Z"
[Licensing::Module] Error: Access token is unavailable; failed to update
[Licensing::Client] Successfully resolved entitlement details
[Licensing::Module] License group:
  Id: 2197950-UnityPersXXXX
  Product: Unity Personal
  Type: Assigned
  Expiration: Unlimited
[Licensing::Client] Successfully updated license, isAsync: True, time: 0.00
[Licensing::Client] Successfully resolved entitlement details
[Licensing::Module] Licensing Background thread has ended after 1.24s
[Licensing::Module] Licensing is initialized (took 0.24s).
[Licensing::Client] Successfully resolved entitlement details
Library Redirect Path: Library/
[Physics::Module] Selected backend.
[Physics::Module] Name: PhysX
[Physics::Module] Id: 0xf2b8ea05
[Physics::Module] SDK Version: 4.1.2
[Physics::Module] Integration Version: 1.0.0
[Physics::Module] Threading Mode: Multi-Threaded
Initialize engine version: 6000.5.2f1 (eb73d3b415a1)
[Subsystems] Discovering subsystems at path /Applications/Unity/Hub/Editor/6000.5.2f1/Unity.app/Contents/Resources/UnitySubsystems
[Subsystems] Discovering subsystems at path /Users/farhad/Projects/WarlineCapture/Assets
GfxDevice: creating device client; kGfxThreadingModeThreaded
 preferred device: Apple M5 (high power)
Metal devices available: 1
0: Apple M5 (high power)
Using device Apple M5 (high power)
Initializing Metal device caps: Apple M5
Mac GPU Family: 2
Apple GPU Family: 9
MSL Version: 3.0
Has Float MSAA: 1
Has Float Filtering: 1
ReadWrite Texture Tier: 2
Initialize mono
Mono path[0] = '/Applications/Unity/Hub/Editor/6000.5.2f1/Unity.app/Contents/Resources/Scripting/Managed'
Mono path[1] = '/Applications/Unity/Hub/Editor/6000.5.2f1/Unity.app/Contents/Resources/Scripting/BCLExtensions/runtime/netstandard2.1'
Mono path[2] = '/Applications/Unity/Hub/Editor/6000.5.2f1/Unity.app/Contents/Resources/Scripting/MonoBleedingEdge/lib/mono/unityjit-macos'
Mono config path = '/Applications/Unity/Hub/Editor/6000.5.2f1/Unity.app/Contents/Resources/Scripting/MonoBleedingEdge/etc'
Using monoOptions --debugger-agent=transport=dt_socket,embedding=1,server=y,suspend=n,address=127.0.0.1:56031
CodeReloadManager initialized
ImportWorker Server TCP listen port: 0
AcceleratorClientConnectionCallback - disconnected - :0
Begin MonoManager ReloadAssembly
Registering precompiled unity dll's ...
Register platform support module: /Applications/Unity/Hub/Editor/6000.5.2f1/PlaybackEngines/MacStandaloneSupport/UnityEditor.OSXStandalone.Extensions.dll
[Licensing::Client] Successfully resolved entitlement details
Register platform support module: /Applications/Unity/Hub/Editor/6000.5.2f1/PlaybackEngines/AndroidPlayer/UnityEditor.Android.Extensions.dll
Registered in 0.010414 seconds.
Native extension for Android target not found
Native extension for OSXStandalone target not found
Package Manager log level set to [2]
ScheduleIndexationOnStartup MainProcess:False IndexOnStartup:True
Mono: successfully reloaded assembly
- Finished resetting the current domain, in  0.645 seconds
Domain Reload Profiling: 1323ms
	BeginReloadAssembly (168ms)
	RebuildCommonClasses (8ms)
	RebuildNativeTypeToScriptingClass (25ms)
	initialDomainReloadingComplete (83ms)
	LoadAllAssembliesAndSetupDomain (392ms)
		LoadAssemblies (168ms)
		AnalyzeDomain (299ms)
			TypeCache.Refresh (297ms)
				TypeCache.ScanAssembly (274ms)
	FinalizeReload (647ms)
		SetupLoadedEditorAssemblies (0ms)
			InitializePlatformSupportModulesInManaged (128ms)
			BeforeProcessingInitializeOnLoad (117ms)
			ProcessInitializeOnLoadAttributes (123ms)
			ProcessInitializeOnLoadMethodAttributes (141ms)
[Licensing::Client] Successfully resolved entitlement details
Application.AssetDatabase Initial Refresh Start
[Package Manager] Restoring resolved packages state from cache
[Licensing::Client] Successfully resolved entitlement details
[Package Manager] Registered 70 packages:
  Packages from [https://packages.unity.com]:
    com.unity.addressables@3.1.0 (location: /Users/farhad/Projects/WarlineCapture/Library/PackageCache/com.unity.addressables@9bffe1a216ce)
    com.unity.ai.assistant@2.13.0-pre.2 (location: /Users/farhad/Projects/WarlineCapture/Library/PackageCache/com.unity.ai.assistant@6fee27370e6a)
    com.unity.collab-proxy@2.12.4 (location: /Users/farhad/Projects/WarlineCapture/Library/PackageCache/com.unity.collab-proxy@0b1559bcd34e)
    com.unity.ide.rider@3.0.40 (location: /Users/farhad/Projects/WarlineCapture/Library/PackageCache/com.unity.ide.rider@e4950c6d131b)
    com.unity.ide.visualstudio@2.0.27 (location: /Users/farhad/Projects/WarlineCapture/Library/PackageCache/com.unity.ide.visualstudio@dc1ddd4f09b6)
    com.unity.inputsystem@1.19.0 (location: /Users/farhad/Projects/WarlineCapture/Library/PackageCache/com.unity.inputsystem@21a28c3a6c83)
    com.unity.probuilder@6.1.2 (location: /Users/farhad/Projects/WarlineCapture/Library/PackageCache/com.unity.probuilder@8be9724b2335)
    com.unity.timeline@1.8.12 (location: /Users/farhad/Projects/WarlineCapture/Library/PackageCache/com.unity.timeline@8cd8509afae5)
    com.unity.visualscripting@1.9.11 (location: /Users/farhad/Projects/WarlineCapture/Library/PackageCache/com.unity.visualscripting@8bed5ad90189)
    com.unity.pipeline@0.6.0-exp.1 (location: /Users/farhad/Projects/WarlineCapture/Library/PackageCache/com.unity.pipeline@9bb4172c603c)
    com.unity.burst@1.8.29 (location: /Users/farhad/Projects/WarlineCapture/Library/PackageCache/com.unity.burst@6bb9aca3ef38)
    com.unity.nuget.mono-cecil@1.11.6 (location: /Users/farhad/Projects/WarlineCapture/Library/PackageCache/com.unity.nuget.mono-cecil@ecb9724e46ff)
    com.unity.nuget.newtonsoft-json@3.2.2 (location: /Users/farhad/Projects/WarlineCapture/Library/PackageCache/com.unity.nuget.newtonsoft-json@4dfd81071c64)
    com.unity.searcher@4.9.4 (location: /Users/farhad/Projects/WarlineCapture/Library/PackageCache/com.unity.searcher@d45a78918735)
    com.unity.settings-manager@2.1.1 (location: /Users/farhad/Projects/WarlineCapture/Library/PackageCache/com.unity.settings-manager@0b8638c5ce86)
    com.unity.profiling.core@1.0.3 (location: /Users/farhad/Projects/WarlineCapture/Library/PackageCache/com.unity.profiling.core@8a49f7027d06)
    com.unity.test-framework.performance@3.5.0 (location: /Users/farhad/Projects/WarlineCapture/Library/PackageCache/com.unity.test-framework.performance@8b56083ec0f0)
    com.unity.scriptablebuildpipeline@3.1.1 (location: /Users/farhad/Projects/WarlineCapture/Library/PackageCache/com.unity.scriptablebuildpipeline@ea93f1084040)
  Built-in packages:
    com.unity.2d.sprite@1.0.0 (location: /Users/farhad/Projects/WarlineCapture/Library/PackageCache/com.unity.2d.sprite@053a968eab56)
    com.unity.entities@6.5.0 (location: /Users/farhad/Projects/WarlineCapture/Library/PackageCache/com.unity.entities@bab66ffaba49)
    com.unity.entities.graphics@6.5.0 (location: /Users/farhad/Projects/WarlineCapture/Library/PackageCache/com.unity.entities.graphics@66588da3a112)
    com.unity.multiplayer.center@1.0.1 (location: /Users/farhad/Projects/WarlineCapture/Library/PackageCache/com.unity.multiplayer.center@b860850997d0)
    com.unity.render-pipelines.universal@17.5.0 (location: /Users/farhad/Projects/WarlineCapture/Library/PackageCache/com.unity.render-pipelines.universal@748d7458cc62)
    com.unity.serialization@6.5.0 (location: /Users/farhad/Projects/WarlineCapture/Library/PackageCache/com.unity.serialization@b2610f80ff18)
    com.unity.shadergraph@17.5.0 (location: /Users/farhad/Projects/WarlineCapture/Library/PackageCache/com.unity.shadergraph@2df19e8719bc)
    com.unity.test-framework@1.7.0 (location: /Users/farhad/Projects/WarlineCapture/Library/PackageCache/com.unity.test-framework@1405238725ab)
    com.unity.ugui@2.5.0 (location: /Users/farhad/Projects/WarlineCapture/Library/PackageCache/com.unity.ugui@3d1ea40b73ef)
    com.unity.modules.accessibility@1.0.0 (location: /Users/farhad/Projects/WarlineCapture/Library/PackageCache/com.unity.modules.accessibility)
    com.unity.modules.adaptiveperformance@1.0.0 (location: /Users/farhad/Projects/WarlineCapture/Library/PackageCache/com.unity.modules.adaptiveperformance)
    com.unity.modules.ai@1.0.0 (location: /Users/farhad/Projects/WarlineCapture/Library/PackageCache/com.unity.modules.ai)
    com.unity.modules.androidjni@1.0.0 (location: /Users/farhad/Projects/WarlineCapture/Library/PackageCache/com.unity.modules.androidjni)
    com.unity.modules.animation@1.0.0 (location: /Users/farhad/Projects/WarlineCapture/Library/PackageCache/com.unity.modules.animation)
    com.unity.modules.assetbundle@1.0.0 (location: /Users/farhad/Projects/WarlineCapture/Library/PackageCache/com.unity.modules.assetbundle)
    com.unity.modules.audio@1.0.0 (location: /Users/farhad/Projects/WarlineCapture/Library/PackageCache/com.unity.modules.audio)
    com.unity.modules.cloth@1.0.0 (location: /Users/farhad/Projects/WarlineCapture/Library/PackageCache/com.unity.modules.cloth)
    com.unity.modules.director@1.0.0 (location: /Users/farhad/Projects/WarlineCapture/Library/PackageCache/com.unity.modules.director)
    com.unity.modules.imageconversion@1.0.0 (location: /Users/farhad/Projects/WarlineCapture/Library/PackageCache/com.unity.modules.imageconversion)
    com.unity.modules.imgui@1.0.0 (location: /Users/farhad/Projects/WarlineCapture/Library/PackageCache/com.unity.modules.imgui)
    com.unity.modules.jsonserialize@1.0.0 (location: /Users/farhad/Projects/WarlineCapture/Library/PackageCache/com.unity.modules.jsonserialize)
    com.unity.modules.physicscore2d@1.0.0 (location: /Users/farhad/Projects/WarlineCapture/Library/PackageCache/com.unity.modules.physicscore2d)
    com.unity.modules.screencapture@1.0.0 (location: /Users/farhad/Projects/WarlineCapture/Library/PackageCache/com.unity.modules.screencapture)
    com.unity.modules.tilemap@1.0.0 (location: /Users/farhad/Projects/WarlineCapture/Library/PackageCache/com.unity.modules.tilemap)
    com.unity.modules.ui@1.0.0 (location: /Users/farhad/Projects/WarlineCapture/Library/PackageCache/com.unity.modules.ui)
    com.unity.modules.uielements@1.0.0 (location: /Users/farhad/Projects/WarlineCapture/Library/PackageCache/com.unity.modules.uielements)
    com.unity.modules.umbra@1.0.0 (location: /Users/farhad/Projects/WarlineCapture/Library/PackageCache/com.unity.modules.umbra)
    com.unity.modules.unityanalytics@1.0.0 (location: /Users/farhad/Projects/WarlineCapture/Library/PackageCache/com.unity.modules.unityanalytics)
    com.unity.modules.unitywebrequest@1.0.0 (location: /Users/farhad/Projects/WarlineCapture/Library/PackageCache/com.unity.modules.unitywebrequest)
    com.unity.modules.unitywebrequestassetbundle@1.0.0 (location: /Users/farhad/Projects/WarlineCapture/Library/PackageCache/com.unity.modules.unitywebrequestassetbundle)
    com.unity.modules.unitywebrequestaudio@1.0.0 (location: /Users/farhad/Projects/WarlineCapture/Library/PackageCache/com.unity.modules.unitywebrequestaudio)
    com.unity.modules.unitywebrequesttexture@1.0.0 (location: /Users/farhad/Projects/WarlineCapture/Library/PackageCache/com.unity.modules.unitywebrequesttexture)
    com.unity.modules.unitywebrequestwww@1.0.0 (location: /Users/farhad/Projects/WarlineCapture/Library/PackageCache/com.unity.modules.unitywebrequestwww)
    com.unity.modules.vectorgraphics@1.0.0 (location: /Users/farhad/Projects/WarlineCapture/Library/PackageCache/com.unity.modules.vectorgraphics)
    com.unity.modules.vehicles@1.0.0 (location: /Users/farhad/Projects/WarlineCapture/Library/PackageCache/com.unity.modules.vehicles)
    com.unity.modules.video@1.0.0 (location: /Users/farhad/Projects/WarlineCapture/Library/PackageCache/com.unity.modules.video)
    com.unity.modules.wind@1.0.0 (location: /Users/farhad/Projects/WarlineCapture/Library/PackageCache/com.unity.modules.wind)
    com.unity.modules.xr@1.0.0 (location: /Users/farhad/Projects/WarlineCapture/Library/PackageCache/com.unity.modules.xr)
    com.unity.modules.physics@1.0.0 (location: /Users/farhad/Projects/WarlineCapture/Library/PackageCache/com.unity.modules.physics)
    com.unity.modules.subsystems@1.0.0 (location: /Users/farhad/Projects/WarlineCapture/Library/PackageCache/com.unity.modules.subsystems)
    com.unity.modules.hierarchycore@1.0.0 (location: /Users/farhad/Projects/WarlineCapture/Library/PackageCache/com.unity.modules.hierarchycore)
    com.unity.modules.physics2d@1.0.0 (location: /Users/farhad/Projects/WarlineCapture/Library/PackageCache/com.unity.modules.physics2d)
    com.unity.modules.particlesystem@1.0.0 (location: /Users/farhad/Projects/WarlineCapture/Library/PackageCache/com.unity.modules.particlesystem)
    com.unity.ext.nunit@2.1.0 (location: /Users/farhad/Projects/WarlineCapture/Library/PackageCache/com.unity.ext.nunit@44f7d31723bd)
    com.unity.render-pipelines.core@17.5.0 (location: /Users/farhad/Projects/WarlineCapture/Library/PackageCache/com.unity.render-pipelines.core@9fe9377312a8)
    com.unity.collections@6.5.0 (location: /Users/farhad/Projects/WarlineCapture/Library/PackageCache/com.unity.collections@a43cabe808ca)
    com.unity.render-pipelines.universal-config@17.5.0 (location: /Users/farhad/Projects/WarlineCapture/Library/PackageCache/com.unity.render-pipelines.universal-config@fdda01c80fe3)
    com.unity.modules.hierarchy@1.0.0 (location: /Users/farhad/Projects/WarlineCapture/Library/PackageCache/com.unity.modules.hierarchy)
    com.unity.mathematics@1.4.0 (location: /Users/farhad/Projects/WarlineCapture/Library/PackageCache/com.unity.mathematics@981956d94fb6)
    com.unity.modules.terrain@1.0.0 (location: /Users/farhad/Projects/WarlineCapture/Library/PackageCache/com.unity.modules.terrain)
  Embedded packages:
    com.sniveler-code.gpu-animation@file:/Users/farhad/Projects/WarlineCapture/Packages/com.sniveler-code.gpu-animation (location: /Users/farhad/Projects/WarlineCapture/Packages/com.sniveler-code.gpu-animation)
  Git packages:
    com.nosuchstudio.rtltmpro@https://github.com/hk1ll3r/RTLTMPro.git?path=/UPMPackage#69c9193fc27218f17679cc57382a61ac4a717b2b (location: /Users/farhad/Projects/WarlineCapture/Library/PackageCache/com.nosuchstudio.rtltmpro@44858274f18a)
[Subsystems] No new subsystems found in resolved package list.
[Package Manager] Done registering packages in 0.03 seconds
Assembly reference Packages/com.unity.entities/Unity.Scenes.Editor/Internals/Properties/Unity.Properties.Internals.asmref has no target assembly definition
Assembly reference Packages/com.unity.entities/Unity.Scenes.Editor/Internals/Properties/Unity.Properties.Internals.asmref has no target assembly definition
info: Microsoft.Hosting.Lifetime[14]
      Now listening on: http://unix:/tmp/ilpp.sock-cab634237f5413a71fd009541e827d78
info: Microsoft.Hosting.Lifetime[0]
      Application started. Press Ctrl+C to shut down.
info: Microsoft.Hosting.Lifetime[0]
      Hosting environment: Production
info: Microsoft.Hosting.Lifetime[0]
      Content root path: /Users/farhad/Projects/WarlineCapture
info: Microsoft.AspNetCore.Hosting.Diagnostics[1]
      Request starting HTTP/2 POST http://ilpp/UnityILPP.PostProcessing/Ping - application/grpc -
info: Microsoft.AspNetCore.Routing.EndpointMiddleware[0]
      Executing endpoint 'gRPC - /UnityILPP.PostProcessing/Ping'
info: Microsoft.AspNetCore.Routing.EndpointMiddleware[1]
      Executed endpoint 'gRPC - /UnityILPP.PostProcessing/Ping'
info: Microsoft.AspNetCore.Hosting.Diagnostics[2]
      Request finished HTTP/2 POST http://ilpp/UnityILPP.PostProcessing/Ping - 200 - application/grpc 35.4757ms
Refreshing native plugins compatible for Editor in 2.85 ms, found 3 plugins.
Starting: /Applications/Unity/Hub/Editor/6000.5.2f1/Unity.app/Contents/Resources/BuildPipeline/bee_backend --ipc --defer-dag-verification --dagfile="Library/Bee/200b0aE.dag" --continue-on-failure --profile="Library/Bee/backend1.traceevents" ScriptAssemblies
WorkingDir: /Users/farhad/Projects/WarlineCapture
info: Microsoft.AspNetCore.Hosting.Diagnostics[1]
      Request starting HTTP/2 POST http://ilpp/UnityILPP.PostProcessing/ConfigurePostProcessors - application/grpc -
info: Microsoft.AspNetCore.Routing.EndpointMiddleware[0]
      Executing endpoint 'gRPC - /UnityILPP.PostProcessing/ConfigurePostProcessors'
warn: Unity.ILPP.Runner.PostProcessingAssemblyLoadContext[0]
      Assembly system.runtime.interopservices.windowsruntime has duplicate hint path. Ignoring "/Applications/Unity/Hub/Editor/6000.5.2f1/Unity.app/Contents/Resources/Scripting/NetStandard/Extensions/2.0.0/System.Runtime.InteropServices.WindowsRuntime.dll" in favor of "/Applications/Unity/Hub/Editor/6000.5.2f1/Unity.app/Contents/Resources/Scripting/UnityReferenceAssemblies/unity-4.8-api/Facades/System.Runtime.InteropServices.WindowsRuntime.dll"
warn: Unity.ILPP.Runner.PostProcessingAssemblyLoadContext[0]
      Assembly system.componentmodel.composition has duplicate hint path. Ignoring "/Applications/Unity/Hub/Editor/6000.5.2f1/Unity.app/Contents/Resources/Scripting/NetStandard/compat/2.1.0/shims/netfx/System.ComponentModel.Composition.dll" in favor of "/Applications/Unity/Hub/Editor/6000.5.2f1/Unity.app/Contents/Resources/Scripting/UnityReferenceAssemblies/unity-4.8-api/System.ComponentModel.Composition.dll"
info: Unity.ILPP.Runner.PostProcessingAssemblyLoadContext[0]
      Resolved Mono.Cecil, Version=0.11.5.0, Culture=neutral, PublicKeyToken=50cebf1cceb9d05e with Library/PackageCache/com.unity.nuget.mono-cecil@ecb9724e46ff/Mono.Cecil.dll
info: Unity.ILPP.Runner.PostProcessingAssemblyLoadContext[0]
      Resolved Unity.Burst.Cecil, Version=0.11.6.0, Culture=neutral, PublicKeyToken=50cebf1cceb9d05e with Library/PackageCache/com.unity.burst@6bb9aca3ef38/Unity.Burst.CodeGen/Unity.Burst.Cecil.dll
info: Unity.ILPP.Runner.PostProcessingAssemblyLoadContext[0]
      Resolved Unity.Entities, Version=0.0.0.0, Culture=neutral, PublicKeyToken=null with Library/Bee/artifacts/200b0aE.dag/Unity.Entities.dll
info: Microsoft.AspNetCore.Routing.EndpointMiddleware[1]
      Executed endpoint 'gRPC - /UnityILPP.PostProcessing/ConfigurePostProcessors'
info: Microsoft.AspNetCore.Hosting.Diagnostics[2]
      Request finished HTTP/2 POST http://ilpp/UnityILPP.PostProcessing/ConfigurePostProcessors - 200 - application/grpc 36.9467ms
ExitCode: 0 Duration: 0s769ms
[1451/2004  0s] ILPP-Configuration Library/ilpp-configuration.nevergeneratedoutput
*** Tundra build success (0.74 seconds), 1 items updated, 2004 evaluated
AssetDatabase: script compilation time: 1.622493s
Begin MonoManager ReloadAssembly
Total cache size 268383066
Total cache size after purge 268383066, took 00:00:00.4659823
Symbol file LoadedFromMemory is not a mono symbol file
Assembly reference Packages/com.unity.entities/Unity.Scenes.Editor/Internals/Properties/Unity.Properties.Internals.asmref has no target assembly definition
Native extension for Android target not found
Native extension for OSXStandalone target not found
TypeManager.Initialize took: 663ms
The assembly Game.Authoring is using the BakingVersion attribute. But the following Baker/Baking systems/EntitySceneOptimizations systems are missing the attribute:
Game.Authoring.SupportAbilityCatalogAuthoring+SupportBaker.

Updating these bakers/systems won't trigger a scene import automatically. Please add a BakingVersion attribute on them and update their version number everytime you want them to be rerun before an import. 
Or don't use the attribute at all in their assembly to trigger scene import automatically after each changes in the assembly.
UnityEngine.Debug:ExtractStackTraceNoAlloc (byte*,int,string)
UnityEngine.StackTraceUtility:ExtractStackTrace () (at /Users/bokken/build/output/unity/unity/Runtime/Export/Scripting/StackTrace.cs:35)
UnityEngine.DebugLogHandler:Internal_Log (UnityEngine.LogType,UnityEngine.LogOption,string,UnityEngine.Object)
UnityEngine.DebugLogHandler:LogFormat (UnityEngine.LogType,UnityEngine.Object,string,object[])
UnityEngine.Logger:Log (UnityEngine.LogType,object)
UnityEngine.Debug:LogWarning (object)
Unity.Debug:LogWarning (object) (at ./Library/PackageCache/com.unity.entities@bab66ffaba49/Unity.Entities/Stubs/Unity/Debug.cs:13)
Unity.Scenes.Editor.TypeDependencyCache:PrintMissingBakingVersionAttributesWarning (System.Collections.Generic.Dictionary`2<string, System.Collections.Generic.List`1<System.Type>>) (at ./Library/PackageCache/com.unity.entities@bab66ffaba49/Unity.Scenes.Editor/TypeDependencyCache.cs:305)
Unity.Scenes.Editor.TypeDependencyCache:RegisterBakingAssemblies () (at ./Library/PackageCache/com.unity.entities@bab66ffaba49/Unity.Scenes.Editor/TypeDependencyCache.cs:284)
Unity.Scenes.Editor.TypeDependencyCache:.cctor () (at ./Library/PackageCache/com.unity.entities@bab66ffaba49/Unity.Scenes.Editor/TypeDependencyCache.cs:61)
System.Runtime.CompilerServices.RuntimeHelpers:RunClassConstructor (System.RuntimeTypeHandle)
UnityEditor.EditorAssemblies:ProcessInitializeOnLoadAttributes (System.ReadOnlySpan`1<intptr>) (at /Users/bokken/build/output/unity/unity/Editor/Mono/EditorAssemblies.cs:155)

(Filename: ./Library/PackageCache/com.unity.entities@bab66ffaba49/Unity.Entities/Stubs/Unity/Debug.cs Line: 13)

Start HTTP server: port:7800
[MODES] ModeService[none].Initialize
[MODES] ModeService[none].LoadModes
[MODES] Loading mode Default (0) for mode-current-id-WarlineCapture
[Licensing::Client] Error: Code 404 while processing request (status: Found 0 entitlement groups and 0 free entitlements matching requested entitlement ids)
[McpToolRegistry] Discovered 20 MCP tools
UnityEngine.Debug:ExtractStackTraceNoAlloc (byte*,int,string)
UnityEngine.StackTraceUtility:ExtractStackTrace () (at /Users/bokken/build/output/unity/unity/Runtime/Export/Scripting/StackTrace.cs:35)
UnityEngine.DebugLogHandler:Internal_Log (UnityEngine.LogType,UnityEngine.LogOption,string,UnityEngine.Object)
UnityEngine.DebugLogHandler:LogFormat (UnityEngine.LogType,UnityEngine.Object,string,object[])
UnityEngine.Logger:Log (UnityEngine.LogType,object)
UnityEngine.Debug:Log (object)
Unity.AI.Tracing.ConsoleSink:LogToConsole (string,string,System.Exception) (at ./Library/PackageCache/com.unity.ai.assistant@6fee27370e6a/Modules/Unity.AI.Tracing/TraceSinks.cs:313)
Unity.AI.Tracing.ConsoleSink:Write (Unity.AI.Tracing.TraceEvent) (at ./Library/PackageCache/com.unity.ai.assistant@6fee27370e6a/Modules/Unity.AI.Tracing/TraceSinks.cs:277)
Unity.AI.Tracing.TraceWriter:WriteEventInternal (string,string,Unity.AI.Tracing.TraceEventOptions,string,System.Nullable`1<int>) (at ./Library/PackageCache/com.unity.ai.assistant@6fee27370e6a/Modules/Unity.AI.Tracing/TraceWriter.cs:373)
Unity.AI.Tracing.TraceWriter:Event (string,Unity.AI.Tracing.TraceEventOptions) (at ./Library/PackageCache/com.unity.ai.assistant@6fee27370e6a/Modules/Unity.AI.Tracing/TraceWriter.cs:297)
Unity.AI.Tracing.TraceLogger:Emit (string,string,string,string,Unity.AI.Tracing.TraceEventOptions,object,System.Exception) (at ./Library/PackageCache/com.unity.ai.assistant@6fee27370e6a/Modules/Unity.AI.Tracing/TraceLogger.cs:105)
Unity.AI.Tracing.TraceLogger:Info (string,string,string,Unity.AI.Tracing.TraceEventOptions) (at ./Library/PackageCache/com.unity.ai.assistant@6fee27370e6a/Modules/Unity.AI.Tracing/TraceLogger.cs:35)
Unity.AI.MCP.Editor.Helpers.McpLog:Log (string,Unity.AI.Tracing.TraceEventOptions) (at ./Library/PackageCache/com.unity.ai.assistant@6fee27370e6a/Modules/Unity.AI.MCP.Editor/Helpers/McpLog.cs:15)
Unity.AI.MCP.Editor.ToolRegistry.McpToolRegistry:RefreshTools () (at ./Library/PackageCache/com.unity.ai.assistant@6fee27370e6a/Modules/Unity.AI.MCP.Editor/ToolRegistry/McpToolRegistry.cs:201)
Unity.AI.MCP.Editor.ToolRegistry.McpToolRegistry:Initialize () (at ./Library/PackageCache/com.unity.ai.assistant@6fee27370e6a/Modules/Unity.AI.MCP.Editor/ToolRegistry/McpToolRegistry.cs:177)
System.Reflection.RuntimeMethodInfo:Invoke (object,System.Reflection.BindingFlags,System.Reflection.Binder,object[],System.Globalization.CultureInfo)
System.Reflection.MethodBase:Invoke (object,object[])
UnityEditor.EditorAssemblies:ProcessInitializeOnLoadMethodAttributes () (at /Users/bokken/build/output/unity/unity/Editor/Mono/EditorAssemblies.cs:184)

(Filename: ./Library/PackageCache/com.unity.ai.assistant@6fee27370e6a/Modules/Unity.AI.Tracing/TraceSinks.cs Line: 313)

[McpToolRegistry] Available tools: Unity_ApplyTextEdits, Unity_CreateScript, Unity_DeleteScript, Unity_FindInFile, Unity_GetSha, Unity_ImportExternalModel, Unity_ListResources, Unity_ManageAsset, Unity_ManageEditor, Unity_ManageGameObject, Unity_ManageMenuItem, Unity_ManageScene, Unity_ManageScript, Unity_ManageScript_capabilities, Unity_ManageShader, Unity_ReadConsole, Unity_ReadResource, Unity_RunCommand, Unity_ScriptApplyEdits, Unity_ValidateScript
UnityEngine.Debug:ExtractStackTraceNoAlloc (byte*,int,string)
UnityEngine.StackTraceUtility:ExtractStackTrace () (at /Users/bokken/build/output/unity/unity/Runtime/Export/Scripting/StackTrace.cs:35)
UnityEngine.DebugLogHandler:Internal_Log (UnityEngine.LogType,UnityEngine.LogOption,string,UnityEngine.Object)
UnityEngine.DebugLogHandler:LogFormat (UnityEngine.LogType,UnityEngine.Object,string,object[])
UnityEngine.Logger:Log (UnityEngine.LogType,object)
UnityEngine.Debug:Log (object)
Unity.AI.Tracing.ConsoleSink:LogToConsole (string,string,System.Exception) (at ./Library/PackageCache/com.unity.ai.assistant@6fee27370e6a/Modules/Unity.AI.Tracing/TraceSinks.cs:313)
Unity.AI.Tracing.ConsoleSink:Write (Unity.AI.Tracing.TraceEvent) (at ./Library/PackageCache/com.unity.ai.assistant@6fee27370e6a/Modules/Unity.AI.Tracing/TraceSinks.cs:277)
Unity.AI.Tracing.TraceWriter:WriteEventInternal (string,string,Unity.AI.Tracing.TraceEventOptions,string,System.Nullable`1<int>) (at ./Library/PackageCache/com.unity.ai.assistant@6fee27370e6a/Modules/Unity.AI.Tracing/TraceWriter.cs:373)
Unity.AI.Tracing.TraceWriter:Event (string,Unity.AI.Tracing.TraceEventOptions) (at ./Library/PackageCache/com.unity.ai.assistant@6fee27370e6a/Modules/Unity.AI.Tracing/TraceWriter.cs:297)
Unity.AI.Tracing.TraceLogger:Emit (string,string,string,string,Unity.AI.Tracing.TraceEventOptions,object,System.Exception) (at ./Library/PackageCache/com.unity.ai.assistant@6fee27370e6a/Modules/Unity.AI.Tracing/TraceLogger.cs:105)
Unity.AI.Tracing.TraceLogger:Info (string,string,string,Unity.AI.Tracing.TraceEventOptions) (at ./Library/PackageCache/com.unity.ai.assistant@6fee27370e6a/Modules/Unity.AI.Tracing/TraceLogger.cs:35)
Unity.AI.MCP.Editor.Helpers.McpLog:Log (string,Unity.AI.Tracing.TraceEventOptions) (at ./Library/PackageCache/com.unity.ai.assistant@6fee27370e6a/Modules/Unity.AI.MCP.Editor/Helpers/McpLog.cs:15)
Unity.AI.MCP.Editor.ToolRegistry.McpToolRegistry:RefreshTools () (at ./Library/PackageCache/com.unity.ai.assistant@6fee27370e6a/Modules/Unity.AI.MCP.Editor/ToolRegistry/McpToolRegistry.cs:204)
Unity.AI.MCP.Editor.ToolRegistry.McpToolRegistry:Initialize () (at ./Library/PackageCache/com.unity.ai.assistant@6fee27370e6a/Modules/Unity.AI.MCP.Editor/ToolRegistry/McpToolRegistry.cs:177)
System.Reflection.RuntimeMethodInfo:Invoke (object,System.Reflection.BindingFlags,System.Reflection.Binder,object[],System.Globalization.CultureInfo)
System.Reflection.MethodBase:Invoke (object,object[])
UnityEditor.EditorAssemblies:ProcessInitializeOnLoadMethodAttributes () (at /Users/bokken/build/output/unity/unity/Editor/Mono/EditorAssemblies.cs:184)

(Filename: ./Library/PackageCache/com.unity.ai.assistant@6fee27370e6a/Modules/Unity.AI.Tracing/TraceSinks.cs Line: 313)

ScheduleIndexationOnStartup MainProcess:True IndexOnStartup:True
Mono: successfully reloaded assembly
[Idle]
UnityEngine.Debug:ExtractStackTraceNoAlloc (byte*,int,string)
UnityEngine.StackTraceUtility:ExtractStackTrace () (at /Users/bokken/build/output/unity/unity/Runtime/Export/Scripting/StackTrace.cs:35)
UnityEngine.DebugLogHandler:Internal_Log (UnityEngine.LogType,UnityEngine.LogOption,string,UnityEngine.Object)
UnityEngine.DebugLogHandler:LogFormat (UnityEngine.LogType,UnityEngine.Object,string,object[])
UnityEngine.Logger:Log (UnityEngine.LogType,object)
UnityEngine.Debug:Log (object)
Unity.AI.Tracing.ConsoleSink:LogToConsole (string,string,System.Exception) (at ./Library/PackageCache/com.unity.ai.assistant@6fee27370e6a/Modules/Unity.AI.Tracing/TraceSinks.cs:313)
Unity.AI.Tracing.ConsoleSink:Write (Unity.AI.Tracing.TraceEvent) (at ./Library/PackageCache/com.unity.ai.assistant@6fee27370e6a/Modules/Unity.AI.Tracing/TraceSinks.cs:277)
Unity.AI.Tracing.TraceWriter:WriteEventInternal (string,string,Unity.AI.Tracing.TraceEventOptions,string,System.Nullable`1<int>) (at ./Library/PackageCache/com.unity.ai.assistant@6fee27370e6a/Modules/Unity.AI.Tracing/TraceWriter.cs:373)
Unity.AI.Tracing.TraceWriter:Event (string,Unity.AI.Tracing.TraceEventOptions) (at ./Library/PackageCache/com.unity.ai.assistant@6fee27370e6a/Modules/Unity.AI.Tracing/TraceWriter.cs:297)
Unity.AI.Tracing.TraceLogger:Emit (string,string,string,string,Unity.AI.Tracing.TraceEventOptions,object,System.Exception) (at ./Library/PackageCache/com.unity.ai.assistant@6fee27370e6a/Modules/Unity.AI.Tracing/TraceLogger.cs:105)
Unity.AI.Tracing.TraceLogger:Info (string,string,string,Unity.AI.Tracing.TraceEventOptions) (at ./Library/PackageCache/com.unity.ai.assistant@6fee27370e6a/Modules/Unity.AI.Tracing/TraceLogger.cs:35)
Unity.AI.MCP.Editor.Helpers.McpLog:Log (string,Unity.AI.Tracing.TraceEventOptions) (at ./Library/PackageCache/com.unity.ai.assistant@6fee27370e6a/Modules/Unity.AI.MCP.Editor/Helpers/McpLog.cs:15)
Unity.AI.MCP.Editor.Bridge:LogBreadcrumb (string) (at ./Library/PackageCache/com.unity.ai.assistant@6fee27370e6a/Modules/Unity.AI.MCP.Editor/Bridge.cs:2055)
Unity.AI.MCP.Editor.Bridge:OnAfterAssemblyReload () (at ./Library/PackageCache/com.unity.ai.assistant@6fee27370e6a/Modules/Unity.AI.MCP.Editor/Bridge.cs:1899)
UnityEditor.AssemblyReloadEvents:OnAfterAssemblyReload () (at /Users/bokken/build/output/unity/unity/Editor/Mono/AssemblyReloadEvents.cs:43)

(Filename: ./Library/PackageCache/com.unity.ai.assistant@6fee27370e6a/Modules/Unity.AI.Tracing/TraceSinks.cs Line: 313)

- Finished resetting the current domain, in 12.063 seconds
Domain Reload Profiling: 13545ms
	BeginReloadAssembly (199ms)
		DisableScriptedObjects (30ms)
		CreateAndSetChildDomain (47ms)
	RebuildCommonClasses (8ms)
	RebuildNativeTypeToScriptingClass (16ms)
	initialDomainReloadingComplete (73ms)
	LoadAllAssembliesAndSetupDomain (1186ms)
		LoadAssemblies (440ms)
		AnalyzeDomain (655ms)
			TypeCache.Refresh (536ms)
				TypeCache.ScanAssembly (494ms)
			BuildScriptInfoCaches (109ms)
			ResolveRequiredComponents (8ms)
	FinalizeReload (12064ms)
		SetupLoadedEditorAssemblies (0ms)
			InitializePlatformSupportModulesInManaged (12ms)
			BeforeProcessingInitializeOnLoad (96ms)
			ProcessInitializeOnLoadAttributes (6631ms)
			ProcessInitializeOnLoadMethodAttributes (4859ms)
			EditorAssembliesLoaded (5ms)
		AwakeInstancesAfterBackupRestoration (25ms)
Starting new worker id: 0 with log in /Users/farhad/Projects/WarlineCapture/Logs/AssetImportWorkerHW0.log

Asset Pipeline Refresh (id=2d4cc6d218211449883126a0fd255ce8): Total: 19.227 seconds - Initiated by InitialRefreshV2(ForceSynchronousImport)
	(Values over 0.05ms)
	Summary:
		Imports: total=0 (actual=0, local cache=0, cache server=0)
		Asset DB Process Time: managed=0 ms, native=15801 ms
		Asset DB Callback time: managed=37 ms, native=38 ms
		Scripting: domain reloads=1, domain reload time=1551 ms, compile time=1624 ms, other=173 ms
		Project Asset Count: scripts=3477, non-scripts=23442
		Asset File Changes: new=0, changed=0, moved=0, deleted=0
		Scan Filter Count: 1
	InvokePackagesCallback: 40.240ms
	ApplyChangesToAssetFolders: 0.700ms
	Scan: 1942.151ms
	Collect global state as custom dependencies: 2.967ms
	CategorizeScriptCompilationAssets: 161.433ms
	ProcessAssetsWithTransientArtifactChanges: 171.174ms
	CategorizeAssets: 679.722ms
	CompileScripts: 1624.308ms
	ImportOutOfDateAssets: 12443.617ms (12115.884ms without children)
		ReloadNativeAssets: 0.444ms
		UnloadImportedAssets: 8.130ms
		EnsureUptoDateAssetsAreRegisteredWithGuidPM: 3.832ms
		ImportSchedulerStart: 315.031ms
	PostProcessAllAssets: 37.911ms
		MonoPostProcessAllAssets: 37.726ms
			UniversalRenderPipelineGlobalSettingsPostprocessor.OnPostprocessAllAssets 9.957ms
			SyncVS.PostprocessSyncProject 7.799ms
			WindowAssetPostprocessingWatcher.OnPostprocessAllAssets 1.979ms
			SpeedTree9Postprocessor.OnPostprocessAllAssets 1.821ms
			GraphRefreshPostprocessor.OnPostprocessAllAssets 1.747ms
			AssetChangeDetector.OnPostprocessAllAssets 0.852ms
			RenderPipelineGlobalSettingsPostprocessor.OnPostprocessAllAssets 0.490ms
			ShaderReflectionAssetPostProcessor.OnPostprocessAllAssets 0.355ms
			ProjectSettingsPostprocessor.OnPostprocessAllAssets 0.274ms
			InputActionAssetPostprocessor.OnPostprocessAllAssets 0.273ms
			ReferencedClipsPostProcessor.OnPostprocessAllAssets 0.235ms
			TerrainToolbarOverlayPostProcessor.OnPostprocessAllAssets 0.168ms
			AssetDatabaseCallbacks.OnPostprocessAllAssets 0.115ms
	UnloadStreamsBegin: 4.944ms
	PersistCurrentRevisions: 0.848ms
	GenerateScriptTypeHashes: 7.640ms
	GenerateScriptTypeSerializationHashes: 10.599ms
	Untracked: 2113.191ms

Application.AssetDatabase Initial Refresh End
Shader Hidden/ChartRasterizerHardware is not supported: GPU does not support conservative rasterization
Launching external process: /Applications/Unity/Hub/Editor/6000.5.2f1/Unity.app/Contents/Helpers/UnityShaderCompiler
Launched and connected shader compiler UnityShaderCompiler after 0.06 seconds
Shader Hidden/ChartRasterizerHardware is not supported: GPU does not support conservative rasterization
Scanning for USB devices : 0.146ms
Initializing Unity extensions:
2026-10-03 23:38:44.688 Unity[20031:47248093] NSEventModifierFlagFunction specified to -setKeyEquivalentModifierMask: for item <NSMenuItem: 0x76ffa1540 Capture Live Owner Feedback, ke='Command-F10'>, but is only supported for system-provided menu items; will not be used
2026-10-03 23:38:44.689 Unity[20031:47248093] NSEventModifierFlagFunction specified to -setKeyEquivalentModifierMask: for item <NSMenuItem: 0x76ffa1680 Log Live Owner Feedback State, ke='Command-F9'>, but is only supported for system-provided menu items; will not be used
2026-10-03 23:38:44.689 Unity[20031:47248093] NSEventModifierFlagFunction specified to -setKeyEquivalentModifierMask: for item <NSMenuItem: 0x76ffa1720 Validate Owner Feedback Fixes, ke='Command-F8'>, but is only supported for system-provided menu items; will not be used
2026-10-03 23:38:44.696 Unity[20031:47248093] NSEventModifierFlagFunction specified to -setKeyEquivalentModifierMask: for item <NSMenuItem: 0x76f81a1c0 SDF, ke='Command-F12'>, but is only supported for system-provided menu items; will not be used
Worker ready: AssetImportWorkerHW0 0
Unloading 1952 Unused Serialized files (Serialized files now loaded: 0)
Loaded scene 'Assets/Game/Scenes/Menu.unity'
	Deserialize:            1775.325 ms
	Integration:            1455.789 ms
	Integration of assets:  1086.871 ms
	Thread Wait Time:       -1.270 ms
	Total Operation Time:   4316.715 ms
Unloading 15272 unused Assets / (24.2 MB). Loaded Objects now: 46561.
Memory consumption went from 1.22 GB to 1.20 GB.
Total: 310.657833 ms (FindLiveObjects: 69.123375 ms CreateObjectMapping: 29.651583 ms MarkObjects: 174.522042 ms  DeleteObjects: 37.355375 ms)

[LAYOUT] About to load UserSettings/Layouts/default-6000.dwlt, keepMainWindow=False
[LAYOUT] About to save layout /Users/farhad/Projects/WarlineCapture/UserSettings/Layouts/default-6000.dwlt
[LAYOUT] About to save layout /Users/farhad/Library/Preferences/Unity/Editor-5.x/Layouts/current/default-6000.dwlt
[MODES] ModeService[default].InitializeCurrentMode
[MODES] ModeService[default].RaiseModeChanged(default, default)
[MainMenuV3PrefabBuilder] gameView=2400x1080 selectedIndex=14
UnityEngine.Debug:ExtractStackTraceNoAlloc (byte*,int,string)
UnityEngine.StackTraceUtility:ExtractStackTrace () (at /Users/bokken/build/output/unity/unity/Runtime/Export/Scripting/StackTrace.cs:35)
UnityEngine.DebugLogHandler:Internal_Log (UnityEngine.LogType,UnityEngine.LogOption,string,UnityEngine.Object)
UnityEngine.DebugLogHandler:LogFormat (UnityEngine.LogType,UnityEngine.Object,string,object[])
UnityEngine.Logger:Log (UnityEngine.LogType,object)
UnityEngine.Debug:Log (object)
Game.Editor.MainMenuV3PrefabBuilder:SetGameViewResolution (int,int) (at Assets/Game/Scripts/Editor/MainMenuV3PrefabBuilder.cs:432)
Game.Editor.SkirmishS002AriaRunHarness:LaunchCatalog (string,int,string) (at Assets/Game/Scripts/Editor/Skirmish/SkirmishS002AriaRunHarness.cs:398)
Game.Editor.SkirmishS002AriaRunHarness:LaunchFromEnvironment () (at Assets/Game/Scripts/Editor/Skirmish/SkirmishS002AriaRunHarness.cs:335)
Game.Editor.SkirmishS002AriaRunHarness:RunFocusedAriaAndExit () (at Assets/Game/Scripts/Editor/Skirmish/SkirmishS002AriaRunHarness.cs:180)
Game.Editor.SkirmishS002AriaRunHarness:RunS004AriaAndExit () (at Assets/Game/Scripts/Editor/Skirmish/SkirmishS002AriaRunHarness.cs:304)

(Filename: Assets/Game/Scripts/Editor/MainMenuV3PrefabBuilder.cs Line: 432)

Opening scene 'Assets/Game/Scenes/Menu.unity'
Unloading 822 Unused Serialized files (Serialized files now loaded: 0)
Loaded scene 'Assets/Game/Scenes/Menu.unity'
	Deserialize:            10.108 ms
	Integration:            646.089 ms
	Integration of assets:  0.215 ms
	Thread Wait Time:       -0.206 ms
	Total Operation Time:   656.206 ms
Unloading 2 unused Assets / (1.0 KB). Loaded Objects now: 53459.
Memory consumption went from 1.23 GB to 1.23 GB.
Total: 107.327875 ms (FindLiveObjects: 4.290708 ms CreateObjectMapping: 17.405500 ms MarkObjects: 85.235083 ms  DeleteObjects: 0.396042 ms)

[Licensing::Client] Successfully resolved entitlement details
[Project] Loading completed in 82.051 seconds
	Project init time: 				0.000 seconds
		Template init time: 		0.000 seconds
		Package Manager init time: 		0.000 seconds
		Asset Database init time: 		0.000 seconds
		Global illumination init time: 	0.000 seconds
		Assemblies load time: 			0.000 seconds
		Unity extensions init time: 	0.000 seconds
		Asset Database refresh time: 	0.000 seconds
	Scene opening time: 			0.000 seconds
##utp:{"type":"ProjectInfo","version":2,"phase":"Immediate","time":1791063580186,"processId":20031,"projectLoad":82.05087812500001,"projectInit":0.0,"templateInit":0.0,"packageManagerInit":0.0,"assetDatabaseInit":0.0,"globalIlluminationInit":0.0,"assembliesLoad":0.0,"unityExtensionsInit":0.0,"assetDatabaseRefresh":0.0,"sceneOpening":0.0}
##utp:{"type":"EditorInfo","version":2,"phase":"Immediate","time":1791063580186,"processId":20031,"editorVersion":"6000.5.2f1 (eb73d3b415a1)","branch":"6000.5/staging","buildType":"Release","platform":"OSX"}
Subscribe to USB device events
Scanning for USB devices : 0.147ms
[Licensing::Client] Successfully resolved entitlement details
Thread 0x324c53000 may have been prematurely finalized
Entering Playmode with Reload Domain disabled.
If you experience any issues, please disable "Enter Play Mode Options" in Editor Settings
Ignoring invalid [Unity.Entities.UpdateAfterAttribute] attribute on Game.Runtime.CampaignMissionArmorBreakAircraftOrderSystem targeting Game.Runtime.UnitTargetOrderSystem.
This attribute can only order systems that are members of the same ComponentSystemGroup instance.
Make sure that both systems are in the same system group with [UpdateInGroup(typeof(Unity.Entities.SimulationSystemGroup))],
or by manually adding both systems to the same group's update list.
UnityEngine.Debug:ExtractStackTraceNoAlloc (byte*,int,string)
UnityEngine.StackTraceUtility:ExtractStackTrace () (at /Users/bokken/build/output/unity/unity/Runtime/Export/Scripting/StackTrace.cs:35)
UnityEngine.DebugLogHandler:Internal_Log (UnityEngine.LogType,UnityEngine.LogOption,string,UnityEngine.Object)
UnityEngine.DebugLogHandler:LogFormat (UnityEngine.LogType,UnityEngine.Object,string,object[])
UnityEngine.Logger:Log (UnityEngine.LogType,object)
UnityEngine.Debug:LogWarning (object)
Unity.Debug:LogWarning (object) (at ./Library/PackageCache/com.unity.entities@bab66ffaba49/Unity.Entities/Stubs/Unity/Debug.cs:13)
Unity.Entities.ComponentSystemSorter:WarnAboutAnySystemAttributeBadness (int,Unity.Entities.ComponentSystemGroup) (at ./Library/PackageCache/com.unity.entities@bab66ffaba49/Unity.Entities/ComponentSystemSorter.cs:504)
Unity.Entities.ComponentSystemGroup:GenerateMasterUpdateList () (at ./Library/PackageCache/com.unity.entities@bab66ffaba49/Unity.Entities/ComponentSystemGroup.cs:490)
Unity.Entities.ComponentSystemGroup:RecurseUpdate () (at ./Library/PackageCache/com.unity.entities@bab66ffaba49/Unity.Entities/ComponentSystemGroup.cs:410)
Unity.Entities.ComponentSystemGroup:SortSystems () (at ./Library/PackageCache/com.unity.entities@bab66ffaba49/Unity.Entities/ComponentSystemGroup.cs:598)
Unity.Entities.DefaultWorldInitialization:AddSystemToRootLevelSystemGroupsInternal (Unity.Entities.World,Unity.Collections.NativeList`1<Unity.Entities.SystemTypeIndex>) (at ./Library/PackageCache/com.unity.entities@bab66ffaba49/Unity.Entities/DefaultWorldInitialization.cs:304)
Unity.Entities.DefaultWorldInitialization:Initialize (string,bool) (at ./Library/PackageCache/com.unity.entities@bab66ffaba49/Unity.Entities/DefaultWorldInitialization.cs:156)
Unity.Entities.AutomaticWorldBootstrap:Initialize () (at ./Library/PackageCache/com.unity.entities@bab66ffaba49/Unity.Entities.Hybrid/Injection/AutomaticWorldBootstrap.cs:16)

(Filename: ./Library/PackageCache/com.unity.entities@bab66ffaba49/Unity.Entities/Stubs/Unity/Debug.cs Line: 13)

Ignoring invalid [Unity.Entities.UpdateAfterAttribute(Game.Runtime.SkirmishResultSettlementSystem)] attribute on Game.Runtime.SkirmishExpandedSessionControlSystem because OrderFirst/OrderLast has higher precedence.
UnityEngine.Debug:ExtractStackTraceNoAlloc (byte*,int,string)
UnityEngine.StackTraceUtility:ExtractStackTrace () (at /Users/bokken/build/output/unity/unity/Runtime/Export/Scripting/StackTrace.cs:35)
UnityEngine.DebugLogHandler:Internal_Log (UnityEngine.LogType,UnityEngine.LogOption,string,UnityEngine.Object)
UnityEngine.DebugLogHandler:LogFormat (UnityEngine.LogType,UnityEngine.Object,string,object[])
UnityEngine.Logger:Log (UnityEngine.LogType,object)
UnityEngine.Debug:LogWarning (object)
Unity.Debug:LogWarning (object) (at ./Library/PackageCache/com.unity.entities@bab66ffaba49/Unity.Entities/Stubs/Unity/Debug.cs:13)
Unity.Entities.ComponentSystemSorter:WarnAboutAnySystemAttributeBadness (int,Unity.Entities.ComponentSystemGroup) (at ./Library/PackageCache/com.unity.entities@bab66ffaba49/Unity.Entities/ComponentSystemSorter.cs:522)
Unity.Entities.ComponentSystemGroup:GenerateMasterUpdateList () (at ./Library/PackageCache/com.unity.entities@bab66ffaba49/Unity.Entities/ComponentSystemGroup.cs:490)
Unity.Entities.ComponentSystemGroup:RecurseUpdate () (at ./Library/PackageCache/com.unity.entities@bab66ffaba49/Unity.Entities/ComponentSystemGroup.cs:410)
Unity.Entities.ComponentSystemGroup:SortSystems () (at ./Library/PackageCache/com.unity.entities@bab66ffaba49/Unity.Entities/ComponentSystemGroup.cs:598)
Unity.Entities.DefaultWorldInitialization:AddSystemToRootLevelSystemGroupsInternal (Unity.Entities.World,Unity.Collections.NativeList`1<Unity.Entities.SystemTypeIndex>) (at ./Library/PackageCache/com.unity.entities@bab66ffaba49/Unity.Entities/DefaultWorldInitialization.cs:304)
Unity.Entities.DefaultWorldInitialization:Initialize (string,bool) (at ./Library/PackageCache/com.unity.entities@bab66ffaba49/Unity.Entities/DefaultWorldInitialization.cs:156)
Unity.Entities.AutomaticWorldBootstrap:Initialize () (at ./Library/PackageCache/com.unity.entities@bab66ffaba49/Unity.Entities.Hybrid/Injection/AutomaticWorldBootstrap.cs:16)

(Filename: ./Library/PackageCache/com.unity.entities@bab66ffaba49/Unity.Entities/Stubs/Unity/Debug.cs Line: 13)

Ignoring invalid [Unity.Entities.UpdateBeforeAttribute] attribute on Game.Rendering.OperationMapVehicleVisualOwnershipSystem targeting Game.Rendering.UnitRenderVisualExclusivitySystem.
This attribute can only order systems that are members of the same ComponentSystemGroup instance.
Make sure that both systems are in the same system group with [UpdateInGroup(typeof(Unity.Entities.PresentationSystemGroup))],
or by manually adding both systems to the same group's update list.
UnityEngine.Debug:ExtractStackTraceNoAlloc (byte*,int,string)
UnityEngine.StackTraceUtility:ExtractStackTrace () (at /Users/bokken/build/output/unity/unity/Runtime/Export/Scripting/StackTrace.cs:35)
UnityEngine.DebugLogHandler:Internal_Log (UnityEngine.LogType,UnityEngine.LogOption,string,UnityEngine.Object)
UnityEngine.DebugLogHandler:LogFormat (UnityEngine.LogType,UnityEngine.Object,string,object[])
UnityEngine.Logger:Log (UnityEngine.LogType,object)
UnityEngine.Debug:LogWarning (object)
Unity.Debug:LogWarning (object) (at ./Library/PackageCache/com.unity.entities@bab66ffaba49/Unity.Entities/Stubs/Unity/Debug.cs:13)
Unity.Entities.ComponentSystemSorter:WarnAboutAnySystemAttributeBadness (int,Unity.Entities.ComponentSystemGroup) (at ./Library/PackageCache/com.unity.entities@bab66ffaba49/Unity.Entities/ComponentSystemSorter.cs:504)
Unity.Entities.ComponentSystemGroup:GenerateMasterUpdateList () (at ./Library/PackageCache/com.unity.entities@bab66ffaba49/Unity.Entities/ComponentSystemGroup.cs:490)
Unity.Entities.ComponentSystemGroup:RecurseUpdate () (at ./Library/PackageCache/com.unity.entities@bab66ffaba49/Unity.Entities/ComponentSystemGroup.cs:410)
Unity.Entities.ComponentSystemGroup:SortSystems () (at ./Library/PackageCache/com.unity.entities@bab66ffaba49/Unity.Entities/ComponentSystemGroup.cs:598)
Unity.Entities.DefaultWorldInitialization:AddSystemToRootLevelSystemGroupsInternal (Unity.Entities.World,Unity.Collections.NativeList`1<Unity.Entities.SystemTypeIndex>) (at ./Library/PackageCache/com.unity.entities@bab66ffaba49/Unity.Entities/DefaultWorldInitialization.cs:305)
Unity.Entities.DefaultWorldInitialization:Initialize (string,bool) (at ./Library/PackageCache/com.unity.entities@bab66ffaba49/Unity.Entities/DefaultWorldInitialization.cs:156)
Unity.Entities.AutomaticWorldBootstrap:Initialize () (at ./Library/PackageCache/com.unity.entities@bab66ffaba49/Unity.Entities.Hybrid/Injection/AutomaticWorldBootstrap.cs:16)

(Filename: ./Library/PackageCache/com.unity.entities@bab66ffaba49/Unity.Entities/Stubs/Unity/Debug.cs Line: 13)

[FirstLaunchStartup] fix=LanguageChoiceAwakeOrder_2026-07-17 disposition=EnterMenu languageView=1 languageVisible=0 narrativeView=1
UnityEngine.Debug:ExtractStackTraceNoAlloc (byte*,int,string)
UnityEngine.StackTraceUtility:ExtractStackTrace () (at /Users/bokken/build/output/unity/unity/Runtime/Export/Scripting/StackTrace.cs:35)
UnityEngine.DebugLogHandler:Internal_Log (UnityEngine.LogType,UnityEngine.LogOption,string,UnityEngine.Object)
UnityEngine.DebugLogHandler:LogFormat (UnityEngine.LogType,UnityEngine.Object,string,object[])
UnityEngine.Logger:Log (UnityEngine.LogType,object)
UnityEngine.Debug:Log (object)
Game.Composition.FirstLaunchNarrativeCompositionSystemHelper:LogStartupDisposition (Game.Composition.FirstLaunchNarrativeStartupDisposition) (at Assets/Game/Scripts/Composition/Narrative/FirstLaunchNarrativeCompositionSystemHelper.cs:319)
Game.Composition.FirstLaunchNarrativeCompositionSystemHelper:Initialize (Game.Configs.NarrativeSequenceConfig,Game.Configs.NarrativeSpeakerCatalog,Game.Configs.NarrativePunctuationConfig,Game.UI.Runtime.NarrativeSequenceView,Game.UI.Contracts.IGameTextResolver,Game.Runtime.SaveService,bool,bool,Game.UI.Runtime.FirstLaunchLanguageChoiceView,Game.Configs.NarrativeLocaleConfig,Game.UI.Runtime.UIShellView) (at Assets/Game/Scripts/Composition/Narrative/FirstLaunchNarrativeCompositionSystemHelper.cs:98)
Game.Composition.FirstLaunchNarrativeCompositionSystemHelper:InitializeShell (Game.Composition.MenuBootstrapView,Game.UI.Contracts.IGameTextResolver,bool,bool) (at Assets/Game/Scripts/Composition/Narrative/FirstLaunchNarrativeCompositionSystemHelper.cs:151)
Game.Composition.MenuBootstrapCompositionSystemHelper:Initialize (Game.Composition.MenuBootstrapView) (at Assets/Game/Scripts/Composition/MenuBootstrapCompositionSystemHelper.cs:115)
Game.Composition.MenuBootstrapView:Awake () (at Assets/Game/Scripts/Composition/MenuBootstrapView.cs:159)

(Filename: Assets/Game/Scripts/Composition/Narrative/FirstLaunchNarrativeCompositionSystemHelper.cs Line: 319)

Loaded scene 'Temp/__Backupscenes/0.backup'
	Deserialize:            21.412 ms
	Integration:            944.173 ms
	Integration of assets:  0.207 ms
	Thread Wait Time:       0.001 ms
	Total Operation Time:   965.794 ms
Account API did not become accessible within 30 seconds. This may be due to network issues or editor focus.
UnityEngine.Debug:ExtractStackTraceNoAlloc (byte*,int,string)
UnityEngine.StackTraceUtility:ExtractStackTrace () (at /Users/bokken/build/output/unity/unity/Runtime/Export/Scripting/StackTrace.cs:35)
UnityEngine.DebugLogHandler:Internal_Log (UnityEngine.LogType,UnityEngine.LogOption,string,UnityEngine.Object)
UnityEngine.DebugLogHandler:LogFormat (UnityEngine.LogType,UnityEngine.Object,string,object[])
UnityEngine.Logger:Log (UnityEngine.LogType,object)
UnityEngine.Debug:LogWarning (object)
Unity.AI.Toolkit.Accounts.Services.States.ApiAccessibleState/<WaitForCloudProjectSettings>d__4:MoveNext () (at ./Library/PackageCache/com.unity.ai.assistant@6fee27370e6a/Modules/Unity.AI.Toolkit.Accounts/Services/States/ApiAccessibleState.cs:46)
System.Runtime.CompilerServices.AsyncMethodBuilderCore/MoveNextRunner:InvokeMoveNext (object)
System.Threading.ExecutionContext:RunInternal (System.Threading.ExecutionContext,System.Threading.ContextCallback,object,bool)
System.Threading.ExecutionContext:Run (System.Threading.ExecutionContext,System.Threading.ContextCallback,object,bool)
System.Runtime.CompilerServices.AsyncMethodBuilderCore/MoveNextRunner:Run ()
System.Threading.Tasks.AwaitTaskContinuation:InvokeAction (object)
System.Threading.Tasks.AwaitTaskContinuation:RunCallback (System.Threading.ContextCallback,object,System.Threading.Tasks.Task&)
System.Threading.Tasks.SynchronizationContextAwaitTaskContinuation:Run (System.Threading.Tasks.Task,bool)
System.Threading.Tasks.Task:FinishContinuations ()
System.Threading.Tasks.Task:FinishStageThree ()
System.Threading.Tasks.Task`1<bool>:TrySetResult (bool)
System.Threading.Tasks.TaskCompletionSource`1<bool>:TrySetResult (bool)
Unity.AI.Toolkit.EditorTask/<>c__DisplayClass22_0:<WaitForCondition>b__0 () (at ./Library/PackageCache/com.unity.ai.assistant@6fee27370e6a/Modules/Unity.AI.Toolkit.Async/EditorTask.cs:420)
UnityEditor.EditorApplication:Internal_CallUpdateFunctions () (at /Users/bokken/build/output/unity/unity/Editor/Mono/EditorApplication.cs:403)

(Filename: ./Library/PackageCache/com.unity.ai.assistant@6fee27370e6a/Modules/Unity.AI.Toolkit.Accounts/Services/States/ApiAccessibleState.cs Line: 46)

[Licensing::Client] Error: Code 404 while processing request (status: Found 0 entitlement groups and 0 free entitlements matching requested entitlement ids)
[Licensing::Client] Error: Code 404 while processing request (status: Found 0 entitlement groups and 0 free entitlements matching requested entitlement ids)
[Start]
UnityEngine.Debug:ExtractStackTraceNoAlloc (byte*,int,string)
UnityEngine.StackTraceUtility:ExtractStackTrace () (at /Users/bokken/build/output/unity/unity/Runtime/Export/Scripting/StackTrace.cs:35)
UnityEngine.DebugLogHandler:Internal_Log (UnityEngine.LogType,UnityEngine.LogOption,string,UnityEngine.Object)
UnityEngine.DebugLogHandler:LogFormat (UnityEngine.LogType,UnityEngine.Object,string,object[])
UnityEngine.Logger:Log (UnityEngine.LogType,object)
UnityEngine.Debug:Log (object)
Unity.AI.Tracing.ConsoleSink:LogToConsole (string,string,System.Exception) (at ./Library/PackageCache/com.unity.ai.assistant@6fee27370e6a/Modules/Unity.AI.Tracing/TraceSinks.cs:313)
Unity.AI.Tracing.ConsoleSink:Write (Unity.AI.Tracing.TraceEvent) (at ./Library/PackageCache/com.unity.ai.assistant@6fee27370e6a/Modules/Unity.AI.Tracing/TraceSinks.cs:277)
Unity.AI.Tracing.TraceWriter:WriteEventInternal (string,string,Unity.AI.Tracing.TraceEventOptions,string,System.Nullable`1<int>) (at ./Library/PackageCache/com.unity.ai.assistant@6fee27370e6a/Modules/Unity.AI.Tracing/TraceWriter.cs:373)
Unity.AI.Tracing.TraceWriter:Event (string,Unity.AI.Tracing.TraceEventOptions) (at ./Library/PackageCache/com.unity.ai.assistant@6fee27370e6a/Modules/Unity.AI.Tracing/TraceWriter.cs:297)
Unity.AI.Tracing.TraceLogger:Emit (string,string,string,string,Unity.AI.Tracing.TraceEventOptions,object,System.Exception) (at ./Library/PackageCache/com.unity.ai.assistant@6fee27370e6a/Modules/Unity.AI.Tracing/TraceLogger.cs:105)
Unity.AI.Tracing.TraceLogger:Info (string,string,string,Unity.AI.Tracing.TraceEventOptions) (at ./Library/PackageCache/com.unity.ai.assistant@6fee27370e6a/Modules/Unity.AI.Tracing/TraceLogger.cs:35)
Unity.AI.MCP.Editor.Helpers.McpLog:Log (string,Unity.AI.Tracing.TraceEventOptions) (at ./Library/PackageCache/com.unity.ai.assistant@6fee27370e6a/Modules/Unity.AI.MCP.Editor/Helpers/McpLog.cs:15)
Unity.AI.MCP.Editor.Bridge:LogBreadcrumb (string) (at ./Library/PackageCache/com.unity.ai.assistant@6fee27370e6a/Modules/Unity.AI.MCP.Editor/Bridge.cs:2055)
Unity.AI.MCP.Editor.Bridge:Start () (at ./Library/PackageCache/com.unity.ai.assistant@6fee27370e6a/Modules/Unity.AI.MCP.Editor/Bridge.cs:279)
Unity.AI.MCP.Editor.Bridge:EnsureStartedOnEditorIdle () (at ./Library/PackageCache/com.unity.ai.assistant@6fee27370e6a/Modules/Unity.AI.MCP.Editor/Bridge.cs:454)
UnityEditor.EditorApplication:Internal_CallUpdateFunctions () (at /Users/bokken/build/output/unity/unity/Editor/Mono/EditorApplication.cs:403)

(Filename: ./Library/PackageCache/com.unity.ai.assistant@6fee27370e6a/Modules/Unity.AI.Tracing/TraceSinks.cs Line: 313)

Set umask to 077 for secure socket creation
UnityEngine.Debug:ExtractStackTraceNoAlloc (byte*,int,string)
UnityEngine.StackTraceUtility:ExtractStackTrace () (at /Users/bokken/build/output/unity/unity/Runtime/Export/Scripting/StackTrace.cs:35)
UnityEngine.DebugLogHandler:Internal_Log (UnityEngine.LogType,UnityEngine.LogOption,string,UnityEngine.Object)
UnityEngine.DebugLogHandler:LogFormat (UnityEngine.LogType,UnityEngine.Object,string,object[])
UnityEngine.Logger:Log (UnityEngine.LogType,object)
UnityEngine.Debug:Log (object)
Unity.AI.Tracing.ConsoleSink:LogToConsole (string,string,System.Exception) (at ./Library/PackageCache/com.unity.ai.assistant@6fee27370e6a/Modules/Unity.AI.Tracing/TraceSinks.cs:313)
Unity.AI.Tracing.ConsoleSink:Write (Unity.AI.Tracing.TraceEvent) (at ./Library/PackageCache/com.unity.ai.assistant@6fee27370e6a/Modules/Unity.AI.Tracing/TraceSinks.cs:277)
Unity.AI.Tracing.TraceWriter:WriteEventInternal (string,string,Unity.AI.Tracing.TraceEventOptions,string,System.Nullable`1<int>) (at ./Library/PackageCache/com.unity.ai.assistant@6fee27370e6a/Modules/Unity.AI.Tracing/TraceWriter.cs:373)
Unity.AI.Tracing.TraceWriter:Event (string,Unity.AI.Tracing.TraceEventOptions) (at ./Library/PackageCache/com.unity.ai.assistant@6fee27370e6a/Modules/Unity.AI.Tracing/TraceWriter.cs:297)
Unity.AI.Tracing.TraceLogger:Emit (string,string,string,string,Unity.AI.Tracing.TraceEventOptions,object,System.Exception) (at ./Library/PackageCache/com.unity.ai.assistant@6fee27370e6a/Modules/Unity.AI.Tracing/TraceLogger.cs:105)
Unity.AI.Tracing.TraceLogger:Info (string,string,string,Unity.AI.Tracing.TraceEventOptions) (at ./Library/PackageCache/com.unity.ai.assistant@6fee27370e6a/Modules/Unity.AI.Tracing/TraceLogger.cs:35)
Unity.AI.MCP.Editor.Helpers.McpLog:Log (string,Unity.AI.Tracing.TraceEventOptions) (at ./Library/PackageCache/com.unity.ai.assistant@6fee27370e6a/Modules/Unity.AI.MCP.Editor/Helpers/McpLog.cs:15)
Unity.AI.MCP.Editor.Connection.UnixSocketListener:Start (string) (at ./Library/PackageCache/com.unity.ai.assistant@6fee27370e6a/Modules/Unity.AI.MCP.Editor/Connection/UnixSocketListener.cs:154)
Unity.AI.MCP.Editor.Bridge:Start () (at ./Library/PackageCache/com.unity.ai.assistant@6fee27370e6a/Modules/Unity.AI.MCP.Editor/Bridge.cs:282)
Unity.AI.MCP.Editor.Bridge:EnsureStartedOnEditorIdle () (at ./Library/PackageCache/com.unity.ai.assistant@6fee27370e6a/Modules/Unity.AI.MCP.Editor/Bridge.cs:454)
UnityEditor.EditorApplication:Internal_CallUpdateFunctions () (at /Users/bokken/build/output/unity/unity/Editor/Mono/EditorApplication.cs:403)

(Filename: ./Library/PackageCache/com.unity.ai.assistant@6fee27370e6a/Modules/Unity.AI.Tracing/TraceSinks.cs Line: 313)

Created Unix socket with fd=92
UnityEngine.Debug:ExtractStackTraceNoAlloc (byte*,int,string)
UnityEngine.StackTraceUtility:ExtractStackTrace () (at /Users/bokken/build/output/unity/unity/Runtime/Export/Scripting/StackTrace.cs:35)
UnityEngine.DebugLogHandler:Internal_Log (UnityEngine.LogType,UnityEngine.LogOption,string,UnityEngine.Object)
UnityEngine.DebugLogHandler:LogFormat (UnityEngine.LogType,UnityEngine.Object,string,object[])
UnityEngine.Logger:Log (UnityEngine.LogType,object)
UnityEngine.Debug:Log (object)
Unity.AI.Tracing.ConsoleSink:LogToConsole (string,string,System.Exception) (at ./Library/PackageCache/com.unity.ai.assistant@6fee27370e6a/Modules/Unity.AI.Tracing/TraceSinks.cs:313)
Unity.AI.Tracing.ConsoleSink:Write (Unity.AI.Tracing.TraceEvent) (at ./Library/PackageCache/com.unity.ai.assistant@6fee27370e6a/Modules/Unity.AI.Tracing/TraceSinks.cs:277)
Unity.AI.Tracing.TraceWriter:WriteEventInternal (string,string,Unity.AI.Tracing.TraceEventOptions,string,System.Nullable`1<int>) (at ./Library/PackageCache/com.unity.ai.assistant@6fee27370e6a/Modules/Unity.AI.Tracing/TraceWriter.cs:373)
Unity.AI.Tracing.TraceWriter:Event (string,Unity.AI.Tracing.TraceEventOptions) (at ./Library/PackageCache/com.unity.ai.assistant@6fee27370e6a/Modules/Unity.AI.Tracing/TraceWriter.cs:297)
Unity.AI.Tracing.TraceLogger:Emit (string,string,string,string,Unity.AI.Tracing.TraceEventOptions,object,System.Exception) (at ./Library/PackageCache/com.unity.ai.assistant@6fee27370e6a/Modules/Unity.AI.Tracing/TraceLogger.cs:105)
Unity.AI.Tracing.TraceLogger:Info (string,string,string,Unity.AI.Tracing.TraceEventOptions) (at ./Library/PackageCache/com.unity.ai.assistant@6fee27370e6a/Modules/Unity.AI.Tracing/TraceLogger.cs:35)
Unity.AI.MCP.Editor.Helpers.McpLog:Log (string,Unity.AI.Tracing.TraceEventOptions) (at ./Library/PackageCache/com.unity.ai.assistant@6fee27370e6a/Modules/Unity.AI.MCP.Editor/Helpers/McpLog.cs:15)
Unity.AI.MCP.Editor.Connection.UnixSocketListener:Start (string) (at ./Library/PackageCache/com.unity.ai.assistant@6fee27370e6a/Modules/Unity.AI.MCP.Editor/Connection/UnixSocketListener.cs:170)
Unity.AI.MCP.Editor.Bridge:Start () (at ./Library/PackageCache/com.unity.ai.assistant@6fee27370e6a/Modules/Unity.AI.MCP.Editor/Bridge.cs:282)
Unity.AI.MCP.Editor.Bridge:EnsureStartedOnEditorIdle () (at ./Library/PackageCache/com.unity.ai.assistant@6fee27370e6a/Modules/Unity.AI.MCP.Editor/Bridge.cs:454)
UnityEditor.EditorApplication:Internal_CallUpdateFunctions () (at /Users/bokken/build/output/unity/unity/Editor/Mono/EditorApplication.cs:403)

(Filename: ./Library/PackageCache/com.unity.ai.assistant@6fee27370e6a/Modules/Unity.AI.Tracing/TraceSinks.cs Line: 313)

Bound Unix socket to /tmp/unity-mcp-cf777efb-20031
UnityEngine.Debug:ExtractStackTraceNoAlloc (byte*,int,string)
UnityEngine.StackTraceUtility:ExtractStackTrace () (at /Users/bokken/build/output/unity/unity/Runtime/Export/Scripting/StackTrace.cs:35)
UnityEngine.DebugLogHandler:Internal_Log (UnityEngine.LogType,UnityEngine.LogOption,string,UnityEngine.Object)
UnityEngine.DebugLogHandler:LogFormat (UnityEngine.LogType,UnityEngine.Object,string,object[])
UnityEngine.Logger:Log (UnityEngine.LogType,object)
UnityEngine.Debug:Log (object)
Unity.AI.Tracing.ConsoleSink:LogToConsole (string,string,System.Exception) (at ./Library/PackageCache/com.unity.ai.assistant@6fee27370e6a/Modules/Unity.AI.Tracing/TraceSinks.cs:313)
Unity.AI.Tracing.ConsoleSink:Write (Unity.AI.Tracing.TraceEvent) (at ./Library/PackageCache/com.unity.ai.assistant@6fee27370e6a/Modules/Unity.AI.Tracing/TraceSinks.cs:277)
Unity.AI.Tracing.TraceWriter:WriteEventInternal (string,string,Unity.AI.Tracing.TraceEventOptions,string,System.Nullable`1<int>) (at ./Library/PackageCache/com.unity.ai.assistant@6fee27370e6a/Modules/Unity.AI.Tracing/TraceWriter.cs:373)
Unity.AI.Tracing.TraceWriter:Event (string,Unity.AI.Tracing.TraceEventOptions) (at ./Library/PackageCache/com.unity.ai.assistant@6fee27370e6a/Modules/Unity.AI.Tracing/TraceWriter.cs:297)
Unity.AI.Tracing.TraceLogger:Emit (string,string,string,string,Unity.AI.Tracing.TraceEventOptions,object,System.Exception) (at ./Library/PackageCache/com.unity.ai.assistant@6fee27370e6a/Modules/Unity.AI.Tracing/TraceLogger.cs:105)
Unity.AI.Tracing.TraceLogger:Info (string,string,string,Unity.AI.Tracing.TraceEventOptions) (at ./Library/PackageCache/com.unity.ai.assistant@6fee27370e6a/Modules/Unity.AI.Tracing/TraceLogger.cs:35)
Unity.AI.MCP.Editor.Helpers.McpLog:Log (string,Unity.AI.Tracing.TraceEventOptions) (at ./Library/PackageCache/com.unity.ai.assistant@6fee27370e6a/Modules/Unity.AI.MCP.Editor/Helpers/McpLog.cs:15)
Unity.AI.MCP.Editor.Connection.UnixSocketListener:Start (string) (at ./Library/PackageCache/com.unity.ai.assistant@6fee27370e6a/Modules/Unity.AI.MCP.Editor/Connection/UnixSocketListener.cs:188)
Unity.AI.MCP.Editor.Bridge:Start () (at ./Library/PackageCache/com.unity.ai.assistant@6fee27370e6a/Modules/Unity.AI.MCP.Editor/Bridge.cs:282)
Unity.AI.MCP.Editor.Bridge:EnsureStartedOnEditorIdle () (at ./Library/PackageCache/com.unity.ai.assistant@6fee27370e6a/Modules/Unity.AI.MCP.Editor/Bridge.cs:454)
UnityEditor.EditorApplication:Internal_CallUpdateFunctions () (at /Users/bokken/build/output/unity/unity/Editor/Mono/EditorApplication.cs:403)

(Filename: ./Library/PackageCache/com.unity.ai.assistant@6fee27370e6a/Modules/Unity.AI.Tracing/TraceSinks.cs Line: 313)

Set socket permissions to 0600: /tmp/unity-mcp-cf777efb-20031
UnityEngine.Debug:ExtractStackTraceNoAlloc (byte*,int,string)
UnityEngine.StackTraceUtility:ExtractStackTrace () (at /Users/bokken/build/output/unity/unity/Runtime/Export/Scripting/StackTrace.cs:35)
UnityEngine.DebugLogHandler:Internal_Log (UnityEngine.LogType,UnityEngine.LogOption,string,UnityEngine.Object)
UnityEngine.DebugLogHandler:LogFormat (UnityEngine.LogType,UnityEngine.Object,string,object[])
UnityEngine.Logger:Log (UnityEngine.LogType,object)
UnityEngine.Debug:Log (object)
Unity.AI.Tracing.ConsoleSink:LogToConsole (string,string,System.Exception) (at ./Library/PackageCache/com.unity.ai.assistant@6fee27370e6a/Modules/Unity.AI.Tracing/TraceSinks.cs:313)
Unity.AI.Tracing.ConsoleSink:Write (Unity.AI.Tracing.TraceEvent) (at ./Library/PackageCache/com.unity.ai.assistant@6fee27370e6a/Modules/Unity.AI.Tracing/TraceSinks.cs:277)
Unity.AI.Tracing.TraceWriter:WriteEventInternal (string,string,Unity.AI.Tracing.TraceEventOptions,string,System.Nullable`1<int>) (at ./Library/PackageCache/com.unity.ai.assistant@6fee27370e6a/Modules/Unity.AI.Tracing/TraceWriter.cs:373)
Unity.AI.Tracing.TraceWriter:Event (string,Unity.AI.Tracing.TraceEventOptions) (at ./Library/PackageCache/com.unity.ai.assistant@6fee27370e6a/Modules/Unity.AI.Tracing/TraceWriter.cs:297)
Unity.AI.Tracing.TraceLogger:Emit (string,string,string,string,Unity.AI.Tracing.TraceEventOptions,object,System.Exception) (at ./Library/PackageCache/com.unity.ai.assistant@6fee27370e6a/Modules/Unity.AI.Tracing/TraceLogger.cs:105)
Unity.AI.Tracing.TraceLogger:Info (string,string,string,Unity.AI.Tracing.TraceEventOptions) (at ./Library/PackageCache/com.unity.ai.assistant@6fee27370e6a/Modules/Unity.AI.Tracing/TraceLogger.cs:35)
Unity.AI.MCP.Editor.Helpers.McpLog:Log (string,Unity.AI.Tracing.TraceEventOptions) (at ./Library/PackageCache/com.unity.ai.assistant@6fee27370e6a/Modules/Unity.AI.MCP.Editor/Helpers/McpLog.cs:15)
Unity.AI.MCP.Editor.Connection.UnixSocketListener:Start (string) (at ./Library/PackageCache/com.unity.ai.assistant@6fee27370e6a/Modules/Unity.AI.MCP.Editor/Connection/UnixSocketListener.cs:193)
Unity.AI.MCP.Editor.Bridge:Start () (at ./Library/PackageCache/com.unity.ai.assistant@6fee27370e6a/Modules/Unity.AI.MCP.Editor/Bridge.cs:282)
Unity.AI.MCP.Editor.Bridge:EnsureStartedOnEditorIdle () (at ./Library/PackageCache/com.unity.ai.assistant@6fee27370e6a/Modules/Unity.AI.MCP.Editor/Bridge.cs:454)
UnityEditor.EditorApplication:Internal_CallUpdateFunctions () (at /Users/bokken/build/output/unity/unity/Editor/Mono/EditorApplication.cs:403)

(Filename: ./Library/PackageCache/com.unity.ai.assistant@6fee27370e6a/Modules/Unity.AI.Tracing/TraceSinks.cs Line: 313)

Listening on Unix socket: /tmp/unity-mcp-cf777efb-20031
UnityEngine.Debug:ExtractStackTraceNoAlloc (byte*,int,string)
UnityEngine.StackTraceUtility:ExtractStackTrace () (at /Users/bokken/build/output/unity/unity/Runtime/Export/Scripting/StackTrace.cs:35)
UnityEngine.DebugLogHandler:Internal_Log (UnityEngine.LogType,UnityEngine.LogOption,string,UnityEngine.Object)
UnityEngine.DebugLogHandler:LogFormat (UnityEngine.LogType,UnityEngine.Object,string,object[])
UnityEngine.Logger:Log (UnityEngine.LogType,object)
UnityEngine.Debug:Log (object)
Unity.AI.Tracing.ConsoleSink:LogToConsole (string,string,System.Exception) (at ./Library/PackageCache/com.unity.ai.assistant@6fee27370e6a/Modules/Unity.AI.Tracing/TraceSinks.cs:313)
Unity.AI.Tracing.ConsoleSink:Write (Unity.AI.Tracing.TraceEvent) (at ./Library/PackageCache/com.unity.ai.assistant@6fee27370e6a/Modules/Unity.AI.Tracing/TraceSinks.cs:277)
Unity.AI.Tracing.TraceWriter:WriteEventInternal (string,string,Unity.AI.Tracing.TraceEventOptions,string,System.Nullable`1<int>) (at ./Library/PackageCache/com.unity.ai.assistant@6fee27370e6a/Modules/Unity.AI.Tracing/TraceWriter.cs:373)
Unity.AI.Tracing.TraceWriter:Event (string,Unity.AI.Tracing.TraceEventOptions) (at ./Library/PackageCache/com.unity.ai.assistant@6fee27370e6a/Modules/Unity.AI.Tracing/TraceWriter.cs:297)
Unity.AI.Tracing.TraceLogger:Emit (string,string,string,string,Unity.AI.Tracing.TraceEventOptions,object,System.Exception) (at ./Library/PackageCache/com.unity.ai.assistant@6fee27370e6a/Modules/Unity.AI.Tracing/TraceLogger.cs:105)
Unity.AI.Tracing.TraceLogger:Info (string,string,string,Unity.AI.Tracing.TraceEventOptions) (at ./Library/PackageCache/com.unity.ai.assistant@6fee27370e6a/Modules/Unity.AI.Tracing/TraceLogger.cs:35)
Unity.AI.MCP.Editor.Helpers.McpLog:Log (string,Unity.AI.Tracing.TraceEventOptions) (at ./Library/PackageCache/com.unity.ai.assistant@6fee27370e6a/Modules/Unity.AI.MCP.Editor/Helpers/McpLog.cs:15)
Unity.AI.MCP.Editor.Connection.UnixSocketListener:Start (string) (at ./Library/PackageCache/com.unity.ai.assistant@6fee27370e6a/Modules/Unity.AI.MCP.Editor/Connection/UnixSocketListener.cs:210)
Unity.AI.MCP.Editor.Bridge:Start () (at ./Library/PackageCache/com.unity.ai.assistant@6fee27370e6a/Modules/Unity.AI.MCP.Editor/Bridge.cs:282)
Unity.AI.MCP.Editor.Bridge:EnsureStartedOnEditorIdle () (at ./Library/PackageCache/com.unity.ai.assistant@6fee27370e6a/Modules/Unity.AI.MCP.Editor/Bridge.cs:454)
UnityEditor.EditorApplication:Internal_CallUpdateFunctions () (at /Users/bokken/build/output/unity/unity/Editor/Mono/EditorApplication.cs:403)

(Filename: ./Library/PackageCache/com.unity.ai.assistant@6fee27370e6a/Modules/Unity.AI.Tracing/TraceSinks.cs Line: 313)

Restored umask to 012
UnityEngine.Debug:ExtractStackTraceNoAlloc (byte*,int,string)
UnityEngine.StackTraceUtility:ExtractStackTrace () (at /Users/bokken/build/output/unity/unity/Runtime/Export/Scripting/StackTrace.cs:35)
UnityEngine.DebugLogHandler:Internal_Log (UnityEngine.LogType,UnityEngine.LogOption,string,UnityEngine.Object)
UnityEngine.DebugLogHandler:LogFormat (UnityEngine.LogType,UnityEngine.Object,string,object[])
UnityEngine.Logger:Log (UnityEngine.LogType,object)
UnityEngine.Debug:Log (object)
Unity.AI.Tracing.ConsoleSink:LogToConsole (string,string,System.Exception) (at ./Library/PackageCache/com.unity.ai.assistant@6fee27370e6a/Modules/Unity.AI.Tracing/TraceSinks.cs:313)
Unity.AI.Tracing.ConsoleSink:Write (Unity.AI.Tracing.TraceEvent) (at ./Library/PackageCache/com.unity.ai.assistant@6fee27370e6a/Modules/Unity.AI.Tracing/TraceSinks.cs:277)
Unity.AI.Tracing.TraceWriter:WriteEventInternal (string,string,Unity.AI.Tracing.TraceEventOptions,string,System.Nullable`1<int>) (at ./Library/PackageCache/com.unity.ai.assistant@6fee27370e6a/Modules/Unity.AI.Tracing/TraceWriter.cs:373)
Unity.AI.Tracing.TraceWriter:Event (string,Unity.AI.Tracing.TraceEventOptions) (at ./Library/PackageCache/com.unity.ai.assistant@6fee27370e6a/Modules/Unity.AI.Tracing/TraceWriter.cs:297)
Unity.AI.Tracing.TraceLogger:Emit (string,string,string,string,Unity.AI.Tracing.TraceEventOptions,object,System.Exception) (at ./Library/PackageCache/com.unity.ai.assistant@6fee27370e6a/Modules/Unity.AI.Tracing/TraceLogger.cs:105)
Unity.AI.Tracing.TraceLogger:Info (string,string,string,Unity.AI.Tracing.TraceEventOptions) (at ./Library/PackageCache/com.unity.ai.assistant@6fee27370e6a/Modules/Unity.AI.Tracing/TraceLogger.cs:35)
Unity.AI.MCP.Editor.Helpers.McpLog:Log (string,Unity.AI.Tracing.TraceEventOptions) (at ./Library/PackageCache/com.unity.ai.assistant@6fee27370e6a/Modules/Unity.AI.MCP.Editor/Helpers/McpLog.cs:15)
Unity.AI.MCP.Editor.Connection.UnixSocketListener:Start (string) (at ./Library/PackageCache/com.unity.ai.assistant@6fee27370e6a/Modules/Unity.AI.MCP.Editor/Connection/UnixSocketListener.cs:224)
Unity.AI.MCP.Editor.Bridge:Start () (at ./Library/PackageCache/com.unity.ai.assistant@6fee27370e6a/Modules/Unity.AI.MCP.Editor/Bridge.cs:282)
Unity.AI.MCP.Editor.Bridge:EnsureStartedOnEditorIdle () (at ./Library/PackageCache/com.unity.ai.assistant@6fee27370e6a/Modules/Unity.AI.MCP.Editor/Bridge.cs:454)
UnityEditor.EditorApplication:Internal_CallUpdateFunctions () (at /Users/bokken/build/output/unity/unity/Editor/Mono/EditorApplication.cs:403)

(Filename: ./Library/PackageCache/com.unity.ai.assistant@6fee27370e6a/Modules/Unity.AI.Tracing/TraceSinks.cs Line: 313)

MCP Bridge V2 started using Unix Socket at /tmp/unity-mcp-cf777efb-20031 (OS=OSXEditor)
UnityEngine.Debug:ExtractStackTraceNoAlloc (byte*,int,string)
UnityEngine.StackTraceUtility:ExtractStackTrace () (at /Users/bokken/build/output/unity/unity/Runtime/Export/Scripting/StackTrace.cs:35)
UnityEngine.DebugLogHandler:Internal_Log (UnityEngine.LogType,UnityEngine.LogOption,string,UnityEngine.Object)
UnityEngine.DebugLogHandler:LogFormat (UnityEngine.LogType,UnityEngine.Object,string,object[])
UnityEngine.Logger:Log (UnityEngine.LogType,object)
UnityEngine.Debug:Log (object)
Unity.AI.Tracing.ConsoleSink:LogToConsole (string,string,System.Exception) (at ./Library/PackageCache/com.unity.ai.assistant@6fee27370e6a/Modules/Unity.AI.Tracing/TraceSinks.cs:313)
Unity.AI.Tracing.ConsoleSink:Write (Unity.AI.Tracing.TraceEvent) (at ./Library/PackageCache/com.unity.ai.assistant@6fee27370e6a/Modules/Unity.AI.Tracing/TraceSinks.cs:277)
Unity.AI.Tracing.TraceWriter:WriteEventInternal (string,string,Unity.AI.Tracing.TraceEventOptions,string,System.Nullable`1<int>) (at ./Library/PackageCache/com.unity.ai.assistant@6fee27370e6a/Modules/Unity.AI.Tracing/TraceWriter.cs:373)
Unity.AI.Tracing.TraceWriter:Event (string,Unity.AI.Tracing.TraceEventOptions) (at ./Library/PackageCache/com.unity.ai.assistant@6fee27370e6a/Modules/Unity.AI.Tracing/TraceWriter.cs:297)
Unity.AI.Tracing.TraceLogger:Emit (string,string,string,string,Unity.AI.Tracing.TraceEventOptions,object,System.Exception) (at ./Library/PackageCache/com.unity.ai.assistant@6fee27370e6a/Modules/Unity.AI.Tracing/TraceLogger.cs:105)
Unity.AI.Tracing.TraceLogger:Info (string,string,string,Unity.AI.Tracing.TraceEventOptions) (at ./Library/PackageCache/com.unity.ai.assistant@6fee27370e6a/Modules/Unity.AI.Tracing/TraceLogger.cs:35)
Unity.AI.MCP.Editor.Helpers.McpLog:Log (string,Unity.AI.Tracing.TraceEventOptions) (at ./Library/PackageCache/com.unity.ai.assistant@6fee27370e6a/Modules/Unity.AI.MCP.Editor/Helpers/McpLog.cs:15)
Unity.AI.MCP.Editor.Bridge:Start () (at ./Library/PackageCache/com.unity.ai.assistant@6fee27370e6a/Modules/Unity.AI.MCP.Editor/Bridge.cs:288)
Unity.AI.MCP.Editor.Bridge:EnsureStartedOnEditorIdle () (at ./Library/PackageCache/com.unity.ai.assistant@6fee27370e6a/Modules/Unity.AI.MCP.Editor/Bridge.cs:454)
UnityEditor.EditorApplication:Internal_CallUpdateFunctions () (at /Users/bokken/build/output/unity/unity/Editor/Mono/EditorApplication.cs:403)

(Filename: ./Library/PackageCache/com.unity.ai.assistant@6fee27370e6a/Modules/Unity.AI.Tracing/TraceSinks.cs Line: 313)

Saved connection info to /Users/farhad/.unity/mcp/connections/bridge-cf777efb-20031.json
UnityEngine.Debug:ExtractStackTraceNoAlloc (byte*,int,string)
UnityEngine.StackTraceUtility:ExtractStackTrace () (at /Users/bokken/build/output/unity/unity/Runtime/Export/Scripting/StackTrace.cs:35)
UnityEngine.DebugLogHandler:Internal_Log (UnityEngine.LogType,UnityEngine.LogOption,string,UnityEngine.Object)
UnityEngine.DebugLogHandler:LogFormat (UnityEngine.LogType,UnityEngine.Object,string,object[])
UnityEngine.Logger:Log (UnityEngine.LogType,object)
UnityEngine.Debug:Log (object)
Unity.AI.Tracing.ConsoleSink:LogToConsole (string,string,System.Exception) (at ./Library/PackageCache/com.unity.ai.assistant@6fee27370e6a/Modules/Unity.AI.Tracing/TraceSinks.cs:313)
Unity.AI.Tracing.ConsoleSink:Write (Unity.AI.Tracing.TraceEvent) (at ./Library/PackageCache/com.unity.ai.assistant@6fee27370e6a/Modules/Unity.AI.Tracing/TraceSinks.cs:277)
Unity.AI.Tracing.TraceWriter:WriteEventInternal (string,string,Unity.AI.Tracing.TraceEventOptions,string,System.Nullable`1<int>) (at ./Library/PackageCache/com.unity.ai.assistant@6fee27370e6a/Modules/Unity.AI.Tracing/TraceWriter.cs:373)
Unity.AI.Tracing.TraceWriter:Event (string,Unity.AI.Tracing.TraceEventOptions) (at ./Library/PackageCache/com.unity.ai.assistant@6fee27370e6a/Modules/Unity.AI.Tracing/TraceWriter.cs:297)
Unity.AI.Tracing.TraceLogger:Emit (string,string,string,string,Unity.AI.Tracing.TraceEventOptions,object,System.Exception) (at ./Library/PackageCache/com.unity.ai.assistant@6fee27370e6a/Modules/Unity.AI.Tracing/TraceLogger.cs:105)
Unity.AI.Tracing.TraceLogger:Info (string,string,string,Unity.AI.Tracing.TraceEventOptions) (at ./Library/PackageCache/com.unity.ai.assistant@6fee27370e6a/Modules/Unity.AI.Tracing/TraceLogger.cs:35)
Unity.AI.MCP.Editor.Helpers.McpLog:Log (string,Unity.AI.Tracing.TraceEventOptions) (at ./Library/PackageCache/com.unity.ai.assistant@6fee27370e6a/Modules/Unity.AI.MCP.Editor/Helpers/McpLog.cs:15)
Unity.AI.MCP.Editor.Helpers.ServerDiscovery:SaveConnectionInfo (string) (at ./Library/PackageCache/com.unity.ai.assistant@6fee27370e6a/Modules/Unity.AI.MCP.Editor/Connection/ServerDiscovery.cs:132)
Unity.AI.MCP.Editor.Bridge:Start () (at ./Library/PackageCache/com.unity.ai.assistant@6fee27370e6a/Modules/Unity.AI.MCP.Editor/Bridge.cs:297)
Unity.AI.MCP.Editor.Bridge:EnsureStartedOnEditorIdle () (at ./Library/PackageCache/com.unity.ai.assistant@6fee27370e6a/Modules/Unity.AI.MCP.Editor/Bridge.cs:454)
UnityEditor.EditorApplication:Internal_CallUpdateFunctions () (at /Users/bokken/build/output/unity/unity/Editor/Mono/EditorApplication.cs:403)

(Filename: ./Library/PackageCache/com.unity.ai.assistant@6fee27370e6a/Modules/Unity.AI.Tracing/TraceSinks.cs Line: 313)

Start Indexing on Editor startup
[Indexing] Starting Initial Indexing for Assets
[UiShellPresentation] stage=CommandStarted sequence=1 kind=EnterMenu region=None route=MainMenu
UnityEngine.Debug:ExtractStackTraceNoAlloc (byte*,int,string)
UnityEngine.StackTraceUtility:ExtractStackTrace () (at /Users/bokken/build/output/unity/unity/Runtime/Export/Scripting/StackTrace.cs:35)
UnityEngine.DebugLogHandler:Internal_Log (UnityEngine.LogType,UnityEngine.LogOption,string,UnityEngine.Object)
UnityEngine.DebugLogHandler:LogFormat (UnityEngine.LogType,UnityEngine.Object,string,object[])
UnityEngine.Logger:Log (UnityEngine.LogType,object,UnityEngine.Object)
UnityEngine.Debug:Log (object,UnityEngine.Object)
Game.Composition.UiDiagnosticsComposition:Report (Game.UI.Contracts.UiDiagnosticSeverity,string,UnityEngine.Object) (at Assets/Game/Scripts/Composition/UiDiagnosticsComposition.cs:17)
Game.UI.Contracts.UiDiagnostics:Info (string,UnityEngine.Object) (at Assets/Game/Scripts/UI/Contracts/UiDiagnostics.cs:14)
Game.UI.Runtime.UIShellEcsPresentationSystem:LogTransition (string,Game.UI.Contracts.UiShellPresentationCommandModel) (at Assets/Game/Scripts/UI/Shell/UIShellEcsPresentationSystem.cs:138)
Game.UI.Runtime.UIShellEcsPresentationSystem:Update () (at Assets/Game/Scripts/UI/Shell/UIShellEcsPresentationSystem.cs:87)

(Filename: Assets/Game/Scripts/Composition/UiDiagnosticsComposition.cs Line: 17)

MCP client info: codex-mcp-client v0.160.0
UnityEngine.Debug:ExtractStackTraceNoAlloc (byte*,int,string)
UnityEngine.StackTraceUtility:ExtractStackTrace () (at /Users/bokken/build/output/unity/unity/Runtime/Export/Scripting/StackTrace.cs:35)
UnityEngine.DebugLogHandler:Internal_Log (UnityEngine.LogType,UnityEngine.LogOption,string,UnityEngine.Object)
UnityEngine.DebugLogHandler:LogFormat (UnityEngine.LogType,UnityEngine.Object,string,object[])
UnityEngine.Logger:Log (UnityEngine.LogType,object)
UnityEngine.Debug:Log (object)
Unity.AI.Tracing.ConsoleSink:LogToConsole (string,string,System.Exception) (at ./Library/PackageCache/com.unity.ai.assistant@6fee27370e6a/Modules/Unity.AI.Tracing/TraceSinks.cs:313)
Unity.AI.Tracing.ConsoleSink:Write (Unity.AI.Tracing.TraceEvent) (at ./Library/PackageCache/com.unity.ai.assistant@6fee27370e6a/Modules/Unity.AI.Tracing/TraceSinks.cs:277)
Unity.AI.Tracing.TraceWriter:WriteEventInternal (string,string,Unity.AI.Tracing.TraceEventOptions,string,System.Nullable`1<int>) (at ./Library/PackageCache/com.unity.ai.assistant@6fee27370e6a/Modules/Unity.AI.Tracing/TraceWriter.cs:373)
Unity.AI.Tracing.TraceWriter:Event (string,Unity.AI.Tracing.TraceEventOptions) (at ./Library/PackageCache/com.unity.ai.assistant@6fee27370e6a/Modules/Unity.AI.Tracing/TraceWriter.cs:297)
Unity.AI.Tracing.TraceLogger:Emit (string,string,string,string,Unity.AI.Tracing.TraceEventOptions,object,System.Exception) (at ./Library/PackageCache/com.unity.ai.assistant@6fee27370e6a/Modules/Unity.AI.Tracing/TraceLogger.cs:105)
Unity.AI.Tracing.TraceLogger:Info (string,string,string,Unity.AI.Tracing.TraceEventOptions) (at ./Library/PackageCache/com.unity.ai.assistant@6fee27370e6a/Modules/Unity.AI.Tracing/TraceLogger.cs:35)
Unity.AI.MCP.Editor.Helpers.McpLog:Log (string,Unity.AI.Tracing.TraceEventOptions) (at ./Library/PackageCache/com.unity.ai.assistant@6fee27370e6a/Modules/Unity.AI.MCP.Editor/Helpers/McpLog.cs:15)
Unity.AI.MCP.Editor.Bridge/<ExecuteCommandAsync>d__75:MoveNext () (at ./Library/PackageCache/com.unity.ai.assistant@6fee27370e6a/Modules/Unity.AI.MCP.Editor/Bridge.cs:1707)
System.Runtime.CompilerServices.AsyncTaskMethodBuilder`1<string>:Start<Unity.AI.MCP.Editor.Bridge/<ExecuteCommandAsync>d__75> (Unity.AI.MCP.Editor.Bridge/<ExecuteCommandAsync>d__75&)
Unity.AI.MCP.Editor.Bridge:ExecuteCommandAsync (Unity.AI.MCP.Editor.Models.Command,Unity.AI.MCP.Editor.Connection.IConnectionTransport,System.Threading.CancellationToken)
Unity.AI.MCP.Editor.Bridge:ProcessCommands () (at ./Library/PackageCache/com.unity.ai.assistant@6fee27370e6a/Modules/Unity.AI.MCP.Editor/Bridge.cs:1537)
Unity.AI.MCP.Editor.Bridge:<RequestDrainOnMainThread>b__69_0 (object) (at ./Library/PackageCache/com.unity.ai.assistant@6fee27370e6a/Modules/Unity.AI.MCP.Editor/Bridge.cs:1468)
UnityEngine.UnitySynchronizationContext/WorkRequest:Invoke () (at /Users/bokken/build/output/unity/unity/Runtime/Export/Scripting/UnitySynchronizationContext.cs:156)
UnityEngine.UnitySynchronizationContext:Exec () (at /Users/bokken/build/output/unity/unity/Runtime/Export/Scripting/UnitySynchronizationContext.cs:84)
UnityEngine.UnitySynchronizationContext:ExecuteTasks () (at /Users/bokken/build/output/unity/unity/Runtime/Export/Scripting/UnitySynchronizationContext.cs:110)

(Filename: ./Library/PackageCache/com.unity.ai.assistant@6fee27370e6a/Modules/Unity.AI.Tracing/TraceSinks.cs Line: 313)

Created GICache directory at /Users/farhad/Library/Caches/com.unity3d.UnityEditor/GiCache. Took: 0.004s, timestamps: [85.002 - 85.007]
Accepted Unix socket connection: fd=109
UnityEngine.Debug:ExtractStackTraceNoAlloc (byte*,int,string)
UnityEngine.StackTraceUtility:ExtractStackTrace () (at /Users/bokken/build/output/unity/unity/Runtime/Export/Scripting/StackTrace.cs:35)
UnityEngine.DebugLogHandler:Internal_Log (UnityEngine.LogType,UnityEngine.LogOption,string,UnityEngine.Object)
UnityEngine.DebugLogHandler:LogFormat (UnityEngine.LogType,UnityEngine.Object,string,object[])
UnityEngine.Logger:Log (UnityEngine.LogType,object)
UnityEngine.Debug:Log (object)
Unity.AI.Tracing.ConsoleSink:LogToConsole (string,string,System.Exception) (at ./Library/PackageCache/com.unity.ai.assistant@6fee27370e6a/Modules/Unity.AI.Tracing/TraceSinks.cs:313)
Unity.AI.Tracing.ConsoleSink/<>c__DisplayClass9_0:<Write>b__0 () (at ./Library/PackageCache/com.unity.ai.assistant@6fee27370e6a/Modules/Unity.AI.Tracing/TraceSinks.cs:286)
UnityEditor.Search.Dispatcher/Task:Invoke () (at /Users/bokken/build/output/unity/unity/Modules/QuickSearch/Editor/UI/Dispatcher.cs:29)
UnityEditor.Search.Dispatcher:Process (UnityEditor.Search.Dispatcher/Task&) (at /Users/bokken/build/output/unity/unity/Modules/QuickSearch/Editor/UI/Dispatcher.cs:78)
UnityEditor.Search.Dispatcher:Update () (at /Users/bokken/build/output/unity/unity/Modules/QuickSearch/Editor/UI/Dispatcher.cs:101)
UnityEditor.EditorApplication:Internal_InvokeTickEvents () (at /Users/bokken/build/output/unity/unity/Editor/Mono/EditorApplication.cs:409)

(Filename: ./Library/PackageCache/com.unity.ai.assistant@6fee27370e6a/Modules/Unity.AI.Tracing/TraceSinks.cs Line: 313)

[Licensing::Client] Successfully resolved entitlement details
[Licensing::Client] Successfully resolved entitlement details
Client connected: UnixSocket-1
  at Unity.AI.MCP.Editor.Bridge.HandleClientAsync (Unity.AI.MCP.Editor.Connection.IConnectionTransport transport, System.Threading.CancellationToken token) [0x00129] in ./Library/PackageCache/com.unity.ai.assistant@6fee27370e6a/Modules/Unity.AI.MCP.Editor/Bridge.cs:635 
  at System.Runtime.CompilerServices.AsyncTaskMethodBuilder.Start[TStateMachine] (TStateMachine& stateMachine) [0x00000] in <299d5c9ae27b4d27af003e5f456f4b13>:0 
  at Unity.AI.MCP.Editor.Bridge.HandleClientAsync (Unity.AI.MCP.Editor.Connection.IConnectionTransport transport, System.Threading.CancellationToken token) [0x00000] in <9217938491974134b56b2787b79de882>:0 
  at Unity.AI.MCP.Editor.Bridge+<>c__DisplayClass60_1.<ListenerLoopAsync>b__0 () [0x00000] in ./Library/PackageCache/com.unity.ai.assistant@6fee27370e6a/Modules/Unity.AI.MCP.Editor/Bridge.cs:505 
  at System.Threading.Tasks.Task`1[TResult].InnerInvoke () [0x00000] in <299d5c9ae27b4d27af003e5f456f4b13>:0 
  at System.Threading.Tasks.Task.Execute () [0x00000] in <299d5c9ae27b4d27af003e5f456f4b13>:0 
  at System.Threading.Tasks.Task.ExecutionContextCallback (System.Object obj) [0x00000] in <299d5c9ae27b4d27af003e5f456f4b13>:0 
  at System.Threading.ExecutionContext.RunInternal (System.Threading.ExecutionContext executionContext, System.Threading.ContextCallback callback, System.Object state, System.Boolean preserveSyncCtx) [0x00000] in <299d5c9ae27b4d27af003e5f456f4b13>:0 
  at System.Threading.ExecutionContext.Run (System.Threading.ExecutionContext executionContext, System.Threading.ContextCallback callback, System.Object state, System.Boolean preserveSyncCtx) [0x00000] in <299d5c9ae27b4d27af003e5f456f4b13>:0 
  at System.Threading.Tasks.Task.ExecuteWithThreadLocal (System.Threading.Tasks.Task& currentTaskSlot) [0x00000] in <299d5c9ae27b4d27af003e5f456f4b13>:0 
  at System.Threading.Tasks.Task.ExecuteEntry (System.Boolean bPreventDoubleExecution) [0x00000] in <299d5c9ae27b4d27af003e5f456f4b13>:0 
  at System.Threading.Tasks.Task.System.Threading.IThreadPoolWorkItem.ExecuteWorkItem () [0x00000] in <299d5c9ae27b4d27af003e5f456f4b13>:0 
  at System.Threading.ThreadPoolWorkQueue.Dispatch () [0x00000] in <299d5c9ae27b4d27af003e5f456f4b13>:0 
  at System.Threading._ThreadPoolWaitCallback.PerformWaitCallback () [0x00000] in <299d5c9ae27b4d27af003e5f456f4b13>:0 
UnityEngine.Debug:ExtractStackTraceNoAlloc (byte*,int,string)
UnityEngine.StackTraceUtility:ExtractStackTrace () (at /Users/bokken/build/output/unity/unity/Runtime/Export/Scripting/StackTrace.cs:35)
UnityEngine.DebugLogHandler:Internal_Log (UnityEngine.LogType,UnityEngine.LogOption,string,UnityEngine.Object)
UnityEngine.DebugLogHandler:LogFormat (UnityEngine.LogType,UnityEngine.Object,string,object[])
UnityEngine.Logger:Log (UnityEngine.LogType,object)
UnityEngine.Debug:Log (object)
Unity.AI.Tracing.ConsoleSink:LogToConsole (string,string,System.Exception) (at ./Library/PackageCache/com.unity.ai.assistant@6fee27370e6a/Modules/Unity.AI.Tracing/TraceSinks.cs:313)
Unity.AI.Tracing.ConsoleSink:Write (Unity.AI.Tracing.TraceEvent) (at ./Library/PackageCache/com.unity.ai.assistant@6fee27370e6a/Modules/Unity.AI.Tracing/TraceSinks.cs:277)
Unity.AI.Tracing.TraceWriter:WriteEventInternal (string,string,Unity.AI.Tracing.TraceEventOptions,string,System.Nullable`1<int>) (at ./Library/PackageCache/com.unity.ai.assistant@6fee27370e6a/Modules/Unity.AI.Tracing/TraceWriter.cs:373)
Unity.AI.Tracing.TraceWriter:Event (string,Unity.AI.Tracing.TraceEventOptions) (at ./Library/PackageCache/com.unity.ai.assistant@6fee27370e6a/Modules/Unity.AI.Tracing/TraceWriter.cs:297)
Unity.AI.Tracing.TraceLogger:Emit (string,string,string,string,Unity.AI.Tracing.TraceEventOptions,object,System.Exception) (at ./Library/PackageCache/com.unity.ai.assistant@6fee27370e6a/Modules/Unity.AI.Tracing/TraceLogger.cs:105)
Unity.AI.Tracing.TraceLogger:Info (string,string,string,Unity.AI.Tracing.TraceEventOptions) (at ./Library/PackageCache/com.unity.ai.assistant@6fee27370e6a/Modules/Unity.AI.Tracing/TraceLogger.cs:35)
Unity.AI.MCP.Editor.Helpers.McpLog/<>c__DisplayClass8_0:<LogDelayed>b__0 () (at ./Library/PackageCache/com.unity.ai.assistant@6fee27370e6a/Modules/Unity.AI.MCP.Editor/Helpers/McpLog.cs:74)
Unity.AI.Toolkit.EditorTask/<>c__DisplayClass21_0:<DelayCall>b__0 () (at ./Library/PackageCache/com.unity.ai.assistant@6fee27370e6a/Modules/Unity.AI.Toolkit.Async/EditorTask.cs:375)
UnityEditor.EditorApplication:Internal_CallUpdateFunctions () (at /Users/bokken/build/output/unity/unity/Editor/Mono/EditorApplication.cs:403)

(Filename: ./Library/PackageCache/com.unity.ai.assistant@6fee27370e6a/Modules/Unity.AI.Tracing/TraceSinks.cs Line: 313)

Sent handshake (unity-mcp protocol v2.0, tools=7)
  at Unity.AI.MCP.Editor.Bridge.HandleClientAsync (Unity.AI.MCP.Editor.Connection.IConnectionTransport transport, System.Threading.CancellationToken token) [0x006db] in ./Library/PackageCache/com.unity.ai.assistant@6fee27370e6a/Modules/Unity.AI.MCP.Editor/Bridge.cs:802 
  at System.Runtime.CompilerServices.AsyncMethodBuilderCore+MoveNextRunner.InvokeMoveNext (System.Object stateMachine) [0x00000] in <299d5c9ae27b4d27af003e5f456f4b13>:0 
  at System.Threading.ExecutionContext.RunInternal (System.Threading.ExecutionContext executionContext, System.Threading.ContextCallback callback, System.Object state, System.Boolean preserveSyncCtx) [0x00000] in <299d5c9ae27b4d27af003e5f456f4b13>:0 
  at System.Threading.ExecutionContext.Run (System.Threading.ExecutionContext executionContext, System.Threading.ContextCallback callback, System.Object state, System.Boolean preserveSyncCtx) [0x00000] in <299d5c9ae27b4d27af003e5f456f4b13>:0 
  at System.Runtime.CompilerServices.AsyncMethodBuilderCore+MoveNextRunner.Run () [0x00000] in <299d5c9ae27b4d27af003e5f456f4b13>:0 
  at System.Threading.Tasks.AwaitTaskContinuation.System.Threading.IThreadPoolWorkItem.ExecuteWorkItem () [0x00000] in <299d5c9ae27b4d27af003e5f456f4b13>:0 
  at System.Threading.ThreadPoolWorkQueue.Dispatch () [0x00000] in <299d5c9ae27b4d27af003e5f456f4b13>:0 
  at System.Threading._ThreadPoolWaitCallback.PerformWaitCallback () [0x00000] in <299d5c9ae27b4d27af003e5f456f4b13>:0 
UnityEngine.Debug:ExtractStackTraceNoAlloc (byte*,int,string)
UnityEngine.StackTraceUtility:ExtractStackTrace () (at /Users/bokken/build/output/unity/unity/Runtime/Export/Scripting/StackTrace.cs:35)
UnityEngine.DebugLogHandler:Internal_Log (UnityEngine.LogType,UnityEngine.LogOption,string,UnityEngine.Object)
UnityEngine.DebugLogHandler:LogFormat (UnityEngine.LogType,UnityEngine.Object,string,object[])
UnityEngine.Logger:Log (UnityEngine.LogType,object)
UnityEngine.Debug:Log (object)
Unity.AI.Tracing.ConsoleSink:LogToConsole (string,string,System.Exception) (at ./Library/PackageCache/com.unity.ai.assistant@6fee27370e6a/Modules/Unity.AI.Tracing/TraceSinks.cs:313)
Unity.AI.Tracing.ConsoleSink:Write (Unity.AI.Tracing.TraceEvent) (at ./Library/PackageCache/com.unity.ai.assistant@6fee27370e6a/Modules/Unity.AI.Tracing/TraceSinks.cs:277)
Unity.AI.Tracing.TraceWriter:WriteEventInternal (string,string,Unity.AI.Tracing.TraceEventOptions,string,System.Nullable`1<int>) (at ./Library/PackageCache/com.unity.ai.assistant@6fee27370e6a/Modules/Unity.AI.Tracing/TraceWriter.cs:373)
Unity.AI.Tracing.TraceWriter:Event (string,Unity.AI.Tracing.TraceEventOptions) (at ./Library/PackageCache/com.unity.ai.assistant@6fee27370e6a/Modules/Unity.AI.Tracing/TraceWriter.cs:297)
Unity.AI.Tracing.TraceLogger:Emit (string,string,string,string,Unity.AI.Tracing.TraceEventOptions,object,System.Exception) (at ./Library/PackageCache/com.unity.ai.assistant@6fee27370e6a/Modules/Unity.AI.Tracing/TraceLogger.cs:105)
Unity.AI.Tracing.TraceLogger:Info (string,string,string,Unity.AI.Tracing.TraceEventOptions) (at ./Library/PackageCache/com.unity.ai.assistant@6fee27370e6a/Modules/Unity.AI.Tracing/TraceLogger.cs:35)
Unity.AI.MCP.Editor.Helpers.McpLog/<>c__DisplayClass8_0:<LogDelayed>b__0 () (at ./Library/PackageCache/com.unity.ai.assistant@6fee27370e6a/Modules/Unity.AI.MCP.Editor/Helpers/McpLog.cs:74)
Unity.AI.Toolkit.EditorTask/<>c__DisplayClass21_0:<DelayCall>b__0 () (at ./Library/PackageCache/com.unity.ai.assistant@6fee27370e6a/Modules/Unity.AI.Toolkit.Async/EditorTask.cs:375)
UnityEditor.EditorApplication:Internal_CallUpdateFunctions () (at /Users/bokken/build/output/unity/unity/Editor/Mono/EditorApplication.cs:403)

(Filename: ./Library/PackageCache/com.unity.ai.assistant@6fee27370e6a/Modules/Unity.AI.Tracing/TraceSinks.cs Line: 313)

[UiShellPresentation] stage=CommandCompleted sequence=1 kind=EnterMenu region=None route=MainMenu
UnityEngine.Debug:ExtractStackTraceNoAlloc (byte*,int,string)
UnityEngine.StackTraceUtility:ExtractStackTrace () (at /Users/bokken/build/output/unity/unity/Runtime/Export/Scripting/StackTrace.cs:35)
UnityEngine.DebugLogHandler:Internal_Log (UnityEngine.LogType,UnityEngine.LogOption,string,UnityEngine.Object)
UnityEngine.DebugLogHandler:LogFormat (UnityEngine.LogType,UnityEngine.Object,string,object[])
UnityEngine.Logger:Log (UnityEngine.LogType,object,UnityEngine.Object)
UnityEngine.Debug:Log (object,UnityEngine.Object)
Game.Composition.UiDiagnosticsComposition:Report (Game.UI.Contracts.UiDiagnosticSeverity,string,UnityEngine.Object) (at Assets/Game/Scripts/Composition/UiDiagnosticsComposition.cs:17)
Game.UI.Contracts.UiDiagnostics:Info (string,UnityEngine.Object) (at Assets/Game/Scripts/UI/Contracts/UiDiagnostics.cs:14)
Game.UI.Runtime.UIShellEcsPresentationSystem:LogTransition (string,Game.UI.Contracts.UiShellPresentationCommandModel) (at Assets/Game/Scripts/UI/Shell/UIShellEcsPresentationSystem.cs:138)
Game.UI.Runtime.UIShellEcsPresentationSystem/<>c__DisplayClass24_0:<Update>b__0 (int) (at Assets/Game/Scripts/UI/Shell/UIShellEcsPresentationSystem.cs:100)
Game.UI.Runtime.UIShellView/<>c__DisplayClass19_0:<ExecuteCommandSequence>b__0 () (at Assets/Game/Scripts/UI/Shell/UIShellView.cs:99)
Game.UI.Runtime.UIMotionHostView/<SequenceRoutine>d__32:MoveNext () (at Assets/Game/Scripts/UI/Shell/UIMotionHostView.cs:268)
UnityEngine.SetupCoroutine:InvokeMoveNext (System.Collections.IEnumerator,intptr) (at /Users/bokken/build/output/unity/unity/Runtime/Export/Scripting/Coroutines.cs:17)

(Filename: Assets/Game/Scripts/Composition/UiDiagnosticsComposition.cs Line: 17)

[Licensing::Client] Successfully resolved entitlement details
[UiShellPresentation] stage=CompletionFlushed sequence=1 kind=EnterMenu region=None
UnityEngine.Debug:ExtractStackTraceNoAlloc (byte*,int,string)
UnityEngine.StackTraceUtility:ExtractStackTrace () (at /Users/bokken/build/output/unity/unity/Runtime/Export/Scripting/StackTrace.cs:35)
UnityEngine.DebugLogHandler:Internal_Log (UnityEngine.LogType,UnityEngine.LogOption,string,UnityEngine.Object)
UnityEngine.DebugLogHandler:LogFormat (UnityEngine.LogType,UnityEngine.Object,string,object[])
UnityEngine.Logger:Log (UnityEngine.LogType,object,UnityEngine.Object)
UnityEngine.Debug:Log (object,UnityEngine.Object)
Game.Composition.UiDiagnosticsComposition:Report (Game.UI.Contracts.UiDiagnosticSeverity,string,UnityEngine.Object) (at Assets/Game/Scripts/Composition/UiDiagnosticsComposition.cs:17)
Game.UI.Contracts.UiDiagnostics:Info (string,UnityEngine.Object) (at Assets/Game/Scripts/UI/Contracts/UiDiagnostics.cs:14)
Game.UI.Runtime.UIShellEcsPresentationSystem:LogTransition (string,Game.UI.Contracts.UiShellTransitionCompleteModel) (at Assets/Game/Scripts/UI/Shell/UIShellEcsPresentationSystem.cs:146)
Game.UI.Runtime.UIShellEcsPresentationSystem:FlushPendingCompletion () (at Assets/Game/Scripts/UI/Shell/UIShellEcsPresentationSystem.cs:129)
Game.UI.Runtime.UIShellEcsPresentationSystem:Update () (at Assets/Game/Scripts/UI/Shell/UIShellEcsPresentationSystem.cs:67)

(Filename: Assets/Game/Scripts/Composition/UiDiagnosticsComposition.cs Line: 17)

[Licensing::Client] Successfully resolved entitlement details
[Licensing::Client] Successfully updated the access token
[Licensing::Module] Successfully updated access token: "pWEnD7Cb"... (expires: 2026-10-03T22:36:35Z)
[SkirmishLaunch] queued expanded catalog=S004 definition=skirmish.s004 start=EstablishedBase difficulty=Regular size=Standard seed=104733 mapHint=0
UnityEngine.Debug:ExtractStackTraceNoAlloc (byte*,int,string)
UnityEngine.StackTraceUtility:ExtractStackTrace () (at /Users/bokken/build/output/unity/unity/Runtime/Export/Scripting/StackTrace.cs:35)
UnityEngine.DebugLogHandler:Internal_Log (UnityEngine.LogType,UnityEngine.LogOption,string,UnityEngine.Object)
UnityEngine.DebugLogHandler:LogFormat (UnityEngine.LogType,UnityEngine.Object,string,object[])
UnityEngine.Logger:Log (UnityEngine.LogType,object)
UnityEngine.Debug:Log (object)
Game.Composition.SkirmishLaunchProjection:TryQueueExpanded (Unity.Entities.EntityManager,string,int) (at Assets/Game/Scripts/Composition/SkirmishLaunchProjection.cs:132)
Game.Composition.SkirmishLaunchProjection:TryQueue (Unity.Entities.EntityManager,Game.Configs.QuickGameConfig) (at Assets/Game/Scripts/Composition/SkirmishLaunchProjection.cs:62)
Game.Editor.SkirmishS002AriaRunHarness:TryQueueExpanded (Unity.Entities.EntityManager) (at Assets/Game/Scripts/Editor/Skirmish/SkirmishS002AriaRunHarness.cs:734)
Game.Editor.SkirmishS002AriaRunHarness:Tick () (at Assets/Game/Scripts/Editor/Skirmish/SkirmishS002AriaRunHarness.cs:505)
UnityEditor.EditorApplication:Internal_CallUpdateFunctions () (at /Users/bokken/build/output/unity/unity/Editor/Mono/EditorApplication.cs:403)

(Filename: Assets/Game/Scripts/Composition/SkirmishLaunchProjection.cs Line: 132)

[SkirmishS002AriaRun] queued catalog=S004 seed=104733 hash=436584FB acceptance=Pending normal_speed=1
UnityEngine.Debug:ExtractStackTraceNoAlloc (byte*,int,string)
UnityEngine.StackTraceUtility:ExtractStackTrace () (at /Users/bokken/build/output/unity/unity/Runtime/Export/Scripting/StackTrace.cs:35)
UnityEngine.DebugLogHandler:Internal_Log (UnityEngine.LogType,UnityEngine.LogOption,string,UnityEngine.Object)
UnityEngine.DebugLogHandler:LogFormat (UnityEngine.LogType,UnityEngine.Object,string,object[])
UnityEngine.Logger:Log (UnityEngine.LogType,object)
UnityEngine.Debug:Log (object)
Game.Editor.SkirmishS002AriaRunHarness:TryQueueExpanded (Unity.Entities.EntityManager) (at Assets/Game/Scripts/Editor/Skirmish/SkirmishS002AriaRunHarness.cs:740)
Game.Editor.SkirmishS002AriaRunHarness:Tick () (at Assets/Game/Scripts/Editor/Skirmish/SkirmishS002AriaRunHarness.cs:505)
UnityEditor.EditorApplication:Internal_CallUpdateFunctions () (at /Users/bokken/build/output/unity/unity/Editor/Mono/EditorApplication.cs:403)

(Filename: Assets/Game/Scripts/Editor/Skirmish/SkirmishS002AriaRunHarness.cs Line: 740)

[SkirmishS002AriaRun] selected catalog=S004 definition=skirmish.s004 version=2 size=Standard difficulty=Regular seed=104733 locale=en
UnityEngine.Debug:ExtractStackTraceNoAlloc (byte*,int,string)
UnityEngine.StackTraceUtility:ExtractStackTrace () (at /Users/bokken/build/output/unity/unity/Runtime/Export/Scripting/StackTrace.cs:35)
UnityEngine.DebugLogHandler:Internal_Log (UnityEngine.LogType,UnityEngine.LogOption,string,UnityEngine.Object)
UnityEngine.DebugLogHandler:LogFormat (UnityEngine.LogType,UnityEngine.Object,string,object[])
UnityEngine.Logger:Log (UnityEngine.LogType,object)
UnityEngine.Debug:Log (object)
Game.Editor.SkirmishS002AriaRunHarness:Tick () (at Assets/Game/Scripts/Editor/Skirmish/SkirmishS002AriaRunHarness.cs:511)
UnityEditor.EditorApplication:Internal_CallUpdateFunctions () (at /Users/bokken/build/output/unity/unity/Editor/Mono/EditorApplication.cs:403)

(Filename: Assets/Game/Scripts/Editor/Skirmish/SkirmishS002AriaRunHarness.cs Line: 511)

[SkirmishAcceptanceCensus] result=Passed catalog=S004 definition=skirmish.s004 version=2 code=1b08ba8481874ec0ad12c0eea7612c501bbaa58c382bb12d917ca896cbaf5cd8 config=b4dc4edcf1fbff4fee82482f6b289e69bb191947d4e0620bce472801679bf08b setup=436584FB seed=104733 playable=0
UnityEngine.Debug:ExtractStackTraceNoAlloc (byte*,int,string)
UnityEngine.StackTraceUtility:ExtractStackTrace () (at /Users/bokken/build/output/unity/unity/Runtime/Export/Scripting/StackTrace.cs:35)
UnityEngine.DebugLogHandler:Internal_Log (UnityEngine.LogType,UnityEngine.LogOption,string,UnityEngine.Object)
UnityEngine.DebugLogHandler:LogFormat (UnityEngine.LogType,UnityEngine.Object,string,object[])
UnityEngine.Logger:Log (UnityEngine.LogType,object)
UnityEngine.Debug:Log (object)
Game.Editor.SkirmishS002AriaRunHarness:Tick () (at Assets/Game/Scripts/Editor/Skirmish/SkirmishS002AriaRunHarness.cs:513)
UnityEditor.EditorApplication:Internal_CallUpdateFunctions () (at /Users/bokken/build/output/unity/unity/Editor/Mono/EditorApplication.cs:403)

(Filename: Assets/Game/Scripts/Editor/Skirmish/SkirmishS002AriaRunHarness.cs Line: 513)

'Game.Runtime.SkirmishCheckpointSystem' creates a query during OnUpdate. Please create queries in OnCreate and store them in the system for use in OnUpdate instead. This is significantly faster.
UnityEngine.Debug:ExtractStackTraceNoAlloc (byte*,int,string)
UnityEngine.StackTraceUtility:ExtractStackTrace () (at /Users/bokken/build/output/unity/unity/Runtime/Export/Scripting/StackTrace.cs:35)
UnityEngine.DebugLogHandler:Internal_Log (UnityEngine.LogType,UnityEngine.LogOption,string,UnityEngine.Object)
UnityEngine.DebugLogHandler:LogFormat (UnityEngine.LogType,UnityEngine.Object,string,object[])
UnityEngine.Logger:Log (UnityEngine.LogType,object)
UnityEngine.Debug:LogWarning (object)
Unity.Debug:LogWarning (object) (at ./Library/PackageCache/com.unity.entities@bab66ffaba49/Unity.Entities/Stubs/Unity/Debug.cs:13)
Unity.Entities.SystemState:CheckOnUpdate_Query () (at ./Library/PackageCache/com.unity.entities@bab66ffaba49/Unity.Entities/SystemState.cs:551)
Unity.Entities.SystemState:GetEntityQuery (Unity.Entities.ComponentType) (at ./Library/PackageCache/com.unity.entities@bab66ffaba49/Unity.Entities/SystemState.cs:834)
Game.Runtime.SkirmishCheckpointSystem:OnUpdate (Unity.Entities.SystemState&) (at Assets/Game/Scripts/Runtime/Skirmish/SkirmishCheckpointSystem.cs:23)
Game.Runtime.SkirmishCheckpointSystem:__codegen__OnUpdate (intptr,intptr)
Unity.Entities.SystemBaseRegistry/<>c__DisplayClass9_0:<SelectBurstFn>b__0 (intptr,intptr) (at ./Library/PackageCache/com.unity.entities@bab66ffaba49/Unity.Entities/SystemBaseRegistry.cs:251)
Unity.Entities.WorldUnmanagedImpl/Unity.Entities.UnmanagedUpdate_000015A0$BurstDirectCall:Invoke (void*)
Unity.Entities.WorldUnmanagedImpl:UnmanagedUpdate (void*)
Unity.Entities.WorldUnmanagedImpl:UpdateSystem (Unity.Entities.SystemHandle) (at ./Library/PackageCache/com.unity.entities@bab66ffaba49/Unity.Entities/WorldUnmanaged.cs:942)
Unity.Entities.ComponentSystemGroup:UpdateAllSystems () (at ./Library/PackageCache/com.unity.entities@bab66ffaba49/Unity.Entities/ComponentSystemGroup.cs:725)
Unity.Entities.ComponentSystemGroup:OnUpdate () (at ./Library/PackageCache/com.unity.entities@bab66ffaba49/Unity.Entities/ComponentSystemGroup.cs:687)
Unity.Entities.SystemBase:Update () (at ./Library/PackageCache/com.unity.entities@bab66ffaba49/Unity.Entities/SystemBase.cs:205)
Unity.Entities.ScriptBehaviourUpdateOrder/DummyDelegateWrapper:TriggerUpdate () (at ./Library/PackageCache/com.unity.entities@bab66ffaba49/Unity.Entities/ScriptBehaviourUpdateOrder.cs:523)

(Filename: ./Library/PackageCache/com.unity.entities@bab66ffaba49/Unity.Entities/Stubs/Unity/Debug.cs Line: 13)

'Game.Runtime.SkirmishSessionCleanupSystem' creates a query during OnUpdate. Please create queries in OnCreate and store them in the system for use in OnUpdate instead. This is significantly faster.
UnityEngine.Debug:ExtractStackTraceNoAlloc (byte*,int,string)
UnityEngine.StackTraceUtility:ExtractStackTrace () (at /Users/bokken/build/output/unity/unity/Runtime/Export/Scripting/StackTrace.cs:35)
UnityEngine.DebugLogHandler:Internal_Log (UnityEngine.LogType,UnityEngine.LogOption,string,UnityEngine.Object)
UnityEngine.DebugLogHandler:LogFormat (UnityEngine.LogType,UnityEngine.Object,string,object[])
UnityEngine.Logger:Log (UnityEngine.LogType,object)
UnityEngine.Debug:LogWarning (object)
Unity.Debug:LogWarning (object) (at ./Library/PackageCache/com.unity.entities@bab66ffaba49/Unity.Entities/Stubs/Unity/Debug.cs:13)
Unity.Entities.SystemState:CheckOnUpdate_Query () (at ./Library/PackageCache/com.unity.entities@bab66ffaba49/Unity.Entities/SystemState.cs:551)
Unity.Entities.SystemState:GetEntityQuery (Unity.Entities.ComponentType) (at ./Library/PackageCache/com.unity.entities@bab66ffaba49/Unity.Entities/SystemState.cs:834)
Game.Runtime.SkirmishSessionCleanupSystem:OnUpdate (Unity.Entities.SystemState&) (at Assets/Game/Scripts/Runtime/Skirmish/SkirmishSessionCleanupSystem.cs:22)
Game.Runtime.SkirmishSessionCleanupSystem:__codegen__OnUpdate (intptr,intptr)
Unity.Entities.SystemBaseRegistry/<>c__DisplayClass9_0:<SelectBurstFn>b__0 (intptr,intptr) (at ./Library/PackageCache/com.unity.entities@bab66ffaba49/Unity.Entities/SystemBaseRegistry.cs:251)
Unity.Entities.WorldUnmanagedImpl/Unity.Entities.UnmanagedUpdate_000015A0$BurstDirectCall:Invoke (void*)
Unity.Entities.WorldUnmanagedImpl:UnmanagedUpdate (void*)
Unity.Entities.WorldUnmanagedImpl:UpdateSystem (Unity.Entities.SystemHandle) (at ./Library/PackageCache/com.unity.entities@bab66ffaba49/Unity.Entities/WorldUnmanaged.cs:942)
Unity.Entities.ComponentSystemGroup:UpdateAllSystems () (at ./Library/PackageCache/com.unity.entities@bab66ffaba49/Unity.Entities/ComponentSystemGroup.cs:725)
Unity.Entities.ComponentSystemGroup:OnUpdate () (at ./Library/PackageCache/com.unity.entities@bab66ffaba49/Unity.Entities/ComponentSystemGroup.cs:687)
Unity.Entities.SystemBase:Update () (at ./Library/PackageCache/com.unity.entities@bab66ffaba49/Unity.Entities/SystemBase.cs:205)
Unity.Entities.ScriptBehaviourUpdateOrder/DummyDelegateWrapper:TriggerUpdate () (at ./Library/PackageCache/com.unity.entities@bab66ffaba49/Unity.Entities/ScriptBehaviourUpdateOrder.cs:523)

(Filename: ./Library/PackageCache/com.unity.entities@bab66ffaba49/Unity.Entities/Stubs/Unity/Debug.cs Line: 13)

[INFO ] [relay] relay.startup port=9003 mcpClientPort=9004 editorPid=20031
[INFO ] [relay] log === RELAY SERVER STARTED === (unity-ai-relay v1.0.12-build.96)
[INFO ] [relay] log Starting relay server...
[INFO ] [relay] log Command line arguments: ["bun","/$bunfs/root/relay_mac_arm64","--relay","--port","9003","--mcp-client-port","9004","--editor-pid","20031","--shutdown-delay","180","--log-dir","/Users/farhad/Projects/WarlineCapture/Logs"]
[INFO ] [relay] log Parsed config: {"port":9003,"mcpClientPort":9004,"editorPid":"20031","shutdownDelaySeconds":180}
[INFO ] [relay] log Initializing relay components...
[INFO ] [relay] log Creating RelayEditor...
[INFO ] [relay] log WebSocket server started
[INFO ] [relay] log Relay server initialization completed
[INFO ] [relay] log MCP Client initialized at port: 9004
[INFO ] [relay] log Unity MCP Relay server started | Port: 9004 | Endpoints: /mcp/start-server, /mcp/stop-server, /mcp/server-status, /mcp/call-tool
[INFO ] [relay] log [shell-env] PATH augmented with shell environment (22 entries)
[INFO ] [relay] log Unity client connected with ID: editor-20031-90ydp2 (relay 1.0.12-build.96)
[INFO ] [relay] connection.established clientId=editor-20031-90ydp2 port=9003
Android Extension - Scanning For ADB Devices 3276 ms
Android Extension - Scanning For ADB Devices 171 ms
[UiShellPresentation] stage=CommandStarted sequence=2 kind=ExitMenu region=None route=Match
UnityEngine.Debug:ExtractStackTraceNoAlloc (byte*,int,string)
UnityEngine.StackTraceUtility:ExtractStackTrace () (at /Users/bokken/build/output/unity/unity/Runtime/Export/Scripting/StackTrace.cs:35)
UnityEngine.DebugLogHandler:Internal_Log (UnityEngine.LogType,UnityEngine.LogOption,string,UnityEngine.Object)
UnityEngine.DebugLogHandler:LogFormat (UnityEngine.LogType,UnityEngine.Object,string,object[])
UnityEngine.Logger:Log (UnityEngine.LogType,object,UnityEngine.Object)
UnityEngine.Debug:Log (object,UnityEngine.Object)
Game.Composition.UiDiagnosticsComposition:Report (Game.UI.Contracts.UiDiagnosticSeverity,string,UnityEngine.Object) (at Assets/Game/Scripts/Composition/UiDiagnosticsComposition.cs:17)
Game.UI.Contracts.UiDiagnostics:Info (string,UnityEngine.Object) (at Assets/Game/Scripts/UI/Contracts/UiDiagnostics.cs:14)
Game.UI.Runtime.UIShellEcsPresentationSystem:LogTransition (string,Game.UI.Contracts.UiShellPresentationCommandModel) (at Assets/Game/Scripts/UI/Shell/UIShellEcsPresentationSystem.cs:138)
Game.UI.Runtime.UIShellEcsPresentationSystem:Update () (at Assets/Game/Scripts/UI/Shell/UIShellEcsPresentationSystem.cs:87)

(Filename: Assets/Game/Scripts/Composition/UiDiagnosticsComposition.cs Line: 17)

[UiShellPresentation] stage=CommandCompleted sequence=2 kind=ExitMenu region=None route=Match
UnityEngine.Debug:ExtractStackTraceNoAlloc (byte*,int,string)
UnityEngine.StackTraceUtility:ExtractStackTrace () (at /Users/bokken/build/output/unity/unity/Runtime/Export/Scripting/StackTrace.cs:35)
UnityEngine.DebugLogHandler:Internal_Log (UnityEngine.LogType,UnityEngine.LogOption,string,UnityEngine.Object)
UnityEngine.DebugLogHandler:LogFormat (UnityEngine.LogType,UnityEngine.Object,string,object[])
UnityEngine.Logger:Log (UnityEngine.LogType,object,UnityEngine.Object)
UnityEngine.Debug:Log (object,UnityEngine.Object)
Game.Composition.UiDiagnosticsComposition:Report (Game.UI.Contracts.UiDiagnosticSeverity,string,UnityEngine.Object) (at Assets/Game/Scripts/Composition/UiDiagnosticsComposition.cs:17)
Game.UI.Contracts.UiDiagnostics:Info (string,UnityEngine.Object) (at Assets/Game/Scripts/UI/Contracts/UiDiagnostics.cs:14)
Game.UI.Runtime.UIShellEcsPresentationSystem:LogTransition (string,Game.UI.Contracts.UiShellPresentationCommandModel) (at Assets/Game/Scripts/UI/Shell/UIShellEcsPresentationSystem.cs:138)
Game.UI.Runtime.UIShellEcsPresentationSystem/<>c__DisplayClass24_0:<Update>b__0 (int) (at Assets/Game/Scripts/UI/Shell/UIShellEcsPresentationSystem.cs:100)
Game.UI.Runtime.UIShellView/<>c__DisplayClass19_0:<ExecuteCommandSequence>b__0 () (at Assets/Game/Scripts/UI/Shell/UIShellView.cs:99)
Game.UI.Runtime.UIMotionHostView/<SequenceRoutine>d__32:MoveNext () (at Assets/Game/Scripts/UI/Shell/UIMotionHostView.cs:268)
UnityEngine.SetupCoroutine:InvokeMoveNext (System.Collections.IEnumerator,intptr) (at /Users/bokken/build/output/unity/unity/Runtime/Export/Scripting/Coroutines.cs:17)

(Filename: Assets/Game/Scripts/Composition/UiDiagnosticsComposition.cs Line: 17)

[UiShellPresentation] stage=CompletionFlushed sequence=2 kind=ExitMenu region=None
UnityEngine.Debug:ExtractStackTraceNoAlloc (byte*,int,string)
UnityEngine.StackTraceUtility:ExtractStackTrace () (at /Users/bokken/build/output/unity/unity/Runtime/Export/Scripting/StackTrace.cs:35)
UnityEngine.DebugLogHandler:Internal_Log (UnityEngine.LogType,UnityEngine.LogOption,string,UnityEngine.Object)
UnityEngine.DebugLogHandler:LogFormat (UnityEngine.LogType,UnityEngine.Object,string,object[])
UnityEngine.Logger:Log (UnityEngine.LogType,object,UnityEngine.Object)
UnityEngine.Debug:Log (object,UnityEngine.Object)
Game.Composition.UiDiagnosticsComposition:Report (Game.UI.Contracts.UiDiagnosticSeverity,string,UnityEngine.Object) (at Assets/Game/Scripts/Composition/UiDiagnosticsComposition.cs:17)
Game.UI.Contracts.UiDiagnostics:Info (string,UnityEngine.Object) (at Assets/Game/Scripts/UI/Contracts/UiDiagnostics.cs:14)
Game.UI.Runtime.UIShellEcsPresentationSystem:LogTransition (string,Game.UI.Contracts.UiShellTransitionCompleteModel) (at Assets/Game/Scripts/UI/Shell/UIShellEcsPresentationSystem.cs:146)
Game.UI.Runtime.UIShellEcsPresentationSystem:FlushPendingCompletion () (at Assets/Game/Scripts/UI/Shell/UIShellEcsPresentationSystem.cs:129)
Game.UI.Runtime.UIShellEcsPresentationSystem:Update () (at Assets/Game/Scripts/UI/Shell/UIShellEcsPresentationSystem.cs:67)

(Filename: Assets/Game/Scripts/Composition/UiDiagnosticsComposition.cs Line: 17)

[UiShellRoute] submitted deferred Match scene load request after loading feedback.
UnityEngine.Debug:ExtractStackTraceNoAlloc (byte*,int,string)
UnityEngine.StackTraceUtility:ExtractStackTrace () (at /Users/bokken/build/output/unity/unity/Runtime/Export/Scripting/StackTrace.cs:35)
UnityEngine.DebugLogHandler:Internal_Log (UnityEngine.LogType,UnityEngine.LogOption,string,UnityEngine.Object)
UnityEngine.DebugLogHandler:LogFormat (UnityEngine.LogType,UnityEngine.Object,string,object[])
UnityEngine.Logger:Log (UnityEngine.LogType,object)
UnityEngine.Debug:Log (object)
Game.Composition.MenuBootstrapCompositionSystemHelper:QueueDeferredMatchLoadAfterLoadingFeedback (Unity.Entities.EntityManager,Game.UI.Shell.Contracts.Ecs.UiShellStateComponent) (at Assets/Game/Scripts/Composition/MenuBootstrapCompositionSystemHelper.cs:643)
Game.Composition.MenuBootstrapCompositionSystemHelper:Update (Game.Composition.MenuBootstrapView,single) (at Assets/Game/Scripts/Composition/MenuBootstrapCompositionSystemHelper.cs:157)
Game.Composition.MenuBootstrapView:Update () (at Assets/Game/Scripts/Composition/MenuBootstrapView.cs:174)

(Filename: Assets/Game/Scripts/Composition/MenuBootstrapCompositionSystemHelper.cs Line: 643)

[UiShellRoute] submitted deferred Match gameplay start request.
UnityEngine.Debug:ExtractStackTraceNoAlloc (byte*,int,string)
UnityEngine.StackTraceUtility:ExtractStackTrace () (at /Users/bokken/build/output/unity/unity/Runtime/Export/Scripting/StackTrace.cs:35)
UnityEngine.DebugLogHandler:Internal_Log (UnityEngine.LogType,UnityEngine.LogOption,string,UnityEngine.Object)
UnityEngine.DebugLogHandler:LogFormat (UnityEngine.LogType,UnityEngine.Object,string,object[])
UnityEngine.Logger:Log (UnityEngine.LogType,object)
UnityEngine.Debug:Log (object)
Game.Composition.MenuBootstrapCompositionSystemHelper:QueueDeferredMatchLoadAfterLoadingFeedback (Unity.Entities.EntityManager,Game.UI.Shell.Contracts.Ecs.UiShellStateComponent) (at Assets/Game/Scripts/Composition/MenuBootstrapCompositionSystemHelper.cs:658)
Game.Composition.MenuBootstrapCompositionSystemHelper:Update (Game.Composition.MenuBootstrapView,single) (at Assets/Game/Scripts/Composition/MenuBootstrapCompositionSystemHelper.cs:157)
Game.Composition.MenuBootstrapView:Update () (at Assets/Game/Scripts/Composition/MenuBootstrapView.cs:174)

(Filename: Assets/Game/Scripts/Composition/MenuBootstrapCompositionSystemHelper.cs Line: 658)

[OperationMapLaunchIdentity] source=Compatibility mission=skirmish.base_assault scenario=scenario.skirmish.desert_base_standard operationMap=opmap.skirmish.desert_base_01
UnityEngine.Debug:ExtractStackTraceNoAlloc (byte*,int,string)
UnityEngine.StackTraceUtility:ExtractStackTrace () (at /Users/bokken/build/output/unity/unity/Runtime/Export/Scripting/StackTrace.cs:35)
UnityEngine.DebugLogHandler:Internal_Log (UnityEngine.LogType,UnityEngine.LogOption,string,UnityEngine.Object)
UnityEngine.DebugLogHandler:LogFormat (UnityEngine.LogType,UnityEngine.Object,string,object[])
UnityEngine.Logger:Log (UnityEngine.LogType,object)
UnityEngine.Debug:Log (object)
Game.Composition.MatchSceneView:TryResolveOperationMapDefinition (Unity.Entities.World,Game.Configs.OperationMapDefinition&,bool&,Game.Components.OperationMapLoadResultCode&,string&) (at Assets/Game/Scripts/Composition/MatchSceneView.OperationMapLifecycle.cs:392)
Game.Composition.MatchSceneView:EnsureOperationMapSourceSceneLoad () (at Assets/Game/Scripts/Composition/MatchSceneView.OperationMapLifecycle.cs:329)
Game.Composition.MatchSceneView:EnsureMatchRuntimeBound () (at Assets/Game/Scripts/Composition/MatchSceneView.OperationMapLifecycle.cs:19)
Game.Composition.MatchSceneView:Awake () (at Assets/Game/Scripts/Composition/MatchSceneView.cs:241)

(Filename: Assets/Game/Scripts/Composition/MatchSceneView.OperationMapLifecycle.cs Line: 392)

Loaded scene 'Assets/Game/Scenes/Match.unity'
	Deserialize:            217.561 ms
	Integration:            44.124 ms
	Integration of assets:  6.941 ms
	Thread Wait Time:       60.241 ms
	Total Operation Time:   328.867 ms
Loaded scene 'Assets/Game/Scenes/OperationMaps/Variants/CityEdgeAirfield/RuntimeBinding.unity'
	Deserialize:            35.141 ms
	Integration:            4.011 ms
	Integration of assets:  0.003 ms
	Thread Wait Time:       728.349 ms
	Total Operation Time:   767.503 ms
Attempted to call .Dispose on an already disposed CancellationTokenSource
Android Extension - Scanning For ADB Devices 146 ms
Streamed scene with  969ms latency from VirtualArtifacts/Extra/f8/f8f7177383c592278f8c8675a94e8a3c.0.entities
Streamed scene with  366ms latency from VirtualArtifacts/Extra/8c/8c97db23037159c9d38b0249ed05a40f.0.entities
[MapVehicleOwnershipRuntime] phase=CompositionInit configAssigned=0 placements=-1 authoringRootAssigned=1 configuredPacked=1
UnityEngine.Debug:ExtractStackTraceNoAlloc (byte*,int,string)
UnityEngine.StackTraceUtility:ExtractStackTrace () (at /Users/bokken/build/output/unity/unity/Runtime/Export/Scripting/StackTrace.cs:35)
UnityEngine.DebugLogHandler:Internal_Log (UnityEngine.LogType,UnityEngine.LogOption,string,UnityEngine.Object)
UnityEngine.DebugLogHandler:LogFormat (UnityEngine.LogType,UnityEngine.Object,string,object[])
UnityEngine.Logger:Log (UnityEngine.LogType,object)
UnityEngine.Debug:Log (object)
Game.Runtime.BuildingGameplayCompositionSystemHelper:Initialize (Game.Configs.BuildingPlacementSystemConfig,UnityEngine.Camera,UnityEngine.Transform,UnityEngine.Transform,Game.Runtime.RoadGridProjectionSystem/RoadFootprintState,Game.Runtime.FactionVisualSettings,Game.Runtime.DayNightSystem,Game.Configs.RTSSelectionSystemConfig,Game.Configs.MapBuildingPlacementConfig,Game.Configs.MapVehiclePlacementConfig,UnityEngine.Transform,UnityEngine.Transform,System.Func`2<UnityEngine.GameObject, UnityEngine.Sprite>,Game.Runtime.BuildingProductionQueueCompositionSystemHelper/TryGetUnitProductionMetadataDelegate,Game.Runtime.BuildingProductionTransportPresentationSystemHelper/PrepareTransportDropVisualDelegate,System.Func`2<UnityEngine.GameObject, string>,Game.Runtime.BuildingDefinitionPrefabSystemHelper/TryGetBuildingDefinitionMetadataDelegate,Game.Runtime.BuildingDefinitionPrefabSystemHelper/TryGetUnitDefinitionMetadataDelegate,bool,System.Func`1<Game.Configs.MapVehiclePlacementConfig>,System.Func`1<UnityEngine.Transform>,System.Func`1<Game.Configs.MapBuildingPlacementConfig>) (at Assets/Game/Scripts/Systems/BuildingGameplayCompositionSystemHelper.cs:474)
Game.Runtime.ManagedGameplayStartupSystemHelper:Initialize (Unity.Entities.EntityManager,Game.Configs.DayNightSystemConfig,Game.Configs.FactionVisualSettingsConfig,Game.Configs.RoadBuildSystemConfig,Game.Configs.BuildingPlacementSystemConfig,Game.Configs.MapBuildingPlacementConfig,Game.Configs.MapVehiclePlacementConfig,Game.Configs.RTSSelectionSystemConfig,Game.Configs.RuntimeCitySpawnerSystemConfig,Game.Configs.GameStringsConfig,UnityEngine.Camera,UnityEngine.Light,UnityEngine.Rendering.Volume,UnityEngine.Transform,UnityEngine.Transform,System.Func`3<UnityEngine.Transform, Game.Configs.RTSSelectionSystemConfig, Game.UI.Contracts.ISelectionRectangleView>,System.Func`2<UnityEngine.GameObject, UnityEngine.Sprite>,System.Func`2<UnityEngine.GameObject, UnityEngine.Sprite>,Game.Runtime.BuildingProductionQueueCompositionSystemHelper/TryGetUnitProductionMetadataDelegate,Game.Runtime.BuildingProductionTransportPresentationSystemHelper/PrepareTransportDropVisualDelegate,System.Func`2<UnityEngine.GameObject, string>,Game.Runtime.BuildingDefinitionPrefabSystemHelper/TryGetBuildingDefinitionMetadataDelegate,Game.Runtime.BuildingDefinitionPrefabSystemHelper/TryGetUnitDefinitionMetadataDelegate,UnityEngine.Transform,UnityEngine.Transform,Game.UI.Contracts.IMatchIntroStateQuery,bool,System.Func`1<Game.Configs.MapVehiclePlacementConfig>,System.Func`1<UnityEngine.Transform>,System.Func`1<Game.Configs.MapBuildingPlacementConfig>) (at Assets/Game/Scripts/Systems/ManagedGameplayStartupSystemHelper.cs:178)
Game.Composition.MatchBootstrapCompositionSystemHelper:InitializeManagedRuntime (Game.Configs.DayNightSystemConfig,Game.Configs.FactionVisualSettingsConfig,Game.Configs.RoadBuildSystemConfig,Game.Configs.BuildingPlacementSystemConfig,Game.Configs.MapBuildingPlacementConfig,Game.Configs.MapVehiclePlacementConfig,Game.Configs.RTSSelectionSystemConfig,Game.Configs.RuntimeCitySpawnerSystemConfig,Game.Configs.GameStringsConfig,UnityEngine.Camera,UnityEngine.Light,UnityEngine.Rendering.Volume,UnityEngine.Transform,UnityEngine.Transform,System.Func`3<UnityEngine.Transform, Game.Configs.RTSSelectionSystemConfig, Game.UI.Contracts.ISelectionRectangleView>,UnityEngine.Transform,UnityEngine.Transform,Game.UI.Contracts.IMatchIntroStateQuery,bool) (at Assets/Game/Scripts/Composition/MatchBootstrapCompositionSystemHelper.cs:432)
Game.Composition.MatchBootstrapCompositionSystemHelper:InitializeManagedRuntimeIfNeeded () (at Assets/Game/Scripts/Composition/MatchBootstrapCompositionSystemHelper.cs:766)
Game.Composition.MatchGameplayStartupCompositionSystemHelper:AdvanceStep (Game.Runtime.BuildingRuntimeUpdateCompositionSystemHelper,Game.Runtime.BuildingRuntimeUpdateCompositionSystemHelper/Context&) (at Assets/Game/Scripts/Composition/MatchGameplayStartupCompositionSystemHelper.cs:158)
Game.Composition.MatchGameplayStartupCompositionSystemHelper:Advance (Game.Runtime.BuildingRuntimeUpdateCompositionSystemHelper,Game.Runtime.BuildingRuntimeUpdateCompositionSystemHelper/Context&) (at Assets/Game/Scripts/Composition/MatchGameplayStartupCompositionSystemHelper.cs:112)
Game.Composition.MatchBootstrapCompositionSystemHelper:Update () (at Assets/Game/Scripts/Composition/MatchBootstrapCompositionSystemHelper.cs:186)
Game.Composition.MatchSceneView:Update () (at Assets/Game/Scripts/Composition/MatchSceneView.cs:294)

(Filename: Assets/Game/Scripts/Systems/BuildingGameplayCompositionSystemHelper.cs Line: 474)

Launching external process: /Applications/Unity/Hub/Editor/6000.5.2f1/Unity.app/Contents/Helpers/UnityShaderCompiler
Launched and connected shader compiler UnityShaderCompiler after 0.07 seconds
Launching external process: /Applications/Unity/Hub/Editor/6000.5.2f1/Unity.app/Contents/Helpers/UnityShaderCompiler
Launched and connected shader compiler UnityShaderCompiler after 0.03 seconds
Launching external process: /Applications/Unity/Hub/Editor/6000.5.2f1/Unity.app/Contents/Helpers/UnityShaderCompiler
Launched and connected shader compiler UnityShaderCompiler after 0.04 seconds
Launching external process: /Applications/Unity/Hub/Editor/6000.5.2f1/Unity.app/Contents/Helpers/UnityShaderCompiler
Launched and connected shader compiler UnityShaderCompiler after 0.05 seconds
Launching external process: /Applications/Unity/Hub/Editor/6000.5.2f1/Unity.app/Contents/Helpers/UnityShaderCompiler
Launched and connected shader compiler UnityShaderCompiler after 0.05 seconds
[SkirmishStress] playRequested=1
UnityEngine.Debug:ExtractStackTraceNoAlloc (byte*,int,string)
UnityEngine.StackTraceUtility:ExtractStackTrace () (at /Users/bokken/build/output/unity/unity/Runtime/Export/Scripting/StackTrace.cs:35)
UnityEngine.DebugLogHandler:Internal_Log (UnityEngine.LogType,UnityEngine.LogOption,string,UnityEngine.Object)
UnityEngine.DebugLogHandler:LogFormat (UnityEngine.LogType,UnityEngine.Object,string,object[])
UnityEngine.Logger:Log (UnityEngine.LogType,object)
UnityEngine.Debug:Log (object)
Game.Composition.SkirmishLaunchProjection:TryRequestPlay (Unity.Entities.EntityManager) (at Assets/Game/Scripts/Composition/SkirmishLaunchProjection.cs:232)
Game.Editor.SkirmishS002AriaRunHarness:Tick () (at Assets/Game/Scripts/Editor/Skirmish/SkirmishS002AriaRunHarness.cs:525)
UnityEditor.EditorApplication:Internal_CallUpdateFunctions () (at /Users/bokken/build/output/unity/unity/Editor/Mono/EditorApplication.cs:403)

(Filename: Assets/Game/Scripts/Composition/SkirmishLaunchProjection.cs Line: 232)

[TIMING] Validation took 5305ms
  at Unity.AI.MCP.Editor.Bridge.ValidateAndApproveAsync (Unity.AI.MCP.Editor.Connection.IConnectionTransport transport, System.Threading.CancellationToken token, System.Boolean isBatchMode) [0x0014d] in ./Library/PackageCache/com.unity.ai.assistant@6fee27370e6a/Modules/Unity.AI.MCP.Editor/Bridge.cs:1052 
  at System.Runtime.CompilerServices.AsyncMethodBuilderCore+MoveNextRunner.InvokeMoveNext (System.Object stateMachine) [0x00000] in <299d5c9ae27b4d27af003e5f456f4b13>:0 
  at System.Threading.ExecutionContext.RunInternal (System.Threading.ExecutionContext executionContext, System.Threading.ContextCallback callback, System.Object state, System.Boolean preserveSyncCtx) [0x00000] in <299d5c9ae27b4d27af003e5f456f4b13>:0 
  at System.Threading.ExecutionContext.Run (System.Threading.ExecutionContext executionContext, System.Threading.ContextCallback callback, System.Object state, System.Boolean preserveSyncCtx) [0x00000] in <299d5c9ae27b4d27af003e5f456f4b13>:0 
  at System.Runtime.CompilerServices.AsyncMethodBuilderCore+MoveNextRunner.Run () [0x00000] in <299d5c9ae27b4d27af003e5f456f4b13>:0 
  at System.Threading.Tasks.AwaitTaskContinuation.RunOrScheduleAction (System.Action action, System.Boolean allowInlining, System.Threading.Tasks.Task& currentTask) [0x00000] in <299d5c9ae27b4d27af003e5f456f4b13>:0 
  at System.Threading.Tasks.Task.FinishContinuations () [0x00000] in <299d5c9ae27b4d27af003e5f456f4b13>:0 
  at System.Threading.Tasks.Task.FinishStageThree () [0x00000] in <299d5c9ae27b4d27af003e5f456f4b13>:0 
  at System.Threading.Tasks.Task.FinishStageTwo () [0x00000] in <299d5c9ae27b4d27af003e5f456f4b13>:0 
  at System.Threading.Tasks.Task.Finish (System.Boolean bUserDelegateExecuted) [0x00000] in <299d5c9ae27b4d27af003e5f456f4b13>:0 
  at System.Threading.Tasks.Task.ExecuteWithThreadLocal (System.Threading.Tasks.Task& currentTaskSlot) [0x00000] in <299d5c9ae27b4d27af003e5f456f4b13>:0 
  at System.Threading.Tasks.Task.ExecuteEntry (System.Boolean bPreventDoubleExecution) [0x00000] in <299d5c9ae27b4d27af003e5f456f4b13>:0 
  at System.Threading.Tasks.Task.System.Threading.IThreadPoolWorkItem.ExecuteWorkItem () [0x00000] in <299d5c9ae27b4d27af003e5f456f4b13>:0 
  at System.Threading.ThreadPoolWorkQueue.Dispatch () [0x00000] in <299d5c9ae27b4d27af003e5f456f4b13>:0 
  at System.Threading._ThreadPoolWaitCallback.PerformWaitCallback () [0x00000] in <299d5c9ae27b4d27af003e5f456f4b13>:0 
UnityEngine.Debug:ExtractStackTraceNoAlloc (byte*,int,string)
UnityEngine.StackTraceUtility:ExtractStackTrace () (at /Users/bokken/build/output/unity/unity/Runtime/Export/Scripting/StackTrace.cs:35)
UnityEngine.DebugLogHandler:Internal_Log (UnityEngine.LogType,UnityEngine.LogOption,string,UnityEngine.Object)
UnityEngine.DebugLogHandler:LogFormat (UnityEngine.LogType,UnityEngine.Object,string,object[])
UnityEngine.Logger:Log (UnityEngine.LogType,object)
UnityEngine.Debug:Log (object)
Unity.AI.Tracing.ConsoleSink:LogToConsole (string,string,System.Exception) (at ./Library/PackageCache/com.unity.ai.assistant@6fee27370e6a/Modules/Unity.AI.Tracing/TraceSinks.cs:313)
Unity.AI.Tracing.ConsoleSink:Write (Unity.AI.Tracing.TraceEvent) (at ./Library/PackageCache/com.unity.ai.assistant@6fee27370e6a/Modules/Unity.AI.Tracing/TraceSinks.cs:277)
Unity.AI.Tracing.TraceWriter:WriteEventInternal (string,string,Unity.AI.Tracing.TraceEventOptions,string,System.Nullable`1<int>) (at ./Library/PackageCache/com.unity.ai.assistant@6fee27370e6a/Modules/Unity.AI.Tracing/TraceWriter.cs:373)
Unity.AI.Tracing.TraceWriter:Event (string,Unity.AI.Tracing.TraceEventOptions) (at ./Library/PackageCache/com.unity.ai.assistant@6fee27370e6a/Modules/Unity.AI.Tracing/TraceWriter.cs:297)
Unity.AI.Tracing.TraceLogger:Emit (string,string,string,string,Unity.AI.Tracing.TraceEventOptions,object,System.Exception) (at ./Library/PackageCache/com.unity.ai.assistant@6fee27370e6a/Modules/Unity.AI.Tracing/TraceLogger.cs:105)
Unity.AI.Tracing.TraceLogger:Info (string,string,string,Unity.AI.Tracing.TraceEventOptions) (at ./Library/PackageCache/com.unity.ai.assistant@6fee27370e6a/Modules/Unity.AI.Tracing/TraceLogger.cs:35)
Unity.AI.MCP.Editor.Helpers.McpLog/<>c__DisplayClass8_0:<LogDelayed>b__0 () (at ./Library/PackageCache/com.unity.ai.assistant@6fee27370e6a/Modules/Unity.AI.MCP.Editor/Helpers/McpLog.cs:74)
Unity.AI.Toolkit.EditorTask/<>c__DisplayClass21_0:<DelayCall>b__0 () (at ./Library/PackageCache/com.unity.ai.assistant@6fee27370e6a/Modules/Unity.AI.Toolkit.Async/EditorTask.cs:375)
UnityEditor.EditorApplication:Internal_CallUpdateFunctions () (at /Users/bokken/build/output/unity/unity/Editor/Mono/EditorApplication.cs:403)

(Filename: ./Library/PackageCache/com.unity.ai.assistant@6fee27370e6a/Modules/Unity.AI.Tracing/TraceSinks.cs Line: 313)

=== Connection Info ===
MCP Server:
  PID: 2392
  Name: relay_mac_arm64
  Executable: /Users/farhad/.unity/relay/relay_mac_arm64.app/Contents/MacOS/relay_mac_arm64
  Hash: 503e2659185f02de...
  Signed: Yes
  Publisher: 9QW8UQUTAA
  Signature Valid: Yes
  Validation: Pending
  Reason: Awaiting user approval
MCP Client:
  Name: codex
  PID: 59650
  Executable: /Applications/ChatGPT.app/Contents/Resources/codex-cli/CodexCLI.app/Contents/MacOS/codex
  Chain depth: 1 (walked up 1 level)
======================
  at Unity.AI.MCP.Editor.Bridge.LogConnectionDecision (Unity.AI.MCP.Editor.Security.ValidationDecision decision) [0x002aa] in ./Library/PackageCache/com.unity.ai.assistant@6fee27370e6a/Modules/Unity.AI.MCP.Editor/Bridge.cs:2039 
  at Unity.AI.MCP.Editor.Bridge.ValidateAndApproveAsync (Unity.AI.MCP.Editor.Connection.IConnectionTransport transport, System.Threading.CancellationToken token, System.Boolean isBatchMode) [0x0019b] in ./Library/PackageCache/com.unity.ai.assistant@6fee27370e6a/Modules/Unity.AI.MCP.Editor/Bridge.cs:1058 
  at System.Runtime.CompilerServices.AsyncMethodBuilderCore+MoveNextRunner.InvokeMoveNext (System.Object stateMachine) [0x00000] in <299d5c9ae27b4d27af003e5f456f4b13>:0 
  at System.Threading.ExecutionContext.RunInternal (System.Threading.ExecutionContext executionContext, System.Threading.ContextCallback callback, System.Object state, System.Boolean preserveSyncCtx) [0x00000] in <299d5c9ae27b4d27af003e5f456f4b13>:0 
  at System.Threading.ExecutionContext.Run (System.Threading.ExecutionContext executionContext, System.Threading.ContextCallback callback, System.Object state, System.Boolean preserveSyncCtx) [0x00000] in <299d5c9ae27b4d27af003e5f456f4b13>:0 
  at System.Runtime.CompilerServices.AsyncMethodBuilderCore+MoveNextRunner.Run () [0x00000] in <299d5c9ae27b4d27af003e5f456f4b13>:0 
  at System.Threading.Tasks.AwaitTaskContinuation.RunOrScheduleAction (System.Action action, System.Boolean allowInlining, System.Threading.Tasks.Task& currentTask) [0x00000] in <299d5c9ae27b4d27af003e5f456f4b13>:0 
  at System.Threading.Tasks.Task.FinishContinuations () [0x00000] in <299d5c9ae27b4d27af003e5f456f4b13>:0 
  at System.Threading.Tasks.Task.FinishStageThree () [0x00000] in <299d5c9ae27b4d27af003e5f456f4b13>:0 
  at System.Threading.Tasks.Task.FinishStageTwo () [0x00000] in <299d5c9ae27b4d27af003e5f456f4b13>:0 
  at System.Threading.Tasks.Task.Finish (System.Boolean bUserDelegateExecuted) [0x00000] in <299d5c9ae27b4d27af003e5f456f4b13>:0 
  at System.Threading.Tasks.Task.ExecuteWithThreadLocal (System.Threading.Tasks.Task& currentTaskSlot) [0x00000] in <299d5c9ae27b4d27af003e5f456f4b13>:0 
  at System.Threading.Tasks.Task.ExecuteEntry (System.Boolean bPreventDoubleExecution) [0x00000] in <299d5c9ae27b4d27af003e5f456f4b13>:0 
  at System.Threading.Tasks.Task.System.Threading.IThreadPoolWorkItem.ExecuteWorkItem () [0x00000] in <299d5c9ae27b4d27af003e5f456f4b13>:0 
  at System.Threading.ThreadPoolWorkQueue.Dispatch () [0x00000] in <299d5c9ae27b4d27af003e5f456f4b13>:0 
  at System.Threading._ThreadPoolWaitCallback.PerformWaitCallback () [0x00000] in <299d5c9ae27b4d27af003e5f456f4b13>:0 
UnityEngine.Debug:ExtractStackTraceNoAlloc (byte*,int,string)
UnityEngine.StackTraceUtility:ExtractStackTrace () (at /Users/bokken/build/output/unity/unity/Runtime/Export/Scripting/StackTrace.cs:35)
UnityEngine.DebugLogHandler:Internal_Log (UnityEngine.LogType,UnityEngine.LogOption,string,UnityEngine.Object)
UnityEngine.DebugLogHandler:LogFormat (UnityEngine.LogType,UnityEngine.Object,string,object[])
UnityEngine.Logger:Log (UnityEngine.LogType,object)
UnityEngine.Debug:Log (object)
Unity.AI.Tracing.ConsoleSink:LogToConsole (string,string,System.Exception) (at ./Library/PackageCache/com.unity.ai.assistant@6fee27370e6a/Modules/Unity.AI.Tracing/TraceSinks.cs:313)
Unity.AI.Tracing.ConsoleSink:Write (Unity.AI.Tracing.TraceEvent) (at ./Library/PackageCache/com.unity.ai.assistant@6fee27370e6a/Modules/Unity.AI.Tracing/TraceSinks.cs:277)
Unity.AI.Tracing.TraceWriter:WriteEventInternal (string,string,Unity.AI.Tracing.TraceEventOptions,string,System.Nullable`1<int>) (at ./Library/PackageCache/com.unity.ai.assistant@6fee27370e6a/Modules/Unity.AI.Tracing/TraceWriter.cs:373)
Unity.AI.Tracing.TraceWriter:Event (string,Unity.AI.Tracing.TraceEventOptions) (at ./Library/PackageCache/com.unity.ai.assistant@6fee27370e6a/Modules/Unity.AI.Tracing/TraceWriter.cs:297)
Unity.AI.Tracing.TraceLogger:Emit (string,string,string,string,Unity.AI.Tracing.TraceEventOptions,object,System.Exception) (at ./Library/PackageCache/com.unity.ai.assistant@6fee27370e6a/Modules/Unity.AI.Tracing/TraceLogger.cs:105)
Unity.AI.Tracing.TraceLogger:Info (string,string,string,Unity.AI.Tracing.TraceEventOptions) (at ./Library/PackageCache/com.unity.ai.assistant@6fee27370e6a/Modules/Unity.AI.Tracing/TraceLogger.cs:35)
Unity.AI.MCP.Editor.Helpers.McpLog/<>c__DisplayClass8_0:<LogDelayed>b__0 () (at ./Library/PackageCache/com.unity.ai.assistant@6fee27370e6a/Modules/Unity.AI.MCP.Editor/Helpers/McpLog.cs:74)
Unity.AI.Toolkit.EditorTask/<>c__DisplayClass21_0:<DelayCall>b__0 () (at ./Library/PackageCache/com.unity.ai.assistant@6fee27370e6a/Modules/Unity.AI.Toolkit.Async/EditorTask.cs:375)
UnityEditor.EditorApplication:Internal_CallUpdateFunctions () (at /Users/bokken/build/output/unity/unity/Editor/Mono/EditorApplication.cs:403)

(Filename: ./Library/PackageCache/com.unity.ai.assistant@6fee27370e6a/Modules/Unity.AI.Tracing/TraceSinks.cs Line: 313)

[OperationMapReadiness] ready=SourceContent, SubScene, Metadata, MapSurface, AuthoredConversion, PresentationManifest, RequiredPresentationPreload failed=None
UnityEngine.Debug:ExtractStackTraceNoAlloc (byte*,int,string)
UnityEngine.StackTraceUtility:ExtractStackTrace () (at /Users/bokken/build/output/unity/unity/Runtime/Export/Scripting/StackTrace.cs:35)
UnityEngine.DebugLogHandler:Internal_Log (UnityEngine.LogType,UnityEngine.LogOption,string,UnityEngine.Object)
UnityEngine.DebugLogHandler:LogFormat (UnityEngine.LogType,UnityEngine.Object,string,object[])
UnityEngine.Logger:Log (UnityEngine.LogType,object)
UnityEngine.Debug:Log (object)
Game.Composition.MatchSceneView:TryPublishOperationMapReadiness (bool,bool,string&) (at Assets/Game/Scripts/Composition/MatchSceneView.OperationMapLifecycle.cs:282)
Game.Composition.MenuBootstrapCompositionSystemHelper:UpdateStaticMapPresentationForLoadedMatch (bool,Game.Composition.MatchSceneView) (at Assets/Game/Scripts/Composition/MenuBootstrapCompositionSystemHelper.cs:476)
Game.Composition.MenuBootstrapCompositionSystemHelper:UpdateStaticMapPresentation (Unity.Entities.EntityManager,Game.UI.Shell.Contracts.Ecs.UiShellStateComponent) (at Assets/Game/Scripts/Composition/MenuBootstrapCompositionSystemHelper.cs:453)
Game.Composition.MenuBootstrapCompositionSystemHelper:Update (Game.Composition.MenuBootstrapView,single) (at Assets/Game/Scripts/Composition/MenuBootstrapCompositionSystemHelper.cs:150)
Game.Composition.MenuBootstrapView:Update () (at Assets/Game/Scripts/Composition/MenuBootstrapView.cs:174)

(Filename: Assets/Game/Scripts/Composition/MatchSceneView.OperationMapLifecycle.cs Line: 282)

[RuntimeGridBootstrap] RuntimeGridBootstrap_NoTacticalMapRuntimeLoader_2026-05-26 ready entity=56547 size=2048x1024 cellSize=1
UnityEngine.Debug:ExtractStackTraceNoAlloc (byte*,int,string)
UnityEngine.StackTraceUtility:ExtractStackTrace () (at /Users/bokken/build/output/unity/unity/Runtime/Export/Scripting/StackTrace.cs:35)
UnityEngine.DebugLogHandler:Internal_Log (UnityEngine.LogType,UnityEngine.LogOption,string,UnityEngine.Object)
UnityEngine.DebugLogHandler:LogFormat (UnityEngine.LogType,UnityEngine.Object,string,object[])
UnityEngine.Logger:Log (UnityEngine.LogType,object)
UnityEngine.Debug:Log (object)
Game.Runtime.RuntimeGridBootstrapStartupSystemHelper:Ensure (Unity.Entities.EntityManager,int,int,single,UnityEngine.Vector3,UnityEngine.Vector2Int[]) (at Assets/Game/Scripts/Systems/RuntimeGridBootstrapStartupSystemHelper.cs:63)
Game.Composition.MatchBootstrapStartupConfigProjection:ProjectRuntimeStartupConfig (Unity.Entities.World,Game.Runtime.RuntimeGridBootstrapStartupSystemHelper,Game.Composition.MapSurfaceRuntimeBootstrapSceneSystemHelper,Game.Composition.MatchSceneView,Game.Configs.BuildingPlacementSystemConfig,Game.Runtime.AIStartupSystem,System.Collections.Generic.IReadOnlyList`1<Game.Configs.AIControllerConfig>,Game.Configs.AISettingsSnapshot,System.Collections.Generic.List`1<Game.Runtime.InitialFactionSpawnCellFallbackEntry>) (at Assets/Game/Scripts/Composition/MatchBootstrapStartupConfigProjection.cs:49)
Game.Composition.MatchGameplayStartupCompositionSystemHelper:AdvanceStep (Game.Runtime.BuildingRuntimeUpdateCompositionSystemHelper,Game.Runtime.BuildingRuntimeUpdateCompositionSystemHelper/Context&) (at Assets/Game/Scripts/Composition/MatchGameplayStartupCompositionSystemHelper.cs:181)
Game.Composition.MatchGameplayStartupCompositionSystemHelper:Advance (Game.Runtime.BuildingRuntimeUpdateCompositionSystemHelper,Game.Runtime.BuildingRuntimeUpdateCompositionSystemHelper/Context&) (at Assets/Game/Scripts/Composition/MatchGameplayStartupCompositionSystemHelper.cs:112)
Game.Composition.MatchBootstrapCompositionSystemHelper:Update () (at Assets/Game/Scripts/Composition/MatchBootstrapCompositionSystemHelper.cs:186)
Game.Composition.MatchSceneView:Update () (at Assets/Game/Scripts/Composition/MatchSceneView.cs:294)

(Filename: Assets/Game/Scripts/Systems/RuntimeGridBootstrapStartupSystemHelper.cs Line: 63)

Android Extension - Scanning For ADB Devices 158 ms
[FrameRateDiag:PreGame] fps=2.0 avgFrame=489.2ms updateAvg=12.5ms updateMax=24.7ms cpuFrame=6.8ms cpuMain=3.4ms cpuRender=1.7ms gpu=6.7ms drawCalls=81 batches=0 setPass=44 tris=745733 verts=1293365 units=344 models=0 sourceKeys=344 sourceKeyFallbackVisuals=0 initialSpawnConfigs=0 impostors=0 render=screen=2400x1080,batch=0,quality=0:PC,vSync=0,targetFps=-1,pipeline=Mobile_RPAsset_MobileCandidate,scale=0.75,msaa=0,camera=Main Camera,cameraData=post:1,aa:FastApproximateAntialiasing,stack:0 memory=alloc=3246MB reserved=3746MB mono=1477MB focused=1 playRequested=1 simulationActive=0 lastSteps=MainMenu=0.3ms stepStats=none topSystems=disabled markers=disabled
[RenderSceneDiag] frame=310 source=profilerCounters drawCalls=81 batches=0 setPass=44 tris=745733 verts=1293365 topSystems=disabled markers=disabled
[MapVehicleOwnershipRuntime] phase=RuntimeContextReady configAssigned=0 placements=-1 authoringRootAssigned=1 configuredPacked=1 positiveContract=0
UnityEngine.Debug:ExtractStackTraceNoAlloc (byte*,int,string)
UnityEngine.StackTraceUtility:ExtractStackTrace () (at /Users/bokken/build/output/unity/unity/Runtime/Export/Scripting/StackTrace.cs:35)
UnityEngine.DebugLogHandler:Internal_Log (UnityEngine.LogType,UnityEngine.LogOption,string,UnityEngine.Object)
UnityEngine.DebugLogHandler:LogFormat (UnityEngine.LogType,UnityEngine.Object,string,object[])
UnityEngine.Logger:Log (UnityEngine.LogType,object)
UnityEngine.Debug:Log (object)
Game.Runtime.BuildingGameplayCompositionSystemHelper/<>c__DisplayClass16_0:<Initialize>g__EnsureRuntimeTickContext|39 () (at Assets/Game/Scripts/Systems/BuildingGameplayCompositionSystemHelper.cs:490)
Game.Runtime.BuildingGameplayCompositionSystemHelper/<>c__DisplayClass16_0:<Initialize>g__UpdateBuildingStartupTick|40 () (at Assets/Game/Scripts/Systems/BuildingGameplayCompositionSystemHelper.cs:605)
Game.Runtime.BuildingRuntimeUpdateCompositionSystemHelper:UpdateStartup (Game.Runtime.BuildingRuntimeUpdateCompositionSystemHelper/Context) (at Assets/Game/Scripts/Systems/BuildingRuntimeUpdateCompositionSystemHelper.cs:31)
Game.Runtime.GameplayRuntimeUpdateCompositionSystemHelper:Update (Unity.Entities.World,bool,Game.Runtime.RuntimeGameplayStateSystem,Game.Runtime.PerformanceDiagnosticsSystemHelper,System.Action,Game.Runtime.BuildingRuntimeUpdateCompositionSystemHelper,Game.Runtime.BuildingRuntimeUpdateCompositionSystemHelper/Context,System.Action,UnityEngine.Camera,Game.Runtime.RuntimeCityCompositionSystemHelper,Game.Runtime.RuntimeGridBlockerPresentationSystemHelper,Game.Runtime.RuntimeDecorationSpawnerPresentationSystemHelper,Game.Runtime.DayNightSystem,System.Action,Game.UI.Contracts.IMatchRuntimeUi,Game.Rendering.Contracts.IUnitImpostorRenderer,bool&) (at Assets/Game/Scripts/Systems/GameplayRuntimeUpdateCompositionSystemHelper.Runtime.cs:124)
Game.Composition.MatchBootstrapCompositionSystemHelper:UpdateRuntime (bool,Game.Runtime.RuntimeGameplayStateSystem,Game.Runtime.PerformanceDiagnosticsSystemHelper,System.Action,Game.Runtime.BuildingRuntimeUpdateCompositionSystemHelper,Game.Runtime.BuildingRuntimeUpdateCompositionSystemHelper/Context,System.Action,UnityEngine.Camera,Game.Runtime.RuntimeCityCompositionSystemHelper,Game.Runtime.RuntimeGridBlockerPresentationSystemHelper,Game.Runtime.RuntimeDecorationSpawnerPresentationSystemHelper,Game.Runtime.DayNightSystem,System.Action,Game.UI.Contracts.IMatchRuntimeUi,Game.Rendering.Contracts.IUnitImpostorRenderer,bool&) (at Assets/Game/Scripts/Composition/MatchBootstrapCompositionSystemHelper.cs:584)
Game.Composition.MatchBootstrapCompositionSystemHelper:Update () (at Assets/Game/Scripts/Composition/MatchBootstrapCompositionSystemHelper.cs:203)
Game.Composition.MatchSceneView:Update () (at Assets/Game/Scripts/Composition/MatchSceneView.cs:294)

(Filename: Assets/Game/Scripts/Systems/BuildingGameplayCompositionSystemHelper.cs Line: 490)

[LoadingGate] ready frame=317 gameplayInitialized=1 playRequested=1 simulationActive=1
UnityEngine.Debug:ExtractStackTraceNoAlloc (byte*,int,string)
UnityEngine.StackTraceUtility:ExtractStackTrace () (at /Users/bokken/build/output/unity/unity/Runtime/Export/Scripting/StackTrace.cs:35)
UnityEngine.DebugLogHandler:Internal_Log (UnityEngine.LogType,UnityEngine.LogOption,string,UnityEngine.Object)
UnityEngine.DebugLogHandler:LogFormat (UnityEngine.LogType,UnityEngine.Object,string,object[])
UnityEngine.Logger:Log (UnityEngine.LogType,object)
UnityEngine.Debug:Log (object)
Game.Runtime.GameplayRuntimeUpdateCompositionSystemHelper:Update (Unity.Entities.World,bool,Game.Runtime.RuntimeGameplayStateSystem,Game.Runtime.PerformanceDiagnosticsSystemHelper,System.Action,Game.Runtime.BuildingRuntimeUpdateCompositionSystemHelper,Game.Runtime.BuildingRuntimeUpdateCompositionSystemHelper/Context,System.Action,UnityEngine.Camera,Game.Runtime.RuntimeCityCompositionSystemHelper,Game.Runtime.RuntimeGridBlockerPresentationSystemHelper,Game.Runtime.RuntimeDecorationSpawnerPresentationSystemHelper,Game.Runtime.DayNightSystem,System.Action,Game.UI.Contracts.IMatchRuntimeUi,Game.Rendering.Contracts.IUnitImpostorRenderer,bool&) (at Assets/Game/Scripts/Systems/GameplayRuntimeUpdateCompositionSystemHelper.Runtime.cs:220)
Game.Composition.MatchBootstrapCompositionSystemHelper:UpdateRuntime (bool,Game.Runtime.RuntimeGameplayStateSystem,Game.Runtime.PerformanceDiagnosticsSystemHelper,System.Action,Game.Runtime.BuildingRuntimeUpdateCompositionSystemHelper,Game.Runtime.BuildingRuntimeUpdateCompositionSystemHelper/Context,System.Action,UnityEngine.Camera,Game.Runtime.RuntimeCityCompositionSystemHelper,Game.Runtime.RuntimeGridBlockerPresentationSystemHelper,Game.Runtime.RuntimeDecorationSpawnerPresentationSystemHelper,Game.Runtime.DayNightSystem,System.Action,Game.UI.Contracts.IMatchRuntimeUi,Game.Rendering.Contracts.IUnitImpostorRenderer,bool&) (at Assets/Game/Scripts/Composition/MatchBootstrapCompositionSystemHelper.cs:584)
Game.Composition.MatchBootstrapCompositionSystemHelper:Update () (at Assets/Game/Scripts/Composition/MatchBootstrapCompositionSystemHelper.cs:203)
Game.Composition.MatchSceneView:Update () (at Assets/Game/Scripts/Composition/MatchSceneView.cs:294)

(Filename: Assets/Game/Scripts/Systems/GameplayRuntimeUpdateCompositionSystemHelper.Runtime.cs Line: 220)

[PerfDiag:PreGame] slowUpdate frame=317 total=65.5ms gc=0/0/0 cpuFrame=57.5ms cpuMain=52.4ms cpuRender=0.4ms gpu=7.1ms steps=BuildingStartup=63.9ms, MainMenu=0.2ms units=344 models=0 sourceKeys=344 sourceKeyFallbackVisuals=0 initialSpawnConfigs=0 drawCalls=149 batches=0 setPass=56 tris=7615792 verts=13618106 memory=alloc=3231MB reserved=3730MB mono=1478MB uiToolkit=0 gameplayInitialized=1 playRequested=1 simulationActive=1 focused=1 vSync=0 targetFps=-1 topSystems=disabled markers=disabled
[FreezeDetect] Update hitch frame=318 BuildingPlacement=2508.4ms, GC=0/0/0, Total=2540.3ms
[PerfDiag] slowUpdate frame=318 total=2540.3ms gc=0/0/0 cpuFrame=25.8ms cpuMain=21.1ms cpuRender=0.5ms gpu=7.9ms steps=RoadBuild=6.0ms, BuildingPlacement=2508.4ms, Selection=23.5ms, DayNight=0.1ms, CitizenPopulation=0.1ms, MainMenu=1.9ms units=360 models=0 sourceKeys=360 sourceKeyFallbackVisuals=0 initialSpawnConfigs=0 drawCalls=150 batches=0 setPass=57 tris=7615878 verts=13618350 memory=alloc=3260MB reserved=3750MB mono=1490MB uiToolkit=0 gameplayInitialized=1 playRequested=1 simulationActive=1 focused=1 vSync=0 targetFps=-1 topSystems=disabled markers=disabled
[FrameRateDiag] fps=1.4 avgFrame=719.4ms updateAvg=325.9ms updateMax=2540.3ms cpuFrame=25.8ms cpuMain=21.1ms cpuRender=0.5ms gpu=7.9ms drawCalls=150 batches=0 setPass=57 tris=7615878 verts=13618350 units=360 models=0 sourceKeys=360 sourceKeyFallbackVisuals=0 initialSpawnConfigs=0 impostors=0 render=screen=2400x1080,batch=0,quality=0:PC,vSync=0,targetFps=-1,pipeline=Mobile_RPAsset_MobileCandidate,scale=0.75,msaa=0,camera=Main Camera,cameraData=post:1,aa:FastApproximateAntialiasing,stack:0 memory=alloc=3260MB reserved=3750MB mono=1490MB focused=1 playRequested=1 simulationActive=1 stepStats=none topSystems=disabled markers=disabled
[FreezeDetect] Frame gap frame=319 Gap=3043.8ms GC=0/0/0 LastSteps=RoadBuild=6.0ms, BuildingPlacement=2508.4ms, Selection=23.5ms, DayNight=0.1ms, CitizenPopulation=0.1ms, MainMenu=1.9ms
[FreezeDetect] Frame gap frame=321 Gap=182.7ms GC=0/0/0 LastSteps=RoadBuild=0.0ms, BuildingPlacement=0.1ms, Selection=0.2ms, DayNight=0.0ms, CitizenPopulation=0.0ms, MainMenu=9.8ms
[UiShellPresentation] stage=CommandStarted sequence=3 kind=EnterMatchHud region=None route=Match
UnityEngine.Debug:ExtractStackTraceNoAlloc (byte*,int,string)
UnityEngine.StackTraceUtility:ExtractStackTrace () (at /Users/bokken/build/output/unity/unity/Runtime/Export/Scripting/StackTrace.cs:35)
UnityEngine.DebugLogHandler:Internal_Log (UnityEngine.LogType,UnityEngine.LogOption,string,UnityEngine.Object)
UnityEngine.DebugLogHandler:LogFormat (UnityEngine.LogType,UnityEngine.Object,string,object[])
UnityEngine.Logger:Log (UnityEngine.LogType,object,UnityEngine.Object)
UnityEngine.Debug:Log (object,UnityEngine.Object)
Game.Composition.UiDiagnosticsComposition:Report (Game.UI.Contracts.UiDiagnosticSeverity,string,UnityEngine.Object) (at Assets/Game/Scripts/Composition/UiDiagnosticsComposition.cs:17)
Game.UI.Contracts.UiDiagnostics:Info (string,UnityEngine.Object) (at Assets/Game/Scripts/UI/Contracts/UiDiagnostics.cs:14)
Game.UI.Runtime.UIShellEcsPresentationSystem:LogTransition (string,Game.UI.Contracts.UiShellPresentationCommandModel) (at Assets/Game/Scripts/UI/Shell/UIShellEcsPresentationSystem.cs:138)
Game.UI.Runtime.UIShellEcsPresentationSystem:Update () (at Assets/Game/Scripts/UI/Shell/UIShellEcsPresentationSystem.cs:87)

(Filename: Assets/Game/Scripts/Composition/UiDiagnosticsComposition.cs Line: 17)

[FreezeDetect] Frame gap frame=345 Gap=360.5ms GC=0/0/0 LastSteps=RoadBuild=0.0ms, BuildingPlacement=0.1ms, Selection=0.1ms, DayNight=0.0ms, CitizenPopulation=0.0ms, MainMenu=0.9ms
[PerfDiag] slowUpdate frame=345 total=61.9ms gc=0/0/0 cpuFrame=17.1ms cpuMain=14.6ms cpuRender=0.3ms gpu=6.1ms steps=RoadBuild=0.0ms, BuildingPlacement=0.2ms, Selection=1.9ms, DayNight=0.0ms, CitizenPopulation=0.0ms, MainMenu=59.7ms units=412 models=48 sourceKeys=412 sourceKeyFallbackVisuals=0 initialSpawnConfigs=0 drawCalls=84 batches=0 setPass=49 tris=560899 verts=927424 memory=alloc=3334MB reserved=3844MB mono=1497MB uiToolkit=0 gameplayInitialized=1 playRequested=1 simulationActive=1 focused=1 vSync=0 targetFps=-1 topSystems=disabled markers=disabled
[FrameRateDiag] fps=7.9 avgFrame=126.4ms updateAvg=4.8ms updateMax=61.9ms cpuFrame=29.8ms cpuMain=26.0ms cpuRender=0.6ms gpu=9.2ms drawCalls=136 batches=0 setPass=73 tris=581191 verts=973672 units=412 models=48 sourceKeys=412 sourceKeyFallbackVisuals=0 initialSpawnConfigs=0 impostors=24 render=screen=2400x1080,batch=0,quality=0:PC,vSync=0,targetFps=-1,pipeline=Mobile_RPAsset_MobileCandidate,scale=0.75,msaa=0,camera=Main Camera,cameraData=post:1,aa:FastApproximateAntialiasing,stack:0 memory=alloc=3368MB reserved=3868MB mono=1498MB focused=1 playRequested=1 simulationActive=1 stepStats=none topSystems=disabled markers=disabled
[UiShellPresentation] stage=CommandCompleted sequence=3 kind=EnterMatchHud region=None route=Match
UnityEngine.Debug:ExtractStackTraceNoAlloc (byte*,int,string)
UnityEngine.StackTraceUtility:ExtractStackTrace () (at /Users/bokken/build/output/unity/unity/Runtime/Export/Scripting/StackTrace.cs:35)
UnityEngine.DebugLogHandler:Internal_Log (UnityEngine.LogType,UnityEngine.LogOption,string,UnityEngine.Object)
UnityEngine.DebugLogHandler:LogFormat (UnityEngine.LogType,UnityEngine.Object,string,object[])
UnityEngine.Logger:Log (UnityEngine.LogType,object,UnityEngine.Object)
UnityEngine.Debug:Log (object,UnityEngine.Object)
Game.Composition.UiDiagnosticsComposition:Report (Game.UI.Contracts.UiDiagnosticSeverity,string,UnityEngine.Object) (at Assets/Game/Scripts/Composition/UiDiagnosticsComposition.cs:17)
Game.UI.Contracts.UiDiagnostics:Info (string,UnityEngine.Object) (at Assets/Game/Scripts/UI/Contracts/UiDiagnostics.cs:14)
Game.UI.Runtime.UIShellEcsPresentationSystem:LogTransition (string,Game.UI.Contracts.UiShellPresentationCommandModel) (at Assets/Game/Scripts/UI/Shell/UIShellEcsPresentationSystem.cs:138)
Game.UI.Runtime.UIShellEcsPresentationSystem/<>c__DisplayClass24_0:<Update>b__0 (int) (at Assets/Game/Scripts/UI/Shell/UIShellEcsPresentationSystem.cs:100)
Game.UI.Runtime.UIShellView/<>c__DisplayClass19_0:<ExecuteCommandSequence>b__0 () (at Assets/Game/Scripts/UI/Shell/UIShellView.cs:99)
Game.UI.Runtime.UIMotionHostView/<SequenceRoutine>d__32:MoveNext () (at Assets/Game/Scripts/UI/Shell/UIMotionHostView.cs:268)
UnityEngine.SetupCoroutine:InvokeMoveNext (System.Collections.IEnumerator,intptr) (at /Users/bokken/build/output/unity/unity/Runtime/Export/Scripting/Coroutines.cs:17)

(Filename: Assets/Game/Scripts/Composition/UiDiagnosticsComposition.cs Line: 17)

[UiShellPresentation] stage=CompletionFlushed sequence=3 kind=EnterMatchHud region=None
UnityEngine.Debug:ExtractStackTraceNoAlloc (byte*,int,string)
UnityEngine.StackTraceUtility:ExtractStackTrace () (at /Users/bokken/build/output/unity/unity/Runtime/Export/Scripting/StackTrace.cs:35)
UnityEngine.DebugLogHandler:Internal_Log (UnityEngine.LogType,UnityEngine.LogOption,string,UnityEngine.Object)
UnityEngine.DebugLogHandler:LogFormat (UnityEngine.LogType,UnityEngine.Object,string,object[])
UnityEngine.Logger:Log (UnityEngine.LogType,object,UnityEngine.Object)
UnityEngine.Debug:Log (object,UnityEngine.Object)
Game.Composition.UiDiagnosticsComposition:Report (Game.UI.Contracts.UiDiagnosticSeverity,string,UnityEngine.Object) (at Assets/Game/Scripts/Composition/UiDiagnosticsComposition.cs:17)
Game.UI.Contracts.UiDiagnostics:Info (string,UnityEngine.Object) (at Assets/Game/Scripts/UI/Contracts/UiDiagnostics.cs:14)
Game.UI.Runtime.UIShellEcsPresentationSystem:LogTransition (string,Game.UI.Contracts.UiShellTransitionCompleteModel) (at Assets/Game/Scripts/UI/Shell/UIShellEcsPresentationSystem.cs:146)
Game.UI.Runtime.UIShellEcsPresentationSystem:FlushPendingCompletion () (at Assets/Game/Scripts/UI/Shell/UIShellEcsPresentationSystem.cs:129)
Game.UI.Runtime.UIShellEcsPresentationSystem:Update () (at Assets/Game/Scripts/UI/Shell/UIShellEcsPresentationSystem.cs:67)

(Filename: Assets/Game/Scripts/Composition/UiDiagnosticsComposition.cs Line: 17)

[PerfDiag] slowUpdate frame=366 total=67.8ms gc=0/0/0 cpuFrame=33.6ms cpuMain=30.8ms cpuRender=0.3ms gpu=9.8ms steps=RoadBuild=0.0ms, BuildingPlacement=0.2ms, Selection=2.2ms, DayNight=0.0ms, CitizenPopulation=0.0ms, MainMenu=65.4ms units=412 models=48 sourceKeys=412 sourceKeyFallbackVisuals=0 initialSpawnConfigs=0 drawCalls=135 batches=0 setPass=71 tris=581183 verts=973656 memory=alloc=3384MB reserved=3883MB mono=1501MB uiToolkit=0 gameplayInitialized=1 playRequested=1 simulationActive=1 focused=1 vSync=0 targetFps=-1 topSystems=disabled markers=disabled
Launching external process: /Applications/Unity/Hub/Editor/6000.5.2f1/Unity.app/Contents/Helpers/UnityShaderCompiler
Launched and connected shader compiler UnityShaderCompiler after 0.06 seconds
Launching external process: /Applications/Unity/Hub/Editor/6000.5.2f1/Unity.app/Contents/Helpers/UnityShaderCompiler
Launched and connected shader compiler UnityShaderCompiler after 0.09 seconds
[PerfDiag] slowUpdate frame=380 total=70.6ms gc=0/0/0 cpuFrame=48.0ms cpuMain=41.0ms cpuRender=0.5ms gpu=10.4ms steps=RoadBuild=0.0ms, BuildingPlacement=0.2ms, Selection=0.2ms, DayNight=0.0ms, CitizenPopulation=0.0ms, MainMenu=70.2ms units=412 models=48 sourceKeys=412 sourceKeyFallbackVisuals=0 initialSpawnConfigs=0 drawCalls=285 batches=0 setPass=87 tris=2643682 verts=4706552 memory=alloc=3402MB reserved=3900MB mono=1503MB uiToolkit=0 gameplayInitialized=1 playRequested=1 simulationActive=1 focused=1 vSync=0 targetFps=-1 topSystems=disabled markers=disabled
[FrameRateDiag] fps=20.7 avgFrame=48.4ms updateAvg=11.4ms updateMax=70.6ms cpuFrame=51.0ms cpuMain=44.8ms cpuRender=0.8ms gpu=14.0ms drawCalls=285 batches=0 setPass=89 tris=2643874 verts=4707128 units=412 models=48 sourceKeys=412 sourceKeyFallbackVisuals=0 initialSpawnConfigs=0 impostors=40 render=screen=2400x1080,batch=0,quality=0:PC,vSync=0,targetFps=-1,pipeline=Mobile_RPAsset_MobileCandidate,scale=0.75,msaa=0,camera=Main Camera,cameraData=post:1,aa:FastApproximateAntialiasing,stack:0 memory=alloc=3423MB reserved=3920MB mono=1504MB focused=1 playRequested=1 simulationActive=1 stepStats=none topSystems=disabled markers=disabled
[PerfDiag] slowUpdate frame=398 total=69.8ms gc=0/0/0 cpuFrame=37.3ms cpuMain=32.5ms cpuRender=0.4ms gpu=8.9ms steps=RoadBuild=0.0ms, BuildingPlacement=0.3ms, Selection=0.2ms, DayNight=0.0ms, CitizenPopulation=0.0ms, MainMenu=69.2ms units=412 models=48 sourceKeys=412 sourceKeyFallbackVisuals=0 initialSpawnConfigs=0 drawCalls=285 batches=0 setPass=87 tris=2643778 verts=4706840 memory=alloc=3424MB reserved=3922MB mono=1504MB uiToolkit=0 gameplayInitialized=1 playRequested=1 simulationActive=1 focused=1 vSync=0 targetFps=-1 topSystems=disabled markers=disabled
[FreezeDetect] Frame gap frame=406 Gap=408.8ms GC=0/0/0 LastSteps=RoadBuild=0.1ms, BuildingPlacement=0.2ms, Selection=0.2ms, DayNight=0.0ms, CitizenPopulation=0.0ms, MainMenu=8.6ms
[PerfDiag] slowUpdate frame=406 total=76.3ms gc=0/0/0 cpuFrame=45.9ms cpuMain=37.4ms cpuRender=1.1ms gpu=8.6ms steps=RoadBuild=0.1ms, BuildingPlacement=0.4ms, Selection=0.3ms, DayNight=0.0ms, CitizenPopulation=0.0ms, MainMenu=75.5ms units=412 models=48 sourceKeys=412 sourceKeyFallbackVisuals=0 initialSpawnConfigs=0 drawCalls=285 batches=0 setPass=87 tris=2643842 verts=4707032 memory=alloc=3436MB reserved=3933MB mono=1505MB uiToolkit=0 gameplayInitialized=1 playRequested=1 simulationActive=1 focused=1 vSync=0 targetFps=-1 topSystems=disabled markers=disabled
[S004NativeCampaignLighting] result=Passed campaignSun=Sun intensity=1.3 matchSunActive=0
UnityEngine.Debug:ExtractStackTraceNoAlloc (byte*,int,string)
UnityEngine.StackTraceUtility:ExtractStackTrace () (at /Users/bokken/build/output/unity/unity/Runtime/Export/Scripting/StackTrace.cs:35)
UnityEngine.DebugLogHandler:Internal_Log (UnityEngine.LogType,UnityEngine.LogOption,string,UnityEngine.Object)
UnityEngine.DebugLogHandler:LogFormat (UnityEngine.LogType,UnityEngine.Object,string,object[])
UnityEngine.Logger:Log (UnityEngine.LogType,object)
UnityEngine.Debug:Log (object)
Game.Editor.SkirmishS002AriaRunHarness:Tick () (at Assets/Game/Scripts/Editor/Skirmish/SkirmishS002AriaRunHarness.cs:675)
UnityEditor.EditorApplication:Internal_CallUpdateFunctions () (at /Users/bokken/build/output/unity/unity/Editor/Mono/EditorApplication.cs:403)

(Filename: Assets/Game/Scripts/Editor/Skirmish/SkirmishS002AriaRunHarness.cs Line: 675)

[SkirmishS002AriaRun] watchStarted=1 seed=104733 locale=en
UnityEngine.Debug:ExtractStackTraceNoAlloc (byte*,int,string)
UnityEngine.StackTraceUtility:ExtractStackTrace () (at /Users/bokken/build/output/unity/unity/Runtime/Export/Scripting/StackTrace.cs:35)
UnityEngine.DebugLogHandler:Internal_Log (UnityEngine.LogType,UnityEngine.LogOption,string,UnityEngine.Object)
UnityEngine.DebugLogHandler:LogFormat (UnityEngine.LogType,UnityEngine.Object,string,object[])
UnityEngine.Logger:Log (UnityEngine.LogType,object)
UnityEngine.Debug:Log (object)
Game.Editor.SkirmishS002AriaRunHarness:Tick () (at Assets/Game/Scripts/Editor/Skirmish/SkirmishS002AriaRunHarness.cs:684)
UnityEditor.EditorApplication:Internal_CallUpdateFunctions () (at /Users/bokken/build/output/unity/unity/Editor/Mono/EditorApplication.cs:403)

(Filename: Assets/Game/Scripts/Editor/Skirmish/SkirmishS002AriaRunHarness.cs Line: 684)

[PerfDiag] slowUpdate frame=417 total=42.4ms gc=0/0/0 cpuFrame=41.5ms cpuMain=36.4ms cpuRender=0.4ms gpu=10.3ms steps=RoadBuild=0.0ms, BuildingPlacement=0.2ms, Selection=0.2ms, DayNight=0.0ms, CitizenPopulation=0.0ms, MainMenu=41.8ms units=412 models=48 sourceKeys=412 sourceKeyFallbackVisuals=0 initialSpawnConfigs=0 drawCalls=285 batches=0 setPass=87 tris=2643718 verts=4706656 memory=alloc=3449MB reserved=3946MB mono=1505MB uiToolkit=0 gameplayInitialized=1 playRequested=1 simulationActive=1 focused=1 vSync=0 targetFps=-1 topSystems=disabled markers=disabled
Ignoring depth surface load action as it is memoryless
Ignoring depth surface store action as it is memoryless
[FreezeDetect] Frame gap frame=418 Gap=290.3ms GC=0/0/0 LastSteps=RoadBuild=0.0ms, BuildingPlacement=0.2ms, Selection=0.2ms, DayNight=0.0ms, CitizenPopulation=0.0ms, MainMenu=41.8ms
[FreezeDetect] Frame gap frame=419 Gap=199.5ms GC=0/0/0 LastSteps=RoadBuild=0.0ms, BuildingPlacement=0.2ms, Selection=0.2ms, DayNight=0.0ms, CitizenPopulation=0.0ms, MainMenu=69.2ms
[FrameRateDiag] fps=11.9 avgFrame=84.1ms updateAvg=19.1ms updateMax=76.3ms cpuFrame=54.7ms cpuMain=38.4ms cpuRender=0.4ms gpu=17.8ms drawCalls=287 batches=0 setPass=88 tris=2648448 verts=4715038 units=413 models=49 sourceKeys=413 sourceKeyFallbackVisuals=0 initialSpawnConfigs=0 impostors=40 render=screen=2400x1080,batch=0,quality=0:PC,vSync=0,targetFps=-1,pipeline=Mobile_RPAsset_MobileCandidate,scale=0.75,msaa=0,camera=Main Camera,cameraData=post:1,aa:FastApproximateAntialiasing,stack:0 memory=alloc=3457MB reserved=3954MB mono=1506MB focused=1 playRequested=1 simulationActive=1 stepStats=none topSystems=disabled markers=disabled
[RenderSceneDiag] frame=420 source=profilerCounters drawCalls=287 batches=0 setPass=88 tris=2648448 verts=4715038 topSystems=disabled markers=disabled
[PerfDiag] slowUpdate frame=433 total=65.9ms gc=0/0/0 cpuFrame=50.6ms cpuMain=33.2ms cpuRender=0.4ms gpu=0.1ms steps=RoadBuild=0.0ms, BuildingPlacement=0.1ms, Selection=0.1ms, DayNight=0.0ms, CitizenPopulation=0.0ms, MainMenu=65.6ms units=413 models=49 sourceKeys=413 sourceKeyFallbackVisuals=0 initialSpawnConfigs=0 drawCalls=288 batches=0 setPass=88 tris=2655742 verts=4727510 memory=alloc=3475MB reserved=3971MB mono=1507MB uiToolkit=0 gameplayInitialized=1 playRequested=1 simulationActive=1 focused=1 vSync=0 targetFps=-1 topSystems=disabled markers=disabled
[FreezeDetect] Frame gap frame=443 Gap=295.8ms GC=0/0/0 LastSteps=RoadBuild=0.0ms, BuildingPlacement=0.1ms, Selection=0.2ms, DayNight=0.0ms, CitizenPopulation=0.0ms, MainMenu=13.3ms
[PerfDiag] slowUpdate frame=443 total=30.7ms gc=0/0/0 cpuFrame=51.7ms cpuMain=45.5ms cpuRender=0.3ms gpu=6.9ms steps=RoadBuild=0.1ms, BuildingPlacement=0.4ms, Selection=0.7ms, DayNight=0.0ms, CitizenPopulation=0.0ms, MainMenu=29.5ms units=413 models=49 sourceKeys=413 sourceKeyFallbackVisuals=0 initialSpawnConfigs=0 drawCalls=287 batches=0 setPass=88 tris=2652998 verts=4719174 memory=alloc=3509MB reserved=4006MB mono=1515MB uiToolkit=0 gameplayInitialized=1 playRequested=1 simulationActive=1 focused=1 vSync=0 targetFps=-1 topSystems=disabled markers=disabled
[FrameRateDiag] fps=19.9 avgFrame=50.4ms updateAvg=12.5ms updateMax=65.9ms cpuFrame=34.8ms cpuMain=28.8ms cpuRender=0.7ms gpu=7.7ms drawCalls=283 batches=0 setPass=85 tris=2656016 verts=4728154 units=413 models=49 sourceKeys=413 sourceKeyFallbackVisuals=0 initialSpawnConfigs=0 impostors=40 render=screen=2400x1080,batch=0,quality=0:PC,vSync=0,targetFps=-1,pipeline=Mobile_RPAsset_MobileCandidate,scale=0.75,msaa=0,camera=Main Camera,cameraData=post:1,aa:FastApproximateAntialiasing,stack:0 memory=alloc=3523MB reserved=4028MB mono=1516MB focused=1 playRequested=1 simulationActive=1 stepStats=none topSystems=disabled markers=disabled
[FreezeDetect] Frame gap frame=462 Gap=288.8ms GC=0/0/0 LastSteps=RoadBuild=0.0ms, BuildingPlacement=0.1ms, Selection=0.2ms, DayNight=0.0ms, CitizenPopulation=0.0ms, MainMenu=14.9ms
[FreezeDetect] Frame gap frame=463 Gap=480.9ms GC=0/0/0 LastSteps=RoadBuild=0.0ms, BuildingPlacement=0.2ms, Selection=0.2ms, DayNight=0.0ms, CitizenPopulation=0.0ms, MainMenu=13.0ms
[FrameRateDiag] fps=24.9 avgFrame=40.2ms updateAvg=6.5ms updateMax=15.3ms cpuFrame=23.4ms cpuMain=20.6ms cpuRender=0.5ms gpu=0.4ms drawCalls=259 batches=0 setPass=79 tris=2653370 verts=4719712 units=413 models=49 sourceKeys=413 sourceKeyFallbackVisuals=0 initialSpawnConfigs=0 impostors=40 render=screen=2400x1080,batch=0,quality=0:PC,vSync=0,targetFps=-1,pipeline=Mobile_RPAsset_MobileCandidate,scale=0.75,msaa=0,camera=Main Camera,cameraData=post:1,aa:FastApproximateAntialiasing,stack:0 memory=alloc=3589MB reserved=4090MB mono=1522MB focused=1 playRequested=1 simulationActive=1 stepStats=none topSystems=disabled markers=disabled
[FreezeDetect] Frame gap frame=543 Gap=184.4ms GC=0/0/0 LastSteps=RoadBuild=0.0ms, BuildingPlacement=0.1ms, Selection=0.1ms, DayNight=0.0ms, CitizenPopulation=0.0ms, MainMenu=4.8ms
[FrameRateDiag] fps=36.7 avgFrame=27.3ms updateAvg=6.4ms updateMax=13.1ms cpuFrame=25.0ms cpuMain=22.2ms cpuRender=0.6ms gpu=0.4ms drawCalls=260 batches=0 setPass=79 tris=2656750 verts=4729402 units=413 models=49 sourceKeys=413 sourceKeyFallbackVisuals=0 initialSpawnConfigs=0 impostors=40 render=screen=2400x1080,batch=0,quality=0:PC,vSync=0,targetFps=-1,pipeline=Mobile_RPAsset_MobileCandidate,scale=0.75,msaa=0,camera=Main Camera,cameraData=post:1,aa:FastApproximateAntialiasing,stack:0 memory=alloc=3680MB reserved=4179MB mono=1527MB focused=1 playRequested=1 simulationActive=1 stepStats=none topSystems=disabled markers=disabled
[PerfDiag] slowUpdate frame=641 total=62.5ms gc=0/0/0 cpuFrame=36.0ms cpuMain=33.8ms cpuRender=2.6ms gpu=14.0ms steps=RoadBuild=0.0ms, BuildingPlacement=0.1ms, Selection=0.1ms, DayNight=0.0ms, CitizenPopulation=0.0ms, MainMenu=62.3ms units=413 models=49 sourceKeys=413 sourceKeyFallbackVisuals=0 initialSpawnConfigs=0 drawCalls=274 batches=0 setPass=88 tris=2656226 verts=4728034 memory=alloc=3761MB reserved=4256MB mono=1534MB uiToolkit=0 gameplayInitialized=1 playRequested=1 simulationActive=1 focused=1 vSync=0 targetFps=-1 topSystems=disabled markers=disabled
[FrameRateDiag] fps=30.4 avgFrame=32.9ms updateAvg=8.9ms updateMax=62.5ms cpuFrame=86.7ms cpuMain=84.3ms cpuRender=2.5ms gpu=6.1ms drawCalls=273 batches=0 setPass=88 tris=2653408 verts=4719582 units=413 models=49 sourceKeys=413 sourceKeyFallbackVisuals=0 initialSpawnConfigs=0 impostors=40 render=screen=2400x1080,batch=0,quality=0:PC,vSync=0,targetFps=-1,pipeline=Mobile_RPAsset_MobileCandidate,scale=0.75,msaa=0,camera=Main Camera,cameraData=post:1,aa:FastApproximateAntialiasing,stack:0 memory=alloc=3766MB reserved=4261MB mono=1534MB focused=1 playRequested=1 simulationActive=1 stepStats=none topSystems=disabled markers=disabled
[FrameRateDiag] fps=37.6 avgFrame=26.6ms updateAvg=6.5ms updateMax=17.0ms cpuFrame=25.3ms cpuMain=23.1ms cpuRender=2.3ms gpu=12.3ms drawCalls=269 batches=0 setPass=84 tris=2653776 verts=4720478 units=413 models=49 sourceKeys=413 sourceKeyFallbackVisuals=0 initialSpawnConfigs=0 impostors=40 render=screen=2400x1080,batch=0,quality=0:PC,vSync=0,targetFps=-1,pipeline=Mobile_RPAsset_MobileCandidate,scale=0.75,msaa=0,camera=Main Camera,cameraData=post:1,aa:FastApproximateAntialiasing,stack:0 memory=alloc=3877MB reserved=4395MB mono=1550MB focused=1 playRequested=1 simulationActive=1 stepStats=none topSystems=disabled markers=disabled
[RenderSceneDiag] frame=721 source=profilerCounters drawCalls=269 batches=0 setPass=84 tris=2653776 verts=4720478 topSystems=disabled markers=disabled
TrimDiskCacheJob: Current cache size 0mb
[Licensing::Client] Error: Code 404 while processing request (status: Found 0 entitlement groups and 0 free entitlements matching requested entitlement ids)
[Licensing::Client] Error: Code 404 while processing request (status: Found 0 entitlement groups and 0 free entitlements matching requested entitlement ids)
[Licensing::Client] Error: Code 404 while processing request (status: Found 0 entitlement groups and 0 free entitlements matching requested entitlement ids)
[Licensing::Client] Error: Code 404 while processing request (status: Found 0 entitlement groups and 0 free entitlements matching requested entitlement ids)
[Licensing::Client] Error: Code 404 while processing request (status: Found 0 entitlement groups and 0 free entitlements matching requested entitlement ids)
[Licensing::Client] Error: Code 404 while processing request (status: Found 0 entitlement groups and 0 free entitlements matching requested entitlement ids)
[Licensing::Client] Error: Code 404 while processing request (status: Found 0 entitlement groups and 0 free entitlements matching requested entitlement ids)
[FrameRateDiag] fps=35.2 avgFrame=28.4ms updateAvg=7.1ms updateMax=21.1ms cpuFrame=26.8ms cpuMain=23.2ms cpuRender=0.6ms gpu=14.6ms drawCalls=286 batches=0 setPass=91 tris=2594599 verts=4653244 units=414 models=50 sourceKeys=414 sourceKeyFallbackVisuals=0 initialSpawnConfigs=0 impostors=36 render=screen=2400x1080,batch=0,quality=0:PC,vSync=0,targetFps=-1,pipeline=Mobile_RPAsset_MobileCandidate,scale=0.75,msaa=0,camera=Main Camera,cameraData=post:1,aa:FastApproximateAntialiasing,stack:0 memory=alloc=3968MB reserved=4486MB mono=1557MB focused=1 playRequested=1 simulationActive=1 stepStats=none topSystems=disabled markers=disabled
[FrameRateDiag] fps=34.5 avgFrame=29.0ms updateAvg=7.1ms updateMax=16.4ms cpuFrame=42.3ms cpuMain=38.7ms cpuRender=0.7ms gpu=6.3ms drawCalls=303 batches=0 setPass=97 tris=2556410 verts=4563084 units=414 models=50 sourceKeys=414 sourceKeyFallbackVisuals=0 initialSpawnConfigs=0 impostors=36 render=screen=2400x1080,batch=0,quality=0:PC,vSync=0,targetFps=-1,pipeline=Mobile_RPAsset_MobileCandidate,scale=0.75,msaa=0,camera=Main Camera,cameraData=post:1,aa:FastApproximateAntialiasing,stack:0 memory=alloc=4060MB reserved=4579MB mono=1566MB focused=1 playRequested=1 simulationActive=1 stepStats=none topSystems=disabled markers=disabled
[PerfDiag] slowUpdate frame=885 total=55.8ms gc=0/0/0 cpuFrame=34.7ms cpuMain=30.8ms cpuRender=0.3ms gpu=6.7ms steps=RoadBuild=0.0ms, BuildingPlacement=0.2ms, Selection=0.1ms, DayNight=0.0ms, CitizenPopulation=0.0ms, MainMenu=55.4ms units=414 models=50 sourceKeys=414 sourceKeyFallbackVisuals=0 initialSpawnConfigs=0 drawCalls=304 batches=0 setPass=100 tris=2556670 verts=4563916 memory=alloc=4089MB reserved=4607MB mono=1569MB uiToolkit=0 gameplayInitialized=1 playRequested=1 simulationActive=1 focused=1 vSync=0 targetFps=-1 topSystems=disabled markers=disabled
[PerfDiag] slowUpdate frame=905 total=58.7ms gc=0/0/0 cpuFrame=35.8ms cpuMain=32.0ms cpuRender=0.3ms gpu=7.1ms steps=RoadBuild=0.0ms, BuildingPlacement=0.1ms, Selection=0.1ms, DayNight=0.0ms, CitizenPopulation=0.0ms, MainMenu=58.4ms units=414 models=50 sourceKeys=414 sourceKeyFallbackVisuals=0 initialSpawnConfigs=0 drawCalls=314 batches=0 setPass=108 tris=2629272 verts=4702696 memory=alloc=4120MB reserved=4635MB mono=1571MB uiToolkit=0 gameplayInitialized=1 playRequested=1 simulationActive=1 focused=1 vSync=0 targetFps=-1 topSystems=disabled markers=disabled
[FrameRateDiag] fps=25.2 avgFrame=39.7ms updateAvg=12.1ms updateMax=58.7ms cpuFrame=52.1ms cpuMain=43.0ms cpuRender=0.3ms gpu=6.6ms drawCalls=316 batches=0 setPass=110 tris=2629328 verts=4702944 units=414 models=50 sourceKeys=414 sourceKeyFallbackVisuals=0 initialSpawnConfigs=0 impostors=32 render=screen=2400x1080,batch=0,quality=0:PC,vSync=0,targetFps=-1,pipeline=Mobile_RPAsset_MobileCandidate,scale=0.75,msaa=0,camera=Main Camera,cameraData=post:1,aa:FastApproximateAntialiasing,stack:0 memory=alloc=4131MB reserved=4647MB mono=1572MB focused=1 playRequested=1 simulationActive=1 stepStats=none topSystems=disabled markers=disabled
[FreezeDetect] Frame gap frame=920 Gap=312.8ms GC=0/0/0 LastSteps=RoadBuild=0.0ms, BuildingPlacement=0.1ms, Selection=0.1ms, DayNight=0.0ms, CitizenPopulation=0.0ms, MainMenu=13.6ms
[PerfDiag] slowUpdate frame=920 total=59.7ms gc=0/0/0 cpuFrame=52.4ms cpuMain=43.3ms cpuRender=0.3ms gpu=11.4ms steps=RoadBuild=0.0ms, BuildingPlacement=0.3ms, Selection=0.2ms, DayNight=0.0ms, CitizenPopulation=0.0ms, MainMenu=59.1ms units=414 models=50 sourceKeys=414 sourceKeyFallbackVisuals=0 initialSpawnConfigs=0 drawCalls=317 batches=0 setPass=111 tris=2629256 verts=4702648 memory=alloc=4141MB reserved=4654MB mono=1573MB uiToolkit=0 gameplayInitialized=1 playRequested=1 simulationActive=1 focused=1 vSync=0 targetFps=-1 topSystems=disabled markers=disabled
[PerfDiag] slowUpdate frame=946 total=52.9ms gc=0/0/0 cpuFrame=35.2ms cpuMain=32.9ms cpuRender=2.9ms gpu=13.3ms steps=RoadBuild=0.0ms, BuildingPlacement=0.2ms, Selection=0.2ms, DayNight=0.0ms, CitizenPopulation=0.0ms, MainMenu=52.5ms units=414 models=50 sourceKeys=414 sourceKeyFallbackVisuals=0 initialSpawnConfigs=0 drawCalls=314 batches=0 setPass=108 tris=2701602 verts=4840972 memory=alloc=4176MB reserved=4689MB mono=1575MB uiToolkit=0 gameplayInitialized=1 playRequested=1 simulationActive=1 focused=1 vSync=0 targetFps=-1 topSystems=disabled markers=disabled
[FrameRateDiag] fps=24.6 avgFrame=40.7ms updateAvg=10.5ms updateMax=59.7ms cpuFrame=36.6ms cpuMain=33.4ms cpuRender=2.7ms gpu=33.0ms drawCalls=317 batches=0 setPass=111 tris=2701418 verts=4840436 units=414 models=50 sourceKeys=414 sourceKeyFallbackVisuals=0 initialSpawnConfigs=0 impostors=28 render=screen=2400x1080,batch=0,quality=0:PC,vSync=0,targetFps=-1,pipeline=Mobile_RPAsset_MobileCandidate,scale=0.75,msaa=0,camera=Main Camera,cameraData=post:1,aa:FastApproximateAntialiasing,stack:0 memory=alloc=4200MB reserved=4712MB mono=1577MB focused=1 playRequested=1 simulationActive=1 stepStats=none topSystems=disabled markers=disabled
[PerfDiag] slowUpdate frame=970 total=57.8ms gc=0/0/0 cpuFrame=35.3ms cpuMain=32.9ms cpuRender=2.6ms gpu=15.9ms steps=RoadBuild=0.0ms, BuildingPlacement=0.2ms, Selection=0.2ms, DayNight=0.0ms, CitizenPopulation=0.0ms, MainMenu=57.4ms units=414 models=50 sourceKeys=414 sourceKeyFallbackVisuals=0 initialSpawnConfigs=0 drawCalls=317 batches=0 setPass=111 tris=2701392 verts=4840368 memory=alloc=4208MB reserved=4720MB mono=1578MB uiToolkit=0 gameplayInitialized=1 playRequested=1 simulationActive=1 focused=1 vSync=0 targetFps=-1 topSystems=disabled markers=disabled
[PerfDiag] slowUpdate frame=996 total=47.2ms gc=0/0/0 cpuFrame=30.7ms cpuMain=28.7ms cpuRender=0.5ms gpu=0.2ms steps=RoadBuild=0.0ms, BuildingPlacement=0.1ms, Selection=0.2ms, DayNight=0.0ms, CitizenPopulation=0.0ms, MainMenu=46.8ms units=414 models=50 sourceKeys=414 sourceKeyFallbackVisuals=0 initialSpawnConfigs=0 drawCalls=315 batches=0 setPass=108 tris=2774020 verts=4979408 memory=alloc=4243MB reserved=4755MB mono=1581MB uiToolkit=0 gameplayInitialized=1 playRequested=1 simulationActive=1 focused=1 vSync=0 targetFps=-1 topSystems=disabled markers=disabled
[PerfDiag] slowUpdate frame=1023 total=47.2ms gc=0/0/0 cpuFrame=30.2ms cpuMain=27.6ms cpuRender=2.1ms gpu=16.2ms steps=RoadBuild=0.0ms, BuildingPlacement=0.1ms, Selection=0.2ms, DayNight=0.0ms, CitizenPopulation=0.0ms, MainMenu=46.8ms units=414 models=50 sourceKeys=414 sourceKeyFallbackVisuals=0 initialSpawnConfigs=0 drawCalls=316 batches=0 setPass=109 tris=2773670 verts=4978444 memory=alloc=4279MB reserved=4790MB mono=1584MB uiToolkit=0 gameplayInitialized=1 playRequested=1 simulationActive=1 focused=1 vSync=0 targetFps=-1 topSystems=disabled markers=disabled
[FrameRateDiag] fps=31.3 avgFrame=32.0ms updateAvg=9.7ms updateMax=57.8ms cpuFrame=68.5ms cpuMain=65.7ms cpuRender=0.6ms gpu=14.5ms drawCalls=317 batches=0 setPass=110 tris=2773540 verts=4978064 units=414 models=50 sourceKeys=414 sourceKeyFallbackVisuals=0 initialSpawnConfigs=0 impostors=24 render=screen=2400x1080,batch=0,quality=0:PC,vSync=0,targetFps=-1,pipeline=Mobile_RPAsset_MobileCandidate,scale=0.75,msaa=0,camera=Main Camera,cameraData=post:1,aa:FastApproximateAntialiasing,stack:0 memory=alloc=4284MB reserved=4795MB mono=1584MB focused=1 playRequested=1 simulationActive=1 stepStats=none topSystems=disabled markers=disabled
[RenderSceneDiag] frame=1027 source=profilerCounters drawCalls=317 batches=0 setPass=110 tris=2773540 verts=4978064 topSystems=disabled markers=disabled
[PerfDiag] slowUpdate frame=1047 total=47.3ms gc=0/0/0 cpuFrame=31.8ms cpuMain=28.9ms cpuRender=2.1ms gpu=25.3ms steps=RoadBuild=0.0ms, BuildingPlacement=0.1ms, Selection=0.1ms, DayNight=0.0ms, CitizenPopulation=0.0ms, MainMenu=47.0ms units=415 models=51 sourceKeys=415 sourceKeyFallbackVisuals=0 initialSpawnConfigs=0 drawCalls=316 batches=0 setPass=105 tris=2773624 verts=4978072 memory=alloc=4312MB reserved=4822MB mono=1586MB uiToolkit=0 gameplayInitialized=1 playRequested=1 simulationActive=1 focused=1 vSync=0 targetFps=-1 topSystems=disabled markers=disabled
[PerfDiag] slowUpdate frame=1074 total=42.3ms gc=0/0/0 cpuFrame=28.1ms cpuMain=25.8ms cpuRender=2.1ms gpu=15.7ms steps=RoadBuild=0.0ms, BuildingPlacement=0.1ms, Selection=0.1ms, DayNight=0.0ms, CitizenPopulation=0.0ms, MainMenu=42.1ms units=415 models=51 sourceKeys=415 sourceKeyFallbackVisuals=0 initialSpawnConfigs=0 drawCalls=316 batches=0 setPass=105 tris=2773688 verts=4978264 memory=alloc=4348MB reserved=4890MB mono=1589MB uiToolkit=0 gameplayInitialized=1 playRequested=1 simulationActive=1 focused=1 vSync=0 targetFps=-1 topSystems=disabled markers=disabled
[FrameRateDiag] fps=33.1 avgFrame=30.2ms updateAvg=8.7ms updateMax=47.3ms cpuFrame=31.9ms cpuMain=29.6ms cpuRender=2.3ms gpu=8.2ms drawCalls=304 batches=0 setPass=97 tris=2557350 verts=4565108 units=415 models=51 sourceKeys=415 sourceKeyFallbackVisuals=0 initialSpawnConfigs=0 impostors=36 render=screen=2400x1080,batch=0,quality=0:PC,vSync=0,targetFps=-1,pipeline=Mobile_RPAsset_MobileCandidate,scale=0.75,msaa=0,camera=Main Camera,cameraData=post:1,aa:FastApproximateAntialiasing,stack:0 memory=alloc=4375MB reserved=4931MB mono=1591MB focused=1 playRequested=1 simulationActive=1 stepStats=none topSystems=disabled markers=disabled
[PerfDiag] slowUpdate frame=1101 total=53.5ms gc=0/0/0 cpuFrame=35.2ms cpuMain=32.8ms cpuRender=0.6ms gpu=0.2ms steps=RoadBuild=0.0ms, BuildingPlacement=0.1ms, Selection=0.1ms, DayNight=0.0ms, CitizenPopulation=0.0ms, MainMenu=53.2ms units=415 models=51 sourceKeys=415 sourceKeyFallbackVisuals=0 initialSpawnConfigs=0 drawCalls=304 batches=0 setPass=97 tris=2557342 verts=4565172 memory=alloc=4384MB reserved=4941MB mono=1592MB uiToolkit=0 gameplayInitialized=1 playRequested=1 simulationActive=1 focused=1 vSync=0 targetFps=-1 topSystems=disabled markers=disabled
[PerfDiag] slowUpdate frame=1127 total=46.4ms gc=0/0/0 cpuFrame=32.0ms cpuMain=29.9ms cpuRender=0.5ms gpu=0.3ms steps=RoadBuild=0.0ms, BuildingPlacement=0.1ms, Selection=0.1ms, DayNight=0.0ms, CitizenPopulation=0.0ms, MainMenu=46.2ms units=415 models=51 sourceKeys=415 sourceKeyFallbackVisuals=0 initialSpawnConfigs=0 drawCalls=306 batches=0 setPass=99 tris=2557300 verts=4565048 memory=alloc=4420MB reserved=4976MB mono=1594MB uiToolkit=0 gameplayInitialized=1 playRequested=1 simulationActive=1 focused=1 vSync=0 targetFps=-1 topSystems=disabled markers=disabled
[PerfDiag] slowUpdate frame=1154 total=46.7ms gc=0/0/0 cpuFrame=28.5ms cpuMain=26.5ms cpuRender=2.2ms gpu=7.3ms steps=RoadBuild=0.0ms, BuildingPlacement=0.1ms, Selection=0.1ms, DayNight=0.0ms, CitizenPopulation=0.0ms, MainMenu=46.5ms units=415 models=51 sourceKeys=415 sourceKeyFallbackVisuals=0 initialSpawnConfigs=0 drawCalls=316 batches=0 setPass=106 tris=2630084 verts=4704440 memory=alloc=4456MB reserved=5011MB mono=1597MB uiToolkit=0 gameplayInitialized=1 playRequested=1 simulationActive=1 focused=1 vSync=0 targetFps=-1 topSystems=disabled markers=disabled
[FrameRateDiag] fps=32.0 avgFrame=31.2ms updateAvg=9.4ms updateMax=53.5ms cpuFrame=26.4ms cpuMain=24.4ms cpuRender=2.3ms gpu=10.8ms drawCalls=316 batches=0 setPass=106 tris=2630182 verts=4704804 units=415 models=51 sourceKeys=415 sourceKeyFallbackVisuals=0 initialSpawnConfigs=0 impostors=32 render=screen=2400x1080,batch=0,quality=0:PC,vSync=0,targetFps=-1,pipeline=Mobile_RPAsset_MobileCandidate,scale=0.75,msaa=0,camera=Main Camera,cameraData=post:1,aa:FastApproximateAntialiasing,stack:0 memory=alloc=4464MB reserved=5018MB mono=1597MB focused=1 playRequested=1 simulationActive=1 stepStats=none topSystems=disabled markers=disabled
[PerfDiag] slowUpdate frame=1180 total=49.2ms gc=0/0/0 cpuFrame=30.7ms cpuMain=28.6ms cpuRender=0.5ms gpu=0.2ms steps=RoadBuild=0.0ms, BuildingPlacement=0.1ms, Selection=0.1ms, DayNight=0.0ms, CitizenPopulation=0.0ms, MainMenu=48.9ms units=415 models=51 sourceKeys=415 sourceKeyFallbackVisuals=0 initialSpawnConfigs=0 drawCalls=316 batches=0 setPass=106 tris=2629654 verts=4703284 memory=alloc=4493MB reserved=5045MB mono=1600MB uiToolkit=0 gameplayInitialized=1 playRequested=1 simulationActive=1 focused=1 vSync=0 targetFps=-1 topSystems=disabled markers=disabled
[PerfDiag] slowUpdate frame=1207 total=47.5ms gc=0/0/0 cpuFrame=29.7ms cpuMain=27.8ms cpuRender=0.5ms gpu=0.3ms steps=RoadBuild=0.0ms, BuildingPlacement=0.1ms, Selection=0.1ms, DayNight=0.0ms, CitizenPopulation=0.0ms, MainMenu=47.3ms units=415 models=51 sourceKeys=415 sourceKeyFallbackVisuals=0 initialSpawnConfigs=0 drawCalls=316 batches=0 setPass=106 tris=2702068 verts=4841832 memory=alloc=4528MB reserved=5097MB mono=1603MB uiToolkit=0 gameplayInitialized=1 playRequested=1 simulationActive=1 focused=1 vSync=0 targetFps=-1 topSystems=disabled markers=disabled
[FrameRateDiag] fps=32.3 avgFrame=31.0ms updateAvg=8.8ms updateMax=49.2ms cpuFrame=29.9ms cpuMain=26.4ms cpuRender=0.5ms gpu=12.8ms drawCalls=318 batches=0 setPass=108 tris=2702150 verts=4842156 units=415 models=51 sourceKeys=415 sourceKeyFallbackVisuals=0 initialSpawnConfigs=0 impostors=28 render=screen=2400x1080,batch=0,quality=0:PC,vSync=0,targetFps=-1,pipeline=Mobile_RPAsset_MobileCandidate,scale=0.75,msaa=0,camera=Main Camera,cameraData=post:1,aa:FastApproximateAntialiasing,stack:0 memory=alloc=4551MB reserved=5119MB mono=1604MB focused=1 playRequested=1 simulationActive=1 stepStats=none topSystems=disabled markers=disabled
[PerfDiag] slowUpdate frame=1232 total=52.9ms gc=0/0/0 cpuFrame=29.1ms cpuMain=26.9ms cpuRender=0.6ms gpu=0.3ms steps=RoadBuild=0.0ms, BuildingPlacement=0.1ms, Selection=0.2ms, DayNight=0.0ms, CitizenPopulation=0.0ms, MainMenu=52.5ms units=415 models=51 sourceKeys=415 sourceKeyFallbackVisuals=0 initialSpawnConfigs=0 drawCalls=316 batches=0 setPass=106 tris=2702194 verts=4842292 memory=alloc=4563MB reserved=5130MB mono=1605MB uiToolkit=0 gameplayInitialized=1 playRequested=1 simulationActive=1 focused=1 vSync=0 targetFps=-1 topSystems=disabled markers=disabled
[PerfDiag] slowUpdate frame=1257 total=47.0ms gc=0/0/0 cpuFrame=32.9ms cpuMain=30.7ms cpuRender=0.5ms gpu=0.3ms steps=RoadBuild=0.0ms, BuildingPlacement=0.1ms, Selection=0.2ms, DayNight=0.0ms, CitizenPopulation=0.0ms, MainMenu=46.6ms units=415 models=51 sourceKeys=415 sourceKeyFallbackVisuals=0 initialSpawnConfigs=0 drawCalls=318 batches=0 setPass=107 tris=2773942 verts=4978924 memory=alloc=4597MB reserved=5163MB mono=1608MB uiToolkit=0 gameplayInitialized=1 playRequested=1 simulationActive=1 focused=1 vSync=0 targetFps=-1 topSystems=disabled markers=disabled
[PerfDiag] slowUpdate frame=1284 total=56.6ms gc=0/0/0 cpuFrame=34.1ms cpuMain=31.8ms cpuRender=0.6ms gpu=0.3ms steps=RoadBuild=0.0ms, BuildingPlacement=0.1ms, Selection=0.2ms, DayNight=0.0ms, CitizenPopulation=0.0ms, MainMenu=56.2ms units=415 models=51 sourceKeys=415 sourceKeyFallbackVisuals=0 initialSpawnConfigs=0 drawCalls=316 batches=0 setPass=105 tris=2774166 verts=4979652 memory=alloc=4633MB reserved=5199MB mono=1611MB uiToolkit=0 gameplayInitialized=1 playRequested=1 simulationActive=1 focused=1 vSync=0 targetFps=-1 topSystems=disabled markers=disabled
[FrameRateDiag] fps=30.9 avgFrame=32.4ms updateAvg=10.1ms updateMax=56.6ms cpuFrame=29.9ms cpuMain=26.8ms cpuRender=2.5ms gpu=30.5ms drawCalls=316 batches=0 setPass=105 tris=2774076 verts=4979400 units=415 models=51 sourceKeys=415 sourceKeyFallbackVisuals=0 initialSpawnConfigs=0 impostors=24 render=screen=2400x1080,batch=0,quality=0:PC,vSync=0,targetFps=-1,pipeline=Mobile_RPAsset_MobileCandidate,scale=0.75,msaa=0,camera=Main Camera,cameraData=post:1,aa:FastApproximateAntialiasing,stack:0 memory=alloc=4636MB reserved=5202MB mono=1611MB focused=1 playRequested=1 simulationActive=1 stepStats=none topSystems=disabled markers=disabled
[PerfDiag] slowUpdate frame=1310 total=48.5ms gc=0/0/0 cpuFrame=36.3ms cpuMain=33.9ms cpuRender=2.2ms gpu=19.8ms steps=RoadBuild=0.0ms, BuildingPlacement=0.1ms, Selection=0.2ms, DayNight=0.0ms, CitizenPopulation=0.0ms, MainMenu=48.1ms units=415 models=51 sourceKeys=415 sourceKeyFallbackVisuals=0 initialSpawnConfigs=0 drawCalls=319 batches=0 setPass=103 tris=2832858 verts=5119060 memory=alloc=4669MB reserved=5233MB mono=1614MB uiToolkit=0 gameplayInitialized=1 playRequested=1 simulationActive=1 focused=1 vSync=0 targetFps=-1 topSystems=disabled markers=disabled
[PerfDiag] slowUpdate frame=1337 total=53.7ms gc=0/0/0 cpuFrame=28.6ms cpuMain=26.7ms cpuRender=2.1ms gpu=14.1ms steps=RoadBuild=0.0ms, BuildingPlacement=0.1ms, Selection=0.3ms, DayNight=0.0ms, CitizenPopulation=0.0ms, MainMenu=53.3ms units=415 models=51 sourceKeys=415 sourceKeyFallbackVisuals=0 initialSpawnConfigs=0 drawCalls=321 batches=0 setPass=105 tris=2832900 verts=5119248 memory=alloc=4705MB reserved=5268MB mono=1617MB uiToolkit=0 gameplayInitialized=1 playRequested=1 simulationActive=1 focused=1 vSync=0 targetFps=-1 topSystems=disabled markers=disabled
[FrameRateDiag] fps=32.2 avgFrame=31.1ms updateAvg=9.0ms updateMax=53.7ms cpuFrame=36.3ms cpuMain=33.8ms cpuRender=2.5ms gpu=15.4ms drawCalls=321 batches=0 setPass=105 tris=2832842 verts=5119084 units=415 models=51 sourceKeys=415 sourceKeyFallbackVisuals=0 initialSpawnConfigs=0 impostors=20 render=screen=2400x1080,batch=0,quality=0:PC,vSync=0,targetFps=-1,pipeline=Mobile_RPAsset_MobileCandidate,scale=0.75,msaa=0,camera=Main Camera,cameraData=post:1,aa:FastApproximateAntialiasing,stack:0 memory=alloc=4724MB reserved=5287MB mono=1618MB focused=1 playRequested=1 simulationActive=1 stepStats=none topSystems=disabled markers=disabled
[RenderSceneDiag] frame=1351 source=profilerCounters drawCalls=321 batches=0 setPass=105 tris=2832842 verts=5119084 topSystems=disabled markers=disabled
[PerfDiag] slowUpdate frame=1362 total=47.1ms gc=0/0/0 cpuFrame=29.9ms cpuMain=27.3ms cpuRender=0.5ms gpu=0.5ms steps=RoadBuild=0.0ms, BuildingPlacement=0.1ms, Selection=0.2ms, DayNight=0.0ms, CitizenPopulation=0.0ms, MainMenu=46.7ms units=415 models=51 sourceKeys=415 sourceKeyFallbackVisuals=0 initialSpawnConfigs=0 drawCalls=321 batches=0 setPass=105 tris=2832922 verts=5119228 memory=alloc=4739MB reserved=5301MB mono=1620MB uiToolkit=0 gameplayInitialized=1 playRequested=1 simulationActive=1 focused=1 vSync=0 targetFps=-1 topSystems=disabled markers=disabled
[PerfDiag] slowUpdate frame=1389 total=49.1ms gc=0/0/0 cpuFrame=28.8ms cpuMain=26.9ms cpuRender=2.2ms gpu=15.8ms steps=RoadBuild=0.0ms, BuildingPlacement=0.1ms, Selection=0.2ms, DayNight=0.0ms, CitizenPopulation=0.0ms, MainMenu=48.7ms units=415 models=51 sourceKeys=415 sourceKeyFallbackVisuals=0 initialSpawnConfigs=0 drawCalls=321 batches=0 setPass=104 tris=2900209 verts=5273490 memory=alloc=4775MB reserved=5336MB mono=1623MB uiToolkit=0 gameplayInitialized=1 playRequested=1 simulationActive=1 focused=1 vSync=0 targetFps=-1 topSystems=disabled markers=disabled
[PerfDiag] slowUpdate frame=1416 total=49.2ms gc=0/0/0 cpuFrame=30.1ms cpuMain=28.0ms cpuRender=0.5ms gpu=0.2ms steps=RoadBuild=0.0ms, BuildingPlacement=0.1ms, Selection=0.2ms, DayNight=0.0ms, CitizenPopulation=0.0ms, MainMenu=48.7ms units=415 models=51 sourceKeys=415 sourceKeyFallbackVisuals=0 initialSpawnConfigs=0 drawCalls=321 batches=0 setPass=104 tris=2900325 verts=5273834 memory=alloc=4812MB reserved=5372MB mono=1626MB uiToolkit=0 gameplayInitialized=1 playRequested=1 simulationActive=1 focused=1 vSync=0 targetFps=-1 topSystems=disabled markers=disabled
[FrameRateDiag] fps=33.0 avgFrame=30.3ms updateAvg=9.3ms updateMax=49.2ms cpuFrame=30.1ms cpuMain=28.0ms cpuRender=0.5ms gpu=0.2ms drawCalls=321 batches=0 setPass=104 tris=2900325 verts=5273834 units=415 models=51 sourceKeys=415 sourceKeyFallbackVisuals=0 initialSpawnConfigs=0 impostors=16 render=screen=2400x1080,batch=0,quality=0:PC,vSync=0,targetFps=-1,pipeline=Mobile_RPAsset_MobileCandidate,scale=0.75,msaa=0,camera=Main Camera,cameraData=post:1,aa:FastApproximateAntialiasing,stack:0 memory=alloc=4812MB reserved=5372MB mono=1626MB focused=1 playRequested=1 simulationActive=1 stepStats=none topSystems=disabled markers=disabled
[PerfDiag] slowUpdate frame=1442 total=48.9ms gc=0/0/0 cpuFrame=34.8ms cpuMain=32.3ms cpuRender=0.6ms gpu=0.2ms steps=RoadBuild=0.0ms, BuildingPlacement=0.1ms, Selection=0.2ms, DayNight=0.0ms, CitizenPopulation=0.0ms, MainMenu=48.5ms units=415 models=51 sourceKeys=415 sourceKeyFallbackVisuals=0 initialSpawnConfigs=0 drawCalls=326 batches=0 setPass=110 tris=2900495 verts=5274222 memory=alloc=4851MB reserved=5407MB mono=1629MB uiToolkit=0 gameplayInitialized=1 playRequested=1 simulationActive=1 focused=1 vSync=0 targetFps=-1 topSystems=disabled markers=disabled
[PerfDiag] slowUpdate frame=1469 total=56.3ms gc=0/0/0 cpuFrame=35.4ms cpuMain=32.3ms cpuRender=2.6ms gpu=13.6ms steps=RoadBuild=0.0ms, BuildingPlacement=0.1ms, Selection=0.3ms, DayNight=0.0ms, CitizenPopulation=0.0ms, MainMenu=55.9ms units=415 models=51 sourceKeys=415 sourceKeyFallbackVisuals=0 initialSpawnConfigs=0 drawCalls=326 batches=0 setPass=110 tris=2900559 verts=5274422 memory=alloc=4888MB reserved=5443MB mono=1631MB uiToolkit=0 gameplayInitialized=1 playRequested=1 simulationActive=1 focused=1 vSync=0 targetFps=-1 topSystems=disabled markers=disabled
[FrameRateDiag] fps=30.4 avgFrame=32.9ms updateAvg=9.6ms updateMax=56.3ms cpuFrame=34.3ms cpuMain=32.0ms cpuRender=2.4ms gpu=7.7ms drawCalls=326 batches=0 setPass=109 tris=2900891 verts=5275302 units=415 models=51 sourceKeys=415 sourceKeyFallbackVisuals=0 initialSpawnConfigs=0 impostors=16 render=screen=2400x1080,batch=0,quality=0:PC,vSync=0,targetFps=-1,pipeline=Mobile_RPAsset_MobileCandidate,scale=0.75,msaa=0,camera=Main Camera,cameraData=post:1,aa:FastApproximateAntialiasing,stack:0 memory=alloc=4902MB reserved=5457MB mono=1633MB focused=1 playRequested=1 simulationActive=1 stepStats=none topSystems=disabled markers=disabled
[PerfDiag] slowUpdate frame=1494 total=47.1ms gc=0/0/0 cpuFrame=30.0ms cpuMain=27.6ms cpuRender=2.0ms gpu=33.9ms steps=RoadBuild=0.0ms, BuildingPlacement=0.1ms, Selection=0.2ms, DayNight=0.0ms, CitizenPopulation=0.0ms, MainMenu=46.7ms units=415 models=51 sourceKeys=415 sourceKeyFallbackVisuals=0 initialSpawnConfigs=0 drawCalls=287 batches=0 setPass=125 tris=2745870 verts=4897225 memory=alloc=4922MB reserved=5477MB mono=1634MB uiToolkit=0 gameplayInitialized=1 playRequested=1 simulationActive=1 focused=1 vSync=0 targetFps=-1 topSystems=disabled markers=disabled
[PerfDiag] slowUpdate frame=1521 total=54.8ms gc=0/0/0 cpuFrame=33.8ms cpuMain=31.3ms cpuRender=0.6ms gpu=0.3ms steps=RoadBuild=0.0ms, BuildingPlacement=0.1ms, Selection=0.3ms, DayNight=0.0ms, CitizenPopulation=0.0ms, MainMenu=54.3ms units=415 models=51 sourceKeys=415 sourceKeyFallbackVisuals=0 initialSpawnConfigs=0 drawCalls=285 batches=0 setPass=125 tris=2745502 verts=4896565 memory=alloc=4959MB reserved=5513MB mono=1637MB uiToolkit=0 gameplayInitialized=1 playRequested=1 simulationActive=1 focused=1 vSync=0 targetFps=-1 topSystems=disabled markers=disabled
[AudioDiag] Playback event=VO.ARIA.Message.TacticalBannerAcceptedAttackTitle bus=Voice requestId=43 played=1 status=Presented reason=Played at=59.73 source=null
UnityEngine.Debug:ExtractStackTraceNoAlloc (byte*,int,string)
UnityEngine.StackTraceUtility:ExtractStackTrace () (at /Users/bokken/build/output/unity/unity/Runtime/Export/Scripting/StackTrace.cs:35)
UnityEngine.DebugLogHandler:Internal_Log (UnityEngine.LogType,UnityEngine.LogOption,string,UnityEngine.Object)
UnityEngine.DebugLogHandler:LogFormat (UnityEngine.LogType,UnityEngine.Object,string,object[])
UnityEngine.Logger:Log (UnityEngine.LogType,object)
UnityEngine.Debug:Log (object)
Game.Runtime.AudioPlaybackPresentationDiagnostics:Log (Unity.Entities.EntityManager,Game.Components.AudioPlaybackRequestElement,Game.Configs.AudioEventCatalogEntry,Game.Runtime.AudioPlaybackPresentationResult,single) (at Assets/Game/Scripts/Audio/Runtime/AudioPlaybackPresentationDiagnostics.cs:32)
Game.Runtime.AudioPlaybackPresentationBridgeSystemHelper:DrainAcceptedRequests (Unity.Entities.EntityManager,Game.Configs.AudioEventCatalogConfig,Game.Configs.AudioMixerBusConfig,Game.Runtime.AudioPlaybackPresentationSystemHelper,single) (at Assets/Game/Scripts/Audio/Runtime/AudioPlaybackPresentationBridgeSystemHelper.cs:169)
Game.Runtime.AudioPlaybackPresentationRuntimeView:Update () (at Assets/Game/Scripts/Audio/Runtime/AudioPlaybackPresentationRuntimeView.cs:54)

(Filename: Assets/Game/Scripts/Audio/Runtime/AudioPlaybackPresentationDiagnostics.cs Line: 32)

[FrameRateDiag] fps=32.2 avgFrame=31.0ms updateAvg=8.6ms updateMax=54.8ms cpuFrame=28.4ms cpuMain=26.4ms cpuRender=2.5ms gpu=7.0ms drawCalls=284 batches=0 setPass=104 tris=2735330 verts=4879212 units=415 models=51 sourceKeys=415 sourceKeyFallbackVisuals=0 initialSpawnConfigs=0 impostors=24 render=screen=2400x1080,batch=0,quality=0:PC,vSync=0,targetFps=-1,pipeline=Mobile_RPAsset_MobileCandidate,scale=0.75,msaa=0,camera=Main Camera,cameraData=post:1,aa:FastApproximateAntialiasing,stack:0 memory=alloc=4992MB reserved=5544MB mono=1641MB focused=1 playRequested=1 simulationActive=1 stepStats=none topSystems=disabled markers=disabled
[PerfDiag] slowUpdate frame=1550 total=54.3ms gc=0/0/0 cpuFrame=33.1ms cpuMain=30.4ms cpuRender=2.8ms gpu=16.3ms steps=RoadBuild=0.0ms, BuildingPlacement=0.1ms, Selection=0.1ms, DayNight=0.0ms, CitizenPopulation=0.0ms, MainMenu=54.0ms units=415 models=51 sourceKeys=415 sourceKeyFallbackVisuals=0 initialSpawnConfigs=0 drawCalls=286 batches=0 setPass=106 tris=2735338 verts=4879228 memory=alloc=5001MB reserved=5553MB mono=1641MB uiToolkit=0 gameplayInitialized=1 playRequested=1 simulationActive=1 focused=1 vSync=0 targetFps=-1 topSystems=disabled markers=disabled
[PerfDiag] slowUpdate frame=1573 total=64.6ms gc=0/0/0 cpuFrame=35.3ms cpuMain=31.8ms cpuRender=2.8ms gpu=12.7ms steps=RoadBuild=0.0ms, BuildingPlacement=0.1ms, Selection=0.3ms, DayNight=0.0ms, CitizenPopulation=0.0ms, MainMenu=64.1ms units=415 models=51 sourceKeys=415 sourceKeyFallbackVisuals=0 initialSpawnConfigs=0 drawCalls=285 batches=0 setPass=106 tris=2742432 verts=4897928 memory=alloc=5034MB reserved=5585MB mono=1644MB uiToolkit=0 gameplayInitialized=1 playRequested=1 simulationActive=1 focused=1 vSync=0 targetFps=-1 topSystems=disabled markers=disabled
[PerfDiag] slowUpdate frame=1598 total=49.7ms gc=0/0/0 cpuFrame=28.3ms cpuMain=26.2ms cpuRender=2.1ms gpu=7.5ms steps=RoadBuild=0.0ms, BuildingPlacement=0.1ms, Selection=0.1ms, DayNight=0.0ms, CitizenPopulation=0.0ms, MainMenu=49.4ms units=415 models=51 sourceKeys=415 sourceKeyFallbackVisuals=0 initialSpawnConfigs=0 drawCalls=274 batches=0 setPass=97 tris=2756678 verts=4935216 memory=alloc=5067MB reserved=5618MB mono=1647MB uiToolkit=0 gameplayInitialized=1 playRequested=1 simulationActive=1 focused=1 vSync=0 targetFps=-1 topSystems=disabled markers=disabled
[FrameRateDiag] fps=29.0 avgFrame=34.5ms updateAvg=9.7ms updateMax=64.6ms cpuFrame=71.0ms cpuMain=68.2ms cpuRender=2.1ms gpu=15.4ms drawCalls=272 batches=0 setPass=95 tris=2764114 verts=4954524 units=415 models=51 sourceKeys=415 sourceKeyFallbackVisuals=0 initialSpawnConfigs=0 impostors=24 render=screen=2400x1080,batch=0,quality=0:PC,vSync=0,targetFps=-1,pipeline=Mobile_RPAsset_MobileCandidate,scale=0.75,msaa=0,camera=Main Camera,cameraData=post:1,aa:FastApproximateAntialiasing,stack:0 memory=alloc=5073MB reserved=5639MB mono=1647MB focused=1 playRequested=1 simulationActive=1 stepStats=none topSystems=disabled markers=disabled
[PerfDiag] slowUpdate frame=1625 total=46.9ms gc=0/0/0 cpuFrame=27.4ms cpuMain=25.6ms cpuRender=2.1ms gpu=22.3ms steps=RoadBuild=0.0ms, BuildingPlacement=0.1ms, Selection=0.1ms, DayNight=0.0ms, CitizenPopulation=0.0ms, MainMenu=46.5ms units=415 models=51 sourceKeys=415 sourceKeyFallbackVisuals=0 initialSpawnConfigs=0 drawCalls=272 batches=0 setPass=95 tris=2775187 verts=4983324 memory=alloc=5104MB reserved=5670MB mono=1649MB uiToolkit=0 gameplayInitialized=1 playRequested=1 simulationActive=1 focused=1 vSync=0 targetFps=-1 topSystems=disabled markers=disabled
[PerfDiag] slowUpdate frame=1652 total=50.9ms gc=0/0/0 cpuFrame=29.2ms cpuMain=27.3ms cpuRender=2.0ms gpu=8.1ms steps=RoadBuild=0.0ms, BuildingPlacement=0.1ms, Selection=0.1ms, DayNight=0.0ms, CitizenPopulation=0.0ms, MainMenu=50.6ms units=415 models=51 sourceKeys=415 sourceKeyFallbackVisuals=0 initialSpawnConfigs=0 drawCalls=274 batches=0 setPass=95 tris=2779056 verts=4993280 memory=alloc=5140MB reserved=5705MB mono=1653MB uiToolkit=0 gameplayInitialized=1 playRequested=1 simulationActive=1 focused=1 vSync=0 targetFps=-1 topSystems=disabled markers=disabled
[FrameRateDiag] fps=34.1 avgFrame=29.3ms updateAvg=7.4ms updateMax=50.9ms cpuFrame=29.8ms cpuMain=26.4ms cpuRender=0.6ms gpu=0.2ms drawCalls=276 batches=0 setPass=98 tris=2778968 verts=4993104 units=415 models=51 sourceKeys=415 sourceKeyFallbackVisuals=0 initialSpawnConfigs=0 impostors=24 render=screen=2400x1080,batch=0,quality=0:PC,vSync=0,targetFps=-1,pipeline=Mobile_RPAsset_MobileCandidate,scale=0.75,msaa=0,camera=Main Camera,cameraData=post:1,aa:FastApproximateAntialiasing,stack:0 memory=alloc=5166MB reserved=5731MB mono=1655MB focused=1 playRequested=1 simulationActive=1 stepStats=none topSystems=disabled markers=disabled
[RenderSceneDiag] frame=1671 source=profilerCounters drawCalls=276 batches=0 setPass=98 tris=2778968 verts=4993104 topSystems=disabled markers=disabled
[PerfDiag] slowUpdate frame=1678 total=54.0ms gc=0/0/0 cpuFrame=34.5ms cpuMain=31.1ms cpuRender=0.5ms gpu=7.3ms steps=RoadBuild=0.0ms, BuildingPlacement=0.1ms, Selection=0.1ms, DayNight=0.0ms, CitizenPopulation=0.0ms, MainMenu=53.7ms units=415 models=51 sourceKeys=415 sourceKeyFallbackVisuals=0 initialSpawnConfigs=0 drawCalls=276 batches=0 setPass=98 tris=2778978 verts=4993124 memory=alloc=5175MB reserved=5740MB mono=1655MB uiToolkit=0 gameplayInitialized=1 playRequested=1 simulationActive=1 focused=1 vSync=0 targetFps=-1 topSystems=disabled markers=disabled
[PerfDiag] slowUpdate frame=1699 total=56.5ms gc=0/0/0 cpuFrame=36.7ms cpuMain=33.4ms cpuRender=2.5ms gpu=17.3ms steps=RoadBuild=0.0ms, BuildingPlacement=0.1ms, Selection=0.2ms, DayNight=0.0ms, CitizenPopulation=0.0ms, MainMenu=56.2ms units=415 models=51 sourceKeys=415 sourceKeyFallbackVisuals=0 initialSpawnConfigs=0 drawCalls=276 batches=0 setPass=97 tris=2779068 verts=4993304 memory=alloc=5205MB reserved=5768MB mono=1658MB uiToolkit=0 gameplayInitialized=1 playRequested=1 simulationActive=1 focused=1 vSync=0 targetFps=-1 topSystems=disabled markers=disabled
[PerfDiag] slowUpdate frame=1719 total=47.4ms gc=0/0/0 cpuFrame=27.7ms cpuMain=25.2ms cpuRender=0.5ms gpu=6.4ms steps=RoadBuild=0.0ms, BuildingPlacement=0.1ms, Selection=0.1ms, DayNight=0.0ms, CitizenPopulation=0.0ms, MainMenu=47.2ms units=415 models=51 sourceKeys=415 sourceKeyFallbackVisuals=0 initialSpawnConfigs=0 drawCalls=288 batches=0 setPass=106 tris=2779334 verts=4993912 memory=alloc=5231MB reserved=5794MB mono=1463MB uiToolkit=0 gameplayInitialized=1 playRequested=1 simulationActive=1 focused=1 vSync=0 targetFps=-1 topSystems=disabled markers=disabled
[FrameRateDiag] fps=27.4 avgFrame=36.5ms updateAvg=10.1ms updateMax=56.5ms cpuFrame=31.7ms cpuMain=29.7ms cpuRender=2.2ms gpu=13.7ms drawCalls=287 batches=0 setPass=104 tris=2779570 verts=4994308 units=415 models=51 sourceKeys=415 sourceKeyFallbackVisuals=0 initialSpawnConfigs=0 impostors=24 render=screen=2400x1080,batch=0,quality=0:PC,vSync=0,targetFps=-1,pipeline=Mobile_RPAsset_MobileCandidate,scale=0.75,msaa=0,camera=Main Camera,cameraData=post:1,aa:FastApproximateAntialiasing,stack:0 memory=alloc=5239MB reserved=5803MB mono=1463MB focused=1 playRequested=1 simulationActive=1 stepStats=none topSystems=disabled markers=disabled
[PerfDiag] slowUpdate frame=1746 total=49.0ms gc=0/0/0 cpuFrame=32.8ms cpuMain=29.8ms cpuRender=2.4ms gpu=37.8ms steps=RoadBuild=0.0ms, BuildingPlacement=0.1ms, Selection=0.1ms, DayNight=0.0ms, CitizenPopulation=0.0ms, MainMenu=48.7ms units=415 models=51 sourceKeys=415 sourceKeyFallbackVisuals=0 initialSpawnConfigs=0 drawCalls=289 batches=0 setPass=108 tris=2779584 verts=4994336 memory=alloc=5266MB reserved=5829MB mono=1463MB uiToolkit=0 gameplayInitialized=1 playRequested=1 simulationActive=1 focused=1 vSync=0 targetFps=-1 topSystems=disabled markers=disabled
[PerfDiag] slowUpdate frame=1773 total=50.6ms gc=0/0/0 cpuFrame=29.1ms cpuMain=27.2ms cpuRender=2.1ms gpu=7.1ms steps=RoadBuild=0.0ms, BuildingPlacement=0.1ms, Selection=0.1ms, DayNight=0.0ms, CitizenPopulation=0.0ms, MainMenu=50.4ms units=415 models=51 sourceKeys=415 sourceKeyFallbackVisuals=0 initialSpawnConfigs=0 drawCalls=291 batches=0 setPass=107 tris=2791274 verts=5022288 memory=alloc=5302MB reserved=5865MB mono=1463MB uiToolkit=0 gameplayInitialized=1 playRequested=1 simulationActive=1 focused=1 vSync=0 targetFps=-1 topSystems=disabled markers=disabled
[FrameRateDiag] fps=33.2 avgFrame=30.1ms updateAvg=7.7ms updateMax=50.6ms cpuFrame=32.1ms cpuMain=29.7ms cpuRender=2.4ms gpu=15.2ms drawCalls=288 batches=0 setPass=104 tris=2791160 verts=5022060 units=415 models=51 sourceKeys=415 sourceKeyFallbackVisuals=0 initialSpawnConfigs=0 impostors=23 render=screen=2400x1080,batch=0,quality=0:PC,vSync=0,targetFps=-1,pipeline=Mobile_RPAsset_MobileCandidate,scale=0.75,msaa=0,camera=Main Camera,cameraData=post:1,aa:FastApproximateAntialiasing,stack:0 memory=alloc=5330MB reserved=5891MB mono=1463MB focused=1 playRequested=1 simulationActive=1 stepStats=none topSystems=disabled markers=disabled
[PerfDiag] slowUpdate frame=1799 total=54.5ms gc=0/0/0 cpuFrame=31.5ms cpuMain=29.5ms cpuRender=0.5ms gpu=0.8ms steps=RoadBuild=0.0ms, BuildingPlacement=0.1ms, Selection=0.1ms, DayNight=0.0ms, CitizenPopulation=0.0ms, MainMenu=54.2ms units=415 models=51 sourceKeys=415 sourceKeyFallbackVisuals=0 initialSpawnConfigs=0 drawCalls=288 batches=0 setPass=104 tris=2791148 verts=5022036 memory=alloc=5339MB reserved=5899MB mono=1463MB uiToolkit=0 gameplayInitialized=1 playRequested=1 simulationActive=1 focused=1 vSync=0 targetFps=-1 topSystems=disabled markers=disabled
[PerfDiag] slowUpdate frame=1825 total=48.5ms gc=0/0/0 cpuFrame=27.7ms cpuMain=25.9ms cpuRender=2.4ms gpu=12.4ms steps=RoadBuild=0.0ms, BuildingPlacement=0.1ms, Selection=0.1ms, DayNight=0.0ms, CitizenPopulation=0.0ms, MainMenu=48.2ms units=415 models=51 sourceKeys=415 sourceKeyFallbackVisuals=0 initialSpawnConfigs=0 drawCalls=299 batches=0 setPass=132 tris=2801972 verts=5040569 memory=alloc=5373MB reserved=5933MB mono=1464MB uiToolkit=0 gameplayInitialized=1 playRequested=1 simulationActive=1 focused=1 vSync=0 targetFps=-1 topSystems=disabled markers=disabled
[PerfDiag] slowUpdate frame=1852 total=57.1ms gc=0/0/0 cpuFrame=39.8ms cpuMain=36.7ms cpuRender=2.5ms gpu=13.3ms steps=RoadBuild=0.0ms, BuildingPlacement=0.1ms, Selection=0.1ms, DayNight=0.0ms, CitizenPopulation=0.0ms, MainMenu=56.8ms units=415 models=51 sourceKeys=415 sourceKeyFallbackVisuals=0 initialSpawnConfigs=0 drawCalls=300 batches=0 setPass=133 tris=2802122 verts=5040793 memory=alloc=5412MB reserved=5970MB mono=1465MB uiToolkit=0 gameplayInitialized=1 playRequested=1 simulationActive=1 focused=1 vSync=0 targetFps=-1 topSystems=disabled markers=disabled
[FrameRateDiag] fps=32.0 avgFrame=31.3ms updateAvg=8.7ms updateMax=57.1ms cpuFrame=30.8ms cpuMain=27.8ms cpuRender=2.8ms gpu=16.8ms drawCalls=300 batches=0 setPass=133 tris=2802128 verts=5040805 units=415 models=51 sourceKeys=415 sourceKeyFallbackVisuals=0 initialSpawnConfigs=0 impostors=23 render=screen=2400x1080,batch=0,quality=0:PC,vSync=0,targetFps=-1,pipeline=Mobile_RPAsset_MobileCandidate,scale=0.75,msaa=0,camera=Main Camera,cameraData=post:1,aa:FastApproximateAntialiasing,stack:0 memory=alloc=5419MB reserved=5977MB mono=1465MB focused=1 playRequested=1 simulationActive=1 stepStats=none topSystems=disabled markers=disabled
[AudioDiag] Playback event=VO.ARIA.Message.TacticalBannerAcceptedAttackTitle bus=Voice requestId=58 played=1 status=Presented reason=Played at=70.41 source=null
UnityEngine.Debug:ExtractStackTraceNoAlloc (byte*,int,string)
UnityEngine.StackTraceUtility:ExtractStackTrace () (at /Users/bokken/build/output/unity/unity/Runtime/Export/Scripting/StackTrace.cs:35)
UnityEngine.DebugLogHandler:Internal_Log (UnityEngine.LogType,UnityEngine.LogOption,string,UnityEngine.Object)
UnityEngine.DebugLogHandler:LogFormat (UnityEngine.LogType,UnityEngine.Object,string,object[])
UnityEngine.Logger:Log (UnityEngine.LogType,object)
UnityEngine.Debug:Log (object)
Game.Runtime.AudioPlaybackPresentationDiagnostics:Log (Unity.Entities.EntityManager,Game.Components.AudioPlaybackRequestElement,Game.Configs.AudioEventCatalogEntry,Game.Runtime.AudioPlaybackPresentationResult,single) (at Assets/Game/Scripts/Audio/Runtime/AudioPlaybackPresentationDiagnostics.cs:32)
Game.Runtime.AudioPlaybackPresentationBridgeSystemHelper:DrainAcceptedRequests (Unity.Entities.EntityManager,Game.Configs.AudioEventCatalogConfig,Game.Configs.AudioMixerBusConfig,Game.Runtime.AudioPlaybackPresentationSystemHelper,single) (at Assets/Game/Scripts/Audio/Runtime/AudioPlaybackPresentationBridgeSystemHelper.cs:169)
Game.Runtime.AudioPlaybackPresentationRuntimeView:Update () (at Assets/Game/Scripts/Audio/Runtime/AudioPlaybackPresentationRuntimeView.cs:54)

(Filename: Assets/Game/Scripts/Audio/Runtime/AudioPlaybackPresentationDiagnostics.cs Line: 32)

[PerfDiag] slowUpdate frame=1882 total=48.7ms gc=0/0/0 cpuFrame=28.3ms cpuMain=26.3ms cpuRender=2.2ms gpu=7.0ms steps=RoadBuild=0.0ms, BuildingPlacement=0.1ms, Selection=0.2ms, DayNight=0.0ms, CitizenPopulation=0.0ms, MainMenu=48.4ms units=415 models=51 sourceKeys=415 sourceKeyFallbackVisuals=0 initialSpawnConfigs=0 drawCalls=296 batches=0 setPass=108 tris=2814842 verts=5078416 memory=alloc=5454MB reserved=6011MB mono=1467MB uiToolkit=0 gameplayInitialized=1 playRequested=1 simulationActive=1 focused=1 vSync=0 targetFps=-1 topSystems=disabled markers=disabled
[PerfDiag] slowUpdate frame=1908 total=54.0ms gc=0/0/0 cpuFrame=33.5ms cpuMain=30.1ms cpuRender=2.7ms gpu=30.2ms steps=RoadBuild=0.0ms, BuildingPlacement=0.1ms, Selection=0.2ms, DayNight=0.0ms, CitizenPopulation=0.0ms, MainMenu=53.6ms units=415 models=51 sourceKeys=415 sourceKeyFallbackVisuals=0 initialSpawnConfigs=0 drawCalls=301 batches=0 setPass=109 tris=2824625 verts=5100738 memory=alloc=5488MB reserved=6044MB mono=1468MB uiToolkit=0 gameplayInitialized=1 playRequested=1 simulationActive=1 focused=1 vSync=0 targetFps=-1 topSystems=disabled markers=disabled
[FrameRateDiag] fps=32.1 avgFrame=31.1ms updateAvg=8.2ms updateMax=54.0ms cpuFrame=35.3ms cpuMain=32.5ms cpuRender=2.5ms gpu=33.4ms drawCalls=302 batches=0 setPass=106 tris=2836177 verts=5128414 units=415 models=51 sourceKeys=415 sourceKeyFallbackVisuals=0 initialSpawnConfigs=0 impostors=19 render=screen=2400x1080,batch=0,quality=0:PC,vSync=0,targetFps=-1,pipeline=Mobile_RPAsset_MobileCandidate,scale=0.75,msaa=0,camera=Main Camera,cameraData=post:1,aa:FastApproximateAntialiasing,stack:0 memory=alloc=5508MB reserved=6063MB mono=1469MB focused=1 playRequested=1 simulationActive=1 stepStats=none topSystems=disabled markers=disabled
[PerfDiag] slowUpdate frame=1933 total=55.0ms gc=0/0/0 cpuFrame=32.6ms cpuMain=30.4ms cpuRender=2.5ms gpu=6.9ms steps=RoadBuild=0.0ms, BuildingPlacement=0.2ms, Selection=0.2ms, DayNight=0.0ms, CitizenPopulation=0.0ms, MainMenu=54.6ms units=415 models=51 sourceKeys=415 sourceKeyFallbackVisuals=0 initialSpawnConfigs=0 drawCalls=304 batches=0 setPass=104 tris=2845784 verts=5150460 memory=alloc=5523MB reserved=6078MB mono=1470MB uiToolkit=0 gameplayInitialized=1 playRequested=1 simulationActive=1 focused=1 vSync=0 targetFps=-1 topSystems=disabled markers=disabled
[PerfDiag] slowUpdate frame=1959 total=54.6ms gc=0/0/0 cpuFrame=30.8ms cpuMain=28.7ms cpuRender=2.2ms gpu=19.2ms steps=RoadBuild=0.0ms, BuildingPlacement=0.1ms, Selection=0.2ms, DayNight=0.0ms, CitizenPopulation=0.0ms, MainMenu=54.2ms units=415 models=51 sourceKeys=415 sourceKeyFallbackVisuals=0 initialSpawnConfigs=0 drawCalls=303 batches=0 setPass=102 tris=2845918 verts=5150652 memory=alloc=5559MB reserved=6129MB mono=1471MB uiToolkit=0 gameplayInitialized=1 playRequested=1 simulationActive=1 focused=1 vSync=0 targetFps=-1 topSystems=disabled markers=disabled
[PerfDiag] slowUpdate frame=1985 total=47.9ms gc=0/0/0 cpuFrame=29.4ms cpuMain=27.5ms cpuRender=2.4ms gpu=18.8ms steps=RoadBuild=0.0ms, BuildingPlacement=0.1ms, Selection=0.2ms, DayNight=0.0ms, CitizenPopulation=0.0ms, MainMenu=47.6ms units=415 models=51 sourceKeys=415 sourceKeyFallbackVisuals=0 initialSpawnConfigs=0 drawCalls=301 batches=0 setPass=103 tris=2847433 verts=5153268 memory=alloc=5595MB reserved=6164MB mono=1473MB uiToolkit=0 gameplayInitialized=1 playRequested=1 simulationActive=1 focused=1 vSync=0 targetFps=-1 topSystems=disabled markers=disabled
[FrameRateDiag] fps=31.4 avgFrame=31.9ms updateAvg=9.0ms updateMax=55.0ms cpuFrame=29.4ms cpuMain=27.5ms cpuRender=2.4ms gpu=18.8ms drawCalls=301 batches=0 setPass=103 tris=2847433 verts=5153268 units=415 models=51 sourceKeys=415 sourceKeyFallbackVisuals=0 initialSpawnConfigs=0 impostors=18 render=screen=2400x1080,batch=0,quality=0:PC,vSync=0,targetFps=-1,pipeline=Mobile_RPAsset_MobileCandidate,scale=0.75,msaa=0,camera=Main Camera,cameraData=post:1,aa:FastApproximateAntialiasing,stack:0 memory=alloc=5596MB reserved=6164MB mono=1473MB focused=1 playRequested=1 simulationActive=1 stepStats=none topSystems=disabled markers=disabled
[RenderSceneDiag] frame=1985 source=profilerCounters drawCalls=301 batches=0 setPass=103 tris=2847433 verts=5153268 topSystems=disabled markers=disabled
[PerfDiag] slowUpdate frame=2015 total=47.3ms gc=0/0/0 cpuFrame=28.7ms cpuMain=26.6ms cpuRender=2.5ms gpu=20.4ms steps=RoadBuild=0.0ms, BuildingPlacement=0.1ms, Selection=0.2ms, DayNight=0.0ms, CitizenPopulation=0.0ms, MainMenu=47.0ms units=415 models=51 sourceKeys=415 sourceKeyFallbackVisuals=0 initialSpawnConfigs=0 drawCalls=304 batches=0 setPass=103 tris=2856974 verts=5175182 memory=alloc=5531MB reserved=6162MB mono=1474MB uiToolkit=0 gameplayInitialized=1 playRequested=1 simulationActive=1 focused=1 vSync=0 targetFps=-1 topSystems=disabled markers=disabled
[PerfDiag] slowUpdate frame=2042 total=51.8ms gc=0/0/0 cpuFrame=31.4ms cpuMain=29.0ms cpuRender=2.4ms gpu=17.1ms steps=RoadBuild=0.0ms, BuildingPlacement=0.1ms, Selection=0.2ms, DayNight=0.0ms, CitizenPopulation=0.0ms, MainMenu=51.4ms units=415 models=51 sourceKeys=415 sourceKeyFallbackVisuals=0 initialSpawnConfigs=0 drawCalls=307 batches=0 setPass=102 tris=2866699 verts=5197464 memory=alloc=5545MB reserved=6162MB mono=1476MB uiToolkit=0 gameplayInitialized=1 playRequested=1 simulationActive=1 focused=1 vSync=0 targetFps=-1 topSystems=disabled markers=disabled
[FrameRateDiag] fps=33.2 avgFrame=30.2ms updateAvg=7.8ms updateMax=51.8ms cpuFrame=28.7ms cpuMain=26.0ms cpuRender=0.6ms gpu=0.2ms drawCalls=310 batches=0 setPass=105 tris=2857120 verts=5175474 units=415 models=51 sourceKeys=415 sourceKeyFallbackVisuals=0 initialSpawnConfigs=0 impostors=16 render=screen=2400x1080,batch=0,quality=0:PC,vSync=0,targetFps=-1,pipeline=Mobile_RPAsset_MobileCandidate,scale=0.75,msaa=0,camera=Main Camera,cameraData=post:1,aa:FastApproximateAntialiasing,stack:0 memory=alloc=5550MB reserved=6162MB mono=1477MB focused=1 playRequested=1 simulationActive=1 stepStats=none topSystems=disabled markers=disabled
[PerfDiag] slowUpdate frame=2066 total=56.3ms gc=0/0/0 cpuFrame=33.9ms cpuMain=31.3ms cpuRender=2.5ms gpu=8.6ms steps=RoadBuild=0.0ms, BuildingPlacement=0.1ms, Selection=0.2ms, DayNight=0.0ms, CitizenPopulation=0.0ms, MainMenu=55.9ms units=415 models=51 sourceKeys=415 sourceKeyFallbackVisuals=0 initialSpawnConfigs=0 drawCalls=311 batches=0 setPass=105 tris=2847387 verts=5153176 memory=alloc=5558MB reserved=6161MB mono=1478MB uiToolkit=0 gameplayInitialized=1 playRequested=1 simulationActive=1 focused=1 vSync=0 targetFps=-1 topSystems=disabled markers=disabled
[AudioDiag] Suppressed Alert.Unit.UnderAttack reason=GenericUnderAttackAlertDisabled sourceSystem=UnitAttackSystem requestedAt=64.59 damage=44 target=entity=567:7 name='Light Armored Car' source='Unit_Veh_Light_Armored_Car' faction=1 cell=(649,532) hp=136/180 attacker=entity=754:7 name='Ghillie Rocketeer' source='Unit_Chr_Ghillie_Male_01' faction=2 cell=(669,533) hp=90/90
UnityEngine.Debug:ExtractStackTraceNoAlloc (byte*,int,string)
UnityEngine.StackTraceUtility:ExtractStackTrace () (at /Users/bokken/build/output/unity/unity/Runtime/Export/Scripting/StackTrace.cs:35)
UnityEngine.DebugLogHandler:Internal_Log (UnityEngine.LogType,UnityEngine.LogOption,string,UnityEngine.Object)
UnityEngine.DebugLogHandler:LogFormat (UnityEngine.LogType,UnityEngine.Object,string,object[])
UnityEngine.Logger:Log (UnityEngine.LogType,object)
UnityEngine.Debug:Log (object)
Game.Runtime.UnitAttackSystem:LogSuppressedUnitUnderAttackAudio (Unity.Entities.EntityManager,Unity.Entities.Entity,Unity.Entities.Entity,int,single,string,string) (at Assets/Game/Scripts/Systems/UnitAttackSystem.cs:519)
Game.Runtime.UnitAttackSystem:TryEmitUnitUnderAttackAudio (Unity.Entities.EntityManager,Unity.Entities.Entity,single,Unity.Entities.Entity,int,string) (at Assets/Game/Scripts/Systems/UnitAttackSystem.cs:471)
Game.Runtime.UnitAttackSystem:OnUpdate (Unity.Entities.SystemState&) (at Assets/Game/Scripts/Systems/UnitAttackSystem.cs:395)
Game.Runtime.UnitAttackSystem:__codegen__OnUpdate (intptr,intptr)
Unity.Entities.SystemBaseRegistry/<>c__DisplayClass9_0:<SelectBurstFn>b__0 (intptr,intptr) (at ./Library/PackageCache/com.unity.entities@bab66ffaba49/Unity.Entities/SystemBaseRegistry.cs:251)
Unity.Entities.WorldUnmanagedImpl/Unity.Entities.UnmanagedUpdate_000015A0$BurstDirectCall:Invoke (void*)
Unity.Entities.WorldUnmanagedImpl:UnmanagedUpdate (void*)
Unity.Entities.WorldUnmanagedImpl:UpdateSystem (Unity.Entities.SystemHandle) (at ./Library/PackageCache/com.unity.entities@bab66ffaba49/Unity.Entities/WorldUnmanaged.cs:942)
Unity.Entities.ComponentSystemGroup:UpdateAllSystems () (at ./Library/PackageCache/com.unity.entities@bab66ffaba49/Unity.Entities/ComponentSystemGroup.cs:725)
Unity.Entities.ComponentSystemGroup:OnUpdate () (at ./Library/PackageCache/com.unity.entities@bab66ffaba49/Unity.Entities/ComponentSystemGroup.cs:687)
Unity.Entities.SystemBase:Update () (at ./Library/PackageCache/com.unity.entities@bab66ffaba49/Unity.Entities/SystemBase.cs:205)
Unity.Entities.ScriptBehaviourUpdateOrder/DummyDelegateWrapper:TriggerUpdate () (at ./Library/PackageCache/com.unity.entities@bab66ffaba49/Unity.Entities/ScriptBehaviourUpdateOrder.cs:523)

(Filename: Assets/Game/Scripts/Systems/UnitAttackSystem.cs Line: 519)

[AudioDiag] Suppressed Alert.Unit.UnderAttack reason=GenericUnderAttackAlertDisabled sourceSystem=UnitAttackSystem requestedAt=64.91 damage=44 target=entity=567:7 name='Light Armored Car' source='Unit_Veh_Light_Armored_Car' faction=1 cell=(649,532) hp=92/180 attacker=entity=748:7 name='Ghillie Rocketeer' source='Unit_Chr_Ghillie_Male_01' faction=2 cell=(672,533) hp=90/90
UnityEngine.Debug:ExtractStackTraceNoAlloc (byte*,int,string)
UnityEngine.StackTraceUtility:ExtractStackTrace () (at /Users/bokken/build/output/unity/unity/Runtime/Export/Scripting/StackTrace.cs:35)
UnityEngine.DebugLogHandler:Internal_Log (UnityEngine.LogType,UnityEngine.LogOption,string,UnityEngine.Object)
UnityEngine.DebugLogHandler:LogFormat (UnityEngine.LogType,UnityEngine.Object,string,object[])
UnityEngine.Logger:Log (UnityEngine.LogType,object)
UnityEngine.Debug:Log (object)
Game.Runtime.UnitAttackSystem:LogSuppressedUnitUnderAttackAudio (Unity.Entities.EntityManager,Unity.Entities.Entity,Unity.Entities.Entity,int,single,string,string) (at Assets/Game/Scripts/Systems/UnitAttackSystem.cs:519)
Game.Runtime.UnitAttackSystem:TryEmitUnitUnderAttackAudio (Unity.Entities.EntityManager,Unity.Entities.Entity,single,Unity.Entities.Entity,int,string) (at Assets/Game/Scripts/Systems/UnitAttackSystem.cs:471)
Game.Runtime.UnitAttackSystem:OnUpdate (Unity.Entities.SystemState&) (at Assets/Game/Scripts/Systems/UnitAttackSystem.cs:395)
Game.Runtime.UnitAttackSystem:__codegen__OnUpdate (intptr,intptr)
Unity.Entities.SystemBaseRegistry/<>c__DisplayClass9_0:<SelectBurstFn>b__0 (intptr,intptr) (at ./Library/PackageCache/com.unity.entities@bab66ffaba49/Unity.Entities/SystemBaseRegistry.cs:251)
Unity.Entities.WorldUnmanagedImpl/Unity.Entities.UnmanagedUpdate_000015A0$BurstDirectCall:Invoke (void*)
Unity.Entities.WorldUnmanagedImpl:UnmanagedUpdate (void*)
Unity.Entities.WorldUnmanagedImpl:UpdateSystem (Unity.Entities.SystemHandle) (at ./Library/PackageCache/com.unity.entities@bab66ffaba49/Unity.Entities/WorldUnmanaged.cs:942)
Unity.Entities.ComponentSystemGroup:UpdateAllSystems () (at ./Library/PackageCache/com.unity.entities@bab66ffaba49/Unity.Entities/ComponentSystemGroup.cs:725)
Unity.Entities.ComponentSystemGroup:OnUpdate () (at ./Library/PackageCache/com.unity.entities@bab66ffaba49/Unity.Entities/ComponentSystemGroup.cs:687)
Unity.Entities.SystemBase:Update () (at ./Library/PackageCache/com.unity.entities@bab66ffaba49/Unity.Entities/SystemBase.cs:205)
Unity.Entities.ScriptBehaviourUpdateOrder/DummyDelegateWrapper:TriggerUpdate () (at ./Library/PackageCache/com.unity.entities@bab66ffaba49/Unity.Entities/ScriptBehaviourUpdateOrder.cs:523)

(Filename: Assets/Game/Scripts/Systems/UnitAttackSystem.cs Line: 519)

[PerfDiag] slowUpdate frame=2089 total=47.6ms gc=0/0/0 cpuFrame=28.6ms cpuMain=26.5ms cpuRender=0.5ms gpu=0.2ms steps=RoadBuild=0.0ms, BuildingPlacement=0.1ms, Selection=0.5ms, DayNight=0.0ms, CitizenPopulation=0.0ms, MainMenu=46.9ms units=415 models=51 sourceKeys=415 sourceKeyFallbackVisuals=0 initialSpawnConfigs=0 drawCalls=313 batches=0 setPass=105 tris=2828457 verts=5109648 memory=alloc=5591MB reserved=6193MB mono=1480MB uiToolkit=0 gameplayInitialized=1 playRequested=1 simulationActive=1 focused=1 vSync=0 targetFps=-1 topSystems=disabled markers=disabled
[AudioDiag] Suppressed Alert.Unit.UnderAttack reason=GenericUnderAttackAlertDisabled sourceSystem=UnitAttackSystem requestedAt=65.60 damage=44 target=entity=567:7 name='Light Armored Car' source='Unit_Veh_Light_Armored_Car' faction=1 cell=(649,532) hp=48/180 attacker=entity=766:7 name='Ghillie Rocketeer' source='Unit_Chr_Ghillie_Male_01' faction=2 cell=(668,533) hp=90/90
UnityEngine.Debug:ExtractStackTraceNoAlloc (byte*,int,string)
UnityEngine.StackTraceUtility:ExtractStackTrace () (at /Users/bokken/build/output/unity/unity/Runtime/Export/Scripting/StackTrace.cs:35)
UnityEngine.DebugLogHandler:Internal_Log (UnityEngine.LogType,UnityEngine.LogOption,string,UnityEngine.Object)
UnityEngine.DebugLogHandler:LogFormat (UnityEngine.LogType,UnityEngine.Object,string,object[])
UnityEngine.Logger:Log (UnityEngine.LogType,object)
UnityEngine.Debug:Log (object)
Game.Runtime.UnitAttackSystem:LogSuppressedUnitUnderAttackAudio (Unity.Entities.EntityManager,Unity.Entities.Entity,Unity.Entities.Entity,int,single,string,string) (at Assets/Game/Scripts/Systems/UnitAttackSystem.cs:519)
Game.Runtime.UnitAttackSystem:TryEmitUnitUnderAttackAudio (Unity.Entities.EntityManager,Unity.Entities.Entity,single,Unity.Entities.Entity,int,string) (at Assets/Game/Scripts/Systems/UnitAttackSystem.cs:471)
Game.Runtime.UnitAttackSystem:OnUpdate (Unity.Entities.SystemState&) (at Assets/Game/Scripts/Systems/UnitAttackSystem.cs:395)
Game.Runtime.UnitAttackSystem:__codegen__OnUpdate (intptr,intptr)
Unity.Entities.SystemBaseRegistry/<>c__DisplayClass9_0:<SelectBurstFn>b__0 (intptr,intptr) (at ./Library/PackageCache/com.unity.entities@bab66ffaba49/Unity.Entities/SystemBaseRegistry.cs:251)
Unity.Entities.WorldUnmanagedImpl/Unity.Entities.UnmanagedUpdate_000015A0$BurstDirectCall:Invoke (void*)
Unity.Entities.WorldUnmanagedImpl:UnmanagedUpdate (void*)
Unity.Entities.WorldUnmanagedImpl:UpdateSystem (Unity.Entities.SystemHandle) (at ./Library/PackageCache/com.unity.entities@bab66ffaba49/Unity.Entities/WorldUnmanaged.cs:942)
Unity.Entities.ComponentSystemGroup:UpdateAllSystems () (at ./Library/PackageCache/com.unity.entities@bab66ffaba49/Unity.Entities/ComponentSystemGroup.cs:725)
Unity.Entities.ComponentSystemGroup:OnUpdate () (at ./Library/PackageCache/com.unity.entities@bab66ffaba49/Unity.Entities/ComponentSystemGroup.cs:687)
Unity.Entities.SystemBase:Update () (at ./Library/PackageCache/com.unity.entities@bab66ffaba49/Unity.Entities/SystemBase.cs:205)
Unity.Entities.ScriptBehaviourUpdateOrder/DummyDelegateWrapper:TriggerUpdate () (at ./Library/PackageCache/com.unity.entities@bab66ffaba49/Unity.Entities/ScriptBehaviourUpdateOrder.cs:523)

(Filename: Assets/Game/Scripts/Systems/UnitAttackSystem.cs Line: 519)

[FrameRateDiag] fps=32.2 avgFrame=31.1ms updateAvg=8.0ms updateMax=56.3ms cpuFrame=32.2ms cpuMain=26.5ms cpuRender=0.6ms gpu=13.7ms drawCalls=327 batches=0 setPass=135 tris=2799505 verts=5037657 units=415 models=51 sourceKeys=415 sourceKeyFallbackVisuals=0 initialSpawnConfigs=0 impostors=20 render=screen=2400x1080,batch=0,quality=0:PC,vSync=0,targetFps=-1,pipeline=Mobile_RPAsset_MobileCandidate,scale=0.75,msaa=0,camera=Main Camera,cameraData=post:1,aa:FastApproximateAntialiasing,stack:0 memory=alloc=5606MB reserved=6193MB mono=1482MB focused=1 playRequested=1 simulationActive=1 stepStats=none topSystems=disabled markers=disabled
[PerfDiag] slowUpdate frame=2119 total=52.5ms gc=0/0/0 cpuFrame=31.0ms cpuMain=28.1ms cpuRender=0.5ms gpu=6.7ms steps=RoadBuild=0.0ms, BuildingPlacement=0.1ms, Selection=0.2ms, DayNight=0.0ms, CitizenPopulation=0.0ms, MainMenu=52.1ms units=415 models=51 sourceKeys=415 sourceKeyFallbackVisuals=0 initialSpawnConfigs=0 drawCalls=325 batches=0 setPass=134 tris=2799503 verts=5037653 memory=alloc=5606MB reserved=6192MB mono=1482MB uiToolkit=0 gameplayInitialized=1 playRequested=1 simulationActive=1 focused=1 vSync=0 targetFps=-1 topSystems=disabled markers=disabled
[AudioDiag] Suppressed Alert.Unit.UnderAttack reason=GenericUnderAttackAlertDisabled sourceSystem=UnitAttackSystem requestedAt=65.93 damage=44 target=entity=567:7 name='Light Armored Car' source='Unit_Veh_Light_Armored_Car' faction=1 cell=(649,532) hp=4/180 attacker=entity=748:7 name='Ghillie Rocketeer' source='Unit_Chr_Ghillie_Male_01' faction=2 cell=(672,533) hp=90/90
UnityEngine.Debug:ExtractStackTraceNoAlloc (byte*,int,string)
UnityEngine.StackTraceUtility:ExtractStackTrace () (at /Users/bokken/build/output/unity/unity/Runtime/Export/Scripting/StackTrace.cs:35)
UnityEngine.DebugLogHandler:Internal_Log (UnityEngine.LogType,UnityEngine.LogOption,string,UnityEngine.Object)
UnityEngine.DebugLogHandler:LogFormat (UnityEngine.LogType,UnityEngine.Object,string,object[])
UnityEngine.Logger:Log (UnityEngine.LogType,object)
UnityEngine.Debug:Log (object)
Game.Runtime.UnitAttackSystem:LogSuppressedUnitUnderAttackAudio (Unity.Entities.EntityManager,Unity.Entities.Entity,Unity.Entities.Entity,int,single,string,string) (at Assets/Game/Scripts/Systems/UnitAttackSystem.cs:519)
Game.Runtime.UnitAttackSystem:TryEmitUnitUnderAttackAudio (Unity.Entities.EntityManager,Unity.Entities.Entity,single,Unity.Entities.Entity,int,string) (at Assets/Game/Scripts/Systems/UnitAttackSystem.cs:471)
Game.Runtime.UnitAttackSystem:OnUpdate (Unity.Entities.SystemState&) (at Assets/Game/Scripts/Systems/UnitAttackSystem.cs:395)
Game.Runtime.UnitAttackSystem:__codegen__OnUpdate (intptr,intptr)
Unity.Entities.SystemBaseRegistry/<>c__DisplayClass9_0:<SelectBurstFn>b__0 (intptr,intptr) (at ./Library/PackageCache/com.unity.entities@bab66ffaba49/Unity.Entities/SystemBaseRegistry.cs:251)
Unity.Entities.WorldUnmanagedImpl/Unity.Entities.UnmanagedUpdate_000015A0$BurstDirectCall:Invoke (void*)
Unity.Entities.WorldUnmanagedImpl:UnmanagedUpdate (void*)
Unity.Entities.WorldUnmanagedImpl:UpdateSystem (Unity.Entities.SystemHandle) (at ./Library/PackageCache/com.unity.entities@bab66ffaba49/Unity.Entities/WorldUnmanaged.cs:942)
Unity.Entities.ComponentSystemGroup:UpdateAllSystems () (at ./Library/PackageCache/com.unity.entities@bab66ffaba49/Unity.Entities/ComponentSystemGroup.cs:725)
Unity.Entities.ComponentSystemGroup:OnUpdate () (at ./Library/PackageCache/com.unity.entities@bab66ffaba49/Unity.Entities/ComponentSystemGroup.cs:687)
Unity.Entities.SystemBase:Update () (at ./Library/PackageCache/com.unity.entities@bab66ffaba49/Unity.Entities/SystemBase.cs:205)
Unity.Entities.ScriptBehaviourUpdateOrder/DummyDelegateWrapper:TriggerUpdate () (at ./Library/PackageCache/com.unity.entities@bab66ffaba49/Unity.Entities/ScriptBehaviourUpdateOrder.cs:523)

(Filename: Assets/Game/Scripts/Systems/UnitAttackSystem.cs Line: 519)

[PerfDiag] slowUpdate frame=2144 total=52.4ms gc=0/0/0 cpuFrame=29.0ms cpuMain=27.0ms cpuRender=2.5ms gpu=15.1ms steps=RoadBuild=0.0ms, BuildingPlacement=0.1ms, Selection=0.2ms, DayNight=0.0ms, CitizenPopulation=0.0ms, MainMenu=52.0ms units=415 models=51 sourceKeys=415 sourceKeyFallbackVisuals=0 initialSpawnConfigs=0 drawCalls=323 batches=0 setPass=133 tris=2799263 verts=5037249 memory=alloc=5631MB reserved=6197MB mono=1484MB uiToolkit=0 gameplayInitialized=1 playRequested=1 simulationActive=1 focused=1 vSync=0 targetFps=-1 topSystems=disabled markers=disabled
[AudioDiag] Suppressed Alert.Unit.UnderAttack reason=GenericUnderAttackAlertDisabled sourceSystem=UnitAttackSystem requestedAt=66.67 damage=22 target=entity=567:7 name='Light Armored Car' source='Unit_Veh_Light_Armored_Car' faction=1 cell=(649,532) hp=0/180 attacker=entity=754:7 name='Ghillie Rocketeer' source='Unit_Chr_Ghillie_Male_01' faction=2 cell=(669,533) hp=66/90
UnityEngine.Debug:ExtractStackTraceNoAlloc (byte*,int,string)
UnityEngine.StackTraceUtility:ExtractStackTrace () (at /Users/bokken/build/output/unity/unity/Runtime/Export/Scripting/StackTrace.cs:35)
UnityEngine.DebugLogHandler:Internal_Log (UnityEngine.LogType,UnityEngine.LogOption,string,UnityEngine.Object)
UnityEngine.DebugLogHandler:LogFormat (UnityEngine.LogType,UnityEngine.Object,string,object[])
UnityEngine.Logger:Log (UnityEngine.LogType,object)
UnityEngine.Debug:Log (object)
Game.Runtime.UnitAttackSystem:LogSuppressedUnitUnderAttackAudio (Unity.Entities.EntityManager,Unity.Entities.Entity,Unity.Entities.Entity,int,single,string,string) (at Assets/Game/Scripts/Systems/UnitAttackSystem.cs:519)
Game.Runtime.UnitAttackSystem:TryEmitUnitUnderAttackAudio (Unity.Entities.EntityManager,Unity.Entities.Entity,single,Unity.Entities.Entity,int,string) (at Assets/Game/Scripts/Systems/UnitAttackSystem.cs:471)
Game.Runtime.UnitAttackSystem:OnUpdate (Unity.Entities.SystemState&) (at Assets/Game/Scripts/Systems/UnitAttackSystem.cs:395)
Game.Runtime.UnitAttackSystem:__codegen__OnUpdate (intptr,intptr)
Unity.Entities.SystemBaseRegistry/<>c__DisplayClass9_0:<SelectBurstFn>b__0 (intptr,intptr) (at ./Library/PackageCache/com.unity.entities@bab66ffaba49/Unity.Entities/SystemBaseRegistry.cs:251)
Unity.Entities.WorldUnmanagedImpl/Unity.Entities.UnmanagedUpdate_000015A0$BurstDirectCall:Invoke (void*)
Unity.Entities.WorldUnmanagedImpl:UnmanagedUpdate (void*)
Unity.Entities.WorldUnmanagedImpl:UpdateSystem (Unity.Entities.SystemHandle) (at ./Library/PackageCache/com.unity.entities@bab66ffaba49/Unity.Entities/WorldUnmanaged.cs:942)
Unity.Entities.ComponentSystemGroup:UpdateAllSystems () (at ./Library/PackageCache/com.unity.entities@bab66ffaba49/Unity.Entities/ComponentSystemGroup.cs:725)
Unity.Entities.ComponentSystemGroup:OnUpdate () (at ./Library/PackageCache/com.unity.entities@bab66ffaba49/Unity.Entities/ComponentSystemGroup.cs:687)
Unity.Entities.SystemBase:Update () (at ./Library/PackageCache/com.unity.entities@bab66ffaba49/Unity.Entities/SystemBase.cs:205)
Unity.Entities.ScriptBehaviourUpdateOrder/DummyDelegateWrapper:TriggerUpdate () (at ./Library/PackageCache/com.unity.entities@bab66ffaba49/Unity.Entities/ScriptBehaviourUpdateOrder.cs:523)

(Filename: Assets/Game/Scripts/Systems/UnitAttackSystem.cs Line: 519)

[AudioDiag] Playback event=VO.ARIA.Message.TacticalBannerAcceptedAttackTitle bus=Voice requestId=111 played=1 status=Presented reason=Played at=79.34 source=null
UnityEngine.Debug:ExtractStackTraceNoAlloc (byte*,int,string)
UnityEngine.StackTraceUtility:ExtractStackTrace () (at /Users/bokken/build/output/unity/unity/Runtime/Export/Scripting/StackTrace.cs:35)
UnityEngine.DebugLogHandler:Internal_Log (UnityEngine.LogType,UnityEngine.LogOption,string,UnityEngine.Object)
UnityEngine.DebugLogHandler:LogFormat (UnityEngine.LogType,UnityEngine.Object,string,object[])
UnityEngine.Logger:Log (UnityEngine.LogType,object)
UnityEngine.Debug:Log (object)
Game.Runtime.AudioPlaybackPresentationDiagnostics:Log (Unity.Entities.EntityManager,Game.Components.AudioPlaybackRequestElement,Game.Configs.AudioEventCatalogEntry,Game.Runtime.AudioPlaybackPresentationResult,single) (at Assets/Game/Scripts/Audio/Runtime/AudioPlaybackPresentationDiagnostics.cs:32)
Game.Runtime.AudioPlaybackPresentationBridgeSystemHelper:DrainAcceptedRequests (Unity.Entities.EntityManager,Game.Configs.AudioEventCatalogConfig,Game.Configs.AudioMixerBusConfig,Game.Runtime.AudioPlaybackPresentationSystemHelper,single) (at Assets/Game/Scripts/Audio/Runtime/AudioPlaybackPresentationBridgeSystemHelper.cs:169)
Game.Runtime.AudioPlaybackPresentationRuntimeView:Update () (at Assets/Game/Scripts/Audio/Runtime/AudioPlaybackPresentationRuntimeView.cs:54)

(Filename: Assets/Game/Scripts/Audio/Runtime/AudioPlaybackPresentationDiagnostics.cs Line: 32)

[PerfDiag] slowUpdate frame=2172 total=48.2ms gc=0/0/0 cpuFrame=31.8ms cpuMain=29.0ms cpuRender=0.5ms gpu=18.9ms steps=RoadBuild=0.0ms, BuildingPlacement=0.1ms, Selection=0.1ms, DayNight=0.0ms, CitizenPopulation=0.0ms, MainMenu=47.9ms units=415 models=51 sourceKeys=415 sourceKeyFallbackVisuals=0 initialSpawnConfigs=0 drawCalls=328 batches=0 setPass=105 tris=2804368 verts=5059910 memory=alloc=5649MB reserved=6213MB mono=1486MB uiToolkit=0 gameplayInitialized=1 playRequested=1 simulationActive=1 focused=1 vSync=0 targetFps=-1 topSystems=disabled markers=disabled
[FrameRateDiag] fps=30.9 avgFrame=32.4ms updateAvg=9.1ms updateMax=52.5ms cpuFrame=25.2ms cpuMain=23.1ms cpuRender=2.3ms gpu=12.8ms drawCalls=329 batches=0 setPass=105 tris=2804466 verts=5060058 units=415 models=51 sourceKeys=415 sourceKeyFallbackVisuals=0 initialSpawnConfigs=0 impostors=16 render=screen=2400x1080,batch=0,quality=0:PC,vSync=0,targetFps=-1,pipeline=Mobile_RPAsset_MobileCandidate,scale=0.75,msaa=0,camera=Main Camera,cameraData=post:1,aa:FastApproximateAntialiasing,stack:0 memory=alloc=5654MB reserved=6233MB mono=1487MB focused=1 playRequested=1 simulationActive=1 stepStats=none topSystems=disabled markers=disabled
[PerfDiag] slowUpdate frame=2197 total=56.2ms gc=0/0/0 cpuFrame=29.6ms cpuMain=26.3ms cpuRender=0.6ms gpu=0.2ms steps=RoadBuild=0.0ms, BuildingPlacement=0.1ms, Selection=0.1ms, DayNight=0.0ms, CitizenPopulation=0.0ms, MainMenu=56.0ms units=415 models=51 sourceKeys=415 sourceKeyFallbackVisuals=0 initialSpawnConfigs=0 drawCalls=328 batches=0 setPass=104 tris=2804462 verts=5060050 memory=alloc=5663MB reserved=6242MB mono=1488MB uiToolkit=0 gameplayInitialized=1 playRequested=1 simulationActive=1 focused=1 vSync=0 targetFps=-1 topSystems=disabled markers=disabled
[PerfDiag] slowUpdate frame=2223 total=43.1ms gc=0/0/0 cpuFrame=27.4ms cpuMain=25.4ms cpuRender=2.1ms gpu=16.7ms steps=RoadBuild=0.0ms, BuildingPlacement=0.1ms, Selection=0.1ms, DayNight=0.0ms, CitizenPopulation=0.0ms, MainMenu=42.9ms units=415 models=51 sourceKeys=415 sourceKeyFallbackVisuals=0 initialSpawnConfigs=0 drawCalls=330 batches=0 setPass=105 tris=2805554 verts=5062102 memory=alloc=5677MB reserved=6255MB mono=1491MB uiToolkit=0 gameplayInitialized=1 playRequested=1 simulationActive=1 focused=1 vSync=0 targetFps=-1 topSystems=disabled markers=disabled
[AudioDiag] Suppressed Alert.Unit.UnderAttack reason=GenericUnderAttackAlertDisabled sourceSystem=UnitAttackSystem requestedAt=69.30 damage=22 target=entity=571:13 name='Armored APC' source='Unit_Veh_APC_Slow' faction=1 cell=(637,530) hp=258/280 attacker=entity=766:7 name='Ghillie Rocketeer' source='Unit_Chr_Ghillie_Male_01' faction=2 cell=(658,533) hp=90/90
UnityEngine.Debug:ExtractStackTraceNoAlloc (byte*,int,string)
UnityEngine.StackTraceUtility:ExtractStackTrace () (at /Users/bokken/build/output/unity/unity/Runtime/Export/Scripting/StackTrace.cs:35)
UnityEngine.DebugLogHandler:Internal_Log (UnityEngine.LogType,UnityEngine.LogOption,string,UnityEngine.Object)
UnityEngine.DebugLogHandler:LogFormat (UnityEngine.LogType,UnityEngine.Object,string,object[])
UnityEngine.Logger:Log (UnityEngine.LogType,object)
UnityEngine.Debug:Log (object)
Game.Runtime.UnitAttackSystem:LogSuppressedUnitUnderAttackAudio (Unity.Entities.EntityManager,Unity.Entities.Entity,Unity.Entities.Entity,int,single,string,string) (at Assets/Game/Scripts/Systems/UnitAttackSystem.cs:519)
Game.Runtime.UnitAttackSystem:TryEmitUnitUnderAttackAudio (Unity.Entities.EntityManager,Unity.Entities.Entity,single,Unity.Entities.Entity,int,string) (at Assets/Game/Scripts/Systems/UnitAttackSystem.cs:471)
Game.Runtime.UnitAttackSystem:OnUpdate (Unity.Entities.SystemState&) (at Assets/Game/Scripts/Systems/UnitAttackSystem.cs:395)
Game.Runtime.UnitAttackSystem:__codegen__OnUpdate (intptr,intptr)
Unity.Entities.SystemBaseRegistry/<>c__DisplayClass9_0:<SelectBurstFn>b__0 (intptr,intptr) (at ./Library/PackageCache/com.unity.entities@bab66ffaba49/Unity.Entities/SystemBaseRegistry.cs:251)
Unity.Entities.WorldUnmanagedImpl/Unity.Entities.UnmanagedUpdate_000015A0$BurstDirectCall:Invoke (void*)
Unity.Entities.WorldUnmanagedImpl:UnmanagedUpdate (void*)
Unity.Entities.WorldUnmanagedImpl:UpdateSystem (Unity.Entities.SystemHandle) (at ./Library/PackageCache/com.unity.entities@bab66ffaba49/Unity.Entities/WorldUnmanaged.cs:942)
Unity.Entities.ComponentSystemGroup:UpdateAllSystems () (at ./Library/PackageCache/com.unity.entities@bab66ffaba49/Unity.Entities/ComponentSystemGroup.cs:725)
Unity.Entities.ComponentSystemGroup:OnUpdate () (at ./Library/PackageCache/com.unity.entities@bab66ffaba49/Unity.Entities/ComponentSystemGroup.cs:687)
Unity.Entities.SystemBase:Update () (at ./Library/PackageCache/com.unity.entities@bab66ffaba49/Unity.Entities/SystemBase.cs:205)
Unity.Entities.ScriptBehaviourUpdateOrder/DummyDelegateWrapper:TriggerUpdate () (at ./Library/PackageCache/com.unity.entities@bab66ffaba49/Unity.Entities/ScriptBehaviourUpdateOrder.cs:523)

(Filename: Assets/Game/Scripts/Systems/UnitAttackSystem.cs Line: 519)

[FrameRateDiag] fps=33.0 avgFrame=30.3ms updateAvg=8.0ms updateMax=56.2ms cpuFrame=32.2ms cpuMain=28.7ms cpuRender=2.3ms gpu=6.3ms drawCalls=348 batches=0 setPass=116 tris=2796083 verts=5035240 units=415 models=51 sourceKeys=415 sourceKeyFallbackVisuals=0 initialSpawnConfigs=0 impostors=18 render=screen=2400x1080,batch=0,quality=0:PC,vSync=0,targetFps=-1,pipeline=Mobile_RPAsset_MobileCandidate,scale=0.75,msaa=0,camera=Main Camera,cameraData=post:1,aa:FastApproximateAntialiasing,stack:0 memory=alloc=5690MB reserved=6268MB mono=1492MB focused=1 playRequested=1 simulationActive=1 stepStats=none topSystems=disabled markers=disabled
[PerfDiag] slowUpdate frame=2249 total=55.7ms gc=0/0/0 cpuFrame=28.3ms cpuMain=25.4ms cpuRender=2.8ms gpu=13.5ms steps=RoadBuild=0.0ms, BuildingPlacement=0.1ms, Selection=0.2ms, DayNight=0.0ms, CitizenPopulation=0.0ms, MainMenu=55.4ms units=415 models=51 sourceKeys=415 sourceKeyFallbackVisuals=0 initialSpawnConfigs=0 drawCalls=347 batches=0 setPass=116 tris=2795837 verts=5034824 memory=alloc=5692MB reserved=6268MB mono=1493MB uiToolkit=0 gameplayInitialized=1 playRequested=1 simulationActive=1 focused=1 vSync=0 targetFps=-1 topSystems=disabled markers=disabled
[AudioDiag] Suppressed Alert.Unit.UnderAttack reason=GenericUnderAttackAlertDisabled sourceSystem=UnitAttackSystem requestedAt=70.27 damage=44 target=entity=571:13 name='Armored APC' source='Unit_Veh_APC_Slow' faction=1 cell=(637,530) hp=214/280 attacker=entity=760:7 name='Ghillie Rocketeer' source='Unit_Chr_Ghillie_Male_01' faction=2 cell=(660,533) hp=90/90
UnityEngine.Debug:ExtractStackTraceNoAlloc (byte*,int,string)
UnityEngine.StackTraceUtility:ExtractStackTrace () (at /Users/bokken/build/output/unity/unity/Runtime/Export/Scripting/StackTrace.cs:35)
UnityEngine.DebugLogHandler:Internal_Log (UnityEngine.LogType,UnityEngine.LogOption,string,UnityEngine.Object)
UnityEngine.DebugLogHandler:LogFormat (UnityEngine.LogType,UnityEngine.Object,string,object[])
UnityEngine.Logger:Log (UnityEngine.LogType,object)
UnityEngine.Debug:Log (object)
Game.Runtime.UnitAttackSystem:LogSuppressedUnitUnderAttackAudio (Unity.Entities.EntityManager,Unity.Entities.Entity,Unity.Entities.Entity,int,single,string,string) (at Assets/Game/Scripts/Systems/UnitAttackSystem.cs:519)
Game.Runtime.UnitAttackSystem:TryEmitUnitUnderAttackAudio (Unity.Entities.EntityManager,Unity.Entities.Entity,single,Unity.Entities.Entity,int,string) (at Assets/Game/Scripts/Systems/UnitAttackSystem.cs:471)
Game.Runtime.UnitAttackSystem:OnUpdate (Unity.Entities.SystemState&) (at Assets/Game/Scripts/Systems/UnitAttackSystem.cs:395)
Game.Runtime.UnitAttackSystem:__codegen__OnUpdate (intptr,intptr)
Unity.Entities.SystemBaseRegistry/<>c__DisplayClass9_0:<SelectBurstFn>b__0 (intptr,intptr) (at ./Library/PackageCache/com.unity.entities@bab66ffaba49/Unity.Entities/SystemBaseRegistry.cs:251)
Unity.Entities.WorldUnmanagedImpl/Unity.Entities.UnmanagedUpdate_000015A0$BurstDirectCall:Invoke (void*)
Unity.Entities.WorldUnmanagedImpl:UnmanagedUpdate (void*)
Unity.Entities.WorldUnmanagedImpl:UpdateSystem (Unity.Entities.SystemHandle) (at ./Library/PackageCache/com.unity.entities@bab66ffaba49/Unity.Entities/WorldUnmanaged.cs:942)
Unity.Entities.ComponentSystemGroup:UpdateAllSystems () (at ./Library/PackageCache/com.unity.entities@bab66ffaba49/Unity.Entities/ComponentSystemGroup.cs:725)
Unity.Entities.ComponentSystemGroup:OnUpdate () (at ./Library/PackageCache/com.unity.entities@bab66ffaba49/Unity.Entities/ComponentSystemGroup.cs:687)
Unity.Entities.SystemBase:Update () (at ./Library/PackageCache/com.unity.entities@bab66ffaba49/Unity.Entities/SystemBase.cs:205)
Unity.Entities.ScriptBehaviourUpdateOrder/DummyDelegateWrapper:TriggerUpdate () (at ./Library/PackageCache/com.unity.entities@bab66ffaba49/Unity.Entities/ScriptBehaviourUpdateOrder.cs:523)

(Filename: Assets/Game/Scripts/Systems/UnitAttackSystem.cs Line: 519)

[AudioDiag] Suppressed Alert.Unit.UnderAttack reason=GenericUnderAttackAlertDisabled sourceSystem=UnitAttackSystem requestedAt=70.31 damage=22 target=entity=571:13 name='Armored APC' source='Unit_Veh_APC_Slow' faction=1 cell=(637,530) hp=192/280 attacker=entity=766:7 name='Ghillie Rocketeer' source='Unit_Chr_Ghillie_Male_01' faction=2 cell=(658,533) hp=74/90
UnityEngine.Debug:ExtractStackTraceNoAlloc (byte*,int,string)
UnityEngine.StackTraceUtility:ExtractStackTrace () (at /Users/bokken/build/output/unity/unity/Runtime/Export/Scripting/StackTrace.cs:35)
UnityEngine.DebugLogHandler:Internal_Log (UnityEngine.LogType,UnityEngine.LogOption,string,UnityEngine.Object)
UnityEngine.DebugLogHandler:LogFormat (UnityEngine.LogType,UnityEngine.Object,string,object[])
UnityEngine.Logger:Log (UnityEngine.LogType,object)
UnityEngine.Debug:Log (object)
Game.Runtime.UnitAttackSystem:LogSuppressedUnitUnderAttackAudio (Unity.Entities.EntityManager,Unity.Entities.Entity,Unity.Entities.Entity,int,single,string,string) (at Assets/Game/Scripts/Systems/UnitAttackSystem.cs:519)
Game.Runtime.UnitAttackSystem:TryEmitUnitUnderAttackAudio (Unity.Entities.EntityManager,Unity.Entities.Entity,single,Unity.Entities.Entity,int,string) (at Assets/Game/Scripts/Systems/UnitAttackSystem.cs:471)
Game.Runtime.UnitAttackSystem:OnUpdate (Unity.Entities.SystemState&) (at Assets/Game/Scripts/Systems/UnitAttackSystem.cs:395)
Game.Runtime.UnitAttackSystem:__codegen__OnUpdate (intptr,intptr)
Unity.Entities.SystemBaseRegistry/<>c__DisplayClass9_0:<SelectBurstFn>b__0 (intptr,intptr) (at ./Library/PackageCache/com.unity.entities@bab66ffaba49/Unity.Entities/SystemBaseRegistry.cs:251)
Unity.Entities.WorldUnmanagedImpl/Unity.Entities.UnmanagedUpdate_000015A0$BurstDirectCall:Invoke (void*)
Unity.Entities.WorldUnmanagedImpl:UnmanagedUpdate (void*)
Unity.Entities.WorldUnmanagedImpl:UpdateSystem (Unity.Entities.SystemHandle) (at ./Library/PackageCache/com.unity.entities@bab66ffaba49/Unity.Entities/WorldUnmanaged.cs:942)
Unity.Entities.ComponentSystemGroup:UpdateAllSystems () (at ./Library/PackageCache/com.unity.entities@bab66ffaba49/Unity.Entities/ComponentSystemGroup.cs:725)
Unity.Entities.ComponentSystemGroup:OnUpdate () (at ./Library/PackageCache/com.unity.entities@bab66ffaba49/Unity.Entities/ComponentSystemGroup.cs:687)
Unity.Entities.SystemBase:Update () (at ./Library/PackageCache/com.unity.entities@bab66ffaba49/Unity.Entities/SystemBase.cs:205)
Unity.Entities.ScriptBehaviourUpdateOrder/DummyDelegateWrapper:TriggerUpdate () (at ./Library/PackageCache/com.unity.entities@bab66ffaba49/Unity.Entities/ScriptBehaviourUpdateOrder.cs:523)

(Filename: Assets/Game/Scripts/Systems/UnitAttackSystem.cs Line: 519)

[AudioDiag] Suppressed Alert.Unit.UnderAttack reason=GenericUnderAttackAlertDisabled sourceSystem=UnitAttackSystem requestedAt=70.44 damage=22 target=entity=571:13 name='Armored APC' source='Unit_Veh_APC_Slow' faction=1 cell=(637,530) hp=170/280 attacker=entity=754:7 name='Ghillie Rocketeer' source='Unit_Chr_Ghillie_Male_01' faction=2 cell=(660,533) hp=66/90
UnityEngine.Debug:ExtractStackTraceNoAlloc (byte*,int,string)
UnityEngine.StackTraceUtility:ExtractStackTrace () (at /Users/bokken/build/output/unity/unity/Runtime/Export/Scripting/StackTrace.cs:35)
UnityEngine.DebugLogHandler:Internal_Log (UnityEngine.LogType,UnityEngine.LogOption,string,UnityEngine.Object)
UnityEngine.DebugLogHandler:LogFormat (UnityEngine.LogType,UnityEngine.Object,string,object[])
UnityEngine.Logger:Log (UnityEngine.LogType,object)
UnityEngine.Debug:Log (object)
Game.Runtime.UnitAttackSystem:LogSuppressedUnitUnderAttackAudio (Unity.Entities.EntityManager,Unity.Entities.Entity,Unity.Entities.Entity,int,single,string,string) (at Assets/Game/Scripts/Systems/UnitAttackSystem.cs:519)
Game.Runtime.UnitAttackSystem:TryEmitUnitUnderAttackAudio (Unity.Entities.EntityManager,Unity.Entities.Entity,single,Unity.Entities.Entity,int,string) (at Assets/Game/Scripts/Systems/UnitAttackSystem.cs:471)
Game.Runtime.UnitAttackSystem:OnUpdate (Unity.Entities.SystemState&) (at Assets/Game/Scripts/Systems/UnitAttackSystem.cs:395)
Game.Runtime.UnitAttackSystem:__codegen__OnUpdate (intptr,intptr)
Unity.Entities.SystemBaseRegistry/<>c__DisplayClass9_0:<SelectBurstFn>b__0 (intptr,intptr) (at ./Library/PackageCache/com.unity.entities@bab66ffaba49/Unity.Entities/SystemBaseRegistry.cs:251)
Unity.Entities.WorldUnmanagedImpl/Unity.Entities.UnmanagedUpdate_000015A0$BurstDirectCall:Invoke (void*)
Unity.Entities.WorldUnmanagedImpl:UnmanagedUpdate (void*)
Unity.Entities.WorldUnmanagedImpl:UpdateSystem (Unity.Entities.SystemHandle) (at ./Library/PackageCache/com.unity.entities@bab66ffaba49/Unity.Entities/WorldUnmanaged.cs:942)
Unity.Entities.ComponentSystemGroup:UpdateAllSystems () (at ./Library/PackageCache/com.unity.entities@bab66ffaba49/Unity.Entities/ComponentSystemGroup.cs:725)
Unity.Entities.ComponentSystemGroup:OnUpdate () (at ./Library/PackageCache/com.unity.entities@bab66ffaba49/Unity.Entities/ComponentSystemGroup.cs:687)
Unity.Entities.SystemBase:Update () (at ./Library/PackageCache/com.unity.entities@bab66ffaba49/Unity.Entities/SystemBase.cs:205)
Unity.Entities.ScriptBehaviourUpdateOrder/DummyDelegateWrapper:TriggerUpdate () (at ./Library/PackageCache/com.unity.entities@bab66ffaba49/Unity.Entities/ScriptBehaviourUpdateOrder.cs:523)

(Filename: Assets/Game/Scripts/Systems/UnitAttackSystem.cs Line: 519)

[PerfDiag] slowUpdate frame=2271 total=48.4ms gc=0/0/0 cpuFrame=37.6ms cpuMain=34.4ms cpuRender=0.6ms gpu=22.2ms steps=RoadBuild=0.0ms, BuildingPlacement=0.1ms, Selection=0.2ms, DayNight=0.0ms, CitizenPopulation=0.0ms, MainMenu=48.1ms units=415 models=51 sourceKeys=415 sourceKeyFallbackVisuals=0 initialSpawnConfigs=0 drawCalls=335 batches=0 setPass=106 tris=2770363 verts=4979640 memory=alloc=5706MB reserved=6282MB mono=1495MB uiToolkit=0 gameplayInitialized=1 playRequested=1 simulationActive=1 focused=1 vSync=0 targetFps=-1 topSystems=disabled markers=disabled
[AudioDiag] Suppressed Alert.Unit.UnderAttack reason=GenericUnderAttackAlertDisabled sourceSystem=UnitAttackSystem requestedAt=71.28 damage=44 target=entity=571:13 name='Armored APC' source='Unit_Veh_APC_Slow' faction=1 cell=(637,530) hp=126/280 attacker=entity=760:7 name='Ghillie Rocketeer' source='Unit_Chr_Ghillie_Male_01' faction=2 cell=(660,533) hp=90/90
UnityEngine.Debug:ExtractStackTraceNoAlloc (byte*,int,string)
UnityEngine.StackTraceUtility:ExtractStackTrace () (at /Users/bokken/build/output/unity/unity/Runtime/Export/Scripting/StackTrace.cs:35)
UnityEngine.DebugLogHandler:Internal_Log (UnityEngine.LogType,UnityEngine.LogOption,string,UnityEngine.Object)
UnityEngine.DebugLogHandler:LogFormat (UnityEngine.LogType,UnityEngine.Object,string,object[])
UnityEngine.Logger:Log (UnityEngine.LogType,object)
UnityEngine.Debug:Log (object)
Game.Runtime.UnitAttackSystem:LogSuppressedUnitUnderAttackAudio (Unity.Entities.EntityManager,Unity.Entities.Entity,Unity.Entities.Entity,int,single,string,string) (at Assets/Game/Scripts/Systems/UnitAttackSystem.cs:519)
Game.Runtime.UnitAttackSystem:TryEmitUnitUnderAttackAudio (Unity.Entities.EntityManager,Unity.Entities.Entity,single,Unity.Entities.Entity,int,string) (at Assets/Game/Scripts/Systems/UnitAttackSystem.cs:471)
Game.Runtime.UnitAttackSystem:OnUpdate (Unity.Entities.SystemState&) (at Assets/Game/Scripts/Systems/UnitAttackSystem.cs:395)
Game.Runtime.UnitAttackSystem:__codegen__OnUpdate (intptr,intptr)
Unity.Entities.SystemBaseRegistry/<>c__DisplayClass9_0:<SelectBurstFn>b__0 (intptr,intptr) (at ./Library/PackageCache/com.unity.entities@bab66ffaba49/Unity.Entities/SystemBaseRegistry.cs:251)
Unity.Entities.WorldUnmanagedImpl/Unity.Entities.UnmanagedUpdate_000015A0$BurstDirectCall:Invoke (void*)
Unity.Entities.WorldUnmanagedImpl:UnmanagedUpdate (void*)
Unity.Entities.WorldUnmanagedImpl:UpdateSystem (Unity.Entities.SystemHandle) (at ./Library/PackageCache/com.unity.entities@bab66ffaba49/Unity.Entities/WorldUnmanaged.cs:942)
Unity.Entities.ComponentSystemGroup:UpdateAllSystems () (at ./Library/PackageCache/com.unity.entities@bab66ffaba49/Unity.Entities/ComponentSystemGroup.cs:725)
Unity.Entities.ComponentSystemGroup:OnUpdate () (at ./Library/PackageCache/com.unity.entities@bab66ffaba49/Unity.Entities/ComponentSystemGroup.cs:687)
Unity.Entities.SystemBase:Update () (at ./Library/PackageCache/com.unity.entities@bab66ffaba49/Unity.Entities/SystemBase.cs:205)
Unity.Entities.ScriptBehaviourUpdateOrder/DummyDelegateWrapper:TriggerUpdate () (at ./Library/PackageCache/com.unity.entities@bab66ffaba49/Unity.Entities/ScriptBehaviourUpdateOrder.cs:523)

(Filename: Assets/Game/Scripts/Systems/UnitAttackSystem.cs Line: 519)

[AudioDiag] Suppressed Alert.Unit.UnderAttack reason=GenericUnderAttackAlertDisabled sourceSystem=UnitAttackSystem requestedAt=71.31 damage=22 target=entity=571:13 name='Armored APC' source='Unit_Veh_APC_Slow' faction=1 cell=(637,530) hp=104/280 attacker=entity=766:7 name='Ghillie Rocketeer' source='Unit_Chr_Ghillie_Male_01' faction=2 cell=(658,533) hp=58/90
UnityEngine.Debug:ExtractStackTraceNoAlloc (byte*,int,string)
UnityEngine.StackTraceUtility:ExtractStackTrace () (at /Users/bokken/build/output/unity/unity/Runtime/Export/Scripting/StackTrace.cs:35)
UnityEngine.DebugLogHandler:Internal_Log (UnityEngine.LogType,UnityEngine.LogOption,string,UnityEngine.Object)
UnityEngine.DebugLogHandler:LogFormat (UnityEngine.LogType,UnityEngine.Object,string,object[])
UnityEngine.Logger:Log (UnityEngine.LogType,object)
UnityEngine.Debug:Log (object)
Game.Runtime.UnitAttackSystem:LogSuppressedUnitUnderAttackAudio (Unity.Entities.EntityManager,Unity.Entities.Entity,Unity.Entities.Entity,int,single,string,string) (at Assets/Game/Scripts/Systems/UnitAttackSystem.cs:519)
Game.Runtime.UnitAttackSystem:TryEmitUnitUnderAttackAudio (Unity.Entities.EntityManager,Unity.Entities.Entity,single,Unity.Entities.Entity,int,string) (at Assets/Game/Scripts/Systems/UnitAttackSystem.cs:471)
Game.Runtime.UnitAttackSystem:OnUpdate (Unity.Entities.SystemState&) (at Assets/Game/Scripts/Systems/UnitAttackSystem.cs:395)
Game.Runtime.UnitAttackSystem:__codegen__OnUpdate (intptr,intptr)
Unity.Entities.SystemBaseRegistry/<>c__DisplayClass9_0:<SelectBurstFn>b__0 (intptr,intptr) (at ./Library/PackageCache/com.unity.entities@bab66ffaba49/Unity.Entities/SystemBaseRegistry.cs:251)
Unity.Entities.WorldUnmanagedImpl/Unity.Entities.UnmanagedUpdate_000015A0$BurstDirectCall:Invoke (void*)
Unity.Entities.WorldUnmanagedImpl:UnmanagedUpdate (void*)
Unity.Entities.WorldUnmanagedImpl:UpdateSystem (Unity.Entities.SystemHandle) (at ./Library/PackageCache/com.unity.entities@bab66ffaba49/Unity.Entities/WorldUnmanaged.cs:942)
Unity.Entities.ComponentSystemGroup:UpdateAllSystems () (at ./Library/PackageCache/com.unity.entities@bab66ffaba49/Unity.Entities/ComponentSystemGroup.cs:725)
Unity.Entities.ComponentSystemGroup:OnUpdate () (at ./Library/PackageCache/com.unity.entities@bab66ffaba49/Unity.Entities/ComponentSystemGroup.cs:687)
Unity.Entities.SystemBase:Update () (at ./Library/PackageCache/com.unity.entities@bab66ffaba49/Unity.Entities/SystemBase.cs:205)
Unity.Entities.ScriptBehaviourUpdateOrder/DummyDelegateWrapper:TriggerUpdate () (at ./Library/PackageCache/com.unity.entities@bab66ffaba49/Unity.Entities/ScriptBehaviourUpdateOrder.cs:523)

(Filename: Assets/Game/Scripts/Systems/UnitAttackSystem.cs Line: 519)

[AudioDiag] Suppressed Alert.Unit.UnderAttack reason=GenericUnderAttackAlertDisabled sourceSystem=UnitAttackSystem requestedAt=71.45 damage=22 target=entity=571:13 name='Armored APC' source='Unit_Veh_APC_Slow' faction=1 cell=(637,530) hp=82/280 attacker=entity=754:7 name='Ghillie Rocketeer' source='Unit_Chr_Ghillie_Male_01' faction=2 cell=(660,533) hp=66/90
UnityEngine.Debug:ExtractStackTraceNoAlloc (byte*,int,string)
UnityEngine.StackTraceUtility:ExtractStackTrace () (at /Users/bokken/build/output/unity/unity/Runtime/Export/Scripting/StackTrace.cs:35)
UnityEngine.DebugLogHandler:Internal_Log (UnityEngine.LogType,UnityEngine.LogOption,string,UnityEngine.Object)
UnityEngine.DebugLogHandler:LogFormat (UnityEngine.LogType,UnityEngine.Object,string,object[])
UnityEngine.Logger:Log (UnityEngine.LogType,object)
UnityEngine.Debug:Log (object)
Game.Runtime.UnitAttackSystem:LogSuppressedUnitUnderAttackAudio (Unity.Entities.EntityManager,Unity.Entities.Entity,Unity.Entities.Entity,int,single,string,string) (at Assets/Game/Scripts/Systems/UnitAttackSystem.cs:519)
Game.Runtime.UnitAttackSystem:TryEmitUnitUnderAttackAudio (Unity.Entities.EntityManager,Unity.Entities.Entity,single,Unity.Entities.Entity,int,string) (at Assets/Game/Scripts/Systems/UnitAttackSystem.cs:471)
Game.Runtime.UnitAttackSystem:OnUpdate (Unity.Entities.SystemState&) (at Assets/Game/Scripts/Systems/UnitAttackSystem.cs:395)
Game.Runtime.UnitAttackSystem:__codegen__OnUpdate (intptr,intptr)
Unity.Entities.SystemBaseRegistry/<>c__DisplayClass9_0:<SelectBurstFn>b__0 (intptr,intptr) (at ./Library/PackageCache/com.unity.entities@bab66ffaba49/Unity.Entities/SystemBaseRegistry.cs:251)
Unity.Entities.WorldUnmanagedImpl/Unity.Entities.UnmanagedUpdate_000015A0$BurstDirectCall:Invoke (void*)
Unity.Entities.WorldUnmanagedImpl:UnmanagedUpdate (void*)
Unity.Entities.WorldUnmanagedImpl:UpdateSystem (Unity.Entities.SystemHandle) (at ./Library/PackageCache/com.unity.entities@bab66ffaba49/Unity.Entities/WorldUnmanaged.cs:942)
Unity.Entities.ComponentSystemGroup:UpdateAllSystems () (at ./Library/PackageCache/com.unity.entities@bab66ffaba49/Unity.Entities/ComponentSystemGroup.cs:725)
Unity.Entities.ComponentSystemGroup:OnUpdate () (at ./Library/PackageCache/com.unity.entities@bab66ffaba49/Unity.Entities/ComponentSystemGroup.cs:687)
Unity.Entities.SystemBase:Update () (at ./Library/PackageCache/com.unity.entities@bab66ffaba49/Unity.Entities/SystemBase.cs:205)
Unity.Entities.ScriptBehaviourUpdateOrder/DummyDelegateWrapper:TriggerUpdate () (at ./Library/PackageCache/com.unity.entities@bab66ffaba49/Unity.Entities/ScriptBehaviourUpdateOrder.cs:523)

(Filename: Assets/Game/Scripts/Systems/UnitAttackSystem.cs Line: 519)

[PerfDiag] slowUpdate frame=2298 total=47.8ms gc=0/0/0 cpuFrame=30.3ms cpuMain=27.9ms cpuRender=2.7ms gpu=15.6ms steps=RoadBuild=0.0ms, BuildingPlacement=0.1ms, Selection=0.2ms, DayNight=0.0ms, CitizenPopulation=0.0ms, MainMenu=47.5ms units=415 models=51 sourceKeys=415 sourceKeyFallbackVisuals=0 initialSpawnConfigs=0 drawCalls=335 batches=0 setPass=107 tris=2770035 verts=4979060 memory=alloc=5721MB reserved=6297MB mono=1497MB uiToolkit=0 gameplayInitialized=1 playRequested=1 simulationActive=1 focused=1 vSync=0 targetFps=-1 topSystems=disabled markers=disabled
[FrameRateDiag] fps=29.9 avgFrame=33.5ms updateAvg=9.2ms updateMax=55.7ms cpuFrame=29.7ms cpuMain=27.0ms cpuRender=2.6ms gpu=7.0ms drawCalls=322 batches=0 setPass=99 tris=2763184 verts=4967050 units=414 models=50 sourceKeys=414 sourceKeyFallbackVisuals=0 initialSpawnConfigs=0 impostors=20 render=screen=2400x1080,batch=0,quality=0:PC,vSync=0,targetFps=-1,pipeline=Mobile_RPAsset_MobileCandidate,scale=0.75,msaa=0,camera=Main Camera,cameraData=post:1,aa:FastApproximateAntialiasing,stack:0 memory=alloc=5717MB reserved=6295MB mono=1497MB focused=1 playRequested=1 simulationActive=1 stepStats=none topSystems=disabled markers=disabled
[RenderSceneDiag] frame=2306 source=profilerCounters drawCalls=322 batches=0 setPass=99 tris=2763184 verts=4967050 topSystems=disabled markers=disabled
[PerfDiag] slowUpdate frame=2321 total=52.6ms gc=0/0/0 cpuFrame=31.6ms cpuMain=29.1ms cpuRender=2.4ms gpu=8.3ms steps=RoadBuild=0.0ms, BuildingPlacement=0.1ms, Selection=0.2ms, DayNight=0.0ms, CitizenPopulation=0.0ms, MainMenu=52.3ms units=414 models=50 sourceKeys=414 sourceKeyFallbackVisuals=0 initialSpawnConfigs=0 drawCalls=323 batches=0 setPass=99 tris=2763458 verts=4967522 memory=alloc=5035MB reserved=5911MB mono=1498MB uiToolkit=0 gameplayInitialized=1 playRequested=1 simulationActive=1 focused=1 vSync=0 targetFps=-1 topSystems=disabled markers=disabled
[AudioDiag] Suppressed Alert.Unit.UnderAttack reason=GenericUnderAttackAlertDisabled sourceSystem=UnitAttackSystem requestedAt=72.28 damage=44 target=entity=571:13 name='Armored APC' source='Unit_Veh_APC_Slow' faction=1 cell=(637,530) hp=38/280 attacker=entity=760:7 name='Ghillie Rocketeer' source='Unit_Chr_Ghillie_Male_01' faction=2 cell=(660,533) hp=90/90
UnityEngine.Debug:ExtractStackTraceNoAlloc (byte*,int,string)
UnityEngine.StackTraceUtility:ExtractStackTrace () (at /Users/bokken/build/output/unity/unity/Runtime/Export/Scripting/StackTrace.cs:35)
UnityEngine.DebugLogHandler:Internal_Log (UnityEngine.LogType,UnityEngine.LogOption,string,UnityEngine.Object)
UnityEngine.DebugLogHandler:LogFormat (UnityEngine.LogType,UnityEngine.Object,string,object[])
UnityEngine.Logger:Log (UnityEngine.LogType,object)
UnityEngine.Debug:Log (object)
Game.Runtime.UnitAttackSystem:LogSuppressedUnitUnderAttackAudio (Unity.Entities.EntityManager,Unity.Entities.Entity,Unity.Entities.Entity,int,single,string,string) (at Assets/Game/Scripts/Systems/UnitAttackSystem.cs:519)
Game.Runtime.UnitAttackSystem:TryEmitUnitUnderAttackAudio (Unity.Entities.EntityManager,Unity.Entities.Entity,single,Unity.Entities.Entity,int,string) (at Assets/Game/Scripts/Systems/UnitAttackSystem.cs:471)
Game.Runtime.UnitAttackSystem:OnUpdate (Unity.Entities.SystemState&) (at Assets/Game/Scripts/Systems/UnitAttackSystem.cs:395)
Game.Runtime.UnitAttackSystem:__codegen__OnUpdate (intptr,intptr)
Unity.Entities.SystemBaseRegistry/<>c__DisplayClass9_0:<SelectBurstFn>b__0 (intptr,intptr) (at ./Library/PackageCache/com.unity.entities@bab66ffaba49/Unity.Entities/SystemBaseRegistry.cs:251)
Unity.Entities.WorldUnmanagedImpl/Unity.Entities.UnmanagedUpdate_000015A0$BurstDirectCall:Invoke (void*)
Unity.Entities.WorldUnmanagedImpl:UnmanagedUpdate (void*)
Unity.Entities.WorldUnmanagedImpl:UpdateSystem (Unity.Entities.SystemHandle) (at ./Library/PackageCache/com.unity.entities@bab66ffaba49/Unity.Entities/WorldUnmanaged.cs:942)
Unity.Entities.ComponentSystemGroup:UpdateAllSystems () (at ./Library/PackageCache/com.unity.entities@bab66ffaba49/Unity.Entities/ComponentSystemGroup.cs:725)
Unity.Entities.ComponentSystemGroup:OnUpdate () (at ./Library/PackageCache/com.unity.entities@bab66ffaba49/Unity.Entities/ComponentSystemGroup.cs:687)
Unity.Entities.SystemBase:Update () (at ./Library/PackageCache/com.unity.entities@bab66ffaba49/Unity.Entities/SystemBase.cs:205)
Unity.Entities.ScriptBehaviourUpdateOrder/DummyDelegateWrapper:TriggerUpdate () (at ./Library/PackageCache/com.unity.entities@bab66ffaba49/Unity.Entities/ScriptBehaviourUpdateOrder.cs:523)

(Filename: Assets/Game/Scripts/Systems/UnitAttackSystem.cs Line: 519)

[AudioDiag] Suppressed Alert.Unit.UnderAttack reason=GenericUnderAttackAlertDisabled sourceSystem=UnitAttackSystem requestedAt=72.36 damage=22 target=entity=571:13 name='Armored APC' source='Unit_Veh_APC_Slow' faction=1 cell=(637,530) hp=16/280 attacker=entity=766:7 name='Ghillie Rocketeer' source='Unit_Chr_Ghillie_Male_01' faction=2 cell=(658,533) hp=42/90
UnityEngine.Debug:ExtractStackTraceNoAlloc (byte*,int,string)
UnityEngine.StackTraceUtility:ExtractStackTrace () (at /Users/bokken/build/output/unity/unity/Runtime/Export/Scripting/StackTrace.cs:35)
UnityEngine.DebugLogHandler:Internal_Log (UnityEngine.LogType,UnityEngine.LogOption,string,UnityEngine.Object)
UnityEngine.DebugLogHandler:LogFormat (UnityEngine.LogType,UnityEngine.Object,string,object[])
UnityEngine.Logger:Log (UnityEngine.LogType,object)
UnityEngine.Debug:Log (object)
Game.Runtime.UnitAttackSystem:LogSuppressedUnitUnderAttackAudio (Unity.Entities.EntityManager,Unity.Entities.Entity,Unity.Entities.Entity,int,single,string,string) (at Assets/Game/Scripts/Systems/UnitAttackSystem.cs:519)
Game.Runtime.UnitAttackSystem:TryEmitUnitUnderAttackAudio (Unity.Entities.EntityManager,Unity.Entities.Entity,single,Unity.Entities.Entity,int,string) (at Assets/Game/Scripts/Systems/UnitAttackSystem.cs:471)
Game.Runtime.UnitAttackSystem:OnUpdate (Unity.Entities.SystemState&) (at Assets/Game/Scripts/Systems/UnitAttackSystem.cs:395)
Game.Runtime.UnitAttackSystem:__codegen__OnUpdate (intptr,intptr)
Unity.Entities.SystemBaseRegistry/<>c__DisplayClass9_0:<SelectBurstFn>b__0 (intptr,intptr) (at ./Library/PackageCache/com.unity.entities@bab66ffaba49/Unity.Entities/SystemBaseRegistry.cs:251)
Unity.Entities.WorldUnmanagedImpl/Unity.Entities.UnmanagedUpdate_000015A0$BurstDirectCall:Invoke (void*)
Unity.Entities.WorldUnmanagedImpl:UnmanagedUpdate (void*)
Unity.Entities.WorldUnmanagedImpl:UpdateSystem (Unity.Entities.SystemHandle) (at ./Library/PackageCache/com.unity.entities@bab66ffaba49/Unity.Entities/WorldUnmanaged.cs:942)
Unity.Entities.ComponentSystemGroup:UpdateAllSystems () (at ./Library/PackageCache/com.unity.entities@bab66ffaba49/Unity.Entities/ComponentSystemGroup.cs:725)
Unity.Entities.ComponentSystemGroup:OnUpdate () (at ./Library/PackageCache/com.unity.entities@bab66ffaba49/Unity.Entities/ComponentSystemGroup.cs:687)
Unity.Entities.SystemBase:Update () (at ./Library/PackageCache/com.unity.entities@bab66ffaba49/Unity.Entities/SystemBase.cs:205)
Unity.Entities.ScriptBehaviourUpdateOrder/DummyDelegateWrapper:TriggerUpdate () (at ./Library/PackageCache/com.unity.entities@bab66ffaba49/Unity.Entities/ScriptBehaviourUpdateOrder.cs:523)

(Filename: Assets/Game/Scripts/Systems/UnitAttackSystem.cs Line: 519)

[AudioDiag] Suppressed Alert.Unit.UnderAttack reason=GenericUnderAttackAlertDisabled sourceSystem=UnitAttackSystem requestedAt=72.46 damage=22 target=entity=571:13 name='Armored APC' source='Unit_Veh_APC_Slow' faction=1 cell=(637,530) hp=0/280 attacker=entity=754:7 name='Ghillie Rocketeer' source='Unit_Chr_Ghillie_Male_01' faction=2 cell=(660,533) hp=66/90
UnityEngine.Debug:ExtractStackTraceNoAlloc (byte*,int,string)
UnityEngine.StackTraceUtility:ExtractStackTrace () (at /Users/bokken/build/output/unity/unity/Runtime/Export/Scripting/StackTrace.cs:35)
UnityEngine.DebugLogHandler:Internal_Log (UnityEngine.LogType,UnityEngine.LogOption,string,UnityEngine.Object)
UnityEngine.DebugLogHandler:LogFormat (UnityEngine.LogType,UnityEngine.Object,string,object[])
UnityEngine.Logger:Log (UnityEngine.LogType,object)
UnityEngine.Debug:Log (object)
Game.Runtime.UnitAttackSystem:LogSuppressedUnitUnderAttackAudio (Unity.Entities.EntityManager,Unity.Entities.Entity,Unity.Entities.Entity,int,single,string,string) (at Assets/Game/Scripts/Systems/UnitAttackSystem.cs:519)
Game.Runtime.UnitAttackSystem:TryEmitUnitUnderAttackAudio (Unity.Entities.EntityManager,Unity.Entities.Entity,single,Unity.Entities.Entity,int,string) (at Assets/Game/Scripts/Systems/UnitAttackSystem.cs:471)
Game.Runtime.UnitAttackSystem:OnUpdate (Unity.Entities.SystemState&) (at Assets/Game/Scripts/Systems/UnitAttackSystem.cs:395)
Game.Runtime.UnitAttackSystem:__codegen__OnUpdate (intptr,intptr)
Unity.Entities.SystemBaseRegistry/<>c__DisplayClass9_0:<SelectBurstFn>b__0 (intptr,intptr) (at ./Library/PackageCache/com.unity.entities@bab66ffaba49/Unity.Entities/SystemBaseRegistry.cs:251)
Unity.Entities.WorldUnmanagedImpl/Unity.Entities.UnmanagedUpdate_000015A0$BurstDirectCall:Invoke (void*)
Unity.Entities.WorldUnmanagedImpl:UnmanagedUpdate (void*)
Unity.Entities.WorldUnmanagedImpl:UpdateSystem (Unity.Entities.SystemHandle) (at ./Library/PackageCache/com.unity.entities@bab66ffaba49/Unity.Entities/WorldUnmanaged.cs:942)
Unity.Entities.ComponentSystemGroup:UpdateAllSystems () (at ./Library/PackageCache/com.unity.entities@bab66ffaba49/Unity.Entities/ComponentSystemGroup.cs:725)
Unity.Entities.ComponentSystemGroup:OnUpdate () (at ./Library/PackageCache/com.unity.entities@bab66ffaba49/Unity.Entities/ComponentSystemGroup.cs:687)
Unity.Entities.SystemBase:Update () (at ./Library/PackageCache/com.unity.entities@bab66ffaba49/Unity.Entities/SystemBase.cs:205)
Unity.Entities.ScriptBehaviourUpdateOrder/DummyDelegateWrapper:TriggerUpdate () (at ./Library/PackageCache/com.unity.entities@bab66ffaba49/Unity.Entities/ScriptBehaviourUpdateOrder.cs:523)

(Filename: Assets/Game/Scripts/Systems/UnitAttackSystem.cs Line: 519)

[PerfDiag] slowUpdate frame=2346 total=56.6ms gc=0/0/0 cpuFrame=36.4ms cpuMain=33.1ms cpuRender=2.5ms gpu=8.1ms steps=RoadBuild=0.0ms, BuildingPlacement=0.1ms, Selection=0.2ms, DayNight=0.0ms, CitizenPopulation=0.0ms, MainMenu=56.3ms units=414 models=50 sourceKeys=414 sourceKeyFallbackVisuals=0 initialSpawnConfigs=0 drawCalls=327 batches=0 setPass=99 tris=2801242 verts=5056282 memory=alloc=5041MB reserved=5872MB mono=1501MB uiToolkit=0 gameplayInitialized=1 playRequested=1 simulationActive=1 focused=1 vSync=0 targetFps=-1 topSystems=disabled markers=disabled
[FrameRateDiag] fps=29.2 avgFrame=34.2ms updateAvg=9.0ms updateMax=56.6ms cpuFrame=28.5ms cpuMain=25.9ms cpuRender=2.5ms gpu=7.3ms drawCalls=327 batches=0 setPass=97 tris=2801200 verts=5056198 units=414 models=50 sourceKeys=414 sourceKeyFallbackVisuals=0 initialSpawnConfigs=0 impostors=16 render=screen=2400x1080,batch=0,quality=0:PC,vSync=0,targetFps=-1,pipeline=Mobile_RPAsset_MobileCandidate,scale=0.75,msaa=0,camera=Main Camera,cameraData=post:1,aa:FastApproximateAntialiasing,stack:0 memory=alloc=5033MB reserved=5866MB mono=1502MB focused=1 playRequested=1 simulationActive=1 stepStats=none topSystems=disabled markers=disabled
[PerfDiag] slowUpdate frame=2371 total=52.4ms gc=0/0/0 cpuFrame=34.9ms cpuMain=32.4ms cpuRender=0.6ms gpu=0.3ms steps=RoadBuild=0.0ms, BuildingPlacement=0.1ms, Selection=0.2ms, DayNight=0.0ms, CitizenPopulation=0.0ms, MainMenu=52.0ms units=414 models=50 sourceKeys=414 sourceKeyFallbackVisuals=0 initialSpawnConfigs=0 drawCalls=327 batches=0 setPass=97 tris=2801144 verts=5056086 memory=alloc=5034MB reserved=5863MB mono=1503MB uiToolkit=0 gameplayInitialized=1 playRequested=1 simulationActive=1 focused=1 vSync=0 targetFps=-1 topSystems=disabled markers=disabled
[PerfDiag] slowUpdate frame=2397 total=47.7ms gc=0/0/0 cpuFrame=28.7ms cpuMain=26.3ms cpuRender=2.1ms gpu=6.3ms steps=RoadBuild=0.0ms, BuildingPlacement=0.1ms, Selection=0.1ms, DayNight=0.0ms, CitizenPopulation=0.0ms, MainMenu=47.4ms units=414 models=50 sourceKeys=414 sourceKeyFallbackVisuals=0 initialSpawnConfigs=0 drawCalls=326 batches=0 setPass=97 tris=2801166 verts=5056130 memory=alloc=5036MB reserved=5855MB mono=1505MB uiToolkit=0 gameplayInitialized=1 playRequested=1 simulationActive=1 focused=1 vSync=0 targetFps=-1 topSystems=disabled markers=disabled
[PerfDiag] slowUpdate frame=2423 total=54.0ms gc=0/0/0 cpuFrame=32.7ms cpuMain=30.3ms cpuRender=2.6ms gpu=15.8ms steps=RoadBuild=0.0ms, BuildingPlacement=0.1ms, Selection=0.1ms, DayNight=0.0ms, CitizenPopulation=0.0ms, MainMenu=53.6ms units=414 models=50 sourceKeys=414 sourceKeyFallbackVisuals=0 initialSpawnConfigs=0 drawCalls=327 batches=0 setPass=99 tris=2790147 verts=5027390 memory=alloc=5039MB reserved=5837MB mono=1508MB uiToolkit=0 gameplayInitialized=1 playRequested=1 simulationActive=1 focused=1 vSync=0 targetFps=-1 topSystems=disabled markers=disabled
[FrameRateDiag] fps=31.3 avgFrame=32.0ms updateAvg=8.8ms updateMax=54.0ms cpuFrame=31.2ms cpuMain=28.8ms cpuRender=0.6ms gpu=0.3ms drawCalls=327 batches=0 setPass=99 tris=2783159 verts=5008998 units=414 models=50 sourceKeys=414 sourceKeyFallbackVisuals=0 initialSpawnConfigs=0 impostors=21 render=screen=2400x1080,batch=0,quality=0:PC,vSync=0,targetFps=-1,pipeline=Mobile_RPAsset_MobileCandidate,scale=0.75,msaa=0,camera=Main Camera,cameraData=post:1,aa:FastApproximateAntialiasing,stack:0 memory=alloc=5051MB reserved=5831MB mono=1508MB focused=1 playRequested=1 simulationActive=1 stepStats=none topSystems=disabled markers=disabled
[PerfDiag] slowUpdate frame=2446 total=50.4ms gc=0/0/0 cpuFrame=33.7ms cpuMain=31.6ms cpuRender=2.6ms gpu=7.8ms steps=RoadBuild=0.0ms, BuildingPlacement=0.1ms, Selection=0.1ms, DayNight=0.0ms, CitizenPopulation=0.0ms, MainMenu=50.1ms units=414 models=50 sourceKeys=414 sourceKeyFallbackVisuals=0 initialSpawnConfigs=0 drawCalls=326 batches=0 setPass=99 tris=2756841 verts=4942918 memory=alloc=5045MB reserved=5835MB mono=1510MB uiToolkit=0 gameplayInitialized=1 playRequested=1 simulationActive=1 focused=1 vSync=0 targetFps=-1 topSystems=disabled markers=disabled
[PerfDiag] slowUpdate frame=2470 total=56.0ms gc=0/0/0 cpuFrame=29.0ms cpuMain=26.6ms cpuRender=2.6ms gpu=6.9ms steps=RoadBuild=0.0ms, BuildingPlacement=0.2ms, Selection=0.1ms, DayNight=0.0ms, CitizenPopulation=0.0ms, MainMenu=55.7ms units=414 models=50 sourceKeys=414 sourceKeyFallbackVisuals=0 initialSpawnConfigs=0 drawCalls=344 batches=0 setPass=110 tris=2736055 verts=4886780 memory=alloc=5054MB reserved=5826MB mono=1512MB uiToolkit=0 gameplayInitialized=1 playRequested=1 simulationActive=1 focused=1 vSync=0 targetFps=-1 topSystems=disabled markers=disabled
[FrameRateDiag] fps=29.4 avgFrame=34.0ms updateAvg=9.0ms updateMax=56.0ms cpuFrame=35.2ms cpuMain=31.7ms cpuRender=3.4ms gpu=31.2ms drawCalls=335 batches=0 setPass=107 tris=2712048 verts=4838563 units=412 models=48 sourceKeys=412 sourceKeyFallbackVisuals=0 initialSpawnConfigs=0 impostors=28 render=screen=2400x1080,batch=0,quality=0:PC,vSync=0,targetFps=-1,pipeline=Mobile_RPAsset_MobileCandidate,scale=0.75,msaa=0,camera=Main Camera,cameraData=post:1,aa:FastApproximateAntialiasing,stack:0 memory=alloc=5059MB reserved=5823MB mono=1514MB focused=1 playRequested=1 simulationActive=1 stepStats=none topSystems=disabled markers=disabled
[PerfDiag] slowUpdate frame=2493 total=56.1ms gc=0/0/0 cpuFrame=29.1ms cpuMain=26.6ms cpuRender=2.8ms gpu=7.1ms steps=RoadBuild=0.0ms, BuildingPlacement=0.1ms, Selection=0.1ms, DayNight=0.0ms, CitizenPopulation=0.0ms, MainMenu=55.8ms units=411 models=47 sourceKeys=411 sourceKeyFallbackVisuals=0 initialSpawnConfigs=0 drawCalls=336 batches=0 setPass=108 tris=2740246 verts=4912149 memory=alloc=5059MB reserved=5823MB mono=1514MB uiToolkit=0 gameplayInitialized=1 playRequested=1 simulationActive=1 focused=1 vSync=0 targetFps=-1 topSystems=disabled markers=disabled
[PerfDiag] slowUpdate frame=2518 total=57.4ms gc=0/0/0 cpuFrame=29.9ms cpuMain=27.3ms cpuRender=2.6ms gpu=13.7ms steps=RoadBuild=0.0ms, BuildingPlacement=0.1ms, Selection=0.1ms, DayNight=0.0ms, CitizenPopulation=0.0ms, MainMenu=57.1ms units=411 models=47 sourceKeys=411 sourceKeyFallbackVisuals=0 initialSpawnConfigs=0 drawCalls=335 batches=0 setPass=107 tris=2763694 verts=4968037 memory=alloc=5064MB reserved=5823MB mono=1517MB uiToolkit=0 gameplayInitialized=1 playRequested=1 simulationActive=1 focused=1 vSync=0 targetFps=-1 topSystems=disabled markers=disabled
[PerfDiag] slowUpdate frame=2544 total=47.6ms gc=0/0/0 cpuFrame=30.1ms cpuMain=27.7ms cpuRender=2.3ms gpu=15.2ms steps=RoadBuild=0.0ms, BuildingPlacement=0.1ms, Selection=0.1ms, DayNight=0.0ms, CitizenPopulation=0.0ms, MainMenu=47.3ms units=411 models=47 sourceKeys=411 sourceKeyFallbackVisuals=0 initialSpawnConfigs=0 drawCalls=336 batches=0 setPass=107 tris=2763744 verts=4968137 memory=alloc=5068MB reserved=5822MB mono=1519MB uiToolkit=0 gameplayInitialized=1 playRequested=1 simulationActive=1 focused=1 vSync=0 targetFps=-1 topSystems=disabled markers=disabled
[FrameRateDiag] fps=31.8 avgFrame=31.5ms updateAvg=8.9ms updateMax=57.4ms cpuFrame=29.4ms cpuMain=26.5ms cpuRender=0.5ms gpu=16.2ms drawCalls=336 batches=0 setPass=107 tris=2763746 verts=4968141 units=411 models=47 sourceKeys=411 sourceKeyFallbackVisuals=0 initialSpawnConfigs=0 impostors=18 render=screen=2400x1080,batch=0,quality=0:PC,vSync=0,targetFps=-1,pipeline=Mobile_RPAsset_MobileCandidate,scale=0.75,msaa=0,camera=Main Camera,cameraData=post:1,aa:FastApproximateAntialiasing,stack:0 memory=alloc=5070MB reserved=5819MB mono=1520MB focused=1 playRequested=1 simulationActive=1 stepStats=none topSystems=disabled markers=disabled
[PerfDiag] slowUpdate frame=2571 total=55.1ms gc=0/0/0 cpuFrame=36.8ms cpuMain=34.4ms cpuRender=0.6ms gpu=0.3ms steps=RoadBuild=0.0ms, BuildingPlacement=0.1ms, Selection=0.1ms, DayNight=0.0ms, CitizenPopulation=0.0ms, MainMenu=54.8ms units=411 models=47 sourceKeys=411 sourceKeyFallbackVisuals=0 initialSpawnConfigs=0 drawCalls=336 batches=0 setPass=107 tris=2763648 verts=4967945 memory=alloc=5072MB reserved=5809MB mono=1522MB uiToolkit=0 gameplayInitialized=1 playRequested=1 simulationActive=1 focused=1 vSync=0 targetFps=-1 topSystems=disabled markers=disabled
[PerfDiag] slowUpdate frame=2597 total=48.0ms gc=0/0/0 cpuFrame=30.2ms cpuMain=27.7ms cpuRender=0.6ms gpu=0.2ms steps=RoadBuild=0.0ms, BuildingPlacement=0.1ms, Selection=0.1ms, DayNight=0.0ms, CitizenPopulation=0.0ms, MainMenu=47.8ms units=411 models=47 sourceKeys=411 sourceKeyFallbackVisuals=0 initialSpawnConfigs=0 drawCalls=328 batches=0 setPass=102 tris=2763966 verts=4968505 memory=alloc=5075MB reserved=5801MB mono=1524MB uiToolkit=0 gameplayInitialized=1 playRequested=1 simulationActive=1 focused=1 vSync=0 targetFps=-1 topSystems=disabled markers=disabled
[AudioDiag] Playback event=VO.ARIA.Message.WarningGroundAttackType bus=Voice requestId=231 played=1 status=Presented reason=Played at=93.98 source=null
UnityEngine.Debug:ExtractStackTraceNoAlloc (byte*,int,string)
UnityEngine.StackTraceUtility:ExtractStackTrace () (at /Users/bokken/build/output/unity/unity/Runtime/Export/Scripting/StackTrace.cs:35)
UnityEngine.DebugLogHandler:Internal_Log (UnityEngine.LogType,UnityEngine.LogOption,string,UnityEngine.Object)
UnityEngine.DebugLogHandler:LogFormat (UnityEngine.LogType,UnityEngine.Object,string,object[])
UnityEngine.Logger:Log (UnityEngine.LogType,object)
UnityEngine.Debug:Log (object)
Game.Runtime.AudioPlaybackPresentationDiagnostics:Log (Unity.Entities.EntityManager,Game.Components.AudioPlaybackRequestElement,Game.Configs.AudioEventCatalogEntry,Game.Runtime.AudioPlaybackPresentationResult,single) (at Assets/Game/Scripts/Audio/Runtime/AudioPlaybackPresentationDiagnostics.cs:32)
Game.Runtime.AudioPlaybackPresentationBridgeSystemHelper:DrainAcceptedRequests (Unity.Entities.EntityManager,Game.Configs.AudioEventCatalogConfig,Game.Configs.AudioMixerBusConfig,Game.Runtime.AudioPlaybackPresentationSystemHelper,single) (at Assets/Game/Scripts/Audio/Runtime/AudioPlaybackPresentationBridgeSystemHelper.cs:169)
Game.Runtime.AudioPlaybackPresentationRuntimeView:Update () (at Assets/Game/Scripts/Audio/Runtime/AudioPlaybackPresentationRuntimeView.cs:54)

(Filename: Assets/Game/Scripts/Audio/Runtime/AudioPlaybackPresentationDiagnostics.cs Line: 32)

[FrameRateDiag] fps=32.4 avgFrame=30.9ms updateAvg=8.2ms updateMax=55.1ms cpuFrame=30.8ms cpuMain=28.4ms cpuRender=2.5ms gpu=8.0ms drawCalls=339 batches=0 setPass=111 tris=2764692 verts=4969977 units=411 models=47 sourceKeys=411 sourceKeyFallbackVisuals=0 initialSpawnConfigs=0 impostors=18 render=screen=2400x1080,batch=0,quality=0:PC,vSync=0,targetFps=-1,pipeline=Mobile_RPAsset_MobileCandidate,scale=0.75,msaa=0,camera=Main Camera,cameraData=post:1,aa:FastApproximateAntialiasing,stack:0 memory=alloc=5076MB reserved=5797MB mono=1526MB focused=1 playRequested=1 simulationActive=1 stepStats=none topSystems=disabled markers=disabled
[RenderSceneDiag] frame=2616 source=profilerCounters drawCalls=339 batches=0 setPass=111 tris=2764692 verts=4969977 topSystems=disabled markers=disabled
[PerfDiag] slowUpdate frame=2624 total=55.0ms gc=0/0/0 cpuFrame=33.1ms cpuMain=30.9ms cpuRender=0.7ms gpu=0.4ms steps=RoadBuild=0.0ms, BuildingPlacement=0.1ms, Selection=0.1ms, DayNight=0.0ms, CitizenPopulation=0.0ms, MainMenu=54.7ms units=411 models=47 sourceKeys=411 sourceKeyFallbackVisuals=0 initialSpawnConfigs=0 drawCalls=341 batches=0 setPass=111 tris=2763554 verts=4968011 memory=alloc=5076MB reserved=5797MB mono=1527MB uiToolkit=0 gameplayInitialized=1 playRequested=1 simulationActive=1 focused=1 vSync=0 targetFps=-1 topSystems=disabled markers=disabled
[PerfDiag] slowUpdate frame=2650 total=50.7ms gc=0/0/0 cpuFrame=30.0ms cpuMain=27.9ms cpuRender=2.2ms gpu=10.6ms steps=RoadBuild=0.0ms, BuildingPlacement=0.1ms, Selection=0.1ms, DayNight=0.0ms, CitizenPopulation=0.0ms, MainMenu=50.4ms units=411 models=47 sourceKeys=411 sourceKeyFallbackVisuals=0 initialSpawnConfigs=0 drawCalls=344 batches=0 setPass=112 tris=2763896 verts=4968619 memory=alloc=5079MB reserved=5797MB mono=1530MB uiToolkit=0 gameplayInitialized=1 playRequested=1 simulationActive=1 focused=1 vSync=0 targetFps=-1 topSystems=disabled markers=disabled
[PerfDiag] slowUpdate frame=2680 total=48.4ms gc=0/0/0 cpuFrame=30.0ms cpuMain=27.0ms cpuRender=0.5ms gpu=14.4ms steps=RoadBuild=0.0ms, BuildingPlacement=0.1ms, Selection=0.1ms, DayNight=0.0ms, CitizenPopulation=0.0ms, MainMenu=48.2ms units=411 models=47 sourceKeys=411 sourceKeyFallbackVisuals=0 initialSpawnConfigs=0 drawCalls=345 batches=0 setPass=115 tris=2763694 verts=4968291 memory=alloc=5076MB reserved=5793MB mono=1533MB uiToolkit=0 gameplayInitialized=1 playRequested=1 simulationActive=1 focused=1 vSync=0 targetFps=-1 topSystems=disabled markers=disabled
[FrameRateDiag] fps=33.3 avgFrame=30.0ms updateAvg=8.5ms updateMax=55.0ms cpuFrame=24.8ms cpuMain=22.8ms cpuRender=2.5ms gpu=14.4ms drawCalls=344 batches=0 setPass=114 tris=2763916 verts=4968659 units=411 models=47 sourceKeys=411 sourceKeyFallbackVisuals=0 initialSpawnConfigs=0 impostors=18 render=screen=2400x1080,batch=0,quality=0:PC,vSync=0,targetFps=-1,pipeline=Mobile_RPAsset_MobileCandidate,scale=0.75,msaa=0,camera=Main Camera,cameraData=post:1,aa:FastApproximateAntialiasing,stack:0 memory=alloc=5077MB reserved=5793MB mono=1533MB focused=1 playRequested=1 simulationActive=1 stepStats=none topSystems=disabled markers=disabled
[PerfDiag] slowUpdate frame=2706 total=48.0ms gc=0/0/0 cpuFrame=31.8ms cpuMain=29.6ms cpuRender=2.3ms gpu=7.4ms steps=RoadBuild=0.0ms, BuildingPlacement=0.1ms, Selection=0.1ms, DayNight=0.0ms, CitizenPopulation=0.0ms, MainMenu=47.8ms units=411 models=47 sourceKeys=411 sourceKeyFallbackVisuals=0 initialSpawnConfigs=0 drawCalls=353 batches=0 setPass=123 tris=2764044 verts=4968915 memory=alloc=5081MB reserved=5789MB mono=1535MB uiToolkit=0 gameplayInitialized=1 playRequested=1 simulationActive=1 focused=1 vSync=0 targetFps=-1 topSystems=disabled markers=disabled
[PerfDiag] slowUpdate frame=2733 total=47.9ms gc=0/0/0 cpuFrame=29.3ms cpuMain=27.1ms cpuRender=2.3ms gpu=7.0ms steps=RoadBuild=0.0ms, BuildingPlacement=0.1ms, Selection=0.1ms, DayNight=0.0ms, CitizenPopulation=0.0ms, MainMenu=47.6ms units=411 models=47 sourceKeys=411 sourceKeyFallbackVisuals=0 initialSpawnConfigs=0 drawCalls=341 batches=0 setPass=110 tris=2793570 verts=5045711 memory=alloc=5082MB reserved=5788MB mono=1538MB uiToolkit=0 gameplayInitialized=1 playRequested=1 simulationActive=1 focused=1 vSync=0 targetFps=-1 topSystems=disabled markers=disabled
[FrameRateDiag] fps=34.6 avgFrame=28.9ms updateAvg=7.7ms updateMax=48.0ms cpuFrame=25.1ms cpuMain=22.3ms cpuRender=0.5ms gpu=15.6ms drawCalls=349 batches=0 setPass=114 tris=2831452 verts=5139395 units=411 models=47 sourceKeys=411 sourceKeyFallbackVisuals=0 initialSpawnConfigs=0 impostors=18 render=screen=2400x1080,batch=0,quality=0:PC,vSync=0,targetFps=-1,pipeline=Mobile_RPAsset_MobileCandidate,scale=0.75,msaa=0,camera=Main Camera,cameraData=post:1,aa:FastApproximateAntialiasing,stack:0 memory=alloc=5086MB reserved=5788MB mono=1540MB focused=1 playRequested=1 simulationActive=1 stepStats=none topSystems=disabled markers=disabled
[PerfDiag] slowUpdate frame=2760 total=55.7ms gc=0/0/0 cpuFrame=35.5ms cpuMain=32.5ms cpuRender=2.6ms gpu=30.1ms steps=RoadBuild=0.0ms, BuildingPlacement=0.1ms, Selection=0.2ms, DayNight=0.0ms, CitizenPopulation=0.0ms, MainMenu=55.3ms units=411 models=47 sourceKeys=411 sourceKeyFallbackVisuals=0 initialSpawnConfigs=0 drawCalls=349 batches=0 setPass=113 tris=2832078 verts=5140591 memory=alloc=5087MB reserved=5788MB mono=1540MB uiToolkit=0 gameplayInitialized=1 playRequested=1 simulationActive=1 focused=1 vSync=0 targetFps=-1 topSystems=disabled markers=disabled
[PerfDiag] slowUpdate frame=2786 total=49.6ms gc=0/0/0 cpuFrame=34.4ms cpuMain=30.9ms cpuRender=2.6ms gpu=14.1ms steps=RoadBuild=0.0ms, BuildingPlacement=0.1ms, Selection=0.1ms, DayNight=0.0ms, CitizenPopulation=0.0ms, MainMenu=49.3ms units=411 models=47 sourceKeys=411 sourceKeyFallbackVisuals=0 initialSpawnConfigs=0 drawCalls=346 batches=0 setPass=111 tris=2855666 verts=5196759 memory=alloc=5090MB reserved=5788MB mono=1543MB uiToolkit=0 gameplayInitialized=1 playRequested=1 simulationActive=1 focused=1 vSync=0 targetFps=-1 topSystems=disabled markers=disabled
[PerfDiag] slowUpdate frame=2813 total=49.8ms gc=0/0/0 cpuFrame=30.6ms cpuMain=28.6ms cpuRender=2.3ms gpu=15.0ms steps=RoadBuild=0.0ms, BuildingPlacement=0.1ms, Selection=0.1ms, DayNight=0.0ms, CitizenPopulation=0.0ms, MainMenu=49.6ms units=411 models=47 sourceKeys=411 sourceKeyFallbackVisuals=0 initialSpawnConfigs=0 drawCalls=353 batches=0 setPass=116 tris=2865129 verts=5218593 memory=alloc=5095MB reserved=5788MB mono=1546MB uiToolkit=0 gameplayInitialized=1 playRequested=1 simulationActive=1 focused=1 vSync=0 targetFps=-1 topSystems=disabled markers=disabled
[FrameRateDiag] fps=32.9 avgFrame=30.4ms updateAvg=8.7ms updateMax=55.7ms cpuFrame=30.6ms cpuMain=28.1ms cpuRender=0.7ms gpu=0.1ms drawCalls=348 batches=0 setPass=111 tris=2865045 verts=5218425 units=411 models=47 sourceKeys=411 sourceKeyFallbackVisuals=0 initialSpawnConfigs=0 impostors=18 render=screen=2400x1080,batch=0,quality=0:PC,vSync=0,targetFps=-1,pipeline=Mobile_RPAsset_MobileCandidate,scale=0.75,msaa=0,camera=Main Camera,cameraData=post:1,aa:FastApproximateAntialiasing,stack:0 memory=alloc=5096MB reserved=5788MB mono=1546MB focused=1 playRequested=1 simulationActive=1 stepStats=none topSystems=disabled markers=disabled
[PerfDiag] slowUpdate frame=2840 total=58.6ms gc=0/0/0 cpuFrame=33.8ms cpuMain=31.6ms cpuRender=2.6ms gpu=12.6ms steps=RoadBuild=0.0ms, BuildingPlacement=0.1ms, Selection=0.1ms, DayNight=0.0ms, CitizenPopulation=0.0ms, MainMenu=58.3ms units=411 models=47 sourceKeys=411 sourceKeyFallbackVisuals=0 initialSpawnConfigs=0 drawCalls=345 batches=0 setPass=107 tris=2865125 verts=5218509 memory=alloc=5099MB reserved=5788MB mono=1548MB uiToolkit=0 gameplayInitialized=1 playRequested=1 simulationActive=1 focused=1 vSync=0 targetFps=-1 topSystems=disabled markers=disabled
[PerfDiag] slowUpdate frame=2866 total=48.4ms gc=0/0/0 cpuFrame=29.1ms cpuMain=26.8ms cpuRender=2.3ms gpu=7.8ms steps=RoadBuild=0.0ms, BuildingPlacement=0.1ms, Selection=0.1ms, DayNight=0.0ms, CitizenPopulation=0.0ms, MainMenu=48.1ms units=411 models=47 sourceKeys=411 sourceKeyFallbackVisuals=0 initialSpawnConfigs=0 drawCalls=344 batches=0 setPass=108 tris=2865041 verts=5218417 memory=alloc=5096MB reserved=5784MB mono=1551MB uiToolkit=0 gameplayInitialized=1 playRequested=1 simulationActive=1 focused=1 vSync=0 targetFps=-1 topSystems=disabled markers=disabled
[FrameRateDiag] fps=32.4 avgFrame=30.9ms updateAvg=8.5ms updateMax=58.6ms cpuFrame=35.6ms cpuMain=31.3ms cpuRender=0.6ms gpu=0.2ms drawCalls=348 batches=0 setPass=113 tris=2865403 verts=5219141 units=411 models=47 sourceKeys=411 sourceKeyFallbackVisuals=0 initialSpawnConfigs=0 impostors=18 render=screen=2400x1080,batch=0,quality=0:PC,vSync=0,targetFps=-1,pipeline=Mobile_RPAsset_MobileCandidate,scale=0.75,msaa=0,camera=Main Camera,cameraData=post:1,aa:FastApproximateAntialiasing,stack:0 memory=alloc=5097MB reserved=5784MB mono=1553MB focused=1 playRequested=1 simulationActive=1 stepStats=none topSystems=disabled markers=disabled
[PerfDiag] slowUpdate frame=2891 total=58.7ms gc=0/0/0 cpuFrame=29.8ms cpuMain=26.8ms cpuRender=2.5ms gpu=35.2ms steps=RoadBuild=0.0ms, BuildingPlacement=0.1ms, Selection=0.2ms, DayNight=0.0ms, CitizenPopulation=0.0ms, MainMenu=58.3ms units=411 models=47 sourceKeys=411 sourceKeyFallbackVisuals=0 initialSpawnConfigs=0 drawCalls=347 batches=0 setPass=110 tris=2865363 verts=5219061 memory=alloc=5098MB reserved=5784MB mono=1553MB uiToolkit=0 gameplayInitialized=1 playRequested=1 simulationActive=1 focused=1 vSync=0 targetFps=-1 topSystems=disabled markers=disabled
[PerfDiag] slowUpdate frame=2916 total=49.3ms gc=0/0/0 cpuFrame=31.9ms cpuMain=28.9ms cpuRender=2.6ms gpu=35.0ms steps=RoadBuild=0.0ms, BuildingPlacement=0.1ms, Selection=0.1ms, DayNight=0.0ms, CitizenPopulation=0.0ms, MainMenu=49.1ms units=411 models=47 sourceKeys=411 sourceKeyFallbackVisuals=0 initialSpawnConfigs=0 drawCalls=348 batches=0 setPass=112 tris=2865543 verts=5219421 memory=alloc=5099MB reserved=5783MB mono=1556MB uiToolkit=0 gameplayInitialized=1 playRequested=1 simulationActive=1 focused=1 vSync=0 targetFps=-1 topSystems=disabled markers=disabled
[PerfDiag] slowUpdate frame=2943 total=48.8ms gc=0/0/0 cpuFrame=29.1ms cpuMain=27.0ms cpuRender=2.3ms gpu=15.4ms steps=RoadBuild=0.0ms, BuildingPlacement=0.1ms, Selection=0.1ms, DayNight=0.0ms, CitizenPopulation=0.0ms, MainMenu=48.6ms units=411 models=47 sourceKeys=411 sourceKeyFallbackVisuals=0 initialSpawnConfigs=0 drawCalls=358 batches=0 setPass=120 tris=2874576 verts=5240375 memory=alloc=5100MB reserved=5781MB mono=1559MB uiToolkit=0 gameplayInitialized=1 playRequested=1 simulationActive=1 focused=1 vSync=0 targetFps=-1 topSystems=disabled markers=disabled
[FrameRateDiag] fps=32.4 avgFrame=30.9ms updateAvg=9.2ms updateMax=58.7ms cpuFrame=32.4ms cpuMain=28.4ms cpuRender=0.5ms gpu=15.4ms drawCalls=352 batches=0 setPass=114 tris=2875192 verts=5241551 units=411 models=47 sourceKeys=411 sourceKeyFallbackVisuals=0 initialSpawnConfigs=0 impostors=18 render=screen=2400x1080,batch=0,quality=0:PC,vSync=0,targetFps=-1,pipeline=Mobile_RPAsset_MobileCandidate,scale=0.75,msaa=0,camera=Main Camera,cameraData=post:1,aa:FastApproximateAntialiasing,stack:0 memory=alloc=5100MB reserved=5781MB mono=1559MB focused=1 playRequested=1 simulationActive=1 stepStats=none topSystems=disabled markers=disabled
[RenderSceneDiag] frame=2949 source=profilerCounters drawCalls=352 batches=0 setPass=114 tris=2875192 verts=5241551 topSystems=disabled markers=disabled
[PerfDiag] slowUpdate frame=2969 total=49.0ms gc=0/0/0 cpuFrame=32.6ms cpuMain=30.3ms cpuRender=0.6ms gpu=0.2ms steps=RoadBuild=0.0ms, BuildingPlacement=0.1ms, Selection=0.1ms, DayNight=0.0ms, CitizenPopulation=0.0ms, MainMenu=48.7ms units=411 models=47 sourceKeys=411 sourceKeyFallbackVisuals=0 initialSpawnConfigs=0 drawCalls=351 batches=0 setPass=108 tris=2884899 verts=5263721 memory=alloc=5101MB reserved=5781MB mono=1561MB uiToolkit=0 gameplayInitialized=1 playRequested=1 simulationActive=1 focused=1 vSync=0 targetFps=-1 topSystems=disabled markers=disabled
[PerfDiag] slowUpdate frame=2996 total=50.0ms gc=0/0/0 cpuFrame=30.2ms cpuMain=28.1ms cpuRender=0.5ms gpu=0.3ms steps=RoadBuild=0.0ms, BuildingPlacement=0.1ms, Selection=0.1ms, DayNight=0.0ms, CitizenPopulation=0.0ms, MainMenu=49.7ms units=411 models=47 sourceKeys=411 sourceKeyFallbackVisuals=0 initialSpawnConfigs=0 drawCalls=350 batches=0 setPass=108 tris=2884715 verts=5263429 memory=alloc=5102MB reserved=5780MB mono=1564MB uiToolkit=0 gameplayInitialized=1 playRequested=1 simulationActive=1 focused=1 vSync=0 targetFps=-1 topSystems=disabled markers=disabled
[FrameRateDiag] fps=32.6 avgFrame=30.7ms updateAvg=8.5ms updateMax=50.0ms cpuFrame=32.5ms cpuMain=30.4ms cpuRender=2.7ms gpu=16.3ms drawCalls=383 batches=0 setPass=112 tris=2885464 verts=5269411 units=411 models=47 sourceKeys=411 sourceKeyFallbackVisuals=0 initialSpawnConfigs=0 impostors=18 render=screen=2400x1080,batch=0,quality=0:PC,vSync=0,targetFps=-1,pipeline=Mobile_RPAsset_MobileCandidate,scale=0.75,msaa=0,camera=Main Camera,cameraData=post:1,aa:FastApproximateAntialiasing,stack:0 memory=alloc=5105MB reserved=5780MB mono=1566MB focused=1 playRequested=1 simulationActive=1 stepStats=none topSystems=disabled markers=disabled
[PerfDiag] slowUpdate frame=3023 total=56.7ms gc=0/0/0 cpuFrame=34.2ms cpuMain=31.2ms cpuRender=2.6ms gpu=32.5ms steps=RoadBuild=0.0ms, BuildingPlacement=0.1ms, Selection=0.1ms, DayNight=0.0ms, CitizenPopulation=0.0ms, MainMenu=56.4ms units=411 models=47 sourceKeys=411 sourceKeyFallbackVisuals=0 initialSpawnConfigs=0 drawCalls=381 batches=0 setPass=108 tris=2885410 verts=5269303 memory=alloc=5104MB reserved=5780MB mono=1567MB uiToolkit=0 gameplayInitialized=1 playRequested=1 simulationActive=1 focused=1 vSync=0 targetFps=-1 topSystems=disabled markers=disabled
[PerfDiag] slowUpdate frame=3049 total=48.6ms gc=0/0/0 cpuFrame=30.1ms cpuMain=27.3ms cpuRender=2.4ms gpu=29.3ms steps=RoadBuild=0.0ms, BuildingPlacement=0.1ms, Selection=0.1ms, DayNight=0.0ms, CitizenPopulation=0.0ms, MainMenu=48.4ms units=411 models=47 sourceKeys=411 sourceKeyFallbackVisuals=0 initialSpawnConfigs=0 drawCalls=385 batches=0 setPass=114 tris=2885290 verts=5269139 memory=alloc=5105MB reserved=5778MB mono=1570MB uiToolkit=0 gameplayInitialized=1 playRequested=1 simulationActive=1 focused=1 vSync=0 targetFps=-1 topSystems=disabled markers=disabled
[PerfDiag] slowUpdate frame=3079 total=48.8ms gc=0/0/0 cpuFrame=31.2ms cpuMain=28.6ms cpuRender=2.4ms gpu=27.7ms steps=RoadBuild=0.0ms, BuildingPlacement=0.1ms, Selection=0.1ms, DayNight=0.0ms, CitizenPopulation=0.0ms, MainMenu=48.5ms units=411 models=47 sourceKeys=411 sourceKeyFallbackVisuals=0 initialSpawnConfigs=0 drawCalls=392 batches=0 setPass=123 tris=2885610 verts=5269703 memory=alloc=5107MB reserved=5777MB mono=1573MB uiToolkit=0 gameplayInitialized=1 playRequested=1 simulationActive=1 focused=1 vSync=0 targetFps=-1 topSystems=disabled markers=disabled
[FrameRateDiag] fps=33.1 avgFrame=30.3ms updateAvg=8.8ms updateMax=56.7ms cpuFrame=25.4ms cpuMain=23.1ms cpuRender=2.3ms gpu=18.6ms drawCalls=386 batches=0 setPass=115 tris=2884854 verts=5268247 units=411 models=47 sourceKeys=411 sourceKeyFallbackVisuals=0 initialSpawnConfigs=0 impostors=18 render=screen=2400x1080,batch=0,quality=0:PC,vSync=0,targetFps=-1,pipeline=Mobile_RPAsset_MobileCandidate,scale=0.75,msaa=0,camera=Main Camera,cameraData=post:1,aa:FastApproximateAntialiasing,stack:0 memory=alloc=5107MB reserved=5777MB mono=1573MB focused=1 playRequested=1 simulationActive=1 stepStats=none topSystems=disabled markers=disabled
[PerfDiag] slowUpdate frame=3104 total=48.9ms gc=0/0/0 cpuFrame=30.0ms cpuMain=27.8ms cpuRender=2.3ms gpu=7.4ms steps=RoadBuild=0.0ms, BuildingPlacement=0.1ms, Selection=0.1ms, DayNight=0.0ms, CitizenPopulation=0.0ms, MainMenu=48.6ms units=411 models=47 sourceKeys=411 sourceKeyFallbackVisuals=0 initialSpawnConfigs=0 drawCalls=379 batches=0 setPass=106 tris=2885356 verts=5269195 memory=alloc=5108MB reserved=5777MB mono=1575MB uiToolkit=0 gameplayInitialized=1 playRequested=1 simulationActive=1 focused=1 vSync=0 targetFps=-1 topSystems=disabled markers=disabled
[PerfDiag] slowUpdate frame=3131 total=52.2ms gc=0/0/0 cpuFrame=29.2ms cpuMain=27.0ms cpuRender=2.3ms gpu=15.3ms steps=RoadBuild=0.0ms, BuildingPlacement=0.1ms, Selection=0.2ms, DayNight=0.0ms, CitizenPopulation=0.0ms, MainMenu=51.9ms units=411 models=47 sourceKeys=411 sourceKeyFallbackVisuals=0 initialSpawnConfigs=0 drawCalls=382 batches=0 setPass=108 tris=2885430 verts=5269343 memory=alloc=5111MB reserved=5775MB mono=1578MB uiToolkit=0 gameplayInitialized=1 playRequested=1 simulationActive=1 focused=1 vSync=0 targetFps=-1 topSystems=disabled markers=disabled
[FrameRateDiag] fps=33.5 avgFrame=29.9ms updateAvg=8.4ms updateMax=52.2ms cpuFrame=37.8ms cpuMain=35.2ms cpuRender=0.6ms gpu=0.3ms drawCalls=388 batches=0 setPass=118 tris=2885588 verts=5269659 units=411 models=47 sourceKeys=411 sourceKeyFallbackVisuals=0 initialSpawnConfigs=0 impostors=18 render=screen=2400x1080,batch=0,quality=0:PC,vSync=0,targetFps=-1,pipeline=Mobile_RPAsset_MobileCandidate,scale=0.75,msaa=0,camera=Main Camera,cameraData=post:1,aa:FastApproximateAntialiasing,stack:0 memory=alloc=5110MB reserved=5775MB mono=1580MB focused=1 playRequested=1 simulationActive=1 stepStats=none topSystems=disabled markers=disabled
[PerfDiag] slowUpdate frame=3157 total=55.9ms gc=0/0/0 cpuFrame=33.8ms cpuMain=31.3ms cpuRender=2.6ms gpu=16.2ms steps=RoadBuild=0.0ms, BuildingPlacement=0.1ms, Selection=0.1ms, DayNight=0.0ms, CitizenPopulation=0.0ms, MainMenu=55.6ms units=411 models=47 sourceKeys=411 sourceKeyFallbackVisuals=0 initialSpawnConfigs=0 drawCalls=383 batches=0 setPass=110 tris=2885514 verts=5269511 memory=alloc=5111MB reserved=5775MB mono=1581MB uiToolkit=0 gameplayInitialized=1 playRequested=1 simulationActive=1 focused=1 vSync=0 targetFps=-1 topSystems=disabled markers=disabled
[PerfDiag] slowUpdate frame=3183 total=48.9ms gc=0/0/0 cpuFrame=31.8ms cpuMain=29.2ms cpuRender=2.3ms gpu=30.1ms steps=RoadBuild=0.0ms, BuildingPlacement=0.1ms, Selection=0.1ms, DayNight=0.0ms, CitizenPopulation=0.0ms, MainMenu=48.6ms units=410 models=46 sourceKeys=410 sourceKeyFallbackVisuals=0 initialSpawnConfigs=0 drawCalls=385 batches=0 setPass=116 tris=2867732 verts=5239225 memory=alloc=5112MB reserved=5774MB mono=1584MB uiToolkit=0 gameplayInitialized=1 playRequested=1 simulationActive=1 focused=1 vSync=0 targetFps=-1 topSystems=disabled markers=disabled
[PerfDiag] slowUpdate frame=3211 total=49.0ms gc=0/0/0 cpuFrame=22.3ms cpuMain=20.4ms cpuRender=0.5ms gpu=0.2ms steps=RoadBuild=0.0ms, BuildingPlacement=0.1ms, Selection=0.1ms, DayNight=0.0ms, CitizenPopulation=0.0ms, MainMenu=48.8ms units=410 models=46 sourceKeys=410 sourceKeyFallbackVisuals=0 initialSpawnConfigs=0 drawCalls=377 batches=0 setPass=106 tris=2867802 verts=5239289 memory=alloc=5114MB reserved=5774MB mono=1586MB uiToolkit=0 gameplayInitialized=1 playRequested=1 simulationActive=1 focused=1 vSync=0 targetFps=-1 topSystems=disabled markers=disabled
[FrameRateDiag] fps=33.2 avgFrame=30.1ms updateAvg=8.8ms updateMax=55.9ms cpuFrame=26.1ms cpuMain=24.0ms cpuRender=0.6ms gpu=0.2ms drawCalls=386 batches=0 setPass=116 tris=2868022 verts=5239729 units=410 models=46 sourceKeys=410 sourceKeyFallbackVisuals=0 initialSpawnConfigs=0 impostors=18 render=screen=2400x1080,batch=0,quality=0:PC,vSync=0,targetFps=-1,pipeline=Mobile_RPAsset_MobileCandidate,scale=0.75,msaa=0,camera=Main Camera,cameraData=post:1,aa:FastApproximateAntialiasing,stack:0 memory=alloc=5115MB reserved=5774MB mono=1587MB focused=1 playRequested=1 simulationActive=1 stepStats=none topSystems=disabled markers=disabled
[PerfDiag] slowUpdate frame=3238 total=51.9ms gc=0/0/0 cpuFrame=30.5ms cpuMain=28.0ms cpuRender=2.2ms gpu=14.7ms steps=RoadBuild=0.0ms, BuildingPlacement=0.1ms, Selection=0.1ms, DayNight=0.0ms, CitizenPopulation=0.0ms, MainMenu=51.6ms units=410 models=46 sourceKeys=410 sourceKeyFallbackVisuals=0 initialSpawnConfigs=0 drawCalls=376 batches=0 setPass=105 tris=2867606 verts=5238973 memory=alloc=5116MB reserved=5774MB mono=1589MB uiToolkit=0 gameplayInitialized=1 playRequested=1 simulationActive=1 focused=1 vSync=0 targetFps=-1 topSystems=disabled markers=disabled
[PerfDiag] slowUpdate frame=3265 total=51.7ms gc=0/0/0 cpuFrame=30.2ms cpuMain=28.1ms cpuRender=2.3ms gpu=7.7ms steps=RoadBuild=0.0ms, BuildingPlacement=0.1ms, Selection=0.1ms, DayNight=0.0ms, CitizenPopulation=0.0ms, MainMenu=51.3ms units=410 models=46 sourceKeys=410 sourceKeyFallbackVisuals=0 initialSpawnConfigs=0 drawCalls=379 batches=0 setPass=108 tris=2867650 verts=5239061 memory=alloc=5116MB reserved=5774MB mono=1592MB uiToolkit=0 gameplayInitialized=1 playRequested=1 simulationActive=1 focused=1 vSync=0 targetFps=-1 topSystems=disabled markers=disabled
[FrameRateDiag] fps=33.5 avgFrame=29.8ms updateAvg=8.4ms updateMax=51.9ms cpuFrame=33.0ms cpuMain=30.5ms cpuRender=0.6ms gpu=0.2ms drawCalls=385 batches=0 setPass=116 tris=2867802 verts=5239365 units=410 models=46 sourceKeys=410 sourceKeyFallbackVisuals=0 initialSpawnConfigs=0 impostors=18 render=screen=2400x1080,batch=0,quality=0:PC,vSync=0,targetFps=-1,pipeline=Mobile_RPAsset_MobileCandidate,scale=0.75,msaa=0,camera=Main Camera,cameraData=post:1,aa:FastApproximateAntialiasing,stack:0 memory=alloc=5117MB reserved=5773MB mono=1594MB focused=1 playRequested=1 simulationActive=1 stepStats=none topSystems=disabled markers=disabled
[RenderSceneDiag] frame=3283 source=profilerCounters drawCalls=385 batches=0 setPass=116 tris=2867802 verts=5239365 topSystems=disabled markers=disabled
[PerfDiag] slowUpdate frame=3290 total=61.2ms gc=0/0/0 cpuFrame=30.8ms cpuMain=27.7ms cpuRender=3.1ms gpu=36.9ms steps=RoadBuild=0.0ms, BuildingPlacement=0.1ms, Selection=0.1ms, DayNight=0.0ms, CitizenPopulation=0.0ms, MainMenu=60.9ms units=410 models=46 sourceKeys=410 sourceKeyFallbackVisuals=0 initialSpawnConfigs=0 drawCalls=380 batches=0 setPass=110 tris=2867728 verts=5239217 memory=alloc=5118MB reserved=5772MB mono=1595MB uiToolkit=0 gameplayInitialized=1 playRequested=1 simulationActive=1 focused=1 vSync=0 targetFps=-1 topSystems=disabled markers=disabled
[PerfDiag] slowUpdate frame=3316 total=56.6ms gc=0/0/0 cpuFrame=33.1ms cpuMain=30.7ms cpuRender=2.7ms gpu=12.3ms steps=RoadBuild=0.0ms, BuildingPlacement=0.1ms, Selection=0.1ms, DayNight=0.0ms, CitizenPopulation=0.0ms, MainMenu=56.3ms units=410 models=46 sourceKeys=410 sourceKeyFallbackVisuals=0 initialSpawnConfigs=0 drawCalls=384 batches=0 setPass=116 tris=2867786 verts=5239333 memory=alloc=5119MB reserved=5773MB mono=1598MB uiToolkit=0 gameplayInitialized=1 playRequested=1 simulationActive=1 focused=1 vSync=0 targetFps=-1 topSystems=disabled markers=disabled
[PerfDiag] slowUpdate frame=3342 total=51.0ms gc=0/0/0 cpuFrame=30.7ms cpuMain=27.8ms cpuRender=2.4ms gpu=25.1ms steps=RoadBuild=0.0ms, BuildingPlacement=0.1ms, Selection=0.1ms, DayNight=0.0ms, CitizenPopulation=0.0ms, MainMenu=50.7ms units=410 models=46 sourceKeys=410 sourceKeyFallbackVisuals=0 initialSpawnConfigs=0 drawCalls=375 batches=0 setPass=104 tris=2867544 verts=5238849 memory=alloc=5120MB reserved=5772MB mono=1600MB uiToolkit=0 gameplayInitialized=1 playRequested=1 simulationActive=1 focused=1 vSync=0 targetFps=-1 topSystems=disabled markers=disabled
[FrameRateDiag] fps=30.8 avgFrame=32.5ms updateAvg=9.7ms updateMax=61.2ms cpuFrame=30.9ms cpuMain=26.9ms cpuRender=2.5ms gpu=13.1ms drawCalls=389 batches=0 setPass=116 tris=2868054 verts=5239793 units=410 models=46 sourceKeys=410 sourceKeyFallbackVisuals=0 initialSpawnConfigs=0 impostors=18 render=screen=2400x1080,batch=0,quality=0:PC,vSync=0,targetFps=-1,pipeline=Mobile_RPAsset_MobileCandidate,scale=0.75,msaa=0,camera=Main Camera,cameraData=post:1,aa:FastApproximateAntialiasing,stack:0 memory=alloc=5120MB reserved=5772MB mono=1600MB focused=1 playRequested=1 simulationActive=1 stepStats=none topSystems=disabled markers=disabled
[PerfDiag] slowUpdate frame=3367 total=49.3ms gc=0/0/0 cpuFrame=30.7ms cpuMain=28.6ms cpuRender=0.6ms gpu=0.4ms steps=RoadBuild=0.0ms, BuildingPlacement=0.1ms, Selection=0.1ms, DayNight=0.0ms, CitizenPopulation=0.0ms, MainMenu=49.0ms units=410 models=46 sourceKeys=410 sourceKeyFallbackVisuals=0 initialSpawnConfigs=0 drawCalls=378 batches=0 setPass=106 tris=2867860 verts=5239405 memory=alloc=5121MB reserved=5772MB mono=1603MB uiToolkit=0 gameplayInitialized=1 playRequested=1 simulationActive=1 focused=1 vSync=0 targetFps=-1 topSystems=disabled markers=disabled
[PerfDiag] slowUpdate frame=3394 total=50.7ms gc=0/0/0 cpuFrame=29.0ms cpuMain=26.8ms cpuRender=2.2ms gpu=15.2ms steps=RoadBuild=0.0ms, BuildingPlacement=0.1ms, Selection=0.1ms, DayNight=0.0ms, CitizenPopulation=0.0ms, MainMenu=50.4ms units=410 models=46 sourceKeys=410 sourceKeyFallbackVisuals=0 initialSpawnConfigs=0 drawCalls=380 batches=0 setPass=108 tris=2867924 verts=5239533 memory=alloc=5123MB reserved=5772MB mono=1606MB uiToolkit=0 gameplayInitialized=1 playRequested=1 simulationActive=1 focused=1 vSync=0 targetFps=-1 topSystems=disabled markers=disabled
[FrameRateDiag] fps=34.2 avgFrame=29.2ms updateAvg=8.4ms updateMax=50.7ms cpuFrame=26.0ms cpuMain=23.0ms cpuRender=0.5ms gpu=10.9ms drawCalls=392 batches=0 setPass=124 tris=2867396 verts=5238533 units=410 models=46 sourceKeys=410 sourceKeyFallbackVisuals=0 initialSpawnConfigs=0 impostors=18 render=screen=2400x1080,batch=0,quality=0:PC,vSync=0,targetFps=-1,pipeline=Mobile_RPAsset_MobileCandidate,scale=0.75,msaa=0,camera=Main Camera,cameraData=post:1,aa:FastApproximateAntialiasing,stack:0 memory=alloc=5123MB reserved=5772MB mono=1608MB focused=1 playRequested=1 simulationActive=1 stepStats=none topSystems=disabled markers=disabled
[PerfDiag] slowUpdate frame=3420 total=56.7ms gc=0/0/0 cpuFrame=29.0ms cpuMain=25.4ms cpuRender=0.7ms gpu=15.3ms steps=RoadBuild=0.0ms, BuildingPlacement=0.1ms, Selection=0.1ms, DayNight=0.0ms, CitizenPopulation=0.0ms, MainMenu=56.4ms units=410 models=46 sourceKeys=410 sourceKeyFallbackVisuals=0 initialSpawnConfigs=0 drawCalls=385 batches=0 setPass=117 tris=2868016 verts=5239717 memory=alloc=5123MB reserved=5772MB mono=1608MB uiToolkit=0 gameplayInitialized=1 playRequested=1 simulationActive=1 focused=1 vSync=0 targetFps=-1 topSystems=disabled markers=disabled
[PerfDiag] slowUpdate frame=3446 total=49.2ms gc=0/0/0 cpuFrame=29.4ms cpuMain=27.2ms cpuRender=0.5ms gpu=0.4ms steps=RoadBuild=0.0ms, BuildingPlacement=0.1ms, Selection=0.1ms, DayNight=0.0ms, CitizenPopulation=0.0ms, MainMenu=49.0ms units=410 models=46 sourceKeys=410 sourceKeyFallbackVisuals=0 initialSpawnConfigs=0 drawCalls=392 batches=0 setPass=123 tris=2867150 verts=5238117 memory=alloc=5125MB reserved=5773MB mono=1611MB uiToolkit=0 gameplayInitialized=1 playRequested=1 simulationActive=1 focused=1 vSync=0 targetFps=-1 topSystems=disabled markers=disabled
[PerfDiag] slowUpdate frame=3473 total=56.1ms gc=0/0/0 cpuFrame=31.5ms cpuMain=29.5ms cpuRender=2.5ms gpu=6.9ms steps=RoadBuild=0.0ms, BuildingPlacement=0.1ms, Selection=0.1ms, DayNight=0.0ms, CitizenPopulation=0.0ms, MainMenu=55.8ms units=410 models=46 sourceKeys=410 sourceKeyFallbackVisuals=0 initialSpawnConfigs=0 drawCalls=377 batches=0 setPass=106 tris=2867846 verts=5239377 memory=alloc=5125MB reserved=5773MB mono=1614MB uiToolkit=0 gameplayInitialized=1 playRequested=1 simulationActive=1 focused=1 vSync=0 targetFps=-1 topSystems=disabled markers=disabled
[FrameRateDiag] fps=32.1 avgFrame=31.2ms updateAvg=9.6ms updateMax=56.7ms cpuFrame=33.7ms cpuMain=30.6ms cpuRender=0.8ms gpu=10.3ms drawCalls=393 batches=0 setPass=124 tris=2868102 verts=5239889 units=410 models=46 sourceKeys=410 sourceKeyFallbackVisuals=0 initialSpawnConfigs=0 impostors=18 render=screen=2400x1080,batch=0,quality=0:PC,vSync=0,targetFps=-1,pipeline=Mobile_RPAsset_MobileCandidate,scale=0.75,msaa=0,camera=Main Camera,cameraData=post:1,aa:FastApproximateAntialiasing,stack:0 memory=alloc=5125MB reserved=5773MB mono=1614MB focused=1 playRequested=1 simulationActive=1 stepStats=none topSystems=disabled markers=disabled
[PerfDiag] slowUpdate frame=3498 total=59.3ms gc=0/0/0 cpuFrame=34.3ms cpuMain=30.8ms cpuRender=2.5ms gpu=6.6ms steps=RoadBuild=0.0ms, BuildingPlacement=0.1ms, Selection=0.1ms, DayNight=0.0ms, CitizenPopulation=0.0ms, MainMenu=59.0ms units=410 models=46 sourceKeys=410 sourceKeyFallbackVisuals=0 initialSpawnConfigs=0 drawCalls=381 batches=0 setPass=109 tris=2867872 verts=5239429 memory=alloc=5127MB reserved=5773MB mono=1616MB uiToolkit=0 gameplayInitialized=1 playRequested=1 simulationActive=1 focused=1 vSync=0 targetFps=-1 topSystems=disabled markers=disabled
[PerfDiag] slowUpdate frame=3524 total=50.7ms gc=0/0/0 cpuFrame=30.2ms cpuMain=27.9ms cpuRender=2.4ms gpu=12.4ms steps=RoadBuild=0.0ms, BuildingPlacement=0.1ms, Selection=0.1ms, DayNight=0.0ms, CitizenPopulation=0.0ms, MainMenu=50.4ms units=410 models=46 sourceKeys=410 sourceKeyFallbackVisuals=0 initialSpawnConfigs=0 drawCalls=380 batches=0 setPass=109 tris=2867244 verts=5238229 memory=alloc=5127MB reserved=5773MB mono=1619MB uiToolkit=0 gameplayInitialized=1 playRequested=1 simulationActive=1 focused=1 vSync=0 targetFps=-1 topSystems=disabled markers=disabled
[FrameRateDiag] fps=31.8 avgFrame=31.4ms updateAvg=9.1ms updateMax=59.3ms cpuFrame=30.8ms cpuMain=27.8ms cpuRender=2.5ms gpu=30.6ms drawCalls=378 batches=0 setPass=107 tris=2867782 verts=5239249 units=410 models=46 sourceKeys=410 sourceKeyFallbackVisuals=0 initialSpawnConfigs=0 impostors=18 render=screen=2400x1080,batch=0,quality=0:PC,vSync=0,targetFps=-1,pipeline=Mobile_RPAsset_MobileCandidate,scale=0.75,msaa=0,camera=Main Camera,cameraData=post:1,aa:FastApproximateAntialiasing,stack:0 memory=alloc=5127MB reserved=5773MB mono=1621MB focused=1 playRequested=1 simulationActive=1 stepStats=none topSystems=disabled markers=disabled
[PerfDiag] slowUpdate frame=3549 total=56.8ms gc=0/0/0 cpuFrame=34.8ms cpuMain=32.3ms cpuRender=0.6ms gpu=0.3ms steps=RoadBuild=0.0ms, BuildingPlacement=0.1ms, Selection=0.1ms, DayNight=0.0ms, CitizenPopulation=0.0ms, MainMenu=56.5ms units=410 models=46 sourceKeys=410 sourceKeyFallbackVisuals=0 initialSpawnConfigs=0 drawCalls=380 batches=0 setPass=115 tris=2863557 verts=5235271 memory=alloc=5128MB reserved=5773MB mono=1622MB uiToolkit=0 gameplayInitialized=1 playRequested=1 simulationActive=1 focused=1 vSync=0 targetFps=-1 topSystems=disabled markers=disabled
[AudioDiag] Playback event=VO.ARIA.Message.WarningGroundAttackType bus=Voice requestId=348 played=1 status=Presented reason=Played at=122.95 source=null
UnityEngine.Debug:ExtractStackTraceNoAlloc (byte*,int,string)
UnityEngine.StackTraceUtility:ExtractStackTrace () (at /Users/bokken/build/output/unity/unity/Runtime/Export/Scripting/StackTrace.cs:35)
UnityEngine.DebugLogHandler:Internal_Log (UnityEngine.LogType,UnityEngine.LogOption,string,UnityEngine.Object)
UnityEngine.DebugLogHandler:LogFormat (UnityEngine.LogType,UnityEngine.Object,string,object[])
UnityEngine.Logger:Log (UnityEngine.LogType,object)
UnityEngine.Debug:Log (object)
Game.Runtime.AudioPlaybackPresentationDiagnostics:Log (Unity.Entities.EntityManager,Game.Components.AudioPlaybackRequestElement,Game.Configs.AudioEventCatalogEntry,Game.Runtime.AudioPlaybackPresentationResult,single) (at Assets/Game/Scripts/Audio/Runtime/AudioPlaybackPresentationDiagnostics.cs:32)
Game.Runtime.AudioPlaybackPresentationBridgeSystemHelper:DrainAcceptedRequests (Unity.Entities.EntityManager,Game.Configs.AudioEventCatalogConfig,Game.Configs.AudioMixerBusConfig,Game.Runtime.AudioPlaybackPresentationSystemHelper,single) (at Assets/Game/Scripts/Audio/Runtime/AudioPlaybackPresentationBridgeSystemHelper.cs:169)
Game.Runtime.AudioPlaybackPresentationRuntimeView:Update () (at Assets/Game/Scripts/Audio/Runtime/AudioPlaybackPresentationRuntimeView.cs:54)

(Filename: Assets/Game/Scripts/Audio/Runtime/AudioPlaybackPresentationDiagnostics.cs Line: 32)

[AudioDiag] Suppressed Alert.Unit.UnderAttack reason=GenericUnderAttackAlertDisabled sourceSystem=UnitAttackSystem requestedAt=110.94 damage=12 target=entity=443:7 name='Rifleman Male IV' source='Unit_Chr_Soldier_Male_02_Alt_04' faction=1 cell=(794,531) hp=88/100 attacker=entity=772:7 name='Light Armored Car' source='Unit_Veh_Light_Armored_Car' faction=2 cell=(812,535) hp=180/180
UnityEngine.Debug:ExtractStackTraceNoAlloc (byte*,int,string)
UnityEngine.StackTraceUtility:ExtractStackTrace () (at /Users/bokken/build/output/unity/unity/Runtime/Export/Scripting/StackTrace.cs:35)
UnityEngine.DebugLogHandler:Internal_Log (UnityEngine.LogType,UnityEngine.LogOption,string,UnityEngine.Object)
UnityEngine.DebugLogHandler:LogFormat (UnityEngine.LogType,UnityEngine.Object,string,object[])
UnityEngine.Logger:Log (UnityEngine.LogType,object)
UnityEngine.Debug:Log (object)
Game.Runtime.UnitAttackSystem:LogSuppressedUnitUnderAttackAudio (Unity.Entities.EntityManager,Unity.Entities.Entity,Unity.Entities.Entity,int,single,string,string) (at Assets/Game/Scripts/Systems/UnitAttackSystem.cs:519)
Game.Runtime.UnitAttackSystem:TryEmitUnitUnderAttackAudio (Unity.Entities.EntityManager,Unity.Entities.Entity,single,Unity.Entities.Entity,int,string) (at Assets/Game/Scripts/Systems/UnitAttackSystem.cs:471)
Game.Runtime.UnitAttackSystem:OnUpdate (Unity.Entities.SystemState&) (at Assets/Game/Scripts/Systems/UnitAttackSystem.cs:395)
Game.Runtime.UnitAttackSystem:__codegen__OnUpdate (intptr,intptr)
Unity.Entities.SystemBaseRegistry/<>c__DisplayClass9_0:<SelectBurstFn>b__0 (intptr,intptr) (at ./Library/PackageCache/com.unity.entities@bab66ffaba49/Unity.Entities/SystemBaseRegistry.cs:251)
Unity.Entities.WorldUnmanagedImpl/Unity.Entities.UnmanagedUpdate_000015A0$BurstDirectCall:Invoke (void*)
Unity.Entities.WorldUnmanagedImpl:UnmanagedUpdate (void*)
Unity.Entities.WorldUnmanagedImpl:UpdateSystem (Unity.Entities.SystemHandle) (at ./Library/PackageCache/com.unity.entities@bab66ffaba49/Unity.Entities/WorldUnmanaged.cs:942)
Unity.Entities.ComponentSystemGroup:UpdateAllSystems () (at ./Library/PackageCache/com.unity.entities@bab66ffaba49/Unity.Entities/ComponentSystemGroup.cs:725)
Unity.Entities.ComponentSystemGroup:OnUpdate () (at ./Library/PackageCache/com.unity.entities@bab66ffaba49/Unity.Entities/ComponentSystemGroup.cs:687)
Unity.Entities.SystemBase:Update () (at ./Library/PackageCache/com.unity.entities@bab66ffaba49/Unity.Entities/SystemBase.cs:205)
Unity.Entities.ScriptBehaviourUpdateOrder/DummyDelegateWrapper:TriggerUpdate () (at ./Library/PackageCache/com.unity.entities@bab66ffaba49/Unity.Entities/ScriptBehaviourUpdateOrder.cs:523)

(Filename: Assets/Game/Scripts/Systems/UnitAttackSystem.cs Line: 519)

[PerfDiag] slowUpdate frame=3575 total=49.3ms gc=0/0/0 cpuFrame=36.2ms cpuMain=33.9ms cpuRender=0.6ms gpu=0.6ms steps=RoadBuild=0.0ms, BuildingPlacement=0.1ms, Selection=0.1ms, DayNight=0.0ms, CitizenPopulation=0.0ms, MainMenu=49.1ms units=410 models=46 sourceKeys=410 sourceKeyFallbackVisuals=0 initialSpawnConfigs=0 drawCalls=386 batches=0 setPass=110 tris=2887927 verts=5291279 memory=alloc=5129MB reserved=5773MB mono=1625MB uiToolkit=0 gameplayInitialized=1 playRequested=1 simulationActive=1 focused=1 vSync=0 targetFps=-1 topSystems=disabled markers=disabled
[PerfDiag] slowUpdate frame=3602 total=51.7ms gc=0/0/0 cpuFrame=30.2ms cpuMain=28.1ms cpuRender=2.3ms gpu=16.3ms steps=RoadBuild=0.0ms, BuildingPlacement=0.1ms, Selection=0.1ms, DayNight=0.0ms, CitizenPopulation=0.0ms, MainMenu=51.4ms units=410 models=46 sourceKeys=410 sourceKeyFallbackVisuals=0 initialSpawnConfigs=0 drawCalls=402 batches=0 setPass=118 tris=2906916 verts=5340271 memory=alloc=5131MB reserved=5773MB mono=1627MB uiToolkit=0 gameplayInitialized=1 playRequested=1 simulationActive=1 focused=1 vSync=0 targetFps=-1 topSystems=disabled markers=disabled
[FrameRateDiag] fps=31.8 avgFrame=31.4ms updateAvg=9.3ms updateMax=56.8ms cpuFrame=27.3ms cpuMain=24.5ms cpuRender=2.5ms gpu=31.3ms drawCalls=408 batches=0 setPass=125 tris=2906952 verts=5340343 units=410 models=46 sourceKeys=410 sourceKeyFallbackVisuals=0 initialSpawnConfigs=0 impostors=19 render=screen=2400x1080,batch=0,quality=0:PC,vSync=0,targetFps=-1,pipeline=Mobile_RPAsset_MobileCandidate,scale=0.75,msaa=0,camera=Main Camera,cameraData=post:1,aa:FastApproximateAntialiasing,stack:0 memory=alloc=5131MB reserved=5773MB mono=1628MB focused=1 playRequested=1 simulationActive=1 stepStats=none topSystems=disabled markers=disabled
[RenderSceneDiag] frame=3607 source=profilerCounters drawCalls=408 batches=0 setPass=125 tris=2906952 verts=5340343 topSystems=disabled markers=disabled
[PerfDiag] slowUpdate frame=3628 total=48.2ms gc=0/0/0 cpuFrame=30.1ms cpuMain=27.8ms cpuRender=2.3ms gpu=6.7ms steps=RoadBuild=0.0ms, BuildingPlacement=0.1ms, Selection=0.1ms, DayNight=0.0ms, CitizenPopulation=0.0ms, MainMenu=47.9ms units=410 models=46 sourceKeys=410 sourceKeyFallbackVisuals=0 initialSpawnConfigs=0 drawCalls=408 batches=0 setPass=135 tris=2779783 verts=5012827 memory=alloc=5137MB reserved=5774MB mono=1630MB uiToolkit=0 gameplayInitialized=1 playRequested=1 simulationActive=1 focused=1 vSync=0 targetFps=-1 topSystems=disabled markers=disabled
[PerfDiag] slowUpdate frame=3654 total=49.2ms gc=0/0/0 cpuFrame=29.9ms cpuMain=27.4ms cpuRender=2.3ms gpu=24.5ms steps=RoadBuild=0.0ms, BuildingPlacement=0.1ms, Selection=0.1ms, DayNight=0.0ms, CitizenPopulation=0.0ms, MainMenu=49.0ms units=410 models=46 sourceKeys=410 sourceKeyFallbackVisuals=0 initialSpawnConfigs=0 drawCalls=355 batches=0 setPass=109 tris=2863210 verts=5251689 memory=alloc=5140MB reserved=5774MB mono=1633MB uiToolkit=0 gameplayInitialized=1 playRequested=1 simulationActive=1 focused=1 vSync=0 targetFps=-1 topSystems=disabled markers=disabled
[FrameRateDiag] fps=33.3 avgFrame=30.0ms updateAvg=8.5ms updateMax=49.2ms cpuFrame=29.2ms cpuMain=25.2ms cpuRender=2.7ms gpu=14.0ms drawCalls=356 batches=0 setPass=108 tris=2905952 verts=5355097 units=410 models=46 sourceKeys=410 sourceKeyFallbackVisuals=0 initialSpawnConfigs=0 impostors=18 render=screen=2400x1080,batch=0,quality=0:PC,vSync=0,targetFps=-1,pipeline=Mobile_RPAsset_MobileCandidate,scale=0.75,msaa=0,camera=Main Camera,cameraData=post:1,aa:FastApproximateAntialiasing,stack:0 memory=alloc=5141MB reserved=5774MB mono=1635MB focused=1 playRequested=1 simulationActive=1 stepStats=none topSystems=disabled markers=disabled
[PerfDiag] slowUpdate frame=3681 total=59.3ms gc=0/0/0 cpuFrame=35.5ms cpuMain=33.1ms cpuRender=0.6ms gpu=0.2ms steps=RoadBuild=0.0ms, BuildingPlacement=0.1ms, Selection=0.2ms, DayNight=0.0ms, CitizenPopulation=0.0ms, MainMenu=59.0ms units=410 models=46 sourceKeys=410 sourceKeyFallbackVisuals=0 initialSpawnConfigs=0 drawCalls=362 batches=0 setPass=108 tris=2909665 verts=5364741 memory=alloc=5141MB reserved=5774MB mono=1636MB uiToolkit=0 gameplayInitialized=1 playRequested=1 simulationActive=1 focused=1 vSync=0 targetFps=-1 topSystems=disabled markers=disabled
[PerfDiag] slowUpdate frame=3707 total=49.2ms gc=0/0/0 cpuFrame=29.7ms cpuMain=27.4ms cpuRender=0.6ms gpu=0.2ms steps=RoadBuild=0.0ms, BuildingPlacement=0.1ms, Selection=0.1ms, DayNight=0.0ms, CitizenPopulation=0.0ms, MainMenu=48.9ms units=409 models=45 sourceKeys=409 sourceKeyFallbackVisuals=0 initialSpawnConfigs=0 drawCalls=352 batches=0 setPass=107 tris=2894880 verts=5338299 memory=alloc=5140MB reserved=5774MB mono=1639MB uiToolkit=0 gameplayInitialized=1 playRequested=1 simulationActive=1 focused=1 vSync=0 targetFps=-1 topSystems=disabled markers=disabled
[PerfDiag] slowUpdate frame=3733 total=50.7ms gc=0/0/0 cpuFrame=31.6ms cpuMain=28.4ms cpuRender=2.2ms gpu=9.7ms steps=RoadBuild=0.0ms, BuildingPlacement=0.1ms, Selection=0.1ms, DayNight=0.0ms, CitizenPopulation=0.0ms, MainMenu=50.4ms units=409 models=45 sourceKeys=409 sourceKeyFallbackVisuals=0 initialSpawnConfigs=0 drawCalls=355 batches=0 setPass=108 tris=2895160 verts=5338783 memory=alloc=5141MB reserved=5774MB mono=1641MB uiToolkit=0 gameplayInitialized=1 playRequested=1 simulationActive=1 focused=1 vSync=0 targetFps=-1 topSystems=disabled markers=disabled
[FrameRateDiag] fps=32.0 avgFrame=31.2ms updateAvg=9.5ms updateMax=59.3ms cpuFrame=30.4ms cpuMain=27.2ms cpuRender=2.7ms gpu=21.3ms drawCalls=352 batches=0 setPass=107 tris=2894890 verts=5338319 units=409 models=45 sourceKeys=409 sourceKeyFallbackVisuals=0 initialSpawnConfigs=0 impostors=18 render=screen=2400x1080,batch=0,quality=0:PC,vSync=0,targetFps=-1,pipeline=Mobile_RPAsset_MobileCandidate,scale=0.75,msaa=0,camera=Main Camera,cameraData=post:1,aa:FastApproximateAntialiasing,stack:0 memory=alloc=5143MB reserved=5774MB mono=1642MB focused=1 playRequested=1 simulationActive=1 stepStats=none topSystems=disabled markers=disabled
[PerfDiag] slowUpdate frame=3759 total=59.0ms gc=0/0/0 cpuFrame=33.3ms cpuMain=31.0ms cpuRender=2.4ms gpu=5.9ms steps=RoadBuild=0.0ms, BuildingPlacement=0.1ms, Selection=0.1ms, DayNight=0.0ms, CitizenPopulation=0.0ms, MainMenu=58.6ms units=409 models=45 sourceKeys=409 sourceKeyFallbackVisuals=0 initialSpawnConfigs=0 drawCalls=355 batches=0 setPass=109 tris=2894978 verts=5338495 memory=alloc=5143MB reserved=5774MB mono=1644MB uiToolkit=0 gameplayInitialized=1 playRequested=1 simulationActive=1 focused=1 vSync=0 targetFps=-1 topSystems=disabled markers=disabled
[PerfDiag] slowUpdate frame=3785 total=49.1ms gc=0/0/0 cpuFrame=30.0ms cpuMain=27.8ms cpuRender=2.3ms gpu=21.5ms steps=RoadBuild=0.0ms, BuildingPlacement=0.1ms, Selection=0.1ms, DayNight=0.0ms, CitizenPopulation=0.0ms, MainMenu=48.8ms units=409 models=45 sourceKeys=409 sourceKeyFallbackVisuals=0 initialSpawnConfigs=0 drawCalls=360 batches=0 setPass=112 tris=2895310 verts=5339083 memory=alloc=5144MB reserved=5774MB mono=1647MB uiToolkit=0 gameplayInitialized=1 playRequested=1 simulationActive=1 focused=1 vSync=0 targetFps=-1 topSystems=disabled markers=disabled
[FrameRateDiag] fps=32.3 avgFrame=31.0ms updateAvg=8.9ms updateMax=59.0ms cpuFrame=33.3ms cpuMain=30.6ms cpuRender=0.6ms gpu=0.3ms drawCalls=353 batches=0 setPass=107 tris=2891749 verts=5338253 units=408 models=44 sourceKeys=408 sourceKeyFallbackVisuals=0 initialSpawnConfigs=0 impostors=18 render=screen=2400x1080,batch=0,quality=0:PC,vSync=0,targetFps=-1,pipeline=Mobile_RPAsset_MobileCandidate,scale=0.75,msaa=0,camera=Main Camera,cameraData=post:1,aa:FastApproximateAntialiasing,stack:0 memory=alloc=5145MB reserved=5774MB mono=1648MB focused=1 playRequested=1 simulationActive=1 stepStats=none topSystems=disabled markers=disabled
[PerfDiag] slowUpdate frame=3811 total=56.1ms gc=0/0/0 cpuFrame=35.6ms cpuMain=32.3ms cpuRender=0.6ms gpu=17.9ms steps=RoadBuild=0.0ms, BuildingPlacement=0.1ms, Selection=0.1ms, DayNight=0.0ms, CitizenPopulation=0.0ms, MainMenu=55.8ms units=408 models=44 sourceKeys=408 sourceKeyFallbackVisuals=0 initialSpawnConfigs=0 drawCalls=367 batches=0 setPass=122 tris=2891985 verts=5338725 memory=alloc=5145MB reserved=5774MB mono=1649MB uiToolkit=0 gameplayInitialized=1 playRequested=1 simulationActive=1 focused=1 vSync=0 targetFps=-1 topSystems=disabled markers=disabled
[PerfDiag] slowUpdate frame=3837 total=56.1ms gc=0/0/0 cpuFrame=31.1ms cpuMain=28.6ms cpuRender=2.5ms gpu=21.4ms steps=RoadBuild=0.0ms, BuildingPlacement=0.1ms, Selection=0.1ms, DayNight=0.0ms, CitizenPopulation=0.0ms, MainMenu=55.9ms units=408 models=44 sourceKeys=408 sourceKeyFallbackVisuals=0 initialSpawnConfigs=0 drawCalls=354 batches=0 setPass=107 tris=2891997 verts=5338673 memory=alloc=5145MB reserved=5774MB mono=1652MB uiToolkit=0 gameplayInitialized=1 playRequested=1 simulationActive=1 focused=1 vSync=0 targetFps=-1 topSystems=disabled markers=disabled
[PerfDiag] slowUpdate frame=3863 total=50.6ms gc=0/0/0 cpuFrame=29.1ms cpuMain=27.0ms cpuRender=2.4ms gpu=17.2ms steps=RoadBuild=0.0ms, BuildingPlacement=0.1ms, Selection=0.1ms, DayNight=0.0ms, CitizenPopulation=0.0ms, MainMenu=50.3ms units=408 models=44 sourceKeys=408 sourceKeyFallbackVisuals=0 initialSpawnConfigs=0 drawCalls=357 batches=0 setPass=109 tris=2892027 verts=5338733 memory=alloc=5146MB reserved=5774MB mono=1655MB uiToolkit=0 gameplayInitialized=1 playRequested=1 simulationActive=1 focused=1 vSync=0 targetFps=-1 topSystems=disabled markers=disabled
[FrameRateDiag] fps=32.4 avgFrame=30.8ms updateAvg=9.4ms updateMax=56.1ms cpuFrame=33.5ms cpuMain=27.4ms cpuRender=2.6ms gpu=16.2ms drawCalls=354 batches=0 setPass=107 tris=2892001 verts=5338681 units=408 models=44 sourceKeys=408 sourceKeyFallbackVisuals=0 initialSpawnConfigs=0 impostors=18 render=screen=2400x1080,batch=0,quality=0:PC,vSync=0,targetFps=-1,pipeline=Mobile_RPAsset_MobileCandidate,scale=0.75,msaa=0,camera=Main Camera,cameraData=post:1,aa:FastApproximateAntialiasing,stack:0 memory=alloc=5146MB reserved=5774MB mono=1655MB focused=1 playRequested=1 simulationActive=1 stepStats=none topSystems=disabled markers=disabled
[PerfDiag] slowUpdate frame=3889 total=55.9ms gc=0/0/0 cpuFrame=36.8ms cpuMain=33.7ms cpuRender=2.7ms gpu=21.8ms steps=RoadBuild=0.0ms, BuildingPlacement=0.1ms, Selection=0.1ms, DayNight=0.0ms, CitizenPopulation=0.0ms, MainMenu=55.6ms units=408 models=44 sourceKeys=408 sourceKeyFallbackVisuals=0 initialSpawnConfigs=0 drawCalls=358 batches=0 setPass=110 tris=2892127 verts=5338933 memory=alloc=5147MB reserved=5774MB mono=1658MB uiToolkit=0 gameplayInitialized=1 playRequested=1 simulationActive=1 focused=1 vSync=0 targetFps=-1 topSystems=disabled markers=disabled
[PerfDiag] slowUpdate frame=3915 total=49.5ms gc=0/0/0 cpuFrame=28.8ms cpuMain=26.7ms cpuRender=2.3ms gpu=13.8ms steps=RoadBuild=0.0ms, BuildingPlacement=0.1ms, Selection=0.1ms, DayNight=0.0ms, CitizenPopulation=0.0ms, MainMenu=49.2ms units=408 models=44 sourceKeys=408 sourceKeyFallbackVisuals=0 initialSpawnConfigs=0 drawCalls=362 batches=0 setPass=115 tris=2892183 verts=5339045 memory=alloc=5147MB reserved=5774MB mono=1661MB uiToolkit=0 gameplayInitialized=1 playRequested=1 simulationActive=1 focused=1 vSync=0 targetFps=-1 topSystems=disabled markers=disabled
[FrameRateDiag] fps=33.1 avgFrame=30.2ms updateAvg=8.7ms updateMax=55.9ms cpuFrame=26.8ms cpuMain=22.7ms cpuRender=0.6ms gpu=15.3ms drawCalls=357 batches=0 setPass=107 tris=2901656 verts=5360823 units=408 models=44 sourceKeys=408 sourceKeyFallbackVisuals=0 initialSpawnConfigs=0 impostors=18 render=screen=2400x1080,batch=0,quality=0:PC,vSync=0,targetFps=-1,pipeline=Mobile_RPAsset_MobileCandidate,scale=0.75,msaa=0,camera=Main Camera,cameraData=post:1,aa:FastApproximateAntialiasing,stack:0 memory=alloc=5149MB reserved=5774MB mono=1663MB focused=1 playRequested=1 simulationActive=1 stepStats=none topSystems=disabled markers=disabled
[RenderSceneDiag] frame=3935 source=profilerCounters drawCalls=357 batches=0 setPass=107 tris=2901656 verts=5360823 topSystems=disabled markers=disabled
[PerfDiag] slowUpdate frame=3942 total=59.8ms gc=0/0/0 cpuFrame=35.5ms cpuMain=32.2ms cpuRender=3.0ms gpu=28.9ms steps=RoadBuild=0.0ms, BuildingPlacement=0.1ms, Selection=0.1ms, DayNight=0.0ms, CitizenPopulation=0.0ms, MainMenu=59.5ms units=408 models=44 sourceKeys=408 sourceKeyFallbackVisuals=0 initialSpawnConfigs=0 drawCalls=356 batches=0 setPass=107 tris=2901334 verts=5360255 memory=alloc=5149MB reserved=5774MB mono=1664MB uiToolkit=0 gameplayInitialized=1 playRequested=1 simulationActive=1 focused=1 vSync=0 targetFps=-1 topSystems=disabled markers=disabled
[PerfDiag] slowUpdate frame=3968 total=49.1ms gc=0/0/0 cpuFrame=30.4ms cpuMain=26.8ms cpuRender=0.6ms gpu=0.4ms steps=RoadBuild=0.0ms, BuildingPlacement=0.1ms, Selection=0.1ms, DayNight=0.0ms, CitizenPopulation=0.0ms, MainMenu=48.8ms units=408 models=44 sourceKeys=408 sourceKeyFallbackVisuals=0 initialSpawnConfigs=0 drawCalls=357 batches=0 setPass=107 tris=2901638 verts=5360787 memory=alloc=5148MB reserved=5774MB mono=1667MB uiToolkit=0 gameplayInitialized=1 playRequested=1 simulationActive=1 focused=1 vSync=0 targetFps=-1 topSystems=disabled markers=disabled
[PerfDiag] slowUpdate frame=3994 total=55.0ms gc=0/0/0 cpuFrame=35.1ms cpuMain=32.6ms cpuRender=2.5ms gpu=7.6ms steps=RoadBuild=0.0ms, BuildingPlacement=0.1ms, Selection=0.2ms, DayNight=0.0ms, CitizenPopulation=0.0ms, MainMenu=54.7ms units=408 models=44 sourceKeys=408 sourceKeyFallbackVisuals=0 initialSpawnConfigs=0 drawCalls=359 batches=0 setPass=109 tris=2901534 verts=5360655 memory=alloc=5149MB reserved=5774MB mono=1669MB uiToolkit=0 gameplayInitialized=1 playRequested=1 simulationActive=1 focused=1 vSync=0 targetFps=-1 topSystems=disabled markers=disabled
[FrameRateDiag] fps=32.0 avgFrame=31.3ms updateAvg=9.4ms updateMax=59.8ms cpuFrame=33.3ms cpuMain=30.7ms cpuRender=3.0ms gpu=10.1ms drawCalls=370 batches=0 setPass=115 tris=2902120 verts=5361827 units=408 models=44 sourceKeys=408 sourceKeyFallbackVisuals=0 initialSpawnConfigs=0 impostors=18 render=screen=2400x1080,batch=0,quality=0:PC,vSync=0,targetFps=-1,pipeline=Mobile_RPAsset_MobileCandidate,scale=0.75,msaa=0,camera=Main Camera,cameraData=post:1,aa:FastApproximateAntialiasing,stack:0 memory=alloc=5149MB reserved=5774MB mono=1670MB focused=1 playRequested=1 simulationActive=1 stepStats=none topSystems=disabled markers=disabled
[PerfDiag] slowUpdate frame=4018 total=59.6ms gc=0/0/0 cpuFrame=32.8ms cpuMain=30.3ms cpuRender=2.5ms gpu=13.7ms steps=RoadBuild=0.0ms, BuildingPlacement=0.2ms, Selection=0.2ms, DayNight=0.0ms, CitizenPopulation=0.0ms, MainMenu=59.2ms units=408 models=44 sourceKeys=408 sourceKeyFallbackVisuals=0 initialSpawnConfigs=0 drawCalls=373 batches=0 setPass=117 tris=2902148 verts=5361883 memory=alloc=5151MB reserved=5774MB mono=1672MB uiToolkit=0 gameplayInitialized=1 playRequested=1 simulationActive=1 focused=1 vSync=0 targetFps=-1 topSystems=disabled markers=disabled
[PerfDiag] slowUpdate frame=4043 total=55.1ms gc=0/0/0 cpuFrame=37.8ms cpuMain=34.8ms cpuRender=2.8ms gpu=32.1ms steps=RoadBuild=0.0ms, BuildingPlacement=0.1ms, Selection=0.2ms, DayNight=0.0ms, CitizenPopulation=0.0ms, MainMenu=54.7ms units=408 models=44 sourceKeys=408 sourceKeyFallbackVisuals=0 initialSpawnConfigs=0 drawCalls=386 batches=0 setPass=130 tris=2921528 verts=5406307 memory=alloc=5151MB reserved=5774MB mono=1675MB uiToolkit=0 gameplayInitialized=1 playRequested=1 simulationActive=1 focused=1 vSync=0 targetFps=-1 topSystems=disabled markers=disabled
[FrameRateDiag] fps=30.5 avgFrame=32.8ms updateAvg=9.2ms updateMax=59.6ms cpuFrame=34.2ms cpuMain=32.0ms cpuRender=0.6ms gpu=0.4ms drawCalls=377 batches=0 setPass=127 tris=2681316 verts=4805571 units=408 models=44 sourceKeys=408 sourceKeyFallbackVisuals=0 initialSpawnConfigs=0 impostors=33 render=screen=2400x1080,batch=0,quality=0:PC,vSync=0,targetFps=-1,pipeline=Mobile_RPAsset_MobileCandidate,scale=0.75,msaa=0,camera=Main Camera,cameraData=post:1,aa:FastApproximateAntialiasing,stack:0 memory=alloc=5152MB reserved=5774MB mono=1677MB focused=1 playRequested=1 simulationActive=1 stepStats=none topSystems=disabled markers=disabled
[AudioDiag] Playback event=VO.ARIA.Message.WarningGroundAttackType bus=Voice requestId=461 played=1 status=Presented reason=Played at=138.61 source=null
UnityEngine.Debug:ExtractStackTraceNoAlloc (byte*,int,string)
UnityEngine.StackTraceUtility:ExtractStackTrace () (at /Users/bokken/build/output/unity/unity/Runtime/Export/Scripting/StackTrace.cs:35)
UnityEngine.DebugLogHandler:Internal_Log (UnityEngine.LogType,UnityEngine.LogOption,string,UnityEngine.Object)
UnityEngine.DebugLogHandler:LogFormat (UnityEngine.LogType,UnityEngine.Object,string,object[])
UnityEngine.Logger:Log (UnityEngine.LogType,object)
UnityEngine.Debug:Log (object)
Game.Runtime.AudioPlaybackPresentationDiagnostics:Log (Unity.Entities.EntityManager,Game.Components.AudioPlaybackRequestElement,Game.Configs.AudioEventCatalogEntry,Game.Runtime.AudioPlaybackPresentationResult,single) (at Assets/Game/Scripts/Audio/Runtime/AudioPlaybackPresentationDiagnostics.cs:32)
Game.Runtime.AudioPlaybackPresentationBridgeSystemHelper:DrainAcceptedRequests (Unity.Entities.EntityManager,Game.Configs.AudioEventCatalogConfig,Game.Configs.AudioMixerBusConfig,Game.Runtime.AudioPlaybackPresentationSystemHelper,single) (at Assets/Game/Scripts/Audio/Runtime/AudioPlaybackPresentationBridgeSystemHelper.cs:169)
Game.Runtime.AudioPlaybackPresentationRuntimeView:Update () (at Assets/Game/Scripts/Audio/Runtime/AudioPlaybackPresentationRuntimeView.cs:54)

(Filename: Assets/Game/Scripts/Audio/Runtime/AudioPlaybackPresentationDiagnostics.cs Line: 32)

[PerfDiag] slowUpdate frame=4067 total=43.7ms gc=0/0/0 cpuFrame=32.7ms cpuMain=29.5ms cpuRender=0.5ms gpu=7.0ms steps=RoadBuild=0.0ms, BuildingPlacement=0.1ms, Selection=0.1ms, DayNight=0.0ms, CitizenPopulation=0.0ms, MainMenu=43.4ms units=408 models=44 sourceKeys=408 sourceKeyFallbackVisuals=0 initialSpawnConfigs=0 drawCalls=373 batches=0 setPass=123 tris=2921422 verts=5406095 memory=alloc=5152MB reserved=5790MB mono=1678MB uiToolkit=0 gameplayInitialized=1 playRequested=1 simulationActive=1 focused=1 vSync=0 targetFps=-1 topSystems=disabled markers=disabled
[PerfDiag] slowUpdate frame=4093 total=42.7ms gc=0/0/0 cpuFrame=26.5ms cpuMain=24.5ms cpuRender=0.5ms gpu=0.4ms steps=RoadBuild=0.0ms, BuildingPlacement=0.1ms, Selection=0.1ms, DayNight=0.0ms, CitizenPopulation=0.0ms, MainMenu=42.4ms units=408 models=44 sourceKeys=408 sourceKeyFallbackVisuals=0 initialSpawnConfigs=0 drawCalls=381 batches=0 setPass=132 tris=2865977 verts=5261859 memory=alloc=5148MB reserved=5790MB mono=1474MB uiToolkit=0 gameplayInitialized=1 playRequested=1 simulationActive=1 focused=1 vSync=0 targetFps=-1 topSystems=disabled markers=disabled
[PerfDiag] slowUpdate frame=4120 total=55.3ms gc=0/0/0 cpuFrame=30.0ms cpuMain=27.8ms cpuRender=2.2ms gpu=9.2ms steps=RoadBuild=0.0ms, BuildingPlacement=0.1ms, Selection=0.1ms, DayNight=0.0ms, CitizenPopulation=0.0ms, MainMenu=55.1ms units=408 models=44 sourceKeys=408 sourceKeyFallbackVisuals=0 initialSpawnConfigs=0 drawCalls=363 batches=0 setPass=122 tris=2921476 verts=5406203 memory=alloc=5148MB reserved=5790MB mono=1474MB uiToolkit=0 gameplayInitialized=1 playRequested=1 simulationActive=1 focused=1 vSync=0 targetFps=-1 topSystems=disabled markers=disabled
[FrameRateDiag] fps=32.0 avgFrame=31.2ms updateAvg=8.9ms updateMax=55.3ms cpuFrame=34.2ms cpuMain=31.6ms cpuRender=3.1ms gpu=17.0ms drawCalls=363 batches=0 setPass=122 tris=2921382 verts=5406015 units=408 models=44 sourceKeys=408 sourceKeyFallbackVisuals=0 initialSpawnConfigs=0 impostors=18 render=screen=2400x1080,batch=0,quality=0:PC,vSync=0,targetFps=-1,pipeline=Mobile_RPAsset_MobileCandidate,scale=0.75,msaa=0,camera=Main Camera,cameraData=post:1,aa:FastApproximateAntialiasing,stack:0 memory=alloc=5148MB reserved=5790MB mono=1474MB focused=1 playRequested=1 simulationActive=1 stepStats=none topSystems=disabled markers=disabled
[PerfDiag] slowUpdate frame=4140 total=67.1ms gc=0/0/0 cpuFrame=38.9ms cpuMain=34.7ms cpuRender=0.7ms gpu=8.2ms steps=RoadBuild=0.0ms, BuildingPlacement=0.1ms, Selection=0.2ms, DayNight=0.0ms, CitizenPopulation=0.0ms, MainMenu=66.6ms units=408 models=44 sourceKeys=408 sourceKeyFallbackVisuals=0 initialSpawnConfigs=0 drawCalls=366 batches=0 setPass=123 tris=2921784 verts=5406743 memory=alloc=5148MB reserved=5790MB mono=1474MB uiToolkit=0 gameplayInitialized=1 playRequested=1 simulationActive=1 focused=1 vSync=0 targetFps=-1 topSystems=disabled markers=disabled
[PerfDiag] slowUpdate frame=4161 total=56.3ms gc=0/0/0 cpuFrame=34.4ms cpuMain=30.9ms cpuRender=0.7ms gpu=12.0ms steps=RoadBuild=0.0ms, BuildingPlacement=0.1ms, Selection=0.2ms, DayNight=0.0ms, CitizenPopulation=0.0ms, MainMenu=56.0ms units=408 models=44 sourceKeys=408 sourceKeyFallbackVisuals=0 initialSpawnConfigs=0 drawCalls=378 batches=0 setPass=134 tris=2909832 verts=5378419 memory=alloc=5147MB reserved=5790MB mono=1474MB uiToolkit=0 gameplayInitialized=1 playRequested=1 simulationActive=1 focused=1 vSync=0 targetFps=-1 topSystems=disabled markers=disabled
[FrameRateDiag] fps=26.8 avgFrame=37.4ms updateAvg=10.9ms updateMax=67.1ms cpuFrame=33.4ms cpuMain=30.4ms cpuRender=2.6ms gpu=13.4ms drawCalls=388 batches=0 setPass=132 tris=2795215 verts=5093359 units=408 models=44 sourceKeys=408 sourceKeyFallbackVisuals=0 initialSpawnConfigs=0 impostors=25 render=screen=2400x1080,batch=0,quality=0:PC,vSync=0,targetFps=-1,pipeline=Mobile_RPAsset_MobileCandidate,scale=0.75,msaa=0,camera=Main Camera,cameraData=post:1,aa:FastApproximateAntialiasing,stack:0 memory=alloc=5147MB reserved=5790MB mono=1475MB focused=1 playRequested=1 simulationActive=1 stepStats=none topSystems=disabled markers=disabled
[PerfDiag] slowUpdate frame=4185 total=55.7ms gc=0/0/0 cpuFrame=33.3ms cpuMain=30.7ms cpuRender=0.6ms gpu=0.2ms steps=RoadBuild=0.0ms, BuildingPlacement=0.1ms, Selection=0.2ms, DayNight=0.0ms, CitizenPopulation=0.0ms, MainMenu=55.3ms units=408 models=44 sourceKeys=408 sourceKeyFallbackVisuals=0 initialSpawnConfigs=0 drawCalls=384 batches=0 setPass=129 tris=2795211 verts=5093351 memory=alloc=5147MB reserved=5790MB mono=1475MB uiToolkit=0 gameplayInitialized=1 playRequested=1 simulationActive=1 focused=1 vSync=0 targetFps=-1 topSystems=disabled markers=disabled
[PerfDiag] slowUpdate frame=4210 total=49.0ms gc=0/0/0 cpuFrame=29.0ms cpuMain=26.8ms cpuRender=2.3ms gpu=7.4ms steps=RoadBuild=0.0ms, BuildingPlacement=0.1ms, Selection=0.2ms, DayNight=0.0ms, CitizenPopulation=0.0ms, MainMenu=48.7ms units=408 models=44 sourceKeys=408 sourceKeyFallbackVisuals=0 initialSpawnConfigs=0 drawCalls=373 batches=0 setPass=122 tris=2921702 verts=5406579 memory=alloc=5147MB reserved=5790MB mono=1476MB uiToolkit=0 gameplayInitialized=1 playRequested=1 simulationActive=1 focused=1 vSync=0 targetFps=-1 topSystems=disabled markers=disabled
[PerfDiag] slowUpdate frame=4236 total=48.7ms gc=0/0/0 cpuFrame=30.0ms cpuMain=27.8ms cpuRender=2.5ms gpu=11.5ms steps=RoadBuild=0.0ms, BuildingPlacement=0.1ms, Selection=0.1ms, DayNight=0.0ms, CitizenPopulation=0.0ms, MainMenu=48.5ms units=408 models=44 sourceKeys=408 sourceKeyFallbackVisuals=0 initialSpawnConfigs=0 drawCalls=376 batches=0 setPass=126 tris=2921696 verts=5406567 memory=alloc=5147MB reserved=5790MB mono=1477MB uiToolkit=0 gameplayInitialized=1 playRequested=1 simulationActive=1 focused=1 vSync=0 targetFps=-1 topSystems=disabled markers=disabled
[FrameRateDiag] fps=32.2 avgFrame=31.1ms updateAvg=9.3ms updateMax=55.7ms cpuFrame=27.4ms cpuMain=24.3ms cpuRender=0.5ms gpu=6.9ms drawCalls=373 batches=0 setPass=123 tris=2921604 verts=5406383 units=408 models=44 sourceKeys=408 sourceKeyFallbackVisuals=0 initialSpawnConfigs=0 impostors=18 render=screen=2400x1080,batch=0,quality=0:PC,vSync=0,targetFps=-1,pipeline=Mobile_RPAsset_MobileCandidate,scale=0.75,msaa=0,camera=Main Camera,cameraData=post:1,aa:FastApproximateAntialiasing,stack:0 memory=alloc=5148MB reserved=5790MB mono=1477MB focused=1 playRequested=1 simulationActive=1 stepStats=none topSystems=disabled markers=disabled
[RenderSceneDiag] frame=4244 source=profilerCounters drawCalls=373 batches=0 setPass=123 tris=2921604 verts=5406383 topSystems=disabled markers=disabled
[PerfDiag] slowUpdate frame=4260 total=56.1ms gc=0/0/0 cpuFrame=31.7ms cpuMain=28.7ms cpuRender=0.6ms gpu=6.7ms steps=RoadBuild=0.0ms, BuildingPlacement=0.1ms, Selection=0.2ms, DayNight=0.0ms, CitizenPopulation=0.0ms, MainMenu=55.7ms units=408 models=44 sourceKeys=408 sourceKeyFallbackVisuals=0 initialSpawnConfigs=0 drawCalls=390 batches=0 setPass=140 tris=2680249 verts=4803775 memory=alloc=5148MB reserved=5790MB mono=1478MB uiToolkit=0 gameplayInitialized=1 playRequested=1 simulationActive=1 focused=1 vSync=0 targetFps=-1 topSystems=disabled markers=disabled
[PerfDiag] slowUpdate frame=4286 total=48.2ms gc=0/0/0 cpuFrame=28.6ms cpuMain=26.4ms cpuRender=0.6ms gpu=0.2ms steps=RoadBuild=0.0ms, BuildingPlacement=0.1ms, Selection=0.2ms, DayNight=0.0ms, CitizenPopulation=0.0ms, MainMenu=47.9ms units=408 models=44 sourceKeys=408 sourceKeyFallbackVisuals=0 initialSpawnConfigs=0 drawCalls=373 batches=0 setPass=126 tris=2769199 verts=5034907 memory=alloc=5147MB reserved=5790MB mono=1479MB uiToolkit=0 gameplayInitialized=1 playRequested=1 simulationActive=1 focused=1 vSync=0 targetFps=-1 topSystems=disabled markers=disabled
[FrameRateDiag] fps=31.8 avgFrame=31.5ms updateAvg=8.9ms updateMax=56.1ms cpuFrame=31.7ms cpuMain=28.2ms cpuRender=0.7ms gpu=7.8ms drawCalls=363 batches=0 setPass=123 tris=2919781 verts=5403227 units=408 models=44 sourceKeys=408 sourceKeyFallbackVisuals=0 initialSpawnConfigs=0 impostors=18 render=screen=2400x1080,batch=0,quality=0:PC,vSync=0,targetFps=-1,pipeline=Mobile_RPAsset_MobileCandidate,scale=0.75,msaa=0,camera=Main Camera,cameraData=post:1,aa:FastApproximateAntialiasing,stack:0 memory=alloc=5148MB reserved=5790MB mono=1480MB focused=1 playRequested=1 simulationActive=1 stepStats=none topSystems=disabled markers=disabled
[PerfDiag] slowUpdate frame=4312 total=55.3ms gc=0/0/0 cpuFrame=33.7ms cpuMain=31.2ms cpuRender=0.6ms gpu=0.3ms steps=RoadBuild=0.0ms, BuildingPlacement=0.1ms, Selection=0.2ms, DayNight=0.0ms, CitizenPopulation=0.0ms, MainMenu=55.0ms units=408 models=44 sourceKeys=408 sourceKeyFallbackVisuals=0 initialSpawnConfigs=0 drawCalls=368 batches=0 setPass=130 tris=2920225 verts=5404039 memory=alloc=5148MB reserved=5790MB mono=1480MB uiToolkit=0 gameplayInitialized=1 playRequested=1 simulationActive=1 focused=1 vSync=0 targetFps=-1 topSystems=disabled markers=disabled
[PerfDiag] slowUpdate frame=4336 total=48.0ms gc=0/0/0 cpuFrame=26.0ms cpuMain=23.9ms cpuRender=2.3ms gpu=15.0ms steps=RoadBuild=0.0ms, BuildingPlacement=0.1ms, Selection=0.2ms, DayNight=0.0ms, CitizenPopulation=0.0ms, MainMenu=47.7ms units=408 models=44 sourceKeys=408 sourceKeyFallbackVisuals=0 initialSpawnConfigs=0 drawCalls=371 batches=0 setPass=136 tris=2638236 verts=4711073 memory=alloc=5148MB reserved=5746MB mono=1482MB uiToolkit=0 gameplayInitialized=1 playRequested=1 simulationActive=1 focused=1 vSync=0 targetFps=-1 topSystems=disabled markers=disabled
[PerfDiag] slowUpdate frame=4362 total=42.5ms gc=0/0/0 cpuFrame=30.2ms cpuMain=27.6ms cpuRender=2.0ms gpu=33.4ms steps=RoadBuild=0.0ms, BuildingPlacement=0.1ms, Selection=0.2ms, DayNight=0.0ms, CitizenPopulation=0.0ms, MainMenu=42.2ms units=408 models=44 sourceKeys=408 sourceKeyFallbackVisuals=0 initialSpawnConfigs=0 drawCalls=363 batches=0 setPass=131 tris=2891190 verts=5337549 memory=alloc=5148MB reserved=5746MB mono=1483MB uiToolkit=0 gameplayInitialized=1 playRequested=1 simulationActive=1 focused=1 vSync=0 targetFps=-1 topSystems=disabled markers=disabled
[FrameRateDiag] fps=32.2 avgFrame=31.1ms updateAvg=9.0ms updateMax=55.3ms cpuFrame=31.6ms cpuMain=28.2ms cpuRender=0.5ms gpu=6.8ms drawCalls=360 batches=0 setPass=128 tris=2846368 verts=5221289 units=408 models=44 sourceKeys=408 sourceKeyFallbackVisuals=0 initialSpawnConfigs=0 impostors=23 render=screen=2400x1080,batch=0,quality=0:PC,vSync=0,targetFps=-1,pipeline=Mobile_RPAsset_MobileCandidate,scale=0.75,msaa=0,camera=Main Camera,cameraData=post:1,aa:FastApproximateAntialiasing,stack:0 memory=alloc=5149MB reserved=5745MB mono=1484MB focused=1 playRequested=1 simulationActive=1 stepStats=none topSystems=disabled markers=disabled
[PerfDiag] slowUpdate frame=4389 total=48.8ms gc=0/0/0 cpuFrame=36.2ms cpuMain=33.2ms cpuRender=0.6ms gpu=7.4ms steps=RoadBuild=0.0ms, BuildingPlacement=0.1ms, Selection=0.2ms, DayNight=0.0ms, CitizenPopulation=0.0ms, MainMenu=48.4ms units=408 models=44 sourceKeys=408 sourceKeyFallbackVisuals=0 initialSpawnConfigs=0 drawCalls=391 batches=0 setPass=149 tris=2651442 verts=4737741 memory=alloc=5149MB reserved=5745MB mono=1485MB uiToolkit=0 gameplayInitialized=1 playRequested=1 simulationActive=1 focused=1 vSync=0 targetFps=-1 topSystems=disabled markers=disabled
[PerfDiag] slowUpdate frame=4415 total=48.1ms gc=0/0/0 cpuFrame=29.8ms cpuMain=27.6ms cpuRender=2.4ms gpu=17.6ms steps=RoadBuild=0.0ms, BuildingPlacement=0.1ms, Selection=0.2ms, DayNight=0.0ms, CitizenPopulation=0.0ms, MainMenu=47.7ms units=408 models=44 sourceKeys=408 sourceKeyFallbackVisuals=0 initialSpawnConfigs=0 drawCalls=357 batches=0 setPass=131 tris=2862263 verts=5271199 memory=alloc=5150MB reserved=5742MB mono=1486MB uiToolkit=0 gameplayInitialized=1 playRequested=1 simulationActive=1 focused=1 vSync=0 targetFps=-1 topSystems=disabled markers=disabled
[FrameRateDiag] fps=32.1 avgFrame=31.2ms updateAvg=8.6ms updateMax=48.8ms cpuFrame=33.7ms cpuMain=29.7ms cpuRender=0.7ms gpu=0.2ms drawCalls=373 batches=0 setPass=134 tris=2604583 verts=4633685 units=408 models=44 sourceKeys=408 sourceKeyFallbackVisuals=0 initialSpawnConfigs=0 impostors=35 render=screen=2400x1080,batch=0,quality=0:PC,vSync=0,targetFps=-1,pipeline=Mobile_RPAsset_MobileCandidate,scale=0.75,msaa=0,camera=Main Camera,cameraData=post:1,aa:FastApproximateAntialiasing,stack:0 memory=alloc=5151MB reserved=5741MB mono=1488MB focused=1 playRequested=1 simulationActive=1 stepStats=none topSystems=disabled markers=disabled
[PerfDiag] slowUpdate frame=4440 total=55.4ms gc=0/0/0 cpuFrame=35.9ms cpuMain=32.6ms cpuRender=2.8ms gpu=14.0ms steps=RoadBuild=0.0ms, BuildingPlacement=0.1ms, Selection=0.2ms, DayNight=0.0ms, CitizenPopulation=0.0ms, MainMenu=55.1ms units=408 models=44 sourceKeys=408 sourceKeyFallbackVisuals=0 initialSpawnConfigs=0 drawCalls=371 batches=0 setPass=131 tris=2604753 verts=4633949 memory=alloc=5151MB reserved=5741MB mono=1488MB uiToolkit=0 gameplayInitialized=1 playRequested=1 simulationActive=1 focused=1 vSync=0 targetFps=-1 topSystems=disabled markers=disabled
[PerfDiag] slowUpdate frame=4463 total=48.7ms gc=0/0/0 cpuFrame=31.5ms cpuMain=28.7ms cpuRender=2.6ms gpu=18.2ms steps=RoadBuild=0.0ms, BuildingPlacement=0.1ms, Selection=0.2ms, DayNight=0.0ms, CitizenPopulation=0.0ms, MainMenu=48.4ms units=408 models=44 sourceKeys=408 sourceKeyFallbackVisuals=0 initialSpawnConfigs=0 drawCalls=349 batches=0 setPass=133 tris=2804919 verts=5119835 memory=alloc=5151MB reserved=5741MB mono=1490MB uiToolkit=0 gameplayInitialized=1 playRequested=1 simulationActive=1 focused=1 vSync=0 targetFps=-1 topSystems=disabled markers=disabled
[AudioDiag] Playback event=VO.ARIA.Message.WarningGroundAttackType bus=Voice requestId=707 played=1 status=Presented reason=Played at=151.76 source=null
UnityEngine.Debug:ExtractStackTraceNoAlloc (byte*,int,string)
UnityEngine.StackTraceUtility:ExtractStackTrace () (at /Users/bokken/build/output/unity/unity/Runtime/Export/Scripting/StackTrace.cs:35)
UnityEngine.DebugLogHandler:Internal_Log (UnityEngine.LogType,UnityEngine.LogOption,string,UnityEngine.Object)
UnityEngine.DebugLogHandler:LogFormat (UnityEngine.LogType,UnityEngine.Object,string,object[])
UnityEngine.Logger:Log (UnityEngine.LogType,object)
UnityEngine.Debug:Log (object)
Game.Runtime.AudioPlaybackPresentationDiagnostics:Log (Unity.Entities.EntityManager,Game.Components.AudioPlaybackRequestElement,Game.Configs.AudioEventCatalogEntry,Game.Runtime.AudioPlaybackPresentationResult,single) (at Assets/Game/Scripts/Audio/Runtime/AudioPlaybackPresentationDiagnostics.cs:32)
Game.Runtime.AudioPlaybackPresentationBridgeSystemHelper:DrainAcceptedRequests (Unity.Entities.EntityManager,Game.Configs.AudioEventCatalogConfig,Game.Configs.AudioMixerBusConfig,Game.Runtime.AudioPlaybackPresentationSystemHelper,single) (at Assets/Game/Scripts/Audio/Runtime/AudioPlaybackPresentationBridgeSystemHelper.cs:169)
Game.Runtime.AudioPlaybackPresentationRuntimeView:Update () (at Assets/Game/Scripts/Audio/Runtime/AudioPlaybackPresentationRuntimeView.cs:54)

(Filename: Assets/Game/Scripts/Audio/Runtime/AudioPlaybackPresentationDiagnostics.cs Line: 32)

[PerfDiag] slowUpdate frame=4489 total=48.2ms gc=0/0/0 cpuFrame=30.3ms cpuMain=28.2ms cpuRender=2.3ms gpu=13.9ms steps=RoadBuild=0.0ms, BuildingPlacement=0.1ms, Selection=0.2ms, DayNight=0.0ms, CitizenPopulation=0.0ms, MainMenu=47.9ms units=408 models=44 sourceKeys=408 sourceKeyFallbackVisuals=0 initialSpawnConfigs=0 drawCalls=358 batches=0 setPass=131 tris=2920343 verts=5404275 memory=alloc=5151MB reserved=5741MB mono=1492MB uiToolkit=0 gameplayInitialized=1 playRequested=1 simulationActive=1 focused=1 vSync=0 targetFps=-1 topSystems=disabled markers=disabled
[FrameRateDiag] fps=30.5 avgFrame=32.8ms updateAvg=9.8ms updateMax=55.4ms cpuFrame=28.0ms cpuMain=25.7ms cpuRender=2.8ms gpu=14.0ms drawCalls=370 batches=0 setPass=125 tris=2808569 verts=5114187 units=408 models=44 sourceKeys=408 sourceKeyFallbackVisuals=0 initialSpawnConfigs=0 impostors=28 render=screen=2400x1080,batch=0,quality=0:PC,vSync=0,targetFps=-1,pipeline=Mobile_RPAsset_MobileCandidate,scale=0.75,msaa=0,camera=Main Camera,cameraData=post:1,aa:FastApproximateAntialiasing,stack:0 memory=alloc=5152MB reserved=5741MB mono=1493MB focused=1 playRequested=1 simulationActive=1 stepStats=none topSystems=disabled markers=disabled
[PerfDiag] slowUpdate frame=4514 total=54.5ms gc=0/0/0 cpuFrame=31.8ms cpuMain=27.4ms cpuRender=2.8ms gpu=7.3ms steps=RoadBuild=0.0ms, BuildingPlacement=0.1ms, Selection=0.2ms, DayNight=0.0ms, CitizenPopulation=0.0ms, MainMenu=54.1ms units=408 models=44 sourceKeys=408 sourceKeyFallbackVisuals=0 initialSpawnConfigs=0 drawCalls=352 batches=0 setPass=130 tris=2750787 verts=4971903 memory=alloc=5151MB reserved=5741MB mono=1494MB uiToolkit=0 gameplayInitialized=1 playRequested=1 simulationActive=1 focused=1 vSync=0 targetFps=-1 topSystems=disabled markers=disabled
[PerfDiag] slowUpdate frame=4540 total=49.9ms gc=0/0/0 cpuFrame=31.3ms cpuMain=28.4ms cpuRender=2.3ms gpu=20.4ms steps=RoadBuild=0.0ms, BuildingPlacement=0.1ms, Selection=0.2ms, DayNight=0.0ms, CitizenPopulation=0.0ms, MainMenu=49.6ms units=408 models=44 sourceKeys=408 sourceKeyFallbackVisuals=0 initialSpawnConfigs=0 drawCalls=368 batches=0 setPass=138 tris=2920287 verts=5404163 memory=alloc=5152MB reserved=5741MB mono=1496MB uiToolkit=0 gameplayInitialized=1 playRequested=1 simulationActive=1 focused=1 vSync=0 targetFps=-1 topSystems=disabled markers=disabled
[FrameRateDiag] fps=32.4 avgFrame=30.9ms updateAvg=8.6ms updateMax=54.5ms cpuFrame=28.0ms cpuMain=25.1ms cpuRender=2.5ms gpu=30.9ms drawCalls=360 batches=0 setPass=122 tris=2893379 verts=5336979 units=408 models=44 sourceKeys=408 sourceKeyFallbackVisuals=0 initialSpawnConfigs=0 impostors=18 render=screen=2400x1080,batch=0,quality=0:PC,vSync=0,targetFps=-1,pipeline=Mobile_RPAsset_MobileCandidate,scale=0.75,msaa=0,camera=Main Camera,cameraData=post:1,aa:FastApproximateAntialiasing,stack:0 memory=alloc=5152MB reserved=5741MB mono=1498MB focused=1 playRequested=1 simulationActive=1 stepStats=none topSystems=disabled markers=disabled
[RenderSceneDiag] frame=4564 source=profilerCounters drawCalls=360 batches=0 setPass=122 tris=2893379 verts=5336979 topSystems=disabled markers=disabled
[PerfDiag] slowUpdate frame=4567 total=55.9ms gc=0/0/0 cpuFrame=30.7ms cpuMain=27.4ms cpuRender=2.3ms gpu=17.1ms steps=RoadBuild=0.0ms, BuildingPlacement=0.2ms, Selection=0.2ms, DayNight=0.0ms, CitizenPopulation=0.0ms, MainMenu=55.4ms units=408 models=44 sourceKeys=408 sourceKeyFallbackVisuals=0 initialSpawnConfigs=0 drawCalls=360 batches=0 setPass=122 tris=2871053 verts=5279019 memory=alloc=5152MB reserved=5741MB mono=1498MB uiToolkit=0 gameplayInitialized=1 playRequested=1 simulationActive=1 focused=1 vSync=0 targetFps=-1 topSystems=disabled markers=disabled
[PerfDiag] slowUpdate frame=4592 total=47.7ms gc=0/0/0 cpuFrame=30.2ms cpuMain=27.5ms cpuRender=0.5ms gpu=0.2ms steps=RoadBuild=0.0ms, BuildingPlacement=0.1ms, Selection=0.2ms, DayNight=0.0ms, CitizenPopulation=0.0ms, MainMenu=47.3ms units=408 models=44 sourceKeys=408 sourceKeyFallbackVisuals=0 initialSpawnConfigs=0 drawCalls=391 batches=0 setPass=141 tris=2726718 verts=4916855 memory=alloc=5153MB reserved=5741MB mono=1500MB uiToolkit=0 gameplayInitialized=1 playRequested=1 simulationActive=1 focused=1 vSync=0 targetFps=-1 topSystems=disabled markers=disabled
[PerfDiag] slowUpdate frame=4619 total=44.6ms gc=0/0/0 cpuFrame=32.2ms cpuMain=30.2ms cpuRender=0.5ms gpu=0.8ms steps=RoadBuild=0.0ms, BuildingPlacement=0.1ms, Selection=0.2ms, DayNight=0.0ms, CitizenPopulation=0.0ms, MainMenu=44.3ms units=407 models=44 sourceKeys=407 sourceKeyFallbackVisuals=0 initialSpawnConfigs=0 drawCalls=384 batches=0 setPass=131 tris=2869326 verts=5282039 memory=alloc=5154MB reserved=5741MB mono=1502MB uiToolkit=0 gameplayInitialized=1 playRequested=1 simulationActive=1 focused=1 vSync=0 targetFps=-1 topSystems=disabled markers=disabled
[FrameRateDiag] fps=32.1 avgFrame=31.1ms updateAvg=9.0ms updateMax=55.9ms cpuFrame=29.5ms cpuMain=27.3ms cpuRender=2.3ms gpu=15.6ms drawCalls=391 batches=0 setPass=134 tris=2867372 verts=5269439 units=407 models=44 sourceKeys=407 sourceKeyFallbackVisuals=0 initialSpawnConfigs=0 impostors=18 render=screen=2400x1080,batch=0,quality=0:PC,vSync=0,targetFps=-1,pipeline=Mobile_RPAsset_MobileCandidate,scale=0.75,msaa=0,camera=Main Camera,cameraData=post:1,aa:FastApproximateAntialiasing,stack:0 memory=alloc=5154MB reserved=5741MB mono=1503MB focused=1 playRequested=1 simulationActive=1 stepStats=none topSystems=disabled markers=disabled
[PerfDiag] slowUpdate frame=4646 total=51.9ms gc=0/0/0 cpuFrame=34.3ms cpuMain=31.6ms cpuRender=2.4ms gpu=14.2ms steps=RoadBuild=0.0ms, BuildingPlacement=0.1ms, Selection=0.2ms, DayNight=0.0ms, CitizenPopulation=0.0ms, MainMenu=51.6ms units=407 models=44 sourceKeys=407 sourceKeyFallbackVisuals=0 initialSpawnConfigs=0 drawCalls=387 batches=0 setPass=132 tris=2762032 verts=5000971 memory=alloc=5155MB reserved=5741MB mono=1504MB uiToolkit=0 gameplayInitialized=1 playRequested=1 simulationActive=1 focused=1 vSync=0 targetFps=-1 topSystems=disabled markers=disabled
[PerfDiag] slowUpdate frame=4672 total=48.0ms gc=0/0/0 cpuFrame=28.9ms cpuMain=26.8ms cpuRender=2.4ms gpu=14.7ms steps=RoadBuild=0.0ms, BuildingPlacement=0.1ms, Selection=0.2ms, DayNight=0.0ms, CitizenPopulation=0.0ms, MainMenu=47.7ms units=407 models=44 sourceKeys=407 sourceKeyFallbackVisuals=0 initialSpawnConfigs=0 drawCalls=387 batches=0 setPass=140 tris=2862259 verts=5261387 memory=alloc=5154MB reserved=5741MB mono=1506MB uiToolkit=0 gameplayInitialized=1 playRequested=1 simulationActive=1 focused=1 vSync=0 targetFps=-1 topSystems=disabled markers=disabled
[FrameRateDiag] fps=33.0 avgFrame=30.3ms updateAvg=8.4ms updateMax=51.9ms cpuFrame=31.1ms cpuMain=28.8ms cpuRender=2.8ms gpu=15.9ms drawCalls=382 batches=0 setPass=129 tris=2799058 verts=5097203 units=407 models=44 sourceKeys=407 sourceKeyFallbackVisuals=0 initialSpawnConfigs=0 impostors=25 render=screen=2400x1080,batch=0,quality=0:PC,vSync=0,targetFps=-1,pipeline=Mobile_RPAsset_MobileCandidate,scale=0.75,msaa=0,camera=Main Camera,cameraData=post:1,aa:FastApproximateAntialiasing,stack:0 memory=alloc=5154MB reserved=5741MB mono=1508MB focused=1 playRequested=1 simulationActive=1 stepStats=none topSystems=disabled markers=disabled
[PerfDiag] slowUpdate frame=4699 total=55.8ms gc=0/0/0 cpuFrame=35.7ms cpuMain=32.6ms cpuRender=2.7ms gpu=35.9ms steps=RoadBuild=0.0ms, BuildingPlacement=0.2ms, Selection=0.2ms, DayNight=0.0ms, CitizenPopulation=0.0ms, MainMenu=55.3ms units=407 models=44 sourceKeys=407 sourceKeyFallbackVisuals=0 initialSpawnConfigs=0 drawCalls=378 batches=0 setPass=122 tris=2761834 verts=5000575 memory=alloc=5154MB reserved=5741MB mono=1508MB uiToolkit=0 gameplayInitialized=1 playRequested=1 simulationActive=1 focused=1 vSync=0 targetFps=-1 topSystems=disabled markers=disabled
[PerfDiag] slowUpdate frame=4725 total=51.0ms gc=0/0/0 cpuFrame=36.0ms cpuMain=30.7ms cpuRender=0.6ms gpu=0.8ms steps=RoadBuild=0.0ms, BuildingPlacement=0.1ms, Selection=0.2ms, DayNight=0.0ms, CitizenPopulation=0.0ms, MainMenu=50.6ms units=407 models=44 sourceKeys=407 sourceKeyFallbackVisuals=0 initialSpawnConfigs=0 drawCalls=377 batches=0 setPass=132 tris=2744936 verts=4989427 memory=alloc=5156MB reserved=5741MB mono=1510MB uiToolkit=0 gameplayInitialized=1 playRequested=1 simulationActive=1 focused=1 vSync=0 targetFps=-1 topSystems=disabled markers=disabled
[PerfDiag] slowUpdate frame=4751 total=47.7ms gc=0/0/0 cpuFrame=29.9ms cpuMain=27.8ms cpuRender=2.2ms gpu=8.9ms steps=RoadBuild=0.0ms, BuildingPlacement=0.1ms, Selection=0.2ms, DayNight=0.0ms, CitizenPopulation=0.0ms, MainMenu=47.3ms units=407 models=44 sourceKeys=407 sourceKeyFallbackVisuals=0 initialSpawnConfigs=0 drawCalls=380 batches=0 setPass=142 tris=2611120 verts=4651751 memory=alloc=5157MB reserved=5741MB mono=1512MB uiToolkit=0 gameplayInitialized=1 playRequested=1 simulationActive=1 focused=1 vSync=0 targetFps=-1 topSystems=disabled markers=disabled
[FrameRateDiag] fps=31.2 avgFrame=32.1ms updateAvg=9.3ms updateMax=55.8ms cpuFrame=33.3ms cpuMain=30.1ms cpuRender=0.6ms gpu=7.1ms drawCalls=394 batches=0 setPass=148 tris=2735976 verts=4968183 units=407 models=44 sourceKeys=407 sourceKeyFallbackVisuals=0 initialSpawnConfigs=0 impostors=26 render=screen=2400x1080,batch=0,quality=0:PC,vSync=0,targetFps=-1,pipeline=Mobile_RPAsset_MobileCandidate,scale=0.75,msaa=0,camera=Main Camera,cameraData=post:1,aa:FastApproximateAntialiasing,stack:0 memory=alloc=5157MB reserved=5741MB mono=1513MB focused=1 playRequested=1 simulationActive=1 stepStats=none topSystems=disabled markers=disabled
[PerfDiag] slowUpdate frame=4774 total=55.2ms gc=0/0/0 cpuFrame=35.9ms cpuMain=32.8ms cpuRender=2.6ms gpu=14.4ms steps=RoadBuild=0.0ms, BuildingPlacement=0.2ms, Selection=0.3ms, DayNight=0.0ms, CitizenPopulation=0.0ms, MainMenu=54.8ms units=407 models=44 sourceKeys=407 sourceKeyFallbackVisuals=0 initialSpawnConfigs=0 drawCalls=391 batches=0 setPass=144 tris=2769371 verts=5054935 memory=alloc=5158MB reserved=5741MB mono=1514MB uiToolkit=0 gameplayInitialized=1 playRequested=1 simulationActive=1 focused=1 vSync=0 targetFps=-1 topSystems=disabled markers=disabled
[PerfDiag] slowUpdate frame=4800 total=50.5ms gc=0/0/0 cpuFrame=28.6ms cpuMain=26.4ms cpuRender=2.6ms gpu=6.8ms steps=RoadBuild=0.0ms, BuildingPlacement=0.2ms, Selection=0.2ms, DayNight=0.0ms, CitizenPopulation=0.0ms, MainMenu=50.0ms units=407 models=44 sourceKeys=407 sourceKeyFallbackVisuals=0 initialSpawnConfigs=0 drawCalls=411 batches=0 setPass=149 tris=2670538 verts=4793067 memory=alloc=5161MB reserved=5742MB mono=1516MB uiToolkit=0 gameplayInitialized=1 playRequested=1 simulationActive=1 focused=1 vSync=0 targetFps=-1 topSystems=disabled markers=disabled
[FrameRateDiag] fps=32.1 avgFrame=31.1ms updateAvg=8.6ms updateMax=55.2ms cpuFrame=27.0ms cpuMain=24.9ms cpuRender=2.4ms gpu=10.9ms drawCalls=403 batches=0 setPass=152 tris=2769881 verts=5055879 units=407 models=44 sourceKeys=407 sourceKeyFallbackVisuals=0 initialSpawnConfigs=0 impostors=23 render=screen=2400x1080,batch=0,quality=0:PC,vSync=0,targetFps=-1,pipeline=Mobile_RPAsset_MobileCandidate,scale=0.75,msaa=0,camera=Main Camera,cameraData=post:1,aa:FastApproximateAntialiasing,stack:0 memory=alloc=5161MB reserved=5743MB mono=1518MB focused=1 playRequested=1 simulationActive=1 stepStats=none topSystems=disabled markers=disabled
[PerfDiag] slowUpdate frame=4826 total=55.6ms gc=0/0/0 cpuFrame=36.6ms cpuMain=33.7ms cpuRender=2.4ms gpu=34.8ms steps=RoadBuild=0.0ms, BuildingPlacement=0.2ms, Selection=0.2ms, DayNight=0.0ms, CitizenPopulation=0.0ms, MainMenu=55.1ms units=407 models=44 sourceKeys=407 sourceKeyFallbackVisuals=0 initialSpawnConfigs=0 drawCalls=404 batches=0 setPass=137 tris=2690989 verts=4853675 memory=alloc=5162MB reserved=5743MB mono=1518MB uiToolkit=0 gameplayInitialized=1 playRequested=1 simulationActive=1 focused=1 vSync=0 targetFps=-1 topSystems=disabled markers=disabled
[PerfDiag] slowUpdate frame=4852 total=48.3ms gc=0/0/0 cpuFrame=28.7ms cpuMain=26.6ms cpuRender=0.5ms gpu=0.3ms steps=RoadBuild=0.0ms, BuildingPlacement=0.1ms, Selection=0.2ms, DayNight=0.0ms, CitizenPopulation=0.0ms, MainMenu=47.9ms units=407 models=44 sourceKeys=407 sourceKeyFallbackVisuals=0 initialSpawnConfigs=0 drawCalls=408 batches=0 setPass=157 tris=2647090 verts=4737103 memory=alloc=5165MB reserved=5745MB mono=1520MB uiToolkit=0 gameplayInitialized=1 playRequested=1 simulationActive=1 focused=1 vSync=0 targetFps=-1 topSystems=disabled markers=disabled
[PerfDiag] slowUpdate frame=4879 total=47.9ms gc=0/0/0 cpuFrame=29.9ms cpuMain=26.8ms cpuRender=2.3ms gpu=6.5ms steps=RoadBuild=0.0ms, BuildingPlacement=0.1ms, Selection=0.2ms, DayNight=0.0ms, CitizenPopulation=0.0ms, MainMenu=47.5ms units=407 models=44 sourceKeys=407 sourceKeyFallbackVisuals=0 initialSpawnConfigs=0 drawCalls=391 batches=0 setPass=141 tris=2769751 verts=5055619 memory=alloc=5165MB reserved=5747MB mono=1522MB uiToolkit=0 gameplayInitialized=1 playRequested=1 simulationActive=1 focused=1 vSync=0 targetFps=-1 topSystems=disabled markers=disabled
[FrameRateDiag] fps=32.9 avgFrame=30.4ms updateAvg=8.9ms updateMax=55.6ms cpuFrame=28.4ms cpuMain=23.0ms cpuRender=2.5ms gpu=24.6ms drawCalls=394 batches=0 setPass=138 tris=2758208 verts=5025955 units=407 models=44 sourceKeys=407 sourceKeyFallbackVisuals=0 initialSpawnConfigs=0 impostors=23 render=screen=2400x1080,batch=0,quality=0:PC,vSync=0,targetFps=-1,pipeline=Mobile_RPAsset_MobileCandidate,scale=0.75,msaa=0,camera=Main Camera,cameraData=post:1,aa:FastApproximateAntialiasing,stack:0 memory=alloc=5166MB reserved=5748MB mono=1523MB focused=1 playRequested=1 simulationActive=1 stepStats=none topSystems=disabled markers=disabled
[RenderSceneDiag] frame=4889 source=profilerCounters drawCalls=394 batches=0 setPass=138 tris=2758208 verts=5025955 topSystems=disabled markers=disabled
[PerfDiag] slowUpdate frame=4906 total=51.7ms gc=0/0/0 cpuFrame=34.5ms cpuMain=32.3ms cpuRender=2.9ms gpu=15.4ms steps=RoadBuild=0.0ms, BuildingPlacement=0.1ms, Selection=0.2ms, DayNight=0.0ms, CitizenPopulation=0.0ms, MainMenu=51.3ms units=407 models=44 sourceKeys=407 sourceKeyFallbackVisuals=0 initialSpawnConfigs=0 drawCalls=386 batches=0 setPass=133 tris=2716676 verts=4920651 memory=alloc=5167MB reserved=5748MB mono=1524MB uiToolkit=0 gameplayInitialized=1 playRequested=1 simulationActive=1 focused=1 vSync=0 targetFps=-1 topSystems=disabled markers=disabled
[AriaInputLifecycleStop] ended=True route=Match timeScale=1 kind=Waiting observationFrame=4917 frame=4917
UnityEngine.Debug:ExtractStackTraceNoAlloc (byte*,int,string)
UnityEngine.StackTraceUtility:ExtractStackTrace () (at /Users/bokken/build/output/unity/unity/Runtime/Export/Scripting/StackTrace.cs:35)
UnityEngine.DebugLogHandler:Internal_Log (UnityEngine.LogType,UnityEngine.LogOption,string,UnityEngine.Object)
UnityEngine.DebugLogHandler:LogFormat (UnityEngine.LogType,UnityEngine.Object,string,object[])
UnityEngine.Logger:Log (UnityEngine.LogType,object)
UnityEngine.Debug:LogWarning (object)
Game.UI.Shell.Ecs.AriaPlayInputSystem:OnUpdate () (at Assets/Game/Scripts/UI/Shell/Ecs/AriaPlayInputSystem.cs:80)
Unity.Entities.SystemBase:Update () (at ./Library/PackageCache/com.unity.entities@bab66ffaba49/Unity.Entities/SystemBase.cs:205)
Unity.Entities.ComponentSystemGroup:UpdateAllSystems () (at ./Library/PackageCache/com.unity.entities@bab66ffaba49/Unity.Entities/ComponentSystemGroup.cs:734)
Unity.Entities.ComponentSystemGroup:OnUpdate () (at ./Library/PackageCache/com.unity.entities@bab66ffaba49/Unity.Entities/ComponentSystemGroup.cs:687)
Unity.Entities.SystemBase:Update () (at ./Library/PackageCache/com.unity.entities@bab66ffaba49/Unity.Entities/SystemBase.cs:205)
Unity.Entities.ScriptBehaviourUpdateOrder/DummyDelegateWrapper:TriggerUpdate () (at ./Library/PackageCache/com.unity.entities@bab66ffaba49/Unity.Entities/ScriptBehaviourUpdateOrder.cs:523)

(Filename: Assets/Game/Scripts/UI/Shell/Ecs/AriaPlayInputSystem.cs Line: 80)

[PerfDiag:PreGame] slowUpdate frame=4933 total=45.4ms gc=0/0/0 cpuFrame=26.1ms cpuMain=23.6ms cpuRender=0.5ms gpu=0.2ms steps=MainMenu=45.4ms units=407 models=44 sourceKeys=407 sourceKeyFallbackVisuals=0 initialSpawnConfigs=0 drawCalls=380 batches=0 setPass=124 tris=2685171 verts=4846216 memory=alloc=5174MB reserved=5766MB mono=1527MB uiToolkit=0 gameplayInitialized=1 playRequested=0 simulationActive=0 focused=1 vSync=0 targetFps=-1 topSystems=disabled markers=disabled
[FrameRateDiag:PreGame] fps=34.1 avgFrame=29.3ms updateAvg=6.8ms updateMax=51.7ms cpuFrame=24.8ms cpuMain=21.4ms cpuRender=0.6ms gpu=17.7ms drawCalls=380 batches=0 setPass=124 tris=2685151 verts=4846194 units=407 models=44 sourceKeys=407 sourceKeyFallbackVisuals=0 initialSpawnConfigs=0 impostors=24 render=screen=2400x1080,batch=0,quality=0:PC,vSync=0,targetFps=-1,pipeline=Mobile_RPAsset_MobileCandidate,scale=0.75,msaa=0,camera=Main Camera,cameraData=post:1,aa:FastApproximateAntialiasing,stack:0 memory=alloc=5174MB reserved=5766MB mono=1529MB focused=1 playRequested=0 simulationActive=0 lastSteps=MainMenu=3.0ms stepStats=none topSystems=disabled markers=disabled
[PerfDiag:PreGame] slowUpdate frame=4961 total=53.0ms gc=0/0/0 cpuFrame=26.9ms cpuMain=24.8ms cpuRender=2.3ms gpu=6.8ms steps=MainMenu=53.0ms units=407 models=44 sourceKeys=407 sourceKeyFallbackVisuals=0 initialSpawnConfigs=0 drawCalls=380 batches=0 setPass=124 tris=2685151 verts=4846194 memory=alloc=5175MB reserved=5766MB mono=1529MB uiToolkit=0 gameplayInitialized=1 playRequested=0 simulationActive=0 focused=1 vSync=0 targetFps=-1 topSystems=disabled markers=disabled
[PerfDiag:PreGame] slowUpdate frame=4987 total=49.7ms gc=0/0/0 cpuFrame=26.6ms cpuMain=24.4ms cpuRender=2.5ms gpu=14.9ms steps=MainMenu=49.7ms units=407 models=44 sourceKeys=407 sourceKeyFallbackVisuals=0 initialSpawnConfigs=0 drawCalls=380 batches=0 setPass=124 tris=2685151 verts=4846194 memory=alloc=5174MB reserved=5766MB mono=1531MB uiToolkit=0 gameplayInitialized=1 playRequested=0 simulationActive=0 focused=1 vSync=0 targetFps=-1 topSystems=disabled markers=disabled
[PerfDiag:PreGame] slowUpdate frame=5016 total=43.3ms gc=0/0/0 cpuFrame=21.0ms cpuMain=19.0ms cpuRender=2.2ms gpu=13.3ms steps=MainMenu=43.3ms units=407 models=44 sourceKeys=407 sourceKeyFallbackVisuals=0 initialSpawnConfigs=0 drawCalls=380 batches=0 setPass=124 tris=2685151 verts=4846194 memory=alloc=5174MB reserved=5766MB mono=1533MB uiToolkit=0 gameplayInitialized=1 playRequested=0 simulationActive=0 focused=1 vSync=0 targetFps=-1 topSystems=disabled markers=disabled
[SkirmishTerminalProbe] frozen=1 returnInput=Touch target=MAIN MENU point=(1869.00, 153.50)
UnityEngine.Debug:ExtractStackTraceNoAlloc (byte*,int,string)
UnityEngine.StackTraceUtility:ExtractStackTrace () (at /Users/bokken/build/output/unity/unity/Runtime/Export/Scripting/StackTrace.cs:35)
UnityEngine.DebugLogHandler:Internal_Log (UnityEngine.LogType,UnityEngine.LogOption,string,UnityEngine.Object)
UnityEngine.DebugLogHandler:LogFormat (UnityEngine.LogType,UnityEngine.Object,string,object[])
UnityEngine.Logger:Log (UnityEngine.LogType,object)
UnityEngine.Debug:Log (object)
Game.Editor.SkirmishS002AriaRunHarness:TickTerminalPlayerFrame () (at Assets/Game/Scripts/Editor/Skirmish/SkirmishS002AriaRunHarness.TerminalProbe.cs:89)
Game.Editor.SkirmishTerminalInputProbeFrame:Update () (at Assets/Game/Scripts/Editor/Skirmish/SkirmishS002AriaRunHarness.TerminalProbe.cs:140)

(Filename: Assets/Game/Scripts/Editor/Skirmish/SkirmishS002AriaRunHarness.TerminalProbe.cs Line: 89)

[FrameRateDiag:PreGame] fps=33.8 avgFrame=29.5ms updateAvg=5.9ms updateMax=53.0ms cpuFrame=24.9ms cpuMain=21.8ms cpuRender=2.6ms gpu=7.0ms drawCalls=381 batches=0 setPass=125 tris=2685153 verts=4846198 units=407 models=44 sourceKeys=407 sourceKeyFallbackVisuals=0 initialSpawnConfigs=0 impostors=24 render=screen=2400x1080,batch=0,quality=0:PC,vSync=0,targetFps=-1,pipeline=Mobile_RPAsset_MobileCandidate,scale=0.75,msaa=0,camera=Main Camera,cameraData=post:1,aa:FastApproximateAntialiasing,stack:0 memory=alloc=5175MB reserved=5782MB mono=1534MB focused=1 playRequested=0 simulationActive=0 lastSteps=MainMenu=7.1ms stepStats=none topSystems=disabled markers=disabled
[UiShellPresentation] stage=CommandStarted sequence=4 kind=HidePopup region=PopupLayer route=Match
UnityEngine.Debug:ExtractStackTraceNoAlloc (byte*,int,string)
UnityEngine.StackTraceUtility:ExtractStackTrace () (at /Users/bokken/build/output/unity/unity/Runtime/Export/Scripting/StackTrace.cs:35)
UnityEngine.DebugLogHandler:Internal_Log (UnityEngine.LogType,UnityEngine.LogOption,string,UnityEngine.Object)
UnityEngine.DebugLogHandler:LogFormat (UnityEngine.LogType,UnityEngine.Object,string,object[])
UnityEngine.Logger:Log (UnityEngine.LogType,object,UnityEngine.Object)
UnityEngine.Debug:Log (object,UnityEngine.Object)
Game.Composition.UiDiagnosticsComposition:Report (Game.UI.Contracts.UiDiagnosticSeverity,string,UnityEngine.Object) (at Assets/Game/Scripts/Composition/UiDiagnosticsComposition.cs:17)
Game.UI.Contracts.UiDiagnostics:Info (string,UnityEngine.Object) (at Assets/Game/Scripts/UI/Contracts/UiDiagnostics.cs:14)
Game.UI.Runtime.UIShellEcsPresentationSystem:LogTransition (string,Game.UI.Contracts.UiShellPresentationCommandModel) (at Assets/Game/Scripts/UI/Shell/UIShellEcsPresentationSystem.cs:138)
Game.UI.Runtime.UIShellEcsPresentationSystem:Update () (at Assets/Game/Scripts/UI/Shell/UIShellEcsPresentationSystem.cs:87)

(Filename: Assets/Game/Scripts/Composition/UiDiagnosticsComposition.cs Line: 17)

[PerfDiag:PreGame] slowUpdate frame=5043 total=46.2ms gc=0/0/0 cpuFrame=16.7ms cpuMain=14.1ms cpuRender=2.8ms gpu=13.0ms steps=MainMenu=46.2ms units=363 models=0 sourceKeys=363 sourceKeyFallbackVisuals=0 initialSpawnConfigs=0 drawCalls=248 batches=0 setPass=102 tris=2535902 verts=4547522 memory=alloc=5172MB reserved=5783MB mono=1535MB uiToolkit=0 gameplayInitialized=1 playRequested=0 simulationActive=0 focused=1 vSync=0 targetFps=-1 topSystems=disabled markers=disabled
[UiShellPresentation] stage=CommandCompleted sequence=4 kind=HidePopup region=PopupLayer route=Match
UnityEngine.Debug:ExtractStackTraceNoAlloc (byte*,int,string)
UnityEngine.StackTraceUtility:ExtractStackTrace () (at /Users/bokken/build/output/unity/unity/Runtime/Export/Scripting/StackTrace.cs:35)
UnityEngine.DebugLogHandler:Internal_Log (UnityEngine.LogType,UnityEngine.LogOption,string,UnityEngine.Object)
UnityEngine.DebugLogHandler:LogFormat (UnityEngine.LogType,UnityEngine.Object,string,object[])
UnityEngine.Logger:Log (UnityEngine.LogType,object,UnityEngine.Object)
UnityEngine.Debug:Log (object,UnityEngine.Object)
Game.Composition.UiDiagnosticsComposition:Report (Game.UI.Contracts.UiDiagnosticSeverity,string,UnityEngine.Object) (at Assets/Game/Scripts/Composition/UiDiagnosticsComposition.cs:17)
Game.UI.Contracts.UiDiagnostics:Info (string,UnityEngine.Object) (at Assets/Game/Scripts/UI/Contracts/UiDiagnostics.cs:14)
Game.UI.Runtime.UIShellEcsPresentationSystem:LogTransition (string,Game.UI.Contracts.UiShellPresentationCommandModel) (at Assets/Game/Scripts/UI/Shell/UIShellEcsPresentationSystem.cs:138)
Game.UI.Runtime.UIShellEcsPresentationSystem/<>c__DisplayClass24_0:<Update>b__0 (int) (at Assets/Game/Scripts/UI/Shell/UIShellEcsPresentationSystem.cs:100)
Game.UI.Runtime.UIShellView/<>c__DisplayClass19_0:<ExecuteCommandSequence>b__0 () (at Assets/Game/Scripts/UI/Shell/UIShellView.cs:99)
Game.UI.Runtime.UIMotionHostView/<SequenceRoutine>d__32:MoveNext () (at Assets/Game/Scripts/UI/Shell/UIMotionHostView.cs:268)
UnityEngine.SetupCoroutine:InvokeMoveNext (System.Collections.IEnumerator,intptr) (at /Users/bokken/build/output/unity/unity/Runtime/Export/Scripting/Coroutines.cs:17)

(Filename: Assets/Game/Scripts/Composition/UiDiagnosticsComposition.cs Line: 17)

[UiShellPresentation] stage=CompletionFlushed sequence=4 kind=HidePopup region=PopupLayer
UnityEngine.Debug:ExtractStackTraceNoAlloc (byte*,int,string)
UnityEngine.StackTraceUtility:ExtractStackTrace () (at /Users/bokken/build/output/unity/unity/Runtime/Export/Scripting/StackTrace.cs:35)
UnityEngine.DebugLogHandler:Internal_Log (UnityEngine.LogType,UnityEngine.LogOption,string,UnityEngine.Object)
UnityEngine.DebugLogHandler:LogFormat (UnityEngine.LogType,UnityEngine.Object,string,object[])
UnityEngine.Logger:Log (UnityEngine.LogType,object,UnityEngine.Object)
UnityEngine.Debug:Log (object,UnityEngine.Object)
Game.Composition.UiDiagnosticsComposition:Report (Game.UI.Contracts.UiDiagnosticSeverity,string,UnityEngine.Object) (at Assets/Game/Scripts/Composition/UiDiagnosticsComposition.cs:17)
Game.UI.Contracts.UiDiagnostics:Info (string,UnityEngine.Object) (at Assets/Game/Scripts/UI/Contracts/UiDiagnostics.cs:14)
Game.UI.Runtime.UIShellEcsPresentationSystem:LogTransition (string,Game.UI.Contracts.UiShellTransitionCompleteModel) (at Assets/Game/Scripts/UI/Shell/UIShellEcsPresentationSystem.cs:146)
Game.UI.Runtime.UIShellEcsPresentationSystem:FlushPendingCompletion () (at Assets/Game/Scripts/UI/Shell/UIShellEcsPresentationSystem.cs:129)
Game.UI.Runtime.UIShellEcsPresentationSystem:Update () (at Assets/Game/Scripts/UI/Shell/UIShellEcsPresentationSystem.cs:67)

(Filename: Assets/Game/Scripts/Composition/UiDiagnosticsComposition.cs Line: 17)

[UiShellPresentation] stage=CommandStarted sequence=5 kind=ShowLoading region=LoadingLayer route=QuickCustomSetup
UnityEngine.Debug:ExtractStackTraceNoAlloc (byte*,int,string)
UnityEngine.StackTraceUtility:ExtractStackTrace () (at /Users/bokken/build/output/unity/unity/Runtime/Export/Scripting/StackTrace.cs:35)
UnityEngine.DebugLogHandler:Internal_Log (UnityEngine.LogType,UnityEngine.LogOption,string,UnityEngine.Object)
UnityEngine.DebugLogHandler:LogFormat (UnityEngine.LogType,UnityEngine.Object,string,object[])
UnityEngine.Logger:Log (UnityEngine.LogType,object,UnityEngine.Object)
UnityEngine.Debug:Log (object,UnityEngine.Object)
Game.Composition.UiDiagnosticsComposition:Report (Game.UI.Contracts.UiDiagnosticSeverity,string,UnityEngine.Object) (at Assets/Game/Scripts/Composition/UiDiagnosticsComposition.cs:17)
Game.UI.Contracts.UiDiagnostics:Info (string,UnityEngine.Object) (at Assets/Game/Scripts/UI/Contracts/UiDiagnostics.cs:14)
Game.UI.Runtime.UIShellEcsPresentationSystem:LogTransition (string,Game.UI.Contracts.UiShellPresentationCommandModel) (at Assets/Game/Scripts/UI/Shell/UIShellEcsPresentationSystem.cs:138)
Game.UI.Runtime.UIShellEcsPresentationSystem:Update () (at Assets/Game/Scripts/UI/Shell/UIShellEcsPresentationSystem.cs:87)

(Filename: Assets/Game/Scripts/Composition/UiDiagnosticsComposition.cs Line: 17)

[UiShellPresentation] stage=CommandCompleted sequence=5 kind=ShowLoading region=LoadingLayer route=QuickCustomSetup
UnityEngine.Debug:ExtractStackTraceNoAlloc (byte*,int,string)
UnityEngine.StackTraceUtility:ExtractStackTrace () (at /Users/bokken/build/output/unity/unity/Runtime/Export/Scripting/StackTrace.cs:35)
UnityEngine.DebugLogHandler:Internal_Log (UnityEngine.LogType,UnityEngine.LogOption,string,UnityEngine.Object)
UnityEngine.DebugLogHandler:LogFormat (UnityEngine.LogType,UnityEngine.Object,string,object[])
UnityEngine.Logger:Log (UnityEngine.LogType,object,UnityEngine.Object)
UnityEngine.Debug:Log (object,UnityEngine.Object)
Game.Composition.UiDiagnosticsComposition:Report (Game.UI.Contracts.UiDiagnosticSeverity,string,UnityEngine.Object) (at Assets/Game/Scripts/Composition/UiDiagnosticsComposition.cs:17)
Game.UI.Contracts.UiDiagnostics:Info (string,UnityEngine.Object) (at Assets/Game/Scripts/UI/Contracts/UiDiagnostics.cs:14)
Game.UI.Runtime.UIShellEcsPresentationSystem:LogTransition (string,Game.UI.Contracts.UiShellPresentationCommandModel) (at Assets/Game/Scripts/UI/Shell/UIShellEcsPresentationSystem.cs:138)
Game.UI.Runtime.UIShellEcsPresentationSystem/<>c__DisplayClass24_0:<Update>b__0 (int) (at Assets/Game/Scripts/UI/Shell/UIShellEcsPresentationSystem.cs:100)
Game.UI.Runtime.UIShellView:ExecuteCommandSequence (System.Collections.Generic.IReadOnlyList`1<Game.UI.Contracts.UiShellPresentationCommandModel>,int,System.Action`1<int>) (at Assets/Game/Scripts/UI/Shell/UIShellView.cs:86)
Game.UI.Runtime.UIShellEcsPresentationSystem:Update () (at Assets/Game/Scripts/UI/Shell/UIShellEcsPresentationSystem.cs:89)

(Filename: Assets/Game/Scripts/Composition/UiDiagnosticsComposition.cs Line: 17)

[UiShellPresentation] stage=CompletionFlushed sequence=5 kind=ShowLoading region=LoadingLayer
UnityEngine.Debug:ExtractStackTraceNoAlloc (byte*,int,string)
UnityEngine.StackTraceUtility:ExtractStackTrace () (at /Users/bokken/build/output/unity/unity/Runtime/Export/Scripting/StackTrace.cs:35)
UnityEngine.DebugLogHandler:Internal_Log (UnityEngine.LogType,UnityEngine.LogOption,string,UnityEngine.Object)
UnityEngine.DebugLogHandler:LogFormat (UnityEngine.LogType,UnityEngine.Object,string,object[])
UnityEngine.Logger:Log (UnityEngine.LogType,object,UnityEngine.Object)
UnityEngine.Debug:Log (object,UnityEngine.Object)
Game.Composition.UiDiagnosticsComposition:Report (Game.UI.Contracts.UiDiagnosticSeverity,string,UnityEngine.Object) (at Assets/Game/Scripts/Composition/UiDiagnosticsComposition.cs:17)
Game.UI.Contracts.UiDiagnostics:Info (string,UnityEngine.Object) (at Assets/Game/Scripts/UI/Contracts/UiDiagnostics.cs:14)
Game.UI.Runtime.UIShellEcsPresentationSystem:LogTransition (string,Game.UI.Contracts.UiShellTransitionCompleteModel) (at Assets/Game/Scripts/UI/Shell/UIShellEcsPresentationSystem.cs:146)
Game.UI.Runtime.UIShellEcsPresentationSystem:FlushPendingCompletion () (at Assets/Game/Scripts/UI/Shell/UIShellEcsPresentationSystem.cs:129)
Game.UI.Runtime.UIShellEcsPresentationSystem:Update () (at Assets/Game/Scripts/UI/Shell/UIShellEcsPresentationSystem.cs:67)

(Filename: Assets/Game/Scripts/Composition/UiDiagnosticsComposition.cs Line: 17)

[OperationMapSourceScene] stage=SceneUnloadRequested
UnityEngine.Debug:ExtractStackTraceNoAlloc (byte*,int,string)
UnityEngine.StackTraceUtility:ExtractStackTrace () (at /Users/bokken/build/output/unity/unity/Runtime/Export/Scripting/StackTrace.cs:35)
UnityEngine.DebugLogHandler:Internal_Log (UnityEngine.LogType,UnityEngine.LogOption,string,UnityEngine.Object)
UnityEngine.DebugLogHandler:LogFormat (UnityEngine.LogType,UnityEngine.Object,string,object[])
UnityEngine.Logger:Log (UnityEngine.LogType,object)
UnityEngine.Debug:Log (object)
Game.Composition.MatchSceneView:TryBeginOperationMapContentUnload (string&) (at Assets/Game/Scripts/Composition/MatchSceneView.OperationMapLifecycle.cs:92)
Game.Composition.MenuBootstrapCompositionSystemHelper:UpdateMenuLoadingProgress (Unity.Entities.EntityManager,Unity.Entities.Entity) (at Assets/Game/Scripts/Composition/MenuBootstrapCompositionSystemHelper.cs:387)
Game.Composition.MenuBootstrapCompositionSystemHelper:UpdateActualLoadingProgress (Unity.Entities.EntityManager,Unity.Entities.Entity,Game.UI.Shell.Contracts.Ecs.UiShellStateComponent) (at Assets/Game/Scripts/Composition/MenuBootstrapCompositionSystemHelper.cs:311)
Game.Composition.MenuBootstrapCompositionSystemHelper:Update (Game.Composition.MenuBootstrapView,single) (at Assets/Game/Scripts/Composition/MenuBootstrapCompositionSystemHelper.cs:158)
Game.Composition.MenuBootstrapView:Update () (at Assets/Game/Scripts/Composition/MenuBootstrapView.cs:174)

(Filename: Assets/Game/Scripts/Composition/MatchSceneView.OperationMapLifecycle.cs Line: 92)

[OperationMapSourceScene] stage=AddressablesUnloadComplete
UnityEngine.Debug:ExtractStackTraceNoAlloc (byte*,int,string)
UnityEngine.StackTraceUtility:ExtractStackTrace () (at /Users/bokken/build/output/unity/unity/Runtime/Export/Scripting/StackTrace.cs:35)
UnityEngine.DebugLogHandler:Internal_Log (UnityEngine.LogType,UnityEngine.LogOption,string,UnityEngine.Object)
UnityEngine.DebugLogHandler:LogFormat (UnityEngine.LogType,UnityEngine.Object,string,object[])
UnityEngine.Logger:Log (UnityEngine.LogType,object)
UnityEngine.Debug:Log (object)
Game.Composition.OperationMapSceneLoadingSceneSystemHelper:UpdateUnload () (at Assets/Game/Scripts/Composition/OperationMapSceneLoadingSceneSystemHelper.cs:361)
Game.Composition.OperationMapSceneLoadingSceneSystemHelper:Update () (at Assets/Game/Scripts/Composition/OperationMapSceneLoadingSceneSystemHelper.cs:120)
Game.Composition.MatchSceneView:UpdateOperationMapSourceSceneLoad () (at Assets/Game/Scripts/Composition/MatchSceneView.OperationMapLifecycle.cs:449)
Game.Composition.MatchSceneView:UpdateOperationMapContentUnload () (at Assets/Game/Scripts/Composition/MatchSceneView.OperationMapLifecycle.cs:102)
Game.Composition.MenuBootstrapCompositionSystemHelper:UpdateMenuLoadingProgress (Unity.Entities.EntityManager,Unity.Entities.Entity) (at Assets/Game/Scripts/Composition/MenuBootstrapCompositionSystemHelper.cs:399)
Game.Composition.MenuBootstrapCompositionSystemHelper:UpdateActualLoadingProgress (Unity.Entities.EntityManager,Unity.Entities.Entity,Game.UI.Shell.Contracts.Ecs.UiShellStateComponent) (at Assets/Game/Scripts/Composition/MenuBootstrapCompositionSystemHelper.cs:311)
Game.Composition.MenuBootstrapCompositionSystemHelper:Update (Game.Composition.MenuBootstrapView,single) (at Assets/Game/Scripts/Composition/MenuBootstrapCompositionSystemHelper.cs:158)
Game.Composition.MenuBootstrapView:Update () (at Assets/Game/Scripts/Composition/MenuBootstrapView.cs:174)

(Filename: Assets/Game/Scripts/Composition/OperationMapSceneLoadingSceneSystemHelper.cs Line: 361)

[UiShellPresentation] stage=CommandStarted sequence=6 kind=EnterMenu region=None route=QuickCustomSetup
UnityEngine.Debug:ExtractStackTraceNoAlloc (byte*,int,string)
UnityEngine.StackTraceUtility:ExtractStackTrace () (at /Users/bokken/build/output/unity/unity/Runtime/Export/Scripting/StackTrace.cs:35)
UnityEngine.DebugLogHandler:Internal_Log (UnityEngine.LogType,UnityEngine.LogOption,string,UnityEngine.Object)
UnityEngine.DebugLogHandler:LogFormat (UnityEngine.LogType,UnityEngine.Object,string,object[])
UnityEngine.Logger:Log (UnityEngine.LogType,object,UnityEngine.Object)
UnityEngine.Debug:Log (object,UnityEngine.Object)
Game.Composition.UiDiagnosticsComposition:Report (Game.UI.Contracts.UiDiagnosticSeverity,string,UnityEngine.Object) (at Assets/Game/Scripts/Composition/UiDiagnosticsComposition.cs:17)
Game.UI.Contracts.UiDiagnostics:Info (string,UnityEngine.Object) (at Assets/Game/Scripts/UI/Contracts/UiDiagnostics.cs:14)
Game.UI.Runtime.UIShellEcsPresentationSystem:LogTransition (string,Game.UI.Contracts.UiShellPresentationCommandModel) (at Assets/Game/Scripts/UI/Shell/UIShellEcsPresentationSystem.cs:138)
Game.UI.Runtime.UIShellEcsPresentationSystem:Update () (at Assets/Game/Scripts/UI/Shell/UIShellEcsPresentationSystem.cs:87)

(Filename: Assets/Game/Scripts/Composition/UiDiagnosticsComposition.cs Line: 17)

[UiShellPresentation] stage=CommandCompleted sequence=6 kind=EnterMenu region=None route=QuickCustomSetup
UnityEngine.Debug:ExtractStackTraceNoAlloc (byte*,int,string)
UnityEngine.StackTraceUtility:ExtractStackTrace () (at /Users/bokken/build/output/unity/unity/Runtime/Export/Scripting/StackTrace.cs:35)
UnityEngine.DebugLogHandler:Internal_Log (UnityEngine.LogType,UnityEngine.LogOption,string,UnityEngine.Object)
UnityEngine.DebugLogHandler:LogFormat (UnityEngine.LogType,UnityEngine.Object,string,object[])
UnityEngine.Logger:Log (UnityEngine.LogType,object,UnityEngine.Object)
UnityEngine.Debug:Log (object,UnityEngine.Object)
Game.Composition.UiDiagnosticsComposition:Report (Game.UI.Contracts.UiDiagnosticSeverity,string,UnityEngine.Object) (at Assets/Game/Scripts/Composition/UiDiagnosticsComposition.cs:17)
Game.UI.Contracts.UiDiagnostics:Info (string,UnityEngine.Object) (at Assets/Game/Scripts/UI/Contracts/UiDiagnostics.cs:14)
Game.UI.Runtime.UIShellEcsPresentationSystem:LogTransition (string,Game.UI.Contracts.UiShellPresentationCommandModel) (at Assets/Game/Scripts/UI/Shell/UIShellEcsPresentationSystem.cs:138)
Game.UI.Runtime.UIShellEcsPresentationSystem/<>c__DisplayClass24_0:<Update>b__0 (int) (at Assets/Game/Scripts/UI/Shell/UIShellEcsPresentationSystem.cs:100)
Game.UI.Runtime.UIShellView/<>c__DisplayClass19_0:<ExecuteCommandSequence>b__0 () (at Assets/Game/Scripts/UI/Shell/UIShellView.cs:99)
Game.UI.Runtime.UIMotionHostView/<SequenceRoutine>d__32:MoveNext () (at Assets/Game/Scripts/UI/Shell/UIMotionHostView.cs:268)
UnityEngine.SetupCoroutine:InvokeMoveNext (System.Collections.IEnumerator,intptr) (at /Users/bokken/build/output/unity/unity/Runtime/Export/Scripting/Coroutines.cs:17)

(Filename: Assets/Game/Scripts/Composition/UiDiagnosticsComposition.cs Line: 17)

[UiShellPresentation] stage=CompletionFlushed sequence=6 kind=EnterMenu region=None
UnityEngine.Debug:ExtractStackTraceNoAlloc (byte*,int,string)
UnityEngine.StackTraceUtility:ExtractStackTrace () (at /Users/bokken/build/output/unity/unity/Runtime/Export/Scripting/StackTrace.cs:35)
UnityEngine.DebugLogHandler:Internal_Log (UnityEngine.LogType,UnityEngine.LogOption,string,UnityEngine.Object)
UnityEngine.DebugLogHandler:LogFormat (UnityEngine.LogType,UnityEngine.Object,string,object[])
UnityEngine.Logger:Log (UnityEngine.LogType,object,UnityEngine.Object)
UnityEngine.Debug:Log (object,UnityEngine.Object)
Game.Composition.UiDiagnosticsComposition:Report (Game.UI.Contracts.UiDiagnosticSeverity,string,UnityEngine.Object) (at Assets/Game/Scripts/Composition/UiDiagnosticsComposition.cs:17)
Game.UI.Contracts.UiDiagnostics:Info (string,UnityEngine.Object) (at Assets/Game/Scripts/UI/Contracts/UiDiagnostics.cs:14)
Game.UI.Runtime.UIShellEcsPresentationSystem:LogTransition (string,Game.UI.Contracts.UiShellTransitionCompleteModel) (at Assets/Game/Scripts/UI/Shell/UIShellEcsPresentationSystem.cs:146)
Game.UI.Runtime.UIShellEcsPresentationSystem:FlushPendingCompletion () (at Assets/Game/Scripts/UI/Shell/UIShellEcsPresentationSystem.cs:129)
Game.UI.Runtime.UIShellEcsPresentationSystem:Update () (at Assets/Game/Scripts/UI/Shell/UIShellEcsPresentationSystem.cs:67)

(Filename: Assets/Game/Scripts/Composition/UiDiagnosticsComposition.cs Line: 17)

[UiShellPresentation] stage=CommandStarted sequence=7 kind=SwapMenuMiddle region=MiddleRegion route=MainMenu
UnityEngine.Debug:ExtractStackTraceNoAlloc (byte*,int,string)
UnityEngine.StackTraceUtility:ExtractStackTrace () (at /Users/bokken/build/output/unity/unity/Runtime/Export/Scripting/StackTrace.cs:35)
UnityEngine.DebugLogHandler:Internal_Log (UnityEngine.LogType,UnityEngine.LogOption,string,UnityEngine.Object)
UnityEngine.DebugLogHandler:LogFormat (UnityEngine.LogType,UnityEngine.Object,string,object[])
UnityEngine.Logger:Log (UnityEngine.LogType,object,UnityEngine.Object)
UnityEngine.Debug:Log (object,UnityEngine.Object)
Game.Composition.UiDiagnosticsComposition:Report (Game.UI.Contracts.UiDiagnosticSeverity,string,UnityEngine.Object) (at Assets/Game/Scripts/Composition/UiDiagnosticsComposition.cs:17)
Game.UI.Contracts.UiDiagnostics:Info (string,UnityEngine.Object) (at Assets/Game/Scripts/UI/Contracts/UiDiagnostics.cs:14)
Game.UI.Runtime.UIShellEcsPresentationSystem:LogTransition (string,Game.UI.Contracts.UiShellPresentationCommandModel) (at Assets/Game/Scripts/UI/Shell/UIShellEcsPresentationSystem.cs:138)
Game.UI.Runtime.UIShellEcsPresentationSystem:Update () (at Assets/Game/Scripts/UI/Shell/UIShellEcsPresentationSystem.cs:87)

(Filename: Assets/Game/Scripts/Composition/UiDiagnosticsComposition.cs Line: 17)

[UiShellPresentation] stage=CommandCompleted sequence=7 kind=SwapMenuMiddle region=MiddleRegion route=MainMenu
UnityEngine.Debug:ExtractStackTraceNoAlloc (byte*,int,string)
UnityEngine.StackTraceUtility:ExtractStackTrace () (at /Users/bokken/build/output/unity/unity/Runtime/Export/Scripting/StackTrace.cs:35)
UnityEngine.DebugLogHandler:Internal_Log (UnityEngine.LogType,UnityEngine.LogOption,string,UnityEngine.Object)
UnityEngine.DebugLogHandler:LogFormat (UnityEngine.LogType,UnityEngine.Object,string,object[])
UnityEngine.Logger:Log (UnityEngine.LogType,object,UnityEngine.Object)
UnityEngine.Debug:Log (object,UnityEngine.Object)
Game.Composition.UiDiagnosticsComposition:Report (Game.UI.Contracts.UiDiagnosticSeverity,string,UnityEngine.Object) (at Assets/Game/Scripts/Composition/UiDiagnosticsComposition.cs:17)
Game.UI.Contracts.UiDiagnostics:Info (string,UnityEngine.Object) (at Assets/Game/Scripts/UI/Contracts/UiDiagnostics.cs:14)
Game.UI.Runtime.UIShellEcsPresentationSystem:LogTransition (string,Game.UI.Contracts.UiShellPresentationCommandModel) (at Assets/Game/Scripts/UI/Shell/UIShellEcsPresentationSystem.cs:138)
Game.UI.Runtime.UIShellEcsPresentationSystem/<>c__DisplayClass24_0:<Update>b__0 (int) (at Assets/Game/Scripts/UI/Shell/UIShellEcsPresentationSystem.cs:100)
Game.UI.Runtime.UIShellView/<>c__DisplayClass19_0:<ExecuteCommandSequence>b__0 () (at Assets/Game/Scripts/UI/Shell/UIShellView.cs:99)
Game.UI.Runtime.UIMotionHostView/<SequenceRoutine>d__32:MoveNext () (at Assets/Game/Scripts/UI/Shell/UIMotionHostView.cs:268)
UnityEngine.SetupCoroutine:InvokeMoveNext (System.Collections.IEnumerator,intptr) (at /Users/bokken/build/output/unity/unity/Runtime/Export/Scripting/Coroutines.cs:17)

(Filename: Assets/Game/Scripts/Composition/UiDiagnosticsComposition.cs Line: 17)

[UiShellPresentation] stage=CompletionFlushed sequence=7 kind=SwapMenuMiddle region=MiddleRegion
UnityEngine.Debug:ExtractStackTraceNoAlloc (byte*,int,string)
UnityEngine.StackTraceUtility:ExtractStackTrace () (at /Users/bokken/build/output/unity/unity/Runtime/Export/Scripting/StackTrace.cs:35)
UnityEngine.DebugLogHandler:Internal_Log (UnityEngine.LogType,UnityEngine.LogOption,string,UnityEngine.Object)
UnityEngine.DebugLogHandler:LogFormat (UnityEngine.LogType,UnityEngine.Object,string,object[])
UnityEngine.Logger:Log (UnityEngine.LogType,object,UnityEngine.Object)
UnityEngine.Debug:Log (object,UnityEngine.Object)
Game.Composition.UiDiagnosticsComposition:Report (Game.UI.Contracts.UiDiagnosticSeverity,string,UnityEngine.Object) (at Assets/Game/Scripts/Composition/UiDiagnosticsComposition.cs:17)
Game.UI.Contracts.UiDiagnostics:Info (string,UnityEngine.Object) (at Assets/Game/Scripts/UI/Contracts/UiDiagnostics.cs:14)
Game.UI.Runtime.UIShellEcsPresentationSystem:LogTransition (string,Game.UI.Contracts.UiShellTransitionCompleteModel) (at Assets/Game/Scripts/UI/Shell/UIShellEcsPresentationSystem.cs:146)
Game.UI.Runtime.UIShellEcsPresentationSystem:FlushPendingCompletion () (at Assets/Game/Scripts/UI/Shell/UIShellEcsPresentationSystem.cs:129)
Game.UI.Runtime.UIShellEcsPresentationSystem:Update () (at Assets/Game/Scripts/UI/Shell/UIShellEcsPresentationSystem.cs:67)

(Filename: Assets/Game/Scripts/Composition/UiDiagnosticsComposition.cs Line: 17)

[SkirmishTerminalProbe] result=Passed reason=frozenResultAnd:MAIN MENU completed=1 interventions=0
UnityEngine.Debug:ExtractStackTraceNoAlloc (byte*,int,string)
UnityEngine.StackTraceUtility:ExtractStackTrace () (at /Users/bokken/build/output/unity/unity/Runtime/Export/Scripting/StackTrace.cs:35)
UnityEngine.DebugLogHandler:Internal_Log (UnityEngine.LogType,UnityEngine.LogOption,string,UnityEngine.Object)
UnityEngine.DebugLogHandler:LogFormat (UnityEngine.LogType,UnityEngine.Object,string,object[])
UnityEngine.Logger:Log (UnityEngine.LogType,object)
UnityEngine.Debug:Log (object)
Game.Editor.SkirmishS002AriaRunHarness:EndTerminalProbe (bool,string) (at Assets/Game/Scripts/Editor/Skirmish/SkirmishS002AriaRunHarness.TerminalProbe.cs:130)
Game.Editor.SkirmishS002AriaRunHarness:TickTerminalPlayerFrame () (at Assets/Game/Scripts/Editor/Skirmish/SkirmishS002AriaRunHarness.TerminalProbe.cs:116)
Game.Editor.SkirmishTerminalInputProbeFrame:Update () (at Assets/Game/Scripts/Editor/Skirmish/SkirmishS002AriaRunHarness.TerminalProbe.cs:140)

(Filename: Assets/Game/Scripts/Editor/Skirmish/SkirmishS002AriaRunHarness.TerminalProbe.cs Line: 130)

[SkirmishNormalSpeed] latch=True terminalScale=1 matchSeconds=147.1948 wallSeconds=147.069627 counted=True
UnityEngine.Debug:ExtractStackTraceNoAlloc (byte*,int,string)
UnityEngine.StackTraceUtility:ExtractStackTrace () (at /Users/bokken/build/output/unity/unity/Runtime/Export/Scripting/StackTrace.cs:35)
UnityEngine.DebugLogHandler:Internal_Log (UnityEngine.LogType,UnityEngine.LogOption,string,UnityEngine.Object)
UnityEngine.DebugLogHandler:LogFormat (UnityEngine.LogType,UnityEngine.Object,string,object[])
UnityEngine.Logger:Log (UnityEngine.LogType,object)
UnityEngine.Debug:Log (object)
Game.Editor.SkirmishS002AriaRunHarness:Finish (bool,string) (at Assets/Game/Scripts/Editor/Skirmish/SkirmishS002AriaRunHarness.cs:1053)
Game.Editor.SkirmishS002AriaRunHarness:EndTerminalProbe (bool,string) (at Assets/Game/Scripts/Editor/Skirmish/SkirmishS002AriaRunHarness.TerminalProbe.cs:134)
Game.Editor.SkirmishS002AriaRunHarness:TickTerminalPlayerFrame () (at Assets/Game/Scripts/Editor/Skirmish/SkirmishS002AriaRunHarness.TerminalProbe.cs:116)
Game.Editor.SkirmishTerminalInputProbeFrame:Update () (at Assets/Game/Scripts/Editor/Skirmish/SkirmishS002AriaRunHarness.TerminalProbe.cs:140)

(Filename: Assets/Game/Scripts/Editor/Skirmish/SkirmishS002AriaRunHarness.cs Line: 1053)

[SkirmishInputEvidence] gestures=39 completed=39 samples=78 unexpected=0 interventions=0 recordedCommands=48 receiptViolations=0 acceptedCommandCoverage=SupportedAriaControlsV2
UnityEngine.Debug:ExtractStackTraceNoAlloc (byte*,int,string)
UnityEngine.StackTraceUtility:ExtractStackTrace () (at /Users/bokken/build/output/unity/unity/Runtime/Export/Scripting/StackTrace.cs:35)
UnityEngine.DebugLogHandler:Internal_Log (UnityEngine.LogType,UnityEngine.LogOption,string,UnityEngine.Object)
UnityEngine.DebugLogHandler:LogFormat (UnityEngine.LogType,UnityEngine.Object,string,object[])
UnityEngine.Logger:Log (UnityEngine.LogType,object)
UnityEngine.Debug:Log (object)
Game.Editor.SkirmishS002AriaRunHarness:Finish (bool,string) (at Assets/Game/Scripts/Editor/Skirmish/SkirmishS002AriaRunHarness.cs:1069)
Game.Editor.SkirmishS002AriaRunHarness:EndTerminalProbe (bool,string) (at Assets/Game/Scripts/Editor/Skirmish/SkirmishS002AriaRunHarness.TerminalProbe.cs:134)
Game.Editor.SkirmishS002AriaRunHarness:TickTerminalPlayerFrame () (at Assets/Game/Scripts/Editor/Skirmish/SkirmishS002AriaRunHarness.TerminalProbe.cs:116)
Game.Editor.SkirmishTerminalInputProbeFrame:Update () (at Assets/Game/Scripts/Editor/Skirmish/SkirmishS002AriaRunHarness.TerminalProbe.cs:140)

(Filename: Assets/Game/Scripts/Editor/Skirmish/SkirmishS002AriaRunHarness.cs Line: 1069)

[SkirmishS002AriaRun] appended=1 countedWin=1 error=
S004-aria-rs-104733-en-1,S004,2,1b08ba8481874ec0ad12c0eea7612c501bbaa58c382bb12d917ca896cbaf5cd8,b4dc4edcf1fbff4fee82482f6b289e69bb191947d4e0620bce472801679bf08b,Standard,Regular,104733,en,Editor,aria,1,2026-10-03T21:39:58Z,Victory,MainBaseDestroyed,147.195,0,0,Design/AgentReports/SkirmishExpansion/S004/_Evidence/candidates/1b08ba8481874ec0ad12c0eea7612c501bbaa58c382bb12d917ca896cbaf5cd8/s004-aria-rs-104733-en-1.jsonl,Design/AgentReports/SkirmishExpansion/S004/_Evidence/candidates/1b08ba8481874ec0ad12c0eea7612c501bbaa58c382bb12d917ca896cbaf5cd8/s004-aria-rs-104733-en-1-log.txt
UnityEngine.Debug:ExtractStackTraceNoAlloc (byte*,int,string)
UnityEngine.StackTraceUtility:ExtractStackTrace () (at /Users/bokken/build/output/unity/unity/Runtime/Export/Scripting/StackTrace.cs:35)
UnityEngine.DebugLogHandler:Internal_Log (UnityEngine.LogType,UnityEngine.LogOption,string,UnityEngine.Object)
UnityEngine.DebugLogHandler:LogFormat (UnityEngine.LogType,UnityEngine.Object,string,object[])
UnityEngine.Logger:Log (UnityEngine.LogType,object)
UnityEngine.Debug:Log (object)
Game.Editor.SkirmishS002AriaRunHarness:Finish (bool,string) (at Assets/Game/Scripts/Editor/Skirmish/SkirmishS002AriaRunHarness.cs:1115)
Game.Editor.SkirmishS002AriaRunHarness:EndTerminalProbe (bool,string) (at Assets/Game/Scripts/Editor/Skirmish/SkirmishS002AriaRunHarness.TerminalProbe.cs:134)
Game.Editor.SkirmishS002AriaRunHarness:TickTerminalPlayerFrame () (at Assets/Game/Scripts/Editor/Skirmish/SkirmishS002AriaRunHarness.TerminalProbe.cs:116)
Game.Editor.SkirmishTerminalInputProbeFrame:Update () (at Assets/Game/Scripts/Editor/Skirmish/SkirmishS002AriaRunHarness.TerminalProbe.cs:140)

(Filename: Assets/Game/Scripts/Editor/Skirmish/SkirmishS002AriaRunHarness.cs Line: 1115)

Thread 0x438ba7000 may have been prematurely finalized
Unloading 715 Unused Serialized files (Serialized files now loaded: 0)
Loaded scene 'Temp/__Backupscenes/0.backup'
	Deserialize:            21.160 ms
	Integration:            744.034 ms
	Integration of assets:  0.006 ms
	Thread Wait Time:       0.002 ms
	Total Operation Time:   765.203 ms
Unloading 104 unused Assets / (400.4 KB). Loaded Objects now: 56140.
Memory consumption went from 4.63 GB to 4.62 GB.
Total: 110.829833 ms (FindLiveObjects: 1.695875 ms CreateObjectMapping: 15.152584 ms MarkObjects: 91.388916 ms  DeleteObjects: 2.592000 ms)

[Licensing::Client] Successfully resolved entitlement details
GPU Resident Drawer created.
Starting new worker id: 1 with log in /Users/farhad/Projects/WarlineCapture/Logs/AssetImportWorkerHW1.log
[SkirmishValidationExit] result=Requested code=0
UnityEngine.Debug:ExtractStackTraceNoAlloc (byte*,int,string)
UnityEngine.StackTraceUtility:ExtractStackTrace () (at /Users/bokken/build/output/unity/unity/Runtime/Export/Scripting/StackTrace.cs:35)
UnityEngine.DebugLogHandler:Internal_Log (UnityEngine.LogType,UnityEngine.LogOption,string,UnityEngine.Object)
UnityEngine.DebugLogHandler:LogFormat (UnityEngine.LogType,UnityEngine.Object,string,object[])
UnityEngine.Logger:Log (UnityEngine.LogType,object)
UnityEngine.Debug:Log (object)
Game.Editor.SkirmishS002AriaRunHarness:FinishQuitAfterPlayMode () (at Assets/Game/Scripts/Editor/Skirmish/SkirmishS002AriaRunHarness.cs:1176)
UnityEditor.EditorApplication:Internal_CallUpdateFunctions () (at /Users/bokken/build/output/unity/unity/Editor/Mono/EditorApplication.cs:403)

(Filename: Assets/Game/Scripts/Editor/Skirmish/SkirmishS002AriaRunHarness.cs Line: 1176)

MonoPathRemapper: Attempts to remap: 513870; Successful remaps: 2358
Thread 0x3989d7000 may have been prematurely finalized
Thread 0x438c33000 may have been prematurely finalized
Serialized file version minimum: 22, current 23
[LAYOUT] About to save layout /Users/farhad/Projects/WarlineCapture/UserSettings/Layouts/default-6000.dwlt
[LAYOUT] About to save layout /Users/farhad/Library/Preferences/Unity/Editor-5.x/Layouts/current/default-6000.dwlt
[Worker0] Imported GUID: d7d501a5fe0344758893585e1c3e17fb - Path: Assets/Game/GeneratedStaticMapPresentation/OperationMaps/opmap/skirmish/desert_base_01/Scenes/StaticMapPresentation_opmap_skirmish_desert_base_01_chunk_p033_p019.unity - Importer: ScriptedImporter/UnityEditor.QuickSearchModule:UnityEditor.Search:ASIAI0B -> (ImportResultId: '8b313d8ffa96cce674f81f5bb2950c77') in 0.4511975 seconds
Pipeline Server stopped
[Worker0] Imported GUID: f84604e992b0e407cb32a6d9056a400c - Path: Assets/Game/GeneratedStaticMapPresentation/OperationMaps/opmap/skirmish/desert_base_01/Scenes/StaticMapPresentation_opmap_skirmish_desert_base_01_chunk_p035_p018.unity - Importer: ScriptedImporter/UnityEditor.QuickSearchModule:UnityEditor.Search:ASIAI0B -> (ImportResultId: '85ae82425321c1beb6f92e94641fc60a') in 0.074888125 seconds
[Worker0] Imported GUID: 829dce0e6fe6424eacd0ac784ca44122 - Path: Assets/Game/Scripts/Composition/MatchBootstrapCompositionSystemHelper.cs - Importer: ScriptedImporter/UnityEditor.QuickSearchModule:UnityEditor.Search:ASIAI0B -> (ImportResultId: '14669930440b961ebcecdb3f828972d1') in 0.078842375 seconds
Clearing [LiberationSans SDF - Fallback] dynamic font asset data.
UnityEngine.Debug:ExtractStackTraceNoAlloc (byte*,int,string)
UnityEngine.StackTraceUtility:ExtractStackTrace () (at /Users/bokken/build/output/unity/unity/Runtime/Export/Scripting/StackTrace.cs:35)
UnityEngine.DebugLogHandler:Internal_Log (UnityEngine.LogType,UnityEngine.LogOption,string,UnityEngine.Object)
UnityEngine.DebugLogHandler:LogFormat (UnityEngine.LogType,UnityEngine.Object,string,object[])
UnityEngine.Logger:Log (UnityEngine.LogType,object)
UnityEngine.Debug:Log (object)
TMPro.EditorEventCallbacks/<>c:<InitializeFontAssetResourceChangeCallBacks>b__0_0 () (at ./Library/PackageCache/com.unity.ugui@3d1ea40b73ef/Editor/TMP/TMP_EditorResourceManager.cs:36)
UnityEditor.EditorApplication:Internal_EditorApplicationQuit () (at /Users/bokken/build/output/unity/unity/Editor/Mono/EditorApplication.cs:128)
Game.Editor.SkirmishS002AriaRunHarness:FinishQuitAfterPlayMode () (at Assets/Game/Scripts/Editor/Skirmish/SkirmishS002AriaRunHarness.cs:1177)
UnityEditor.EditorApplication:Internal_CallUpdateFunctions () (at /Users/bokken/build/output/unity/unity/Editor/Mono/EditorApplication.cs:403)

(Filename: ./Library/PackageCache/com.unity.ugui@3d1ea40b73ef/Editor/TMP/TMP_EditorResourceManager.cs Line: 36)

Unloading 2 Unused Serialized files (Serialized files now loaded: 0)
[Worker0] Imported GUID: 9765d5d16bf6d41a6a6e0e2636c1b162 - Path: Assets/Tests/Editor/SkirmishExpansion/SkirmishSharedMaterialsTests.cs - Importer: ScriptedImporter/UnityEditor.QuickSearchModule:UnityEditor.Search:ASIAI0B -> (ImportResultId: '67914d114618fe0dd0748feba38325d6') in 0.021439458 seconds
Deleted discovery files
UnityEngine.Debug:ExtractStackTraceNoAlloc (byte*,int,string)
UnityEngine.StackTraceUtility:ExtractStackTrace () (at /Users/bokken/build/output/unity/unity/Runtime/Export/Scripting/StackTrace.cs:35)
UnityEngine.DebugLogHandler:Internal_Log (UnityEngine.LogType,UnityEngine.LogOption,string,UnityEngine.Object)
UnityEngine.DebugLogHandler:LogFormat (UnityEngine.LogType,UnityEngine.Object,string,object[])
UnityEngine.Logger:Log (UnityEngine.LogType,object)
UnityEngine.Debug:Log (object)
Unity.AI.Tracing.ConsoleSink:LogToConsole (string,string,System.Exception) (at ./Library/PackageCache/com.unity.ai.assistant@6fee27370e6a/Modules/Unity.AI.Tracing/TraceSinks.cs:313)
Unity.AI.Tracing.ConsoleSink:Write (Unity.AI.Tracing.TraceEvent) (at ./Library/PackageCache/com.unity.ai.assistant@6fee27370e6a/Modules/Unity.AI.Tracing/TraceSinks.cs:277)
Unity.AI.Tracing.TraceWriter:WriteEventInternal (string,string,Unity.AI.Tracing.TraceEventOptions,string,System.Nullable`1<int>) (at ./Library/PackageCache/com.unity.ai.assistant@6fee27370e6a/Modules/Unity.AI.Tracing/TraceWriter.cs:373)
Unity.AI.Tracing.TraceWriter:Event (string,Unity.AI.Tracing.TraceEventOptions) (at ./Library/PackageCache/com.unity.ai.assistant@6fee27370e6a/Modules/Unity.AI.Tracing/TraceWriter.cs:297)
Unity.AI.Tracing.TraceLogger:Emit (string,string,string,string,Unity.AI.Tracing.TraceEventOptions,object,System.Exception) (at ./Library/PackageCache/com.unity.ai.assistant@6fee27370e6a/Modules/Unity.AI.Tracing/TraceLogger.cs:105)
Unity.AI.Tracing.TraceLogger:Info (string,string,string,Unity.AI.Tracing.TraceEventOptions) (at ./Library/PackageCache/com.unity.ai.assistant@6fee27370e6a/Modules/Unity.AI.Tracing/TraceLogger.cs:35)
Unity.AI.MCP.Editor.Helpers.McpLog:Log (string,Unity.AI.Tracing.TraceEventOptions) (at ./Library/PackageCache/com.unity.ai.assistant@6fee27370e6a/Modules/Unity.AI.MCP.Editor/Helpers/McpLog.cs:15)
Unity.AI.MCP.Editor.Helpers.ServerDiscovery:DeleteDiscoveryFiles () (at ./Library/PackageCache/com.unity.ai.assistant@6fee27370e6a/Modules/Unity.AI.MCP.Editor/Connection/ServerDiscovery.cs:156)
Unity.AI.MCP.Editor.Bridge:Stop () (at ./Library/PackageCache/com.unity.ai.assistant@6fee27370e6a/Modules/Unity.AI.MCP.Editor/Bridge.cs:351)
UnityEditor.EditorApplication:Internal_EditorApplicationQuit () (at /Users/bokken/build/output/unity/unity/Editor/Mono/EditorApplication.cs:128)
Game.Editor.SkirmishS002AriaRunHarness:FinishQuitAfterPlayMode () (at Assets/Game/Scripts/Editor/Skirmish/SkirmishS002AriaRunHarness.cs:1177)
UnityEditor.EditorApplication:Internal_CallUpdateFunctions () (at /Users/bokken/build/output/unity/unity/Editor/Mono/EditorApplication.cs:403)

(Filename: ./Library/PackageCache/com.unity.ai.assistant@6fee27370e6a/Modules/Unity.AI.Tracing/TraceSinks.cs Line: 313)

Deleted socket file: /tmp/unity-mcp-cf777efb-20031
UnityEngine.Debug:ExtractStackTraceNoAlloc (byte*,int,string)
UnityEngine.StackTraceUtility:ExtractStackTrace () (at /Users/bokken/build/output/unity/unity/Runtime/Export/Scripting/StackTrace.cs:35)
UnityEngine.DebugLogHandler:Internal_Log (UnityEngine.LogType,UnityEngine.LogOption,string,UnityEngine.Object)
UnityEngine.DebugLogHandler:LogFormat (UnityEngine.LogType,UnityEngine.Object,string,object[])
UnityEngine.Logger:Log (UnityEngine.LogType,object)
UnityEngine.Debug:Log (object)
Unity.AI.Tracing.ConsoleSink:LogToConsole (string,string,System.Exception) (at ./Library/PackageCache/com.unity.ai.assistant@6fee27370e6a/Modules/Unity.AI.Tracing/TraceSinks.cs:313)
Unity.AI.Tracing.ConsoleSink:Write (Unity.AI.Tracing.TraceEvent) (at ./Library/PackageCache/com.unity.ai.assistant@6fee27370e6a/Modules/Unity.AI.Tracing/TraceSinks.cs:277)
Unity.AI.Tracing.TraceWriter:WriteEventInternal (string,string,Unity.AI.Tracing.TraceEventOptions,string,System.Nullable`1<int>) (at ./Library/PackageCache/com.unity.ai.assistant@6fee27370e6a/Modules/Unity.AI.Tracing/TraceWriter.cs:373)
Unity.AI.Tracing.TraceWriter:Event (string,Unity.AI.Tracing.TraceEventOptions) (at ./Library/PackageCache/com.unity.ai.assistant@6fee27370e6a/Modules/Unity.AI.Tracing/TraceWriter.cs:297)
Unity.AI.Tracing.TraceLogger:Emit (string,string,string,string,Unity.AI.Tracing.TraceEventOptions,object,System.Exception) (at ./Library/PackageCache/com.unity.ai.assistant@6fee27370e6a/Modules/Unity.AI.Tracing/TraceLogger.cs:105)
Unity.AI.Tracing.TraceLogger:Info (string,string,string,Unity.AI.Tracing.TraceEventOptions) (at ./Library/PackageCache/com.unity.ai.assistant@6fee27370e6a/Modules/Unity.AI.Tracing/TraceLogger.cs:35)
Unity.AI.MCP.Editor.Helpers.McpLog:Log (string,Unity.AI.Tracing.TraceEventOptions) (at ./Library/PackageCache/com.unity.ai.assistant@6fee27370e6a/Modules/Unity.AI.MCP.Editor/Helpers/McpLog.cs:15)
Unity.AI.MCP.Editor.Connection.UnixSocketListener:Stop () (at ./Library/PackageCache/com.unity.ai.assistant@6fee27370e6a/Modules/Unity.AI.MCP.Editor/Connection/UnixSocketListener.cs:251)
Unity.AI.MCP.Editor.Bridge:Stop () (at ./Library/PackageCache/com.unity.ai.assistant@6fee27370e6a/Modules/Unity.AI.MCP.Editor/Bridge.cs:361)
UnityEditor.EditorApplication:Internal_EditorApplicationQuit () (at /Users/bokken/build/output/unity/unity/Editor/Mono/EditorApplication.cs:128)
Game.Editor.SkirmishS002AriaRunHarness:FinishQuitAfterPlayMode () (at Assets/Game/Scripts/Editor/Skirmish/SkirmishS002AriaRunHarness.cs:1177)
UnityEditor.EditorApplication:Internal_CallUpdateFunctions () (at /Users/bokken/build/output/unity/unity/Editor/Mono/EditorApplication.cs:403)

(Filename: ./Library/PackageCache/com.unity.ai.assistant@6fee27370e6a/Modules/Unity.AI.Tracing/TraceSinks.cs Line: 313)

UnityMCPBridge stopped.
UnityEngine.Debug:ExtractStackTraceNoAlloc (byte*,int,string)
UnityEngine.StackTraceUtility:ExtractStackTrace () (at /Users/bokken/build/output/unity/unity/Runtime/Export/Scripting/StackTrace.cs:35)
UnityEngine.DebugLogHandler:Internal_Log (UnityEngine.LogType,UnityEngine.LogOption,string,UnityEngine.Object)
UnityEngine.DebugLogHandler:LogFormat (UnityEngine.LogType,UnityEngine.Object,string,object[])
UnityEngine.Logger:Log (UnityEngine.LogType,object)
UnityEngine.Debug:Log (object)
Unity.AI.Tracing.ConsoleSink:LogToConsole (string,string,System.Exception) (at ./Library/PackageCache/com.unity.ai.assistant@6fee27370e6a/Modules/Unity.AI.Tracing/TraceSinks.cs:313)
Unity.AI.Tracing.ConsoleSink:Write (Unity.AI.Tracing.TraceEvent) (at ./Library/PackageCache/com.unity.ai.assistant@6fee27370e6a/Modules/Unity.AI.Tracing/TraceSinks.cs:277)
Unity.AI.Tracing.TraceWriter:WriteEventInternal (string,string,Unity.AI.Tracing.TraceEventOptions,string,System.Nullable`1<int>) (at ./Library/PackageCache/com.unity.ai.assistant@6fee27370e6a/Modules/Unity.AI.Tracing/TraceWriter.cs:373)
Unity.AI.Tracing.TraceWriter:Event (string,Unity.AI.Tracing.TraceEventOptions) (at ./Library/PackageCache/com.unity.ai.assistant@6fee27370e6a/Modules/Unity.AI.Tracing/TraceWriter.cs:297)
Unity.AI.Tracing.TraceLogger:Emit (string,string,string,string,Unity.AI.Tracing.TraceEventOptions,object,System.Exception) (at ./Library/PackageCache/com.unity.ai.assistant@6fee27370e6a/Modules/Unity.AI.Tracing/TraceLogger.cs:105)
Unity.AI.Tracing.TraceLogger:Info (string,string,string,Unity.AI.Tracing.TraceEventOptions) (at ./Library/PackageCache/com.unity.ai.assistant@6fee27370e6a/Modules/Unity.AI.Tracing/TraceLogger.cs:35)
Unity.AI.MCP.Editor.Helpers.McpLog:Log (string,Unity.AI.Tracing.TraceEventOptions) (at ./Library/PackageCache/com.unity.ai.assistant@6fee27370e6a/Modules/Unity.AI.MCP.Editor/Helpers/McpLog.cs:15)
Unity.AI.MCP.Editor.Bridge:Stop () (at ./Library/PackageCache/com.unity.ai.assistant@6fee27370e6a/Modules/Unity.AI.MCP.Editor/Bridge.cs:407)
UnityEditor.EditorApplication:Internal_EditorApplicationQuit () (at /Users/bokken/build/output/unity/unity/Editor/Mono/EditorApplication.cs:128)
Game.Editor.SkirmishS002AriaRunHarness:FinishQuitAfterPlayMode () (at Assets/Game/Scripts/Editor/Skirmish/SkirmishS002AriaRunHarness.cs:1177)
UnityEditor.EditorApplication:Internal_CallUpdateFunctions () (at /Users/bokken/build/output/unity/unity/Editor/Mono/EditorApplication.cs:403)

(Filename: ./Library/PackageCache/com.unity.ai.assistant@6fee27370e6a/Modules/Unity.AI.Tracing/TraceSinks.cs Line: 313)

[Worker0] Imported GUID: 5bf98d55721ad452cbd5f6316b824aae - Path: Assets/Game/GeneratedStaticMapPresentation/OperationMaps/opmap/skirmish/desert_base_01/Scenes/StaticMapPresentation_opmap_skirmish_desert_base_01_chunk_p032_p018.unity - Importer: ScriptedImporter/UnityEditor.QuickSearchModule:UnityEditor.Search:ASIAI0B -> (ImportResultId: 'c1ef0c975657a35a04543e188436f282') in 0.030322542 seconds
[Worker0] Imported GUID: 11133c6a293c1453d861c1b723a99c61 - Path: Assets/Game/GeneratedStaticMapPresentation/OperationMaps/opmap/skirmish/desert_base_01/Scenes/StaticMapPresentation_opmap_skirmish_desert_base_01_chunk_p036_p019.unity - Importer: ScriptedImporter/UnityEditor.QuickSearchModule:UnityEditor.Search:ASIAI0B -> (ImportResultId: '5c554f67ef5395a3e646036f17804adb') in 0.035153625 seconds
[Worker0] Imported GUID: 7d8cfdd9643e54fec9fc14d44fc39b62 - Path: Assets/Game/GeneratedStaticMapPresentation/OperationMaps/opmap/skirmish/desert_base_01/Scenes/StaticMapPresentation_opmap_skirmish_desert_base_01_chunk_p033_p071.unity - Importer: ScriptedImporter/UnityEditor.QuickSearchModule:UnityEditor.Search:ASIAI0B -> (ImportResultId: '61cb05c58100f848463c695931bbdd8f') in 0.023288958 seconds
[Worker0] Imported GUID: 5503df03da6ff4c40ae1573d27f2a8a8 - Path: Assets/Game/GeneratedStaticMapPresentation/OperationMaps/opmap/skirmish/desert_base_01/Scenes/StaticMapPresentation_opmap_skirmish_desert_base_01_chunk_p033_p014.unity - Importer: ScriptedImporter/UnityEditor.QuickSearchModule:UnityEditor.Search:ASIAI0B -> (ImportResultId: 'df5170b80fd2059aaffd5301b9e898c0') in 0.024444083 seconds
[Worker0] Imported GUID: eaf06192a6ade4782812b27e3dbb9569 - Path: Assets/Game/GeneratedStaticMapPresentation/OperationMaps/opmap/skirmish/desert_base_01/Scenes/StaticMapPresentation_opmap_skirmish_desert_base_01_chunk_p032_p013.unity - Importer: ScriptedImporter/UnityEditor.QuickSearchModule:UnityEditor.Search:ASIAI0B -> (ImportResultId: 'c8870144c4c056bc461f85a9d94849b9') in 0.023765042 seconds
[Worker0] Imported GUID: d2d83db6bc0104660bc775d7b5a52ea9 - Path: Assets/Game/GeneratedStaticMapPresentation/OperationMaps/opmap/skirmish/desert_base_01/Scenes/StaticMapPresentation_opmap_skirmish_desert_base_01_chunk_p034_p014.unity - Importer: ScriptedImporter/UnityEditor.QuickSearchModule:UnityEditor.Search:ASIAI0B -> (ImportResultId: '83bc802404186143fe5f95af265e6b60') in 0.027904709 seconds
[Worker0] Imported GUID: 5290b2fbce5034b569220cd2839a6efc - Path: Assets/Game/GeneratedStaticMapPresentation/OperationMaps/opmap/skirmish/desert_base_01/Scenes/StaticMapPresentation_opmap_skirmish_desert_base_01_chunk_p035_p020.unity - Importer: ScriptedImporter/UnityEditor.QuickSearchModule:UnityEditor.Search:ASIAI0B -> (ImportResultId: 'a927a22eb95b34940cb5158706d54372') in 0.031861542 seconds
[Worker0] Imported GUID: 6ccd77a3aa3634dd68c0b47ffae47a19 - Path: Assets/Game/GeneratedStaticMapPresentation/OperationMaps/opmap/skirmish/desert_base_01/Scenes/StaticMapPresentation_opmap_skirmish_desert_base_01_chunk_p035_p019.unity - Importer: ScriptedImporter/UnityEditor.QuickSearchModule:UnityEditor.Search:ASIAI0B -> (ImportResultId: '2e174b451bb87ed50148ccf65f5c9aca') in 0.04292475 seconds
[Worker0] Imported GUID: ed22a2384367349b7abc33027a9f6cd7 - Path: Assets/Game/GeneratedStaticMapPresentation/OperationMaps/opmap/skirmish/desert_base_01/Scenes/StaticMapPresentation_opmap_skirmish_desert_base_01_chunk_p031_p017.unity - Importer: ScriptedImporter/UnityEditor.QuickSearchModule:UnityEditor.Search:ASIAI0B -> (ImportResultId: '6e76e7a1e78afb7852fcb6537d2d0bce') in 0.028602417 seconds
[Worker0] Imported GUID: f1d9f71256dfa424c970b2e5590c9849 - Path: Assets/Game/GeneratedStaticMapPresentation/OperationMaps/opmap/skirmish/desert_base_01/Scenes/StaticMapPresentation_opmap_skirmish_desert_base_01_chunk_p034_p019.unity - Importer: ScriptedImporter/UnityEditor.QuickSearchModule:UnityEditor.Search:ASIAI0B -> (ImportResultId: '464d7bc2b85bd9287e4b3c81f8742ca0') in 0.061440375 seconds
[Worker0] Imported GUID: bc0f131a819334eb293ec9d63cb5743e - Path: Assets/Game/GeneratedStaticMapPresentation/OperationMaps/opmap/skirmish/desert_base_01/Scenes/StaticMapPresentation_opmap_skirmish_desert_base_01_chunk_p034_p020.unity - Importer: ScriptedImporter/UnityEditor.QuickSearchModule:UnityEditor.Search:ASIAI0B -> (ImportResultId: '05564228ab64cc79abe0926d1aaf0254') in 0.027970208 seconds
Killing ADB server in 0.383359 seconds.
Shutting down MSBuild server...
Shutting down VB/C# compiler server...
VB/C# compiler server shut down successfully.
MSBuild server shut down successfully.
Importing 'GUID: 2e498d1c8094910479dc3e1b768306a4 - Path: Assets/TextMesh Pro/Resources/Fonts & Materials/LiberationSans SDF - Fallback.asset' with importer (NativeFormatImporter)
Imported 'GUID: 2e498d1c8094910479dc3e1b768306a4' -> (Import Result ID: '2bb8e9ce2b314bda2bd0703802d1cdb8') in 0.006 seconds [static dependencies only]. Details - ImportResultOutputID=94ce4dace069634644df4d315a8acf11 DependenciesID=57c4f50a4a2694e82789a692afb02c97 StaticDependenciesID=b9bd57100191ac21f3d00c9b44cee932 
Worker ready: AssetImportWorkerHW1 1

Asset Pipeline Refresh (id=0d10ae92bcc4442dc9a8fa3624bc984f): Total: 2.238 seconds - Initiated by StopAssetImportingV2(NoUpdateAssetOptions)
	(Values over 0.05ms)
	Summary:
		Imports: total=1 (actual=1, local cache=0, cache server=0)
		Asset DB Process Time: managed=1 ms, native=1324 ms
		Asset DB Callback time: managed=897 ms, native=14 ms
		Scripting: domain reloads=0, domain reload time=0 ms, compile time=0 ms, other=0 ms
		Project Asset Count: scripts=3477, non-scripts=23442
		Asset File Changes: new=0, changed=0, moved=0, deleted=0
		Scan Filter Count: 5
	ApplyChangesToAssetFolders: 1.656ms
	Scan: 31.300ms
	Collect global state as custom dependencies: 0.658ms
	CategorizeScriptCompilationAssets: 0.262ms
	ProcessAssetsWithTransientArtifactChanges: 10.663ms
	CategorizeAssets: 699.495ms
	ImportOutOfDateAssets: 373.597ms (44.681ms without children)
		ImportManagerImport: 10.498ms (3.218ms without children)
		ReloadNativeAssets: 1.358ms
		UnloadImportedAssets: 0.159ms
		EnsureUptoDateAssetsAreRegisteredWithGuidPM: 3.305ms
		InitializingProgressBar: 69.394ms
		ImportSchedulerStart: 244.200ms
	PostProcessAllAssets: 900.825ms
		XRBuildSystem.XRAssetImported 2.973ms
		MonoPostProcessAllAssets: 897.392ms
			AssetPostprocessor.OnPostprocessAllAssets 661.027ms
			AssetReferenceReimportMonitor.OnPostprocessAllAssets 23.176ms
			SpriteEditorTexturePostprocessor.OnPostprocessAllAssets 18.775ms
			SpriteSlicePostprocessor.OnPostprocessAllAssets 9.099ms
			SceneAssetPostProcessor.OnPostprocessAllAssets 7.840ms
			BuilderAssetPostprocessor.OnPostprocessAllAssets 6.227ms
			ShaderGraphAssetPostProcessor.OnPostprocessAllAssets 5.031ms
			RetainedModeAssetPostprocessor.OnPostprocessAllAssets 3.317ms
			AddressablesAssetPostProcessor.OnPostprocessAllAssets 2.779ms
			SyncVS.PostprocessSyncProject 2.360ms
			TMPro_TexturePostProcessor.OnPostprocessAllAssets 1.759ms
			PostProcessor.OnPostprocessAllAssets 1.619ms
			TextAssetPostProcessor.OnPostprocessAllAssets 0.837ms
			AssetChangedListener.OnPostprocessAllAssets 0.828ms
			AudioMixerPostprocessor.OnPostprocessAllAssets 0.746ms
			MaterialPostprocessor.OnPostprocessAllAssets 0.718ms
			ScenarioDriftAssetsTracker.OnPostprocessAllAssets 0.615ms
			InputActionAssetPostprocessor.OnPostprocessAllAssets 0.600ms
			SampleDependencyImporterPostProcessor.OnPostprocessAllAssets 0.559ms
			ArtifactBrowserPostProcessor.OnPostprocessAllAssets 0.545ms
			InputActionJsonNameModifierAssetProcessor.OnPostprocessAllAssets 0.445ms
			AssetPathToTypes.OnPostprocessAllAssets 0.426ms
			SkillsProjectAssetPostprocessor.OnPostprocessAllAssets 0.316ms
			UVCSAssetPostprocessor.OnPostprocessAllAssets 0.306ms
			SpeedTreePostProcessor.OnPostprocessAllAssets 0.269ms
			SamplePostprocessor.OnPostprocessAllAssets 0.247ms
			StyleCatalogPostProcessor.OnPostprocessAllAssets 0.162ms
			AssetEvents.OnPostprocessAllAssets 0.154ms
			RenderPipelineGlobalSettingsPostprocessor.OnPostprocessAllAssets 0.151ms
			ConfigAssetsTracker.OnPostprocessAllAssets 0.110ms
			UniversalRenderPipelineGlobalSettingsPostprocessor.OnPostprocessAllAssets 0.102ms
			GraphRefreshPostprocessor.OnPostprocessAllAssets 0.059ms
	PostAssetChangesProfiler: 11.505ms
	GatherAllCurrentPrimaryImportResultRevisions: 50.198ms
	PersistCurrentRevisions: 0.840ms
	Untracked: 157.213ms

Unloading 16 unused Assets / (17.2 KB). Loaded Objects now: 56172.
Memory consumption went from 4.61 GB to 4.61 GB.
Total: 289.766500 ms (FindLiveObjects: 5.104375 ms CreateObjectMapping: 18.743000 ms MarkObjects: 265.571542 ms  DeleteObjects: 0.347292 ms)

Thread 0x438ba7000 may have been prematurely finalized
Input System module state changed to: ShutdownInProgress.
Input Polling Thread exited.
Input System module state changed to: Shutdown.

Leak detected: 2 preview scene(s) were not closed prior to shutdown. This indicates a leak of preview scenes
- To track who caused the leak make sure to enable the diagnostics switch: 'Preview Scene Activity'
[Physics::Module] Cleanup current backend.
[Physics::Module] Id: 0xf2b8ea05
[Licensing::IpcConnector] LicenseClient-farhad-6000.5.2-notifications channel disconnected successfully.
[Licensing::IpcConnector] LicenseClient-farhad-6000.5.2 channel disconnected successfully.
Thread 0x16cb2b000 may have been prematurely finalized
Thread 0x16cd5b000 may have been prematurely finalized
Thread 0x16cbb7000 may have been prematurely finalized
Thread 0x16cccf000 may have been prematurely finalized
Thread 0x16ceff000 may have been prematurely finalized
Thread 0x16cf8b000 may have been prematurely finalized
Thread 0x16cde7000 may have been prematurely finalized
Thread 0x16ce73000 may have been prematurely finalized
Thread 0x16cc43000 may have been prematurely finalized
AcceleratorClientConnectionCallback - disconnected - :0
Thread 0x178e07000 may have been prematurely finalized
Cleanup mono
CodeReloadManager destroyed
info: Microsoft.Hosting.Lifetime[0]
      Application is shutting down...
info: Unity.ILPP.Runner.PostProcessingAssemblyLoadContext[0]
      ALC ILPP context 1 is unloading
Leak Detected : Persistent allocates 398 individual allocations. To find out more please enable 'Settings > Jobs > Leak Detection Level > Enabled With Stack Trace' and reproduce the leak again.
debugger-agent: Unable to listen on 45
