id,category,display_name,requirement,source,required_for,planned_path,current_status,approval_status,completion_status,notes
"ability.aid_convoy","combat.operationAbility","Aid Convoy","command/support ability UI icon, readable at 48px and cooldown-overlay compatible","Design/VisualConfigs/Combat_Visual_Config_v0_1.json","Command Wheel, Battle HUD, Loadout, Operation, Store, POP-09","Assets/Game/Art/UI/Generated/CombatCatalog/AbilityIcons/ability.aid_convoy_Icon.png","missing","not_reviewed","not_started","needsProductionAsset"
"ability.aid_convoy","combat.operationAbility","Aid Convoy","VFX cue art/sprite/particle package","Design/VisualConfigs/Combat_Visual_Config_v0_1.json","tactical gameplay feedback","Assets/Game/Art/Generated/CombatCatalog/VFX/ability.aid_convoy_VFX.asset","missing","not_reviewed","not_started","vfx.ability.aid_convoy"
"ability.breach_charge","combat.supportAbility","Breach Charge","command/support ability UI icon, readable at 48px and cooldown-overlay compatible","Design/VisualConfigs/Combat_Visual_Config_v0_1.json","Command Wheel, Battle HUD, Loadout, Operation, Store, POP-09","Assets/Game/Art/UI/Generated/CombatCatalog/AbilityIcons/ability.breach_charge_Icon.png","missing","not_reviewed","not_started","needsProductionAsset"
"ability.breach_charge","combat.supportAbility","Breach Charge","VFX cue art/sprite/particle package","Design/VisualConfigs/Combat_Visual_Config_v0_1.json","tactical gameplay feedback","Assets/Game/Art/Generated/CombatCatalog/VFX/ability.breach_charge_VFX.asset","missing","not_reviewed","not_started","vfx.ability.breach_charge"
"ability.casualty_stabilize","combat.supportAbility","Casualty Stabilize","command/support ability UI icon, readable at 48px and cooldown-overlay compatible","Design/VisualConfigs/Combat_Visual_Config_v0_1.json","Command Wheel, Battle HUD, Loadout, Operation, Store, POP-09","Assets/Game/Art/UI/Generated/CombatCatalog/AbilityIcons/ability.casualty_stabilize_Icon.png","missing","not_reviewed","not_started","needsProductionAsset"
"ability.casualty_stabilize","combat.supportAbility","Casualty Stabilize","VFX cue art/sprite/particle package","Design/VisualConfigs/Combat_Visual_Config_v0_1.json","tactical gameplay feedback","Assets/Game/Art/Generated/CombatCatalog/VFX/ability.casualty_stabilize_VFX.asset","missing","not_reviewed","not_started","vfx.ability.casualty_stabilize"
"ability.drone_scan","combat.supportAbility","Drone Scan","command/support ability UI icon, readable at 48px and cooldown-overlay compatible","Design/VisualConfigs/Combat_Visual_Config_v0_1.json","Command Wheel, Battle HUD, Loadout, Operation, Store, POP-09","Assets/Game/Art/UI/Generated/CombatCatalog/AbilityIcons/ability.drone_scan_Icon.png","missing","not_reviewed","not_started","needsProductionAsset"
"ability.drone_scan","combat.supportAbility","Drone Scan","VFX cue art/sprite/particle package","Design/VisualConfigs/Combat_Visual_Config_v0_1.json","tactical gameplay feedback","Assets/Game/Art/Generated/CombatCatalog/VFX/ability.drone_scan_VFX.asset","missing","not_reviewed","not_started","vfx.ability.drone_scan"
"ability.evacuation_corridor","combat.supportAbility","Evacuation Corridor","command/support ability UI icon, readable at 48px and cooldown-overlay compatible","Design/VisualConfigs/Combat_Visual_Config_v0_1.json","Command Wheel, Battle HUD, Loadout, Operation, Store, POP-09","Assets/Game/Art/UI/Generated/CombatCatalog/AbilityIcons/ability.evacuation_corridor_Icon.png","missing","not_reviewed","not_started","needsProductionAsset"
"ability.evacuation_corridor","combat.supportAbility","Evacuation Corridor","VFX cue art/sprite/particle package","Design/VisualConfigs/Combat_Visual_Config_v0_1.json","tactical gameplay feedback","Assets/Game/Art/Generated/CombatCatalog/VFX/ability.evacuation_corridor_VFX.asset","missing","not_reviewed","not_started","vfx.ability.evacuation_corridor"
"ability.field_repair","combat.supportAbility","Field Repair","command/support ability UI icon, readable at 48px and cooldown-overlay compatible","Design/VisualConfigs/Combat_Visual_Config_v0_1.json","Command Wheel, Battle HUD, Loadout, Operation, Store, POP-09","Assets/Game/Art/UI/Generated/CombatCatalog/AbilityIcons/ability.field_repair_Icon.png","missing","not_reviewed","not_started","needsProductionAsset"
"ability.field_repair","combat.supportAbility","Field Repair","VFX cue art/sprite/particle package","Design/VisualConfigs/Combat_Visual_Config_v0_1.json","tactical gameplay feedback","Assets/Game/Art/Generated/CombatCatalog/VFX/ability.field_repair_VFX.asset","missing","not_reviewed","not_started","vfx.ability.field_repair"
"ability.harbor_patrol","combat.supportAbility","Harbor Patrol","command/support ability UI icon, readable at 48px and cooldown-overlay compatible","Design/VisualConfigs/Combat_Visual_Config_v0_1.json","Command Wheel, Battle HUD, Loadout, Operation, Store, POP-09","Assets/Game/Art/UI/Generated/CombatCatalog/AbilityIcons/ability.harbor_patrol_Icon.png","missing","not_reviewed","not_started","needsProductionAsset"
"ability.harbor_patrol","combat.supportAbility","Harbor Patrol","VFX cue art/sprite/particle package","Design/VisualConfigs/Combat_Visual_Config_v0_1.json","tactical gameplay feedback","Assets/Game/Art/Generated/CombatCatalog/VFX/ability.harbor_patrol_VFX.asset","missing","not_reviewed","not_started","vfx.ability.harbor_patrol"
"ability.harbor_scan","combat.supportAbility","Harbor Scan","command/support ability UI icon, readable at 48px and cooldown-overlay compatible","Design/VisualConfigs/Combat_Visual_Config_v0_1.json","Command Wheel, Battle HUD, Loadout, Operation, Store, POP-09","Assets/Game/Art/UI/Generated/CombatCatalog/AbilityIcons/ability.harbor_scan_Icon.png","missing","not_reviewed","not_started","needsProductionAsset"
"ability.harbor_scan","combat.supportAbility","Harbor Scan","VFX cue art/sprite/particle package","Design/VisualConfigs/Combat_Visual_Config_v0_1.json","tactical gameplay feedback","Assets/Game/Art/Generated/CombatCatalog/VFX/ability.harbor_scan_VFX.asset","missing","not_reviewed","not_started","vfx.ability.harbor_scan"
"ability.naval_fire_support","combat.supportAbility","Naval Fire Support","command/support ability UI icon, readable at 48px and cooldown-overlay compatible","Design/VisualConfigs/Combat_Visual_Config_v0_1.json","Command Wheel, Battle HUD, Loadout, Operation, Store, POP-09","Assets/Game/Art/UI/Generated/CombatCatalog/AbilityIcons/ability.naval_fire_support_Icon.png","missing","not_reviewed","not_started","needsProductionAsset"
"ability.naval_fire_support","combat.supportAbility","Naval Fire Support","VFX cue art/sprite/particle package","Design/VisualConfigs/Combat_Visual_Config_v0_1.json","tactical gameplay feedback","Assets/Game/Art/Generated/CombatCatalog/VFX/ability.naval_fire_support_VFX.asset","missing","not_reviewed","not_started","vfx.ability.naval_fire_support"
"ability.operation_supply_route","combat.operationAbility","Supply Route","command/support ability UI icon, readable at 48px and cooldown-overlay compatible","Design/VisualConfigs/Combat_Visual_Config_v0_1.json","Command Wheel, Battle HUD, Loadout, Operation, Store, POP-09","Assets/Game/Art/UI/Generated/CombatCatalog/AbilityIcons/ability.operation_supply_route_Icon.png","missing","not_reviewed","not_started","needsProductionAsset"
"ability.operation_supply_route","combat.operationAbility","Supply Route","VFX cue art/sprite/particle package","Design/VisualConfigs/Combat_Visual_Config_v0_1.json","tactical gameplay feedback","Assets/Game/Art/Generated/CombatCatalog/VFX/ability.operation_supply_route_VFX.asset","missing","not_reviewed","not_started","vfx.ability.operation_supply_route"
"ability.precision_strike","combat.supportAbility","Precision Strike","command/support ability UI icon, readable at 48px and cooldown-overlay compatible","Design/VisualConfigs/Combat_Visual_Config_v0_1.json","Command Wheel, Battle HUD, Loadout, Operation, Store, POP-09","Assets/Game/Art/UI/Generated/CombatCatalog/AbilityIcons/ability.precision_strike_Icon.png","missing","not_reviewed","not_started","needsProductionAsset"
"ability.precision_strike","combat.supportAbility","Precision Strike","VFX cue art/sprite/particle package","Design/VisualConfigs/Combat_Visual_Config_v0_1.json","tactical gameplay feedback","Assets/Game/Art/Generated/CombatCatalog/VFX/ability.precision_strike_VFX.asset","missing","not_reviewed","not_started","vfx.ability.precision_strike"
"ability.produce_unit","combat.buildingAbility","Produce Unit","command/support ability UI icon, readable at 48px and cooldown-overlay compatible","Design/VisualConfigs/Combat_Visual_Config_v0_1.json","Command Wheel, Battle HUD, Loadout, Operation, Store, POP-09","Assets/Game/Art/UI/Generated/CombatCatalog/AbilityIcons/ability.produce_unit_Icon.png","missing","not_reviewed","not_started","implementedRuntimeReference"
"ability.produce_unit","combat.buildingAbility","Produce Unit","VFX cue art/sprite/particle package","Design/VisualConfigs/Combat_Visual_Config_v0_1.json","tactical gameplay feedback","Assets/Game/Art/Generated/CombatCatalog/VFX/ability.produce_unit_VFX.asset","missing","not_reviewed","not_started","vfx.ability.produce_unit"
"ability.radar_ping","combat.supportAbility","Radar Ping","command/support ability UI icon, readable at 48px and cooldown-overlay compatible","Design/VisualConfigs/Combat_Visual_Config_v0_1.json","Command Wheel, Battle HUD, Loadout, Operation, Store, POP-09","Assets/Game/Art/UI/Generated/CombatCatalog/AbilityIcons/ability.radar_ping_Icon.png","missing","not_reviewed","not_started","needsProductionAsset"
"ability.radar_ping","combat.supportAbility","Radar Ping","VFX cue art/sprite/particle package","Design/VisualConfigs/Combat_Visual_Config_v0_1.json","tactical gameplay feedback","Assets/Game/Art/Generated/CombatCatalog/VFX/ability.radar_ping_VFX.asset","missing","not_reviewed","not_started","vfx.ability.radar_ping"
"ability.rally_order","combat.supportAbility","Rally Order","command/support ability UI icon, readable at 48px and cooldown-overlay compatible","Design/VisualConfigs/Combat_Visual_Config_v0_1.json","Command Wheel, Battle HUD, Loadout, Operation, Store, POP-09","Assets/Game/Art/UI/Generated/CombatCatalog/AbilityIcons/ability.rally_order_Icon.png","missing","not_reviewed","not_started","needsProductionAsset"
"ability.rally_order","combat.supportAbility","Rally Order","VFX cue art/sprite/particle package","Design/VisualConfigs/Combat_Visual_Config_v0_1.json","tactical gameplay feedback","Assets/Game/Art/Generated/CombatCatalog/VFX/ability.rally_order_VFX.asset","missing","not_reviewed","not_started","vfx.ability.rally_order"
"ability.readiness_boost","combat.operationAbility","Readiness Boost","command/support ability UI icon, readable at 48px and cooldown-overlay compatible","Design/VisualConfigs/Combat_Visual_Config_v0_1.json","Command Wheel, Battle HUD, Loadout, Operation, Store, POP-09","Assets/Game/Art/UI/Generated/CombatCatalog/AbilityIcons/ability.readiness_boost_Icon.png","missing","not_reviewed","not_started","needsProductionAsset"
"ability.readiness_boost","combat.operationAbility","Readiness Boost","VFX cue art/sprite/particle package","Design/VisualConfigs/Combat_Visual_Config_v0_1.json","tactical gameplay feedback","Assets/Game/Art/Generated/CombatCatalog/VFX/ability.readiness_boost_VFX.asset","missing","not_reviewed","not_started","vfx.ability.readiness_boost"
"ability.repair_convoy","combat.operationAbility","Repair Convoy","command/support ability UI icon, readable at 48px and cooldown-overlay compatible","Design/VisualConfigs/Combat_Visual_Config_v0_1.json","Command Wheel, Battle HUD, Loadout, Operation, Store, POP-09","Assets/Game/Art/UI/Generated/CombatCatalog/AbilityIcons/ability.repair_convoy_Icon.png","missing","not_reviewed","not_started","needsProductionAsset"
"ability.repair_convoy","combat.operationAbility","Repair Convoy","VFX cue art/sprite/particle package","Design/VisualConfigs/Combat_Visual_Config_v0_1.json","tactical gameplay feedback","Assets/Game/Art/Generated/CombatCatalog/VFX/ability.repair_convoy_VFX.asset","missing","not_reviewed","not_started","vfx.ability.repair_convoy"
"ability.smoke_screen","combat.supportAbility","Smoke Screen","command/support ability UI icon, readable at 48px and cooldown-overlay compatible","Design/VisualConfigs/Combat_Visual_Config_v0_1.json","Command Wheel, Battle HUD, Loadout, Operation, Store, POP-09","Assets/Game/Art/UI/Generated/CombatCatalog/AbilityIcons/ability.smoke_screen_Icon.png","missing","not_reviewed","not_started","needsProductionAsset"
"ability.smoke_screen","combat.supportAbility","Smoke Screen","VFX cue art/sprite/particle package","Design/VisualConfigs/Combat_Visual_Config_v0_1.json","tactical gameplay feedback","Assets/Game/Art/Generated/CombatCatalog/VFX/ability.smoke_screen_VFX.asset","missing","not_reviewed","not_started","vfx.ability.smoke_screen"
"ability.supply_drop","combat.supportAbility","Supply Drop","command/support ability UI icon, readable at 48px and cooldown-overlay compatible","Design/VisualConfigs/Combat_Visual_Config_v0_1.json","Command Wheel, Battle HUD, Loadout, Operation, Store, POP-09","Assets/Game/Art/UI/Generated/CombatCatalog/AbilityIcons/ability.supply_drop_Icon.png","missing","not_reviewed","not_started","needsProductionAsset"
"ability.supply_drop","combat.supportAbility","Supply Drop","VFX cue art/sprite/particle package","Design/VisualConfigs/Combat_Visual_Config_v0_1.json","tactical gameplay feedback","Assets/Game/Art/Generated/CombatCatalog/VFX/ability.supply_drop_VFX.asset","missing","not_reviewed","not_started","vfx.ability.supply_drop"
"Building_Airport","combat.building","Airport","world building sprite state: intact","Design/VisualConfigs/Combat_Visual_Config_v0_1.json","tactical gameplay, Build Drawer, Mission objectives","Assets/Game/Art/Generated/CombatCatalog/Buildings/Building_Airport/Building_Airport_intact.png","missing","not_reviewed","not_started","Visual rules require intact/damaged/destroyed; user also requested construction state."
"Building_Airport","combat.building","Airport","world building sprite state: construction","Design/VisualConfigs/Combat_Visual_Config_v0_1.json","tactical gameplay, Build Drawer, Mission objectives","Assets/Game/Art/Generated/CombatCatalog/Buildings/Building_Airport/Building_Airport_construction.png","missing","not_reviewed","not_started","Visual rules require intact/damaged/destroyed; user also requested construction state."
"Building_Airport","combat.building","Airport","world building sprite state: damaged","Design/VisualConfigs/Combat_Visual_Config_v0_1.json","tactical gameplay, Build Drawer, Mission objectives","Assets/Game/Art/Generated/CombatCatalog/Buildings/Building_Airport/Building_Airport_damaged.png","missing","not_reviewed","not_started","Visual rules require intact/damaged/destroyed; user also requested construction state."
"Building_Airport","combat.building","Airport","world building sprite state: destroyed","Design/VisualConfigs/Combat_Visual_Config_v0_1.json","tactical gameplay, Build Drawer, Mission objectives","Assets/Game/Art/Generated/CombatCatalog/Buildings/Building_Airport/Building_Airport_destroyed.png","missing","not_reviewed","not_started","Visual rules require intact/damaged/destroyed; user also requested construction state."
"Building_Airport","combat.building","Airport","UI/build icon, readable at 48px and 96px","Design/VisualConfigs/Combat_Visual_Config_v0_1.json","Build Drawer, Armory, Rewards, Store","Assets/Game/Art/UI/Generated/CombatCatalog/Icons/Building_Airport_Icon.png","missing","not_reviewed","not_started","implementedRuntimeReference"
"Building_Ammunition_Depot","combat.building","Ammunition Depot","world building sprite state: intact","Design/VisualConfigs/Combat_Visual_Config_v0_1.json","tactical gameplay, Build Drawer, Mission objectives","Assets/Game/Art/Generated/CombatCatalog/Buildings/Building_Ammunition_Depot/Building_Ammunition_Depot_intact.png","missing","not_reviewed","not_started","Visual rules require intact/damaged/destroyed; user also requested construction state."
"Building_Ammunition_Depot","combat.building","Ammunition Depot","world building sprite state: construction","Design/VisualConfigs/Combat_Visual_Config_v0_1.json","tactical gameplay, Build Drawer, Mission objectives","Assets/Game/Art/Generated/CombatCatalog/Buildings/Building_Ammunition_Depot/Building_Ammunition_Depot_construction.png","missing","not_reviewed","not_started","Visual rules require intact/damaged/destroyed; user also requested construction state."
"Building_Ammunition_Depot","combat.building","Ammunition Depot","world building sprite state: damaged","Design/VisualConfigs/Combat_Visual_Config_v0_1.json","tactical gameplay, Build Drawer, Mission objectives","Assets/Game/Art/Generated/CombatCatalog/Buildings/Building_Ammunition_Depot/Building_Ammunition_Depot_damaged.png","missing","not_reviewed","not_started","Visual rules require intact/damaged/destroyed; user also requested construction state."
"Building_Ammunition_Depot","combat.building","Ammunition Depot","world building sprite state: destroyed","Design/VisualConfigs/Combat_Visual_Config_v0_1.json","tactical gameplay, Build Drawer, Mission objectives","Assets/Game/Art/Generated/CombatCatalog/Buildings/Building_Ammunition_Depot/Building_Ammunition_Depot_destroyed.png","missing","not_reviewed","not_started","Visual rules require intact/damaged/destroyed; user also requested construction state."
"Building_Ammunition_Depot","combat.building","Ammunition Depot","UI/build icon, readable at 48px and 96px","Design/VisualConfigs/Combat_Visual_Config_v0_1.json","Build Drawer, Armory, Rewards, Store","Assets/Game/Art/UI/Generated/CombatCatalog/Icons/Building_Ammunition_Depot_Icon.png","missing","not_reviewed","not_started","implementedRuntimeReference"
"Building_Barrack","combat.building","Barracks","world building sprite state: intact","Design/VisualConfigs/Combat_Visual_Config_v0_1.json","tactical gameplay, Build Drawer, Mission objectives","Assets/Game/Art/Generated/CombatCatalog/Buildings/Building_Barrack/Building_Barrack_intact.png","missing","not_reviewed","not_started","Visual rules require intact/damaged/destroyed; user also requested construction state."
"Building_Barrack","combat.building","Barracks","world building sprite state: construction","Design/VisualConfigs/Combat_Visual_Config_v0_1.json","tactical gameplay, Build Drawer, Mission objectives","Assets/Game/Art/Generated/CombatCatalog/Buildings/Building_Barrack/Building_Barrack_construction.png","missing","not_reviewed","not_started","Visual rules require intact/damaged/destroyed; user also requested construction state."
"Building_Barrack","combat.building","Barracks","world building sprite state: damaged","Design/VisualConfigs/Combat_Visual_Config_v0_1.json","tactical gameplay, Build Drawer, Mission objectives","Assets/Game/Art/Generated/CombatCatalog/Buildings/Building_Barrack/Building_Barrack_damaged.png","missing","not_reviewed","not_started","Visual rules require intact/damaged/destroyed; user also requested construction state."
"Building_Barrack","combat.building","Barracks","world building sprite state: destroyed","Design/VisualConfigs/Combat_Visual_Config_v0_1.json","tactical gameplay, Build Drawer, Mission objectives","Assets/Game/Art/Generated/CombatCatalog/Buildings/Building_Barrack/Building_Barrack_destroyed.png","missing","not_reviewed","not_started","Visual rules require intact/damaged/destroyed; user also requested construction state."
"Building_Barrack","combat.building","Barracks","UI/build icon, readable at 48px and 96px","Design/VisualConfigs/Combat_Visual_Config_v0_1.json","Build Drawer, Armory, Rewards, Store","Assets/Game/Art/UI/Generated/CombatCatalog/Icons/Building_Barrack_Icon.png","missing","not_reviewed","not_started","implementedRuntimeReference"
"Building_CoastalRadar","combat.building","Coastal Radar Station","world building sprite state: intact","Design/VisualConfigs/Combat_Visual_Config_v0_1.json","tactical gameplay, Build Drawer, Mission objectives","Assets/Game/Art/Generated/CombatCatalog/Buildings/Building_CoastalRadar/Building_CoastalRadar_intact.png","missing","not_reviewed","not_started","Visual rules require intact/damaged/destroyed; user also requested construction state."
"Building_CoastalRadar","combat.building","Coastal Radar Station","world building sprite state: construction","Design/VisualConfigs/Combat_Visual_Config_v0_1.json","tactical gameplay, Build Drawer, Mission objectives","Assets/Game/Art/Generated/CombatCatalog/Buildings/Building_CoastalRadar/Building_CoastalRadar_construction.png","missing","not_reviewed","not_started","Visual rules require intact/damaged/destroyed; user also requested construction state."
"Building_CoastalRadar","combat.building","Coastal Radar Station","world building sprite state: damaged","Design/VisualConfigs/Combat_Visual_Config_v0_1.json","tactical gameplay, Build Drawer, Mission objectives","Assets/Game/Art/Generated/CombatCatalog/Buildings/Building_CoastalRadar/Building_CoastalRadar_damaged.png","missing","not_reviewed","not_started","Visual rules require intact/damaged/destroyed; user also requested construction state."
"Building_CoastalRadar","combat.building","Coastal Radar Station","world building sprite state: destroyed","Design/VisualConfigs/Combat_Visual_Config_v0_1.json","tactical gameplay, Build Drawer, Mission objectives","Assets/Game/Art/Generated/CombatCatalog/Buildings/Building_CoastalRadar/Building_CoastalRadar_destroyed.png","missing","not_reviewed","not_started","Visual rules require intact/damaged/destroyed; user also requested construction state."
"Building_CoastalRadar","combat.building","Coastal Radar Station","UI/build icon, readable at 48px and 96px","Design/VisualConfigs/Combat_Visual_Config_v0_1.json","Build Drawer, Armory, Rewards, Store","Assets/Game/Art/UI/Generated/CombatCatalog/Icons/Building_CoastalRadar_Icon.png","missing","not_reviewed","not_started","needsProductionAsset"
"Building_CommandPost","combat.building","Forward Command Post","world building sprite state: intact","Design/VisualConfigs/Combat_Visual_Config_v0_1.json","tactical gameplay, Build Drawer, Mission objectives","Assets/Game/Art/Generated/CombatCatalog/Buildings/Building_CommandPost/Building_CommandPost_intact.png","missing","not_reviewed","not_started","Visual rules require intact/damaged/destroyed; user also requested construction state."
"Building_CommandPost","combat.building","Forward Command Post","world building sprite state: construction","Design/VisualConfigs/Combat_Visual_Config_v0_1.json","tactical gameplay, Build Drawer, Mission objectives","Assets/Game/Art/Generated/CombatCatalog/Buildings/Building_CommandPost/Building_CommandPost_construction.png","missing","not_reviewed","not_started","Visual rules require intact/damaged/destroyed; user also requested construction state."
"Building_CommandPost","combat.building","Forward Command Post","world building sprite state: damaged","Design/VisualConfigs/Combat_Visual_Config_v0_1.json","tactical gameplay, Build Drawer, Mission objectives","Assets/Game/Art/Generated/CombatCatalog/Buildings/Building_CommandPost/Building_CommandPost_damaged.png","missing","not_reviewed","not_started","Visual rules require intact/damaged/destroyed; user also requested construction state."
"Building_CommandPost","combat.building","Forward Command Post","world building sprite state: destroyed","Design/VisualConfigs/Combat_Visual_Config_v0_1.json","tactical gameplay, Build Drawer, Mission objectives","Assets/Game/Art/Generated/CombatCatalog/Buildings/Building_CommandPost/Building_CommandPost_destroyed.png","missing","not_reviewed","not_started","Visual rules require intact/damaged/destroyed; user also requested construction state."
"Building_CommandPost","combat.building","Forward Command Post","UI/build icon, readable at 48px and 96px","Design/VisualConfigs/Combat_Visual_Config_v0_1.json","Build Drawer, Armory, Rewards, Store","Assets/Game/Art/UI/Generated/CombatCatalog/Icons/Building_CommandPost_Icon.png","missing","not_reviewed","not_started","needsProductionAsset"
"Building_Dock","combat.building","Logistics Dock","world building sprite state: intact","Design/VisualConfigs/Combat_Visual_Config_v0_1.json","tactical gameplay, Build Drawer, Mission objectives","Assets/Game/Art/Generated/CombatCatalog/Buildings/Building_Dock/Building_Dock_intact.png","missing","not_reviewed","not_started","Visual rules require intact/damaged/destroyed; user also requested construction state."
"Building_Dock","combat.building","Logistics Dock","world building sprite state: construction","Design/VisualConfigs/Combat_Visual_Config_v0_1.json","tactical gameplay, Build Drawer, Mission objectives","Assets/Game/Art/Generated/CombatCatalog/Buildings/Building_Dock/Building_Dock_construction.png","missing","not_reviewed","not_started","Visual rules require intact/damaged/destroyed; user also requested construction state."
"Building_Dock","combat.building","Logistics Dock","world building sprite state: damaged","Design/VisualConfigs/Combat_Visual_Config_v0_1.json","tactical gameplay, Build Drawer, Mission objectives","Assets/Game/Art/Generated/CombatCatalog/Buildings/Building_Dock/Building_Dock_damaged.png","missing","not_reviewed","not_started","Visual rules require intact/damaged/destroyed; user also requested construction state."
"Building_Dock","combat.building","Logistics Dock","world building sprite state: destroyed","Design/VisualConfigs/Combat_Visual_Config_v0_1.json","tactical gameplay, Build Drawer, Mission objectives","Assets/Game/Art/Generated/CombatCatalog/Buildings/Building_Dock/Building_Dock_destroyed.png","missing","not_reviewed","not_started","Visual rules require intact/damaged/destroyed; user also requested construction state."
"Building_Dock","combat.building","Logistics Dock","UI/build icon, readable at 48px and 96px","Design/VisualConfigs/Combat_Visual_Config_v0_1.json","Build Drawer, Armory, Rewards, Store","Assets/Game/Art/UI/Generated/CombatCatalog/Icons/Building_Dock_Icon.png","missing","not_reviewed","not_started","needsProductionAsset"
"Building_FieldWorkshop","combat.building","Field Workshop","world building sprite state: intact","Design/VisualConfigs/Combat_Visual_Config_v0_1.json","tactical gameplay, Build Drawer, Mission objectives","Assets/Game/Art/Generated/CombatCatalog/Buildings/Building_FieldWorkshop/Building_FieldWorkshop_intact.png","missing","not_reviewed","not_started","Visual rules require intact/damaged/destroyed; user also requested construction state."
"Building_FieldWorkshop","combat.building","Field Workshop","world building sprite state: construction","Design/VisualConfigs/Combat_Visual_Config_v0_1.json","tactical gameplay, Build Drawer, Mission objectives","Assets/Game/Art/Generated/CombatCatalog/Buildings/Building_FieldWorkshop/Building_FieldWorkshop_construction.png","missing","not_reviewed","not_started","Visual rules require intact/damaged/destroyed; user also requested construction state."
"Building_FieldWorkshop","combat.building","Field Workshop","world building sprite state: damaged","Design/VisualConfigs/Combat_Visual_Config_v0_1.json","tactical gameplay, Build Drawer, Mission objectives","Assets/Game/Art/Generated/CombatCatalog/Buildings/Building_FieldWorkshop/Building_FieldWorkshop_damaged.png","missing","not_reviewed","not_started","Visual rules require intact/damaged/destroyed; user also requested construction state."
"Building_FieldWorkshop","combat.building","Field Workshop","world building sprite state: destroyed","Design/VisualConfigs/Combat_Visual_Config_v0_1.json","tactical gameplay, Build Drawer, Mission objectives","Assets/Game/Art/Generated/CombatCatalog/Buildings/Building_FieldWorkshop/Building_FieldWorkshop_destroyed.png","missing","not_reviewed","not_started","Visual rules require intact/damaged/destroyed; user also requested construction state."
"Building_FieldWorkshop","combat.building","Field Workshop","UI/build icon, readable at 48px and 96px","Design/VisualConfigs/Combat_Visual_Config_v0_1.json","Build Drawer, Armory, Rewards, Store","Assets/Game/Art/UI/Generated/CombatCatalog/Icons/Building_FieldWorkshop_Icon.png","missing","not_reviewed","not_started","needsProductionAsset"
"Building_Fuel_Bladder","combat.building","Fuel Bladder","world building sprite state: intact","Design/VisualConfigs/Combat_Visual_Config_v0_1.json","tactical gameplay, Build Drawer, Mission objectives","Assets/Game/Art/Generated/CombatCatalog/Buildings/Building_Fuel_Bladder/Building_Fuel_Bladder_intact.png","missing","not_reviewed","not_started","Visual rules require intact/damaged/destroyed; user also requested construction state."
"Building_Fuel_Bladder","combat.building","Fuel Bladder","world building sprite state: construction","Design/VisualConfigs/Combat_Visual_Config_v0_1.json","tactical gameplay, Build Drawer, Mission objectives","Assets/Game/Art/Generated/CombatCatalog/Buildings/Building_Fuel_Bladder/Building_Fuel_Bladder_construction.png","missing","not_reviewed","not_started","Visual rules require intact/damaged/destroyed; user also requested construction state."
"Building_Fuel_Bladder","combat.building","Fuel Bladder","world building sprite state: damaged","Design/VisualConfigs/Combat_Visual_Config_v0_1.json","tactical gameplay, Build Drawer, Mission objectives","Assets/Game/Art/Generated/CombatCatalog/Buildings/Building_Fuel_Bladder/Building_Fuel_Bladder_damaged.png","missing","not_reviewed","not_started","Visual rules require intact/damaged/destroyed; user also requested construction state."
"Building_Fuel_Bladder","combat.building","Fuel Bladder","world building sprite state: destroyed","Design/VisualConfigs/Combat_Visual_Config_v0_1.json","tactical gameplay, Build Drawer, Mission objectives","Assets/Game/Art/Generated/CombatCatalog/Buildings/Building_Fuel_Bladder/Building_Fuel_Bladder_destroyed.png","missing","not_reviewed","not_started","Visual rules require intact/damaged/destroyed; user also requested construction state."
"Building_Fuel_Bladder","combat.building","Fuel Bladder","UI/build icon, readable at 48px and 96px","Design/VisualConfigs/Combat_Visual_Config_v0_1.json","Build Drawer, Armory, Rewards, Store","Assets/Game/Art/UI/Generated/CombatCatalog/Icons/Building_Fuel_Bladder_Icon.png","missing","not_reviewed","not_started","implementedRuntimeReference"
"Building_GuardTower","combat.building","Guard Tower","world building sprite state: intact","Design/VisualConfigs/Combat_Visual_Config_v0_1.json","tactical gameplay, Build Drawer, Mission objectives","Assets/Game/Art/Generated/CombatCatalog/Buildings/Building_GuardTower/Building_GuardTower_intact.png","missing","not_reviewed","not_started","Visual rules require intact/damaged/destroyed; user also requested construction state."
"Building_GuardTower","combat.building","Guard Tower","world building sprite state: construction","Design/VisualConfigs/Combat_Visual_Config_v0_1.json","tactical gameplay, Build Drawer, Mission objectives","Assets/Game/Art/Generated/CombatCatalog/Buildings/Building_GuardTower/Building_GuardTower_construction.png","missing","not_reviewed","not_started","Visual rules require intact/damaged/destroyed; user also requested construction state."
"Building_GuardTower","combat.building","Guard Tower","world building sprite state: damaged","Design/VisualConfigs/Combat_Visual_Config_v0_1.json","tactical gameplay, Build Drawer, Mission objectives","Assets/Game/Art/Generated/CombatCatalog/Buildings/Building_GuardTower/Building_GuardTower_damaged.png","missing","not_reviewed","not_started","Visual rules require intact/damaged/destroyed; user also requested construction state."
"Building_GuardTower","combat.building","Guard Tower","world building sprite state: destroyed","Design/VisualConfigs/Combat_Visual_Config_v0_1.json","tactical gameplay, Build Drawer, Mission objectives","Assets/Game/Art/Generated/CombatCatalog/Buildings/Building_GuardTower/Building_GuardTower_destroyed.png","missing","not_reviewed","not_started","Visual rules require intact/damaged/destroyed; user also requested construction state."
"Building_GuardTower","combat.building","Guard Tower","UI/build icon, readable at 48px and 96px","Design/VisualConfigs/Combat_Visual_Config_v0_1.json","Build Drawer, Armory, Rewards, Store","Assets/Game/Art/UI/Generated/CombatCatalog/Icons/Building_GuardTower_Icon.png","missing","not_reviewed","not_started","implementedRuntimeReference"
"Building_GuardTower_Big","combat.building","Heavy Guard Tower","world building sprite state: intact","Design/VisualConfigs/Combat_Visual_Config_v0_1.json","tactical gameplay, Build Drawer, Mission objectives","Assets/Game/Art/Generated/CombatCatalog/Buildings/Building_GuardTower_Big/Building_GuardTower_Big_intact.png","missing","not_reviewed","not_started","Visual rules require intact/damaged/destroyed; user also requested construction state."
"Building_GuardTower_Big","combat.building","Heavy Guard Tower","world building sprite state: construction","Design/VisualConfigs/Combat_Visual_Config_v0_1.json","tactical gameplay, Build Drawer, Mission objectives","Assets/Game/Art/Generated/CombatCatalog/Buildings/Building_GuardTower_Big/Building_GuardTower_Big_construction.png","missing","not_reviewed","not_started","Visual rules require intact/damaged/destroyed; user also requested construction state."
"Building_GuardTower_Big","combat.building","Heavy Guard Tower","world building sprite state: damaged","Design/VisualConfigs/Combat_Visual_Config_v0_1.json","tactical gameplay, Build Drawer, Mission objectives","Assets/Game/Art/Generated/CombatCatalog/Buildings/Building_GuardTower_Big/Building_GuardTower_Big_damaged.png","missing","not_reviewed","not_started","Visual rules require intact/damaged/destroyed; user also requested construction state."
"Building_GuardTower_Big","combat.building","Heavy Guard Tower","world building sprite state: destroyed","Design/VisualConfigs/Combat_Visual_Config_v0_1.json","tactical gameplay, Build Drawer, Mission objectives","Assets/Game/Art/Generated/CombatCatalog/Buildings/Building_GuardTower_Big/Building_GuardTower_Big_destroyed.png","missing","not_reviewed","not_started","Visual rules require intact/damaged/destroyed; user also requested construction state."
"Building_GuardTower_Big","combat.building","Heavy Guard Tower","UI/build icon, readable at 48px and 96px","Design/VisualConfigs/Combat_Visual_Config_v0_1.json","Build Drawer, Armory, Rewards, Store","Assets/Game/Art/UI/Generated/CombatCatalog/Icons/Building_GuardTower_Big_Icon.png","missing","not_reviewed","not_started","implementedRuntimeReference"
"Building_Hall_01","combat.building","City Hall","world building sprite state: intact","Design/VisualConfigs/Combat_Visual_Config_v0_1.json","tactical gameplay, Build Drawer, Mission objectives","Assets/Game/Art/Generated/CombatCatalog/Buildings/Building_Hall_01/Building_Hall_01_intact.png","missing","not_reviewed","not_started","Visual rules require intact/damaged/destroyed; user also requested construction state."
"Building_Hall_01","combat.building","City Hall","world building sprite state: construction","Design/VisualConfigs/Combat_Visual_Config_v0_1.json","tactical gameplay, Build Drawer, Mission objectives","Assets/Game/Art/Generated/CombatCatalog/Buildings/Building_Hall_01/Building_Hall_01_construction.png","missing","not_reviewed","not_started","Visual rules require intact/damaged/destroyed; user also requested construction state."
"Building_Hall_01","combat.building","City Hall","world building sprite state: damaged","Design/VisualConfigs/Combat_Visual_Config_v0_1.json","tactical gameplay, Build Drawer, Mission objectives","Assets/Game/Art/Generated/CombatCatalog/Buildings/Building_Hall_01/Building_Hall_01_damaged.png","missing","not_reviewed","not_started","Visual rules require intact/damaged/destroyed; user also requested construction state."
"Building_Hall_01","combat.building","City Hall","world building sprite state: destroyed","Design/VisualConfigs/Combat_Visual_Config_v0_1.json","tactical gameplay, Build Drawer, Mission objectives","Assets/Game/Art/Generated/CombatCatalog/Buildings/Building_Hall_01/Building_Hall_01_destroyed.png","missing","not_reviewed","not_started","Visual rules require intact/damaged/destroyed; user also requested construction state."
"Building_Hall_01","combat.building","City Hall","UI/build icon, readable at 48px and 96px","Design/VisualConfigs/Combat_Visual_Config_v0_1.json","Build Drawer, Armory, Rewards, Store","Assets/Game/Art/UI/Generated/CombatCatalog/Icons/Building_Hall_01_Icon.png","missing","not_reviewed","not_started","implementedRuntimeReference"
"Building_Helipad","combat.building","Helipad","world building sprite state: intact","Design/VisualConfigs/Combat_Visual_Config_v0_1.json","tactical gameplay, Build Drawer, Mission objectives","Assets/Game/Art/Generated/CombatCatalog/Buildings/Building_Helipad/Building_Helipad_intact.png","missing","not_reviewed","not_started","Visual rules require intact/damaged/destroyed; user also requested construction state."
"Building_Helipad","combat.building","Helipad","world building sprite state: construction","Design/VisualConfigs/Combat_Visual_Config_v0_1.json","tactical gameplay, Build Drawer, Mission objectives","Assets/Game/Art/Generated/CombatCatalog/Buildings/Building_Helipad/Building_Helipad_construction.png","missing","not_reviewed","not_started","Visual rules require intact/damaged/destroyed; user also requested construction state."
"Building_Helipad","combat.building","Helipad","world building sprite state: damaged","Design/VisualConfigs/Combat_Visual_Config_v0_1.json","tactical gameplay, Build Drawer, Mission objectives","Assets/Game/Art/Generated/CombatCatalog/Buildings/Building_Helipad/Building_Helipad_damaged.png","missing","not_reviewed","not_started","Visual rules require intact/damaged/destroyed; user also requested construction state."
"Building_Helipad","combat.building","Helipad","world building sprite state: destroyed","Design/VisualConfigs/Combat_Visual_Config_v0_1.json","tactical gameplay, Build Drawer, Mission objectives","Assets/Game/Art/Generated/CombatCatalog/Buildings/Building_Helipad/Building_Helipad_destroyed.png","missing","not_reviewed","not_started","Visual rules require intact/damaged/destroyed; user also requested construction state."
"Building_Helipad","combat.building","Helipad","UI/build icon, readable at 48px and 96px","Design/VisualConfigs/Combat_Visual_Config_v0_1.json","Build Drawer, Armory, Rewards, Store","Assets/Game/Art/UI/Generated/CombatCatalog/Icons/Building_Helipad_Icon.png","missing","not_reviewed","not_started","implementedRuntimeReference"
"Building_House_01","combat.building","House","world building sprite state: intact","Design/VisualConfigs/Combat_Visual_Config_v0_1.json","tactical gameplay, Build Drawer, Mission objectives","Assets/Game/Art/Generated/CombatCatalog/Buildings/Building_House_01/Building_House_01_intact.png","missing","not_reviewed","not_started","Visual rules require intact/damaged/destroyed; user also requested construction state."
"Building_House_01","combat.building","House","world building sprite state: construction","Design/VisualConfigs/Combat_Visual_Config_v0_1.json","tactical gameplay, Build Drawer, Mission objectives","Assets/Game/Art/Generated/CombatCatalog/Buildings/Building_House_01/Building_House_01_construction.png","missing","not_reviewed","not_started","Visual rules require intact/damaged/destroyed; user also requested construction state."
"Building_House_01","combat.building","House","world building sprite state: damaged","Design/VisualConfigs/Combat_Visual_Config_v0_1.json","tactical gameplay, Build Drawer, Mission objectives","Assets/Game/Art/Generated/CombatCatalog/Buildings/Building_House_01/Building_House_01_damaged.png","missing","not_reviewed","not_started","Visual rules require intact/damaged/destroyed; user also requested construction state."
"Building_House_01","combat.building","House","world building sprite state: destroyed","Design/VisualConfigs/Combat_Visual_Config_v0_1.json","tactical gameplay, Build Drawer, Mission objectives","Assets/Game/Art/Generated/CombatCatalog/Buildings/Building_House_01/Building_House_01_destroyed.png","missing","not_reviewed","not_started","Visual rules require intact/damaged/destroyed; user also requested construction state."
"Building_House_01","combat.building","House","UI/build icon, readable at 48px and 96px","Design/VisualConfigs/Combat_Visual_Config_v0_1.json","Build Drawer, Armory, Rewards, Store","Assets/Game/Art/UI/Generated/CombatCatalog/Icons/Building_House_01_Icon.png","missing","not_reviewed","not_started","implementedRuntimeReference"
"Building_MedicalStation","combat.building","Medical Station","world building sprite state: intact","Design/VisualConfigs/Combat_Visual_Config_v0_1.json","tactical gameplay, Build Drawer, Mission objectives","Assets/Game/Art/Generated/CombatCatalog/Buildings/Building_MedicalStation/Building_MedicalStation_intact.png","missing","not_reviewed","not_started","Visual rules require intact/damaged/destroyed; user also requested construction state."
"Building_MedicalStation","combat.building","Medical Station","world building sprite state: construction","Design/VisualConfigs/Combat_Visual_Config_v0_1.json","tactical gameplay, Build Drawer, Mission objectives","Assets/Game/Art/Generated/CombatCatalog/Buildings/Building_MedicalStation/Building_MedicalStation_construction.png","missing","not_reviewed","not_started","Visual rules require intact/damaged/destroyed; user also requested construction state."
"Building_MedicalStation","combat.building","Medical Station","world building sprite state: damaged","Design/VisualConfigs/Combat_Visual_Config_v0_1.json","tactical gameplay, Build Drawer, Mission objectives","Assets/Game/Art/Generated/CombatCatalog/Buildings/Building_MedicalStation/Building_MedicalStation_damaged.png","missing","not_reviewed","not_started","Visual rules require intact/damaged/destroyed; user also requested construction state."
"Building_MedicalStation","combat.building","Medical Station","world building sprite state: destroyed","Design/VisualConfigs/Combat_Visual_Config_v0_1.json","tactical gameplay, Build Drawer, Mission objectives","Assets/Game/Art/Generated/CombatCatalog/Buildings/Building_MedicalStation/Building_MedicalStation_destroyed.png","missing","not_reviewed","not_started","Visual rules require intact/damaged/destroyed; user also requested construction state."
"Building_MedicalStation","combat.building","Medical Station","UI/build icon, readable at 48px and 96px","Design/VisualConfigs/Combat_Visual_Config_v0_1.json","Build Drawer, Armory, Rewards, Store","Assets/Game/Art/UI/Generated/CombatCatalog/Icons/Building_MedicalStation_Icon.png","missing","not_reviewed","not_started","needsProductionAsset"
"Building_NavalYard","combat.building","Naval Yard","world building sprite state: intact","Design/VisualConfigs/Combat_Visual_Config_v0_1.json","tactical gameplay, Build Drawer, Mission objectives","Assets/Game/Art/Generated/CombatCatalog/Buildings/Building_NavalYard/Building_NavalYard_intact.png","missing","not_reviewed","not_started","Visual rules require intact/damaged/destroyed; user also requested construction state."
"Building_NavalYard","combat.building","Naval Yard","world building sprite state: construction","Design/VisualConfigs/Combat_Visual_Config_v0_1.json","tactical gameplay, Build Drawer, Mission objectives","Assets/Game/Art/Generated/CombatCatalog/Buildings/Building_NavalYard/Building_NavalYard_construction.png","missing","not_reviewed","not_started","Visual rules require intact/damaged/destroyed; user also requested construction state."
"Building_NavalYard","combat.building","Naval Yard","world building sprite state: damaged","Design/VisualConfigs/Combat_Visual_Config_v0_1.json","tactical gameplay, Build Drawer, Mission objectives","Assets/Game/Art/Generated/CombatCatalog/Buildings/Building_NavalYard/Building_NavalYard_damaged.png","missing","not_reviewed","not_started","Visual rules require intact/damaged/destroyed; user also requested construction state."
"Building_NavalYard","combat.building","Naval Yard","world building sprite state: destroyed","Design/VisualConfigs/Combat_Visual_Config_v0_1.json","tactical gameplay, Build Drawer, Mission objectives","Assets/Game/Art/Generated/CombatCatalog/Buildings/Building_NavalYard/Building_NavalYard_destroyed.png","missing","not_reviewed","not_started","Visual rules require intact/damaged/destroyed; user also requested construction state."
"Building_NavalYard","combat.building","Naval Yard","UI/build icon, readable at 48px and 96px","Design/VisualConfigs/Combat_Visual_Config_v0_1.json","Build Drawer, Armory, Rewards, Store","Assets/Game/Art/UI/Generated/CombatCatalog/Icons/Building_NavalYard_Icon.png","missing","not_reviewed","not_started","needsProductionAsset"
"Building_OilPump","combat.building","Oil Pump","world building sprite state: intact","Design/VisualConfigs/Combat_Visual_Config_v0_1.json","tactical gameplay, Build Drawer, Mission objectives","Assets/Game/Art/Generated/CombatCatalog/Buildings/Building_OilPump/Building_OilPump_intact.png","missing","not_reviewed","not_started","Visual rules require intact/damaged/destroyed; user also requested construction state."
"Building_OilPump","combat.building","Oil Pump","world building sprite state: construction","Design/VisualConfigs/Combat_Visual_Config_v0_1.json","tactical gameplay, Build Drawer, Mission objectives","Assets/Game/Art/Generated/CombatCatalog/Buildings/Building_OilPump/Building_OilPump_construction.png","missing","not_reviewed","not_started","Visual rules require intact/damaged/destroyed; user also requested construction state."
"Building_OilPump","combat.building","Oil Pump","world building sprite state: damaged","Design/VisualConfigs/Combat_Visual_Config_v0_1.json","tactical gameplay, Build Drawer, Mission objectives","Assets/Game/Art/Generated/CombatCatalog/Buildings/Building_OilPump/Building_OilPump_damaged.png","missing","not_reviewed","not_started","Visual rules require intact/damaged/destroyed; user also requested construction state."
"Building_OilPump","combat.building","Oil Pump","world building sprite state: destroyed","Design/VisualConfigs/Combat_Visual_Config_v0_1.json","tactical gameplay, Build Drawer, Mission objectives","Assets/Game/Art/Generated/CombatCatalog/Buildings/Building_OilPump/Building_OilPump_destroyed.png","missing","not_reviewed","not_started","Visual rules require intact/damaged/destroyed; user also requested construction state."
"Building_OilPump","combat.building","Oil Pump","UI/build icon, readable at 48px and 96px","Design/VisualConfigs/Combat_Visual_Config_v0_1.json","Build Drawer, Armory, Rewards, Store","Assets/Game/Art/UI/Generated/CombatCatalog/Icons/Building_OilPump_Icon.png","missing","not_reviewed","not_started","implementedRuntimeReference"
"Building_Refinery","combat.building","Oil Refinery","world building sprite state: intact","Design/VisualConfigs/Combat_Visual_Config_v0_1.json","tactical gameplay, Build Drawer, Mission objectives","Assets/Game/Art/Generated/CombatCatalog/Buildings/Building_Refinery/Building_Refinery_intact.png","missing","not_reviewed","not_started","Visual rules require intact/damaged/destroyed; user also requested construction state."
"Building_Refinery","combat.building","Oil Refinery","world building sprite state: construction","Design/VisualConfigs/Combat_Visual_Config_v0_1.json","tactical gameplay, Build Drawer, Mission objectives","Assets/Game/Art/Generated/CombatCatalog/Buildings/Building_Refinery/Building_Refinery_construction.png","missing","not_reviewed","not_started","Visual rules require intact/damaged/destroyed; user also requested construction state."
"Building_Refinery","combat.building","Oil Refinery","world building sprite state: damaged","Design/VisualConfigs/Combat_Visual_Config_v0_1.json","tactical gameplay, Build Drawer, Mission objectives","Assets/Game/Art/Generated/CombatCatalog/Buildings/Building_Refinery/Building_Refinery_damaged.png","missing","not_reviewed","not_started","Visual rules require intact/damaged/destroyed; user also requested construction state."
"Building_Refinery","combat.building","Oil Refinery","world building sprite state: destroyed","Design/VisualConfigs/Combat_Visual_Config_v0_1.json","tactical gameplay, Build Drawer, Mission objectives","Assets/Game/Art/Generated/CombatCatalog/Buildings/Building_Refinery/Building_Refinery_destroyed.png","missing","not_reviewed","not_started","Visual rules require intact/damaged/destroyed; user also requested construction state."
"Building_Refinery","combat.building","Oil Refinery","UI/build icon, readable at 48px and 96px","Design/VisualConfigs/Combat_Visual_Config_v0_1.json","Build Drawer, Armory, Rewards, Store","Assets/Game/Art/UI/Generated/CombatCatalog/Icons/Building_Refinery_Icon.png","missing","not_reviewed","not_started","implementedRuntimeReference"
"Building_Refinery_Big","combat.building","Large Oil Refinery","world building sprite state: intact","Design/VisualConfigs/Combat_Visual_Config_v0_1.json","tactical gameplay, Build Drawer, Mission objectives","Assets/Game/Art/Generated/CombatCatalog/Buildings/Building_Refinery_Big/Building_Refinery_Big_intact.png","missing","not_reviewed","not_started","Visual rules require intact/damaged/destroyed; user also requested construction state."
"Building_Refinery_Big","combat.building","Large Oil Refinery","world building sprite state: construction","Design/VisualConfigs/Combat_Visual_Config_v0_1.json","tactical gameplay, Build Drawer, Mission objectives","Assets/Game/Art/Generated/CombatCatalog/Buildings/Building_Refinery_Big/Building_Refinery_Big_construction.png","missing","not_reviewed","not_started","Visual rules require intact/damaged/destroyed; user also requested construction state."
"Building_Refinery_Big","combat.building","Large Oil Refinery","world building sprite state: damaged","Design/VisualConfigs/Combat_Visual_Config_v0_1.json","tactical gameplay, Build Drawer, Mission objectives","Assets/Game/Art/Generated/CombatCatalog/Buildings/Building_Refinery_Big/Building_Refinery_Big_damaged.png","missing","not_reviewed","not_started","Visual rules require intact/damaged/destroyed; user also requested construction state."
"Building_Refinery_Big","combat.building","Large Oil Refinery","world building sprite state: destroyed","Design/VisualConfigs/Combat_Visual_Config_v0_1.json","tactical gameplay, Build Drawer, Mission objectives","Assets/Game/Art/Generated/CombatCatalog/Buildings/Building_Refinery_Big/Building_Refinery_Big_destroyed.png","missing","not_reviewed","not_started","Visual rules require intact/damaged/destroyed; user also requested construction state."
"Building_Refinery_Big","combat.building","Large Oil Refinery","UI/build icon, readable at 48px and 96px","Design/VisualConfigs/Combat_Visual_Config_v0_1.json","Build Drawer, Armory, Rewards, Store","Assets/Game/Art/UI/Generated/CombatCatalog/Icons/Building_Refinery_Big_Icon.png","missing","not_reviewed","not_started","implementedRuntimeReference"
"Building_Road_Barrier","combat.building","Road Barrier","world building sprite state: intact","Design/VisualConfigs/Combat_Visual_Config_v0_1.json","tactical gameplay, Build Drawer, Mission objectives","Assets/Game/Art/Generated/CombatCatalog/Buildings/Building_Road_Barrier/Building_Road_Barrier_intact.png","missing","not_reviewed","not_started","Visual rules require intact/damaged/destroyed; user also requested construction state."
"Building_Road_Barrier","combat.building","Road Barrier","world building sprite state: construction","Design/VisualConfigs/Combat_Visual_Config_v0_1.json","tactical gameplay, Build Drawer, Mission objectives","Assets/Game/Art/Generated/CombatCatalog/Buildings/Building_Road_Barrier/Building_Road_Barrier_construction.png","missing","not_reviewed","not_started","Visual rules require intact/damaged/destroyed; user also requested construction state."
"Building_Road_Barrier","combat.building","Road Barrier","world building sprite state: damaged","Design/VisualConfigs/Combat_Visual_Config_v0_1.json","tactical gameplay, Build Drawer, Mission objectives","Assets/Game/Art/Generated/CombatCatalog/Buildings/Building_Road_Barrier/Building_Road_Barrier_damaged.png","missing","not_reviewed","not_started","Visual rules require intact/damaged/destroyed; user also requested construction state."
"Building_Road_Barrier","combat.building","Road Barrier","world building sprite state: destroyed","Design/VisualConfigs/Combat_Visual_Config_v0_1.json","tactical gameplay, Build Drawer, Mission objectives","Assets/Game/Art/Generated/CombatCatalog/Buildings/Building_Road_Barrier/Building_Road_Barrier_destroyed.png","missing","not_reviewed","not_started","Visual rules require intact/damaged/destroyed; user also requested construction state."
"Building_Road_Barrier","combat.building","Road Barrier","UI/build icon, readable at 48px and 96px","Design/VisualConfigs/Combat_Visual_Config_v0_1.json","Build Drawer, Armory, Rewards, Store","Assets/Game/Art/UI/Generated/CombatCatalog/Icons/Building_Road_Barrier_Icon.png","missing","not_reviewed","not_started","implementedRuntimeReference"
"Building_Satelite_Dish","combat.building","Satellite Dish","world building sprite state: intact","Design/VisualConfigs/Combat_Visual_Config_v0_1.json","tactical gameplay, Build Drawer, Mission objectives","Assets/Game/Art/Generated/CombatCatalog/Buildings/Building_Satelite_Dish/Building_Satelite_Dish_intact.png","missing","not_reviewed","not_started","Visual rules require intact/damaged/destroyed; user also requested construction state."
"Building_Satelite_Dish","combat.building","Satellite Dish","world building sprite state: construction","Design/VisualConfigs/Combat_Visual_Config_v0_1.json","tactical gameplay, Build Drawer, Mission objectives","Assets/Game/Art/Generated/CombatCatalog/Buildings/Building_Satelite_Dish/Building_Satelite_Dish_construction.png","missing","not_reviewed","not_started","Visual rules require intact/damaged/destroyed; user also requested construction state."
"Building_Satelite_Dish","combat.building","Satellite Dish","world building sprite state: damaged","Design/VisualConfigs/Combat_Visual_Config_v0_1.json","tactical gameplay, Build Drawer, Mission objectives","Assets/Game/Art/Generated/CombatCatalog/Buildings/Building_Satelite_Dish/Building_Satelite_Dish_damaged.png","missing","not_reviewed","not_started","Visual rules require intact/damaged/destroyed; user also requested construction state."
"Building_Satelite_Dish","combat.building","Satellite Dish","world building sprite state: destroyed","Design/VisualConfigs/Combat_Visual_Config_v0_1.json","tactical gameplay, Build Drawer, Mission objectives","Assets/Game/Art/Generated/CombatCatalog/Buildings/Building_Satelite_Dish/Building_Satelite_Dish_destroyed.png","missing","not_reviewed","not_started","Visual rules require intact/damaged/destroyed; user also requested construction state."
"Building_Satelite_Dish","combat.building","Satellite Dish","UI/build icon, readable at 48px and 96px","Design/VisualConfigs/Combat_Visual_Config_v0_1.json","Build Drawer, Armory, Rewards, Store","Assets/Game/Art/UI/Generated/CombatCatalog/Icons/Building_Satelite_Dish_Icon.png","missing","not_reviewed","not_started","implementedRuntimeReference"
"Building_Shop_01","combat.building","Shop","world building sprite state: intact","Design/VisualConfigs/Combat_Visual_Config_v0_1.json","tactical gameplay, Build Drawer, Mission objectives","Assets/Game/Art/Generated/CombatCatalog/Buildings/Building_Shop_01/Building_Shop_01_intact.png","missing","not_reviewed","not_started","Visual rules require intact/damaged/destroyed; user also requested construction state."
"Building_Shop_01","combat.building","Shop","world building sprite state: construction","Design/VisualConfigs/Combat_Visual_Config_v0_1.json","tactical gameplay, Build Drawer, Mission objectives","Assets/Game/Art/Generated/CombatCatalog/Buildings/Building_Shop_01/Building_Shop_01_construction.png","missing","not_reviewed","not_started","Visual rules require intact/damaged/destroyed; user also requested construction state."
"Building_Shop_01","combat.building","Shop","world building sprite state: damaged","Design/VisualConfigs/Combat_Visual_Config_v0_1.json","tactical gameplay, Build Drawer, Mission objectives","Assets/Game/Art/Generated/CombatCatalog/Buildings/Building_Shop_01/Building_Shop_01_damaged.png","missing","not_reviewed","not_started","Visual rules require intact/damaged/destroyed; user also requested construction state."
"Building_Shop_01","combat.building","Shop","world building sprite state: destroyed","Design/VisualConfigs/Combat_Visual_Config_v0_1.json","tactical gameplay, Build Drawer, Mission objectives","Assets/Game/Art/Generated/CombatCatalog/Buildings/Building_Shop_01/Building_Shop_01_destroyed.png","missing","not_reviewed","not_started","Visual rules require intact/damaged/destroyed; user also requested construction state."
"Building_Shop_01","combat.building","Shop","UI/build icon, readable at 48px and 96px","Design/VisualConfigs/Combat_Visual_Config_v0_1.json","Build Drawer, Armory, Rewards, Store","Assets/Game/Art/UI/Generated/CombatCatalog/Icons/Building_Shop_01_Icon.png","missing","not_reviewed","not_started","implementedRuntimeReference"
"Building_Shop_02","combat.building","Market Shop","world building sprite state: intact","Design/VisualConfigs/Combat_Visual_Config_v0_1.json","tactical gameplay, Build Drawer, Mission objectives","Assets/Game/Art/Generated/CombatCatalog/Buildings/Building_Shop_02/Building_Shop_02_intact.png","missing","not_reviewed","not_started","Visual rules require intact/damaged/destroyed; user also requested construction state."
"Building_Shop_02","combat.building","Market Shop","world building sprite state: construction","Design/VisualConfigs/Combat_Visual_Config_v0_1.json","tactical gameplay, Build Drawer, Mission objectives","Assets/Game/Art/Generated/CombatCatalog/Buildings/Building_Shop_02/Building_Shop_02_construction.png","missing","not_reviewed","not_started","Visual rules require intact/damaged/destroyed; user also requested construction state."
"Building_Shop_02","combat.building","Market Shop","world building sprite state: damaged","Design/VisualConfigs/Combat_Visual_Config_v0_1.json","tactical gameplay, Build Drawer, Mission objectives","Assets/Game/Art/Generated/CombatCatalog/Buildings/Building_Shop_02/Building_Shop_02_damaged.png","missing","not_reviewed","not_started","Visual rules require intact/damaged/destroyed; user also requested construction state."
"Building_Shop_02","combat.building","Market Shop","world building sprite state: destroyed","Design/VisualConfigs/Combat_Visual_Config_v0_1.json","tactical gameplay, Build Drawer, Mission objectives","Assets/Game/Art/Generated/CombatCatalog/Buildings/Building_Shop_02/Building_Shop_02_destroyed.png","missing","not_reviewed","not_started","Visual rules require intact/damaged/destroyed; user also requested construction state."
"Building_Shop_02","combat.building","Market Shop","UI/build icon, readable at 48px and 96px","Design/VisualConfigs/Combat_Visual_Config_v0_1.json","Build Drawer, Armory, Rewards, Store","Assets/Game/Art/UI/Generated/CombatCatalog/Icons/Building_Shop_02_Icon.png","missing","not_reviewed","not_started","implementedRuntimeReference"
"Building_WaterTank","combat.building","Water Tank","world building sprite state: intact","Design/VisualConfigs/Combat_Visual_Config_v0_1.json","tactical gameplay, Build Drawer, Mission objectives","Assets/Game/Art/Generated/CombatCatalog/Buildings/Building_WaterTank/Building_WaterTank_intact.png","missing","not_reviewed","not_started","Visual rules require intact/damaged/destroyed; user also requested construction state."
"Building_WaterTank","combat.building","Water Tank","world building sprite state: construction","Design/VisualConfigs/Combat_Visual_Config_v0_1.json","tactical gameplay, Build Drawer, Mission objectives","Assets/Game/Art/Generated/CombatCatalog/Buildings/Building_WaterTank/Building_WaterTank_construction.png","missing","not_reviewed","not_started","Visual rules require intact/damaged/destroyed; user also requested construction state."
"Building_WaterTank","combat.building","Water Tank","world building sprite state: damaged","Design/VisualConfigs/Combat_Visual_Config_v0_1.json","tactical gameplay, Build Drawer, Mission objectives","Assets/Game/Art/Generated/CombatCatalog/Buildings/Building_WaterTank/Building_WaterTank_damaged.png","missing","not_reviewed","not_started","Visual rules require intact/damaged/destroyed; user also requested construction state."
"Building_WaterTank","combat.building","Water Tank","world building sprite state: destroyed","Design/VisualConfigs/Combat_Visual_Config_v0_1.json","tactical gameplay, Build Drawer, Mission objectives","Assets/Game/Art/Generated/CombatCatalog/Buildings/Building_WaterTank/Building_WaterTank_destroyed.png","missing","not_reviewed","not_started","Visual rules require intact/damaged/destroyed; user also requested construction state."
"Building_WaterTank","combat.building","Water Tank","UI/build icon, readable at 48px and 96px","Design/VisualConfigs/Combat_Visual_Config_v0_1.json","Build Drawer, Armory, Rewards, Store","Assets/Game/Art/UI/Generated/CombatCatalog/Icons/Building_WaterTank_Icon.png","missing","not_reviewed","not_started","implementedRuntimeReference"
"skill.attack","combat.unitCommand","Attack","command/support ability UI icon, readable at 48px and cooldown-overlay compatible","Design/VisualConfigs/Combat_Visual_Config_v0_1.json","Command Wheel, Battle HUD, Loadout, Operation, Store, POP-09","Assets/Game/Art/UI/Generated/CombatCatalog/AbilityIcons/skill.attack_Icon.png","missing","not_reviewed","not_started","implementedRuntimeReference"
"skill.attack","combat.unitCommand","Attack","VFX cue art/sprite/particle package","Design/VisualConfigs/Combat_Visual_Config_v0_1.json","tactical gameplay feedback","Assets/Game/Art/Generated/CombatCatalog/VFX/skill.attack_VFX.asset","missing","not_reviewed","not_started","vfx.skill.attack"
"skill.breach_gate","combat.unitCommand","Breach Gate","command/support ability UI icon, readable at 48px and cooldown-overlay compatible","Design/VisualConfigs/Combat_Visual_Config_v0_1.json","Command Wheel, Battle HUD, Loadout, Operation, Store, POP-09","Assets/Game/Art/UI/Generated/CombatCatalog/AbilityIcons/skill.breach_gate_Icon.png","missing","not_reviewed","not_started","implementedRuntimeReference"
"skill.breach_gate","combat.unitCommand","Breach Gate","VFX cue art/sprite/particle package","Design/VisualConfigs/Combat_Visual_Config_v0_1.json","tactical gameplay feedback","Assets/Game/Art/Generated/CombatCatalog/VFX/skill.breach_gate_VFX.asset","missing","not_reviewed","not_started","vfx.skill.breach_gate"
"skill.focus_fire","combat.unitCommand","Focus Fire","command/support ability UI icon, readable at 48px and cooldown-overlay compatible","Design/VisualConfigs/Combat_Visual_Config_v0_1.json","Command Wheel, Battle HUD, Loadout, Operation, Store, POP-09","Assets/Game/Art/UI/Generated/CombatCatalog/AbilityIcons/skill.focus_fire_Icon.png","missing","not_reviewed","not_started","needsProductionAsset"
"skill.focus_fire","combat.unitCommand","Focus Fire","VFX cue art/sprite/particle package","Design/VisualConfigs/Combat_Visual_Config_v0_1.json","tactical gameplay feedback","Assets/Game/Art/Generated/CombatCatalog/VFX/skill.focus_fire_VFX.asset","missing","not_reviewed","not_started","vfx.skill.focus_fire"
"skill.hold_position","combat.unitCommand","Hold Position","command/support ability UI icon, readable at 48px and cooldown-overlay compatible","Design/VisualConfigs/Combat_Visual_Config_v0_1.json","Command Wheel, Battle HUD, Loadout, Operation, Store, POP-09","Assets/Game/Art/UI/Generated/CombatCatalog/AbilityIcons/skill.hold_position_Icon.png","missing","not_reviewed","not_started","needsProductionAsset"
"skill.hold_position","combat.unitCommand","Hold Position","VFX cue art/sprite/particle package","Design/VisualConfigs/Combat_Visual_Config_v0_1.json","tactical gameplay feedback","Assets/Game/Art/Generated/CombatCatalog/VFX/skill.hold_position_VFX.asset","missing","not_reviewed","not_started","vfx.skill.hold_position"
"skill.load_transport","combat.unitCommand","Load Transport","command/support ability UI icon, readable at 48px and cooldown-overlay compatible","Design/VisualConfigs/Combat_Visual_Config_v0_1.json","Command Wheel, Battle HUD, Loadout, Operation, Store, POP-09","Assets/Game/Art/UI/Generated/CombatCatalog/AbilityIcons/skill.load_transport_Icon.png","missing","not_reviewed","not_started","implementedRuntimeReference"
"skill.load_transport","combat.unitCommand","Load Transport","VFX cue art/sprite/particle package","Design/VisualConfigs/Combat_Visual_Config_v0_1.json","tactical gameplay feedback","Assets/Game/Art/Generated/CombatCatalog/VFX/skill.load_transport_VFX.asset","missing","not_reviewed","not_started","vfx.skill.load_transport"
"skill.move","combat.unitCommand","Move","command/support ability UI icon, readable at 48px and cooldown-overlay compatible","Design/VisualConfigs/Combat_Visual_Config_v0_1.json","Command Wheel, Battle HUD, Loadout, Operation, Store, POP-09","Assets/Game/Art/UI/Generated/CombatCatalog/AbilityIcons/skill.move_Icon.png","missing","not_reviewed","not_started","implementedRuntimeReference"
"skill.move","combat.unitCommand","Move","VFX cue art/sprite/particle package","Design/VisualConfigs/Combat_Visual_Config_v0_1.json","tactical gameplay feedback","Assets/Game/Art/Generated/CombatCatalog/VFX/skill.move_VFX.asset","missing","not_reviewed","not_started","vfx.skill.move"
"skill.rope_disembark","combat.unitCommand","Rope Disembark","command/support ability UI icon, readable at 48px and cooldown-overlay compatible","Design/VisualConfigs/Combat_Visual_Config_v0_1.json","Command Wheel, Battle HUD, Loadout, Operation, Store, POP-09","Assets/Game/Art/UI/Generated/CombatCatalog/AbilityIcons/skill.rope_disembark_Icon.png","missing","not_reviewed","not_started","implementedRuntimeReference"
"skill.rope_disembark","combat.unitCommand","Rope Disembark","VFX cue art/sprite/particle package","Design/VisualConfigs/Combat_Visual_Config_v0_1.json","tactical gameplay feedback","Assets/Game/Art/Generated/CombatCatalog/VFX/skill.rope_disembark_VFX.asset","missing","not_reviewed","not_started","vfx.skill.rope_disembark"
"skill.stop","combat.unitCommand","Stop","command/support ability UI icon, readable at 48px and cooldown-overlay compatible","Design/VisualConfigs/Combat_Visual_Config_v0_1.json","Command Wheel, Battle HUD, Loadout, Operation, Store, POP-09","Assets/Game/Art/UI/Generated/CombatCatalog/AbilityIcons/skill.stop_Icon.png","missing","not_reviewed","not_started","implementedRuntimeReference"
"skill.stop","combat.unitCommand","Stop","VFX cue art/sprite/particle package","Design/VisualConfigs/Combat_Visual_Config_v0_1.json","tactical gameplay feedback","Assets/Game/Art/Generated/CombatCatalog/VFX/skill.stop_VFX.asset","missing","not_reviewed","not_started","vfx.skill.stop"
"skill.unload_transport","combat.unitCommand","Unload Transport","command/support ability UI icon, readable at 48px and cooldown-overlay compatible","Design/VisualConfigs/Combat_Visual_Config_v0_1.json","Command Wheel, Battle HUD, Loadout, Operation, Store, POP-09","Assets/Game/Art/UI/Generated/CombatCatalog/AbilityIcons/skill.unload_transport_Icon.png","missing","not_reviewed","not_started","implementedRuntimeReference"
"skill.unload_transport","combat.unitCommand","Unload Transport","VFX cue art/sprite/particle package","Design/VisualConfigs/Combat_Visual_Config_v0_1.json","tactical gameplay feedback","Assets/Game/Art/Generated/CombatCatalog/VFX/skill.unload_transport_VFX.asset","missing","not_reviewed","not_started","vfx.skill.unload_transport"
"Tent_Contractor","combat.building","Contractor Tent","world building sprite state: intact","Design/VisualConfigs/Combat_Visual_Config_v0_1.json","tactical gameplay, Build Drawer, Mission objectives","Assets/Game/Art/Generated/CombatCatalog/Buildings/Tent_Contractor/Tent_Contractor_intact.png","missing","not_reviewed","not_started","Visual rules require intact/damaged/destroyed; user also requested construction state."
"Tent_Contractor","combat.building","Contractor Tent","world building sprite state: construction","Design/VisualConfigs/Combat_Visual_Config_v0_1.json","tactical gameplay, Build Drawer, Mission objectives","Assets/Game/Art/Generated/CombatCatalog/Buildings/Tent_Contractor/Tent_Contractor_construction.png","missing","not_reviewed","not_started","Visual rules require intact/damaged/destroyed; user also requested construction state."
"Tent_Contractor","combat.building","Contractor Tent","world building sprite state: damaged","Design/VisualConfigs/Combat_Visual_Config_v0_1.json","tactical gameplay, Build Drawer, Mission objectives","Assets/Game/Art/Generated/CombatCatalog/Buildings/Tent_Contractor/Tent_Contractor_damaged.png","missing","not_reviewed","not_started","Visual rules require intact/damaged/destroyed; user also requested construction state."
"Tent_Contractor","combat.building","Contractor Tent","world building sprite state: destroyed","Design/VisualConfigs/Combat_Visual_Config_v0_1.json","tactical gameplay, Build Drawer, Mission objectives","Assets/Game/Art/Generated/CombatCatalog/Buildings/Tent_Contractor/Tent_Contractor_destroyed.png","missing","not_reviewed","not_started","Visual rules require intact/damaged/destroyed; user also requested construction state."
"Tent_Contractor","combat.building","Contractor Tent","UI/build icon, readable at 48px and 96px","Design/VisualConfigs/Combat_Visual_Config_v0_1.json","Build Drawer, Armory, Rewards, Store","Assets/Game/Art/UI/Generated/CombatCatalog/Icons/Tent_Contractor_Icon.png","missing","not_reviewed","not_started","implementedRuntimeReference"
"Tent_Expert","combat.building","Expert Tent","world building sprite state: intact","Design/VisualConfigs/Combat_Visual_Config_v0_1.json","tactical gameplay, Build Drawer, Mission objectives","Assets/Game/Art/Generated/CombatCatalog/Buildings/Tent_Expert/Tent_Expert_intact.png","missing","not_reviewed","not_started","Visual rules require intact/damaged/destroyed; user also requested construction state."
"Tent_Expert","combat.building","Expert Tent","world building sprite state: construction","Design/VisualConfigs/Combat_Visual_Config_v0_1.json","tactical gameplay, Build Drawer, Mission objectives","Assets/Game/Art/Generated/CombatCatalog/Buildings/Tent_Expert/Tent_Expert_construction.png","missing","not_reviewed","not_started","Visual rules require intact/damaged/destroyed; user also requested construction state."
"Tent_Expert","combat.building","Expert Tent","world building sprite state: damaged","Design/VisualConfigs/Combat_Visual_Config_v0_1.json","tactical gameplay, Build Drawer, Mission objectives","Assets/Game/Art/Generated/CombatCatalog/Buildings/Tent_Expert/Tent_Expert_damaged.png","missing","not_reviewed","not_started","Visual rules require intact/damaged/destroyed; user also requested construction state."
"Tent_Expert","combat.building","Expert Tent","world building sprite state: destroyed","Design/VisualConfigs/Combat_Visual_Config_v0_1.json","tactical gameplay, Build Drawer, Mission objectives","Assets/Game/Art/Generated/CombatCatalog/Buildings/Tent_Expert/Tent_Expert_destroyed.png","missing","not_reviewed","not_started","Visual rules require intact/damaged/destroyed; user also requested construction state."
"Tent_Expert","combat.building","Expert Tent","UI/build icon, readable at 48px and 96px","Design/VisualConfigs/Combat_Visual_Config_v0_1.json","Build Drawer, Armory, Rewards, Store","Assets/Game/Art/UI/Generated/CombatCatalog/Icons/Tent_Expert_Icon.png","missing","not_reviewed","not_started","implementedRuntimeReference"
"Tent_Portaloo","combat.building","Portable Toilet","world building sprite state: intact","Design/VisualConfigs/Combat_Visual_Config_v0_1.json","tactical gameplay, Build Drawer, Mission objectives","Assets/Game/Art/Generated/CombatCatalog/Buildings/Tent_Portaloo/Tent_Portaloo_intact.png","missing","not_reviewed","not_started","Visual rules require intact/damaged/destroyed; user also requested construction state."
"Tent_Portaloo","combat.building","Portable Toilet","world building sprite state: construction","Design/VisualConfigs/Combat_Visual_Config_v0_1.json","tactical gameplay, Build Drawer, Mission objectives","Assets/Game/Art/Generated/CombatCatalog/Buildings/Tent_Portaloo/Tent_Portaloo_construction.png","missing","not_reviewed","not_started","Visual rules require intact/damaged/destroyed; user also requested construction state."
"Tent_Portaloo","combat.building","Portable Toilet","world building sprite state: damaged","Design/VisualConfigs/Combat_Visual_Config_v0_1.json","tactical gameplay, Build Drawer, Mission objectives","Assets/Game/Art/Generated/CombatCatalog/Buildings/Tent_Portaloo/Tent_Portaloo_damaged.png","missing","not_reviewed","not_started","Visual rules require intact/damaged/destroyed; user also requested construction state."
"Tent_Portaloo","combat.building","Portable Toilet","world building sprite state: destroyed","Design/VisualConfigs/Combat_Visual_Config_v0_1.json","tactical gameplay, Build Drawer, Mission objectives","Assets/Game/Art/Generated/CombatCatalog/Buildings/Tent_Portaloo/Tent_Portaloo_destroyed.png","missing","not_reviewed","not_started","Visual rules require intact/damaged/destroyed; user also requested construction state."
"Tent_Portaloo","combat.building","Portable Toilet","UI/build icon, readable at 48px and 96px","Design/VisualConfigs/Combat_Visual_Config_v0_1.json","Build Drawer, Armory, Rewards, Store","Assets/Game/Art/UI/Generated/CombatCatalog/Icons/Tent_Portaloo_Icon.png","missing","not_reviewed","not_started","implementedRuntimeReference"
"Tent_Refugee","combat.building","Refugee Tent","world building sprite state: intact","Design/VisualConfigs/Combat_Visual_Config_v0_1.json","tactical gameplay, Build Drawer, Mission objectives","Assets/Game/Art/Generated/CombatCatalog/Buildings/Tent_Refugee/Tent_Refugee_intact.png","missing","not_reviewed","not_started","Visual rules require intact/damaged/destroyed; user also requested construction state."
"Tent_Refugee","combat.building","Refugee Tent","world building sprite state: construction","Design/VisualConfigs/Combat_Visual_Config_v0_1.json","tactical gameplay, Build Drawer, Mission objectives","Assets/Game/Art/Generated/CombatCatalog/Buildings/Tent_Refugee/Tent_Refugee_construction.png","missing","not_reviewed","not_started","Visual rules require intact/damaged/destroyed; user also requested construction state."
"Tent_Refugee","combat.building","Refugee Tent","world building sprite state: damaged","Design/VisualConfigs/Combat_Visual_Config_v0_1.json","tactical gameplay, Build Drawer, Mission objectives","Assets/Game/Art/Generated/CombatCatalog/Buildings/Tent_Refugee/Tent_Refugee_damaged.png","missing","not_reviewed","not_started","Visual rules require intact/damaged/destroyed; user also requested construction state."
"Tent_Refugee","combat.building","Refugee Tent","world building sprite state: destroyed","Design/VisualConfigs/Combat_Visual_Config_v0_1.json","tactical gameplay, Build Drawer, Mission objectives","Assets/Game/Art/Generated/CombatCatalog/Buildings/Tent_Refugee/Tent_Refugee_destroyed.png","missing","not_reviewed","not_started","Visual rules require intact/damaged/destroyed; user also requested construction state."
"Tent_Refugee","combat.building","Refugee Tent","UI/build icon, readable at 48px and 96px","Design/VisualConfigs/Combat_Visual_Config_v0_1.json","Build Drawer, Armory, Rewards, Store","Assets/Game/Art/UI/Generated/CombatCatalog/Icons/Tent_Refugee_Icon.png","missing","not_reviewed","not_started","implementedRuntimeReference"
"Tent_Regular","combat.building","Soldier Tent","world building sprite state: intact","Design/VisualConfigs/Combat_Visual_Config_v0_1.json","tactical gameplay, Build Drawer, Mission objectives","Assets/Game/Art/Generated/CombatCatalog/Buildings/Tent_Regular/Tent_Regular_intact.png","missing","not_reviewed","not_started","Visual rules require intact/damaged/destroyed; user also requested construction state."
"Tent_Regular","combat.building","Soldier Tent","world building sprite state: construction","Design/VisualConfigs/Combat_Visual_Config_v0_1.json","tactical gameplay, Build Drawer, Mission objectives","Assets/Game/Art/Generated/CombatCatalog/Buildings/Tent_Regular/Tent_Regular_construction.png","missing","not_reviewed","not_started","Visual rules require intact/damaged/destroyed; user also requested construction state."
"Tent_Regular","combat.building","Soldier Tent","world building sprite state: damaged","Design/VisualConfigs/Combat_Visual_Config_v0_1.json","tactical gameplay, Build Drawer, Mission objectives","Assets/Game/Art/Generated/CombatCatalog/Buildings/Tent_Regular/Tent_Regular_damaged.png","missing","not_reviewed","not_started","Visual rules require intact/damaged/destroyed; user also requested construction state."
"Tent_Regular","combat.building","Soldier Tent","world building sprite state: destroyed","Design/VisualConfigs/Combat_Visual_Config_v0_1.json","tactical gameplay, Build Drawer, Mission objectives","Assets/Game/Art/Generated/CombatCatalog/Buildings/Tent_Regular/Tent_Regular_destroyed.png","missing","not_reviewed","not_started","Visual rules require intact/damaged/destroyed; user also requested construction state."
"Tent_Regular","combat.building","Soldier Tent","UI/build icon, readable at 48px and 96px","Design/VisualConfigs/Combat_Visual_Config_v0_1.json","Build Drawer, Armory, Rewards, Store","Assets/Game/Art/UI/Generated/CombatCatalog/Icons/Tent_Regular_Icon.png","missing","not_reviewed","not_started","implementedRuntimeReference"
"Unit_Chr_Bombsuit_Male_01","combat.character","Bomb Suit Specialist","final gameplay sprite atlas at actual in-game scale: idle/move/attack/death where applicable, 4-direction minimum, transparent alpha, contact shadow separate or consistent","Design/VisualConfigs/Combat_Visual_Config_v0_1.json","Battle HUD, tactical gameplay, Loadout, Armory","Assets/Game/Art/Generated/CombatCatalog/WorldSprites/Units/Unit_Chr_Bombsuit_Male_01/Unit_Chr_Bombsuit_Male_01_GameplayAtlas.png","missing","not_reviewed","not_started","Existing 3D prefab/runtime reference is not the final approved 2D gameplay atlas."
"Unit_Chr_Bombsuit_Male_01","combat.character","Bomb Suit Specialist","UI icon, readable at 48px and 96px","Design/VisualConfigs/Combat_Visual_Config_v0_1.json","HUD, Loadout, Armory, Store, Reward Unlock","Assets/Game/Art/UI/Generated/CombatCatalog/Icons/Unit_Chr_Bombsuit_Male_01_Icon.png","missing","not_reviewed","not_started","implementedRuntimeReference"
"Unit_Chr_Bombsuit_Male_01","combat.character","Bomb Suit Specialist","UI portrait / card art","Design/VisualConfigs/Combat_Visual_Config_v0_1.json","Loadout, Armory, Mission Briefing, Reward Unlock, Store","Assets/Game/Art/UI/Generated/CombatCatalog/Portraits/Unit_Chr_Bombsuit_Male_01_Portrait.png","missing","not_reviewed","not_started","implementedRuntimeReference"
"Unit_Chr_Civilian_Female_01","combat.character","Civilian Female I","final gameplay sprite atlas at actual in-game scale: idle/move/attack/death where applicable, 4-direction minimum, transparent alpha, contact shadow separate or consistent","Design/VisualConfigs/Combat_Visual_Config_v0_1.json","Battle HUD, tactical gameplay, Loadout, Armory","Assets/Game/Art/Generated/CombatCatalog/WorldSprites/Units/Unit_Chr_Civilian_Female_01/Unit_Chr_Civilian_Female_01_GameplayAtlas.png","missing","not_reviewed","not_started","Existing 3D prefab/runtime reference is not the final approved 2D gameplay atlas."
"Unit_Chr_Civilian_Female_01","combat.character","Civilian Female I","UI icon, readable at 48px and 96px","Design/VisualConfigs/Combat_Visual_Config_v0_1.json","HUD, Loadout, Armory, Store, Reward Unlock","Assets/Game/Art/UI/Generated/CombatCatalog/Icons/Unit_Chr_Civilian_Female_01_Icon.png","missing","not_reviewed","not_started","implementedRuntimeReference"
"Unit_Chr_Civilian_Female_01","combat.character","Civilian Female I","UI portrait / card art","Design/VisualConfigs/Combat_Visual_Config_v0_1.json","Loadout, Armory, Mission Briefing, Reward Unlock, Store","Assets/Game/Art/UI/Generated/CombatCatalog/Portraits/Unit_Chr_Civilian_Female_01_Portrait.png","missing","not_reviewed","not_started","implementedRuntimeReference"
"Unit_Chr_Civilian_Female_02","combat.character","Civilian Female II","final gameplay sprite atlas at actual in-game scale: idle/move/attack/death where applicable, 4-direction minimum, transparent alpha, contact shadow separate or consistent","Design/VisualConfigs/Combat_Visual_Config_v0_1.json","Battle HUD, tactical gameplay, Loadout, Armory","Assets/Game/Art/Generated/CombatCatalog/WorldSprites/Units/Unit_Chr_Civilian_Female_02/Unit_Chr_Civilian_Female_02_GameplayAtlas.png","missing","not_reviewed","not_started","Existing 3D prefab/runtime reference is not the final approved 2D gameplay atlas."
"Unit_Chr_Civilian_Female_02","combat.character","Civilian Female II","UI icon, readable at 48px and 96px","Design/VisualConfigs/Combat_Visual_Config_v0_1.json","HUD, Loadout, Armory, Store, Reward Unlock","Assets/Game/Art/UI/Generated/CombatCatalog/Icons/Unit_Chr_Civilian_Female_02_Icon.png","missing","not_reviewed","not_started","implementedRuntimeReference"
"Unit_Chr_Civilian_Female_02","combat.character","Civilian Female II","UI portrait / card art","Design/VisualConfigs/Combat_Visual_Config_v0_1.json","Loadout, Armory, Mission Briefing, Reward Unlock, Store","Assets/Game/Art/UI/Generated/CombatCatalog/Portraits/Unit_Chr_Civilian_Female_02_Portrait.png","missing","not_reviewed","not_started","implementedRuntimeReference"
"Unit_Chr_Civilian_Male_01","combat.character","Civilian Male I","final gameplay sprite atlas at actual in-game scale: idle/move/attack/death where applicable, 4-direction minimum, transparent alpha, contact shadow separate or consistent","Design/VisualConfigs/Combat_Visual_Config_v0_1.json","Battle HUD, tactical gameplay, Loadout, Armory","Assets/Game/Art/Generated/CombatCatalog/WorldSprites/Units/Unit_Chr_Civilian_Male_01/Unit_Chr_Civilian_Male_01_GameplayAtlas.png","missing","not_reviewed","not_started","Existing 3D prefab/runtime reference is not the final approved 2D gameplay atlas."
"Unit_Chr_Civilian_Male_01","combat.character","Civilian Male I","UI icon, readable at 48px and 96px","Design/VisualConfigs/Combat_Visual_Config_v0_1.json","HUD, Loadout, Armory, Store, Reward Unlock","Assets/Game/Art/UI/Generated/CombatCatalog/Icons/Unit_Chr_Civilian_Male_01_Icon.png","missing","not_reviewed","not_started","implementedRuntimeReference"
"Unit_Chr_Civilian_Male_01","combat.character","Civilian Male I","UI portrait / card art","Design/VisualConfigs/Combat_Visual_Config_v0_1.json","Loadout, Armory, Mission Briefing, Reward Unlock, Store","Assets/Game/Art/UI/Generated/CombatCatalog/Portraits/Unit_Chr_Civilian_Male_01_Portrait.png","missing","not_reviewed","not_started","implementedRuntimeReference"
"Unit_Chr_Civilian_Male_02","combat.character","Civilian Male II","final gameplay sprite atlas at actual in-game scale: idle/move/attack/death where applicable, 4-direction minimum, transparent alpha, contact shadow separate or consistent","Design/VisualConfigs/Combat_Visual_Config_v0_1.json","Battle HUD, tactical gameplay, Loadout, Armory","Assets/Game/Art/Generated/CombatCatalog/WorldSprites/Units/Unit_Chr_Civilian_Male_02/Unit_Chr_Civilian_Male_02_GameplayAtlas.png","missing","not_reviewed","not_started","Existing 3D prefab/runtime reference is not the final approved 2D gameplay atlas."
"Unit_Chr_Civilian_Male_02","combat.character","Civilian Male II","UI icon, readable at 48px and 96px","Design/VisualConfigs/Combat_Visual_Config_v0_1.json","HUD, Loadout, Armory, Store, Reward Unlock","Assets/Game/Art/UI/Generated/CombatCatalog/Icons/Unit_Chr_Civilian_Male_02_Icon.png","missing","not_reviewed","not_started","implementedRuntimeReference"
"Unit_Chr_Civilian_Male_02","combat.character","Civilian Male II","UI portrait / card art","Design/VisualConfigs/Combat_Visual_Config_v0_1.json","Loadout, Armory, Mission Briefing, Reward Unlock, Store","Assets/Game/Art/UI/Generated/CombatCatalog/Portraits/Unit_Chr_Civilian_Male_02_Portrait.png","missing","not_reviewed","not_started","implementedRuntimeReference"
"Unit_Chr_Contractor_Female_01","combat.character","Security Contractor Female I","final gameplay sprite atlas at actual in-game scale: idle/move/attack/death where applicable, 4-direction minimum, transparent alpha, contact shadow separate or consistent","Design/VisualConfigs/Combat_Visual_Config_v0_1.json","Battle HUD, tactical gameplay, Loadout, Armory","Assets/Game/Art/Generated/CombatCatalog/WorldSprites/Units/Unit_Chr_Contractor_Female_01/Unit_Chr_Contractor_Female_01_GameplayAtlas.png","missing","not_reviewed","not_started","Existing 3D prefab/runtime reference is not the final approved 2D gameplay atlas."
"Unit_Chr_Contractor_Female_01","combat.character","Security Contractor Female I","UI icon, readable at 48px and 96px","Design/VisualConfigs/Combat_Visual_Config_v0_1.json","HUD, Loadout, Armory, Store, Reward Unlock","Assets/Game/Art/UI/Generated/CombatCatalog/Icons/Unit_Chr_Contractor_Female_01_Icon.png","missing","not_reviewed","not_started","implementedRuntimeReference"
"Unit_Chr_Contractor_Female_01","combat.character","Security Contractor Female I","UI portrait / card art","Design/VisualConfigs/Combat_Visual_Config_v0_1.json","Loadout, Armory, Mission Briefing, Reward Unlock, Store","Assets/Game/Art/UI/Generated/CombatCatalog/Portraits/Unit_Chr_Contractor_Female_01_Portrait.png","missing","not_reviewed","not_started","implementedRuntimeReference"
"Unit_Chr_Contractor_Male_01","combat.character","Security Contractor Male I","final gameplay sprite atlas at actual in-game scale: idle/move/attack/death where applicable, 4-direction minimum, transparent alpha, contact shadow separate or consistent","Design/VisualConfigs/Combat_Visual_Config_v0_1.json","Battle HUD, tactical gameplay, Loadout, Armory","Assets/Game/Art/Generated/CombatCatalog/WorldSprites/Units/Unit_Chr_Contractor_Male_01/Unit_Chr_Contractor_Male_01_GameplayAtlas.png","missing","not_reviewed","not_started","Existing 3D prefab/runtime reference is not the final approved 2D gameplay atlas."
"Unit_Chr_Contractor_Male_01","combat.character","Security Contractor Male I","UI icon, readable at 48px and 96px","Design/VisualConfigs/Combat_Visual_Config_v0_1.json","HUD, Loadout, Armory, Store, Reward Unlock","Assets/Game/Art/UI/Generated/CombatCatalog/Icons/Unit_Chr_Contractor_Male_01_Icon.png","missing","not_reviewed","not_started","implementedRuntimeReference"
"Unit_Chr_Contractor_Male_01","combat.character","Security Contractor Male I","UI portrait / card art","Design/VisualConfigs/Combat_Visual_Config_v0_1.json","Loadout, Armory, Mission Briefing, Reward Unlock, Store","Assets/Game/Art/UI/Generated/CombatCatalog/Portraits/Unit_Chr_Contractor_Male_01_Portrait.png","missing","not_reviewed","not_started","implementedRuntimeReference"
"Unit_Chr_Contractor_Male_02","combat.character","Security Contractor Male II","final gameplay sprite atlas at actual in-game scale: idle/move/attack/death where applicable, 4-direction minimum, transparent alpha, contact shadow separate or consistent","Design/VisualConfigs/Combat_Visual_Config_v0_1.json","Battle HUD, tactical gameplay, Loadout, Armory","Assets/Game/Art/Generated/CombatCatalog/WorldSprites/Units/Unit_Chr_Contractor_Male_02/Unit_Chr_Contractor_Male_02_GameplayAtlas.png","missing","not_reviewed","not_started","Existing 3D prefab/runtime reference is not the final approved 2D gameplay atlas."
"Unit_Chr_Contractor_Male_02","combat.character","Security Contractor Male II","UI icon, readable at 48px and 96px","Design/VisualConfigs/Combat_Visual_Config_v0_1.json","HUD, Loadout, Armory, Store, Reward Unlock","Assets/Game/Art/UI/Generated/CombatCatalog/Icons/Unit_Chr_Contractor_Male_02_Icon.png","missing","not_reviewed","not_started","implementedRuntimeReference"
"Unit_Chr_Contractor_Male_02","combat.character","Security Contractor Male II","UI portrait / card art","Design/VisualConfigs/Combat_Visual_Config_v0_1.json","Loadout, Armory, Mission Briefing, Reward Unlock, Store","Assets/Game/Art/UI/Generated/CombatCatalog/Portraits/Unit_Chr_Contractor_Male_02_Portrait.png","missing","not_reviewed","not_started","implementedRuntimeReference"
"Unit_Chr_Ghillie_Male_01","combat.character","Ghillie Rocketeer","final gameplay sprite atlas at actual in-game scale: idle/move/attack/death where applicable, 4-direction minimum, transparent alpha, contact shadow separate or consistent","Design/VisualConfigs/Combat_Visual_Config_v0_1.json","Battle HUD, tactical gameplay, Loadout, Armory","Assets/Game/Art/Generated/CombatCatalog/WorldSprites/Units/Unit_Chr_Ghillie_Male_01/Unit_Chr_Ghillie_Male_01_GameplayAtlas.png","missing","not_reviewed","not_started","Existing 3D prefab/runtime reference is not the final approved 2D gameplay atlas."
"Unit_Chr_Ghillie_Male_01","combat.character","Ghillie Rocketeer","UI icon, readable at 48px and 96px","Design/VisualConfigs/Combat_Visual_Config_v0_1.json","HUD, Loadout, Armory, Store, Reward Unlock","Assets/Game/Art/UI/Generated/CombatCatalog/Icons/Unit_Chr_Ghillie_Male_01_Icon.png","missing","not_reviewed","not_started","implementedRuntimeReference"
"Unit_Chr_Ghillie_Male_01","combat.character","Ghillie Rocketeer","UI portrait / card art","Design/VisualConfigs/Combat_Visual_Config_v0_1.json","Loadout, Armory, Mission Briefing, Reward Unlock, Store","Assets/Game/Art/UI/Generated/CombatCatalog/Portraits/Unit_Chr_Ghillie_Male_01_Portrait.png","missing","not_reviewed","not_started","implementedRuntimeReference"
"Unit_Chr_Insurgent_Female_01","combat.character","Insurgent Rifleman Female I","final gameplay sprite atlas at actual in-game scale: idle/move/attack/death where applicable, 4-direction minimum, transparent alpha, contact shadow separate or consistent","Design/VisualConfigs/Combat_Visual_Config_v0_1.json","Battle HUD, tactical gameplay, Loadout, Armory","Assets/Game/Art/Generated/CombatCatalog/WorldSprites/Units/Unit_Chr_Insurgent_Female_01/Unit_Chr_Insurgent_Female_01_GameplayAtlas.png","missing","not_reviewed","not_started","Existing 3D prefab/runtime reference is not the final approved 2D gameplay atlas."
"Unit_Chr_Insurgent_Female_01","combat.character","Insurgent Rifleman Female I","UI icon, readable at 48px and 96px","Design/VisualConfigs/Combat_Visual_Config_v0_1.json","HUD, Loadout, Armory, Store, Reward Unlock","Assets/Game/Art/UI/Generated/CombatCatalog/Icons/Unit_Chr_Insurgent_Female_01_Icon.png","missing","not_reviewed","not_started","implementedRuntimeReference"
"Unit_Chr_Insurgent_Female_01","combat.character","Insurgent Rifleman Female I","UI portrait / card art","Design/VisualConfigs/Combat_Visual_Config_v0_1.json","Loadout, Armory, Mission Briefing, Reward Unlock, Store","Assets/Game/Art/UI/Generated/CombatCatalog/Portraits/Unit_Chr_Insurgent_Female_01_Portrait.png","missing","not_reviewed","not_started","implementedRuntimeReference"
"Unit_Chr_Insurgent_Female_02","combat.character","Insurgent Sidearm Fighter Female II","final gameplay sprite atlas at actual in-game scale: idle/move/attack/death where applicable, 4-direction minimum, transparent alpha, contact shadow separate or consistent","Design/VisualConfigs/Combat_Visual_Config_v0_1.json","Battle HUD, tactical gameplay, Loadout, Armory","Assets/Game/Art/Generated/CombatCatalog/WorldSprites/Units/Unit_Chr_Insurgent_Female_02/Unit_Chr_Insurgent_Female_02_GameplayAtlas.png","missing","not_reviewed","not_started","Existing 3D prefab/runtime reference is not the final approved 2D gameplay atlas."
"Unit_Chr_Insurgent_Female_02","combat.character","Insurgent Sidearm Fighter Female II","UI icon, readable at 48px and 96px","Design/VisualConfigs/Combat_Visual_Config_v0_1.json","HUD, Loadout, Armory, Store, Reward Unlock","Assets/Game/Art/UI/Generated/CombatCatalog/Icons/Unit_Chr_Insurgent_Female_02_Icon.png","missing","not_reviewed","not_started","implementedRuntimeReference"
"Unit_Chr_Insurgent_Female_02","combat.character","Insurgent Sidearm Fighter Female II","UI portrait / card art","Design/VisualConfigs/Combat_Visual_Config_v0_1.json","Loadout, Armory, Mission Briefing, Reward Unlock, Store","Assets/Game/Art/UI/Generated/CombatCatalog/Portraits/Unit_Chr_Insurgent_Female_02_Portrait.png","missing","not_reviewed","not_started","implementedRuntimeReference"
"Unit_Chr_Insurgent_Male_01","combat.character","Insurgent Rocketeer Male I","final gameplay sprite atlas at actual in-game scale: idle/move/attack/death where applicable, 4-direction minimum, transparent alpha, contact shadow separate or consistent","Design/VisualConfigs/Combat_Visual_Config_v0_1.json","Battle HUD, tactical gameplay, Loadout, Armory","Assets/Game/Art/Generated/CombatCatalog/WorldSprites/Units/Unit_Chr_Insurgent_Male_01/Unit_Chr_Insurgent_Male_01_GameplayAtlas.png","missing","not_reviewed","not_started","Existing 3D prefab/runtime reference is not the final approved 2D gameplay atlas."
"Unit_Chr_Insurgent_Male_01","combat.character","Insurgent Rocketeer Male I","UI icon, readable at 48px and 96px","Design/VisualConfigs/Combat_Visual_Config_v0_1.json","HUD, Loadout, Armory, Store, Reward Unlock","Assets/Game/Art/UI/Generated/CombatCatalog/Icons/Unit_Chr_Insurgent_Male_01_Icon.png","missing","not_reviewed","not_started","implementedRuntimeReference"
"Unit_Chr_Insurgent_Male_01","combat.character","Insurgent Rocketeer Male I","UI portrait / card art","Design/VisualConfigs/Combat_Visual_Config_v0_1.json","Loadout, Armory, Mission Briefing, Reward Unlock, Store","Assets/Game/Art/UI/Generated/CombatCatalog/Portraits/Unit_Chr_Insurgent_Male_01_Portrait.png","missing","not_reviewed","not_started","implementedRuntimeReference"
"Unit_Chr_Insurgent_Male_02","combat.character","Insurgent Gunner Male II","final gameplay sprite atlas at actual in-game scale: idle/move/attack/death where applicable, 4-direction minimum, transparent alpha, contact shadow separate or consistent","Design/VisualConfigs/Combat_Visual_Config_v0_1.json","Battle HUD, tactical gameplay, Loadout, Armory","Assets/Game/Art/Generated/CombatCatalog/WorldSprites/Units/Unit_Chr_Insurgent_Male_02/Unit_Chr_Insurgent_Male_02_GameplayAtlas.png","missing","not_reviewed","not_started","Existing 3D prefab/runtime reference is not the final approved 2D gameplay atlas."
"Unit_Chr_Insurgent_Male_02","combat.character","Insurgent Gunner Male II","UI icon, readable at 48px and 96px","Design/VisualConfigs/Combat_Visual_Config_v0_1.json","HUD, Loadout, Armory, Store, Reward Unlock","Assets/Game/Art/UI/Generated/CombatCatalog/Icons/Unit_Chr_Insurgent_Male_02_Icon.png","missing","not_reviewed","not_started","implementedRuntimeReference"
"Unit_Chr_Insurgent_Male_02","combat.character","Insurgent Gunner Male II","UI portrait / card art","Design/VisualConfigs/Combat_Visual_Config_v0_1.json","Loadout, Armory, Mission Briefing, Reward Unlock, Store","Assets/Game/Art/UI/Generated/CombatCatalog/Portraits/Unit_Chr_Insurgent_Male_02_Portrait.png","missing","not_reviewed","not_started","implementedRuntimeReference"
"Unit_Chr_Insurgent_Male_03","combat.character","Insurgent Raider Male III","final gameplay sprite atlas at actual in-game scale: idle/move/attack/death where applicable, 4-direction minimum, transparent alpha, contact shadow separate or consistent","Design/VisualConfigs/Combat_Visual_Config_v0_1.json","Battle HUD, tactical gameplay, Loadout, Armory","Assets/Game/Art/Generated/CombatCatalog/WorldSprites/Units/Unit_Chr_Insurgent_Male_03/Unit_Chr_Insurgent_Male_03_GameplayAtlas.png","missing","not_reviewed","not_started","Existing 3D prefab/runtime reference is not the final approved 2D gameplay atlas."
"Unit_Chr_Insurgent_Male_03","combat.character","Insurgent Raider Male III","UI icon, readable at 48px and 96px","Design/VisualConfigs/Combat_Visual_Config_v0_1.json","HUD, Loadout, Armory, Store, Reward Unlock","Assets/Game/Art/UI/Generated/CombatCatalog/Icons/Unit_Chr_Insurgent_Male_03_Icon.png","missing","not_reviewed","not_started","implementedRuntimeReference"
"Unit_Chr_Insurgent_Male_03","combat.character","Insurgent Raider Male III","UI portrait / card art","Design/VisualConfigs/Combat_Visual_Config_v0_1.json","Loadout, Armory, Mission Briefing, Reward Unlock, Store","Assets/Game/Art/UI/Generated/CombatCatalog/Portraits/Unit_Chr_Insurgent_Male_03_Portrait.png","missing","not_reviewed","not_started","implementedRuntimeReference"
"Unit_Chr_Insurgent_Male_04","combat.character","Insurgent Sniper Male IV","final gameplay sprite atlas at actual in-game scale: idle/move/attack/death where applicable, 4-direction minimum, transparent alpha, contact shadow separate or consistent","Design/VisualConfigs/Combat_Visual_Config_v0_1.json","Battle HUD, tactical gameplay, Loadout, Armory","Assets/Game/Art/Generated/CombatCatalog/WorldSprites/Units/Unit_Chr_Insurgent_Male_04/Unit_Chr_Insurgent_Male_04_GameplayAtlas.png","missing","not_reviewed","not_started","Existing 3D prefab/runtime reference is not the final approved 2D gameplay atlas."
"Unit_Chr_Insurgent_Male_04","combat.character","Insurgent Sniper Male IV","UI icon, readable at 48px and 96px","Design/VisualConfigs/Combat_Visual_Config_v0_1.json","HUD, Loadout, Armory, Store, Reward Unlock","Assets/Game/Art/UI/Generated/CombatCatalog/Icons/Unit_Chr_Insurgent_Male_04_Icon.png","missing","not_reviewed","not_started","implementedRuntimeReference"
"Unit_Chr_Insurgent_Male_04","combat.character","Insurgent Sniper Male IV","UI portrait / card art","Design/VisualConfigs/Combat_Visual_Config_v0_1.json","Loadout, Armory, Mission Briefing, Reward Unlock, Store","Assets/Game/Art/UI/Generated/CombatCatalog/Portraits/Unit_Chr_Insurgent_Male_04_Portrait.png","missing","not_reviewed","not_started","implementedRuntimeReference"
"Unit_Chr_Insurgent_Male_05","combat.character","Insurgent Rifleman Male V","final gameplay sprite atlas at actual in-game scale: idle/move/attack/death where applicable, 4-direction minimum, transparent alpha, contact shadow separate or consistent","Design/VisualConfigs/Combat_Visual_Config_v0_1.json","Battle HUD, tactical gameplay, Loadout, Armory","Assets/Game/Art/Generated/CombatCatalog/WorldSprites/Units/Unit_Chr_Insurgent_Male_05/Unit_Chr_Insurgent_Male_05_GameplayAtlas.png","missing","not_reviewed","not_started","Existing 3D prefab/runtime reference is not the final approved 2D gameplay atlas."
"Unit_Chr_Insurgent_Male_05","combat.character","Insurgent Rifleman Male V","UI icon, readable at 48px and 96px","Design/VisualConfigs/Combat_Visual_Config_v0_1.json","HUD, Loadout, Armory, Store, Reward Unlock","Assets/Game/Art/UI/Generated/CombatCatalog/Icons/Unit_Chr_Insurgent_Male_05_Icon.png","missing","not_reviewed","not_started","implementedRuntimeReference"
"Unit_Chr_Insurgent_Male_05","combat.character","Insurgent Rifleman Male V","UI portrait / card art","Design/VisualConfigs/Combat_Visual_Config_v0_1.json","Loadout, Armory, Mission Briefing, Reward Unlock, Store","Assets/Game/Art/UI/Generated/CombatCatalog/Portraits/Unit_Chr_Insurgent_Male_05_Portrait.png","missing","not_reviewed","not_started","implementedRuntimeReference"
"Unit_Chr_Leader_Male_01","combat.character","Field Commander","final gameplay sprite atlas at actual in-game scale: idle/move/attack/death where applicable, 4-direction minimum, transparent alpha, contact shadow separate or consistent","Design/VisualConfigs/Combat_Visual_Config_v0_1.json","Battle HUD, tactical gameplay, Loadout, Armory","Assets/Game/Art/Generated/CombatCatalog/WorldSprites/Units/Unit_Chr_Leader_Male_01/Unit_Chr_Leader_Male_01_GameplayAtlas.png","missing","not_reviewed","not_started","Existing 3D prefab/runtime reference is not the final approved 2D gameplay atlas."
"Unit_Chr_Leader_Male_01","combat.character","Field Commander","UI icon, readable at 48px and 96px","Design/VisualConfigs/Combat_Visual_Config_v0_1.json","HUD, Loadout, Armory, Store, Reward Unlock","Assets/Game/Art/UI/Generated/CombatCatalog/Icons/Unit_Chr_Leader_Male_01_Icon.png","missing","not_reviewed","not_started","implementedRuntimeReference"
"Unit_Chr_Leader_Male_01","combat.character","Field Commander","UI portrait / card art","Design/VisualConfigs/Combat_Visual_Config_v0_1.json","Loadout, Armory, Mission Briefing, Reward Unlock, Store","Assets/Game/Art/UI/Generated/CombatCatalog/Portraits/Unit_Chr_Leader_Male_01_Portrait.png","missing","not_reviewed","not_started","implementedRuntimeReference"
"Unit_Chr_Pilot_Female_01","combat.character","Pilot Female I","final gameplay sprite atlas at actual in-game scale: idle/move/attack/death where applicable, 4-direction minimum, transparent alpha, contact shadow separate or consistent","Design/VisualConfigs/Combat_Visual_Config_v0_1.json","Battle HUD, tactical gameplay, Loadout, Armory","Assets/Game/Art/Generated/CombatCatalog/WorldSprites/Units/Unit_Chr_Pilot_Female_01/Unit_Chr_Pilot_Female_01_GameplayAtlas.png","missing","not_reviewed","not_started","Existing 3D prefab/runtime reference is not the final approved 2D gameplay atlas."
"Unit_Chr_Pilot_Female_01","combat.character","Pilot Female I","UI icon, readable at 48px and 96px","Design/VisualConfigs/Combat_Visual_Config_v0_1.json","HUD, Loadout, Armory, Store, Reward Unlock","Assets/Game/Art/UI/Generated/CombatCatalog/Icons/Unit_Chr_Pilot_Female_01_Icon.png","missing","not_reviewed","not_started","implementedRuntimeReference"
"Unit_Chr_Pilot_Female_01","combat.character","Pilot Female I","UI portrait / card art","Design/VisualConfigs/Combat_Visual_Config_v0_1.json","Loadout, Armory, Mission Briefing, Reward Unlock, Store","Assets/Game/Art/UI/Generated/CombatCatalog/Portraits/Unit_Chr_Pilot_Female_01_Portrait.png","missing","not_reviewed","not_started","implementedRuntimeReference"
"Unit_Chr_Pilot_Male_01","combat.character","Pilot Male I","final gameplay sprite atlas at actual in-game scale: idle/move/attack/death where applicable, 4-direction minimum, transparent alpha, contact shadow separate or consistent","Design/VisualConfigs/Combat_Visual_Config_v0_1.json","Battle HUD, tactical gameplay, Loadout, Armory","Assets/Game/Art/Generated/CombatCatalog/WorldSprites/Units/Unit_Chr_Pilot_Male_01/Unit_Chr_Pilot_Male_01_GameplayAtlas.png","missing","not_reviewed","not_started","Existing 3D prefab/runtime reference is not the final approved 2D gameplay atlas."
"Unit_Chr_Pilot_Male_01","combat.character","Pilot Male I","UI icon, readable at 48px and 96px","Design/VisualConfigs/Combat_Visual_Config_v0_1.json","HUD, Loadout, Armory, Store, Reward Unlock","Assets/Game/Art/UI/Generated/CombatCatalog/Icons/Unit_Chr_Pilot_Male_01_Icon.png","missing","not_reviewed","not_started","implementedRuntimeReference"
"Unit_Chr_Pilot_Male_01","combat.character","Pilot Male I","UI portrait / card art","Design/VisualConfigs/Combat_Visual_Config_v0_1.json","Loadout, Armory, Mission Briefing, Reward Unlock, Store","Assets/Game/Art/UI/Generated/CombatCatalog/Portraits/Unit_Chr_Pilot_Male_01_Portrait.png","missing","not_reviewed","not_started","implementedRuntimeReference"
"Unit_Chr_Soldier_Female_01","combat.character","Marksman Female I","final gameplay sprite atlas at actual in-game scale: idle/move/attack/death where applicable, 4-direction minimum, transparent alpha, contact shadow separate or consistent","Design/VisualConfigs/Combat_Visual_Config_v0_1.json","Battle HUD, tactical gameplay, Loadout, Armory","Assets/Game/Art/Generated/CombatCatalog/WorldSprites/Units/Unit_Chr_Soldier_Female_01/Unit_Chr_Soldier_Female_01_GameplayAtlas.png","missing","not_reviewed","not_started","Existing 3D prefab/runtime reference is not the final approved 2D gameplay atlas."
"Unit_Chr_Soldier_Female_01","combat.character","Marksman Female I","UI icon, readable at 48px and 96px","Design/VisualConfigs/Combat_Visual_Config_v0_1.json","HUD, Loadout, Armory, Store, Reward Unlock","Assets/Game/Art/UI/Generated/CombatCatalog/Icons/Unit_Chr_Soldier_Female_01_Icon.png","missing","not_reviewed","not_started","implementedRuntimeReference"
"Unit_Chr_Soldier_Female_01","combat.character","Marksman Female I","UI portrait / card art","Design/VisualConfigs/Combat_Visual_Config_v0_1.json","Loadout, Armory, Mission Briefing, Reward Unlock, Store","Assets/Game/Art/UI/Generated/CombatCatalog/Portraits/Unit_Chr_Soldier_Female_01_Portrait.png","missing","not_reviewed","not_started","implementedRuntimeReference"
"Unit_Chr_Soldier_Female_01_Alt_01","combat.character","Rifleman Female I","final gameplay sprite atlas at actual in-game scale: idle/move/attack/death where applicable, 4-direction minimum, transparent alpha, contact shadow separate or consistent","Design/VisualConfigs/Combat_Visual_Config_v0_1.json","Battle HUD, tactical gameplay, Loadout, Armory","Assets/Game/Art/Generated/CombatCatalog/WorldSprites/Units/Unit_Chr_Soldier_Female_01_Alt_01/Unit_Chr_Soldier_Female_01_Alt_01_GameplayAtlas.png","missing","not_reviewed","not_started","Existing 3D prefab/runtime reference is not the final approved 2D gameplay atlas."
"Unit_Chr_Soldier_Female_01_Alt_01","combat.character","Rifleman Female I","UI icon, readable at 48px and 96px","Design/VisualConfigs/Combat_Visual_Config_v0_1.json","HUD, Loadout, Armory, Store, Reward Unlock","Assets/Game/Art/UI/Generated/CombatCatalog/Icons/Unit_Chr_Soldier_Female_01_Alt_01_Icon.png","missing","not_reviewed","not_started","implementedRuntimeReference"
"Unit_Chr_Soldier_Female_01_Alt_01","combat.character","Rifleman Female I","UI portrait / card art","Design/VisualConfigs/Combat_Visual_Config_v0_1.json","Loadout, Armory, Mission Briefing, Reward Unlock, Store","Assets/Game/Art/UI/Generated/CombatCatalog/Portraits/Unit_Chr_Soldier_Female_01_Alt_01_Portrait.png","missing","not_reviewed","not_started","implementedRuntimeReference"
"Unit_Chr_Soldier_Female_01_Alt_02","combat.character","Marksman Female II","final gameplay sprite atlas at actual in-game scale: idle/move/attack/death where applicable, 4-direction minimum, transparent alpha, contact shadow separate or consistent","Design/VisualConfigs/Combat_Visual_Config_v0_1.json","Battle HUD, tactical gameplay, Loadout, Armory","Assets/Game/Art/Generated/CombatCatalog/WorldSprites/Units/Unit_Chr_Soldier_Female_01_Alt_02/Unit_Chr_Soldier_Female_01_Alt_02_GameplayAtlas.png","missing","not_reviewed","not_started","Existing 3D prefab/runtime reference is not the final approved 2D gameplay atlas."
"Unit_Chr_Soldier_Female_01_Alt_02","combat.character","Marksman Female II","UI icon, readable at 48px and 96px","Design/VisualConfigs/Combat_Visual_Config_v0_1.json","HUD, Loadout, Armory, Store, Reward Unlock","Assets/Game/Art/UI/Generated/CombatCatalog/Icons/Unit_Chr_Soldier_Female_01_Alt_02_Icon.png","missing","not_reviewed","not_started","implementedRuntimeReference"
"Unit_Chr_Soldier_Female_01_Alt_02","combat.character","Marksman Female II","UI portrait / card art","Design/VisualConfigs/Combat_Visual_Config_v0_1.json","Loadout, Armory, Mission Briefing, Reward Unlock, Store","Assets/Game/Art/UI/Generated/CombatCatalog/Portraits/Unit_Chr_Soldier_Female_01_Alt_02_Portrait.png","missing","not_reviewed","not_started","implementedRuntimeReference"
"Unit_Chr_Soldier_Female_02","combat.character","Rifleman Female II","final gameplay sprite atlas at actual in-game scale: idle/move/attack/death where applicable, 4-direction minimum, transparent alpha, contact shadow separate or consistent","Design/VisualConfigs/Combat_Visual_Config_v0_1.json","Battle HUD, tactical gameplay, Loadout, Armory","Assets/Game/Art/Generated/CombatCatalog/WorldSprites/Units/Unit_Chr_Soldier_Female_02/Unit_Chr_Soldier_Female_02_GameplayAtlas.png","missing","not_reviewed","not_started","Existing 3D prefab/runtime reference is not the final approved 2D gameplay atlas."
"Unit_Chr_Soldier_Female_02","combat.character","Rifleman Female II","UI icon, readable at 48px and 96px","Design/VisualConfigs/Combat_Visual_Config_v0_1.json","HUD, Loadout, Armory, Store, Reward Unlock","Assets/Game/Art/UI/Generated/CombatCatalog/Icons/Unit_Chr_Soldier_Female_02_Icon.png","missing","not_reviewed","not_started","implementedRuntimeReference"
"Unit_Chr_Soldier_Female_02","combat.character","Rifleman Female II","UI portrait / card art","Design/VisualConfigs/Combat_Visual_Config_v0_1.json","Loadout, Armory, Mission Briefing, Reward Unlock, Store","Assets/Game/Art/UI/Generated/CombatCatalog/Portraits/Unit_Chr_Soldier_Female_02_Portrait.png","missing","not_reviewed","not_started","implementedRuntimeReference"
"Unit_Chr_Soldier_Female_02_Alt_01","combat.character","Rifleman Female I","final gameplay sprite atlas at actual in-game scale: idle/move/attack/death where applicable, 4-direction minimum, transparent alpha, contact shadow separate or consistent","Design/VisualConfigs/Combat_Visual_Config_v0_1.json","Battle HUD, tactical gameplay, Loadout, Armory","Assets/Game/Art/Generated/CombatCatalog/WorldSprites/Units/Unit_Chr_Soldier_Female_02_Alt_01/Unit_Chr_Soldier_Female_02_Alt_01_GameplayAtlas.png","missing","not_reviewed","not_started","Existing 3D prefab/runtime reference is not the final approved 2D gameplay atlas."
"Unit_Chr_Soldier_Female_02_Alt_01","combat.character","Rifleman Female I","UI icon, readable at 48px and 96px","Design/VisualConfigs/Combat_Visual_Config_v0_1.json","HUD, Loadout, Armory, Store, Reward Unlock","Assets/Game/Art/UI/Generated/CombatCatalog/Icons/Unit_Chr_Soldier_Female_02_Alt_01_Icon.png","missing","not_reviewed","not_started","implementedRuntimeReference"
"Unit_Chr_Soldier_Female_02_Alt_01","combat.character","Rifleman Female I","UI portrait / card art","Design/VisualConfigs/Combat_Visual_Config_v0_1.json","Loadout, Armory, Mission Briefing, Reward Unlock, Store","Assets/Game/Art/UI/Generated/CombatCatalog/Portraits/Unit_Chr_Soldier_Female_02_Alt_01_Portrait.png","missing","not_reviewed","not_started","implementedRuntimeReference"
"Unit_Chr_Soldier_Female_02_Alt_02","combat.character","Assault Breacher Female II","final gameplay sprite atlas at actual in-game scale: idle/move/attack/death where applicable, 4-direction minimum, transparent alpha, contact shadow separate or consistent","Design/VisualConfigs/Combat_Visual_Config_v0_1.json","Battle HUD, tactical gameplay, Loadout, Armory","Assets/Game/Art/Generated/CombatCatalog/WorldSprites/Units/Unit_Chr_Soldier_Female_02_Alt_02/Unit_Chr_Soldier_Female_02_Alt_02_GameplayAtlas.png","missing","not_reviewed","not_started","Existing 3D prefab/runtime reference is not the final approved 2D gameplay atlas."
"Unit_Chr_Soldier_Female_02_Alt_02","combat.character","Assault Breacher Female II","UI icon, readable at 48px and 96px","Design/VisualConfigs/Combat_Visual_Config_v0_1.json","HUD, Loadout, Armory, Store, Reward Unlock","Assets/Game/Art/UI/Generated/CombatCatalog/Icons/Unit_Chr_Soldier_Female_02_Alt_02_Icon.png","missing","not_reviewed","not_started","implementedRuntimeReference"
"Unit_Chr_Soldier_Female_02_Alt_02","combat.character","Assault Breacher Female II","UI portrait / card art","Design/VisualConfigs/Combat_Visual_Config_v0_1.json","Loadout, Armory, Mission Briefing, Reward Unlock, Store","Assets/Game/Art/UI/Generated/CombatCatalog/Portraits/Unit_Chr_Soldier_Female_02_Alt_02_Portrait.png","missing","not_reviewed","not_started","implementedRuntimeReference"
"Unit_Chr_Soldier_Male_01","combat.character","Heavy Gunner Male I","final gameplay sprite atlas at actual in-game scale: idle/move/attack/death where applicable, 4-direction minimum, transparent alpha, contact shadow separate or consistent","Design/VisualConfigs/Combat_Visual_Config_v0_1.json","Battle HUD, tactical gameplay, Loadout, Armory","Assets/Game/Art/Generated/CombatCatalog/WorldSprites/Units/Unit_Chr_Soldier_Male_01/Unit_Chr_Soldier_Male_01_GameplayAtlas.png","missing","not_reviewed","not_started","Existing 3D prefab/runtime reference is not the final approved 2D gameplay atlas."
"Unit_Chr_Soldier_Male_01","combat.character","Heavy Gunner Male I","UI icon, readable at 48px and 96px","Design/VisualConfigs/Combat_Visual_Config_v0_1.json","HUD, Loadout, Armory, Store, Reward Unlock","Assets/Game/Art/UI/Generated/CombatCatalog/Icons/Unit_Chr_Soldier_Male_01_Icon.png","missing","not_reviewed","not_started","implementedRuntimeReference"
"Unit_Chr_Soldier_Male_01","combat.character","Heavy Gunner Male I","UI portrait / card art","Design/VisualConfigs/Combat_Visual_Config_v0_1.json","Loadout, Armory, Mission Briefing, Reward Unlock, Store","Assets/Game/Art/UI/Generated/CombatCatalog/Portraits/Unit_Chr_Soldier_Male_01_Portrait.png","missing","not_reviewed","not_started","implementedRuntimeReference"
"Unit_Chr_Soldier_Male_01_Alt_01","combat.character","Marksman Male I","final gameplay sprite atlas at actual in-game scale: idle/move/attack/death where applicable, 4-direction minimum, transparent alpha, contact shadow separate or consistent","Design/VisualConfigs/Combat_Visual_Config_v0_1.json","Battle HUD, tactical gameplay, Loadout, Armory","Assets/Game/Art/Generated/CombatCatalog/WorldSprites/Units/Unit_Chr_Soldier_Male_01_Alt_01/Unit_Chr_Soldier_Male_01_Alt_01_GameplayAtlas.png","missing","not_reviewed","not_started","Existing 3D prefab/runtime reference is not the final approved 2D gameplay atlas."
"Unit_Chr_Soldier_Male_01_Alt_01","combat.character","Marksman Male I","UI icon, readable at 48px and 96px","Design/VisualConfigs/Combat_Visual_Config_v0_1.json","HUD, Loadout, Armory, Store, Reward Unlock","Assets/Game/Art/UI/Generated/CombatCatalog/Icons/Unit_Chr_Soldier_Male_01_Alt_01_Icon.png","missing","not_reviewed","not_started","implementedRuntimeReference"
"Unit_Chr_Soldier_Male_01_Alt_01","combat.character","Marksman Male I","UI portrait / card art","Design/VisualConfigs/Combat_Visual_Config_v0_1.json","Loadout, Armory, Mission Briefing, Reward Unlock, Store","Assets/Game/Art/UI/Generated/CombatCatalog/Portraits/Unit_Chr_Soldier_Male_01_Alt_01_Portrait.png","missing","not_reviewed","not_started","implementedRuntimeReference"
"Unit_Chr_Soldier_Male_01_Alt_02","combat.character","Advanced Rifleman Male II","final gameplay sprite atlas at actual in-game scale: idle/move/attack/death where applicable, 4-direction minimum, transparent alpha, contact shadow separate or consistent","Design/VisualConfigs/Combat_Visual_Config_v0_1.json","Battle HUD, tactical gameplay, Loadout, Armory","Assets/Game/Art/Generated/CombatCatalog/WorldSprites/Units/Unit_Chr_Soldier_Male_01_Alt_02/Unit_Chr_Soldier_Male_01_Alt_02_GameplayAtlas.png","missing","not_reviewed","not_started","Existing 3D prefab/runtime reference is not the final approved 2D gameplay atlas."
"Unit_Chr_Soldier_Male_01_Alt_02","combat.character","Advanced Rifleman Male II","UI icon, readable at 48px and 96px","Design/VisualConfigs/Combat_Visual_Config_v0_1.json","HUD, Loadout, Armory, Store, Reward Unlock","Assets/Game/Art/UI/Generated/CombatCatalog/Icons/Unit_Chr_Soldier_Male_01_Alt_02_Icon.png","missing","not_reviewed","not_started","implementedRuntimeReference"
"Unit_Chr_Soldier_Male_01_Alt_02","combat.character","Advanced Rifleman Male II","UI portrait / card art","Design/VisualConfigs/Combat_Visual_Config_v0_1.json","Loadout, Armory, Mission Briefing, Reward Unlock, Store","Assets/Game/Art/UI/Generated/CombatCatalog/Portraits/Unit_Chr_Soldier_Male_01_Alt_02_Portrait.png","missing","not_reviewed","not_started","implementedRuntimeReference"
"Unit_Chr_Soldier_Male_02","combat.character","Rifleman Male II","final gameplay sprite atlas at actual in-game scale: idle/move/attack/death where applicable, 4-direction minimum, transparent alpha, contact shadow separate or consistent","Design/VisualConfigs/Combat_Visual_Config_v0_1.json","Battle HUD, tactical gameplay, Loadout, Armory","Assets/Game/Art/Generated/CombatCatalog/WorldSprites/Units/Unit_Chr_Soldier_Male_02/Unit_Chr_Soldier_Male_02_GameplayAtlas.png","missing","not_reviewed","not_started","Existing 3D prefab/runtime reference is not the final approved 2D gameplay atlas."
"Unit_Chr_Soldier_Male_02","combat.character","Rifleman Male II","UI icon, readable at 48px and 96px","Design/VisualConfigs/Combat_Visual_Config_v0_1.json","HUD, Loadout, Armory, Store, Reward Unlock","Assets/Game/Art/UI/Generated/CombatCatalog/Icons/Unit_Chr_Soldier_Male_02_Icon.png","missing","not_reviewed","not_started","implementedRuntimeReference"
"Unit_Chr_Soldier_Male_02","combat.character","Rifleman Male II","UI portrait / card art","Design/VisualConfigs/Combat_Visual_Config_v0_1.json","Loadout, Armory, Mission Briefing, Reward Unlock, Store","Assets/Game/Art/UI/Generated/CombatCatalog/Portraits/Unit_Chr_Soldier_Male_02_Portrait.png","missing","not_reviewed","not_started","implementedRuntimeReference"
"Unit_Chr_Soldier_Male_02_Alt_01","combat.character","Sidearm Specialist Male I","final gameplay sprite atlas at actual in-game scale: idle/move/attack/death where applicable, 4-direction minimum, transparent alpha, contact shadow separate or consistent","Design/VisualConfigs/Combat_Visual_Config_v0_1.json","Battle HUD, tactical gameplay, Loadout, Armory","Assets/Game/Art/Generated/CombatCatalog/WorldSprites/Units/Unit_Chr_Soldier_Male_02_Alt_01/Unit_Chr_Soldier_Male_02_Alt_01_GameplayAtlas.png","missing","not_reviewed","not_started","Existing 3D prefab/runtime reference is not the final approved 2D gameplay atlas."
"Unit_Chr_Soldier_Male_02_Alt_01","combat.character","Sidearm Specialist Male I","UI icon, readable at 48px and 96px","Design/VisualConfigs/Combat_Visual_Config_v0_1.json","HUD, Loadout, Armory, Store, Reward Unlock","Assets/Game/Art/UI/Generated/CombatCatalog/Icons/Unit_Chr_Soldier_Male_02_Alt_01_Icon.png","missing","not_reviewed","not_started","implementedRuntimeReference"
"Unit_Chr_Soldier_Male_02_Alt_01","combat.character","Sidearm Specialist Male I","UI portrait / card art","Design/VisualConfigs/Combat_Visual_Config_v0_1.json","Loadout, Armory, Mission Briefing, Reward Unlock, Store","Assets/Game/Art/UI/Generated/CombatCatalog/Portraits/Unit_Chr_Soldier_Male_02_Alt_01_Portrait.png","missing","not_reviewed","not_started","implementedRuntimeReference"
"Unit_Chr_Soldier_Male_02_Alt_02","combat.character","Rifleman Male II","final gameplay sprite atlas at actual in-game scale: idle/move/attack/death where applicable, 4-direction minimum, transparent alpha, contact shadow separate or consistent","Design/VisualConfigs/Combat_Visual_Config_v0_1.json","Battle HUD, tactical gameplay, Loadout, Armory","Assets/Game/Art/Generated/CombatCatalog/WorldSprites/Units/Unit_Chr_Soldier_Male_02_Alt_02/Unit_Chr_Soldier_Male_02_Alt_02_GameplayAtlas.png","missing","not_reviewed","not_started","Existing 3D prefab/runtime reference is not the final approved 2D gameplay atlas."
"Unit_Chr_Soldier_Male_02_Alt_02","combat.character","Rifleman Male II","UI icon, readable at 48px and 96px","Design/VisualConfigs/Combat_Visual_Config_v0_1.json","HUD, Loadout, Armory, Store, Reward Unlock","Assets/Game/Art/UI/Generated/CombatCatalog/Icons/Unit_Chr_Soldier_Male_02_Alt_02_Icon.png","missing","not_reviewed","not_started","implementedRuntimeReference"
"Unit_Chr_Soldier_Male_02_Alt_02","combat.character","Rifleman Male II","UI portrait / card art","Design/VisualConfigs/Combat_Visual_Config_v0_1.json","Loadout, Armory, Mission Briefing, Reward Unlock, Store","Assets/Game/Art/UI/Generated/CombatCatalog/Portraits/Unit_Chr_Soldier_Male_02_Alt_02_Portrait.png","missing","not_reviewed","not_started","implementedRuntimeReference"
"Unit_Chr_Soldier_Male_02_Alt_03","combat.character","Sidearm Specialist Male III","final gameplay sprite atlas at actual in-game scale: idle/move/attack/death where applicable, 4-direction minimum, transparent alpha, contact shadow separate or consistent","Design/VisualConfigs/Combat_Visual_Config_v0_1.json","Battle HUD, tactical gameplay, Loadout, Armory","Assets/Game/Art/Generated/CombatCatalog/WorldSprites/Units/Unit_Chr_Soldier_Male_02_Alt_03/Unit_Chr_Soldier_Male_02_Alt_03_GameplayAtlas.png","missing","not_reviewed","not_started","Existing 3D prefab/runtime reference is not the final approved 2D gameplay atlas."
"Unit_Chr_Soldier_Male_02_Alt_03","combat.character","Sidearm Specialist Male III","UI icon, readable at 48px and 96px","Design/VisualConfigs/Combat_Visual_Config_v0_1.json","HUD, Loadout, Armory, Store, Reward Unlock","Assets/Game/Art/UI/Generated/CombatCatalog/Icons/Unit_Chr_Soldier_Male_02_Alt_03_Icon.png","missing","not_reviewed","not_started","implementedRuntimeReference"
"Unit_Chr_Soldier_Male_02_Alt_03","combat.character","Sidearm Specialist Male III","UI portrait / card art","Design/VisualConfigs/Combat_Visual_Config_v0_1.json","Loadout, Armory, Mission Briefing, Reward Unlock, Store","Assets/Game/Art/UI/Generated/CombatCatalog/Portraits/Unit_Chr_Soldier_Male_02_Alt_03_Portrait.png","missing","not_reviewed","not_started","implementedRuntimeReference"
"Unit_Chr_Soldier_Male_02_Alt_04","combat.character","Rifleman Male IV","final gameplay sprite atlas at actual in-game scale: idle/move/attack/death where applicable, 4-direction minimum, transparent alpha, contact shadow separate or consistent","Design/VisualConfigs/Combat_Visual_Config_v0_1.json","Battle HUD, tactical gameplay, Loadout, Armory","Assets/Game/Art/Generated/CombatCatalog/WorldSprites/Units/Unit_Chr_Soldier_Male_02_Alt_04/Unit_Chr_Soldier_Male_02_Alt_04_GameplayAtlas.png","missing","not_reviewed","not_started","Existing 3D prefab/runtime reference is not the final approved 2D gameplay atlas."
"Unit_Chr_Soldier_Male_02_Alt_04","combat.character","Rifleman Male IV","UI icon, readable at 48px and 96px","Design/VisualConfigs/Combat_Visual_Config_v0_1.json","HUD, Loadout, Armory, Store, Reward Unlock","Assets/Game/Art/UI/Generated/CombatCatalog/Icons/Unit_Chr_Soldier_Male_02_Alt_04_Icon.png","missing","not_reviewed","not_started","implementedRuntimeReference"
"Unit_Chr_Soldier_Male_02_Alt_04","combat.character","Rifleman Male IV","UI portrait / card art","Design/VisualConfigs/Combat_Visual_Config_v0_1.json","Loadout, Armory, Mission Briefing, Reward Unlock, Store","Assets/Game/Art/UI/Generated/CombatCatalog/Portraits/Unit_Chr_Soldier_Male_02_Alt_04_Portrait.png","missing","not_reviewed","not_started","implementedRuntimeReference"
"Unit_Sea_Coastal_Cutter","combat.seaVehicle","Coastal Cutter","final gameplay sprite atlas at actual in-game scale: idle/move/attack/death where applicable, 4-direction minimum, transparent alpha, contact shadow separate or consistent","Design/VisualConfigs/Combat_Visual_Config_v0_1.json","Battle HUD, tactical gameplay, Loadout, Armory","Assets/Game/Art/Generated/CombatCatalog/WorldSprites/SeaVehicles/Unit_Sea_Coastal_Cutter/Unit_Sea_Coastal_Cutter_GameplayAtlas.png","missing","not_reviewed","not_started","Existing 3D prefab/runtime reference is not the final approved 2D gameplay atlas."
"Unit_Sea_Coastal_Cutter","combat.seaVehicle","Coastal Cutter","UI icon, readable at 48px and 96px","Design/VisualConfigs/Combat_Visual_Config_v0_1.json","HUD, Loadout, Armory, Store, Reward Unlock","Assets/Game/Art/UI/Generated/CombatCatalog/Icons/Unit_Sea_Coastal_Cutter_Icon.png","missing","not_reviewed","not_started","needsProductionAsset"
"Unit_Sea_Coastal_Cutter","combat.seaVehicle","Coastal Cutter","UI portrait / card art","Design/VisualConfigs/Combat_Visual_Config_v0_1.json","Loadout, Armory, Mission Briefing, Reward Unlock, Store","Assets/Game/Art/UI/Generated/CombatCatalog/Portraits/Unit_Sea_Coastal_Cutter_Portrait.png","missing","not_reviewed","not_started","needsProductionAsset"
"Unit_Sea_Drone_Boat","combat.seaVehicle","Drone Survey Boat","final gameplay sprite atlas at actual in-game scale: idle/move/attack/death where applicable, 4-direction minimum, transparent alpha, contact shadow separate or consistent","Design/VisualConfigs/Combat_Visual_Config_v0_1.json","Battle HUD, tactical gameplay, Loadout, Armory","Assets/Game/Art/Generated/CombatCatalog/WorldSprites/SeaVehicles/Unit_Sea_Drone_Boat/Unit_Sea_Drone_Boat_GameplayAtlas.png","missing","not_reviewed","not_started","Existing 3D prefab/runtime reference is not the final approved 2D gameplay atlas."
"Unit_Sea_Drone_Boat","combat.seaVehicle","Drone Survey Boat","UI icon, readable at 48px and 96px","Design/VisualConfigs/Combat_Visual_Config_v0_1.json","HUD, Loadout, Armory, Store, Reward Unlock","Assets/Game/Art/UI/Generated/CombatCatalog/Icons/Unit_Sea_Drone_Boat_Icon.png","missing","not_reviewed","not_started","needsProductionAsset"
"Unit_Sea_Drone_Boat","combat.seaVehicle","Drone Survey Boat","UI portrait / card art","Design/VisualConfigs/Combat_Visual_Config_v0_1.json","Loadout, Armory, Mission Briefing, Reward Unlock, Store","Assets/Game/Art/UI/Generated/CombatCatalog/Portraits/Unit_Sea_Drone_Boat_Portrait.png","missing","not_reviewed","not_started","needsProductionAsset"
"Unit_Sea_Interceptor_Boat","combat.seaVehicle","Fast Interceptor Boat","final gameplay sprite atlas at actual in-game scale: idle/move/attack/death where applicable, 4-direction minimum, transparent alpha, contact shadow separate or consistent","Design/VisualConfigs/Combat_Visual_Config_v0_1.json","Battle HUD, tactical gameplay, Loadout, Armory","Assets/Game/Art/Generated/CombatCatalog/WorldSprites/SeaVehicles/Unit_Sea_Interceptor_Boat/Unit_Sea_Interceptor_Boat_GameplayAtlas.png","missing","not_reviewed","not_started","Existing 3D prefab/runtime reference is not the final approved 2D gameplay atlas."
"Unit_Sea_Interceptor_Boat","combat.seaVehicle","Fast Interceptor Boat","UI icon, readable at 48px and 96px","Design/VisualConfigs/Combat_Visual_Config_v0_1.json","HUD, Loadout, Armory, Store, Reward Unlock","Assets/Game/Art/UI/Generated/CombatCatalog/Icons/Unit_Sea_Interceptor_Boat_Icon.png","missing","not_reviewed","not_started","needsProductionAsset"
"Unit_Sea_Interceptor_Boat","combat.seaVehicle","Fast Interceptor Boat","UI portrait / card art","Design/VisualConfigs/Combat_Visual_Config_v0_1.json","Loadout, Armory, Mission Briefing, Reward Unlock, Store","Assets/Game/Art/UI/Generated/CombatCatalog/Portraits/Unit_Sea_Interceptor_Boat_Portrait.png","missing","not_reviewed","not_started","needsProductionAsset"
"Unit_Sea_Landing_Craft","combat.seaVehicle","Landing Craft","final gameplay sprite atlas at actual in-game scale: idle/move/attack/death where applicable, 4-direction minimum, transparent alpha, contact shadow separate or consistent","Design/VisualConfigs/Combat_Visual_Config_v0_1.json","Battle HUD, tactical gameplay, Loadout, Armory","Assets/Game/Art/Generated/CombatCatalog/WorldSprites/SeaVehicles/Unit_Sea_Landing_Craft/Unit_Sea_Landing_Craft_GameplayAtlas.png","missing","not_reviewed","not_started","Existing 3D prefab/runtime reference is not the final approved 2D gameplay atlas."
"Unit_Sea_Landing_Craft","combat.seaVehicle","Landing Craft","UI icon, readable at 48px and 96px","Design/VisualConfigs/Combat_Visual_Config_v0_1.json","HUD, Loadout, Armory, Store, Reward Unlock","Assets/Game/Art/UI/Generated/CombatCatalog/Icons/Unit_Sea_Landing_Craft_Icon.png","missing","not_reviewed","not_started","needsProductionAsset"
"Unit_Sea_Landing_Craft","combat.seaVehicle","Landing Craft","UI portrait / card art","Design/VisualConfigs/Combat_Visual_Config_v0_1.json","Loadout, Armory, Mission Briefing, Reward Unlock, Store","Assets/Game/Art/UI/Generated/CombatCatalog/Portraits/Unit_Sea_Landing_Craft_Portrait.png","missing","not_reviewed","not_started","needsProductionAsset"
"Unit_Sea_Missile_Craft","combat.seaVehicle","Missile Patrol Craft","final gameplay sprite atlas at actual in-game scale: idle/move/attack/death where applicable, 4-direction minimum, transparent alpha, contact shadow separate or consistent","Design/VisualConfigs/Combat_Visual_Config_v0_1.json","Battle HUD, tactical gameplay, Loadout, Armory","Assets/Game/Art/Generated/CombatCatalog/WorldSprites/SeaVehicles/Unit_Sea_Missile_Craft/Unit_Sea_Missile_Craft_GameplayAtlas.png","missing","not_reviewed","not_started","Existing 3D prefab/runtime reference is not the final approved 2D gameplay atlas."
"Unit_Sea_Missile_Craft","combat.seaVehicle","Missile Patrol Craft","UI icon, readable at 48px and 96px","Design/VisualConfigs/Combat_Visual_Config_v0_1.json","HUD, Loadout, Armory, Store, Reward Unlock","Assets/Game/Art/UI/Generated/CombatCatalog/Icons/Unit_Sea_Missile_Craft_Icon.png","missing","not_reviewed","not_started","needsProductionAsset"
"Unit_Sea_Missile_Craft","combat.seaVehicle","Missile Patrol Craft","UI portrait / card art","Design/VisualConfigs/Combat_Visual_Config_v0_1.json","Loadout, Armory, Mission Briefing, Reward Unlock, Store","Assets/Game/Art/UI/Generated/CombatCatalog/Portraits/Unit_Sea_Missile_Craft_Portrait.png","missing","not_reviewed","not_started","needsProductionAsset"
"Unit_Sea_Patrol_Boat","combat.seaVehicle","Harbor Patrol Boat","final gameplay sprite atlas at actual in-game scale: idle/move/attack/death where applicable, 4-direction minimum, transparent alpha, contact shadow separate or consistent","Design/VisualConfigs/Combat_Visual_Config_v0_1.json","Battle HUD, tactical gameplay, Loadout, Armory","Assets/Game/Art/Generated/CombatCatalog/WorldSprites/SeaVehicles/Unit_Sea_Patrol_Boat/Unit_Sea_Patrol_Boat_GameplayAtlas.png","missing","not_reviewed","not_started","Existing 3D prefab/runtime reference is not the final approved 2D gameplay atlas."
"Unit_Sea_Patrol_Boat","combat.seaVehicle","Harbor Patrol Boat","UI icon, readable at 48px and 96px","Design/VisualConfigs/Combat_Visual_Config_v0_1.json","HUD, Loadout, Armory, Store, Reward Unlock","Assets/Game/Art/UI/Generated/CombatCatalog/Icons/Unit_Sea_Patrol_Boat_Icon.png","missing","not_reviewed","not_started","needsProductionAsset"
"Unit_Sea_Patrol_Boat","combat.seaVehicle","Harbor Patrol Boat","UI portrait / card art","Design/VisualConfigs/Combat_Visual_Config_v0_1.json","Loadout, Armory, Mission Briefing, Reward Unlock, Store","Assets/Game/Art/UI/Generated/CombatCatalog/Portraits/Unit_Sea_Patrol_Boat_Portrait.png","missing","not_reviewed","not_started","needsProductionAsset"
"Unit_Veh_APC_Fast","combat.vehicle","Fast APC","final gameplay sprite atlas at actual in-game scale: idle/move/attack/death where applicable, 4-direction minimum, transparent alpha, contact shadow separate or consistent","Design/VisualConfigs/Combat_Visual_Config_v0_1.json","Battle HUD, tactical gameplay, Loadout, Armory","Assets/Game/Art/Generated/CombatCatalog/WorldSprites/Vehicles/Unit_Veh_APC_Fast/Unit_Veh_APC_Fast_GameplayAtlas.png","missing","not_reviewed","not_started","Existing 3D prefab/runtime reference is not the final approved 2D gameplay atlas."
"Unit_Veh_APC_Fast","combat.vehicle","Fast APC","UI icon, readable at 48px and 96px","Design/VisualConfigs/Combat_Visual_Config_v0_1.json","HUD, Loadout, Armory, Store, Reward Unlock","Assets/Game/Art/UI/Generated/CombatCatalog/Icons/Unit_Veh_APC_Fast_Icon.png","missing","not_reviewed","not_started","implementedRuntimeReference"
"Unit_Veh_APC_Fast","combat.vehicle","Fast APC","UI portrait / card art","Design/VisualConfigs/Combat_Visual_Config_v0_1.json","Loadout, Armory, Mission Briefing, Reward Unlock, Store","Assets/Game/Art/UI/Generated/CombatCatalog/Portraits/Unit_Veh_APC_Fast_Portrait.png","missing","not_reviewed","not_started","implementedRuntimeReference"
"Unit_Veh_APC_Heavy","combat.vehicle","Heavy APC","final gameplay sprite atlas at actual in-game scale: idle/move/attack/death where applicable, 4-direction minimum, transparent alpha, contact shadow separate or consistent","Design/VisualConfigs/Combat_Visual_Config_v0_1.json","Battle HUD, tactical gameplay, Loadout, Armory","Assets/Game/Art/Generated/CombatCatalog/WorldSprites/Vehicles/Unit_Veh_APC_Heavy/Unit_Veh_APC_Heavy_GameplayAtlas.png","missing","not_reviewed","not_started","Existing 3D prefab/runtime reference is not the final approved 2D gameplay atlas."
"Unit_Veh_APC_Heavy","combat.vehicle","Heavy APC","UI icon, readable at 48px and 96px","Design/VisualConfigs/Combat_Visual_Config_v0_1.json","HUD, Loadout, Armory, Store, Reward Unlock","Assets/Game/Art/UI/Generated/CombatCatalog/Icons/Unit_Veh_APC_Heavy_Icon.png","missing","not_reviewed","not_started","implementedRuntimeReference"
"Unit_Veh_APC_Heavy","combat.vehicle","Heavy APC","UI portrait / card art","Design/VisualConfigs/Combat_Visual_Config_v0_1.json","Loadout, Armory, Mission Briefing, Reward Unlock, Store","Assets/Game/Art/UI/Generated/CombatCatalog/Portraits/Unit_Veh_APC_Heavy_Portrait.png","missing","not_reviewed","not_started","implementedRuntimeReference"
"Unit_Veh_APC_Slow","combat.vehicle","Armored APC","final gameplay sprite atlas at actual in-game scale: idle/move/attack/death where applicable, 4-direction minimum, transparent alpha, contact shadow separate or consistent","Design/VisualConfigs/Combat_Visual_Config_v0_1.json","Battle HUD, tactical gameplay, Loadout, Armory","Assets/Game/Art/Generated/CombatCatalog/WorldSprites/Vehicles/Unit_Veh_APC_Slow/Unit_Veh_APC_Slow_GameplayAtlas.png","missing","not_reviewed","not_started","Existing 3D prefab/runtime reference is not the final approved 2D gameplay atlas."
"Unit_Veh_APC_Slow","combat.vehicle","Armored APC","UI icon, readable at 48px and 96px","Design/VisualConfigs/Combat_Visual_Config_v0_1.json","HUD, Loadout, Armory, Store, Reward Unlock","Assets/Game/Art/UI/Generated/CombatCatalog/Icons/Unit_Veh_APC_Slow_Icon.png","missing","not_reviewed","not_started","implementedRuntimeReference"
"Unit_Veh_APC_Slow","combat.vehicle","Armored APC","UI portrait / card art","Design/VisualConfigs/Combat_Visual_Config_v0_1.json","Loadout, Armory, Mission Briefing, Reward Unlock, Store","Assets/Game/Art/UI/Generated/CombatCatalog/Portraits/Unit_Veh_APC_Slow_Portrait.png","missing","not_reviewed","not_started","implementedRuntimeReference"
"Unit_Veh_Drone","combat.vehicle","Recon Drone","final gameplay sprite atlas at actual in-game scale: idle/move/attack/death where applicable, 4-direction minimum, transparent alpha, contact shadow separate or consistent","Design/VisualConfigs/Combat_Visual_Config_v0_1.json","Battle HUD, tactical gameplay, Loadout, Armory","Assets/Game/Art/Generated/CombatCatalog/WorldSprites/Vehicles/Unit_Veh_Drone/Unit_Veh_Drone_GameplayAtlas.png","missing","not_reviewed","not_started","Existing 3D prefab/runtime reference is not the final approved 2D gameplay atlas."
"Unit_Veh_Drone","combat.vehicle","Recon Drone","UI icon, readable at 48px and 96px","Design/VisualConfigs/Combat_Visual_Config_v0_1.json","HUD, Loadout, Armory, Store, Reward Unlock","Assets/Game/Art/UI/Generated/CombatCatalog/Icons/Unit_Veh_Drone_Icon.png","missing","not_reviewed","not_started","implementedRuntimeReference"
"Unit_Veh_Drone","combat.vehicle","Recon Drone","UI portrait / card art","Design/VisualConfigs/Combat_Visual_Config_v0_1.json","Loadout, Armory, Mission Briefing, Reward Unlock, Store","Assets/Game/Art/UI/Generated/CombatCatalog/Portraits/Unit_Veh_Drone_Portrait.png","missing","not_reviewed","not_started","implementedRuntimeReference"
"Unit_Veh_Helicopter_Attack","combat.vehicle","Attack Helicopter","final gameplay sprite atlas at actual in-game scale: idle/move/attack/death where applicable, 4-direction minimum, transparent alpha, contact shadow separate or consistent","Design/VisualConfigs/Combat_Visual_Config_v0_1.json","Battle HUD, tactical gameplay, Loadout, Armory","Assets/Game/Art/Generated/CombatCatalog/WorldSprites/Vehicles/Unit_Veh_Helicopter_Attack/Unit_Veh_Helicopter_Attack_GameplayAtlas.png","missing","not_reviewed","not_started","Existing 3D prefab/runtime reference is not the final approved 2D gameplay atlas."
"Unit_Veh_Helicopter_Attack","combat.vehicle","Attack Helicopter","UI icon, readable at 48px and 96px","Design/VisualConfigs/Combat_Visual_Config_v0_1.json","HUD, Loadout, Armory, Store, Reward Unlock","Assets/Game/Art/UI/Generated/CombatCatalog/Icons/Unit_Veh_Helicopter_Attack_Icon.png","missing","not_reviewed","not_started","implementedRuntimeReference"
"Unit_Veh_Helicopter_Attack","combat.vehicle","Attack Helicopter","UI portrait / card art","Design/VisualConfigs/Combat_Visual_Config_v0_1.json","Loadout, Armory, Mission Briefing, Reward Unlock, Store","Assets/Game/Art/UI/Generated/CombatCatalog/Portraits/Unit_Veh_Helicopter_Attack_Portrait.png","missing","not_reviewed","not_started","implementedRuntimeReference"
"Unit_Veh_Helicopter_Attack_Small","combat.vehicle","Light Attack Helicopter","final gameplay sprite atlas at actual in-game scale: idle/move/attack/death where applicable, 4-direction minimum, transparent alpha, contact shadow separate or consistent","Design/VisualConfigs/Combat_Visual_Config_v0_1.json","Battle HUD, tactical gameplay, Loadout, Armory","Assets/Game/Art/Generated/CombatCatalog/WorldSprites/Vehicles/Unit_Veh_Helicopter_Attack_Small/Unit_Veh_Helicopter_Attack_Small_GameplayAtlas.png","missing","not_reviewed","not_started","Existing 3D prefab/runtime reference is not the final approved 2D gameplay atlas."
"Unit_Veh_Helicopter_Attack_Small","combat.vehicle","Light Attack Helicopter","UI icon, readable at 48px and 96px","Design/VisualConfigs/Combat_Visual_Config_v0_1.json","HUD, Loadout, Armory, Store, Reward Unlock","Assets/Game/Art/UI/Generated/CombatCatalog/Icons/Unit_Veh_Helicopter_Attack_Small_Icon.png","missing","not_reviewed","not_started","implementedRuntimeReference"
"Unit_Veh_Helicopter_Attack_Small","combat.vehicle","Light Attack Helicopter","UI portrait / card art","Design/VisualConfigs/Combat_Visual_Config_v0_1.json","Loadout, Armory, Mission Briefing, Reward Unlock, Store","Assets/Game/Art/UI/Generated/CombatCatalog/Portraits/Unit_Veh_Helicopter_Attack_Small_Portrait.png","missing","not_reviewed","not_started","implementedRuntimeReference"
"Unit_Veh_Helicopter_Transport","combat.vehicle","Transport Helicopter","final gameplay sprite atlas at actual in-game scale: idle/move/attack/death where applicable, 4-direction minimum, transparent alpha, contact shadow separate or consistent","Design/VisualConfigs/Combat_Visual_Config_v0_1.json","Battle HUD, tactical gameplay, Loadout, Armory","Assets/Game/Art/Generated/CombatCatalog/WorldSprites/Vehicles/Unit_Veh_Helicopter_Transport/Unit_Veh_Helicopter_Transport_GameplayAtlas.png","missing","not_reviewed","not_started","Existing 3D prefab/runtime reference is not the final approved 2D gameplay atlas."
"Unit_Veh_Helicopter_Transport","combat.vehicle","Transport Helicopter","UI icon, readable at 48px and 96px","Design/VisualConfigs/Combat_Visual_Config_v0_1.json","HUD, Loadout, Armory, Store, Reward Unlock","Assets/Game/Art/UI/Generated/CombatCatalog/Icons/Unit_Veh_Helicopter_Transport_Icon.png","missing","not_reviewed","not_started","implementedRuntimeReference"
"Unit_Veh_Helicopter_Transport","combat.vehicle","Transport Helicopter","UI portrait / card art","Design/VisualConfigs/Combat_Visual_Config_v0_1.json","Loadout, Armory, Mission Briefing, Reward Unlock, Store","Assets/Game/Art/UI/Generated/CombatCatalog/Portraits/Unit_Veh_Helicopter_Transport_Portrait.png","missing","not_reviewed","not_started","implementedRuntimeReference"
"Unit_Veh_Jet_01","combat.vehicle","Strike Jet","final gameplay sprite atlas at actual in-game scale: idle/move/attack/death where applicable, 4-direction minimum, transparent alpha, contact shadow separate or consistent","Design/VisualConfigs/Combat_Visual_Config_v0_1.json","Battle HUD, tactical gameplay, Loadout, Armory","Assets/Game/Art/Generated/CombatCatalog/WorldSprites/Vehicles/Unit_Veh_Jet_01/Unit_Veh_Jet_01_GameplayAtlas.png","missing","not_reviewed","not_started","Existing 3D prefab/runtime reference is not the final approved 2D gameplay atlas."
"Unit_Veh_Jet_01","combat.vehicle","Strike Jet","UI icon, readable at 48px and 96px","Design/VisualConfigs/Combat_Visual_Config_v0_1.json","HUD, Loadout, Armory, Store, Reward Unlock","Assets/Game/Art/UI/Generated/CombatCatalog/Icons/Unit_Veh_Jet_01_Icon.png","missing","not_reviewed","not_started","implementedRuntimeReference"
"Unit_Veh_Jet_01","combat.vehicle","Strike Jet","UI portrait / card art","Design/VisualConfigs/Combat_Visual_Config_v0_1.json","Loadout, Armory, Mission Briefing, Reward Unlock, Store","Assets/Game/Art/UI/Generated/CombatCatalog/Portraits/Unit_Veh_Jet_01_Portrait.png","missing","not_reviewed","not_started","implementedRuntimeReference"
"Unit_Veh_Jet_02","combat.vehicle","Fighter Jet","final gameplay sprite atlas at actual in-game scale: idle/move/attack/death where applicable, 4-direction minimum, transparent alpha, contact shadow separate or consistent","Design/VisualConfigs/Combat_Visual_Config_v0_1.json","Battle HUD, tactical gameplay, Loadout, Armory","Assets/Game/Art/Generated/CombatCatalog/WorldSprites/Vehicles/Unit_Veh_Jet_02/Unit_Veh_Jet_02_GameplayAtlas.png","missing","not_reviewed","not_started","Existing 3D prefab/runtime reference is not the final approved 2D gameplay atlas."
"Unit_Veh_Jet_02","combat.vehicle","Fighter Jet","UI icon, readable at 48px and 96px","Design/VisualConfigs/Combat_Visual_Config_v0_1.json","HUD, Loadout, Armory, Store, Reward Unlock","Assets/Game/Art/UI/Generated/CombatCatalog/Icons/Unit_Veh_Jet_02_Icon.png","missing","not_reviewed","not_started","implementedRuntimeReference"
"Unit_Veh_Jet_02","combat.vehicle","Fighter Jet","UI portrait / card art","Design/VisualConfigs/Combat_Visual_Config_v0_1.json","Loadout, Armory, Mission Briefing, Reward Unlock, Store","Assets/Game/Art/UI/Generated/CombatCatalog/Portraits/Unit_Veh_Jet_02_Portrait.png","missing","not_reviewed","not_started","implementedRuntimeReference"
"Unit_Veh_Light_Armored_Car","combat.vehicle","Light Armored Car","final gameplay sprite atlas at actual in-game scale: idle/move/attack/death where applicable, 4-direction minimum, transparent alpha, contact shadow separate or consistent","Design/VisualConfigs/Combat_Visual_Config_v0_1.json","Battle HUD, tactical gameplay, Loadout, Armory","Assets/Game/Art/Generated/CombatCatalog/WorldSprites/Vehicles/Unit_Veh_Light_Armored_Car/Unit_Veh_Light_Armored_Car_GameplayAtlas.png","missing","not_reviewed","not_started","Existing 3D prefab/runtime reference is not the final approved 2D gameplay atlas."
"Unit_Veh_Light_Armored_Car","combat.vehicle","Light Armored Car","UI icon, readable at 48px and 96px","Design/VisualConfigs/Combat_Visual_Config_v0_1.json","HUD, Loadout, Armory, Store, Reward Unlock","Assets/Game/Art/UI/Generated/CombatCatalog/Icons/Unit_Veh_Light_Armored_Car_Icon.png","missing","not_reviewed","not_started","implementedRuntimeReference"
"Unit_Veh_Light_Armored_Car","combat.vehicle","Light Armored Car","UI portrait / card art","Design/VisualConfigs/Combat_Visual_Config_v0_1.json","Loadout, Armory, Mission Briefing, Reward Unlock, Store","Assets/Game/Art/UI/Generated/CombatCatalog/Portraits/Unit_Veh_Light_Armored_Car_Portrait.png","missing","not_reviewed","not_started","implementedRuntimeReference"
"Unit_Veh_Missle_Launcher_Air","combat.vehicle","Air Missile Launcher","final gameplay sprite atlas at actual in-game scale: idle/move/attack/death where applicable, 4-direction minimum, transparent alpha, contact shadow separate or consistent","Design/VisualConfigs/Combat_Visual_Config_v0_1.json","Battle HUD, tactical gameplay, Loadout, Armory","Assets/Game/Art/Generated/CombatCatalog/WorldSprites/Vehicles/Unit_Veh_Missle_Launcher_Air/Unit_Veh_Missle_Launcher_Air_GameplayAtlas.png","missing","not_reviewed","not_started","Existing 3D prefab/runtime reference is not the final approved 2D gameplay atlas."
"Unit_Veh_Missle_Launcher_Air","combat.vehicle","Air Missile Launcher","UI icon, readable at 48px and 96px","Design/VisualConfigs/Combat_Visual_Config_v0_1.json","HUD, Loadout, Armory, Store, Reward Unlock","Assets/Game/Art/UI/Generated/CombatCatalog/Icons/Unit_Veh_Missle_Launcher_Air_Icon.png","missing","not_reviewed","not_started","implementedRuntimeReference"
"Unit_Veh_Missle_Launcher_Air","combat.vehicle","Air Missile Launcher","UI portrait / card art","Design/VisualConfigs/Combat_Visual_Config_v0_1.json","Loadout, Armory, Mission Briefing, Reward Unlock, Store","Assets/Game/Art/UI/Generated/CombatCatalog/Portraits/Unit_Veh_Missle_Launcher_Air_Portrait.png","missing","not_reviewed","not_started","implementedRuntimeReference"
"Unit_Veh_Missle_Launcher_Ground","combat.vehicle","Ground Missile Launcher","final gameplay sprite atlas at actual in-game scale: idle/move/attack/death where applicable, 4-direction minimum, transparent alpha, contact shadow separate or consistent","Design/VisualConfigs/Combat_Visual_Config_v0_1.json","Battle HUD, tactical gameplay, Loadout, Armory","Assets/Game/Art/Generated/CombatCatalog/WorldSprites/Vehicles/Unit_Veh_Missle_Launcher_Ground/Unit_Veh_Missle_Launcher_Ground_GameplayAtlas.png","missing","not_reviewed","not_started","Existing 3D prefab/runtime reference is not the final approved 2D gameplay atlas."
"Unit_Veh_Missle_Launcher_Ground","combat.vehicle","Ground Missile Launcher","UI icon, readable at 48px and 96px","Design/VisualConfigs/Combat_Visual_Config_v0_1.json","HUD, Loadout, Armory, Store, Reward Unlock","Assets/Game/Art/UI/Generated/CombatCatalog/Icons/Unit_Veh_Missle_Launcher_Ground_Icon.png","missing","not_reviewed","not_started","implementedRuntimeReference"
"Unit_Veh_Missle_Launcher_Ground","combat.vehicle","Ground Missile Launcher","UI portrait / card art","Design/VisualConfigs/Combat_Visual_Config_v0_1.json","Loadout, Armory, Mission Briefing, Reward Unlock, Store","Assets/Game/Art/UI/Generated/CombatCatalog/Portraits/Unit_Veh_Missle_Launcher_Ground_Portrait.png","missing","not_reviewed","not_started","implementedRuntimeReference"
"Unit_Veh_Plane_Transport","combat.vehicle","Transport Plane","final gameplay sprite atlas at actual in-game scale: idle/move/attack/death where applicable, 4-direction minimum, transparent alpha, contact shadow separate or consistent","Design/VisualConfigs/Combat_Visual_Config_v0_1.json","Battle HUD, tactical gameplay, Loadout, Armory","Assets/Game/Art/Generated/CombatCatalog/WorldSprites/Vehicles/Unit_Veh_Plane_Transport/Unit_Veh_Plane_Transport_GameplayAtlas.png","missing","not_reviewed","not_started","Existing 3D prefab/runtime reference is not the final approved 2D gameplay atlas."
"Unit_Veh_Plane_Transport","combat.vehicle","Transport Plane","UI icon, readable at 48px and 96px","Design/VisualConfigs/Combat_Visual_Config_v0_1.json","HUD, Loadout, Armory, Store, Reward Unlock","Assets/Game/Art/UI/Generated/CombatCatalog/Icons/Unit_Veh_Plane_Transport_Icon.png","missing","not_reviewed","not_started","implementedRuntimeReference"
"Unit_Veh_Plane_Transport","combat.vehicle","Transport Plane","UI portrait / card art","Design/VisualConfigs/Combat_Visual_Config_v0_1.json","Loadout, Armory, Mission Briefing, Reward Unlock, Store","Assets/Game/Art/UI/Generated/CombatCatalog/Portraits/Unit_Veh_Plane_Transport_Portrait.png","missing","not_reviewed","not_started","implementedRuntimeReference"
"Unit_Veh_Radar_Tank","combat.vehicle","Radar Tank","final gameplay sprite atlas at actual in-game scale: idle/move/attack/death where applicable, 4-direction minimum, transparent alpha, contact shadow separate or consistent","Design/VisualConfigs/Combat_Visual_Config_v0_1.json","Battle HUD, tactical gameplay, Loadout, Armory","Assets/Game/Art/Generated/CombatCatalog/WorldSprites/Vehicles/Unit_Veh_Radar_Tank/Unit_Veh_Radar_Tank_GameplayAtlas.png","missing","not_reviewed","not_started","Existing 3D prefab/runtime reference is not the final approved 2D gameplay atlas."
"Unit_Veh_Radar_Tank","combat.vehicle","Radar Tank","UI icon, readable at 48px and 96px","Design/VisualConfigs/Combat_Visual_Config_v0_1.json","HUD, Loadout, Armory, Store, Reward Unlock","Assets/Game/Art/UI/Generated/CombatCatalog/Icons/Unit_Veh_Radar_Tank_Icon.png","missing","not_reviewed","not_started","implementedRuntimeReference"
"Unit_Veh_Radar_Tank","combat.vehicle","Radar Tank","UI portrait / card art","Design/VisualConfigs/Combat_Visual_Config_v0_1.json","Loadout, Armory, Mission Briefing, Reward Unlock, Store","Assets/Game/Art/UI/Generated/CombatCatalog/Portraits/Unit_Veh_Radar_Tank_Portrait.png","missing","not_reviewed","not_started","implementedRuntimeReference"
"Unit_Veh_Tank_USA","combat.vehicle","Battle Tank","final gameplay sprite atlas at actual in-game scale: idle/move/attack/death where applicable, 4-direction minimum, transparent alpha, contact shadow separate or consistent","Design/VisualConfigs/Combat_Visual_Config_v0_1.json","Battle HUD, tactical gameplay, Loadout, Armory","Assets/Game/Art/Generated/CombatCatalog/WorldSprites/Vehicles/Unit_Veh_Tank_USA/Unit_Veh_Tank_USA_GameplayAtlas.png","missing","not_reviewed","not_started","Existing 3D prefab/runtime reference is not the final approved 2D gameplay atlas."
"Unit_Veh_Tank_USA","combat.vehicle","Battle Tank","UI icon, readable at 48px and 96px","Design/VisualConfigs/Combat_Visual_Config_v0_1.json","HUD, Loadout, Armory, Store, Reward Unlock","Assets/Game/Art/UI/Generated/CombatCatalog/Icons/Unit_Veh_Tank_USA_Icon.png","missing","not_reviewed","not_started","implementedRuntimeReference"
"Unit_Veh_Tank_USA","combat.vehicle","Battle Tank","UI portrait / card art","Design/VisualConfigs/Combat_Visual_Config_v0_1.json","Loadout, Armory, Mission Briefing, Reward Unlock, Store","Assets/Game/Art/UI/Generated/CombatCatalog/Portraits/Unit_Veh_Tank_USA_Portrait.png","missing","not_reviewed","not_started","implementedRuntimeReference"
"Unit_Veh_Truck_Canopy","combat.vehicle","Canopy Truck","final gameplay sprite atlas at actual in-game scale: idle/move/attack/death where applicable, 4-direction minimum, transparent alpha, contact shadow separate or consistent","Design/VisualConfigs/Combat_Visual_Config_v0_1.json","Battle HUD, tactical gameplay, Loadout, Armory","Assets/Game/Art/Generated/CombatCatalog/WorldSprites/Vehicles/Unit_Veh_Truck_Canopy/Unit_Veh_Truck_Canopy_GameplayAtlas.png","missing","not_reviewed","not_started","Existing 3D prefab/runtime reference is not the final approved 2D gameplay atlas."
"Unit_Veh_Truck_Canopy","combat.vehicle","Canopy Truck","UI icon, readable at 48px and 96px","Design/VisualConfigs/Combat_Visual_Config_v0_1.json","HUD, Loadout, Armory, Store, Reward Unlock","Assets/Game/Art/UI/Generated/CombatCatalog/Icons/Unit_Veh_Truck_Canopy_Icon.png","missing","not_reviewed","not_started","implementedRuntimeReference"
"Unit_Veh_Truck_Canopy","combat.vehicle","Canopy Truck","UI portrait / card art","Design/VisualConfigs/Combat_Visual_Config_v0_1.json","Loadout, Armory, Mission Briefing, Reward Unlock, Store","Assets/Game/Art/UI/Generated/CombatCatalog/Portraits/Unit_Veh_Truck_Canopy_Portrait.png","missing","not_reviewed","not_started","implementedRuntimeReference"
"Unit_Veh_Truck_Tanker","combat.vehicle","Tanker Truck","final gameplay sprite atlas at actual in-game scale: idle/move/attack/death where applicable, 4-direction minimum, transparent alpha, contact shadow separate or consistent","Design/VisualConfigs/Combat_Visual_Config_v0_1.json","Battle HUD, tactical gameplay, Loadout, Armory","Assets/Game/Art/Generated/CombatCatalog/WorldSprites/Vehicles/Unit_Veh_Truck_Tanker/Unit_Veh_Truck_Tanker_GameplayAtlas.png","missing","not_reviewed","not_started","Existing 3D prefab/runtime reference is not the final approved 2D gameplay atlas."
"Unit_Veh_Truck_Tanker","combat.vehicle","Tanker Truck","UI icon, readable at 48px and 96px","Design/VisualConfigs/Combat_Visual_Config_v0_1.json","HUD, Loadout, Armory, Store, Reward Unlock","Assets/Game/Art/UI/Generated/CombatCatalog/Icons/Unit_Veh_Truck_Tanker_Icon.png","missing","not_reviewed","not_started","implementedRuntimeReference"
"Unit_Veh_Truck_Tanker","combat.vehicle","Tanker Truck","UI portrait / card art","Design/VisualConfigs/Combat_Visual_Config_v0_1.json","Loadout, Armory, Mission Briefing, Reward Unlock, Store","Assets/Game/Art/UI/Generated/CombatCatalog/Portraits/Unit_Veh_Truck_Tanker_Portrait.png","missing","not_reviewed","not_started","implementedRuntimeReference"
"Unit_Veh_Truck_Tray","combat.vehicle","Cargo Truck","final gameplay sprite atlas at actual in-game scale: idle/move/attack/death where applicable, 4-direction minimum, transparent alpha, contact shadow separate or consistent","Design/VisualConfigs/Combat_Visual_Config_v0_1.json","Battle HUD, tactical gameplay, Loadout, Armory","Assets/Game/Art/Generated/CombatCatalog/WorldSprites/Vehicles/Unit_Veh_Truck_Tray/Unit_Veh_Truck_Tray_GameplayAtlas.png","missing","not_reviewed","not_started","Existing 3D prefab/runtime reference is not the final approved 2D gameplay atlas."
"Unit_Veh_Truck_Tray","combat.vehicle","Cargo Truck","UI icon, readable at 48px and 96px","Design/VisualConfigs/Combat_Visual_Config_v0_1.json","HUD, Loadout, Armory, Store, Reward Unlock","Assets/Game/Art/UI/Generated/CombatCatalog/Icons/Unit_Veh_Truck_Tray_Icon.png","missing","not_reviewed","not_started","implementedRuntimeReference"
"Unit_Veh_Truck_Tray","combat.vehicle","Cargo Truck","UI portrait / card art","Design/VisualConfigs/Combat_Visual_Config_v0_1.json","Loadout, Armory, Mission Briefing, Reward Unlock, Store","Assets/Game/Art/UI/Generated/CombatCatalog/Portraits/Unit_Veh_Truck_Tray_Portrait.png","missing","not_reviewed","not_started","implementedRuntimeReference"
"upgrade.air.drone_sensor","combat.upgradeTrack","Drone Sensor Array","upgrade track UI icon","Design/VisualConfigs/Combat_Visual_Config_v0_1.json","Armory, Store, Reward Unlock, POP-09","Assets/Game/Art/UI/Generated/CombatCatalog/UpgradeIcons/upgrade.air.drone_sensor_Icon.png","missing","not_reviewed","not_started","needsProductionAsset"
"upgrade.air.drone_sensor","combat.upgradeTrack","Drone Sensor Array","four-tier upgrade badge set: tier 1 base, tier 2 field, tier 3 advanced, tier 4 elite","Design/VisualConfigs/Combat_Visual_Config_v0_1.json","Armory, Reward Track, Store, POP-09","Assets/Game/Art/UI/Generated/CombatCatalog/UpgradeBadges/upgrade.air.drone_sensor_TierBadges.png","missing","not_reviewed","not_started","Required by upgrade tier model."
"upgrade.air.helicopter_avionics","combat.upgradeTrack","Helicopter Avionics","upgrade track UI icon","Design/VisualConfigs/Combat_Visual_Config_v0_1.json","Armory, Store, Reward Unlock, POP-09","Assets/Game/Art/UI/Generated/CombatCatalog/UpgradeIcons/upgrade.air.helicopter_avionics_Icon.png","missing","not_reviewed","not_started","needsProductionAsset"
"upgrade.air.helicopter_avionics","combat.upgradeTrack","Helicopter Avionics","four-tier upgrade badge set: tier 1 base, tier 2 field, tier 3 advanced, tier 4 elite","Design/VisualConfigs/Combat_Visual_Config_v0_1.json","Armory, Reward Track, Store, POP-09","Assets/Game/Art/UI/Generated/CombatCatalog/UpgradeBadges/upgrade.air.helicopter_avionics_TierBadges.png","missing","not_reviewed","not_started","Required by upgrade tier model."
"upgrade.air.jet_weapons","combat.upgradeTrack","Jet Weapons Package","upgrade track UI icon","Design/VisualConfigs/Combat_Visual_Config_v0_1.json","Armory, Store, Reward Unlock, POP-09","Assets/Game/Art/UI/Generated/CombatCatalog/UpgradeIcons/upgrade.air.jet_weapons_Icon.png","missing","not_reviewed","not_started","needsProductionAsset"
"upgrade.air.jet_weapons","combat.upgradeTrack","Jet Weapons Package","four-tier upgrade badge set: tier 1 base, tier 2 field, tier 3 advanced, tier 4 elite","Design/VisualConfigs/Combat_Visual_Config_v0_1.json","Armory, Reward Track, Store, POP-09","Assets/Game/Art/UI/Generated/CombatCatalog/UpgradeBadges/upgrade.air.jet_weapons_TierBadges.png","missing","not_reviewed","not_started","Required by upgrade tier model."
"upgrade.air.transport_aircraft","combat.upgradeTrack","Transport Aircraft Safety","upgrade track UI icon","Design/VisualConfigs/Combat_Visual_Config_v0_1.json","Armory, Store, Reward Unlock, POP-09","Assets/Game/Art/UI/Generated/CombatCatalog/UpgradeIcons/upgrade.air.transport_aircraft_Icon.png","missing","not_reviewed","not_started","needsProductionAsset"
"upgrade.air.transport_aircraft","combat.upgradeTrack","Transport Aircraft Safety","four-tier upgrade badge set: tier 1 base, tier 2 field, tier 3 advanced, tier 4 elite","Design/VisualConfigs/Combat_Visual_Config_v0_1.json","Armory, Reward Track, Store, POP-09","Assets/Game/Art/UI/Generated/CombatCatalog/UpgradeBadges/upgrade.air.transport_aircraft_TierBadges.png","missing","not_reviewed","not_started","Required by upgrade tier model."
"upgrade.building.air_operations","combat.upgradeTrack","Air Operations Expansion","upgrade track UI icon","Design/VisualConfigs/Combat_Visual_Config_v0_1.json","Armory, Store, Reward Unlock, POP-09","Assets/Game/Art/UI/Generated/CombatCatalog/UpgradeIcons/upgrade.building.air_operations_Icon.png","missing","not_reviewed","not_started","needsProductionAsset"
"upgrade.building.air_operations","combat.upgradeTrack","Air Operations Expansion","four-tier upgrade badge set: tier 1 base, tier 2 field, tier 3 advanced, tier 4 elite","Design/VisualConfigs/Combat_Visual_Config_v0_1.json","Armory, Reward Track, Store, POP-09","Assets/Game/Art/UI/Generated/CombatCatalog/UpgradeBadges/upgrade.building.air_operations_TierBadges.png","missing","not_reviewed","not_started","Required by upgrade tier model."
"upgrade.building.armory_supply","combat.upgradeTrack","Armory Supply Upgrade","upgrade track UI icon","Design/VisualConfigs/Combat_Visual_Config_v0_1.json","Armory, Store, Reward Unlock, POP-09","Assets/Game/Art/UI/Generated/CombatCatalog/UpgradeIcons/upgrade.building.armory_supply_Icon.png","missing","not_reviewed","not_started","needsProductionAsset"
"upgrade.building.armory_supply","combat.upgradeTrack","Armory Supply Upgrade","four-tier upgrade badge set: tier 1 base, tier 2 field, tier 3 advanced, tier 4 elite","Design/VisualConfigs/Combat_Visual_Config_v0_1.json","Armory, Reward Track, Store, POP-09","Assets/Game/Art/UI/Generated/CombatCatalog/UpgradeBadges/upgrade.building.armory_supply_TierBadges.png","missing","not_reviewed","not_started","Required by upgrade tier model."
"upgrade.building.base_defense","combat.upgradeTrack","Base Defense Hardening","upgrade track UI icon","Design/VisualConfigs/Combat_Visual_Config_v0_1.json","Armory, Store, Reward Unlock, POP-09","Assets/Game/Art/UI/Generated/CombatCatalog/UpgradeIcons/upgrade.building.base_defense_Icon.png","missing","not_reviewed","not_started","needsProductionAsset"
"upgrade.building.base_defense","combat.upgradeTrack","Base Defense Hardening","four-tier upgrade badge set: tier 1 base, tier 2 field, tier 3 advanced, tier 4 elite","Design/VisualConfigs/Combat_Visual_Config_v0_1.json","Armory, Reward Track, Store, POP-09","Assets/Game/Art/UI/Generated/CombatCatalog/UpgradeBadges/upgrade.building.base_defense_TierBadges.png","missing","not_reviewed","not_started","Required by upgrade tier model."
"upgrade.building.civic_support","combat.upgradeTrack","Civic Support Upgrade","upgrade track UI icon","Design/VisualConfigs/Combat_Visual_Config_v0_1.json","Armory, Store, Reward Unlock, POP-09","Assets/Game/Art/UI/Generated/CombatCatalog/UpgradeIcons/upgrade.building.civic_support_Icon.png","missing","not_reviewed","not_started","needsProductionAsset"
"upgrade.building.civic_support","combat.upgradeTrack","Civic Support Upgrade","four-tier upgrade badge set: tier 1 base, tier 2 field, tier 3 advanced, tier 4 elite","Design/VisualConfigs/Combat_Visual_Config_v0_1.json","Armory, Reward Track, Store, POP-09","Assets/Game/Art/UI/Generated/CombatCatalog/UpgradeBadges/upgrade.building.civic_support_TierBadges.png","missing","not_reviewed","not_started","Required by upgrade tier model."
"upgrade.building.command_post","combat.upgradeTrack","Command Post Expansion","upgrade track UI icon","Design/VisualConfigs/Combat_Visual_Config_v0_1.json","Armory, Store, Reward Unlock, POP-09","Assets/Game/Art/UI/Generated/CombatCatalog/UpgradeIcons/upgrade.building.command_post_Icon.png","missing","not_reviewed","not_started","needsProductionAsset"
"upgrade.building.command_post","combat.upgradeTrack","Command Post Expansion","four-tier upgrade badge set: tier 1 base, tier 2 field, tier 3 advanced, tier 4 elite","Design/VisualConfigs/Combat_Visual_Config_v0_1.json","Armory, Reward Track, Store, POP-09","Assets/Game/Art/UI/Generated/CombatCatalog/UpgradeBadges/upgrade.building.command_post_TierBadges.png","missing","not_reviewed","not_started","Required by upgrade tier model."
"upgrade.building.infrastructure","combat.upgradeTrack","Infrastructure Upgrade","upgrade track UI icon","Design/VisualConfigs/Combat_Visual_Config_v0_1.json","Armory, Store, Reward Unlock, POP-09","Assets/Game/Art/UI/Generated/CombatCatalog/UpgradeIcons/upgrade.building.infrastructure_Icon.png","missing","not_reviewed","not_started","needsProductionAsset"
"upgrade.building.infrastructure","combat.upgradeTrack","Infrastructure Upgrade","four-tier upgrade badge set: tier 1 base, tier 2 field, tier 3 advanced, tier 4 elite","Design/VisualConfigs/Combat_Visual_Config_v0_1.json","Armory, Reward Track, Store, POP-09","Assets/Game/Art/UI/Generated/CombatCatalog/UpgradeBadges/upgrade.building.infrastructure_TierBadges.png","missing","not_reviewed","not_started","Required by upgrade tier model."
"upgrade.building.medical_support","combat.upgradeTrack","Medical Support Expansion","upgrade track UI icon","Design/VisualConfigs/Combat_Visual_Config_v0_1.json","Armory, Store, Reward Unlock, POP-09","Assets/Game/Art/UI/Generated/CombatCatalog/UpgradeIcons/upgrade.building.medical_support_Icon.png","missing","not_reviewed","not_started","needsProductionAsset"
"upgrade.building.medical_support","combat.upgradeTrack","Medical Support Expansion","four-tier upgrade badge set: tier 1 base, tier 2 field, tier 3 advanced, tier 4 elite","Design/VisualConfigs/Combat_Visual_Config_v0_1.json","Armory, Reward Track, Store, POP-09","Assets/Game/Art/UI/Generated/CombatCatalog/UpgradeBadges/upgrade.building.medical_support_TierBadges.png","missing","not_reviewed","not_started","Required by upgrade tier model."
"upgrade.building.naval_operations","combat.upgradeTrack","Naval Operations Expansion","upgrade track UI icon","Design/VisualConfigs/Combat_Visual_Config_v0_1.json","Armory, Store, Reward Unlock, POP-09","Assets/Game/Art/UI/Generated/CombatCatalog/UpgradeIcons/upgrade.building.naval_operations_Icon.png","missing","not_reviewed","not_started","needsProductionAsset"
"upgrade.building.naval_operations","combat.upgradeTrack","Naval Operations Expansion","four-tier upgrade badge set: tier 1 base, tier 2 field, tier 3 advanced, tier 4 elite","Design/VisualConfigs/Combat_Visual_Config_v0_1.json","Armory, Reward Track, Store, POP-09","Assets/Game/Art/UI/Generated/CombatCatalog/UpgradeBadges/upgrade.building.naval_operations_TierBadges.png","missing","not_reviewed","not_started","Required by upgrade tier model."
"upgrade.building.resource_chain","combat.upgradeTrack","Resource Chain Upgrade","upgrade track UI icon","Design/VisualConfigs/Combat_Visual_Config_v0_1.json","Armory, Store, Reward Unlock, POP-09","Assets/Game/Art/UI/Generated/CombatCatalog/UpgradeIcons/upgrade.building.resource_chain_Icon.png","missing","not_reviewed","not_started","needsProductionAsset"
"upgrade.building.resource_chain","combat.upgradeTrack","Resource Chain Upgrade","four-tier upgrade badge set: tier 1 base, tier 2 field, tier 3 advanced, tier 4 elite","Design/VisualConfigs/Combat_Visual_Config_v0_1.json","Armory, Reward Track, Store, POP-09","Assets/Game/Art/UI/Generated/CombatCatalog/UpgradeBadges/upgrade.building.resource_chain_TierBadges.png","missing","not_reviewed","not_started","Required by upgrade tier model."
"upgrade.building.sensor_network","combat.upgradeTrack","Sensor Network Upgrade","upgrade track UI icon","Design/VisualConfigs/Combat_Visual_Config_v0_1.json","Armory, Store, Reward Unlock, POP-09","Assets/Game/Art/UI/Generated/CombatCatalog/UpgradeIcons/upgrade.building.sensor_network_Icon.png","missing","not_reviewed","not_started","needsProductionAsset"
"upgrade.building.sensor_network","combat.upgradeTrack","Sensor Network Upgrade","four-tier upgrade badge set: tier 1 base, tier 2 field, tier 3 advanced, tier 4 elite","Design/VisualConfigs/Combat_Visual_Config_v0_1.json","Armory, Reward Track, Store, POP-09","Assets/Game/Art/UI/Generated/CombatCatalog/UpgradeBadges/upgrade.building.sensor_network_TierBadges.png","missing","not_reviewed","not_started","Required by upgrade tier model."
"upgrade.building.training_facilities","combat.upgradeTrack","Training Facility Expansion","upgrade track UI icon","Design/VisualConfigs/Combat_Visual_Config_v0_1.json","Armory, Store, Reward Unlock, POP-09","Assets/Game/Art/UI/Generated/CombatCatalog/UpgradeIcons/upgrade.building.training_facilities_Icon.png","missing","not_reviewed","not_started","needsProductionAsset"
"upgrade.building.training_facilities","combat.upgradeTrack","Training Facility Expansion","four-tier upgrade badge set: tier 1 base, tier 2 field, tier 3 advanced, tier 4 elite","Design/VisualConfigs/Combat_Visual_Config_v0_1.json","Armory, Reward Track, Store, POP-09","Assets/Game/Art/UI/Generated/CombatCatalog/UpgradeBadges/upgrade.building.training_facilities_TierBadges.png","missing","not_reviewed","not_started","Required by upgrade tier model."
"upgrade.building.vehicle_workshop","combat.upgradeTrack","Vehicle Workshop Expansion","upgrade track UI icon","Design/VisualConfigs/Combat_Visual_Config_v0_1.json","Armory, Store, Reward Unlock, POP-09","Assets/Game/Art/UI/Generated/CombatCatalog/UpgradeIcons/upgrade.building.vehicle_workshop_Icon.png","missing","not_reviewed","not_started","needsProductionAsset"
"upgrade.building.vehicle_workshop","combat.upgradeTrack","Vehicle Workshop Expansion","four-tier upgrade badge set: tier 1 base, tier 2 field, tier 3 advanced, tier 4 elite","Design/VisualConfigs/Combat_Visual_Config_v0_1.json","Armory, Reward Track, Store, POP-09","Assets/Game/Art/UI/Generated/CombatCatalog/UpgradeBadges/upgrade.building.vehicle_workshop_TierBadges.png","missing","not_reviewed","not_started","Required by upgrade tier model."
"upgrade.enemy.irregular_escalation","combat.upgradeTrack","Irregular Threat Escalation","upgrade track UI icon","Design/VisualConfigs/Combat_Visual_Config_v0_1.json","Armory, Store, Reward Unlock, POP-09","Assets/Game/Art/UI/Generated/CombatCatalog/UpgradeIcons/upgrade.enemy.irregular_escalation_Icon.png","missing","not_reviewed","not_started","needsProductionAsset"
"upgrade.enemy.irregular_escalation","combat.upgradeTrack","Irregular Threat Escalation","four-tier upgrade badge set: tier 1 base, tier 2 field, tier 3 advanced, tier 4 elite","Design/VisualConfigs/Combat_Visual_Config_v0_1.json","Armory, Reward Track, Store, POP-09","Assets/Game/Art/UI/Generated/CombatCatalog/UpgradeBadges/upgrade.enemy.irregular_escalation_TierBadges.png","missing","not_reviewed","not_started","Required by upgrade tier model."
"upgrade.enemy.rocketeer_escalation","combat.upgradeTrack","Enemy Rocketeer Escalation","upgrade track UI icon","Design/VisualConfigs/Combat_Visual_Config_v0_1.json","Armory, Store, Reward Unlock, POP-09","Assets/Game/Art/UI/Generated/CombatCatalog/UpgradeIcons/upgrade.enemy.rocketeer_escalation_Icon.png","missing","not_reviewed","not_started","needsProductionAsset"
"upgrade.enemy.rocketeer_escalation","combat.upgradeTrack","Enemy Rocketeer Escalation","four-tier upgrade badge set: tier 1 base, tier 2 field, tier 3 advanced, tier 4 elite","Design/VisualConfigs/Combat_Visual_Config_v0_1.json","Armory, Reward Track, Store, POP-09","Assets/Game/Art/UI/Generated/CombatCatalog/UpgradeBadges/upgrade.enemy.rocketeer_escalation_TierBadges.png","missing","not_reviewed","not_started","Required by upgrade tier model."
"upgrade.enemy.sniper_escalation","combat.upgradeTrack","Enemy Sniper Escalation","upgrade track UI icon","Design/VisualConfigs/Combat_Visual_Config_v0_1.json","Armory, Store, Reward Unlock, POP-09","Assets/Game/Art/UI/Generated/CombatCatalog/UpgradeIcons/upgrade.enemy.sniper_escalation_Icon.png","missing","not_reviewed","not_started","needsProductionAsset"
"upgrade.enemy.sniper_escalation","combat.upgradeTrack","Enemy Sniper Escalation","four-tier upgrade badge set: tier 1 base, tier 2 field, tier 3 advanced, tier 4 elite","Design/VisualConfigs/Combat_Visual_Config_v0_1.json","Armory, Reward Track, Store, POP-09","Assets/Game/Art/UI/Generated/CombatCatalog/UpgradeBadges/upgrade.enemy.sniper_escalation_TierBadges.png","missing","not_reviewed","not_started","Required by upgrade tier model."
"upgrade.sea.cutter_command","combat.upgradeTrack","Cutter Command Systems","upgrade track UI icon","Design/VisualConfigs/Combat_Visual_Config_v0_1.json","Armory, Store, Reward Unlock, POP-09","Assets/Game/Art/UI/Generated/CombatCatalog/UpgradeIcons/upgrade.sea.cutter_command_Icon.png","missing","not_reviewed","not_started","needsProductionAsset"
"upgrade.sea.cutter_command","combat.upgradeTrack","Cutter Command Systems","four-tier upgrade badge set: tier 1 base, tier 2 field, tier 3 advanced, tier 4 elite","Design/VisualConfigs/Combat_Visual_Config_v0_1.json","Armory, Reward Track, Store, POP-09","Assets/Game/Art/UI/Generated/CombatCatalog/UpgradeBadges/upgrade.sea.cutter_command_TierBadges.png","missing","not_reviewed","not_started","Required by upgrade tier model."
"upgrade.sea.drone_boat_sensor","combat.upgradeTrack","Drone Boat Sensor","upgrade track UI icon","Design/VisualConfigs/Combat_Visual_Config_v0_1.json","Armory, Store, Reward Unlock, POP-09","Assets/Game/Art/UI/Generated/CombatCatalog/UpgradeIcons/upgrade.sea.drone_boat_sensor_Icon.png","missing","not_reviewed","not_started","needsProductionAsset"
"upgrade.sea.drone_boat_sensor","combat.upgradeTrack","Drone Boat Sensor","four-tier upgrade badge set: tier 1 base, tier 2 field, tier 3 advanced, tier 4 elite","Design/VisualConfigs/Combat_Visual_Config_v0_1.json","Armory, Reward Track, Store, POP-09","Assets/Game/Art/UI/Generated/CombatCatalog/UpgradeBadges/upgrade.sea.drone_boat_sensor_TierBadges.png","missing","not_reviewed","not_started","Required by upgrade tier model."
"upgrade.sea.landing_craft_armor","combat.upgradeTrack","Landing Craft Armor","upgrade track UI icon","Design/VisualConfigs/Combat_Visual_Config_v0_1.json","Armory, Store, Reward Unlock, POP-09","Assets/Game/Art/UI/Generated/CombatCatalog/UpgradeIcons/upgrade.sea.landing_craft_armor_Icon.png","missing","not_reviewed","not_started","needsProductionAsset"
"upgrade.sea.landing_craft_armor","combat.upgradeTrack","Landing Craft Armor","four-tier upgrade badge set: tier 1 base, tier 2 field, tier 3 advanced, tier 4 elite","Design/VisualConfigs/Combat_Visual_Config_v0_1.json","Armory, Reward Track, Store, POP-09","Assets/Game/Art/UI/Generated/CombatCatalog/UpgradeBadges/upgrade.sea.landing_craft_armor_TierBadges.png","missing","not_reviewed","not_started","Required by upgrade tier model."
"upgrade.sea.missile_fire_control","combat.upgradeTrack","Naval Missile Control","upgrade track UI icon","Design/VisualConfigs/Combat_Visual_Config_v0_1.json","Armory, Store, Reward Unlock, POP-09","Assets/Game/Art/UI/Generated/CombatCatalog/UpgradeIcons/upgrade.sea.missile_fire_control_Icon.png","missing","not_reviewed","not_started","needsProductionAsset"
"upgrade.sea.missile_fire_control","combat.upgradeTrack","Naval Missile Control","four-tier upgrade badge set: tier 1 base, tier 2 field, tier 3 advanced, tier 4 elite","Design/VisualConfigs/Combat_Visual_Config_v0_1.json","Armory, Reward Track, Store, POP-09","Assets/Game/Art/UI/Generated/CombatCatalog/UpgradeBadges/upgrade.sea.missile_fire_control_TierBadges.png","missing","not_reviewed","not_started","Required by upgrade tier model."
"upgrade.sea.patrol_hull","combat.upgradeTrack","Patrol Hull Upgrade","upgrade track UI icon","Design/VisualConfigs/Combat_Visual_Config_v0_1.json","Armory, Store, Reward Unlock, POP-09","Assets/Game/Art/UI/Generated/CombatCatalog/UpgradeIcons/upgrade.sea.patrol_hull_Icon.png","missing","not_reviewed","not_started","needsProductionAsset"
"upgrade.sea.patrol_hull","combat.upgradeTrack","Patrol Hull Upgrade","four-tier upgrade badge set: tier 1 base, tier 2 field, tier 3 advanced, tier 4 elite","Design/VisualConfigs/Combat_Visual_Config_v0_1.json","Armory, Reward Track, Store, POP-09","Assets/Game/Art/UI/Generated/CombatCatalog/UpgradeBadges/upgrade.sea.patrol_hull_TierBadges.png","missing","not_reviewed","not_started","Required by upgrade tier model."
"upgrade.unit.aircrew_survival","combat.upgradeTrack","Aircrew Survival Training","upgrade track UI icon","Design/VisualConfigs/Combat_Visual_Config_v0_1.json","Armory, Store, Reward Unlock, POP-09","Assets/Game/Art/UI/Generated/CombatCatalog/UpgradeIcons/upgrade.unit.aircrew_survival_Icon.png","missing","not_reviewed","not_started","needsProductionAsset"
"upgrade.unit.aircrew_survival","combat.upgradeTrack","Aircrew Survival Training","four-tier upgrade badge set: tier 1 base, tier 2 field, tier 3 advanced, tier 4 elite","Design/VisualConfigs/Combat_Visual_Config_v0_1.json","Armory, Reward Track, Store, POP-09","Assets/Game/Art/UI/Generated/CombatCatalog/UpgradeBadges/upgrade.unit.aircrew_survival_TierBadges.png","missing","not_reviewed","not_started","Required by upgrade tier model."
"upgrade.unit.breacher_hazard","combat.upgradeTrack","Breach And Hazard Kit","upgrade track UI icon","Design/VisualConfigs/Combat_Visual_Config_v0_1.json","Armory, Store, Reward Unlock, POP-09","Assets/Game/Art/UI/Generated/CombatCatalog/UpgradeIcons/upgrade.unit.breacher_hazard_Icon.png","missing","not_reviewed","not_started","needsProductionAsset"
"upgrade.unit.breacher_hazard","combat.upgradeTrack","Breach And Hazard Kit","four-tier upgrade badge set: tier 1 base, tier 2 field, tier 3 advanced, tier 4 elite","Design/VisualConfigs/Combat_Visual_Config_v0_1.json","Armory, Reward Track, Store, POP-09","Assets/Game/Art/UI/Generated/CombatCatalog/UpgradeBadges/upgrade.unit.breacher_hazard_TierBadges.png","missing","not_reviewed","not_started","Required by upgrade tier model."
"upgrade.unit.civilian_safety","combat.upgradeTrack","Civilian Safety Protocol","upgrade track UI icon","Design/VisualConfigs/Combat_Visual_Config_v0_1.json","Armory, Store, Reward Unlock, POP-09","Assets/Game/Art/UI/Generated/CombatCatalog/UpgradeIcons/upgrade.unit.civilian_safety_Icon.png","missing","not_reviewed","not_started","needsProductionAsset"
"upgrade.unit.civilian_safety","combat.upgradeTrack","Civilian Safety Protocol","four-tier upgrade badge set: tier 1 base, tier 2 field, tier 3 advanced, tier 4 elite","Design/VisualConfigs/Combat_Visual_Config_v0_1.json","Armory, Reward Track, Store, POP-09","Assets/Game/Art/UI/Generated/CombatCatalog/UpgradeBadges/upgrade.unit.civilian_safety_TierBadges.png","missing","not_reviewed","not_started","Required by upgrade tier model."
"upgrade.unit.close_security","combat.upgradeTrack","Close Security Drill","upgrade track UI icon","Design/VisualConfigs/Combat_Visual_Config_v0_1.json","Armory, Store, Reward Unlock, POP-09","Assets/Game/Art/UI/Generated/CombatCatalog/UpgradeIcons/upgrade.unit.close_security_Icon.png","missing","not_reviewed","not_started","needsProductionAsset"
"upgrade.unit.close_security","combat.upgradeTrack","Close Security Drill","four-tier upgrade badge set: tier 1 base, tier 2 field, tier 3 advanced, tier 4 elite","Design/VisualConfigs/Combat_Visual_Config_v0_1.json","Armory, Reward Track, Store, POP-09","Assets/Game/Art/UI/Generated/CombatCatalog/UpgradeBadges/upgrade.unit.close_security_TierBadges.png","missing","not_reviewed","not_started","Required by upgrade tier model."
"upgrade.unit.contractor_security","combat.upgradeTrack","Contractor Security Drill","upgrade track UI icon","Design/VisualConfigs/Combat_Visual_Config_v0_1.json","Armory, Store, Reward Unlock, POP-09","Assets/Game/Art/UI/Generated/CombatCatalog/UpgradeIcons/upgrade.unit.contractor_security_Icon.png","missing","not_reviewed","not_started","needsProductionAsset"
"upgrade.unit.contractor_security","combat.upgradeTrack","Contractor Security Drill","four-tier upgrade badge set: tier 1 base, tier 2 field, tier 3 advanced, tier 4 elite","Design/VisualConfigs/Combat_Visual_Config_v0_1.json","Armory, Reward Track, Store, POP-09","Assets/Game/Art/UI/Generated/CombatCatalog/UpgradeBadges/upgrade.unit.contractor_security_TierBadges.png","missing","not_reviewed","not_started","Required by upgrade tier model."
"upgrade.unit.general_training","combat.upgradeTrack","General Training","upgrade track UI icon","Design/VisualConfigs/Combat_Visual_Config_v0_1.json","Armory, Store, Reward Unlock, POP-09","Assets/Game/Art/UI/Generated/CombatCatalog/UpgradeIcons/upgrade.unit.general_training_Icon.png","missing","not_reviewed","not_started","needsProductionAsset"
"upgrade.unit.general_training","combat.upgradeTrack","General Training","four-tier upgrade badge set: tier 1 base, tier 2 field, tier 3 advanced, tier 4 elite","Design/VisualConfigs/Combat_Visual_Config_v0_1.json","Armory, Reward Track, Store, POP-09","Assets/Game/Art/UI/Generated/CombatCatalog/UpgradeBadges/upgrade.unit.general_training_TierBadges.png","missing","not_reviewed","not_started","Required by upgrade tier model."
"upgrade.unit.marksman_recon","combat.upgradeTrack","Marksman Recon Optics","upgrade track UI icon","Design/VisualConfigs/Combat_Visual_Config_v0_1.json","Armory, Store, Reward Unlock, POP-09","Assets/Game/Art/UI/Generated/CombatCatalog/UpgradeIcons/upgrade.unit.marksman_recon_Icon.png","missing","not_reviewed","not_started","needsProductionAsset"
"upgrade.unit.marksman_recon","combat.upgradeTrack","Marksman Recon Optics","four-tier upgrade badge set: tier 1 base, tier 2 field, tier 3 advanced, tier 4 elite","Design/VisualConfigs/Combat_Visual_Config_v0_1.json","Armory, Reward Track, Store, POP-09","Assets/Game/Art/UI/Generated/CombatCatalog/UpgradeBadges/upgrade.unit.marksman_recon_TierBadges.png","missing","not_reviewed","not_started","Required by upgrade tier model."
"upgrade.unit.rifleline","combat.upgradeTrack","Rifleline Training","upgrade track UI icon","Design/VisualConfigs/Combat_Visual_Config_v0_1.json","Armory, Store, Reward Unlock, POP-09","Assets/Game/Art/UI/Generated/CombatCatalog/UpgradeIcons/upgrade.unit.rifleline_Icon.png","missing","not_reviewed","not_started","needsProductionAsset"
"upgrade.unit.rifleline","combat.upgradeTrack","Rifleline Training","four-tier upgrade badge set: tier 1 base, tier 2 field, tier 3 advanced, tier 4 elite","Design/VisualConfigs/Combat_Visual_Config_v0_1.json","Armory, Reward Track, Store, POP-09","Assets/Game/Art/UI/Generated/CombatCatalog/UpgradeBadges/upgrade.unit.rifleline_TierBadges.png","missing","not_reviewed","not_started","Required by upgrade tier model."
"upgrade.unit.rocketeer_antiarmor","combat.upgradeTrack","Anti-Armor Rocket Kit","upgrade track UI icon","Design/VisualConfigs/Combat_Visual_Config_v0_1.json","Armory, Store, Reward Unlock, POP-09","Assets/Game/Art/UI/Generated/CombatCatalog/UpgradeIcons/upgrade.unit.rocketeer_antiarmor_Icon.png","missing","not_reviewed","not_started","needsProductionAsset"
"upgrade.unit.rocketeer_antiarmor","combat.upgradeTrack","Anti-Armor Rocket Kit","four-tier upgrade badge set: tier 1 base, tier 2 field, tier 3 advanced, tier 4 elite","Design/VisualConfigs/Combat_Visual_Config_v0_1.json","Armory, Reward Track, Store, POP-09","Assets/Game/Art/UI/Generated/CombatCatalog/UpgradeBadges/upgrade.unit.rocketeer_antiarmor_TierBadges.png","missing","not_reviewed","not_started","Required by upgrade tier model."
"upgrade.unit.suppression_infantry","combat.upgradeTrack","Suppression Infantry Kit","upgrade track UI icon","Design/VisualConfigs/Combat_Visual_Config_v0_1.json","Armory, Store, Reward Unlock, POP-09","Assets/Game/Art/UI/Generated/CombatCatalog/UpgradeIcons/upgrade.unit.suppression_infantry_Icon.png","missing","not_reviewed","not_started","needsProductionAsset"
"upgrade.unit.suppression_infantry","combat.upgradeTrack","Suppression Infantry Kit","four-tier upgrade badge set: tier 1 base, tier 2 field, tier 3 advanced, tier 4 elite","Design/VisualConfigs/Combat_Visual_Config_v0_1.json","Armory, Reward Track, Store, POP-09","Assets/Game/Art/UI/Generated/CombatCatalog/UpgradeBadges/upgrade.unit.suppression_infantry_TierBadges.png","missing","not_reviewed","not_started","Required by upgrade tier model."
"upgrade.vehicle.apc_armor","combat.upgradeTrack","APC Armor Package","upgrade track UI icon","Design/VisualConfigs/Combat_Visual_Config_v0_1.json","Armory, Store, Reward Unlock, POP-09","Assets/Game/Art/UI/Generated/CombatCatalog/UpgradeIcons/upgrade.vehicle.apc_armor_Icon.png","missing","not_reviewed","not_started","needsProductionAsset"
"upgrade.vehicle.apc_armor","combat.upgradeTrack","APC Armor Package","four-tier upgrade badge set: tier 1 base, tier 2 field, tier 3 advanced, tier 4 elite","Design/VisualConfigs/Combat_Visual_Config_v0_1.json","Armory, Reward Track, Store, POP-09","Assets/Game/Art/UI/Generated/CombatCatalog/UpgradeBadges/upgrade.vehicle.apc_armor_TierBadges.png","missing","not_reviewed","not_started","Required by upgrade tier model."
"upgrade.vehicle.armored_car","combat.upgradeTrack","Armored Car Recon Kit","upgrade track UI icon","Design/VisualConfigs/Combat_Visual_Config_v0_1.json","Armory, Store, Reward Unlock, POP-09","Assets/Game/Art/UI/Generated/CombatCatalog/UpgradeIcons/upgrade.vehicle.armored_car_Icon.png","missing","not_reviewed","not_started","needsProductionAsset"
"upgrade.vehicle.armored_car","combat.upgradeTrack","Armored Car Recon Kit","four-tier upgrade badge set: tier 1 base, tier 2 field, tier 3 advanced, tier 4 elite","Design/VisualConfigs/Combat_Visual_Config_v0_1.json","Armory, Reward Track, Store, POP-09","Assets/Game/Art/UI/Generated/CombatCatalog/UpgradeBadges/upgrade.vehicle.armored_car_TierBadges.png","missing","not_reviewed","not_started","Required by upgrade tier model."
"upgrade.vehicle.battle_tank","combat.upgradeTrack","Battle Tank Retrofit","upgrade track UI icon","Design/VisualConfigs/Combat_Visual_Config_v0_1.json","Armory, Store, Reward Unlock, POP-09","Assets/Game/Art/UI/Generated/CombatCatalog/UpgradeIcons/upgrade.vehicle.battle_tank_Icon.png","missing","not_reviewed","not_started","needsProductionAsset"
"upgrade.vehicle.battle_tank","combat.upgradeTrack","Battle Tank Retrofit","four-tier upgrade badge set: tier 1 base, tier 2 field, tier 3 advanced, tier 4 elite","Design/VisualConfigs/Combat_Visual_Config_v0_1.json","Armory, Reward Track, Store, POP-09","Assets/Game/Art/UI/Generated/CombatCatalog/UpgradeBadges/upgrade.vehicle.battle_tank_TierBadges.png","missing","not_reviewed","not_started","Required by upgrade tier model."
"upgrade.vehicle.logistics_trucks","combat.upgradeTrack","Logistics Truck Retrofit","upgrade track UI icon","Design/VisualConfigs/Combat_Visual_Config_v0_1.json","Armory, Store, Reward Unlock, POP-09","Assets/Game/Art/UI/Generated/CombatCatalog/UpgradeIcons/upgrade.vehicle.logistics_trucks_Icon.png","missing","not_reviewed","not_started","needsProductionAsset"
"upgrade.vehicle.logistics_trucks","combat.upgradeTrack","Logistics Truck Retrofit","four-tier upgrade badge set: tier 1 base, tier 2 field, tier 3 advanced, tier 4 elite","Design/VisualConfigs/Combat_Visual_Config_v0_1.json","Armory, Reward Track, Store, POP-09","Assets/Game/Art/UI/Generated/CombatCatalog/UpgradeBadges/upgrade.vehicle.logistics_trucks_TierBadges.png","missing","not_reviewed","not_started","Required by upgrade tier model."
"upgrade.vehicle.missile_fire_control","combat.upgradeTrack","Missile Fire Control","upgrade track UI icon","Design/VisualConfigs/Combat_Visual_Config_v0_1.json","Armory, Store, Reward Unlock, POP-09","Assets/Game/Art/UI/Generated/CombatCatalog/UpgradeIcons/upgrade.vehicle.missile_fire_control_Icon.png","missing","not_reviewed","not_started","needsProductionAsset"
"upgrade.vehicle.missile_fire_control","combat.upgradeTrack","Missile Fire Control","four-tier upgrade badge set: tier 1 base, tier 2 field, tier 3 advanced, tier 4 elite","Design/VisualConfigs/Combat_Visual_Config_v0_1.json","Armory, Reward Track, Store, POP-09","Assets/Game/Art/UI/Generated/CombatCatalog/UpgradeBadges/upgrade.vehicle.missile_fire_control_TierBadges.png","missing","not_reviewed","not_started","Required by upgrade tier model."
"upgrade.vehicle.radar_sensor","combat.upgradeTrack","Ground Sensor Suite","upgrade track UI icon","Design/VisualConfigs/Combat_Visual_Config_v0_1.json","Armory, Store, Reward Unlock, POP-09","Assets/Game/Art/UI/Generated/CombatCatalog/UpgradeIcons/upgrade.vehicle.radar_sensor_Icon.png","missing","not_reviewed","not_started","needsProductionAsset"
"upgrade.vehicle.radar_sensor","combat.upgradeTrack","Ground Sensor Suite","four-tier upgrade badge set: tier 1 base, tier 2 field, tier 3 advanced, tier 4 elite","Design/VisualConfigs/Combat_Visual_Config_v0_1.json","Armory, Reward Track, Store, POP-09","Assets/Game/Art/UI/Generated/CombatCatalog/UpgradeBadges/upgrade.vehicle.radar_sensor_TierBadges.png","missing","not_reviewed","not_started","Required by upgrade tier model."
"Wall_Dirt_Straight","combat.building","Dirt Wall","world building sprite state: intact","Design/VisualConfigs/Combat_Visual_Config_v0_1.json","tactical gameplay, Build Drawer, Mission objectives","Assets/Game/Art/Generated/CombatCatalog/Buildings/Wall_Dirt_Straight/Wall_Dirt_Straight_intact.png","missing","not_reviewed","not_started","Visual rules require intact/damaged/destroyed; user also requested construction state."
"Wall_Dirt_Straight","combat.building","Dirt Wall","world building sprite state: construction","Design/VisualConfigs/Combat_Visual_Config_v0_1.json","tactical gameplay, Build Drawer, Mission objectives","Assets/Game/Art/Generated/CombatCatalog/Buildings/Wall_Dirt_Straight/Wall_Dirt_Straight_construction.png","missing","not_reviewed","not_started","Visual rules require intact/damaged/destroyed; user also requested construction state."
"Wall_Dirt_Straight","combat.building","Dirt Wall","world building sprite state: damaged","Design/VisualConfigs/Combat_Visual_Config_v0_1.json","tactical gameplay, Build Drawer, Mission objectives","Assets/Game/Art/Generated/CombatCatalog/Buildings/Wall_Dirt_Straight/Wall_Dirt_Straight_damaged.png","missing","not_reviewed","not_started","Visual rules require intact/damaged/destroyed; user also requested construction state."
"Wall_Dirt_Straight","combat.building","Dirt Wall","world building sprite state: destroyed","Design/VisualConfigs/Combat_Visual_Config_v0_1.json","tactical gameplay, Build Drawer, Mission objectives","Assets/Game/Art/Generated/CombatCatalog/Buildings/Wall_Dirt_Straight/Wall_Dirt_Straight_destroyed.png","missing","not_reviewed","not_started","Visual rules require intact/damaged/destroyed; user also requested construction state."
"Wall_Dirt_Straight","combat.building","Dirt Wall","UI/build icon, readable at 48px and 96px","Design/VisualConfigs/Combat_Visual_Config_v0_1.json","Build Drawer, Armory, Rewards, Store","Assets/Game/Art/UI/Generated/CombatCatalog/Icons/Wall_Dirt_Straight_Icon.png","missing","not_reviewed","not_started","implementedRuntimeReference"
"Wall_Fence_Straight","combat.building","Fence Wall","world building sprite state: intact","Design/VisualConfigs/Combat_Visual_Config_v0_1.json","tactical gameplay, Build Drawer, Mission objectives","Assets/Game/Art/Generated/CombatCatalog/Buildings/Wall_Fence_Straight/Wall_Fence_Straight_intact.png","missing","not_reviewed","not_started","Visual rules require intact/damaged/destroyed; user also requested construction state."
"Wall_Fence_Straight","combat.building","Fence Wall","world building sprite state: construction","Design/VisualConfigs/Combat_Visual_Config_v0_1.json","tactical gameplay, Build Drawer, Mission objectives","Assets/Game/Art/Generated/CombatCatalog/Buildings/Wall_Fence_Straight/Wall_Fence_Straight_construction.png","missing","not_reviewed","not_started","Visual rules require intact/damaged/destroyed; user also requested construction state."
"Wall_Fence_Straight","combat.building","Fence Wall","world building sprite state: damaged","Design/VisualConfigs/Combat_Visual_Config_v0_1.json","tactical gameplay, Build Drawer, Mission objectives","Assets/Game/Art/Generated/CombatCatalog/Buildings/Wall_Fence_Straight/Wall_Fence_Straight_damaged.png","missing","not_reviewed","not_started","Visual rules require intact/damaged/destroyed; user also requested construction state."
"Wall_Fence_Straight","combat.building","Fence Wall","world building sprite state: destroyed","Design/VisualConfigs/Combat_Visual_Config_v0_1.json","tactical gameplay, Build Drawer, Mission objectives","Assets/Game/Art/Generated/CombatCatalog/Buildings/Wall_Fence_Straight/Wall_Fence_Straight_destroyed.png","missing","not_reviewed","not_started","Visual rules require intact/damaged/destroyed; user also requested construction state."
"Wall_Fence_Straight","combat.building","Fence Wall","UI/build icon, readable at 48px and 96px","Design/VisualConfigs/Combat_Visual_Config_v0_1.json","Build Drawer, Armory, Rewards, Store","Assets/Game/Art/UI/Generated/CombatCatalog/Icons/Wall_Fence_Straight_Icon.png","missing","not_reviewed","not_started","implementedRuntimeReference"
"resource.Credits","economy.resource","Credits","resource counter icon plus small/medium reward tile icon","Design/Economy_Reward_Design.md","Main Menu, Mission Result, Build Drawer, Operation, Store","Assets/Game/Art/UI/Generated/Economy/Resources/Credits_Icon.png","missing","not_reviewed","not_started",""
"resource.Materials","economy.resource","Materials","resource counter icon plus small/medium reward tile icon","Design/Economy_Reward_Design.md","Main Menu, Mission Result, Build Drawer, Operation, Store","Assets/Game/Art/UI/Generated/Economy/Resources/Materials_Icon.png","missing","not_reviewed","not_started",""
"resource.Fuel","economy.resource","Fuel","resource counter icon plus small/medium reward tile icon","Design/Economy_Reward_Design.md","Main Menu, Mission Result, Build Drawer, Operation, Store","Assets/Game/Art/UI/Generated/Economy/Resources/Fuel_Icon.png","missing","not_reviewed","not_started",""
"resource.Intel","economy.resource","Intel","resource counter icon plus small/medium reward tile icon","Design/Economy_Reward_Design.md","Main Menu, Mission Result, Build Drawer, Operation, Store","Assets/Game/Art/UI/Generated/Economy/Resources/Intel_Icon.png","missing","not_reviewed","not_started",""
"resource.CommandAuthority","economy.resource","CommandAuthority","resource counter icon plus small/medium reward tile icon","Design/Economy_Reward_Design.md","Main Menu, Mission Result, Build Drawer, Operation, Store","Assets/Game/Art/UI/Generated/Economy/Resources/CommandAuthority_Icon.png","missing","not_reviewed","not_started",""
"resource.RushTicket","economy.resource","RushTicket","resource counter icon plus small/medium reward tile icon","Design/Economy_Reward_Design.md","Main Menu, Mission Result, Build Drawer, Operation, Store","Assets/Game/Art/UI/Generated/Economy/Resources/RushTicket_Icon.png","missing","not_reviewed","not_started",""
"reward.CommanderXP","economy.reward","CommanderXP","reward tile/icon visual treatment","Design/Economy_Reward_Design.md","Mission Briefing, Mission Result, Reward Unlock, End Of Day, Store","Assets/Game/Art/UI/Generated/Economy/Rewards/CommanderXP_RewardIcon.png","missing","not_reviewed","not_started",""
"reward.UnitUnlock","economy.reward","UnitUnlock","reward tile/icon visual treatment","Design/Economy_Reward_Design.md","Mission Briefing, Mission Result, Reward Unlock, End Of Day, Store","Assets/Game/Art/UI/Generated/Economy/Rewards/UnitUnlock_RewardIcon.png","missing","not_reviewed","not_started",""
"reward.BuildingUnlock","economy.reward","BuildingUnlock","reward tile/icon visual treatment","Design/Economy_Reward_Design.md","Mission Briefing, Mission Result, Reward Unlock, End Of Day, Store","Assets/Game/Art/UI/Generated/Economy/Rewards/BuildingUnlock_RewardIcon.png","missing","not_reviewed","not_started",""
"reward.SupportAbilityUnlock","economy.reward","SupportAbilityUnlock","reward tile/icon visual treatment","Design/Economy_Reward_Design.md","Mission Briefing, Mission Result, Reward Unlock, End Of Day, Store","Assets/Game/Art/UI/Generated/Economy/Rewards/SupportAbilityUnlock_RewardIcon.png","missing","not_reviewed","not_started",""
"reward.BlueprintParts","economy.reward","BlueprintParts","reward tile/icon visual treatment","Design/Economy_Reward_Design.md","Mission Briefing, Mission Result, Reward Unlock, End Of Day, Store","Assets/Game/Art/UI/Generated/Economy/Rewards/BlueprintParts_RewardIcon.png","missing","not_reviewed","not_started",""
"reward.GearModule","economy.reward","GearModule","reward tile/icon visual treatment","Design/Economy_Reward_Design.md","Mission Briefing, Mission Result, Reward Unlock, End Of Day, Store","Assets/Game/Art/UI/Generated/Economy/Rewards/GearModule_RewardIcon.png","missing","not_reviewed","not_started",""
"reward.Cosmetic","economy.reward","Cosmetic","reward tile/icon visual treatment","Design/Economy_Reward_Design.md","Mission Briefing, Mission Result, Reward Unlock, End Of Day, Store","Assets/Game/Art/UI/Generated/Economy/Rewards/Cosmetic_RewardIcon.png","missing","not_reviewed","not_started",""
"reward.OperationSupply","economy.reward","OperationSupply","reward tile/icon visual treatment","Design/Economy_Reward_Design.md","Mission Briefing, Mission Result, Reward Unlock, End Of Day, Store","Assets/Game/Art/UI/Generated/Economy/Rewards/OperationSupply_RewardIcon.png","missing","not_reviewed","not_started",""
"reward.SagaStars","economy.reward","SagaStars","reward tile/icon visual treatment","Design/Economy_Reward_Design.md","Mission Briefing, Mission Result, Reward Unlock, End Of Day, Store","Assets/Game/Art/UI/Generated/Economy/Rewards/SagaStars_RewardIcon.png","missing","not_reviewed","not_started",""
"reward.OperationTrust","economy.reward","OperationTrust","reward tile/icon visual treatment","Design/Economy_Reward_Design.md","Mission Briefing, Mission Result, Reward Unlock, End Of Day, Store","Assets/Game/Art/UI/Generated/Economy/Rewards/OperationTrust_RewardIcon.png","missing","not_reviewed","not_started",""
"reward.OperationSecurity","economy.reward","OperationSecurity","reward tile/icon visual treatment","Design/Economy_Reward_Design.md","Mission Briefing, Mission Result, Reward Unlock, End Of Day, Store","Assets/Game/Art/UI/Generated/Economy/Rewards/OperationSecurity_RewardIcon.png","missing","not_reviewed","not_started",""
"reward.OperationIntel","economy.reward","OperationIntel","reward tile/icon visual treatment","Design/Economy_Reward_Design.md","Mission Briefing, Mission Result, Reward Unlock, End Of Day, Store","Assets/Game/Art/UI/Generated/Economy/Rewards/OperationIntel_RewardIcon.png","missing","not_reviewed","not_started",""
"reward.OperationInfrastructure","economy.reward","OperationInfrastructure","reward tile/icon visual treatment","Design/Economy_Reward_Design.md","Mission Briefing, Mission Result, Reward Unlock, End Of Day, Store","Assets/Game/Art/UI/Generated/Economy/Rewards/OperationInfrastructure_RewardIcon.png","missing","not_reviewed","not_started",""
"saga.ch01.m01.first_contact","saga.mission","First Contact","mission key art / briefing hero","Design/SagaChapters","Campaign Map, Mission Briefing, Mission Result","Assets/Game/Art/UI/Generated/MissionArt/saga_ch01_m01_first_contact_KeyArt.png","missing","not_reviewed","not_started","level.ch01.district_edge_01"
"saga.ch01.m01.first_contact","saga.mission","First Contact","mission map preview thumbnail","Design/SagaChapters","Campaign Map, Mission Briefing, Skirmish","Assets/Game/Art/UI/Generated/MissionArt/saga_ch01_m01_first_contact_MapPreview.png","missing","not_reviewed","not_started","level.ch01.district_edge_01"
"saga.ch01.m01.first_contact","saga.mission","First Contact","mission minimap art","Design/SagaChapters","Battle HUD minimap, Mission Briefing","Assets/Game/Art/UI/Generated/MissionArt/saga_ch01_m01_first_contact_Minimap.png","missing","not_reviewed","not_started","level.ch01.district_edge_01"
"saga.ch01.m02.establish_base","saga.mission","Establish The Base","mission key art / briefing hero","Design/SagaChapters","Campaign Map, Mission Briefing, Mission Result","Assets/Game/Art/UI/Generated/MissionArt/saga_ch01_m02_establish_base_KeyArt.png","missing","not_reviewed","not_started","level.ch01.forward_post_01"
"saga.ch01.m02.establish_base","saga.mission","Establish The Base","mission map preview thumbnail","Design/SagaChapters","Campaign Map, Mission Briefing, Skirmish","Assets/Game/Art/UI/Generated/MissionArt/saga_ch01_m02_establish_base_MapPreview.png","missing","not_reviewed","not_started","level.ch01.forward_post_01"
"saga.ch01.m02.establish_base","saga.mission","Establish The Base","mission minimap art","Design/SagaChapters","Battle HUD minimap, Mission Briefing","Assets/Game/Art/UI/Generated/MissionArt/saga_ch01_m02_establish_base_Minimap.png","missing","not_reviewed","not_started","level.ch01.forward_post_01"
"saga.ch01.m03.radar_warning","saga.mission","Radar Warning","mission key art / briefing hero","Design/SagaChapters","Campaign Map, Mission Briefing, Mission Result","Assets/Game/Art/UI/Generated/MissionArt/saga_ch01_m03_radar_warning_KeyArt.png","missing","not_reviewed","not_started","level.ch01.convoy_approach_01"
"saga.ch01.m03.radar_warning","saga.mission","Radar Warning","mission map preview thumbnail","Design/SagaChapters","Campaign Map, Mission Briefing, Skirmish","Assets/Game/Art/UI/Generated/MissionArt/saga_ch01_m03_radar_warning_MapPreview.png","missing","not_reviewed","not_started","level.ch01.convoy_approach_01"
"saga.ch01.m03.radar_warning","saga.mission","Radar Warning","mission minimap art","Design/SagaChapters","Battle HUD minimap, Mission Briefing","Assets/Game/Art/UI/Generated/MissionArt/saga_ch01_m03_radar_warning_Minimap.png","missing","not_reviewed","not_started","level.ch01.convoy_approach_01"
"saga.ch01.m04.airlift","saga.mission","Airlift","mission key art / briefing hero","Design/SagaChapters","Campaign Map, Mission Briefing, Mission Result","Assets/Game/Art/UI/Generated/MissionArt/saga_ch01_m04_airlift_KeyArt.png","missing","not_reviewed","not_started","level.ch01.landing_zone_01"
"saga.ch01.m04.airlift","saga.mission","Airlift","mission map preview thumbnail","Design/SagaChapters","Campaign Map, Mission Briefing, Skirmish","Assets/Game/Art/UI/Generated/MissionArt/saga_ch01_m04_airlift_MapPreview.png","missing","not_reviewed","not_started","level.ch01.landing_zone_01"
"saga.ch01.m04.airlift","saga.mission","Airlift","mission minimap art","Design/SagaChapters","Battle HUD minimap, Mission Briefing","Assets/Game/Art/UI/Generated/MissionArt/saga_ch01_m04_airlift_Minimap.png","missing","not_reviewed","not_started","level.ch01.landing_zone_01"
"saga.ch01.m05.breach_assault","saga.mission","Breach Assault","mission key art / briefing hero","Design/SagaChapters","Campaign Map, Mission Briefing, Mission Result","Assets/Game/Art/UI/Generated/MissionArt/saga_ch01_m05_breach_assault_KeyArt.png","missing","not_reviewed","not_started","level.ch01.fortified_node_01"
"saga.ch01.m05.breach_assault","saga.mission","Breach Assault","mission map preview thumbnail","Design/SagaChapters","Campaign Map, Mission Briefing, Skirmish","Assets/Game/Art/UI/Generated/MissionArt/saga_ch01_m05_breach_assault_MapPreview.png","missing","not_reviewed","not_started","level.ch01.fortified_node_01"
"saga.ch01.m05.breach_assault","saga.mission","Breach Assault","mission minimap art","Design/SagaChapters","Battle HUD minimap, Mission Briefing","Assets/Game/Art/UI/Generated/MissionArt/saga_ch01_m05_breach_assault_Minimap.png","missing","not_reviewed","not_started","level.ch01.fortified_node_01"
"saga.ch02.m01.gridlock","saga.mission","Gridlock","mission key art / briefing hero","Design/SagaChapters","Campaign Map, Mission Briefing, Mission Result","Assets/Game/Art/UI/Generated/MissionArt/saga_ch02_m01_gridlock_KeyArt.png","missing","not_reviewed","not_started","chapter02"
"saga.ch02.m01.gridlock","saga.mission","Gridlock","mission map preview thumbnail","Design/SagaChapters","Campaign Map, Mission Briefing, Skirmish","Assets/Game/Art/UI/Generated/MissionArt/saga_ch02_m01_gridlock_MapPreview.png","missing","not_reviewed","not_started","chapter02"
"saga.ch02.m01.gridlock","saga.mission","Gridlock","mission minimap art","Design/SagaChapters","Battle HUD minimap, Mission Briefing","Assets/Game/Art/UI/Generated/MissionArt/saga_ch02_m01_gridlock_Minimap.png","missing","not_reviewed","not_started","chapter02"
"saga.ch02.m02.supply_line","saga.mission","Supply Line","mission key art / briefing hero","Design/SagaChapters","Campaign Map, Mission Briefing, Mission Result","Assets/Game/Art/UI/Generated/MissionArt/saga_ch02_m02_supply_line_KeyArt.png","missing","not_reviewed","not_started","chapter02"
"saga.ch02.m02.supply_line","saga.mission","Supply Line","mission map preview thumbnail","Design/SagaChapters","Campaign Map, Mission Briefing, Skirmish","Assets/Game/Art/UI/Generated/MissionArt/saga_ch02_m02_supply_line_MapPreview.png","missing","not_reviewed","not_started","chapter02"
"saga.ch02.m02.supply_line","saga.mission","Supply Line","mission minimap art","Design/SagaChapters","Battle HUD minimap, Mission Briefing","Assets/Game/Art/UI/Generated/MissionArt/saga_ch02_m02_supply_line_Minimap.png","missing","not_reviewed","not_started","chapter02"
"saga.ch02.m03.sabotage_trace","saga.mission","Sabotage Trace","mission key art / briefing hero","Design/SagaChapters","Campaign Map, Mission Briefing, Mission Result","Assets/Game/Art/UI/Generated/MissionArt/saga_ch02_m03_sabotage_trace_KeyArt.png","missing","not_reviewed","not_started","chapter02"
"saga.ch02.m03.sabotage_trace","saga.mission","Sabotage Trace","mission map preview thumbnail","Design/SagaChapters","Campaign Map, Mission Briefing, Skirmish","Assets/Game/Art/UI/Generated/MissionArt/saga_ch02_m03_sabotage_trace_MapPreview.png","missing","not_reviewed","not_started","chapter02"
"saga.ch02.m03.sabotage_trace","saga.mission","Sabotage Trace","mission minimap art","Design/SagaChapters","Battle HUD minimap, Mission Briefing","Assets/Game/Art/UI/Generated/MissionArt/saga_ch02_m03_sabotage_trace_Minimap.png","missing","not_reviewed","not_started","chapter02"
"saga.ch02.m04.power_relay","saga.mission","Power Relay","mission key art / briefing hero","Design/SagaChapters","Campaign Map, Mission Briefing, Mission Result","Assets/Game/Art/UI/Generated/MissionArt/saga_ch02_m04_power_relay_KeyArt.png","missing","not_reviewed","not_started","chapter02"
"saga.ch02.m04.power_relay","saga.mission","Power Relay","mission map preview thumbnail","Design/SagaChapters","Campaign Map, Mission Briefing, Skirmish","Assets/Game/Art/UI/Generated/MissionArt/saga_ch02_m04_power_relay_MapPreview.png","missing","not_reviewed","not_started","chapter02"
"saga.ch02.m04.power_relay","saga.mission","Power Relay","mission minimap art","Design/SagaChapters","Battle HUD minimap, Mission Briefing","Assets/Game/Art/UI/Generated/MissionArt/saga_ch02_m04_power_relay_Minimap.png","missing","not_reviewed","not_started","chapter02"
"saga.ch02.m05.route_reopened","saga.mission","Route Reopened","mission key art / briefing hero","Design/SagaChapters","Campaign Map, Mission Briefing, Mission Result","Assets/Game/Art/UI/Generated/MissionArt/saga_ch02_m05_route_reopened_KeyArt.png","missing","not_reviewed","not_started","chapter02"
"saga.ch02.m05.route_reopened","saga.mission","Route Reopened","mission map preview thumbnail","Design/SagaChapters","Campaign Map, Mission Briefing, Skirmish","Assets/Game/Art/UI/Generated/MissionArt/saga_ch02_m05_route_reopened_MapPreview.png","missing","not_reviewed","not_started","chapter02"
"saga.ch02.m05.route_reopened","saga.mission","Route Reopened","mission minimap art","Design/SagaChapters","Battle HUD minimap, Mission Briefing","Assets/Game/Art/UI/Generated/MissionArt/saga_ch02_m05_route_reopened_Minimap.png","missing","not_reviewed","not_started","chapter02"
"saga.ch03.m01.signal_trace","saga.mission","Signal Trace","mission key art / briefing hero","Design/SagaChapters","Campaign Map, Mission Briefing, Mission Result","Assets/Game/Art/UI/Generated/MissionArt/saga_ch03_m01_signal_trace_KeyArt.png","missing","not_reviewed","not_started","chapter03"
"saga.ch03.m01.signal_trace","saga.mission","Signal Trace","mission map preview thumbnail","Design/SagaChapters","Campaign Map, Mission Briefing, Skirmish","Assets/Game/Art/UI/Generated/MissionArt/saga_ch03_m01_signal_trace_MapPreview.png","missing","not_reviewed","not_started","chapter03"
"saga.ch03.m01.signal_trace","saga.mission","Signal Trace","mission minimap art","Design/SagaChapters","Battle HUD minimap, Mission Briefing","Assets/Game/Art/UI/Generated/MissionArt/saga_ch03_m01_signal_trace_Minimap.png","missing","not_reviewed","not_started","chapter03"
"saga.ch03.m02.safehouse_sweep","saga.mission","Safehouse Sweep","mission key art / briefing hero","Design/SagaChapters","Campaign Map, Mission Briefing, Mission Result","Assets/Game/Art/UI/Generated/MissionArt/saga_ch03_m02_safehouse_sweep_KeyArt.png","missing","not_reviewed","not_started","chapter03"
"saga.ch03.m02.safehouse_sweep","saga.mission","Safehouse Sweep","mission map preview thumbnail","Design/SagaChapters","Campaign Map, Mission Briefing, Skirmish","Assets/Game/Art/UI/Generated/MissionArt/saga_ch03_m02_safehouse_sweep_MapPreview.png","missing","not_reviewed","not_started","chapter03"
"saga.ch03.m02.safehouse_sweep","saga.mission","Safehouse Sweep","mission minimap art","Design/SagaChapters","Battle HUD minimap, Mission Briefing","Assets/Game/Art/UI/Generated/MissionArt/saga_ch03_m02_safehouse_sweep_Minimap.png","missing","not_reviewed","not_started","chapter03"
"saga.ch03.m03.false_front","saga.mission","False Front","mission key art / briefing hero","Design/SagaChapters","Campaign Map, Mission Briefing, Mission Result","Assets/Game/Art/UI/Generated/MissionArt/saga_ch03_m03_false_front_KeyArt.png","missing","not_reviewed","not_started","chapter03"
"saga.ch03.m03.false_front","saga.mission","False Front","mission map preview thumbnail","Design/SagaChapters","Campaign Map, Mission Briefing, Skirmish","Assets/Game/Art/UI/Generated/MissionArt/saga_ch03_m03_false_front_MapPreview.png","missing","not_reviewed","not_started","chapter03"
"saga.ch03.m03.false_front","saga.mission","False Front","mission minimap art","Design/SagaChapters","Battle HUD minimap, Mission Briefing","Assets/Game/Art/UI/Generated/MissionArt/saga_ch03_m03_false_front_Minimap.png","missing","not_reviewed","not_started","chapter03"
"saga.ch03.m04.evidence_chain","saga.mission","Evidence Chain","mission key art / briefing hero","Design/SagaChapters","Campaign Map, Mission Briefing, Mission Result","Assets/Game/Art/UI/Generated/MissionArt/saga_ch03_m04_evidence_chain_KeyArt.png","missing","not_reviewed","not_started","chapter03"
"saga.ch03.m04.evidence_chain","saga.mission","Evidence Chain","mission map preview thumbnail","Design/SagaChapters","Campaign Map, Mission Briefing, Skirmish","Assets/Game/Art/UI/Generated/MissionArt/saga_ch03_m04_evidence_chain_MapPreview.png","missing","not_reviewed","not_started","chapter03"
"saga.ch03.m04.evidence_chain","saga.mission","Evidence Chain","mission minimap art","Design/SagaChapters","Battle HUD minimap, Mission Briefing","Assets/Game/Art/UI/Generated/MissionArt/saga_ch03_m04_evidence_chain_Minimap.png","missing","not_reviewed","not_started","chapter03"
"saga.ch03.m05.network_break","saga.mission","Network Break","mission key art / briefing hero","Design/SagaChapters","Campaign Map, Mission Briefing, Mission Result","Assets/Game/Art/UI/Generated/MissionArt/saga_ch03_m05_network_break_KeyArt.png","missing","not_reviewed","not_started","chapter03"
"saga.ch03.m05.network_break","saga.mission","Network Break","mission map preview thumbnail","Design/SagaChapters","Campaign Map, Mission Briefing, Skirmish","Assets/Game/Art/UI/Generated/MissionArt/saga_ch03_m05_network_break_MapPreview.png","missing","not_reviewed","not_started","chapter03"
"saga.ch03.m05.network_break","saga.mission","Network Break","mission minimap art","Design/SagaChapters","Battle HUD minimap, Mission Briefing","Assets/Game/Art/UI/Generated/MissionArt/saga_ch03_m05_network_break_Minimap.png","missing","not_reviewed","not_started","chapter03"
"saga.ch04.m01.air_corridor","saga.mission","Air Corridor","mission key art / briefing hero","Design/SagaChapters","Campaign Map, Mission Briefing, Mission Result","Assets/Game/Art/UI/Generated/MissionArt/saga_ch04_m01_air_corridor_KeyArt.png","missing","not_reviewed","not_started","chapter04"
"saga.ch04.m01.air_corridor","saga.mission","Air Corridor","mission map preview thumbnail","Design/SagaChapters","Campaign Map, Mission Briefing, Skirmish","Assets/Game/Art/UI/Generated/MissionArt/saga_ch04_m01_air_corridor_MapPreview.png","missing","not_reviewed","not_started","chapter04"
"saga.ch04.m01.air_corridor","saga.mission","Air Corridor","mission minimap art","Design/SagaChapters","Battle HUD minimap, Mission Briefing","Assets/Game/Art/UI/Generated/MissionArt/saga_ch04_m01_air_corridor_Minimap.png","missing","not_reviewed","not_started","chapter04"
"saga.ch04.m02.steel_push","saga.mission","Steel Push","mission key art / briefing hero","Design/SagaChapters","Campaign Map, Mission Briefing, Mission Result","Assets/Game/Art/UI/Generated/MissionArt/saga_ch04_m02_steel_push_KeyArt.png","missing","not_reviewed","not_started","chapter04"
"saga.ch04.m02.steel_push","saga.mission","Steel Push","mission map preview thumbnail","Design/SagaChapters","Campaign Map, Mission Briefing, Skirmish","Assets/Game/Art/UI/Generated/MissionArt/saga_ch04_m02_steel_push_MapPreview.png","missing","not_reviewed","not_started","chapter04"
"saga.ch04.m02.steel_push","saga.mission","Steel Push","mission minimap art","Design/SagaChapters","Battle HUD minimap, Mission Briefing","Assets/Game/Art/UI/Generated/MissionArt/saga_ch04_m02_steel_push_Minimap.png","missing","not_reviewed","not_started","chapter04"
"saga.ch04.m03.split_front","saga.mission","Split Front","mission key art / briefing hero","Design/SagaChapters","Campaign Map, Mission Briefing, Mission Result","Assets/Game/Art/UI/Generated/MissionArt/saga_ch04_m03_split_front_KeyArt.png","missing","not_reviewed","not_started","chapter04"
"saga.ch04.m03.split_front","saga.mission","Split Front","mission map preview thumbnail","Design/SagaChapters","Campaign Map, Mission Briefing, Skirmish","Assets/Game/Art/UI/Generated/MissionArt/saga_ch04_m03_split_front_MapPreview.png","missing","not_reviewed","not_started","chapter04"
"saga.ch04.m03.split_front","saga.mission","Split Front","mission minimap art","Design/SagaChapters","Battle HUD minimap, Mission Briefing","Assets/Game/Art/UI/Generated/MissionArt/saga_ch04_m03_split_front_Minimap.png","missing","not_reviewed","not_started","chapter04"
"saga.ch04.m04.grounded_signal","saga.mission","Grounded Signal","mission key art / briefing hero","Design/SagaChapters","Campaign Map, Mission Briefing, Mission Result","Assets/Game/Art/UI/Generated/MissionArt/saga_ch04_m04_grounded_signal_KeyArt.png","missing","not_reviewed","not_started","chapter04"
"saga.ch04.m04.grounded_signal","saga.mission","Grounded Signal","mission map preview thumbnail","Design/SagaChapters","Campaign Map, Mission Briefing, Skirmish","Assets/Game/Art/UI/Generated/MissionArt/saga_ch04_m04_grounded_signal_MapPreview.png","missing","not_reviewed","not_started","chapter04"
"saga.ch04.m04.grounded_signal","saga.mission","Grounded Signal","mission minimap art","Design/SagaChapters","Battle HUD minimap, Mission Briefing","Assets/Game/Art/UI/Generated/MissionArt/saga_ch04_m04_grounded_signal_Minimap.png","missing","not_reviewed","not_started","chapter04"
"saga.ch04.m05.armor_break","saga.mission","Armor Break","mission key art / briefing hero","Design/SagaChapters","Campaign Map, Mission Briefing, Mission Result","Assets/Game/Art/UI/Generated/MissionArt/saga_ch04_m05_armor_break_KeyArt.png","missing","not_reviewed","not_started","chapter04"
"saga.ch04.m05.armor_break","saga.mission","Armor Break","mission map preview thumbnail","Design/SagaChapters","Campaign Map, Mission Briefing, Skirmish","Assets/Game/Art/UI/Generated/MissionArt/saga_ch04_m05_armor_break_MapPreview.png","missing","not_reviewed","not_started","chapter04"
"saga.ch04.m05.armor_break","saga.mission","Armor Break","mission minimap art","Design/SagaChapters","Battle HUD minimap, Mission Briefing","Assets/Game/Art/UI/Generated/MissionArt/saga_ch04_m05_armor_break_Minimap.png","missing","not_reviewed","not_started","chapter04"
"saga.ch05.m01.citywide_alert","saga.mission","Citywide Alert","mission key art / briefing hero","Design/SagaChapters","Campaign Map, Mission Briefing, Mission Result","Assets/Game/Art/UI/Generated/MissionArt/saga_ch05_m01_citywide_alert_KeyArt.png","missing","not_reviewed","not_started","chapter05"
"saga.ch05.m01.citywide_alert","saga.mission","Citywide Alert","mission map preview thumbnail","Design/SagaChapters","Campaign Map, Mission Briefing, Skirmish","Assets/Game/Art/UI/Generated/MissionArt/saga_ch05_m01_citywide_alert_MapPreview.png","missing","not_reviewed","not_started","chapter05"
"saga.ch05.m01.citywide_alert","saga.mission","Citywide Alert","mission minimap art","Design/SagaChapters","Battle HUD minimap, Mission Briefing","Assets/Game/Art/UI/Generated/MissionArt/saga_ch05_m01_citywide_alert_Minimap.png","missing","not_reviewed","not_started","chapter05"
"saga.ch05.m02.trust_under_fire","saga.mission","Trust Under Fire","mission key art / briefing hero","Design/SagaChapters","Campaign Map, Mission Briefing, Mission Result","Assets/Game/Art/UI/Generated/MissionArt/saga_ch05_m02_trust_under_fire_KeyArt.png","missing","not_reviewed","not_started","chapter05"
"saga.ch05.m02.trust_under_fire","saga.mission","Trust Under Fire","mission map preview thumbnail","Design/SagaChapters","Campaign Map, Mission Briefing, Skirmish","Assets/Game/Art/UI/Generated/MissionArt/saga_ch05_m02_trust_under_fire_MapPreview.png","missing","not_reviewed","not_started","chapter05"
"saga.ch05.m02.trust_under_fire","saga.mission","Trust Under Fire","mission minimap art","Design/SagaChapters","Battle HUD minimap, Mission Briefing","Assets/Game/Art/UI/Generated/MissionArt/saga_ch05_m02_trust_under_fire_Minimap.png","missing","not_reviewed","not_started","chapter05"
"saga.ch05.m03.network_collapse","saga.mission","Network Collapse","mission key art / briefing hero","Design/SagaChapters","Campaign Map, Mission Briefing, Mission Result","Assets/Game/Art/UI/Generated/MissionArt/saga_ch05_m03_network_collapse_KeyArt.png","missing","not_reviewed","not_started","chapter05"
"saga.ch05.m03.network_collapse","saga.mission","Network Collapse","mission map preview thumbnail","Design/SagaChapters","Campaign Map, Mission Briefing, Skirmish","Assets/Game/Art/UI/Generated/MissionArt/saga_ch05_m03_network_collapse_MapPreview.png","missing","not_reviewed","not_started","chapter05"
"saga.ch05.m03.network_collapse","saga.mission","Network Collapse","mission minimap art","Design/SagaChapters","Battle HUD minimap, Mission Briefing","Assets/Game/Art/UI/Generated/MissionArt/saga_ch05_m03_network_collapse_Minimap.png","missing","not_reviewed","not_started","chapter05"
"saga.ch05.m04.last_corridor","saga.mission","Last Corridor","mission key art / briefing hero","Design/SagaChapters","Campaign Map, Mission Briefing, Mission Result","Assets/Game/Art/UI/Generated/MissionArt/saga_ch05_m04_last_corridor_KeyArt.png","missing","not_reviewed","not_started","chapter05"
"saga.ch05.m04.last_corridor","saga.mission","Last Corridor","mission map preview thumbnail","Design/SagaChapters","Campaign Map, Mission Briefing, Skirmish","Assets/Game/Art/UI/Generated/MissionArt/saga_ch05_m04_last_corridor_MapPreview.png","missing","not_reviewed","not_started","chapter05"
"saga.ch05.m04.last_corridor","saga.mission","Last Corridor","mission minimap art","Design/SagaChapters","Battle HUD minimap, Mission Briefing","Assets/Game/Art/UI/Generated/MissionArt/saga_ch05_m04_last_corridor_Minimap.png","missing","not_reviewed","not_started","chapter05"
"saga.ch05.m05.command_node","saga.mission","Command Node","mission key art / briefing hero","Design/SagaChapters","Campaign Map, Mission Briefing, Mission Result","Assets/Game/Art/UI/Generated/MissionArt/saga_ch05_m05_command_node_KeyArt.png","missing","not_reviewed","not_started","chapter05"
"saga.ch05.m05.command_node","saga.mission","Command Node","mission map preview thumbnail","Design/SagaChapters","Campaign Map, Mission Briefing, Skirmish","Assets/Game/Art/UI/Generated/MissionArt/saga_ch05_m05_command_node_MapPreview.png","missing","not_reviewed","not_started","chapter05"
"saga.ch05.m05.command_node","saga.mission","Command Node","mission minimap art","Design/SagaChapters","Battle HUD minimap, Mission Briefing","Assets/Game/Art/UI/Generated/MissionArt/saga_ch05_m05_command_node_Minimap.png","missing","not_reviewed","not_started","chapter05"
"level.ch01.district_edge_01","saga.level","level.ch01.district_edge_01","native-resolution tactical map/chunk set for unit-readable gameplay scale","Design/SagaChapters/Saga_Chapter01_First_Response.md","First Contact","Assets/Game/Art/Generated/IsometricMaps/SagaChapter01/level_ch01_district_edge_01/","missing","not_reviewed","not_started","Do not upscale; author at intended camera/unit scale; complete requires TacticalMapDefinition metadata, minimap mapping, and validation scene."
"level.ch01.forward_post_01","saga.level","level.ch01.forward_post_01","native-resolution tactical map/chunk set for unit-readable gameplay scale","Design/SagaChapters/Saga_Chapter01_First_Response.md","Establish The Base","Assets/Game/Art/Generated/IsometricMaps/SagaChapter01/level_ch01_forward_post_01/","missing","not_reviewed","not_started","Do not upscale; author at intended camera/unit scale; complete requires TacticalMapDefinition metadata, minimap mapping, and validation scene."
"level.ch01.convoy_approach_01","saga.level","level.ch01.convoy_approach_01","native-resolution tactical map/chunk set for unit-readable gameplay scale","Design/SagaChapters/Saga_Chapter01_First_Response.md","Radar Warning","Assets/Game/Art/Generated/IsometricMaps/SagaChapter01/level_ch01_convoy_approach_01/","missing","not_reviewed","not_started","Do not upscale; author at intended camera/unit scale; complete requires TacticalMapDefinition metadata, minimap mapping, and validation scene."
"level.ch01.landing_zone_01","saga.level","level.ch01.landing_zone_01","native-resolution tactical map/chunk set for unit-readable gameplay scale","Design/SagaChapters/Saga_Chapter01_First_Response.md","Airlift","Assets/Game/Art/Generated/IsometricMaps/SagaChapter01/level_ch01_landing_zone_01/","missing","not_reviewed","not_started","Do not upscale; author at intended camera/unit scale; complete requires TacticalMapDefinition metadata, minimap mapping, and validation scene."
"level.ch01.fortified_node_01","saga.level","level.ch01.fortified_node_01","native-resolution tactical map/chunk set for unit-readable gameplay scale","Design/SagaChapters/Saga_Chapter01_First_Response.md","Breach Assault","Assets/Game/Art/Generated/IsometricMaps/SagaChapter01/level_ch01_fortified_node_01/","missing","not_reviewed","not_started","Do not upscale; author at intended camera/unit scale; complete requires TacticalMapDefinition metadata, minimap mapping, and validation scene."
"iso.ch01.district_edge_01.metadata","saga.level","M01 TacticalMapDefinition","metadata package: walkable, road, sidewalk, blockers, spawn, route, objective, minimap mapping, camera bounds","Design/M01_FirstContact_Production_Contract.md","First Contact, pathfinding, FTUE, HUD, minimap, VFX/audio anchors","Assets/Game/Data/TacticalMaps/Chapter01/iso.ch01.district_edge_01.asset","missing","not_reviewed","not_started","Required before M01 playable validation; not a PNG but tracked as production asset."
"iso.ch01.district_edge_01.validation_scene","saga.level","M01 Tactical Validation Scene","Unity validation scene with art-only, metadata overlay, selected unit, move/attack markers, minimap/objective jump, result flow","Design/M01_FirstContact_Production_Contract.md","First Contact validation","Assets/Game/Scenes/DesignTargets/Chapter01/Chapter01_M01_TacticalValidation.unity","missing","not_reviewed","not_started","Scene must prove tactical ground, metadata, UI feedback, and gameplay scale together."
"marker.selection.ring","combat.unitCommand","Selection Ring Marker","world overlay marker for selected units at tactical close camera scale","Design/M01_FirstContact_Production_Contract.md","Battle HUD, FTUE, tactical gameplay feedback","Assets/Game/Art/Generated/2DISO/VFX/Markers/marker_selection_ring.png","missing","not_reviewed","not_started","Separate overlay; never baked into unit or ground art."
"marker.move.destination","combat.unitCommand","Move Destination Marker","world overlay marker for accepted move commands","Design/M01_FirstContact_Production_Contract.md","Battle HUD, FTUE, tactical gameplay feedback","Assets/Game/Art/Generated/2DISO/VFX/Markers/marker_move_destination.png","missing","not_reviewed","not_started","Separate overlay; anchored to walkable tactical metadata cell."
"marker.attack.target","combat.unitCommand","Attack Target Marker","world overlay marker for accepted attack commands","Design/M01_FirstContact_Production_Contract.md","Battle HUD, FTUE, tactical gameplay feedback","Assets/Game/Art/Generated/2DISO/VFX/Markers/marker_attack_target.png","missing","not_reviewed","not_started","Separate overlay; anchored to hostile runtime entity."
"marker.objective.focus","combat.unitCommand","Objective Focus Marker","world overlay marker for objective row jump and ARIA highlight","Design/M01_FirstContact_Production_Contract.md","Battle HUD objective tracker, FTUE, minimap/objective jump","Assets/Game/Art/Generated/2DISO/VFX/Markers/marker_objective_focus.png","missing","not_reviewed","not_started","Separate overlay; anchored to objective metadata."
"vfx.impact.light","combat.unitCommand","Light Impact VFX","small readable 2D iso hit feedback at tactical camera scale","Design/M01_FirstContact_Production_Contract.md","M01 attack feedback, later combat feedback","Assets/Game/Art/Generated/2DISO/VFX/Impact/vfx_impact_light.asset","missing","not_reviewed","not_started","May use temporary approved FX until final 2D iso VFX exists."
"vfx.unit.destroyed.small","combat.unitCommand","Small Unit Destroyed VFX","small readable destruction/death feedback for patrol objective completion","Design/M01_FirstContact_Production_Contract.md","M01 objective completion feedback","Assets/Game/Art/Generated/2DISO/VFX/Impact/vfx_unit_destroyed_small.asset","missing","not_reviewed","not_started","Must not obscure objective marker or HUD-critical view."
"SCN-01_SplashLoading","ui.surface","Splash / Loading","layer pack manifest and separated reusable UI art","Design/UIUX_Mockup_To_Canvas_Conversion_Plan.md","UI implementation approval","Design/VisualLockLayered/SCN-01_SplashLoading/layer_manifest.json","missing","not_reviewed","not_started","Layer-pack existence is not final visual approval."
"SCN-01_SplashLoading","ui.surface","Splash / Loading","Unity prefab wired to approved art","Assets/Game/Prefabs/UI","runtime UI","Assets/Game/Prefabs/UI/Screens/Screen_Splash.prefab","exists_needs_review","not_reviewed","not_started","Needs rendered capture approval before complete."
"SCN-02_MainMenu","ui.surface","Main Menu / Mode Select","layer pack manifest and separated reusable UI art","Design/UIUX_Mockup_To_Canvas_Conversion_Plan.md","UI implementation approval","Design/VisualLockLayered/SCN-02_MainMenu/layer_manifest.json","missing","not_reviewed","not_started","Layer-pack existence is not final visual approval."
"SCN-02_MainMenu","ui.surface","Main Menu / Mode Select","Unity prefab wired to approved art","Assets/Game/Prefabs/UI","runtime UI","Assets/Game/Prefabs/UI/Screens/Screen_MainMenu.prefab","exists_needs_review","not_reviewed","not_started","Needs rendered capture approval before complete."
"SCN-03_CommanderProfile","ui.surface","Commander Profile","layer pack manifest and separated reusable UI art","Design/UIUX_Mockup_To_Canvas_Conversion_Plan.md","UI implementation approval","Design/VisualLockLayered/SCN-03_CommanderProfile/layer_manifest.json","exists_needs_review","not_reviewed","not_started","Layer-pack existence is not final visual approval."
"SCN-03_CommanderProfile","ui.surface","Commander Profile","Unity prefab wired to approved art","Assets/Game/Prefabs/UI","runtime UI","Assets/Game/Prefabs/UI/Screens/Screen_CommanderProfile.prefab","exists_needs_review","not_reviewed","not_started","Needs rendered capture approval before complete."
"SCN-04_SettingsAccessibility","ui.surface","Settings / Accessibility","layer pack manifest and separated reusable UI art","Design/UIUX_Mockup_To_Canvas_Conversion_Plan.md","UI implementation approval","Design/VisualLockLayered/SCN-04_SettingsAccessibility/layer_manifest.json","missing","not_reviewed","not_started","Layer-pack existence is not final visual approval."
"SCN-04_SettingsAccessibility","ui.surface","Settings / Accessibility","Unity prefab wired to approved art","Assets/Game/Prefabs/UI","runtime UI","Assets/Game/Prefabs/UI/Screens/Screen_Settings.prefab","exists_needs_review","not_reviewed","not_started","Needs rendered capture approval before complete."
"SCN-05_CampaignMap","ui.surface","Campaign Map","layer pack manifest and separated reusable UI art","Design/UIUX_Mockup_To_Canvas_Conversion_Plan.md","UI implementation approval","Design/VisualLockLayered/SCN-05_CampaignMap/layer_manifest.json","exists_needs_review","not_reviewed","not_started","Layer-pack existence is not final visual approval."
"SCN-05_CampaignMap","ui.surface","Campaign Map","Unity prefab wired to approved art","Assets/Game/Prefabs/UI","runtime UI","Assets/Game/Prefabs/UI/Screens/Screen_CampaignMap.prefab","exists_needs_review","not_reviewed","not_started","Needs rendered capture approval before complete."
"SCN-06_MissionBriefing","ui.surface","Mission Briefing","layer pack manifest and separated reusable UI art","Design/UIUX_Mockup_To_Canvas_Conversion_Plan.md","UI implementation approval","Design/VisualLockLayered/SCN-06_MissionBriefing/layer_manifest.json","exists_needs_review","not_reviewed","not_started","Layer-pack existence is not final visual approval."
"SCN-06_MissionBriefing","ui.surface","Mission Briefing","Unity prefab wired to approved art","Assets/Game/Prefabs/UI","runtime UI","Assets/Game/Prefabs/UI/Screens/Screen_MissionBriefing.prefab","exists_needs_review","not_reviewed","not_started","Needs rendered capture approval before complete."
"SCN-07_LoadoutSquadPrep","ui.surface","Loadout / Squad Prep","layer pack manifest and separated reusable UI art","Design/UIUX_Mockup_To_Canvas_Conversion_Plan.md","UI implementation approval","Design/VisualLockLayered/SCN-07_LoadoutSquadPrep/layer_manifest.json","exists_needs_review","not_reviewed","not_started","Layer-pack existence is not final visual approval."
"SCN-07_LoadoutSquadPrep","ui.surface","Loadout / Squad Prep","Unity prefab wired to approved art","Assets/Game/Prefabs/UI","runtime UI","Assets/Game/Prefabs/UI/Screens/Screen_LoadoutSquadPrep.prefab","exists_needs_review","not_reviewed","not_started","Needs rendered capture approval before complete."
"SCN-08_RTSBattleHUD","ui.surface","RTS Battle HUD","layer pack manifest and separated reusable UI art","Design/UIUX_Mockup_To_Canvas_Conversion_Plan.md","UI implementation approval","Design/VisualLockLayered/SCN-08_RTSBattleHUD/layer_manifest.json","exists_needs_review","not_reviewed","not_started","Layer-pack existence is not final visual approval."
"SCN-08_RTSBattleHUD","ui.surface","RTS Battle HUD","Unity prefab wired to approved art","Assets/Game/Prefabs/UI","runtime UI","Assets/Game/Prefabs/UI/Screens/Screen_MatchOverlay.prefab","exists_needs_review","not_reviewed","not_started","Needs rendered capture approval before complete."
"SCN-09_BuildDrawerProduction","ui.surface","Build Drawer / Production","layer pack manifest and separated reusable UI art","Design/UIUX_Mockup_To_Canvas_Conversion_Plan.md","UI implementation approval","Design/VisualLockLayered/SCN-09_BuildDrawerProduction/layer_manifest.json","missing","not_reviewed","not_started","Layer-pack existence is not final visual approval."
"SCN-09_BuildDrawerProduction","ui.surface","Build Drawer / Production","Unity prefab wired to approved art","Assets/Game/Prefabs/UI","runtime UI","Assets/Game/Prefabs/UI/Popups/BuildPlacementPanel.prefab","exists_needs_review","not_reviewed","not_started","Needs rendered capture approval before complete."
"SCN-10_UnitCommandWheel","ui.surface","Unit Command Wheel","layer pack manifest and separated reusable UI art","Design/UIUX_Mockup_To_Canvas_Conversion_Plan.md","UI implementation approval","Design/VisualLockLayered/SCN-10_UnitCommandWheel/layer_manifest.json","exists_needs_review","not_reviewed","not_started","Layer-pack existence is not final visual approval."
"SCN-11_OperationsDashboard","ui.surface","Operations Dashboard","layer pack manifest and separated reusable UI art","Design/UIUX_Mockup_To_Canvas_Conversion_Plan.md","UI implementation approval","Design/VisualLockLayered/SCN-11_OperationsDashboard/layer_manifest.json","exists_needs_review","not_reviewed","not_started","Layer-pack existence is not final visual approval."
"SCN-11_OperationsDashboard","ui.surface","Operations Dashboard","Unity prefab wired to approved art","Assets/Game/Prefabs/UI","runtime UI","Assets/Game/Prefabs/UI/Screens/Screen_OperationsDashboard.prefab","exists_needs_review","not_reviewed","not_started","Needs rendered capture approval before complete."
"SCN-12_DistrictDetailActions","ui.surface","District Detail / Actions","layer pack manifest and separated reusable UI art","Design/UIUX_Mockup_To_Canvas_Conversion_Plan.md","UI implementation approval","Design/VisualLockLayered/SCN-12_DistrictDetailActions/layer_manifest.json","exists_needs_review","not_reviewed","not_started","Layer-pack existence is not final visual approval."
"SCN-12_DistrictDetailActions","ui.surface","District Detail / Actions","Unity prefab wired to approved art","Assets/Game/Prefabs/UI","runtime UI","Assets/Game/Prefabs/UI/Screens/Screen_DistrictDetail.prefab","exists_needs_review","not_reviewed","not_started","Needs rendered capture approval before complete."
"SCN-13_SkirmishSetup","ui.surface","Skirmish Setup","layer pack manifest and separated reusable UI art","Design/UIUX_Mockup_To_Canvas_Conversion_Plan.md","UI implementation approval","Design/VisualLockLayered/SCN-13_SkirmishSetup/layer_manifest.json","missing","not_reviewed","not_started","Layer-pack existence is not final visual approval."
"SCN-13_SkirmishSetup","ui.surface","Skirmish Setup","Unity prefab wired to approved art","Assets/Game/Prefabs/UI","runtime UI","Assets/Game/Prefabs/UI/Screens/Screen_SkirmishSetup.prefab","exists_needs_review","not_reviewed","not_started","Needs rendered capture approval before complete."
"SCN-14_CommandExchange","ui.surface","Store / Command Exchange","layer pack manifest and separated reusable UI art","Design/UIUX_Mockup_To_Canvas_Conversion_Plan.md","UI implementation approval","Design/VisualLockLayered/SCN-14_CommandExchange/layer_manifest.json","exists_needs_review","not_reviewed","not_started","Layer-pack existence is not final visual approval."
"SCN-14_CommandExchange","ui.surface","Store / Command Exchange","Unity prefab wired to approved art","Assets/Game/Prefabs/UI","runtime UI","Assets/Game/Prefabs/UI/Screens/Screen_CommandExchange.prefab","exists_needs_review","not_reviewed","not_started","Needs rendered capture approval before complete."
"SCN-15_Inbox","ui.surface","Inbox","layer pack manifest and separated reusable UI art","Design/UIUX_Mockup_To_Canvas_Conversion_Plan.md","UI implementation approval","Design/VisualLockLayered/SCN-15_Inbox/layer_manifest.json","exists_needs_review","not_reviewed","not_started","Layer-pack existence is not final visual approval."
"SCN-15_Inbox","ui.surface","Inbox","Unity prefab wired to approved art","Assets/Game/Prefabs/UI","runtime UI","Assets/Game/Prefabs/UI/Screens/Screen_Inbox.prefab","exists_needs_review","not_reviewed","not_started","Needs rendered capture approval before complete."
"SCN-16_Events","ui.surface","Events","layer pack manifest and separated reusable UI art","Design/UIUX_Mockup_To_Canvas_Conversion_Plan.md","UI implementation approval","Design/VisualLockLayered/SCN-16_Events/layer_manifest.json","exists_needs_review","not_reviewed","not_started","Layer-pack existence is not final visual approval."
"SCN-16_Events","ui.surface","Events","Unity prefab wired to approved art","Assets/Game/Prefabs/UI","runtime UI","Assets/Game/Prefabs/UI/Screens/Screen_Events.prefab","exists_needs_review","not_reviewed","not_started","Needs rendered capture approval before complete."
"SCN-17_Ranking","ui.surface","Ranking","layer pack manifest and separated reusable UI art","Design/UIUX_Mockup_To_Canvas_Conversion_Plan.md","UI implementation approval","Design/VisualLockLayered/SCN-17_Ranking/layer_manifest.json","exists_needs_review","not_reviewed","not_started","Layer-pack existence is not final visual approval."
"SCN-17_Ranking","ui.surface","Ranking","Unity prefab wired to approved art","Assets/Game/Prefabs/UI","runtime UI","Assets/Game/Prefabs/UI/Screens/Screen_Ranking.prefab","exists_needs_review","not_reviewed","not_started","Needs rendered capture approval before complete."
"SCN-18_CommandFeed","ui.surface","Command Feed","layer pack manifest and separated reusable UI art","Design/UIUX_Mockup_To_Canvas_Conversion_Plan.md","UI implementation approval","Design/VisualLockLayered/SCN-18_CommandFeed/layer_manifest.json","exists_needs_review","not_reviewed","not_started","Layer-pack existence is not final visual approval."
"SCN-18_CommandFeed","ui.surface","Command Feed","Unity prefab wired to approved art","Assets/Game/Prefabs/UI","runtime UI","Assets/Game/Prefabs/UI/Screens/Screen_CommandFeed.prefab","exists_needs_review","not_reviewed","not_started","Needs rendered capture approval before complete."
"SCN-19_Armory","ui.surface","Armory","layer pack manifest and separated reusable UI art","Design/UIUX_Mockup_To_Canvas_Conversion_Plan.md","UI implementation approval","Design/VisualLockLayered/SCN-19_Armory/layer_manifest.json","exists_needs_review","not_reviewed","not_started","Layer-pack existence is not final visual approval."
"SCN-19_Armory","ui.surface","Armory","Unity prefab wired to approved art","Assets/Game/Prefabs/UI","runtime UI","Assets/Game/Prefabs/UI/Screens/Screen_Armory.prefab","exists_needs_review","not_reviewed","not_started","Needs rendered capture approval before complete."
"POP-01_ThreatAlert","ui.surface","Threat Alert","layer pack manifest and separated reusable UI art","Design/UIUX_Mockup_To_Canvas_Conversion_Plan.md","UI implementation approval","Design/VisualLockLayered/POP-01_ThreatAlert/layer_manifest.json","exists_needs_review","not_reviewed","not_started","Layer-pack existence is not final visual approval."
"POP-01_ThreatAlert","ui.surface","Threat Alert","Unity prefab wired to approved art","Assets/Game/Prefabs/UI","runtime UI","Assets/Game/Prefabs/UI/Popups/ThreatAlertPopup.prefab","exists_needs_review","not_reviewed","not_started","Needs rendered capture approval before complete."
"POP-02_ConfirmRaid","ui.surface","Confirm Raid","layer pack manifest and separated reusable UI art","Design/UIUX_Mockup_To_Canvas_Conversion_Plan.md","UI implementation approval","Design/VisualLockLayered/POP-02_ConfirmRaid/layer_manifest.json","exists_needs_review","not_reviewed","not_started","Layer-pack existence is not final visual approval."
"POP-02_ConfirmRaid","ui.surface","Confirm Raid","Unity prefab wired to approved art","Assets/Game/Prefabs/UI","runtime UI","Assets/Game/Prefabs/UI/Popups/ConfirmRaidPopup.prefab","exists_needs_review","not_reviewed","not_started","Needs rendered capture approval before complete."
"POP-03_BuildPlacement","ui.surface","Build Placement","layer pack manifest and separated reusable UI art","Design/UIUX_Mockup_To_Canvas_Conversion_Plan.md","UI implementation approval","Design/VisualLockLayered/POP-03_BuildPlacement/layer_manifest.json","exists_needs_review","not_reviewed","not_started","Layer-pack existence is not final visual approval."
"POP-03_BuildPlacement","ui.surface","Build Placement","Unity prefab wired to approved art","Assets/Game/Prefabs/UI","runtime UI","Assets/Game/Prefabs/UI/Popups/BuildPlacementPanel.prefab","exists_needs_review","not_reviewed","not_started","Needs rendered capture approval before complete."
"POP-04_RewardUnlock","ui.surface","Reward Unlock","layer pack manifest and separated reusable UI art","Design/UIUX_Mockup_To_Canvas_Conversion_Plan.md","UI implementation approval","Design/VisualLockLayered/POP-04_RewardUnlock/layer_manifest.json","exists_needs_review","not_reviewed","not_started","Layer-pack existence is not final visual approval."
"POP-04_RewardUnlock","ui.surface","Reward Unlock","Unity prefab wired to approved art","Assets/Game/Prefabs/UI","runtime UI","Assets/Game/Prefabs/UI/Popups/RewardUnlockPopup.prefab","exists_needs_review","not_reviewed","not_started","Needs rendered capture approval before complete."
"POP-05_MissionResult","ui.surface","Mission Result","layer pack manifest and separated reusable UI art","Design/UIUX_Mockup_To_Canvas_Conversion_Plan.md","UI implementation approval","Design/VisualLockLayered/POP-05_MissionResult/layer_manifest.json","exists_needs_review","not_reviewed","not_started","Layer-pack existence is not final visual approval."
"POP-05_MissionResult","ui.surface","Mission Result","Unity prefab wired to approved art","Assets/Game/Prefabs/UI","runtime UI","Assets/Game/Prefabs/UI/Popups/MissionResultPopup.prefab","exists_needs_review","not_reviewed","not_started","Needs rendered capture approval before complete."
"POP-06_EndOfDayReport","ui.surface","End Of Day Report","layer pack manifest and separated reusable UI art","Design/UIUX_Mockup_To_Canvas_Conversion_Plan.md","UI implementation approval","Design/VisualLockLayered/POP-06_EndOfDayReport/layer_manifest.json","exists_needs_review","not_reviewed","not_started","Layer-pack existence is not final visual approval."
"POP-06_EndOfDayReport","ui.surface","End Of Day Report","Unity prefab wired to approved art","Assets/Game/Prefabs/UI","runtime UI","Assets/Game/Prefabs/UI/Popups/EndOfDayReportPopup.prefab","exists_needs_review","not_reviewed","not_started","Needs rendered capture approval before complete."
"POP-07_PauseOptions","ui.surface","Pause / Options","layer pack manifest and separated reusable UI art","Design/UIUX_Mockup_To_Canvas_Conversion_Plan.md","UI implementation approval","Design/VisualLockLayered/POP-07_PauseOptions/layer_manifest.json","exists_needs_review","not_reviewed","not_started","Layer-pack existence is not final visual approval."
"POP-07_PauseOptions","ui.surface","Pause / Options","Unity prefab wired to approved art","Assets/Game/Prefabs/UI","runtime UI","Assets/Game/Prefabs/UI/Popups/PauseMenuPopup.prefab","exists_needs_review","not_reviewed","not_started","Needs rendered capture approval before complete."
"POP-08_IntelReveal","ui.surface","Intel Reveal","layer pack manifest and separated reusable UI art","Design/UIUX_Mockup_To_Canvas_Conversion_Plan.md","UI implementation approval","Design/VisualLockLayered/POP-08_IntelReveal/layer_manifest.json","exists_needs_review","not_reviewed","not_started","Layer-pack existence is not final visual approval."
"POP-08_IntelReveal","ui.surface","Intel Reveal","Unity prefab wired to approved art","Assets/Game/Prefabs/UI","runtime UI","Assets/Game/Prefabs/UI/Popups/IntelRevealPopup.prefab","exists_needs_review","not_reviewed","not_started","Needs rendered capture approval before complete."
"POP-09_AbilityUpgradeDetail","ui.surface","Ability / Upgrade Detail","layer pack manifest and separated reusable UI art","Design/UIUX_Mockup_To_Canvas_Conversion_Plan.md","UI implementation approval","Design/VisualLockLayered/POP-09_AbilityUpgradeDetail/layer_manifest.json","exists_needs_review","not_reviewed","not_started","Layer-pack existence is not final visual approval."
"POP-09_AbilityUpgradeDetail","ui.surface","Ability / Upgrade Detail","Unity prefab wired to approved art","Assets/Game/Prefabs/UI","runtime UI","Assets/Game/Prefabs/UI/Popups/AbilityUpgradeDetailPopup.prefab","exists_needs_review","not_reviewed","not_started","Needs rendered capture approval before complete."
"PREFAB-01_ObjectiveTracker","ui.surface","Objective Tracker","layer pack manifest and separated reusable UI art","Design/UIUX_Mockup_To_Canvas_Conversion_Plan.md","UI implementation approval","Design/VisualLockLayered/PREFAB-01_ObjectiveTracker/layer_manifest.json","missing","not_reviewed","not_started","Layer-pack existence is not final visual approval."
"PREFAB-01_ObjectiveTracker","ui.surface","Objective Tracker","Unity prefab wired to approved art","Assets/Game/Prefabs/UI","runtime UI","Assets/Game/Prefabs/UI/Components/ObjectiveRowView.prefab","exists_needs_review","not_reviewed","not_started","Needs rendered capture approval before complete."
"PREFAB-02_SquadTray","ui.surface","Squad Tray","layer pack manifest and separated reusable UI art","Design/UIUX_Mockup_To_Canvas_Conversion_Plan.md","UI implementation approval","Design/VisualLockLayered/PREFAB-02_SquadTray/layer_manifest.json","missing","not_reviewed","not_started","Layer-pack existence is not final visual approval."
"PREFAB-03_BuildDrawer","ui.surface","Build Drawer","layer pack manifest and separated reusable UI art","Design/UIUX_Mockup_To_Canvas_Conversion_Plan.md","UI implementation approval","Design/VisualLockLayered/PREFAB-03_BuildDrawer/layer_manifest.json","missing","not_reviewed","not_started","Layer-pack existence is not final visual approval."
"PREFAB-03_BuildDrawer","ui.surface","Build Drawer","Unity prefab wired to approved art","Assets/Game/Prefabs/UI","runtime UI","Assets/Game/Prefabs/UI/Popups/BuildPlacementPanel.prefab","exists_needs_review","not_reviewed","not_started","Needs rendered capture approval before complete."
"pc.starter.recon.entry","store.product","pc.starter.recon.entry","store product card art, product icon, reward content thumbnails, owned/locked/purchase-state visuals","Design/Monetization/Monetization_Store_Catalog.md","SCN-14 Store / Command Exchange","Assets/Game/Art/UI/Generated/Store/Products/pc_starter_recon_entry_Card.png","missing","not_reviewed","not_started",""
"pc.starter.base_builder.core","store.product","pc.starter.base_builder.core","store product card art, product icon, reward content thumbnails, owned/locked/purchase-state visuals","Design/Monetization/Monetization_Store_Catalog.md","SCN-14 Store / Command Exchange","Assets/Game/Art/UI/Generated/Store/Products/pc_starter_base_builder_core_Card.png","missing","not_reviewed","not_started",""
"pc.starter.operation_founder.premium","store.product","pc.starter.operation_founder.premium","store product card art, product icon, reward content thumbnails, owned/locked/purchase-state visuals","Design/Monetization/Monetization_Store_Catalog.md","SCN-14 Store / Command Exchange","Assets/Game/Art/UI/Generated/Store/Products/pc_starter_operation_founder_premium_Card.png","missing","not_reviewed","not_started",""
"pc.featured.command_ready.week01","store.product","pc.featured.command_ready.week01","store product card art, product icon, reward content thumbnails, owned/locked/purchase-state visuals","Design/Monetization/Monetization_Store_Catalog.md","SCN-14 Store / Command Exchange","Assets/Game/Art/UI/Generated/Store/Products/pc_featured_command_ready_week01_Card.png","missing","not_reviewed","not_started",""
"pc.featured.airlift_support.week01","store.product","pc.featured.airlift_support.week01","store product card art, product icon, reward content thumbnails, owned/locked/purchase-state visuals","Design/Monetization/Monetization_Store_Catalog.md","SCN-14 Store / Command Exchange","Assets/Game/Art/UI/Generated/Store/Products/pc_featured_airlift_support_week01_Card.png","missing","not_reviewed","not_started",""
"pc.featured.district_recovery.week01","store.product","pc.featured.district_recovery.week01","store product card art, product icon, reward content thumbnails, owned/locked/purchase-state visuals","Design/Monetization/Monetization_Store_Catalog.md","SCN-14 Store / Command Exchange","Assets/Game/Art/UI/Generated/Store/Products/pc_featured_district_recovery_week01_Card.png","missing","not_reviewed","not_started",""
"pc.resource.command_authority.small","store.product","pc.resource.command_authority.small","store product card art, product icon, reward content thumbnails, owned/locked/purchase-state visuals","Design/Monetization/Monetization_Store_Catalog.md","SCN-14 Store / Command Exchange","Assets/Game/Art/UI/Generated/Store/Products/pc_resource_command_authority_small_Card.png","missing","not_reviewed","not_started",""
"pc.resource.command_authority.medium","store.product","pc.resource.command_authority.medium","store product card art, product icon, reward content thumbnails, owned/locked/purchase-state visuals","Design/Monetization/Monetization_Store_Catalog.md","SCN-14 Store / Command Exchange","Assets/Game/Art/UI/Generated/Store/Products/pc_resource_command_authority_medium_Card.png","missing","not_reviewed","not_started",""
"pc.resource.command_authority.large","store.product","pc.resource.command_authority.large","store product card art, product icon, reward content thumbnails, owned/locked/purchase-state visuals","Design/Monetization/Monetization_Store_Catalog.md","SCN-14 Store / Command Exchange","Assets/Game/Art/UI/Generated/Store/Products/pc_resource_command_authority_large_Card.png","missing","not_reviewed","not_started",""
"pc.resource.credits.small","store.product","pc.resource.credits.small","store product card art, product icon, reward content thumbnails, owned/locked/purchase-state visuals","Design/Monetization/Monetization_Store_Catalog.md","SCN-14 Store / Command Exchange","Assets/Game/Art/UI/Generated/Store/Products/pc_resource_credits_small_Card.png","missing","not_reviewed","not_started",""
"pc.resource.materials.small","store.product","pc.resource.materials.small","store product card art, product icon, reward content thumbnails, owned/locked/purchase-state visuals","Design/Monetization/Monetization_Store_Catalog.md","SCN-14 Store / Command Exchange","Assets/Game/Art/UI/Generated/Store/Products/pc_resource_materials_small_Card.png","missing","not_reviewed","not_started",""
"pc.armory.ranger_parts.common","store.product","pc.armory.ranger_parts.common","store product card art, product icon, reward content thumbnails, owned/locked/purchase-state visuals","Design/Monetization/Monetization_Store_Catalog.md","SCN-14 Store / Command Exchange","Assets/Game/Art/UI/Generated/Store/Products/pc_armory_ranger_parts_common_Card.png","missing","not_reviewed","not_started",""
"pc.armory.apc_upgrade.rare","store.product","pc.armory.apc_upgrade.rare","store product card art, product icon, reward content thumbnails, owned/locked/purchase-state visuals","Design/Monetization/Monetization_Store_Catalog.md","SCN-14 Store / Command Exchange","Assets/Game/Art/UI/Generated/Store/Products/pc_armory_apc_upgrade_rare_Card.png","missing","not_reviewed","not_started",""
"pc.armory.support_drone.rare","store.product","pc.armory.support_drone.rare","store product card art, product icon, reward content thumbnails, owned/locked/purchase-state visuals","Design/Monetization/Monetization_Store_Catalog.md","SCN-14 Store / Command Exchange","Assets/Game/Art/UI/Generated/Store/Products/pc_armory_support_drone_rare_Card.png","missing","not_reviewed","not_started",""
"pc.armory.queue_rush.utility","store.product","pc.armory.queue_rush.utility","store product card art, product icon, reward content thumbnails, owned/locked/purchase-state visuals","Design/Monetization/Monetization_Store_Catalog.md","SCN-14 Store / Command Exchange","Assets/Game/Art/UI/Generated/Store/Products/pc_armory_queue_rush_utility_Card.png","missing","not_reviewed","not_started",""
"pc.cosmetic.commander_frame.blue_vanguard","store.product","pc.cosmetic.commander_frame.blue_vanguard","store product card art, product icon, reward content thumbnails, owned/locked/purchase-state visuals","Design/Monetization/Monetization_Store_Catalog.md","SCN-14 Store / Command Exchange","Assets/Game/Art/UI/Generated/Store/Products/pc_cosmetic_commander_frame_blue_vanguard_Card.png","missing","not_reviewed","not_started",""
"pc.cosmetic.squad_card.night_ops","store.product","pc.cosmetic.squad_card.night_ops","store product card art, product icon, reward content thumbnails, owned/locked/purchase-state visuals","Design/Monetization/Monetization_Store_Catalog.md","SCN-14 Store / Command Exchange","Assets/Game/Art/UI/Generated/Store/Products/pc_cosmetic_squad_card_night_ops_Card.png","missing","not_reviewed","not_started",""
"pc.cosmetic.base_banner.iron_guard","store.product","pc.cosmetic.base_banner.iron_guard","store product card art, product icon, reward content thumbnails, owned/locked/purchase-state visuals","Design/Monetization/Monetization_Store_Catalog.md","SCN-14 Store / Command Exchange","Assets/Game/Art/UI/Generated/Store/Products/pc_cosmetic_base_banner_iron_guard_Card.png","missing","not_reviewed","not_started",""
"pc.cosmetic.hud_accent.amber_command","store.product","pc.cosmetic.hud_accent.amber_command","store product card art, product icon, reward content thumbnails, owned/locked/purchase-state visuals","Design/Monetization/Monetization_Store_Catalog.md","SCN-14 Store / Command Exchange","Assets/Game/Art/UI/Generated/Store/Products/pc_cosmetic_hud_accent_amber_command_Card.png","missing","not_reviewed","not_started",""
"pc.operation.intel_dossier","store.product","pc.operation.intel_dossier","store product card art, product icon, reward content thumbnails, owned/locked/purchase-state visuals","Design/Monetization/Monetization_Store_Catalog.md","SCN-14 Store / Command Exchange","Assets/Game/Art/UI/Generated/Store/Products/pc_operation_intel_dossier_Card.png","missing","not_reviewed","not_started",""
"pc.operation.aid_convoy","store.product","pc.operation.aid_convoy","store product card art, product icon, reward content thumbnails, owned/locked/purchase-state visuals","Design/Monetization/Monetization_Store_Catalog.md","SCN-14 Store / Command Exchange","Assets/Game/Art/UI/Generated/Store/Products/pc_operation_aid_convoy_Card.png","missing","not_reviewed","not_started",""
"pc.operation.repair_convoy","store.product","pc.operation.repair_convoy","store product card art, product icon, reward content thumbnails, owned/locked/purchase-state visuals","Design/Monetization/Monetization_Store_Catalog.md","SCN-14 Store / Command Exchange","Assets/Game/Art/UI/Generated/Store/Products/pc_operation_repair_convoy_Card.png","missing","not_reviewed","not_started",""
"pc.operation.readiness_boost","store.product","pc.operation.readiness_boost","store product card art, product icon, reward content thumbnails, owned/locked/purchase-state visuals","Design/Monetization/Monetization_Store_Catalog.md","SCN-14 Store / Command Exchange","Assets/Game/Art/UI/Generated/Store/Products/pc_operation_readiness_boost_Card.png","missing","not_reviewed","not_started",""
"pc.season.pass.standard","store.product","pc.season.pass.standard","store product card art, product icon, reward content thumbnails, owned/locked/purchase-state visuals","Design/Monetization/Monetization_Store_Catalog.md","SCN-14 Store / Command Exchange","Assets/Game/Art/UI/Generated/Store/Products/pc_season_pass_standard_Card.png","missing","not_reviewed","not_started",""
"pc.season.pass.plus10","store.product","pc.season.pass.plus10","store product card art, product icon, reward content thumbnails, owned/locked/purchase-state visuals","Design/Monetization/Monetization_Store_Catalog.md","SCN-14 Store / Command Exchange","Assets/Game/Art/UI/Generated/Store/Products/pc_season_pass_plus10_Card.png","missing","not_reviewed","not_started",""
"portrait.commander.default_01","ui.commanderIdentity","Commander Portrait Default 01","default commander portrait, readable in Commander Profile and small Main Menu avatar","Design/FTUE_And_Command_Assistant_Design.md","FTUE Commander Identity, SCN-02 Main Menu, SCN-03 Commander Profile, POP-11 Commander Identity","Assets/Game/Art/UI/Generated/CommanderIdentity/Portraits/commander_portrait_default_01.png","missing","not_reviewed","not_started","free first-launch portrait"
"portrait.commander.default_02","ui.commanderIdentity","Commander Portrait Default 02","default commander portrait, readable in Commander Profile and small Main Menu avatar","Design/FTUE_And_Command_Assistant_Design.md","FTUE Commander Identity, SCN-02 Main Menu, SCN-03 Commander Profile, POP-11 Commander Identity","Assets/Game/Art/UI/Generated/CommanderIdentity/Portraits/commander_portrait_default_02.png","missing","not_reviewed","not_started","free first-launch portrait"
"portrait.commander.default_03","ui.commanderIdentity","Commander Portrait Default 03","default commander portrait, readable in Commander Profile and small Main Menu avatar","Design/FTUE_And_Command_Assistant_Design.md","FTUE Commander Identity, SCN-02 Main Menu, SCN-03 Commander Profile, POP-11 Commander Identity","Assets/Game/Art/UI/Generated/CommanderIdentity/Portraits/commander_portrait_default_03.png","missing","not_reviewed","not_started","free first-launch portrait"
"portrait.commander.default_04","ui.commanderIdentity","Commander Portrait Default 04","default commander portrait, readable in Commander Profile and small Main Menu avatar","Design/FTUE_And_Command_Assistant_Design.md","FTUE Commander Identity, SCN-02 Main Menu, SCN-03 Commander Profile, POP-11 Commander Identity","Assets/Game/Art/UI/Generated/CommanderIdentity/Portraits/commander_portrait_default_04.png","missing","not_reviewed","not_started","free first-launch portrait"
"portrait.commander.default_05","ui.commanderIdentity","Commander Portrait Default 05","default commander portrait, readable in Commander Profile and small Main Menu avatar","Design/FTUE_And_Command_Assistant_Design.md","FTUE Commander Identity, SCN-02 Main Menu, SCN-03 Commander Profile, POP-11 Commander Identity","Assets/Game/Art/UI/Generated/CommanderIdentity/Portraits/commander_portrait_default_05.png","missing","not_reviewed","not_started","free first-launch portrait"
"portrait.commander.default_06","ui.commanderIdentity","Commander Portrait Default 06","default commander portrait, readable in Commander Profile and small Main Menu avatar","Design/FTUE_And_Command_Assistant_Design.md","FTUE Commander Identity, SCN-02 Main Menu, SCN-03 Commander Profile, POP-11 Commander Identity","Assets/Game/Art/UI/Generated/CommanderIdentity/Portraits/commander_portrait_default_06.png","missing","not_reviewed","not_started","free first-launch portrait"
"portrait.commander.unlock_set_01","ui.commanderIdentity","Commander Unlock Portrait Set 01","unlockable commander portrait set for Saga, Operation, and founder/event identity","Design/FTUE_And_Command_Assistant_Design.md","SCN-03 Commander Profile, POP-11 Commander Identity, rewards, store cosmetics","Assets/Game/Art/UI/Generated/CommanderIdentity/Portraits/commander_unlock_portrait_set_01.asset","missing","not_reviewed","not_started","contains veteran_responder, night_ops, operation_founder variants"
"frame.commander.identity_set_01","ui.commanderIdentity","Commander Frame Set 01","commander portrait frame cosmetics with default, Iron Guard, Operation Stabilizer, and Founder states","Design/FTUE_And_Command_Assistant_Design.md","SCN-02 Main Menu, SCN-03 Commander Profile, POP-11 Commander Identity, rewards, store cosmetics","Assets/Game/Art/UI/Generated/CommanderIdentity/Frames/commander_frame_set_01.asset","missing","not_reviewed","not_started","cosmetic only; no tactical stat effect"
"commander.identity.portrait_card_states","ui.commanderIdentity","Commander Portrait Card States","portrait grid card frame, selected state, locked overlay, and unlock reason badge treatment","Design/FTUE_And_Command_Assistant_Design.md","POP-11 Commander Identity","Assets/Game/Art/UI/Generated/CommanderIdentity/Frames/commander_portrait_card_states.png","missing","not_reviewed","not_started","supports free, selected, locked, and highlighted portrait states"
"commander.identity.edit_icon","ui.commanderIdentity","Commander Identity Edit Icon","small edit icon for tapping commander portrait from Commander Profile or Main Menu profile block","Design/FTUE_And_Command_Assistant_Design.md","SCN-02 Main Menu, SCN-03 Commander Profile","Assets/Game/Art/UI/Generated/CommanderIdentity/Icons/commander_identity_edit_icon.png","missing","not_reviewed","not_started","must remain readable at 32px and 48px"
"POP-11_CommanderIdentity","ui.commanderIdentity","Commander Identity Popup","layer pack manifest and separated reusable UI art for name, portrait, frame, title picker","Design/FTUE_And_Command_Assistant_Design.md","FTUE Commander Identity, SCN-03 Commander Profile","Design/VisualLockLayered/POP-11_CommanderIdentity/layer_manifest.json","missing","not_reviewed","not_started","new popup surface for identity editing"
"POP-11_CommanderIdentity","ui.commanderIdentity","Commander Identity Popup","Unity prefab wired to approved art","Design/FTUE_And_Command_Assistant_Design.md","runtime UI","Assets/Game/Prefabs/UI/Popups/CommanderIdentityPopup.prefab","missing","not_reviewed","not_started","new popup prefab"
"commander.identity.title_badge_set","ui.commanderIdentity","Commander Title Badge Set","small title/badge art for Field Commander and future unlockable commander titles","Design/FTUE_And_Command_Assistant_Design.md","SCN-03 Commander Profile, POP-11 Commander Identity, rewards","Assets/Game/Art/UI/Generated/CommanderIdentity/Badges/commander_title_badge_set_01.asset","missing","not_reviewed","not_started","first pass can ship with Field Commander only"
"aria.portrait.default","ui.assistant","ARIA Portrait Default","assistant portrait distinct from commander portraits, readable in tutorial cards and assistant panel","Design/FTUE_And_Command_Assistant_Design.md; Design/AssistantPanel_M01_Implementation_Contract.md","PREFAB-05 Assistant Panel, PREFAB-06 Tutorial Card","Assets/Game/Art/UI/Generated/Assistant/Portraits/aria_portrait_default.png","missing","not_reviewed","not_started","ARIA is not the player commander"
"aria.icon.waveform","ui.assistant","ARIA Waveform Icon","assistant/radio waveform icon readable at 32px, 48px, and 96px","Design/FTUE_And_Command_Assistant_Design.md; Design/AssistantPanel_M01_Implementation_Contract.md","PREFAB-04 Assistant Button, assistant chips, notifications","Assets/Game/Art/UI/Generated/Assistant/Icons/aria_waveform_icon.png","missing","not_reviewed","not_started","persistent assistant entry point"
"aria.button.state_set","ui.assistant","ARIA Button State Set","assistant button state art for idle, recommendation, critical, takeover active, and muted","Design/FTUE_And_Command_Assistant_Design.md; Design/AssistantPanel_M01_Implementation_Contract.md","PREFAB-04 Assistant Button","Assets/Game/Art/UI/Generated/Assistant/Buttons/aria_button_state_set.png","missing","not_reviewed","not_started","state changes must not rely on color only"
"aria.assistant_panel.layer_pack","ui.assistant","ARIA Assistant Panel","assistant panel frame, recommendation chip states, tab states, and action button layer pack","Design/FTUE_And_Command_Assistant_Design.md; Design/AssistantPanel_M01_Implementation_Contract.md","PREFAB-05 Assistant Panel","Design/VisualLockLayered/PREFAB-05_AssistantPanel/layer_manifest.json","missing","not_reviewed","not_started","recommendation, explain, objectives, city, controls tabs; flat visual target is not a complete implementation asset"
"aria.tutorial_card.frame","ui.assistant","ARIA Tutorial Card Frame","tutorial card frame with ARIA speaker portrait slot, target pointer, skip/show/do controls","Design/FTUE_And_Command_Assistant_Design.md; Design/AssistantPanel_M01_Implementation_Contract.md","PREFAB-06 Tutorial Card","Assets/Game/Art/UI/Generated/Assistant/Tutorial/aria_tutorial_card_frame.png","missing","not_reviewed","not_started","must fit mobile landscape without blocking critical HUD"
"aria.highlight.path_preview_set","ui.assistant","ARIA Highlight And Path Preview Set","UI/world highlight ring, path preview arrow/line, target pulse, and blocked-action pulse assets","Design/FTUE_And_Command_Assistant_Design.md; Design/AssistantPanel_M01_Implementation_Contract.md","PREFAB-07 Tutorial Highlight, tactical world overlays","Assets/Game/Art/UI/Generated/Assistant/Highlights/aria_highlight_path_preview_set.asset","missing","not_reviewed","not_started","world targets must resolve through typed gameplay references, not screen coordinates"
"aria.takeover_banner","ui.assistant","ARIA Takeover Banner","visible assistant-control ownership banner with cancel/resume affordance","Design/FTUE_And_Command_Assistant_Design.md; Design/AssistantPanel_M01_Implementation_Contract.md","POP-10 Assistant Takeover","Assets/Game/Art/UI/Generated/Assistant/Takeover/aria_takeover_banner.png","missing","not_reviewed","not_started","must clearly show that player input can resume command"
