mode,code,canonical_id,title,product_id,free_access_scope,progression_policy,economy_policy,reward_policy,aria_policy,support_policy,required_adjustment,plan_path,acceptance_rules
Campaign,CH01-M01,saga.ch01.m01.first_contact,First Contact,warline.campaign.shattered_relay,campaign.chapter01,ordinary_prior_mission_clear,scenario_materials_oil_fuel_only,earned_account_rewards_no_required_grind,included_in_accessible_content,Design/Roadmap/Support/CAMPAIGN_SUPPORT.csv#CH01-M01,Keep free opening/debrief and ARIA; bind real account rewards; no tactical redesign.,Design/Campaign_Mission_High_Level_Design_Catalog.md#ch01-m01-first-contact,MP01;MP02;MP03;MP04;MP05;MP06;MP07;MP08
Campaign,CH01-M02,saga.ch01.m02.establish_base,Establish The Base,warline.campaign.shattered_relay,campaign.chapter01,ordinary_prior_mission_clear,scenario_materials_oil_fuel_only,earned_account_rewards_no_required_grind,included_in_accessible_content,Design/Roadmap/Support/CAMPAIGN_SUPPORT.csv#CH01-M02,Retain Materials-only 120/90/20 budget and free replay; reject legacy Money/account-wallet costs.,Design/Campaign_Mission_High_Level_Design_Catalog.md#ch01-m02-establish-the-base,MP01;MP02;MP03;MP04;MP05;MP06;MP07;MP08
Campaign,CH01-M03,saga.ch01.m03.radar_warning,Radar Warning,warline.campaign.shattered_relay,campaign.chapter01,ordinary_prior_mission_clear,scenario_materials_oil_fuel_only,earned_account_rewards_no_required_grind,included_in_accessible_content,Design/Roadmap/Support/CAMPAIGN_SUPPORT.csv#CH01-M03,"Migrate tactical Money/Credits to validated Materials costs; retest preparation, shortage recovery, pacing and ARIA.",Design/Campaign_Mission_High_Level_Design_Catalog.md#ch01-m03-radar-warning,MP01;MP02;MP03;MP04;MP05;MP06;MP07;MP08
Campaign,CH01-M04,saga.ch01.m04.airlift,Airlift,warline.campaign.shattered_relay,campaign.chapter01,ordinary_prior_mission_clear,scenario_materials_oil_fuel_only,earned_account_rewards_no_required_grind,included_in_accessible_content,Design/Roadmap/Support/CAMPAIGN_SUPPORT.csv#CH01-M04,Keep supplied transport/extraction; audit reward labels/consumers; ordinary transport is not a paid Support charge.,Design/Campaign_Mission_High_Level_Design_Catalog.md#ch01-m04-airlift,MP01;MP02;MP03;MP04;MP05;MP06;MP07;MP08
Campaign,CH01-M05,saga.ch01.m05.breach_assault,Breach Assault,warline.campaign.shattered_relay,campaign.chapter01,ordinary_prior_mission_clear,scenario_materials_oil_fuel_only,earned_account_rewards_no_required_grind,included_in_accessible_content,Design/Roadmap/Support/CAMPAIGN_SUPPORT.csv#CH01-M05,Settle full story/rewards before the package offer; separate CH02 ownership from progression; resolve APC-parts target/consumer while preserving earned records.,Design/Campaign_Mission_High_Level_Design_Catalog.md#ch01-m05-breach-assault,MP01;MP02;MP03;MP04;MP05;MP06;MP07;MP08
Campaign,CH02-M01,saga.ch02.m01.gridlock,Gridlock,warline.campaign.shattered_relay,none,ordinary_prior_mission_clear,scenario_materials_oil_fuel_only,earned_account_rewards_no_required_grind,included_in_accessible_content,Design/Roadmap/Support/CAMPAIGN_SUPPORT.csv#CH02-M01,Require owned Campaign plus ordinary M05 clear only; supply engineers/tools without parts grind or wallet threshold.,Design/Campaign_Mission_High_Level_Design_Catalog.md#ch02-m01-gridlock,MP01;MP02;MP03;MP04;MP05;MP06;MP07;MP08
Campaign,CH02-M02,saga.ch02.m02.supply_line,Supply Line,warline.campaign.shattered_relay,none,ordinary_prior_mission_clear,scenario_materials_oil_fuel_only,earned_account_rewards_no_required_grind,included_in_accessible_content,Design/Roadmap/Support/CAMPAIGN_SUPPORT.csv#CH02-M02,"Preserve working authored Oil/refinery/Fuel chain and civilian reserve; verify owned access, zero-wallet completion and settlement.",Design/Campaign_Mission_High_Level_Design_Catalog.md#ch02-m02-supply-line,MP01;MP02;MP03;MP04;MP05;MP06;MP07;MP08
Campaign,CH02-M03,saga.ch02.m03.market_lifeline,Market Lifeline,warline.campaign.shattered_relay,none,ordinary_prior_mission_clear,scenario_materials_oil_fuel_only,earned_account_rewards_no_required_grind,included_in_accessible_content,Design/Roadmap/Support/CAMPAIGN_SUPPORT.csv#CH02-M03,"Keep authored delivery/manifest fallback; any later tactical exchange uses only local inputs and simulation queues, never Rush Tickets.",Design/Campaign_Mission_High_Level_Design_Catalog.md#ch02-m03-market-lifeline,MP01;MP02;MP03;MP04;MP05;MP06;MP07;MP08
Campaign,CH02-M04,saga.ch02.m04.power_relay,Power Relay,warline.campaign.shattered_relay,none,ordinary_prior_mission_clear,scenario_materials_oil_fuel_only,earned_account_rewards_no_required_grind,included_in_accessible_content,Design/Roadmap/Support/CAMPAIGN_SUPPORT.csv#CH02-M04,Supply required repair/evacuation tools locally; preserve clue on success; no paid repairs or consequence reversal.,Design/Campaign_Mission_High_Level_Design_Catalog.md#ch02-m04-power-relay,MP01;MP02;MP03;MP04;MP05;MP06;MP07;MP08
Campaign,CH02-M05,saga.ch02.m05.route_reopened,Route Reopened,warline.campaign.shattered_relay,none,ordinary_prior_mission_clear,scenario_materials_oil_fuel_only,earned_account_rewards_no_required_grind,included_in_accessible_content,Design/Roadmap/Support/CAMPAIGN_SUPPORT.csv#CH02-M05,Validate one-clear progression and scenario-funded logistics alternatives; no purchased convoy or upgrade prerequisite.,Design/Campaign_Mission_High_Level_Design_Catalog.md#ch02-m05-route-reopened,MP01;MP02;MP03;MP04;MP05;MP06;MP07;MP08
Campaign,CH03-M01,saga.ch03.m01.signal_trace,Signal Trace,warline.campaign.shattered_relay,none,ordinary_prior_mission_clear,scenario_materials_oil_fuel_only,earned_account_rewards_no_required_grind,included_in_accessible_content,Design/Roadmap/Support/CAMPAIGN_SUPPORT.csv#CH03-M01,Include scan/reveal and ARIA guidance; verification information must come from ordinary mission play.,Design/Campaign_Mission_High_Level_Design_Catalog.md#ch03-m01-signal-trace,MP01;MP02;MP03;MP04;MP05;MP06;MP07;MP08
Campaign,CH03-M02,saga.ch03.m02.safehouse_sweep,Safehouse Sweep,warline.campaign.shattered_relay,none,ordinary_prior_mission_clear,scenario_materials_oil_fuel_only,earned_account_rewards_no_required_grind,included_in_accessible_content,Design/Roadmap/Support/CAMPAIGN_SUPPORT.csv#CH03-M02,Supply verification and squad roles; no paid dossier or Drone Scan parts prerequisite.,Design/Campaign_Mission_High_Level_Design_Catalog.md#ch03-m02-safehouse-sweep,MP01;MP02;MP03;MP04;MP05;MP06;MP07;MP08
Campaign,CH03-M03,saga.ch03.m03.false_front,False Front,warline.campaign.shattered_relay,none,ordinary_prior_mission_clear,scenario_materials_oil_fuel_only,earned_account_rewards_no_required_grind,included_in_accessible_content,Design/Roadmap/Support/CAMPAIGN_SUPPORT.csv#CH03-M03,Explain objective changes with included guidance; no premium correct-target hint or paid decision reversal.,Design/Campaign_Mission_High_Level_Design_Catalog.md#ch03-m03-false-front,MP01;MP02;MP03;MP04;MP05;MP06;MP07;MP08
Campaign,CH03-M04,saga.ch03.m04.evidence_chain,Evidence Chain,warline.campaign.shattered_relay,none,ordinary_prior_mission_clear,scenario_materials_oil_fuel_only,earned_account_rewards_no_required_grind,included_in_accessible_content,Design/Roadmap/Support/CAMPAIGN_SUPPORT.csv#CH03-M04,"Supply required transport/cargo capacity; no purchased insurance, revive or evidence-delivery upgrade.",Design/Campaign_Mission_High_Level_Design_Catalog.md#ch03-m04-evidence-chain,MP01;MP02;MP03;MP04;MP05;MP06;MP07;MP08
Campaign,CH03-M05,saga.ch03.m05.network_break,Network Break,warline.campaign.shattered_relay,none,ordinary_prior_mission_clear,scenario_materials_oil_fuel_only,earned_account_rewards_no_required_grind,included_in_accessible_content,Design/Roadmap/Support/CAMPAIGN_SUPPORT.csv#CH03-M05,Include revelation and next-chapter progression on ordinary completion; no fragment grind or paid Breach kit.,Design/Campaign_Mission_High_Level_Design_Catalog.md#ch03-m05-network-break,MP01;MP02;MP03;MP04;MP05;MP06;MP07;MP08
Campaign,CH04-M01,saga.ch04.m01.air_corridor,Air Corridor,warline.campaign.shattered_relay,none,ordinary_prior_mission_clear,scenario_materials_oil_fuel_only,earned_account_rewards_no_required_grind,included_in_accessible_content,Design/Roadmap/Support/CAMPAIGN_SUPPORT.csv#CH04-M01,Migrate remaining Money/Credits costs to validated Materials; preserve supplied radar/anti-air counters and normal ARIA journey.,Design/Campaign_Mission_High_Level_Design_Catalog.md#ch04-m01-air-corridor,MP01;MP02;MP03;MP04;MP05;MP06;MP07;MP08
Campaign,CH04-M02,saga.ch04.m02.steel_push,Steel Push,warline.campaign.shattered_relay,none,ordinary_prior_mission_clear,scenario_materials_oil_fuel_only,earned_account_rewards_no_required_grind,included_in_accessible_content,Design/Roadmap/Support/CAMPAIGN_SUPPORT.csv#CH04-M02,Migrate Money/Credits to tested Materials; preserve 120 military Fuel and protected 40 civilian barrels; earn Smoke after success.,Design/Campaign_Mission_High_Level_Design_Catalog.md#ch04-m02-steel-push,MP01;MP02;MP03;MP04;MP05;MP06;MP07;MP08
Campaign,CH04-M03,saga.ch04.m03.split_front,Split Front,warline.campaign.shattered_relay,none,ordinary_prior_mission_clear,scenario_materials_oil_fuel_only,earned_account_rewards_no_required_grind,included_in_accessible_content,Design/Roadmap/Support/CAMPAIGN_SUPPORT.csv#CH04-M03,Implement scenario-funded force split/G2G with optional first Smoke; earn Strike after success; no paid targeting solution.,Design/Campaign_Mission_High_Level_Design_Catalog.md#ch04-m03-split-front,MP01;MP02;MP03;MP04;MP05;MP06;MP07;MP08
Campaign,CH04-M04,saga.ch04.m04.grounded_signal,Grounded Signal,warline.campaign.shattered_relay,none,ordinary_prior_mission_clear,scenario_materials_oil_fuel_only,earned_account_rewards_no_required_grind,included_in_accessible_content,Design/Roadmap/Support/CAMPAIGN_SUPPORT.csv#CH04-M04,Provide ordinary specialist transport/cargo/extraction; optional first Strike; earn Paratroopers afterward.,Design/Campaign_Mission_High_Level_Design_Catalog.md#ch04-m04-grounded-signal,MP01;MP02;MP03;MP04;MP05;MP06;MP07;MP08
Campaign,CH04-M05,saga.ch04.m05.armor_break,Armor Break,warline.campaign.shattered_relay,none,ordinary_prior_mission_clear,scenario_materials_oil_fuel_only,earned_account_rewards_no_required_grind,included_in_accessible_content,Design/Roadmap/Support/CAMPAIGN_SUPPORT.csv#CH04-M05,Combine established systems with optional Paratroopers; include chapter clue; no new paid ability or finale toll.,Design/Campaign_Mission_High_Level_Design_Catalog.md#ch04-m05-armor-break,MP01;MP02;MP03;MP04;MP05;MP06;MP07;MP08
Campaign,CH05-M01,saga.ch05.m01.citywide_alert,Citywide Alert,warline.campaign.shattered_relay,none,ordinary_prior_mission_clear,scenario_materials_oil_fuel_only,earned_account_rewards_no_required_grind,included_in_accessible_content,Design/Roadmap/Support/CAMPAIGN_SUPPORT.csv#CH05-M01,Supply required multi-front forces and information; include ARIA; no purchased command slot or threat warnings.,Design/Campaign_Mission_High_Level_Design_Catalog.md#ch05-m01-citywide-alert,MP01;MP02;MP03;MP04;MP05;MP06;MP07;MP08
Campaign,CH05-M02,saga.ch05.m02.trust_under_fire,Trust Under Fire,warline.campaign.shattered_relay,none,ordinary_prior_mission_clear,scenario_materials_oil_fuel_only,earned_account_rewards_no_required_grind,included_in_accessible_content,Design/Roadmap/Support/CAMPAIGN_SUPPORT.csv#CH05-M02,Keep civilian/route consequences in gameplay; earn Supply afterward; no paid trust or evacuation.,Design/Campaign_Mission_High_Level_Design_Catalog.md#ch05-m02-trust-under-fire,MP01;MP02;MP03;MP04;MP05;MP06;MP07;MP08
Campaign,CH05-M03,saga.ch05.m03.network_collapse,Network Collapse,warline.campaign.shattered_relay,none,ordinary_prior_mission_clear,scenario_materials_oil_fuel_only,earned_account_rewards_no_required_grind,included_in_accessible_content,Design/Roadmap/Support/CAMPAIGN_SUPPORT.csv#CH05-M03,Optional first Supply under approved 40-Materials provisional crate policy; required objectives work without it; no purchased replacement crate.,Design/Campaign_Mission_High_Level_Design_Catalog.md#ch05-m03-network-collapse,MP01;MP02;MP03;MP04;MP05;MP06;MP07;MP08
Campaign,CH05-M04,saga.ch05.m04.last_corridor,Last Corridor,warline.campaign.shattered_relay,none,ordinary_prior_mission_clear,scenario_materials_oil_fuel_only,earned_account_rewards_no_required_grind,included_in_accessible_content,Design/Roadmap/Support/CAMPAIGN_SUPPORT.csv#CH05-M04,Preserve finite transport/Fuel/logistics; only certified required mechanics; no paid deadline extension or priority queue.,Design/Campaign_Mission_High_Level_Design_Catalog.md#ch05-m04-last-corridor,MP01;MP02;MP03;MP04;MP05;MP06;MP07;MP08
Campaign,CH05-M05,saga.ch05.m05.command_node,Command Node,warline.campaign.shattered_relay,none,ordinary_prior_mission_clear,scenario_materials_oil_fuel_only,earned_account_rewards_no_required_grind,included_in_accessible_content,Design/Roadmap/Support/CAMPAIGN_SUPPORT.csv#CH05-M05,"Include canonical resolution and all earned clues on ordinary completion; no paid ending, additional chapter charge or new required ability.",Design/Campaign_Mission_High_Level_Design_Catalog.md#ch05-m05-command-node,MP01;MP02;MP03;MP04;MP05;MP06;MP07;MP08
Skirmish,S001,skirmish.s001,Desert Base · Base Assault · Ground Maneuver · Field Base,warline.campaign.shattered_relay,skirmish.s001,no_campaign_or_account_roster_grind,scenario_materials_oil_fuel_only,no_account_power_or_required_farming,included_in_accessible_content,Design/Roadmap/Support/SKIRMISH_SUPPORT.csv#S001,Certify free sample identity; Retain Materials-funded readiness development. Preserve designated-base outcome and both viable attack approaches.,Design/Roadmap/Skirmish_Expansion/Scenarios/DB_BA.md#s001,MP01;MP02;MP03;MP04;MP05;MP06;MP07;MP08
Skirmish,S002,skirmish.s002,Desert Base · Base Assault · Ground Maneuver · Established Base,warline.campaign.shattered_relay,none,no_campaign_or_account_roster_grind,scenario_materials_oil_fuel_only,no_account_power_or_required_farming,included_in_accessible_content,Design/Roadmap/Support/SKIRMISH_SUPPORT.csv#S002,Include in core S001-S120; Retain starting grants with no second charge; research begins at authored level. Preserve designated-base outcome and both viable attack approaches.,Design/Roadmap/Skirmish_Expansion/Scenarios/DB_BA.md#s002,MP01;MP02;MP03;MP04;MP05;MP06;MP07;MP08
Skirmish,S003,skirmish.s003,Desert Base · Base Assault · Air Mobile · Field Base,warline.campaign.shattered_relay,none,no_campaign_or_account_roster_grind,scenario_materials_oil_fuel_only,no_account_power_or_required_farming,included_in_accessible_content,Design/Roadmap/Support/SKIRMISH_SUPPORT.csv#S003,Include in core S001-S120; Retain Materials-funded readiness development. Preserve designated-base outcome and both viable attack approaches.,Design/Roadmap/Skirmish_Expansion/Scenarios/DB_BA.md#s003,MP01;MP02;MP03;MP04;MP05;MP06;MP07;MP08
Skirmish,S004,skirmish.s004,Desert Base · Base Assault · Air Mobile · Established Base,warline.campaign.shattered_relay,none,no_campaign_or_account_roster_grind,scenario_materials_oil_fuel_only,no_account_power_or_required_farming,included_in_accessible_content,Design/Roadmap/Support/SKIRMISH_SUPPORT.csv#S004,Include in core S001-S120; Retain starting grants with no second charge; research begins at authored level. Preserve designated-base outcome and both viable attack approaches.,Design/Roadmap/Skirmish_Expansion/Scenarios/DB_BA.md#s004,MP01;MP02;MP03;MP04;MP05;MP06;MP07;MP08
Skirmish,S005,skirmish.s005,Desert Base · Base Assault · Combined Arms · Field Base,warline.campaign.shattered_relay,none,no_campaign_or_account_roster_grind,scenario_materials_oil_fuel_only,no_account_power_or_required_farming,included_in_accessible_content,Design/Roadmap/Support/SKIRMISH_SUPPORT.csv#S005,Include in core S001-S120; Retain Materials-funded readiness development. Preserve designated-base outcome and both viable attack approaches.,Design/Roadmap/Skirmish_Expansion/Scenarios/DB_BA.md#s005,MP01;MP02;MP03;MP04;MP05;MP06;MP07;MP08
Skirmish,S006,skirmish.s006,Desert Base · Base Assault · Combined Arms · Established Base,warline.campaign.shattered_relay,none,no_campaign_or_account_roster_grind,scenario_materials_oil_fuel_only,no_account_power_or_required_farming,included_in_accessible_content,Design/Roadmap/Support/SKIRMISH_SUPPORT.csv#S006,Include in core S001-S120; Retain starting grants with no second charge; research begins at authored level. Preserve designated-base outcome and both viable attack approaches.,Design/Roadmap/Skirmish_Expansion/Scenarios/DB_BA.md#s006,MP01;MP02;MP03;MP04;MP05;MP06;MP07;MP08
Skirmish,S007,skirmish.s007,Desert Base · Frontline Control · Ground Maneuver · Field Base,warline.campaign.shattered_relay,none,no_campaign_or_account_roster_grind,scenario_materials_oil_fuel_only,no_account_power_or_required_farming,included_in_accessible_content,Design/Roadmap/Support/SKIRMISH_SUPPORT.csv#S007,Include in core S001-S120; Retain Materials-funded readiness development. Preserve capture-capable infantry and ticket control; no paid tickets.,Design/Roadmap/Skirmish_Expansion/Scenarios/DB_FC.md#s007,MP01;MP02;MP03;MP04;MP05;MP06;MP07;MP08
Skirmish,S008,skirmish.s008,Desert Base · Frontline Control · Ground Maneuver · Established Base,warline.campaign.shattered_relay,none,no_campaign_or_account_roster_grind,scenario_materials_oil_fuel_only,no_account_power_or_required_farming,included_in_accessible_content,Design/Roadmap/Support/SKIRMISH_SUPPORT.csv#S008,Include in core S001-S120; Retain starting grants with no second charge; research begins at authored level. Preserve capture-capable infantry and ticket control; no paid tickets.,Design/Roadmap/Skirmish_Expansion/Scenarios/DB_FC.md#s008,MP01;MP02;MP03;MP04;MP05;MP06;MP07;MP08
Skirmish,S009,skirmish.s009,Desert Base · Frontline Control · Air Mobile · Field Base,warline.campaign.shattered_relay,none,no_campaign_or_account_roster_grind,scenario_materials_oil_fuel_only,no_account_power_or_required_farming,included_in_accessible_content,Design/Roadmap/Support/SKIRMISH_SUPPORT.csv#S009,Include in core S001-S120; Retain Materials-funded readiness development. Preserve capture-capable infantry and ticket control; no paid tickets.,Design/Roadmap/Skirmish_Expansion/Scenarios/DB_FC.md#s009,MP01;MP02;MP03;MP04;MP05;MP06;MP07;MP08
Skirmish,S010,skirmish.s010,Desert Base · Frontline Control · Air Mobile · Established Base,warline.campaign.shattered_relay,none,no_campaign_or_account_roster_grind,scenario_materials_oil_fuel_only,no_account_power_or_required_farming,included_in_accessible_content,Design/Roadmap/Support/SKIRMISH_SUPPORT.csv#S010,Include in core S001-S120; Retain starting grants with no second charge; research begins at authored level. Preserve capture-capable infantry and ticket control; no paid tickets.,Design/Roadmap/Skirmish_Expansion/Scenarios/DB_FC.md#s010,MP01;MP02;MP03;MP04;MP05;MP06;MP07;MP08
Skirmish,S011,skirmish.s011,Desert Base · Frontline Control · Combined Arms · Field Base,warline.campaign.shattered_relay,none,no_campaign_or_account_roster_grind,scenario_materials_oil_fuel_only,no_account_power_or_required_farming,included_in_accessible_content,Design/Roadmap/Support/SKIRMISH_SUPPORT.csv#S011,Include in core S001-S120; Retain Materials-funded readiness development. Preserve capture-capable infantry and ticket control; no paid tickets.,Design/Roadmap/Skirmish_Expansion/Scenarios/DB_FC.md#s011,MP01;MP02;MP03;MP04;MP05;MP06;MP07;MP08
Skirmish,S012,skirmish.s012,Desert Base · Frontline Control · Combined Arms · Established Base,warline.campaign.shattered_relay,none,no_campaign_or_account_roster_grind,scenario_materials_oil_fuel_only,no_account_power_or_required_farming,included_in_accessible_content,Design/Roadmap/Support/SKIRMISH_SUPPORT.csv#S012,Include in core S001-S120; Retain starting grants with no second charge; research begins at authored level. Preserve capture-capable infantry and ticket control; no paid tickets.,Design/Roadmap/Skirmish_Expansion/Scenarios/DB_FC.md#s012,MP01;MP02;MP03;MP04;MP05;MP06;MP07;MP08
Skirmish,S013,skirmish.s013,Desert Base · Breakthrough · Ground Maneuver · Field Base,warline.campaign.shattered_relay,none,no_campaign_or_account_roster_grind,scenario_materials_oil_fuel_only,no_account_power_or_required_farming,included_in_accessible_content,Design/Roadmap/Support/SKIRMISH_SUPPORT.csv#S013,Include in core S001-S120; Retain Materials-funded readiness development. Preserve designated survivors and both corridors; no purchased replacements.,Design/Roadmap/Skirmish_Expansion/Scenarios/DB_BT.md#s013,MP01;MP02;MP03;MP04;MP05;MP06;MP07;MP08
Skirmish,S014,skirmish.s014,Desert Base · Breakthrough · Ground Maneuver · Established Base,warline.campaign.shattered_relay,none,no_campaign_or_account_roster_grind,scenario_materials_oil_fuel_only,no_account_power_or_required_farming,included_in_accessible_content,Design/Roadmap/Support/SKIRMISH_SUPPORT.csv#S014,Include in core S001-S120; Retain starting grants with no second charge; research begins at authored level. Preserve designated survivors and both corridors; no purchased replacements.,Design/Roadmap/Skirmish_Expansion/Scenarios/DB_BT.md#s014,MP01;MP02;MP03;MP04;MP05;MP06;MP07;MP08
Skirmish,S015,skirmish.s015,Desert Base · Breakthrough · Air Mobile · Field Base,warline.campaign.shattered_relay,none,no_campaign_or_account_roster_grind,scenario_materials_oil_fuel_only,no_account_power_or_required_farming,included_in_accessible_content,Design/Roadmap/Support/SKIRMISH_SUPPORT.csv#S015,Include in core S001-S120; Retain Materials-funded readiness development. Preserve designated survivors and both corridors; no purchased replacements.,Design/Roadmap/Skirmish_Expansion/Scenarios/DB_BT.md#s015,MP01;MP02;MP03;MP04;MP05;MP06;MP07;MP08
Skirmish,S016,skirmish.s016,Desert Base · Breakthrough · Air Mobile · Established Base,warline.campaign.shattered_relay,none,no_campaign_or_account_roster_grind,scenario_materials_oil_fuel_only,no_account_power_or_required_farming,included_in_accessible_content,Design/Roadmap/Support/SKIRMISH_SUPPORT.csv#S016,Include in core S001-S120; Retain starting grants with no second charge; research begins at authored level. Preserve designated survivors and both corridors; no purchased replacements.,Design/Roadmap/Skirmish_Expansion/Scenarios/DB_BT.md#s016,MP01;MP02;MP03;MP04;MP05;MP06;MP07;MP08
Skirmish,S017,skirmish.s017,Desert Base · Breakthrough · Combined Arms · Field Base,warline.campaign.shattered_relay,none,no_campaign_or_account_roster_grind,scenario_materials_oil_fuel_only,no_account_power_or_required_farming,included_in_accessible_content,Design/Roadmap/Support/SKIRMISH_SUPPORT.csv#S017,Include in core S001-S120; Retain Materials-funded readiness development. Preserve designated survivors and both corridors; no purchased replacements.,Design/Roadmap/Skirmish_Expansion/Scenarios/DB_BT.md#s017,MP01;MP02;MP03;MP04;MP05;MP06;MP07;MP08
Skirmish,S018,skirmish.s018,Desert Base · Breakthrough · Combined Arms · Established Base,warline.campaign.shattered_relay,none,no_campaign_or_account_roster_grind,scenario_materials_oil_fuel_only,no_account_power_or_required_farming,included_in_accessible_content,Design/Roadmap/Support/SKIRMISH_SUPPORT.csv#S018,Include in core S001-S120; Retain starting grants with no second charge; research begins at authored level. Preserve designated survivors and both corridors; no purchased replacements.,Design/Roadmap/Skirmish_Expansion/Scenarios/DB_BT.md#s018,MP01;MP02;MP03;MP04;MP05;MP06;MP07;MP08
Skirmish,S019,skirmish.s019,Desert Base · Convoy Escort · Ground Maneuver · Field Base,warline.campaign.shattered_relay,none,no_campaign_or_account_roster_grind,scenario_materials_oil_fuel_only,no_account_power_or_required_farming,included_in_accessible_content,Design/Roadmap/Support/SKIRMISH_SUPPORT.csv#S019,"Include in core S001-S120; Retain Materials-funded readiness development. Preserve objective trucks, routes and local repair; no paid convoy insurance.",Design/Roadmap/Skirmish_Expansion/Scenarios/DB_CE.md#s019,MP01;MP02;MP03;MP04;MP05;MP06;MP07;MP08
Skirmish,S020,skirmish.s020,Desert Base · Convoy Escort · Ground Maneuver · Established Base,warline.campaign.shattered_relay,none,no_campaign_or_account_roster_grind,scenario_materials_oil_fuel_only,no_account_power_or_required_farming,included_in_accessible_content,Design/Roadmap/Support/SKIRMISH_SUPPORT.csv#S020,"Include in core S001-S120; Retain starting grants with no second charge; research begins at authored level. Preserve objective trucks, routes and local repair; no paid convoy insurance.",Design/Roadmap/Skirmish_Expansion/Scenarios/DB_CE.md#s020,MP01;MP02;MP03;MP04;MP05;MP06;MP07;MP08
Skirmish,S021,skirmish.s021,Desert Base · Convoy Escort · Air Mobile · Field Base,warline.campaign.shattered_relay,none,no_campaign_or_account_roster_grind,scenario_materials_oil_fuel_only,no_account_power_or_required_farming,included_in_accessible_content,Design/Roadmap/Support/SKIRMISH_SUPPORT.csv#S021,"Include in core S001-S120; Retain Materials-funded readiness development. Preserve objective trucks, routes and local repair; no paid convoy insurance.",Design/Roadmap/Skirmish_Expansion/Scenarios/DB_CE.md#s021,MP01;MP02;MP03;MP04;MP05;MP06;MP07;MP08
Skirmish,S022,skirmish.s022,Desert Base · Convoy Escort · Air Mobile · Established Base,warline.campaign.shattered_relay,none,no_campaign_or_account_roster_grind,scenario_materials_oil_fuel_only,no_account_power_or_required_farming,included_in_accessible_content,Design/Roadmap/Support/SKIRMISH_SUPPORT.csv#S022,"Include in core S001-S120; Retain starting grants with no second charge; research begins at authored level. Preserve objective trucks, routes and local repair; no paid convoy insurance.",Design/Roadmap/Skirmish_Expansion/Scenarios/DB_CE.md#s022,MP01;MP02;MP03;MP04;MP05;MP06;MP07;MP08
Skirmish,S023,skirmish.s023,Desert Base · Convoy Escort · Combined Arms · Field Base,warline.campaign.shattered_relay,none,no_campaign_or_account_roster_grind,scenario_materials_oil_fuel_only,no_account_power_or_required_farming,included_in_accessible_content,Design/Roadmap/Support/SKIRMISH_SUPPORT.csv#S023,"Include in core S001-S120; Retain Materials-funded readiness development. Preserve objective trucks, routes and local repair; no paid convoy insurance.",Design/Roadmap/Skirmish_Expansion/Scenarios/DB_CE.md#s023,MP01;MP02;MP03;MP04;MP05;MP06;MP07;MP08
Skirmish,S024,skirmish.s024,Desert Base · Convoy Escort · Combined Arms · Established Base,warline.campaign.shattered_relay,none,no_campaign_or_account_roster_grind,scenario_materials_oil_fuel_only,no_account_power_or_required_farming,included_in_accessible_content,Design/Roadmap/Support/SKIRMISH_SUPPORT.csv#S024,"Include in core S001-S120; Retain starting grants with no second charge; research begins at authored level. Preserve objective trucks, routes and local repair; no paid convoy insurance.",Design/Roadmap/Skirmish_Expansion/Scenarios/DB_CE.md#s024,MP01;MP02;MP03;MP04;MP05;MP06;MP07;MP08
Skirmish,S025,skirmish.s025,City Crossroads · Base Assault · Ground Maneuver · Field Base,warline.campaign.shattered_relay,none,no_campaign_or_account_roster_grind,scenario_materials_oil_fuel_only,no_account_power_or_required_farming,included_in_accessible_content,Design/Roadmap/Support/SKIRMISH_SUPPORT.csv#S025,Include in core S001-S120; Retain Materials-funded readiness development. Preserve designated-base outcome and both viable attack approaches.,Design/Roadmap/Skirmish_Expansion/Scenarios/CC_BA.md#s025,MP01;MP02;MP03;MP04;MP05;MP06;MP07;MP08
Skirmish,S026,skirmish.s026,City Crossroads · Base Assault · Ground Maneuver · Established Base,warline.campaign.shattered_relay,none,no_campaign_or_account_roster_grind,scenario_materials_oil_fuel_only,no_account_power_or_required_farming,included_in_accessible_content,Design/Roadmap/Support/SKIRMISH_SUPPORT.csv#S026,Include in core S001-S120; Retain starting grants with no second charge; research begins at authored level. Preserve designated-base outcome and both viable attack approaches.,Design/Roadmap/Skirmish_Expansion/Scenarios/CC_BA.md#s026,MP01;MP02;MP03;MP04;MP05;MP06;MP07;MP08
Skirmish,S027,skirmish.s027,City Crossroads · Base Assault · Air Mobile · Field Base,warline.campaign.shattered_relay,none,no_campaign_or_account_roster_grind,scenario_materials_oil_fuel_only,no_account_power_or_required_farming,included_in_accessible_content,Design/Roadmap/Support/SKIRMISH_SUPPORT.csv#S027,Include in core S001-S120; Retain Materials-funded readiness development. Preserve designated-base outcome and both viable attack approaches.,Design/Roadmap/Skirmish_Expansion/Scenarios/CC_BA.md#s027,MP01;MP02;MP03;MP04;MP05;MP06;MP07;MP08
Skirmish,S028,skirmish.s028,City Crossroads · Base Assault · Air Mobile · Established Base,warline.campaign.shattered_relay,none,no_campaign_or_account_roster_grind,scenario_materials_oil_fuel_only,no_account_power_or_required_farming,included_in_accessible_content,Design/Roadmap/Support/SKIRMISH_SUPPORT.csv#S028,Include in core S001-S120; Retain starting grants with no second charge; research begins at authored level. Preserve designated-base outcome and both viable attack approaches.,Design/Roadmap/Skirmish_Expansion/Scenarios/CC_BA.md#s028,MP01;MP02;MP03;MP04;MP05;MP06;MP07;MP08
Skirmish,S029,skirmish.s029,City Crossroads · Base Assault · Combined Arms · Field Base,warline.campaign.shattered_relay,none,no_campaign_or_account_roster_grind,scenario_materials_oil_fuel_only,no_account_power_or_required_farming,included_in_accessible_content,Design/Roadmap/Support/SKIRMISH_SUPPORT.csv#S029,Include in core S001-S120; Retain Materials-funded readiness development. Preserve designated-base outcome and both viable attack approaches.,Design/Roadmap/Skirmish_Expansion/Scenarios/CC_BA.md#s029,MP01;MP02;MP03;MP04;MP05;MP06;MP07;MP08
Skirmish,S030,skirmish.s030,City Crossroads · Base Assault · Combined Arms · Established Base,warline.campaign.shattered_relay,none,no_campaign_or_account_roster_grind,scenario_materials_oil_fuel_only,no_account_power_or_required_farming,included_in_accessible_content,Design/Roadmap/Support/SKIRMISH_SUPPORT.csv#S030,Include in core S001-S120; Retain starting grants with no second charge; research begins at authored level. Preserve designated-base outcome and both viable attack approaches.,Design/Roadmap/Skirmish_Expansion/Scenarios/CC_BA.md#s030,MP01;MP02;MP03;MP04;MP05;MP06;MP07;MP08
Skirmish,S031,skirmish.s031,City Crossroads · Frontline Control · Ground Maneuver · Field Base,warline.campaign.shattered_relay,none,no_campaign_or_account_roster_grind,scenario_materials_oil_fuel_only,no_account_power_or_required_farming,included_in_accessible_content,Design/Roadmap/Support/SKIRMISH_SUPPORT.csv#S031,Include in core S001-S120; Retain Materials-funded readiness development. Preserve capture-capable infantry and ticket control; no paid tickets.,Design/Roadmap/Skirmish_Expansion/Scenarios/CC_FC.md#s031,MP01;MP02;MP03;MP04;MP05;MP06;MP07;MP08
Skirmish,S032,skirmish.s032,City Crossroads · Frontline Control · Ground Maneuver · Established Base,warline.campaign.shattered_relay,none,no_campaign_or_account_roster_grind,scenario_materials_oil_fuel_only,no_account_power_or_required_farming,included_in_accessible_content,Design/Roadmap/Support/SKIRMISH_SUPPORT.csv#S032,Include in core S001-S120; Retain starting grants with no second charge; research begins at authored level. Preserve capture-capable infantry and ticket control; no paid tickets.,Design/Roadmap/Skirmish_Expansion/Scenarios/CC_FC.md#s032,MP01;MP02;MP03;MP04;MP05;MP06;MP07;MP08
Skirmish,S033,skirmish.s033,City Crossroads · Frontline Control · Air Mobile · Field Base,warline.campaign.shattered_relay,none,no_campaign_or_account_roster_grind,scenario_materials_oil_fuel_only,no_account_power_or_required_farming,included_in_accessible_content,Design/Roadmap/Support/SKIRMISH_SUPPORT.csv#S033,Include in core S001-S120; Retain Materials-funded readiness development. Preserve capture-capable infantry and ticket control; no paid tickets.,Design/Roadmap/Skirmish_Expansion/Scenarios/CC_FC.md#s033,MP01;MP02;MP03;MP04;MP05;MP06;MP07;MP08
Skirmish,S034,skirmish.s034,City Crossroads · Frontline Control · Air Mobile · Established Base,warline.campaign.shattered_relay,none,no_campaign_or_account_roster_grind,scenario_materials_oil_fuel_only,no_account_power_or_required_farming,included_in_accessible_content,Design/Roadmap/Support/SKIRMISH_SUPPORT.csv#S034,Include in core S001-S120; Retain starting grants with no second charge; research begins at authored level. Preserve capture-capable infantry and ticket control; no paid tickets.,Design/Roadmap/Skirmish_Expansion/Scenarios/CC_FC.md#s034,MP01;MP02;MP03;MP04;MP05;MP06;MP07;MP08
Skirmish,S035,skirmish.s035,City Crossroads · Frontline Control · Combined Arms · Field Base,warline.campaign.shattered_relay,none,no_campaign_or_account_roster_grind,scenario_materials_oil_fuel_only,no_account_power_or_required_farming,included_in_accessible_content,Design/Roadmap/Support/SKIRMISH_SUPPORT.csv#S035,Include in core S001-S120; Retain Materials-funded readiness development. Preserve capture-capable infantry and ticket control; no paid tickets.,Design/Roadmap/Skirmish_Expansion/Scenarios/CC_FC.md#s035,MP01;MP02;MP03;MP04;MP05;MP06;MP07;MP08
Skirmish,S036,skirmish.s036,City Crossroads · Frontline Control · Combined Arms · Established Base,warline.campaign.shattered_relay,none,no_campaign_or_account_roster_grind,scenario_materials_oil_fuel_only,no_account_power_or_required_farming,included_in_accessible_content,Design/Roadmap/Support/SKIRMISH_SUPPORT.csv#S036,Include in core S001-S120; Retain starting grants with no second charge; research begins at authored level. Preserve capture-capable infantry and ticket control; no paid tickets.,Design/Roadmap/Skirmish_Expansion/Scenarios/CC_FC.md#s036,MP01;MP02;MP03;MP04;MP05;MP06;MP07;MP08
Skirmish,S037,skirmish.s037,City Crossroads · Breakthrough · Ground Maneuver · Field Base,warline.campaign.shattered_relay,none,no_campaign_or_account_roster_grind,scenario_materials_oil_fuel_only,no_account_power_or_required_farming,included_in_accessible_content,Design/Roadmap/Support/SKIRMISH_SUPPORT.csv#S037,Include in core S001-S120; Retain Materials-funded readiness development. Preserve designated survivors and both corridors; no purchased replacements.,Design/Roadmap/Skirmish_Expansion/Scenarios/CC_BT.md#s037,MP01;MP02;MP03;MP04;MP05;MP06;MP07;MP08
Skirmish,S038,skirmish.s038,City Crossroads · Breakthrough · Ground Maneuver · Established Base,warline.campaign.shattered_relay,none,no_campaign_or_account_roster_grind,scenario_materials_oil_fuel_only,no_account_power_or_required_farming,included_in_accessible_content,Design/Roadmap/Support/SKIRMISH_SUPPORT.csv#S038,Include in core S001-S120; Retain starting grants with no second charge; research begins at authored level. Preserve designated survivors and both corridors; no purchased replacements.,Design/Roadmap/Skirmish_Expansion/Scenarios/CC_BT.md#s038,MP01;MP02;MP03;MP04;MP05;MP06;MP07;MP08
Skirmish,S039,skirmish.s039,City Crossroads · Breakthrough · Air Mobile · Field Base,warline.campaign.shattered_relay,none,no_campaign_or_account_roster_grind,scenario_materials_oil_fuel_only,no_account_power_or_required_farming,included_in_accessible_content,Design/Roadmap/Support/SKIRMISH_SUPPORT.csv#S039,Include in core S001-S120; Retain Materials-funded readiness development. Preserve designated survivors and both corridors; no purchased replacements.,Design/Roadmap/Skirmish_Expansion/Scenarios/CC_BT.md#s039,MP01;MP02;MP03;MP04;MP05;MP06;MP07;MP08
Skirmish,S040,skirmish.s040,City Crossroads · Breakthrough · Air Mobile · Established Base,warline.campaign.shattered_relay,none,no_campaign_or_account_roster_grind,scenario_materials_oil_fuel_only,no_account_power_or_required_farming,included_in_accessible_content,Design/Roadmap/Support/SKIRMISH_SUPPORT.csv#S040,Include in core S001-S120; Retain starting grants with no second charge; research begins at authored level. Preserve designated survivors and both corridors; no purchased replacements.,Design/Roadmap/Skirmish_Expansion/Scenarios/CC_BT.md#s040,MP01;MP02;MP03;MP04;MP05;MP06;MP07;MP08
Skirmish,S041,skirmish.s041,City Crossroads · Breakthrough · Combined Arms · Field Base,warline.campaign.shattered_relay,none,no_campaign_or_account_roster_grind,scenario_materials_oil_fuel_only,no_account_power_or_required_farming,included_in_accessible_content,Design/Roadmap/Support/SKIRMISH_SUPPORT.csv#S041,Include in core S001-S120; Retain Materials-funded readiness development. Preserve designated survivors and both corridors; no purchased replacements.,Design/Roadmap/Skirmish_Expansion/Scenarios/CC_BT.md#s041,MP01;MP02;MP03;MP04;MP05;MP06;MP07;MP08
Skirmish,S042,skirmish.s042,City Crossroads · Breakthrough · Combined Arms · Established Base,warline.campaign.shattered_relay,none,no_campaign_or_account_roster_grind,scenario_materials_oil_fuel_only,no_account_power_or_required_farming,included_in_accessible_content,Design/Roadmap/Support/SKIRMISH_SUPPORT.csv#S042,Include in core S001-S120; Retain starting grants with no second charge; research begins at authored level. Preserve designated survivors and both corridors; no purchased replacements.,Design/Roadmap/Skirmish_Expansion/Scenarios/CC_BT.md#s042,MP01;MP02;MP03;MP04;MP05;MP06;MP07;MP08
Skirmish,S043,skirmish.s043,City Crossroads · Convoy Escort · Ground Maneuver · Field Base,warline.campaign.shattered_relay,none,no_campaign_or_account_roster_grind,scenario_materials_oil_fuel_only,no_account_power_or_required_farming,included_in_accessible_content,Design/Roadmap/Support/SKIRMISH_SUPPORT.csv#S043,"Include in core S001-S120; Retain Materials-funded readiness development. Preserve objective trucks, routes and local repair; no paid convoy insurance.",Design/Roadmap/Skirmish_Expansion/Scenarios/CC_CE.md#s043,MP01;MP02;MP03;MP04;MP05;MP06;MP07;MP08
Skirmish,S044,skirmish.s044,City Crossroads · Convoy Escort · Ground Maneuver · Established Base,warline.campaign.shattered_relay,none,no_campaign_or_account_roster_grind,scenario_materials_oil_fuel_only,no_account_power_or_required_farming,included_in_accessible_content,Design/Roadmap/Support/SKIRMISH_SUPPORT.csv#S044,"Include in core S001-S120; Retain starting grants with no second charge; research begins at authored level. Preserve objective trucks, routes and local repair; no paid convoy insurance.",Design/Roadmap/Skirmish_Expansion/Scenarios/CC_CE.md#s044,MP01;MP02;MP03;MP04;MP05;MP06;MP07;MP08
Skirmish,S045,skirmish.s045,City Crossroads · Convoy Escort · Air Mobile · Field Base,warline.campaign.shattered_relay,none,no_campaign_or_account_roster_grind,scenario_materials_oil_fuel_only,no_account_power_or_required_farming,included_in_accessible_content,Design/Roadmap/Support/SKIRMISH_SUPPORT.csv#S045,"Include in core S001-S120; Retain Materials-funded readiness development. Preserve objective trucks, routes and local repair; no paid convoy insurance.",Design/Roadmap/Skirmish_Expansion/Scenarios/CC_CE.md#s045,MP01;MP02;MP03;MP04;MP05;MP06;MP07;MP08
Skirmish,S046,skirmish.s046,City Crossroads · Convoy Escort · Air Mobile · Established Base,warline.campaign.shattered_relay,none,no_campaign_or_account_roster_grind,scenario_materials_oil_fuel_only,no_account_power_or_required_farming,included_in_accessible_content,Design/Roadmap/Support/SKIRMISH_SUPPORT.csv#S046,"Include in core S001-S120; Retain starting grants with no second charge; research begins at authored level. Preserve objective trucks, routes and local repair; no paid convoy insurance.",Design/Roadmap/Skirmish_Expansion/Scenarios/CC_CE.md#s046,MP01;MP02;MP03;MP04;MP05;MP06;MP07;MP08
Skirmish,S047,skirmish.s047,City Crossroads · Convoy Escort · Combined Arms · Field Base,warline.campaign.shattered_relay,none,no_campaign_or_account_roster_grind,scenario_materials_oil_fuel_only,no_account_power_or_required_farming,included_in_accessible_content,Design/Roadmap/Support/SKIRMISH_SUPPORT.csv#S047,"Include in core S001-S120; Retain Materials-funded readiness development. Preserve objective trucks, routes and local repair; no paid convoy insurance.",Design/Roadmap/Skirmish_Expansion/Scenarios/CC_CE.md#s047,MP01;MP02;MP03;MP04;MP05;MP06;MP07;MP08
Skirmish,S048,skirmish.s048,City Crossroads · Convoy Escort · Combined Arms · Established Base,warline.campaign.shattered_relay,none,no_campaign_or_account_roster_grind,scenario_materials_oil_fuel_only,no_account_power_or_required_farming,included_in_accessible_content,Design/Roadmap/Support/SKIRMISH_SUPPORT.csv#S048,"Include in core S001-S120; Retain starting grants with no second charge; research begins at authored level. Preserve objective trucks, routes and local repair; no paid convoy insurance.",Design/Roadmap/Skirmish_Expansion/Scenarios/CC_CE.md#s048,MP01;MP02;MP03;MP04;MP05;MP06;MP07;MP08
Skirmish,S049,skirmish.s049,Mountain Pass · Base Assault · Ground Maneuver · Field Base,warline.campaign.shattered_relay,none,no_campaign_or_account_roster_grind,scenario_materials_oil_fuel_only,no_account_power_or_required_farming,included_in_accessible_content,Design/Roadmap/Support/SKIRMISH_SUPPORT.csv#S049,Include in core S001-S120; Retain Materials-funded readiness development. Preserve designated-base outcome and both viable attack approaches.,Design/Roadmap/Skirmish_Expansion/Scenarios/MP_BA.md#s049,MP01;MP02;MP03;MP04;MP05;MP06;MP07;MP08
Skirmish,S050,skirmish.s050,Mountain Pass · Base Assault · Ground Maneuver · Established Base,warline.campaign.shattered_relay,none,no_campaign_or_account_roster_grind,scenario_materials_oil_fuel_only,no_account_power_or_required_farming,included_in_accessible_content,Design/Roadmap/Support/SKIRMISH_SUPPORT.csv#S050,Include in core S001-S120; Retain starting grants with no second charge; research begins at authored level. Preserve designated-base outcome and both viable attack approaches.,Design/Roadmap/Skirmish_Expansion/Scenarios/MP_BA.md#s050,MP01;MP02;MP03;MP04;MP05;MP06;MP07;MP08
Skirmish,S051,skirmish.s051,Mountain Pass · Base Assault · Air Mobile · Field Base,warline.campaign.shattered_relay,none,no_campaign_or_account_roster_grind,scenario_materials_oil_fuel_only,no_account_power_or_required_farming,included_in_accessible_content,Design/Roadmap/Support/SKIRMISH_SUPPORT.csv#S051,Include in core S001-S120; Retain Materials-funded readiness development. Preserve designated-base outcome and both viable attack approaches.,Design/Roadmap/Skirmish_Expansion/Scenarios/MP_BA.md#s051,MP01;MP02;MP03;MP04;MP05;MP06;MP07;MP08
Skirmish,S052,skirmish.s052,Mountain Pass · Base Assault · Air Mobile · Established Base,warline.campaign.shattered_relay,none,no_campaign_or_account_roster_grind,scenario_materials_oil_fuel_only,no_account_power_or_required_farming,included_in_accessible_content,Design/Roadmap/Support/SKIRMISH_SUPPORT.csv#S052,Include in core S001-S120; Retain starting grants with no second charge; research begins at authored level. Preserve designated-base outcome and both viable attack approaches.,Design/Roadmap/Skirmish_Expansion/Scenarios/MP_BA.md#s052,MP01;MP02;MP03;MP04;MP05;MP06;MP07;MP08
Skirmish,S053,skirmish.s053,Mountain Pass · Base Assault · Combined Arms · Field Base,warline.campaign.shattered_relay,none,no_campaign_or_account_roster_grind,scenario_materials_oil_fuel_only,no_account_power_or_required_farming,included_in_accessible_content,Design/Roadmap/Support/SKIRMISH_SUPPORT.csv#S053,Include in core S001-S120; Retain Materials-funded readiness development. Preserve designated-base outcome and both viable attack approaches.,Design/Roadmap/Skirmish_Expansion/Scenarios/MP_BA.md#s053,MP01;MP02;MP03;MP04;MP05;MP06;MP07;MP08
Skirmish,S054,skirmish.s054,Mountain Pass · Base Assault · Combined Arms · Established Base,warline.campaign.shattered_relay,none,no_campaign_or_account_roster_grind,scenario_materials_oil_fuel_only,no_account_power_or_required_farming,included_in_accessible_content,Design/Roadmap/Support/SKIRMISH_SUPPORT.csv#S054,Include in core S001-S120; Retain starting grants with no second charge; research begins at authored level. Preserve designated-base outcome and both viable attack approaches.,Design/Roadmap/Skirmish_Expansion/Scenarios/MP_BA.md#s054,MP01;MP02;MP03;MP04;MP05;MP06;MP07;MP08
Skirmish,S055,skirmish.s055,Mountain Pass · Frontline Control · Ground Maneuver · Field Base,warline.campaign.shattered_relay,none,no_campaign_or_account_roster_grind,scenario_materials_oil_fuel_only,no_account_power_or_required_farming,included_in_accessible_content,Design/Roadmap/Support/SKIRMISH_SUPPORT.csv#S055,Include in core S001-S120; Retain Materials-funded readiness development. Preserve capture-capable infantry and ticket control; no paid tickets.,Design/Roadmap/Skirmish_Expansion/Scenarios/MP_FC.md#s055,MP01;MP02;MP03;MP04;MP05;MP06;MP07;MP08
Skirmish,S056,skirmish.s056,Mountain Pass · Frontline Control · Ground Maneuver · Established Base,warline.campaign.shattered_relay,none,no_campaign_or_account_roster_grind,scenario_materials_oil_fuel_only,no_account_power_or_required_farming,included_in_accessible_content,Design/Roadmap/Support/SKIRMISH_SUPPORT.csv#S056,Include in core S001-S120; Retain starting grants with no second charge; research begins at authored level. Preserve capture-capable infantry and ticket control; no paid tickets.,Design/Roadmap/Skirmish_Expansion/Scenarios/MP_FC.md#s056,MP01;MP02;MP03;MP04;MP05;MP06;MP07;MP08
Skirmish,S057,skirmish.s057,Mountain Pass · Frontline Control · Air Mobile · Field Base,warline.campaign.shattered_relay,none,no_campaign_or_account_roster_grind,scenario_materials_oil_fuel_only,no_account_power_or_required_farming,included_in_accessible_content,Design/Roadmap/Support/SKIRMISH_SUPPORT.csv#S057,Include in core S001-S120; Retain Materials-funded readiness development. Preserve capture-capable infantry and ticket control; no paid tickets.,Design/Roadmap/Skirmish_Expansion/Scenarios/MP_FC.md#s057,MP01;MP02;MP03;MP04;MP05;MP06;MP07;MP08
Skirmish,S058,skirmish.s058,Mountain Pass · Frontline Control · Air Mobile · Established Base,warline.campaign.shattered_relay,none,no_campaign_or_account_roster_grind,scenario_materials_oil_fuel_only,no_account_power_or_required_farming,included_in_accessible_content,Design/Roadmap/Support/SKIRMISH_SUPPORT.csv#S058,Include in core S001-S120; Retain starting grants with no second charge; research begins at authored level. Preserve capture-capable infantry and ticket control; no paid tickets.,Design/Roadmap/Skirmish_Expansion/Scenarios/MP_FC.md#s058,MP01;MP02;MP03;MP04;MP05;MP06;MP07;MP08
Skirmish,S059,skirmish.s059,Mountain Pass · Frontline Control · Combined Arms · Field Base,warline.campaign.shattered_relay,none,no_campaign_or_account_roster_grind,scenario_materials_oil_fuel_only,no_account_power_or_required_farming,included_in_accessible_content,Design/Roadmap/Support/SKIRMISH_SUPPORT.csv#S059,Include in core S001-S120; Retain Materials-funded readiness development. Preserve capture-capable infantry and ticket control; no paid tickets.,Design/Roadmap/Skirmish_Expansion/Scenarios/MP_FC.md#s059,MP01;MP02;MP03;MP04;MP05;MP06;MP07;MP08
Skirmish,S060,skirmish.s060,Mountain Pass · Frontline Control · Combined Arms · Established Base,warline.campaign.shattered_relay,none,no_campaign_or_account_roster_grind,scenario_materials_oil_fuel_only,no_account_power_or_required_farming,included_in_accessible_content,Design/Roadmap/Support/SKIRMISH_SUPPORT.csv#S060,Include in core S001-S120; Retain starting grants with no second charge; research begins at authored level. Preserve capture-capable infantry and ticket control; no paid tickets.,Design/Roadmap/Skirmish_Expansion/Scenarios/MP_FC.md#s060,MP01;MP02;MP03;MP04;MP05;MP06;MP07;MP08
Skirmish,S061,skirmish.s061,Mountain Pass · Breakthrough · Ground Maneuver · Field Base,warline.campaign.shattered_relay,none,no_campaign_or_account_roster_grind,scenario_materials_oil_fuel_only,no_account_power_or_required_farming,included_in_accessible_content,Design/Roadmap/Support/SKIRMISH_SUPPORT.csv#S061,Include in core S001-S120; Retain Materials-funded readiness development. Preserve designated survivors and both corridors; no purchased replacements.,Design/Roadmap/Skirmish_Expansion/Scenarios/MP_BT.md#s061,MP01;MP02;MP03;MP04;MP05;MP06;MP07;MP08
Skirmish,S062,skirmish.s062,Mountain Pass · Breakthrough · Ground Maneuver · Established Base,warline.campaign.shattered_relay,none,no_campaign_or_account_roster_grind,scenario_materials_oil_fuel_only,no_account_power_or_required_farming,included_in_accessible_content,Design/Roadmap/Support/SKIRMISH_SUPPORT.csv#S062,Include in core S001-S120; Retain starting grants with no second charge; research begins at authored level. Preserve designated survivors and both corridors; no purchased replacements.,Design/Roadmap/Skirmish_Expansion/Scenarios/MP_BT.md#s062,MP01;MP02;MP03;MP04;MP05;MP06;MP07;MP08
Skirmish,S063,skirmish.s063,Mountain Pass · Breakthrough · Air Mobile · Field Base,warline.campaign.shattered_relay,none,no_campaign_or_account_roster_grind,scenario_materials_oil_fuel_only,no_account_power_or_required_farming,included_in_accessible_content,Design/Roadmap/Support/SKIRMISH_SUPPORT.csv#S063,Include in core S001-S120; Retain Materials-funded readiness development. Preserve designated survivors and both corridors; no purchased replacements.,Design/Roadmap/Skirmish_Expansion/Scenarios/MP_BT.md#s063,MP01;MP02;MP03;MP04;MP05;MP06;MP07;MP08
Skirmish,S064,skirmish.s064,Mountain Pass · Breakthrough · Air Mobile · Established Base,warline.campaign.shattered_relay,none,no_campaign_or_account_roster_grind,scenario_materials_oil_fuel_only,no_account_power_or_required_farming,included_in_accessible_content,Design/Roadmap/Support/SKIRMISH_SUPPORT.csv#S064,Include in core S001-S120; Retain starting grants with no second charge; research begins at authored level. Preserve designated survivors and both corridors; no purchased replacements.,Design/Roadmap/Skirmish_Expansion/Scenarios/MP_BT.md#s064,MP01;MP02;MP03;MP04;MP05;MP06;MP07;MP08
Skirmish,S065,skirmish.s065,Mountain Pass · Breakthrough · Combined Arms · Field Base,warline.campaign.shattered_relay,none,no_campaign_or_account_roster_grind,scenario_materials_oil_fuel_only,no_account_power_or_required_farming,included_in_accessible_content,Design/Roadmap/Support/SKIRMISH_SUPPORT.csv#S065,Include in core S001-S120; Retain Materials-funded readiness development. Preserve designated survivors and both corridors; no purchased replacements.,Design/Roadmap/Skirmish_Expansion/Scenarios/MP_BT.md#s065,MP01;MP02;MP03;MP04;MP05;MP06;MP07;MP08
Skirmish,S066,skirmish.s066,Mountain Pass · Breakthrough · Combined Arms · Established Base,warline.campaign.shattered_relay,none,no_campaign_or_account_roster_grind,scenario_materials_oil_fuel_only,no_account_power_or_required_farming,included_in_accessible_content,Design/Roadmap/Support/SKIRMISH_SUPPORT.csv#S066,Include in core S001-S120; Retain starting grants with no second charge; research begins at authored level. Preserve designated survivors and both corridors; no purchased replacements.,Design/Roadmap/Skirmish_Expansion/Scenarios/MP_BT.md#s066,MP01;MP02;MP03;MP04;MP05;MP06;MP07;MP08
Skirmish,S067,skirmish.s067,Mountain Pass · Convoy Escort · Ground Maneuver · Field Base,warline.campaign.shattered_relay,none,no_campaign_or_account_roster_grind,scenario_materials_oil_fuel_only,no_account_power_or_required_farming,included_in_accessible_content,Design/Roadmap/Support/SKIRMISH_SUPPORT.csv#S067,"Include in core S001-S120; Retain Materials-funded readiness development. Preserve objective trucks, routes and local repair; no paid convoy insurance.",Design/Roadmap/Skirmish_Expansion/Scenarios/MP_CE.md#s067,MP01;MP02;MP03;MP04;MP05;MP06;MP07;MP08
Skirmish,S068,skirmish.s068,Mountain Pass · Convoy Escort · Ground Maneuver · Established Base,warline.campaign.shattered_relay,none,no_campaign_or_account_roster_grind,scenario_materials_oil_fuel_only,no_account_power_or_required_farming,included_in_accessible_content,Design/Roadmap/Support/SKIRMISH_SUPPORT.csv#S068,"Include in core S001-S120; Retain starting grants with no second charge; research begins at authored level. Preserve objective trucks, routes and local repair; no paid convoy insurance.",Design/Roadmap/Skirmish_Expansion/Scenarios/MP_CE.md#s068,MP01;MP02;MP03;MP04;MP05;MP06;MP07;MP08
Skirmish,S069,skirmish.s069,Mountain Pass · Convoy Escort · Air Mobile · Field Base,warline.campaign.shattered_relay,none,no_campaign_or_account_roster_grind,scenario_materials_oil_fuel_only,no_account_power_or_required_farming,included_in_accessible_content,Design/Roadmap/Support/SKIRMISH_SUPPORT.csv#S069,"Include in core S001-S120; Retain Materials-funded readiness development. Preserve objective trucks, routes and local repair; no paid convoy insurance.",Design/Roadmap/Skirmish_Expansion/Scenarios/MP_CE.md#s069,MP01;MP02;MP03;MP04;MP05;MP06;MP07;MP08
Skirmish,S070,skirmish.s070,Mountain Pass · Convoy Escort · Air Mobile · Established Base,warline.campaign.shattered_relay,none,no_campaign_or_account_roster_grind,scenario_materials_oil_fuel_only,no_account_power_or_required_farming,included_in_accessible_content,Design/Roadmap/Support/SKIRMISH_SUPPORT.csv#S070,"Include in core S001-S120; Retain starting grants with no second charge; research begins at authored level. Preserve objective trucks, routes and local repair; no paid convoy insurance.",Design/Roadmap/Skirmish_Expansion/Scenarios/MP_CE.md#s070,MP01;MP02;MP03;MP04;MP05;MP06;MP07;MP08
Skirmish,S071,skirmish.s071,Mountain Pass · Convoy Escort · Combined Arms · Field Base,warline.campaign.shattered_relay,none,no_campaign_or_account_roster_grind,scenario_materials_oil_fuel_only,no_account_power_or_required_farming,included_in_accessible_content,Design/Roadmap/Support/SKIRMISH_SUPPORT.csv#S071,"Include in core S001-S120; Retain Materials-funded readiness development. Preserve objective trucks, routes and local repair; no paid convoy insurance.",Design/Roadmap/Skirmish_Expansion/Scenarios/MP_CE.md#s071,MP01;MP02;MP03;MP04;MP05;MP06;MP07;MP08
Skirmish,S072,skirmish.s072,Mountain Pass · Convoy Escort · Combined Arms · Established Base,warline.campaign.shattered_relay,none,no_campaign_or_account_roster_grind,scenario_materials_oil_fuel_only,no_account_power_or_required_farming,included_in_accessible_content,Design/Roadmap/Support/SKIRMISH_SUPPORT.csv#S072,"Include in core S001-S120; Retain starting grants with no second charge; research begins at authored level. Preserve objective trucks, routes and local repair; no paid convoy insurance.",Design/Roadmap/Skirmish_Expansion/Scenarios/MP_CE.md#s072,MP01;MP02;MP03;MP04;MP05;MP06;MP07;MP08
Skirmish,S073,skirmish.s073,Industrial Basin · Base Assault · Ground Maneuver · Field Base,warline.campaign.shattered_relay,none,no_campaign_or_account_roster_grind,scenario_materials_oil_fuel_only,no_account_power_or_required_farming,included_in_accessible_content,Design/Roadmap/Support/SKIRMISH_SUPPORT.csv#S073,Include in core S001-S120; Retain Materials-funded readiness development. Preserve designated-base outcome and both viable attack approaches.,Design/Roadmap/Skirmish_Expansion/Scenarios/IB_BA.md#s073,MP01;MP02;MP03;MP04;MP05;MP06;MP07;MP08
Skirmish,S074,skirmish.s074,Industrial Basin · Base Assault · Ground Maneuver · Established Base,warline.campaign.shattered_relay,none,no_campaign_or_account_roster_grind,scenario_materials_oil_fuel_only,no_account_power_or_required_farming,included_in_accessible_content,Design/Roadmap/Support/SKIRMISH_SUPPORT.csv#S074,Include in core S001-S120; Retain starting grants with no second charge; research begins at authored level. Preserve designated-base outcome and both viable attack approaches.,Design/Roadmap/Skirmish_Expansion/Scenarios/IB_BA.md#s074,MP01;MP02;MP03;MP04;MP05;MP06;MP07;MP08
Skirmish,S075,skirmish.s075,Industrial Basin · Base Assault · Air Mobile · Field Base,warline.campaign.shattered_relay,none,no_campaign_or_account_roster_grind,scenario_materials_oil_fuel_only,no_account_power_or_required_farming,included_in_accessible_content,Design/Roadmap/Support/SKIRMISH_SUPPORT.csv#S075,Include in core S001-S120; Retain Materials-funded readiness development. Preserve designated-base outcome and both viable attack approaches.,Design/Roadmap/Skirmish_Expansion/Scenarios/IB_BA.md#s075,MP01;MP02;MP03;MP04;MP05;MP06;MP07;MP08
Skirmish,S076,skirmish.s076,Industrial Basin · Base Assault · Air Mobile · Established Base,warline.campaign.shattered_relay,none,no_campaign_or_account_roster_grind,scenario_materials_oil_fuel_only,no_account_power_or_required_farming,included_in_accessible_content,Design/Roadmap/Support/SKIRMISH_SUPPORT.csv#S076,Include in core S001-S120; Retain starting grants with no second charge; research begins at authored level. Preserve designated-base outcome and both viable attack approaches.,Design/Roadmap/Skirmish_Expansion/Scenarios/IB_BA.md#s076,MP01;MP02;MP03;MP04;MP05;MP06;MP07;MP08
Skirmish,S077,skirmish.s077,Industrial Basin · Base Assault · Combined Arms · Field Base,warline.campaign.shattered_relay,none,no_campaign_or_account_roster_grind,scenario_materials_oil_fuel_only,no_account_power_or_required_farming,included_in_accessible_content,Design/Roadmap/Support/SKIRMISH_SUPPORT.csv#S077,Include in core S001-S120; Retain Materials-funded readiness development. Preserve designated-base outcome and both viable attack approaches.,Design/Roadmap/Skirmish_Expansion/Scenarios/IB_BA.md#s077,MP01;MP02;MP03;MP04;MP05;MP06;MP07;MP08
Skirmish,S078,skirmish.s078,Industrial Basin · Base Assault · Combined Arms · Established Base,warline.campaign.shattered_relay,none,no_campaign_or_account_roster_grind,scenario_materials_oil_fuel_only,no_account_power_or_required_farming,included_in_accessible_content,Design/Roadmap/Support/SKIRMISH_SUPPORT.csv#S078,Include in core S001-S120; Retain starting grants with no second charge; research begins at authored level. Preserve designated-base outcome and both viable attack approaches.,Design/Roadmap/Skirmish_Expansion/Scenarios/IB_BA.md#s078,MP01;MP02;MP03;MP04;MP05;MP06;MP07;MP08
Skirmish,S079,skirmish.s079,Industrial Basin · Frontline Control · Ground Maneuver · Field Base,warline.campaign.shattered_relay,none,no_campaign_or_account_roster_grind,scenario_materials_oil_fuel_only,no_account_power_or_required_farming,included_in_accessible_content,Design/Roadmap/Support/SKIRMISH_SUPPORT.csv#S079,Include in core S001-S120; Retain Materials-funded readiness development. Preserve capture-capable infantry and ticket control; no paid tickets.,Design/Roadmap/Skirmish_Expansion/Scenarios/IB_FC.md#s079,MP01;MP02;MP03;MP04;MP05;MP06;MP07;MP08
Skirmish,S080,skirmish.s080,Industrial Basin · Frontline Control · Ground Maneuver · Established Base,warline.campaign.shattered_relay,none,no_campaign_or_account_roster_grind,scenario_materials_oil_fuel_only,no_account_power_or_required_farming,included_in_accessible_content,Design/Roadmap/Support/SKIRMISH_SUPPORT.csv#S080,Include in core S001-S120; Retain starting grants with no second charge; research begins at authored level. Preserve capture-capable infantry and ticket control; no paid tickets.,Design/Roadmap/Skirmish_Expansion/Scenarios/IB_FC.md#s080,MP01;MP02;MP03;MP04;MP05;MP06;MP07;MP08
Skirmish,S081,skirmish.s081,Industrial Basin · Frontline Control · Air Mobile · Field Base,warline.campaign.shattered_relay,none,no_campaign_or_account_roster_grind,scenario_materials_oil_fuel_only,no_account_power_or_required_farming,included_in_accessible_content,Design/Roadmap/Support/SKIRMISH_SUPPORT.csv#S081,Include in core S001-S120; Retain Materials-funded readiness development. Preserve capture-capable infantry and ticket control; no paid tickets.,Design/Roadmap/Skirmish_Expansion/Scenarios/IB_FC.md#s081,MP01;MP02;MP03;MP04;MP05;MP06;MP07;MP08
Skirmish,S082,skirmish.s082,Industrial Basin · Frontline Control · Air Mobile · Established Base,warline.campaign.shattered_relay,none,no_campaign_or_account_roster_grind,scenario_materials_oil_fuel_only,no_account_power_or_required_farming,included_in_accessible_content,Design/Roadmap/Support/SKIRMISH_SUPPORT.csv#S082,Include in core S001-S120; Retain starting grants with no second charge; research begins at authored level. Preserve capture-capable infantry and ticket control; no paid tickets.,Design/Roadmap/Skirmish_Expansion/Scenarios/IB_FC.md#s082,MP01;MP02;MP03;MP04;MP05;MP06;MP07;MP08
Skirmish,S083,skirmish.s083,Industrial Basin · Frontline Control · Combined Arms · Field Base,warline.campaign.shattered_relay,none,no_campaign_or_account_roster_grind,scenario_materials_oil_fuel_only,no_account_power_or_required_farming,included_in_accessible_content,Design/Roadmap/Support/SKIRMISH_SUPPORT.csv#S083,Include in core S001-S120; Retain Materials-funded readiness development. Preserve capture-capable infantry and ticket control; no paid tickets.,Design/Roadmap/Skirmish_Expansion/Scenarios/IB_FC.md#s083,MP01;MP02;MP03;MP04;MP05;MP06;MP07;MP08
Skirmish,S084,skirmish.s084,Industrial Basin · Frontline Control · Combined Arms · Established Base,warline.campaign.shattered_relay,none,no_campaign_or_account_roster_grind,scenario_materials_oil_fuel_only,no_account_power_or_required_farming,included_in_accessible_content,Design/Roadmap/Support/SKIRMISH_SUPPORT.csv#S084,Include in core S001-S120; Retain starting grants with no second charge; research begins at authored level. Preserve capture-capable infantry and ticket control; no paid tickets.,Design/Roadmap/Skirmish_Expansion/Scenarios/IB_FC.md#s084,MP01;MP02;MP03;MP04;MP05;MP06;MP07;MP08
Skirmish,S085,skirmish.s085,Industrial Basin · Breakthrough · Ground Maneuver · Field Base,warline.campaign.shattered_relay,none,no_campaign_or_account_roster_grind,scenario_materials_oil_fuel_only,no_account_power_or_required_farming,included_in_accessible_content,Design/Roadmap/Support/SKIRMISH_SUPPORT.csv#S085,Include in core S001-S120; Retain Materials-funded readiness development. Preserve designated survivors and both corridors; no purchased replacements.,Design/Roadmap/Skirmish_Expansion/Scenarios/IB_BT.md#s085,MP01;MP02;MP03;MP04;MP05;MP06;MP07;MP08
Skirmish,S086,skirmish.s086,Industrial Basin · Breakthrough · Ground Maneuver · Established Base,warline.campaign.shattered_relay,none,no_campaign_or_account_roster_grind,scenario_materials_oil_fuel_only,no_account_power_or_required_farming,included_in_accessible_content,Design/Roadmap/Support/SKIRMISH_SUPPORT.csv#S086,Include in core S001-S120; Retain starting grants with no second charge; research begins at authored level. Preserve designated survivors and both corridors; no purchased replacements.,Design/Roadmap/Skirmish_Expansion/Scenarios/IB_BT.md#s086,MP01;MP02;MP03;MP04;MP05;MP06;MP07;MP08
Skirmish,S087,skirmish.s087,Industrial Basin · Breakthrough · Air Mobile · Field Base,warline.campaign.shattered_relay,none,no_campaign_or_account_roster_grind,scenario_materials_oil_fuel_only,no_account_power_or_required_farming,included_in_accessible_content,Design/Roadmap/Support/SKIRMISH_SUPPORT.csv#S087,Include in core S001-S120; Retain Materials-funded readiness development. Preserve designated survivors and both corridors; no purchased replacements.,Design/Roadmap/Skirmish_Expansion/Scenarios/IB_BT.md#s087,MP01;MP02;MP03;MP04;MP05;MP06;MP07;MP08
Skirmish,S088,skirmish.s088,Industrial Basin · Breakthrough · Air Mobile · Established Base,warline.campaign.shattered_relay,none,no_campaign_or_account_roster_grind,scenario_materials_oil_fuel_only,no_account_power_or_required_farming,included_in_accessible_content,Design/Roadmap/Support/SKIRMISH_SUPPORT.csv#S088,Include in core S001-S120; Retain starting grants with no second charge; research begins at authored level. Preserve designated survivors and both corridors; no purchased replacements.,Design/Roadmap/Skirmish_Expansion/Scenarios/IB_BT.md#s088,MP01;MP02;MP03;MP04;MP05;MP06;MP07;MP08
Skirmish,S089,skirmish.s089,Industrial Basin · Breakthrough · Combined Arms · Field Base,warline.campaign.shattered_relay,none,no_campaign_or_account_roster_grind,scenario_materials_oil_fuel_only,no_account_power_or_required_farming,included_in_accessible_content,Design/Roadmap/Support/SKIRMISH_SUPPORT.csv#S089,Include in core S001-S120; Retain Materials-funded readiness development. Preserve designated survivors and both corridors; no purchased replacements.,Design/Roadmap/Skirmish_Expansion/Scenarios/IB_BT.md#s089,MP01;MP02;MP03;MP04;MP05;MP06;MP07;MP08
Skirmish,S090,skirmish.s090,Industrial Basin · Breakthrough · Combined Arms · Established Base,warline.campaign.shattered_relay,none,no_campaign_or_account_roster_grind,scenario_materials_oil_fuel_only,no_account_power_or_required_farming,included_in_accessible_content,Design/Roadmap/Support/SKIRMISH_SUPPORT.csv#S090,Include in core S001-S120; Retain starting grants with no second charge; research begins at authored level. Preserve designated survivors and both corridors; no purchased replacements.,Design/Roadmap/Skirmish_Expansion/Scenarios/IB_BT.md#s090,MP01;MP02;MP03;MP04;MP05;MP06;MP07;MP08
Skirmish,S091,skirmish.s091,Industrial Basin · Convoy Escort · Ground Maneuver · Field Base,warline.campaign.shattered_relay,none,no_campaign_or_account_roster_grind,scenario_materials_oil_fuel_only,no_account_power_or_required_farming,included_in_accessible_content,Design/Roadmap/Support/SKIRMISH_SUPPORT.csv#S091,"Include in core S001-S120; Retain Materials-funded readiness development. Preserve objective trucks, routes and local repair; no paid convoy insurance.",Design/Roadmap/Skirmish_Expansion/Scenarios/IB_CE.md#s091,MP01;MP02;MP03;MP04;MP05;MP06;MP07;MP08
Skirmish,S092,skirmish.s092,Industrial Basin · Convoy Escort · Ground Maneuver · Established Base,warline.campaign.shattered_relay,none,no_campaign_or_account_roster_grind,scenario_materials_oil_fuel_only,no_account_power_or_required_farming,included_in_accessible_content,Design/Roadmap/Support/SKIRMISH_SUPPORT.csv#S092,"Include in core S001-S120; Retain starting grants with no second charge; research begins at authored level. Preserve objective trucks, routes and local repair; no paid convoy insurance.",Design/Roadmap/Skirmish_Expansion/Scenarios/IB_CE.md#s092,MP01;MP02;MP03;MP04;MP05;MP06;MP07;MP08
Skirmish,S093,skirmish.s093,Industrial Basin · Convoy Escort · Air Mobile · Field Base,warline.campaign.shattered_relay,none,no_campaign_or_account_roster_grind,scenario_materials_oil_fuel_only,no_account_power_or_required_farming,included_in_accessible_content,Design/Roadmap/Support/SKIRMISH_SUPPORT.csv#S093,"Include in core S001-S120; Retain Materials-funded readiness development. Preserve objective trucks, routes and local repair; no paid convoy insurance.",Design/Roadmap/Skirmish_Expansion/Scenarios/IB_CE.md#s093,MP01;MP02;MP03;MP04;MP05;MP06;MP07;MP08
Skirmish,S094,skirmish.s094,Industrial Basin · Convoy Escort · Air Mobile · Established Base,warline.campaign.shattered_relay,none,no_campaign_or_account_roster_grind,scenario_materials_oil_fuel_only,no_account_power_or_required_farming,included_in_accessible_content,Design/Roadmap/Support/SKIRMISH_SUPPORT.csv#S094,"Include in core S001-S120; Retain starting grants with no second charge; research begins at authored level. Preserve objective trucks, routes and local repair; no paid convoy insurance.",Design/Roadmap/Skirmish_Expansion/Scenarios/IB_CE.md#s094,MP01;MP02;MP03;MP04;MP05;MP06;MP07;MP08
Skirmish,S095,skirmish.s095,Industrial Basin · Convoy Escort · Combined Arms · Field Base,warline.campaign.shattered_relay,none,no_campaign_or_account_roster_grind,scenario_materials_oil_fuel_only,no_account_power_or_required_farming,included_in_accessible_content,Design/Roadmap/Support/SKIRMISH_SUPPORT.csv#S095,"Include in core S001-S120; Retain Materials-funded readiness development. Preserve objective trucks, routes and local repair; no paid convoy insurance.",Design/Roadmap/Skirmish_Expansion/Scenarios/IB_CE.md#s095,MP01;MP02;MP03;MP04;MP05;MP06;MP07;MP08
Skirmish,S096,skirmish.s096,Industrial Basin · Convoy Escort · Combined Arms · Established Base,warline.campaign.shattered_relay,none,no_campaign_or_account_roster_grind,scenario_materials_oil_fuel_only,no_account_power_or_required_farming,included_in_accessible_content,Design/Roadmap/Support/SKIRMISH_SUPPORT.csv#S096,"Include in core S001-S120; Retain starting grants with no second charge; research begins at authored level. Preserve objective trucks, routes and local repair; no paid convoy insurance.",Design/Roadmap/Skirmish_Expansion/Scenarios/IB_CE.md#s096,MP01;MP02;MP03;MP04;MP05;MP06;MP07;MP08
Skirmish,S097,skirmish.s097,Airfield Plains · Base Assault · Ground Maneuver · Field Base,warline.campaign.shattered_relay,none,no_campaign_or_account_roster_grind,scenario_materials_oil_fuel_only,no_account_power_or_required_farming,included_in_accessible_content,Design/Roadmap/Support/SKIRMISH_SUPPORT.csv#S097,Include in core S001-S120; Retain Materials-funded readiness development. Preserve designated-base outcome and both viable attack approaches.,Design/Roadmap/Skirmish_Expansion/Scenarios/AP_BA.md#s097,MP01;MP02;MP03;MP04;MP05;MP06;MP07;MP08
Skirmish,S098,skirmish.s098,Airfield Plains · Base Assault · Ground Maneuver · Established Base,warline.campaign.shattered_relay,none,no_campaign_or_account_roster_grind,scenario_materials_oil_fuel_only,no_account_power_or_required_farming,included_in_accessible_content,Design/Roadmap/Support/SKIRMISH_SUPPORT.csv#S098,Include in core S001-S120; Retain starting grants with no second charge; research begins at authored level. Preserve designated-base outcome and both viable attack approaches.,Design/Roadmap/Skirmish_Expansion/Scenarios/AP_BA.md#s098,MP01;MP02;MP03;MP04;MP05;MP06;MP07;MP08
Skirmish,S099,skirmish.s099,Airfield Plains · Base Assault · Air Mobile · Field Base,warline.campaign.shattered_relay,none,no_campaign_or_account_roster_grind,scenario_materials_oil_fuel_only,no_account_power_or_required_farming,included_in_accessible_content,Design/Roadmap/Support/SKIRMISH_SUPPORT.csv#S099,Include in core S001-S120; Retain Materials-funded readiness development. Preserve designated-base outcome and both viable attack approaches.,Design/Roadmap/Skirmish_Expansion/Scenarios/AP_BA.md#s099,MP01;MP02;MP03;MP04;MP05;MP06;MP07;MP08
Skirmish,S100,skirmish.s100,Airfield Plains · Base Assault · Air Mobile · Established Base,warline.campaign.shattered_relay,none,no_campaign_or_account_roster_grind,scenario_materials_oil_fuel_only,no_account_power_or_required_farming,included_in_accessible_content,Design/Roadmap/Support/SKIRMISH_SUPPORT.csv#S100,Include in core S001-S120; Retain starting grants with no second charge; research begins at authored level. Preserve designated-base outcome and both viable attack approaches.,Design/Roadmap/Skirmish_Expansion/Scenarios/AP_BA.md#s100,MP01;MP02;MP03;MP04;MP05;MP06;MP07;MP08
Skirmish,S101,skirmish.s101,Airfield Plains · Base Assault · Combined Arms · Field Base,warline.campaign.shattered_relay,none,no_campaign_or_account_roster_grind,scenario_materials_oil_fuel_only,no_account_power_or_required_farming,included_in_accessible_content,Design/Roadmap/Support/SKIRMISH_SUPPORT.csv#S101,Include in core S001-S120; Retain Materials-funded readiness development. Preserve designated-base outcome and both viable attack approaches.,Design/Roadmap/Skirmish_Expansion/Scenarios/AP_BA.md#s101,MP01;MP02;MP03;MP04;MP05;MP06;MP07;MP08
Skirmish,S102,skirmish.s102,Airfield Plains · Base Assault · Combined Arms · Established Base,warline.campaign.shattered_relay,none,no_campaign_or_account_roster_grind,scenario_materials_oil_fuel_only,no_account_power_or_required_farming,included_in_accessible_content,Design/Roadmap/Support/SKIRMISH_SUPPORT.csv#S102,Include in core S001-S120; Retain starting grants with no second charge; research begins at authored level. Preserve designated-base outcome and both viable attack approaches.,Design/Roadmap/Skirmish_Expansion/Scenarios/AP_BA.md#s102,MP01;MP02;MP03;MP04;MP05;MP06;MP07;MP08
Skirmish,S103,skirmish.s103,Airfield Plains · Frontline Control · Ground Maneuver · Field Base,warline.campaign.shattered_relay,none,no_campaign_or_account_roster_grind,scenario_materials_oil_fuel_only,no_account_power_or_required_farming,included_in_accessible_content,Design/Roadmap/Support/SKIRMISH_SUPPORT.csv#S103,Include in core S001-S120; Retain Materials-funded readiness development. Preserve capture-capable infantry and ticket control; no paid tickets.,Design/Roadmap/Skirmish_Expansion/Scenarios/AP_FC.md#s103,MP01;MP02;MP03;MP04;MP05;MP06;MP07;MP08
Skirmish,S104,skirmish.s104,Airfield Plains · Frontline Control · Ground Maneuver · Established Base,warline.campaign.shattered_relay,none,no_campaign_or_account_roster_grind,scenario_materials_oil_fuel_only,no_account_power_or_required_farming,included_in_accessible_content,Design/Roadmap/Support/SKIRMISH_SUPPORT.csv#S104,Include in core S001-S120; Retain starting grants with no second charge; research begins at authored level. Preserve capture-capable infantry and ticket control; no paid tickets.,Design/Roadmap/Skirmish_Expansion/Scenarios/AP_FC.md#s104,MP01;MP02;MP03;MP04;MP05;MP06;MP07;MP08
Skirmish,S105,skirmish.s105,Airfield Plains · Frontline Control · Air Mobile · Field Base,warline.campaign.shattered_relay,none,no_campaign_or_account_roster_grind,scenario_materials_oil_fuel_only,no_account_power_or_required_farming,included_in_accessible_content,Design/Roadmap/Support/SKIRMISH_SUPPORT.csv#S105,Include in core S001-S120; Retain Materials-funded readiness development. Preserve capture-capable infantry and ticket control; no paid tickets.,Design/Roadmap/Skirmish_Expansion/Scenarios/AP_FC.md#s105,MP01;MP02;MP03;MP04;MP05;MP06;MP07;MP08
Skirmish,S106,skirmish.s106,Airfield Plains · Frontline Control · Air Mobile · Established Base,warline.campaign.shattered_relay,none,no_campaign_or_account_roster_grind,scenario_materials_oil_fuel_only,no_account_power_or_required_farming,included_in_accessible_content,Design/Roadmap/Support/SKIRMISH_SUPPORT.csv#S106,Include in core S001-S120; Retain starting grants with no second charge; research begins at authored level. Preserve capture-capable infantry and ticket control; no paid tickets.,Design/Roadmap/Skirmish_Expansion/Scenarios/AP_FC.md#s106,MP01;MP02;MP03;MP04;MP05;MP06;MP07;MP08
Skirmish,S107,skirmish.s107,Airfield Plains · Frontline Control · Combined Arms · Field Base,warline.campaign.shattered_relay,none,no_campaign_or_account_roster_grind,scenario_materials_oil_fuel_only,no_account_power_or_required_farming,included_in_accessible_content,Design/Roadmap/Support/SKIRMISH_SUPPORT.csv#S107,Include in core S001-S120; Retain Materials-funded readiness development. Preserve capture-capable infantry and ticket control; no paid tickets.,Design/Roadmap/Skirmish_Expansion/Scenarios/AP_FC.md#s107,MP01;MP02;MP03;MP04;MP05;MP06;MP07;MP08
Skirmish,S108,skirmish.s108,Airfield Plains · Frontline Control · Combined Arms · Established Base,warline.campaign.shattered_relay,none,no_campaign_or_account_roster_grind,scenario_materials_oil_fuel_only,no_account_power_or_required_farming,included_in_accessible_content,Design/Roadmap/Support/SKIRMISH_SUPPORT.csv#S108,Include in core S001-S120; Retain starting grants with no second charge; research begins at authored level. Preserve capture-capable infantry and ticket control; no paid tickets.,Design/Roadmap/Skirmish_Expansion/Scenarios/AP_FC.md#s108,MP01;MP02;MP03;MP04;MP05;MP06;MP07;MP08
Skirmish,S109,skirmish.s109,Airfield Plains · Breakthrough · Ground Maneuver · Field Base,warline.campaign.shattered_relay,none,no_campaign_or_account_roster_grind,scenario_materials_oil_fuel_only,no_account_power_or_required_farming,included_in_accessible_content,Design/Roadmap/Support/SKIRMISH_SUPPORT.csv#S109,Include in core S001-S120; Retain Materials-funded readiness development. Preserve designated survivors and both corridors; no purchased replacements.,Design/Roadmap/Skirmish_Expansion/Scenarios/AP_BT.md#s109,MP01;MP02;MP03;MP04;MP05;MP06;MP07;MP08
Skirmish,S110,skirmish.s110,Airfield Plains · Breakthrough · Ground Maneuver · Established Base,warline.campaign.shattered_relay,none,no_campaign_or_account_roster_grind,scenario_materials_oil_fuel_only,no_account_power_or_required_farming,included_in_accessible_content,Design/Roadmap/Support/SKIRMISH_SUPPORT.csv#S110,Include in core S001-S120; Retain starting grants with no second charge; research begins at authored level. Preserve designated survivors and both corridors; no purchased replacements.,Design/Roadmap/Skirmish_Expansion/Scenarios/AP_BT.md#s110,MP01;MP02;MP03;MP04;MP05;MP06;MP07;MP08
Skirmish,S111,skirmish.s111,Airfield Plains · Breakthrough · Air Mobile · Field Base,warline.campaign.shattered_relay,none,no_campaign_or_account_roster_grind,scenario_materials_oil_fuel_only,no_account_power_or_required_farming,included_in_accessible_content,Design/Roadmap/Support/SKIRMISH_SUPPORT.csv#S111,Include in core S001-S120; Retain Materials-funded readiness development. Preserve designated survivors and both corridors; no purchased replacements.,Design/Roadmap/Skirmish_Expansion/Scenarios/AP_BT.md#s111,MP01;MP02;MP03;MP04;MP05;MP06;MP07;MP08
Skirmish,S112,skirmish.s112,Airfield Plains · Breakthrough · Air Mobile · Established Base,warline.campaign.shattered_relay,none,no_campaign_or_account_roster_grind,scenario_materials_oil_fuel_only,no_account_power_or_required_farming,included_in_accessible_content,Design/Roadmap/Support/SKIRMISH_SUPPORT.csv#S112,Include in core S001-S120; Retain starting grants with no second charge; research begins at authored level. Preserve designated survivors and both corridors; no purchased replacements.,Design/Roadmap/Skirmish_Expansion/Scenarios/AP_BT.md#s112,MP01;MP02;MP03;MP04;MP05;MP06;MP07;MP08
Skirmish,S113,skirmish.s113,Airfield Plains · Breakthrough · Combined Arms · Field Base,warline.campaign.shattered_relay,none,no_campaign_or_account_roster_grind,scenario_materials_oil_fuel_only,no_account_power_or_required_farming,included_in_accessible_content,Design/Roadmap/Support/SKIRMISH_SUPPORT.csv#S113,Include in core S001-S120; Retain Materials-funded readiness development. Preserve designated survivors and both corridors; no purchased replacements.,Design/Roadmap/Skirmish_Expansion/Scenarios/AP_BT.md#s113,MP01;MP02;MP03;MP04;MP05;MP06;MP07;MP08
Skirmish,S114,skirmish.s114,Airfield Plains · Breakthrough · Combined Arms · Established Base,warline.campaign.shattered_relay,none,no_campaign_or_account_roster_grind,scenario_materials_oil_fuel_only,no_account_power_or_required_farming,included_in_accessible_content,Design/Roadmap/Support/SKIRMISH_SUPPORT.csv#S114,Include in core S001-S120; Retain starting grants with no second charge; research begins at authored level. Preserve designated survivors and both corridors; no purchased replacements.,Design/Roadmap/Skirmish_Expansion/Scenarios/AP_BT.md#s114,MP01;MP02;MP03;MP04;MP05;MP06;MP07;MP08
Skirmish,S115,skirmish.s115,Airfield Plains · Convoy Escort · Ground Maneuver · Field Base,warline.campaign.shattered_relay,none,no_campaign_or_account_roster_grind,scenario_materials_oil_fuel_only,no_account_power_or_required_farming,included_in_accessible_content,Design/Roadmap/Support/SKIRMISH_SUPPORT.csv#S115,"Include in core S001-S120; Retain Materials-funded readiness development. Preserve objective trucks, routes and local repair; no paid convoy insurance.",Design/Roadmap/Skirmish_Expansion/Scenarios/AP_CE.md#s115,MP01;MP02;MP03;MP04;MP05;MP06;MP07;MP08
Skirmish,S116,skirmish.s116,Airfield Plains · Convoy Escort · Ground Maneuver · Established Base,warline.campaign.shattered_relay,none,no_campaign_or_account_roster_grind,scenario_materials_oil_fuel_only,no_account_power_or_required_farming,included_in_accessible_content,Design/Roadmap/Support/SKIRMISH_SUPPORT.csv#S116,"Include in core S001-S120; Retain starting grants with no second charge; research begins at authored level. Preserve objective trucks, routes and local repair; no paid convoy insurance.",Design/Roadmap/Skirmish_Expansion/Scenarios/AP_CE.md#s116,MP01;MP02;MP03;MP04;MP05;MP06;MP07;MP08
Skirmish,S117,skirmish.s117,Airfield Plains · Convoy Escort · Air Mobile · Field Base,warline.campaign.shattered_relay,none,no_campaign_or_account_roster_grind,scenario_materials_oil_fuel_only,no_account_power_or_required_farming,included_in_accessible_content,Design/Roadmap/Support/SKIRMISH_SUPPORT.csv#S117,"Include in core S001-S120; Retain Materials-funded readiness development. Preserve objective trucks, routes and local repair; no paid convoy insurance.",Design/Roadmap/Skirmish_Expansion/Scenarios/AP_CE.md#s117,MP01;MP02;MP03;MP04;MP05;MP06;MP07;MP08
Skirmish,S118,skirmish.s118,Airfield Plains · Convoy Escort · Air Mobile · Established Base,warline.campaign.shattered_relay,none,no_campaign_or_account_roster_grind,scenario_materials_oil_fuel_only,no_account_power_or_required_farming,included_in_accessible_content,Design/Roadmap/Support/SKIRMISH_SUPPORT.csv#S118,"Include in core S001-S120; Retain starting grants with no second charge; research begins at authored level. Preserve objective trucks, routes and local repair; no paid convoy insurance.",Design/Roadmap/Skirmish_Expansion/Scenarios/AP_CE.md#s118,MP01;MP02;MP03;MP04;MP05;MP06;MP07;MP08
Skirmish,S119,skirmish.s119,Airfield Plains · Convoy Escort · Combined Arms · Field Base,warline.campaign.shattered_relay,none,no_campaign_or_account_roster_grind,scenario_materials_oil_fuel_only,no_account_power_or_required_farming,included_in_accessible_content,Design/Roadmap/Support/SKIRMISH_SUPPORT.csv#S119,"Include in core S001-S120; Retain Materials-funded readiness development. Preserve objective trucks, routes and local repair; no paid convoy insurance.",Design/Roadmap/Skirmish_Expansion/Scenarios/AP_CE.md#s119,MP01;MP02;MP03;MP04;MP05;MP06;MP07;MP08
Skirmish,S120,skirmish.s120,Airfield Plains · Convoy Escort · Combined Arms · Established Base,warline.campaign.shattered_relay,none,no_campaign_or_account_roster_grind,scenario_materials_oil_fuel_only,no_account_power_or_required_farming,included_in_accessible_content,Design/Roadmap/Support/SKIRMISH_SUPPORT.csv#S120,"Include in core S001-S120; Retain starting grants with no second charge; research begins at authored level. Preserve objective trucks, routes and local repair; no paid convoy insurance.",Design/Roadmap/Skirmish_Expansion/Scenarios/AP_CE.md#s120,MP01;MP02;MP03;MP04;MP05;MP06;MP07;MP08
Operations,O001,operation.o001,Street Signals,warline.operations.sahrin,operations.sahrin.intro.v1,scope_filtered_existing_mission_prerequisites,scenario_resources_and_in_game_day_ap_only,account_first_clear_once_across_scopes,included_existing_tactical_and_run_consent_scopes,Design/Roadmap/Support/OPERATIONS_SUPPORT.csv#O001,Add scope-aware launch/save/settlement; preserve recon/evidence/extraction and close manual Victory gate.,Design/Roadmap/Operations/Missions/D01_old_quarter.md#o001--street-signals,MP01;MP02;MP03;MP04;MP05;MP06;MP07;MP08
Operations,O002,operation.o002,Clinic Supply Route,warline.operations.sahrin,operations.sahrin.intro.v1,scope_filtered_existing_mission_prerequisites,scenario_resources_and_in_game_day_ap_only,account_first_clear_once_across_scopes,included_existing_tactical_and_run_consent_scopes,Design/Roadmap/Support/OPERATIONS_SUPPORT.csv#O002,Add scope-aware shipping integration; supply convoy and protect clinic; keep both authored routes.,Design/Roadmap/Operations/Missions/D01_old_quarter.md#o002--clinic-supply-route,MP01;MP02;MP03;MP04;MP05;MP06;MP07;MP08
Operations,O003,operation.o003,Courtyard Water Point,warline.operations.sahrin,operations.sahrin.intro.v1,scope_filtered_existing_mission_prerequisites,scenario_resources_and_in_game_day_ap_only,account_first_clear_once_across_scopes,included_existing_tactical_and_run_consent_scopes,Design/Roadmap/Support/OPERATIONS_SUPPORT.csv#O003,Add intro completion after all three Victories; supply authored 80 Materials for repair; preserve both pumps and clinic.,Design/Roadmap/Operations/Missions/D01_old_quarter.md#o003--courtyard-water-point,MP01;MP02;MP03;MP04;MP05;MP06;MP07;MP08
Operations,O004,operation.o004,The Quiet Archive,warline.operations.sahrin,none,scope_filtered_existing_mission_prerequisites,scenario_resources_and_in_game_day_ap_only,account_first_clear_once_across_scopes,included_existing_tactical_and_run_consent_scopes,Design/Roadmap/Support/OPERATIONS_SUPPORT.csv#O004,"Full-theater only; supply the authored task force/counters and preserve district prerequisites, outcomes and local-resource recovery.",Design/Roadmap/Operations/Missions/D01_old_quarter.md#o004--the-quiet-archive,MP01;MP02;MP03;MP04;MP05;MP06;MP07;MP08
Operations,O005,operation.o005,Courtyard Evacuation,warline.operations.sahrin,none,scope_filtered_existing_mission_prerequisites,scenario_resources_and_in_game_day_ap_only,account_first_clear_once_across_scopes,included_existing_tactical_and_run_consent_scopes,Design/Roadmap/Support/OPERATIONS_SUPPORT.csv#O005,"Full-theater only; supply the authored task force/counters and preserve district prerequisites, outcomes and local-resource recovery.",Design/Roadmap/Operations/Missions/D01_old_quarter.md#o005--courtyard-evacuation,MP01;MP02;MP03;MP04;MP05;MP06;MP07;MP08
Operations,O006,operation.o006,Market Cell,warline.operations.sahrin,none,scope_filtered_existing_mission_prerequisites,scenario_resources_and_in_game_day_ap_only,account_first_clear_once_across_scopes,included_existing_tactical_and_run_consent_scopes,Design/Roadmap/Support/OPERATIONS_SUPPORT.csv#O006,"Full-theater only; supply the authored task force/counters and preserve district prerequisites, outcomes and local-resource recovery.",Design/Roadmap/Operations/Missions/D01_old_quarter.md#o006--market-cell,MP01;MP02;MP03;MP04;MP05;MP06;MP07;MP08
Operations,O007,operation.o007,Two-Lane Patrol,warline.operations.sahrin,none,scope_filtered_existing_mission_prerequisites,scenario_resources_and_in_game_day_ap_only,account_first_clear_once_across_scopes,included_existing_tactical_and_run_consent_scopes,Design/Roadmap/Support/OPERATIONS_SUPPORT.csv#O007,"Full-theater only; supply the authored task force/counters and preserve district prerequisites, outcomes and local-resource recovery.",Design/Roadmap/Operations/Missions/D01_old_quarter.md#o007--two-lane-patrol,MP01;MP02;MP03;MP04;MP05;MP06;MP07;MP08
Operations,O008,operation.o008,Courier Cutoff,warline.operations.sahrin,none,scope_filtered_existing_mission_prerequisites,scenario_resources_and_in_game_day_ap_only,account_first_clear_once_across_scopes,included_existing_tactical_and_run_consent_scopes,Design/Roadmap/Support/OPERATIONS_SUPPORT.csv#O008,"Full-theater only; supply the authored task force/counters and preserve district prerequisites, outcomes and local-resource recovery.",Design/Roadmap/Operations/Missions/D01_old_quarter.md#o008--courier-cutoff,MP01;MP02;MP03;MP04;MP05;MP06;MP07;MP08
Operations,O009,operation.o009,Clinic Under Pressure,warline.operations.sahrin,none,scope_filtered_existing_mission_prerequisites,scenario_resources_and_in_game_day_ap_only,account_first_clear_once_across_scopes,included_existing_tactical_and_run_consent_scopes,Design/Roadmap/Support/OPERATIONS_SUPPORT.csv#O009,"Full-theater only; supply the authored task force/counters and preserve district prerequisites, outcomes and local-resource recovery.",Design/Roadmap/Operations/Missions/D01_old_quarter.md#o009--clinic-under-pressure,MP01;MP02;MP03;MP04;MP05;MP06;MP07;MP08
Operations,O010,operation.o010,Old Quarter Reopened,warline.operations.sahrin,none,scope_filtered_existing_mission_prerequisites,scenario_resources_and_in_game_day_ap_only,account_first_clear_once_across_scopes,included_existing_tactical_and_run_consent_scopes,Design/Roadmap/Support/OPERATIONS_SUPPORT.csv#O010,"Full-theater only; supply the authored task force/counters and preserve district prerequisites, outcomes and local-resource recovery. Keep finale included and compose only district-taught tools; no district purchase.",Design/Roadmap/Operations/Missions/D01_old_quarter.md#o010--old-quarter-reopened,MP01;MP02;MP03;MP04;MP05;MP06;MP07;MP08
Operations,O011,operation.o011,Signals Across the Plaza,warline.operations.sahrin,none,scope_filtered_existing_mission_prerequisites,scenario_resources_and_in_game_day_ap_only,account_first_clear_once_across_scopes,included_existing_tactical_and_run_consent_scopes,Design/Roadmap/Support/OPERATIONS_SUPPORT.csv#O011,"Full-theater only; supply the authored task force/counters and preserve district prerequisites, outcomes and local-resource recovery.",Design/Roadmap/Operations/Missions/D02_civic_center.md#o011--signals-across-the-plaza,MP01;MP02;MP03;MP04;MP05;MP06;MP07;MP08
Operations,O012,operation.o012,Shelter Access,warline.operations.sahrin,none,scope_filtered_existing_mission_prerequisites,scenario_resources_and_in_game_day_ap_only,account_first_clear_once_across_scopes,included_existing_tactical_and_run_consent_scopes,Design/Roadmap/Support/OPERATIONS_SUPPORT.csv#O012,"Full-theater only; supply the authored task force/counters and preserve district prerequisites, outcomes and local-resource recovery.",Design/Roadmap/Operations/Missions/D02_civic_center.md#o012--shelter-access,MP01;MP02;MP03;MP04;MP05;MP06;MP07;MP08
Operations,O013,operation.o013,Backup Power,warline.operations.sahrin,none,scope_filtered_existing_mission_prerequisites,scenario_resources_and_in_game_day_ap_only,account_first_clear_once_across_scopes,included_existing_tactical_and_run_consent_scopes,Design/Roadmap/Support/OPERATIONS_SUPPORT.csv#O013,"Full-theater only; supply the authored task force/counters and preserve district prerequisites, outcomes and local-resource recovery.",Design/Roadmap/Operations/Missions/D02_civic_center.md#o013--backup-power,MP01;MP02;MP03;MP04;MP05;MP06;MP07;MP08
Operations,O014,operation.o014,Archives Transfer,warline.operations.sahrin,none,scope_filtered_existing_mission_prerequisites,scenario_resources_and_in_game_day_ap_only,account_first_clear_once_across_scopes,included_existing_tactical_and_run_consent_scopes,Design/Roadmap/Support/OPERATIONS_SUPPORT.csv#O014,"Full-theater only; supply the authored task force/counters and preserve district prerequisites, outcomes and local-resource recovery.",Design/Roadmap/Operations/Missions/D02_civic_center.md#o014--archives-transfer,MP01;MP02;MP03;MP04;MP05;MP06;MP07;MP08
Operations,O015,operation.o015,Shelter Evacuation,warline.operations.sahrin,none,scope_filtered_existing_mission_prerequisites,scenario_resources_and_in_game_day_ap_only,account_first_clear_once_across_scopes,included_existing_tactical_and_run_consent_scopes,Design/Roadmap/Support/OPERATIONS_SUPPORT.csv#O015,"Full-theater only; supply the authored task force/counters and preserve district prerequisites, outcomes and local-resource recovery.",Design/Roadmap/Operations/Missions/D02_civic_center.md#o015--shelter-evacuation,MP01;MP02;MP03;MP04;MP05;MP06;MP07;MP08
Operations,O016,operation.o016,Service Annex Raid,warline.operations.sahrin,none,scope_filtered_existing_mission_prerequisites,scenario_resources_and_in_game_day_ap_only,account_first_clear_once_across_scopes,included_existing_tactical_and_run_consent_scopes,Design/Roadmap/Support/OPERATIONS_SUPPORT.csv#O016,"Full-theater only; supply the authored task force/counters and preserve district prerequisites, outcomes and local-resource recovery.",Design/Roadmap/Operations/Missions/D02_civic_center.md#o016--service-annex-raid,MP01;MP02;MP03;MP04;MP05;MP06;MP07;MP08
Operations,O017,operation.o017,Public Square Hold,warline.operations.sahrin,none,scope_filtered_existing_mission_prerequisites,scenario_resources_and_in_game_day_ap_only,account_first_clear_once_across_scopes,included_existing_tactical_and_run_consent_scopes,Design/Roadmap/Support/OPERATIONS_SUPPORT.csv#O017,"Full-theater only; supply the authored task force/counters and preserve district prerequisites, outcomes and local-resource recovery.",Design/Roadmap/Operations/Missions/D02_civic_center.md#o017--public-square-hold,MP01;MP02;MP03;MP04;MP05;MP06;MP07;MP08
Operations,O018,operation.o018,Rooftop Landing Zone,warline.operations.sahrin,none,scope_filtered_existing_mission_prerequisites,scenario_resources_and_in_game_day_ap_only,account_first_clear_once_across_scopes,included_existing_tactical_and_run_consent_scopes,Design/Roadmap/Support/OPERATIONS_SUPPORT.csv#O018,"Full-theater only; supply the authored task force/counters and preserve district prerequisites, outcomes and local-resource recovery.",Design/Roadmap/Operations/Missions/D02_civic_center.md#o018--rooftop-landing-zone,MP01;MP02;MP03;MP04;MP05;MP06;MP07;MP08
Operations,O019,operation.o019,Hospital Service Watch,warline.operations.sahrin,none,scope_filtered_existing_mission_prerequisites,scenario_resources_and_in_game_day_ap_only,account_first_clear_once_across_scopes,included_existing_tactical_and_run_consent_scopes,Design/Roadmap/Support/OPERATIONS_SUPPORT.csv#O019,"Full-theater only; supply the authored task force/counters and preserve district prerequisites, outcomes and local-resource recovery.",Design/Roadmap/Operations/Missions/D02_civic_center.md#o019--hospital-service-watch,MP01;MP02;MP03;MP04;MP05;MP06;MP07;MP08
Operations,O020,operation.o020,Civic Services Restored,warline.operations.sahrin,none,scope_filtered_existing_mission_prerequisites,scenario_resources_and_in_game_day_ap_only,account_first_clear_once_across_scopes,included_existing_tactical_and_run_consent_scopes,Design/Roadmap/Support/OPERATIONS_SUPPORT.csv#O020,"Full-theater only; supply the authored task force/counters and preserve district prerequisites, outcomes and local-resource recovery. Keep finale included and compose only district-taught tools; no district purchase.",Design/Roadmap/Operations/Missions/D02_civic_center.md#o020--civic-services-restored,MP01;MP02;MP03;MP04;MP05;MP06;MP07;MP08
Operations,O021,operation.o021,Freight Ledger,warline.operations.sahrin,none,scope_filtered_existing_mission_prerequisites,scenario_resources_and_in_game_day_ap_only,account_first_clear_once_across_scopes,included_existing_tactical_and_run_consent_scopes,Design/Roadmap/Support/OPERATIONS_SUPPORT.csv#O021,"Full-theater only; supply the authored task force/counters and preserve district prerequisites, outcomes and local-resource recovery.",Design/Roadmap/Operations/Missions/D03_industrial_belt.md#o021--freight-ledger,MP01;MP02;MP03;MP04;MP05;MP06;MP07;MP08
Operations,O022,operation.o022,Workshop Convoy,warline.operations.sahrin,none,scope_filtered_existing_mission_prerequisites,scenario_resources_and_in_game_day_ap_only,account_first_clear_once_across_scopes,included_existing_tactical_and_run_consent_scopes,Design/Roadmap/Support/OPERATIONS_SUPPORT.csv#O022,"Full-theater only; supply the authored task force/counters and preserve district prerequisites, outcomes and local-resource recovery.",Design/Roadmap/Operations/Missions/D03_industrial_belt.md#o022--workshop-convoy,MP01;MP02;MP03;MP04;MP05;MP06;MP07;MP08
Operations,O023,operation.o023,Three Service Stations,warline.operations.sahrin,none,scope_filtered_existing_mission_prerequisites,scenario_resources_and_in_game_day_ap_only,account_first_clear_once_across_scopes,included_existing_tactical_and_run_consent_scopes,Design/Roadmap/Support/OPERATIONS_SUPPORT.csv#O023,"Full-theater only; supply the authored task force/counters and preserve district prerequisites, outcomes and local-resource recovery.",Design/Roadmap/Operations/Missions/D03_industrial_belt.md#o023--three-service-stations,MP01;MP02;MP03;MP04;MP05;MP06;MP07;MP08
Operations,O024,operation.o024,Loading Yard Workers,warline.operations.sahrin,none,scope_filtered_existing_mission_prerequisites,scenario_resources_and_in_game_day_ap_only,account_first_clear_once_across_scopes,included_existing_tactical_and_run_consent_scopes,Design/Roadmap/Support/OPERATIONS_SUPPORT.csv#O024,"Full-theater only; supply the authored task force/counters and preserve district prerequisites, outcomes and local-resource recovery.",Design/Roadmap/Operations/Missions/D03_industrial_belt.md#o024--loading-yard-workers,MP01;MP02;MP03;MP04;MP05;MP06;MP07;MP08
Operations,O025,operation.o025,Fuel Route Interdiction,warline.operations.sahrin,none,scope_filtered_existing_mission_prerequisites,scenario_resources_and_in_game_day_ap_only,account_first_clear_once_across_scopes,included_existing_tactical_and_run_consent_scopes,Design/Roadmap/Support/OPERATIONS_SUPPORT.csv#O025,"Full-theater only; supply the authored task force/counters and preserve district prerequisites, outcomes and local-resource recovery.",Design/Roadmap/Operations/Missions/D03_industrial_belt.md#o025--fuel-route-interdiction,MP01;MP02;MP03;MP04;MP05;MP06;MP07;MP08
Operations,O026,operation.o026,Depot Gate,warline.operations.sahrin,none,scope_filtered_existing_mission_prerequisites,scenario_resources_and_in_game_day_ap_only,account_first_clear_once_across_scopes,included_existing_tactical_and_run_consent_scopes,Design/Roadmap/Support/OPERATIONS_SUPPORT.csv#O026,"Full-theater only; supply the authored task force/counters and preserve district prerequisites, outcomes and local-resource recovery.",Design/Roadmap/Operations/Missions/D03_industrial_belt.md#o026--depot-gate,MP01;MP02;MP03;MP04;MP05;MP06;MP07;MP08
Operations,O027,operation.o027,Freight Junction,warline.operations.sahrin,none,scope_filtered_existing_mission_prerequisites,scenario_resources_and_in_game_day_ap_only,account_first_clear_once_across_scopes,included_existing_tactical_and_run_consent_scopes,Design/Roadmap/Support/OPERATIONS_SUPPORT.csv#O027,"Full-theater only; supply the authored task force/counters and preserve district prerequisites, outcomes and local-resource recovery.",Design/Roadmap/Operations/Missions/D03_industrial_belt.md#o027--freight-junction,MP01;MP02;MP03;MP04;MP05;MP06;MP07;MP08
Operations,O028,operation.o028,Supply Office Records,warline.operations.sahrin,none,scope_filtered_existing_mission_prerequisites,scenario_resources_and_in_game_day_ap_only,account_first_clear_once_across_scopes,included_existing_tactical_and_run_consent_scopes,Design/Roadmap/Support/OPERATIONS_SUPPORT.csv#O028,"Full-theater only; supply the authored task force/counters and preserve district prerequisites, outcomes and local-resource recovery.",Design/Roadmap/Operations/Missions/D03_industrial_belt.md#o028--supply-office-records,MP01;MP02;MP03;MP04;MP05;MP06;MP07;MP08
Operations,O029,operation.o029,Workshop Night Watch,warline.operations.sahrin,none,scope_filtered_existing_mission_prerequisites,scenario_resources_and_in_game_day_ap_only,account_first_clear_once_across_scopes,included_existing_tactical_and_run_consent_scopes,Design/Roadmap/Support/OPERATIONS_SUPPORT.csv#O029,"Full-theater only; supply the authored task force/counters and preserve district prerequisites, outcomes and local-resource recovery.",Design/Roadmap/Operations/Missions/D03_industrial_belt.md#o029--workshop-night-watch,MP01;MP02;MP03;MP04;MP05;MP06;MP07;MP08
Operations,O030,operation.o030,Industrial Restart,warline.operations.sahrin,none,scope_filtered_existing_mission_prerequisites,scenario_resources_and_in_game_day_ap_only,account_first_clear_once_across_scopes,included_existing_tactical_and_run_consent_scopes,Design/Roadmap/Support/OPERATIONS_SUPPORT.csv#O030,"Full-theater only; supply the authored task force/counters and preserve district prerequisites, outcomes and local-resource recovery. Keep finale included and compose only district-taught tools; no district purchase.",Design/Roadmap/Operations/Missions/D03_industrial_belt.md#o030--industrial-restart,MP01;MP02;MP03;MP04;MP05;MP06;MP07;MP08
Operations,O031,operation.o031,Crossing Survey,warline.operations.sahrin,none,scope_filtered_existing_mission_prerequisites,scenario_resources_and_in_game_day_ap_only,account_first_clear_once_across_scopes,included_existing_tactical_and_run_consent_scopes,Design/Roadmap/Support/OPERATIONS_SUPPORT.csv#O031,"Full-theater only; supply the authored task force/counters and preserve district prerequisites, outcomes and local-resource recovery.",Design/Roadmap/Operations/Missions/D04_river_crossing.md#o031--crossing-survey,MP01;MP02;MP03;MP04;MP05;MP06;MP07;MP08
Operations,O032,operation.o032,Quayside Evacuation,warline.operations.sahrin,none,scope_filtered_existing_mission_prerequisites,scenario_resources_and_in_game_day_ap_only,account_first_clear_once_across_scopes,included_existing_tactical_and_run_consent_scopes,Design/Roadmap/Support/OPERATIONS_SUPPORT.csv#O032,"Full-theater only; supply the authored task force/counters and preserve district prerequisites, outcomes and local-resource recovery.",Design/Roadmap/Operations/Missions/D04_river_crossing.md#o032--quayside-evacuation,MP01;MP02;MP03;MP04;MP05;MP06;MP07;MP08
Operations,O033,operation.o033,Crossing Service Post,warline.operations.sahrin,none,scope_filtered_existing_mission_prerequisites,scenario_resources_and_in_game_day_ap_only,account_first_clear_once_across_scopes,included_existing_tactical_and_run_consent_scopes,Design/Roadmap/Support/OPERATIONS_SUPPORT.csv#O033,"Full-theater only; supply the authored task force/counters and preserve district prerequisites, outcomes and local-resource recovery.",Design/Roadmap/Operations/Missions/D04_river_crossing.md#o033--crossing-service-post,MP01;MP02;MP03;MP04;MP05;MP06;MP07;MP08
Operations,O034,operation.o034,Cross-River Aid,warline.operations.sahrin,none,scope_filtered_existing_mission_prerequisites,scenario_resources_and_in_game_day_ap_only,account_first_clear_once_across_scopes,included_existing_tactical_and_run_consent_scopes,Design/Roadmap/Support/OPERATIONS_SUPPORT.csv#O034,"Full-theater only; supply the authored task force/counters and preserve district prerequisites, outcomes and local-resource recovery.",Design/Roadmap/Operations/Missions/D04_river_crossing.md#o034--cross-river-aid,MP01;MP02;MP03;MP04;MP05;MP06;MP07;MP08
Operations,O035,operation.o035,Quay Road Patrol,warline.operations.sahrin,none,scope_filtered_existing_mission_prerequisites,scenario_resources_and_in_game_day_ap_only,account_first_clear_once_across_scopes,included_existing_tactical_and_run_consent_scopes,Design/Roadmap/Support/OPERATIONS_SUPPORT.csv#O035,"Full-theater only; supply the authored task force/counters and preserve district prerequisites, outcomes and local-resource recovery.",Design/Roadmap/Operations/Missions/D04_river_crossing.md#o035--quay-road-patrol,MP01;MP02;MP03;MP04;MP05;MP06;MP07;MP08
Operations,O036,operation.o036,Warehouse Gate,warline.operations.sahrin,none,scope_filtered_existing_mission_prerequisites,scenario_resources_and_in_game_day_ap_only,account_first_clear_once_across_scopes,included_existing_tactical_and_run_consent_scopes,Design/Roadmap/Support/OPERATIONS_SUPPORT.csv#O036,"Full-theater only; supply the authored task force/counters and preserve district prerequisites, outcomes and local-resource recovery.",Design/Roadmap/Operations/Missions/D04_river_crossing.md#o036--warehouse-gate,MP01;MP02;MP03;MP04;MP05;MP06;MP07;MP08
Operations,O037,operation.o037,Twin Crossing Control,warline.operations.sahrin,none,scope_filtered_existing_mission_prerequisites,scenario_resources_and_in_game_day_ap_only,account_first_clear_once_across_scopes,included_existing_tactical_and_run_consent_scopes,Design/Roadmap/Support/OPERATIONS_SUPPORT.csv#O037,"Full-theater only; supply the authored task force/counters and preserve district prerequisites, outcomes and local-resource recovery.",Design/Roadmap/Operations/Missions/D04_river_crossing.md#o037--twin-crossing-control,MP01;MP02;MP03;MP04;MP05;MP06;MP07;MP08
Operations,O038,operation.o038,River Road Cutoff,warline.operations.sahrin,none,scope_filtered_existing_mission_prerequisites,scenario_resources_and_in_game_day_ap_only,account_first_clear_once_across_scopes,included_existing_tactical_and_run_consent_scopes,Design/Roadmap/Support/OPERATIONS_SUPPORT.csv#O038,"Full-theater only; supply the authored task force/counters and preserve district prerequisites, outcomes and local-resource recovery.",Design/Roadmap/Operations/Missions/D04_river_crossing.md#o038--river-road-cutoff,MP01;MP02;MP03;MP04;MP05;MP06;MP07;MP08
Operations,O039,operation.o039,Crossing Relief Convoy,warline.operations.sahrin,none,scope_filtered_existing_mission_prerequisites,scenario_resources_and_in_game_day_ap_only,account_first_clear_once_across_scopes,included_existing_tactical_and_run_consent_scopes,Design/Roadmap/Support/OPERATIONS_SUPPORT.csv#O039,"Full-theater only; supply the authored task force/counters and preserve district prerequisites, outcomes and local-resource recovery.",Design/Roadmap/Operations/Missions/D04_river_crossing.md#o039--crossing-relief-convoy,MP01;MP02;MP03;MP04;MP05;MP06;MP07;MP08
Operations,O040,operation.o040,River Lifeline,warline.operations.sahrin,none,scope_filtered_existing_mission_prerequisites,scenario_resources_and_in_game_day_ap_only,account_first_clear_once_across_scopes,included_existing_tactical_and_run_consent_scopes,Design/Roadmap/Support/OPERATIONS_SUPPORT.csv#O040,"Full-theater only; supply the authored task force/counters and preserve district prerequisites, outcomes and local-resource recovery. Keep finale included and compose only district-taught tools; no district purchase.",Design/Roadmap/Operations/Missions/D04_river_crossing.md#o040--river-lifeline,MP01;MP02;MP03;MP04;MP05;MP06;MP07;MP08
Operations,O041,operation.o041,Ridge Signals,warline.operations.sahrin,none,scope_filtered_existing_mission_prerequisites,scenario_resources_and_in_game_day_ap_only,account_first_clear_once_across_scopes,included_existing_tactical_and_run_consent_scopes,Design/Roadmap/Support/OPERATIONS_SUPPORT.csv#O041,"Full-theater only; supply the authored task force/counters and preserve district prerequisites, outcomes and local-resource recovery.",Design/Roadmap/Operations/Missions/D05_highland_approach.md#o041--ridge-signals,MP01;MP02;MP03;MP04;MP05;MP06;MP07;MP08
Operations,O042,operation.o042,Switchback Patrol,warline.operations.sahrin,none,scope_filtered_existing_mission_prerequisites,scenario_resources_and_in_game_day_ap_only,account_first_clear_once_across_scopes,included_existing_tactical_and_run_consent_scopes,Design/Roadmap/Support/OPERATIONS_SUPPORT.csv#O042,"Full-theater only; supply the authored task force/counters and preserve district prerequisites, outcomes and local-resource recovery.",Design/Roadmap/Operations/Missions/D05_highland_approach.md#o042--switchback-patrol,MP01;MP02;MP03;MP04;MP05;MP06;MP07;MP08
Operations,O043,operation.o043,Remote Service Link,warline.operations.sahrin,none,scope_filtered_existing_mission_prerequisites,scenario_resources_and_in_game_day_ap_only,account_first_clear_once_across_scopes,included_existing_tactical_and_run_consent_scopes,Design/Roadmap/Support/OPERATIONS_SUPPORT.csv#O043,"Full-theater only; supply the authored task force/counters and preserve district prerequisites, outcomes and local-resource recovery.",Design/Roadmap/Operations/Missions/D05_highland_approach.md#o043--remote-service-link,MP01;MP02;MP03;MP04;MP05;MP06;MP07;MP08
Operations,O044,operation.o044,Pass Supply Run,warline.operations.sahrin,none,scope_filtered_existing_mission_prerequisites,scenario_resources_and_in_game_day_ap_only,account_first_clear_once_across_scopes,included_existing_tactical_and_run_consent_scopes,Design/Roadmap/Support/OPERATIONS_SUPPORT.csv#O044,"Full-theater only; supply the authored task force/counters and preserve district prerequisites, outcomes and local-resource recovery.",Design/Roadmap/Operations/Missions/D05_highland_approach.md#o044--pass-supply-run,MP01;MP02;MP03;MP04;MP05;MP06;MP07;MP08
Operations,O045,operation.o045,Outpost Evacuation,warline.operations.sahrin,none,scope_filtered_existing_mission_prerequisites,scenario_resources_and_in_game_day_ap_only,account_first_clear_once_across_scopes,included_existing_tactical_and_run_consent_scopes,Design/Roadmap/Support/OPERATIONS_SUPPORT.csv#O045,"Full-theater only; supply the authored task force/counters and preserve district prerequisites, outcomes and local-resource recovery.",Design/Roadmap/Operations/Missions/D05_highland_approach.md#o045--outpost-evacuation,MP01;MP02;MP03;MP04;MP05;MP06;MP07;MP08
Operations,O046,operation.o046,Relay Compound,warline.operations.sahrin,none,scope_filtered_existing_mission_prerequisites,scenario_resources_and_in_game_day_ap_only,account_first_clear_once_across_scopes,included_existing_tactical_and_run_consent_scopes,Design/Roadmap/Support/OPERATIONS_SUPPORT.csv#O046,"Full-theater only; supply the authored task force/counters and preserve district prerequisites, outcomes and local-resource recovery.",Design/Roadmap/Operations/Missions/D05_highland_approach.md#o046--relay-compound,MP01;MP02;MP03;MP04;MP05;MP06;MP07;MP08
Operations,O047,operation.o047,Pass Denial,warline.operations.sahrin,none,scope_filtered_existing_mission_prerequisites,scenario_resources_and_in_game_day_ap_only,account_first_clear_once_across_scopes,included_existing_tactical_and_run_consent_scopes,Design/Roadmap/Support/OPERATIONS_SUPPORT.csv#O047,"Full-theater only; supply the authored task force/counters and preserve district prerequisites, outcomes and local-resource recovery.",Design/Roadmap/Operations/Missions/D05_highland_approach.md#o047--pass-denial,MP01;MP02;MP03;MP04;MP05;MP06;MP07;MP08
Operations,O048,operation.o048,Observation Posts,warline.operations.sahrin,none,scope_filtered_existing_mission_prerequisites,scenario_resources_and_in_game_day_ap_only,account_first_clear_once_across_scopes,included_existing_tactical_and_run_consent_scopes,Design/Roadmap/Support/OPERATIONS_SUPPORT.csv#O048,"Full-theater only; supply the authored task force/counters and preserve district prerequisites, outcomes and local-resource recovery.",Design/Roadmap/Operations/Missions/D05_highland_approach.md#o048--observation-posts,MP01;MP02;MP03;MP04;MP05;MP06;MP07;MP08
Operations,O049,operation.o049,Remote Aid Watch,warline.operations.sahrin,none,scope_filtered_existing_mission_prerequisites,scenario_resources_and_in_game_day_ap_only,account_first_clear_once_across_scopes,included_existing_tactical_and_run_consent_scopes,Design/Roadmap/Support/OPERATIONS_SUPPORT.csv#O049,"Full-theater only; supply the authored task force/counters and preserve district prerequisites, outcomes and local-resource recovery.",Design/Roadmap/Operations/Missions/D05_highland_approach.md#o049--remote-aid-watch,MP01;MP02;MP03;MP04;MP05;MP06;MP07;MP08
Operations,O050,operation.o050,Highland Connection,warline.operations.sahrin,none,scope_filtered_existing_mission_prerequisites,scenario_resources_and_in_game_day_ap_only,account_first_clear_once_across_scopes,included_existing_tactical_and_run_consent_scopes,Design/Roadmap/Support/OPERATIONS_SUPPORT.csv#O050,"Full-theater only; supply the authored task force/counters and preserve district prerequisites, outcomes and local-resource recovery. Keep finale included and compose only district-taught tools; no district purchase.",Design/Roadmap/Operations/Missions/D05_highland_approach.md#o050--highland-connection,MP01;MP02;MP03;MP04;MP05;MP06;MP07;MP08
Operations,O051,operation.o051,Perimeter Radar Check,warline.operations.sahrin,none,scope_filtered_existing_mission_prerequisites,scenario_resources_and_in_game_day_ap_only,account_first_clear_once_across_scopes,included_existing_tactical_and_run_consent_scopes,Design/Roadmap/Support/OPERATIONS_SUPPORT.csv#O051,"Full-theater only; supply the authored task force/counters and preserve district prerequisites, outcomes and local-resource recovery.",Design/Roadmap/Operations/Missions/D06_airport_perimeter.md#o051--perimeter-radar-check,MP01;MP02;MP03;MP04;MP05;MP06;MP07;MP08
Operations,O052,operation.o052,Terminal Ground Evacuation,warline.operations.sahrin,none,scope_filtered_existing_mission_prerequisites,scenario_resources_and_in_game_day_ap_only,account_first_clear_once_across_scopes,included_existing_tactical_and_run_consent_scopes,Design/Roadmap/Support/OPERATIONS_SUPPORT.csv#O052,"Full-theater only; supply the authored task force/counters and preserve district prerequisites, outcomes and local-resource recovery.",Design/Roadmap/Operations/Missions/D06_airport_perimeter.md#o052--terminal-ground-evacuation,MP01;MP02;MP03;MP04;MP05;MP06;MP07;MP08
Operations,O053,operation.o053,Air Access Service,warline.operations.sahrin,none,scope_filtered_existing_mission_prerequisites,scenario_resources_and_in_game_day_ap_only,account_first_clear_once_across_scopes,included_existing_tactical_and_run_consent_scopes,Design/Roadmap/Support/OPERATIONS_SUPPORT.csv#O053,"Full-theater only; supply the authored task force/counters and preserve district prerequisites, outcomes and local-resource recovery.",Design/Roadmap/Operations/Missions/D06_airport_perimeter.md#o053--air-access-service,MP01;MP02;MP03;MP04;MP05;MP06;MP07;MP08
Operations,O054,operation.o054,Perimeter Supply Convoy,warline.operations.sahrin,none,scope_filtered_existing_mission_prerequisites,scenario_resources_and_in_game_day_ap_only,account_first_clear_once_across_scopes,included_existing_tactical_and_run_consent_scopes,Design/Roadmap/Support/OPERATIONS_SUPPORT.csv#O054,"Full-theater only; supply the authored task force/counters and preserve district prerequisites, outcomes and local-resource recovery.",Design/Roadmap/Operations/Missions/D06_airport_perimeter.md#o054--perimeter-supply-convoy,MP01;MP02;MP03;MP04;MP05;MP06;MP07;MP08
Operations,O055,operation.o055,Control Office Records,warline.operations.sahrin,none,scope_filtered_existing_mission_prerequisites,scenario_resources_and_in_game_day_ap_only,account_first_clear_once_across_scopes,included_existing_tactical_and_run_consent_scopes,Design/Roadmap/Support/OPERATIONS_SUPPORT.csv#O055,"Full-theater only; supply the authored task force/counters and preserve district prerequisites, outcomes and local-resource recovery.",Design/Roadmap/Operations/Missions/D06_airport_perimeter.md#o055--control-office-records,MP01;MP02;MP03;MP04;MP05;MP06;MP07;MP08
Operations,O056,operation.o056,Hangar Strongpoint,warline.operations.sahrin,none,scope_filtered_existing_mission_prerequisites,scenario_resources_and_in_game_day_ap_only,account_first_clear_once_across_scopes,included_existing_tactical_and_run_consent_scopes,Design/Roadmap/Support/OPERATIONS_SUPPORT.csv#O056,"Full-theater only; supply the authored task force/counters and preserve district prerequisites, outcomes and local-resource recovery.",Design/Roadmap/Operations/Missions/D06_airport_perimeter.md#o056--hangar-strongpoint,MP01;MP02;MP03;MP04;MP05;MP06;MP07;MP08
Operations,O057,operation.o057,Landing Zone Pair,warline.operations.sahrin,none,scope_filtered_existing_mission_prerequisites,scenario_resources_and_in_game_day_ap_only,account_first_clear_once_across_scopes,included_existing_tactical_and_run_consent_scopes,Design/Roadmap/Support/OPERATIONS_SUPPORT.csv#O057,"Full-theater only; supply the authored task force/counters and preserve district prerequisites, outcomes and local-resource recovery.",Design/Roadmap/Operations/Missions/D06_airport_perimeter.md#o057--landing-zone-pair,MP01;MP02;MP03;MP04;MP05;MP06;MP07;MP08
Operations,O058,operation.o058,Air Bridge Evacuation,warline.operations.sahrin,none,scope_filtered_existing_mission_prerequisites,scenario_resources_and_in_game_day_ap_only,account_first_clear_once_across_scopes,included_existing_tactical_and_run_consent_scopes,Design/Roadmap/Support/OPERATIONS_SUPPORT.csv#O058,"Full-theater only; supply the authored task force/counters and preserve district prerequisites, outcomes and local-resource recovery.",Design/Roadmap/Operations/Missions/D06_airport_perimeter.md#o058--air-bridge-evacuation,MP01;MP02;MP03;MP04;MP05;MP06;MP07;MP08
Operations,O059,operation.o059,Runway Service Defense,warline.operations.sahrin,none,scope_filtered_existing_mission_prerequisites,scenario_resources_and_in_game_day_ap_only,account_first_clear_once_across_scopes,included_existing_tactical_and_run_consent_scopes,Design/Roadmap/Support/OPERATIONS_SUPPORT.csv#O059,"Full-theater only; supply the authored task force/counters and preserve district prerequisites, outcomes and local-resource recovery.",Design/Roadmap/Operations/Missions/D06_airport_perimeter.md#o059--runway-service-defense,MP01;MP02;MP03;MP04;MP05;MP06;MP07;MP08
Operations,O060,operation.o060,Airport Reopened,warline.operations.sahrin,none,scope_filtered_existing_mission_prerequisites,scenario_resources_and_in_game_day_ap_only,account_first_clear_once_across_scopes,included_existing_tactical_and_run_consent_scopes,Design/Roadmap/Support/OPERATIONS_SUPPORT.csv#O060,"Full-theater only; supply the authored task force/counters and preserve district prerequisites, outcomes and local-resource recovery. Keep finale included and compose only district-taught tools; no district purchase.",Design/Roadmap/Operations/Missions/D06_airport_perimeter.md#o060--airport-reopened,MP01;MP02;MP03;MP04;MP05;MP06;MP07;MP08
