frame,opening_ms,stage,focus_x,focus_z,height,pitch,yaw,fov,mission_ms
547,12,0,929.9968,401.9982,44.0000,40.0000,10.0000,36.0000,0
548,24,0,929.9968,401.9982,44.0000,40.0000,10.0000,36.0000,0
549,138,0,929.9968,401.9982,44.0000,40.0000,10.0000,36.0000,0
550,194,0,929.9968,401.9982,44.0000,40.0000,10.0000,36.0000,0
551,262,0,929.9968,401.9982,44.0000,40.0000,10.0000,36.0000,0
552,274,0,929.9968,401.9982,44.0000,40.0000,10.0000,36.0000,0
553,283,0,929.9968,401.9982,44.0000,40.0000,10.0000,36.0000,0
554,292,0,929.9968,401.9982,44.0000,40.0000,10.0000,36.0000,0
555,302,0,929.9968,401.9982,44.0000,40.0000,10.0000,36.0000,0
556,311,0,929.9968,401.9982,44.0000,40.0000,10.0000,36.0000,0
557,320,0,929.9968,401.9982,44.0000,40.0000,10.0000,36.0000,0
558,330,0,929.9968,401.9982,44.0000,40.0000,10.0000,36.0000,0
559,339,0,929.9968,401.9982,44.0000,40.0000,10.0000,36.0000,0
560,348,0,929.9968,401.9982,44.0000,40.0000,10.0000,36.0000,0
561,357,0,929.9968,401.9982,44.0000,40.0000,10.0000,36.0000,0
562,366,0,929.9968,401.9982,44.0000,40.0000,10.0000,36.0000,0
563,376,0,929.9968,401.9982,44.0000,40.0000,10.0000,36.0000,0
564,385,0,929.9968,401.9982,44.0000,40.0000,10.0000,36.0000,0
565,395,0,929.9968,401.9982,44.0000,40.0000,10.0000,36.0000,0
566,405,0,929.9968,401.9982,44.0000,40.0000,10.0000,36.0000,0
567,415,0,929.9968,401.9982,44.0000,40.0000,10.0000,36.0000,0
568,425,0,929.9968,401.9982,44.0000,40.0000,10.0000,36.0000,0
569,435,0,929.9968,401.9982,44.0000,40.0000,10.0000,36.0000,0
570,444,0,929.9968,401.9982,44.0000,40.0000,10.0000,36.0000,0
571,454,0,929.9968,401.9982,44.0000,40.0000,10.0000,36.0000,0
572,464,0,929.9968,401.9982,44.0000,40.0000,10.0000,36.0000,0
573,476,0,929.9968,401.9982,44.0000,40.0000,10.0000,36.0000,0
574,486,0,929.9968,401.9982,44.0000,40.0000,10.0000,36.0000,0
575,495,0,929.9968,401.9982,44.0000,40.0000,10.0000,36.0000,0
576,504,0,929.9968,401.9982,44.0000,40.0000,10.0000,36.0000,0
577,514,0,929.9968,401.9982,44.0000,40.0000,10.0000,36.0000,0
578,524,0,929.9968,401.9982,44.0000,40.0000,10.0000,36.0000,0
579,533,0,929.9968,401.9982,44.0000,40.0000,10.0000,36.0000,0
580,543,0,929.9968,401.9982,44.0000,40.0000,10.0000,36.0000,0
581,553,0,929.9968,401.9982,44.0000,40.0000,10.0000,36.0000,0
582,562,0,929.9968,401.9982,44.0000,40.0000,10.0000,36.0000,0
583,572,0,929.9968,401.9982,44.0000,40.0000,10.0000,36.0000,0
584,582,0,929.9968,401.9982,44.0000,40.0000,10.0000,36.0000,0
585,592,0,929.9968,401.9982,44.0000,40.0000,10.0000,36.0000,0
586,601,0,929.9968,401.9982,44.0000,40.0000,10.0000,36.0000,0
587,610,0,929.9968,401.9982,44.0000,40.0000,10.0000,36.0000,0
588,619,0,929.9968,401.9982,44.0000,40.0000,10.0000,36.0000,0
589,629,0,929.9968,401.9982,44.0000,40.0000,10.0000,36.0000,0
590,640,0,929.9968,401.9982,44.0000,40.0000,10.0000,36.0000,0
591,650,0,929.9968,401.9982,44.0000,40.0000,10.0000,36.0000,0
592,659,0,929.9968,401.9982,44.0000,40.0000,10.0000,36.0000,0
593,668,0,929.9968,401.9982,44.0000,40.0000,10.0000,36.0000,0
594,678,0,929.9968,401.9982,44.0000,40.0000,10.0000,36.0000,0
595,687,0,929.9968,401.9982,44.0000,40.0000,10.0000,36.0000,0
596,699,0,929.9968,401.9982,44.0000,40.0000,10.0000,36.0000,0
597,708,0,929.9968,401.9982,44.0000,40.0000,10.0000,36.0000,0
598,717,0,929.9968,401.9982,44.0000,40.0000,10.0000,36.0000,0
599,726,0,929.9968,401.9982,44.0000,40.0000,10.0000,36.0000,0
600,734,0,929.9968,401.9982,44.0000,40.0000,10.0000,36.0000,0
601,743,0,929.9968,401.9982,44.0000,40.0000,10.0000,36.0000,0
602,752,0,929.9968,401.9982,44.0000,40.0000,10.0000,36.0000,0
603,761,0,929.9968,401.9982,44.0000,40.0000,10.0000,36.0000,0
604,770,1,929.9968,401.9982,44.0000,40.0000,10.0000,36.0000,0
605,780,1,929.9933,401.9609,44.0048,40.0109,9.9956,36.0083,0
606,881,1,929.6511,398.0604,44.5109,41.1612,9.5355,36.8825,0
607,889,1,929.6057,397.5155,44.5821,41.3231,9.4708,37.0055,0
608,980,1,929.0897,390.4905,45.5160,43.4454,8.6219,38.6185,0
609,990,1,929.0362,389.6532,45.6290,43.7022,8.5191,38.8137,0
610,998,1,928.9930,388.9491,45.7245,43.9192,8.4323,38.9786,0
611,1006,1,928.9532,388.2760,45.8161,44.1276,8.3490,39.1369,0
612,1028,1,928.8469,386.3319,46.0830,44.7341,8.1064,39.5979,0
613,1035,1,928.8140,385.6765,46.1737,44.9402,8.0239,39.7545,0
614,1043,1,928.7822,385.0140,46.2657,45.1493,7.9403,39.9135,0
615,1052,1,928.7476,384.2540,46.3718,45.3904,7.8439,40.0967,0
616,1059,1,928.7200,383.6097,46.4621,45.5956,7.7618,40.2526,0
617,1067,1,928.6898,382.8647,46.5670,45.8340,7.6664,40.4338,0
618,1077,1,928.6569,381.9849,46.6915,46.1170,7.5532,40.6489,0
619,1084,1,928.6353,381.3591,46.7805,46.3193,7.4723,40.8026,0
620,1094,1,928.6071,380.4711,46.9074,46.6078,7.3569,41.0219,0
621,1101,1,928.5886,379.8282,46.9998,46.8177,7.2729,41.1815,0
622,1108,1,928.5724,379.2118,47.0887,47.0199,7.1921,41.3351,0
623,1115,1,928.5575,378.5821,47.1800,47.2273,7.1091,41.4927,0
624,1122,1,928.5443,377.9621,47.2702,47.4324,7.0271,41.6486,0
625,1129,1,928.5328,377.3474,47.3601,47.6367,6.9454,41.8038,0
626,1137,1,928.5222,376.6786,47.4584,47.8599,6.8560,41.9735,0
627,1145,1,928.5139,376.0521,47.5508,48.0701,6.7720,42.1332,0
628,1152,1,928.5077,375.4664,47.6377,48.2675,6.6930,42.2832,0
629,1159,1,928.5031,374.8966,47.7225,48.4603,6.6159,42.4298,0
630,1166,1,928.4999,374.2877,47.8136,48.6673,6.5331,42.5871,0
631,1174,1,928.4983,373.6556,47.9086,48.8833,6.4467,42.7513,0
632,1182,1,928.4986,373.0292,48.0033,49.0984,6.3607,42.9147,0
633,1190,1,928.5009,372.3846,48.1012,49.3209,6.2717,43.0839,0
634,1198,1,928.5049,371.7743,48.1944,49.5327,6.1870,43.2448,0
635,1206,1,928.5107,371.1639,48.2881,49.7456,6.1018,43.4066,0
636,1216,1,928.5202,370.4363,48.4004,50.0009,5.9997,43.6006,0
637,1224,1,928.5306,369.8066,48.4982,50.2232,5.9108,43.7696,0
638,1232,1,928.5419,369.2410,48.5865,50.4239,5.8305,43.9221,0
639,1241,1,928.5576,368.5642,48.6928,50.6656,5.7338,44.1058,0
640,1249,1,928.5729,367.9917,48.7833,50.8712,5.6515,44.2621,0
641,1257,1,928.5892,367.4482,48.8697,51.0675,5.5730,44.4113,0
642,1265,1,928.6088,366.8608,48.9636,51.2809,5.4877,44.5735,0
643,1272,1,928.6278,366.3443,49.0466,51.4697,5.4122,44.7169,0
644,1280,1,928.6510,365.7692,49.1396,51.6810,5.3276,44.8775,0
645,1288,1,928.6747,365.2283,49.2276,51.8810,5.2476,45.0295,0
646,1296,1,928.6993,364.7095,49.3126,52.0741,5.1704,45.1762,0
647,1304,1,928.7258,364.1890,49.3983,52.2689,5.0925,45.3243,0
648,1312,1,928.7521,363.7037,49.4787,52.4516,5.0194,45.4632,0
649,1319,1,928.7783,363.2509,49.5541,52.6231,4.9508,45.5935,0
650,1326,1,928.8058,362.8023,49.6293,52.7940,4.8824,45.7234,0
651,1334,1,928.8360,362.3357,49.7080,52.9728,4.8109,45.8593,0
652,1342,1,928.8672,361.8795,49.7854,53.1487,4.7405,45.9930,0
653,1349,1,928.8979,361.4515,49.8585,53.3148,4.6741,46.1191,0
654,1357,1,928.9316,361.0071,49.9348,53.4883,4.6047,46.2510,0
655,1364,1,928.9644,360.5923,50.0065,53.6512,4.5396,46.3748,0
656,1372,1,929.0013,360.1476,50.0838,53.8270,4.4692,46.5084,0
657,1379,1,929.0353,359.7568,50.1523,53.9825,4.4070,46.6266,0
658,1386,1,929.0720,359.3519,50.2236,54.1447,4.3422,46.7499,0
659,1394,1,929.1131,358.9182,50.3006,54.3196,4.2722,46.8828,0
660,1401,1,929.1521,358.5238,50.3710,54.4797,4.2082,47.0045,0
661,1408,1,929.1898,358.1576,50.4369,54.6295,4.1483,47.1183,0
662,1429,1,929.3074,357.0931,50.6309,55.0703,3.9719,47.4533,0
663,1437,1,929.3518,356.7189,50.7000,55.2274,3.9091,47.5728,0
664,1444,1,929.3957,356.3629,50.7663,55.3781,3.8488,47.6872,0
665,1451,1,929.4402,356.0147,50.8316,55.5265,3.7895,47.8000,0
666,1458,1,929.4848,355.6770,50.8954,55.6716,3.7314,47.9103,0
667,1465,1,929.5291,355.3534,50.9570,55.8116,3.6754,48.0167,0
668,1472,1,929.5748,355.0292,51.0193,55.9530,3.6189,48.1241,0
669,1479,1,929.6218,354.7080,51.0814,56.0941,3.5624,48.2314,0
670,1486,1,929.6680,354.4015,51.1411,56.2299,3.5081,48.3346,0
671,1493,1,929.7153,354.0972,51.2009,56.3658,3.4537,48.4379,0
672,1502,1,929.7720,353.7446,51.2708,56.5247,3.3902,48.5586,0
673,1510,1,929.8215,353.4480,51.3301,56.6596,3.3362,48.6611,0
674,1519,1,929.8820,353.0969,51.4011,56.8208,3.2718,48.7836,0
675,1526,1,929.9288,352.8343,51.4546,56.9424,3.2231,48.8761,0
676,1533,1,929.9774,352.5691,51.5091,57.0664,3.1735,48.9703,0
677,1541,1,930.0299,352.2914,51.5668,57.1973,3.1211,49.0698,0
678,1549,1,930.0851,352.0080,51.6261,57.3323,3.0672,49.1724,0
679,1556,1,930.1348,351.7610,51.6784,57.4510,3.0197,49.2626,0
680,1564,1,930.1877,351.5050,51.7330,57.5752,2.9700,49.3570,0
681,1571,1,930.2392,351.2630,51.7852,57.6938,2.9226,49.4471,0
682,1578,1,930.2909,351.0267,51.8366,57.8107,2.8758,49.5359,0
683,1586,1,930.3453,350.7849,51.8898,57.9315,2.8275,49.6278,0
684,1594,1,930.4003,350.5481,51.9424,58.0511,2.7797,49.7186,0
685,1603,1,930.4609,350.2947,51.9993,58.1805,2.7279,49.8170,0
686,1610,1,930.5125,350.0853,52.0469,58.2886,2.6847,49.8991,0
687,1617,1,930.5646,349.8797,52.0941,58.3958,2.6418,49.9807,0
688,1624,1,930.6172,349.6778,52.1409,58.5023,2.5992,50.0616,0
689,1631,1,930.6710,349.4767,52.1881,58.6095,2.5563,50.1430,0
690,1638,1,930.7249,349.2804,52.2347,58.7153,2.5140,50.2235,0
691,1645,1,930.7775,349.0944,52.2793,58.8167,2.4734,50.3005,0
692,1653,1,930.8344,348.8983,52.3269,58.9249,2.4301,50.3828,0
693,1661,1,930.8941,348.6987,52.3760,59.0365,2.3855,50.4675,0
694,1669,1,930.9504,348.5161,52.4214,59.1398,2.3442,50.5461,0
695,1676,1,931.0027,348.3512,52.4630,59.2344,2.3063,50.6180,0
696,1685,1,931.0707,348.1430,52.5163,59.3554,2.2579,50.7099,0
697,1693,1,931.1312,347.9636,52.5629,59.4613,2.2156,50.7904,0
698,1701,1,931.1923,347.7882,52.6091,59.5664,2.1735,50.8703,0
699,1709,1,931.2484,347.6316,52.6510,59.6616,2.1355,50.9426,0
700,1717,1,931.3065,347.4743,52.6937,59.7586,2.0966,51.0164,0
701,1725,1,931.3669,347.3155,52.7375,59.8582,2.0568,51.0920,0
702,1734,1,931.4330,347.1475,52.7846,59.9652,2.0140,51.1734,0
703,1742,1,931.4926,347.0013,52.8263,60.0600,1.9761,51.2454,0
704,1751,1,931.5541,346.8547,52.8688,60.1567,1.9374,51.3189,0
705,1759,1,931.6116,346.7221,52.9080,60.2457,1.9018,51.3865,0
706,1767,1,931.6690,346.5937,52.9466,60.3334,1.8668,51.4532,0
707,1776,1,931.7326,346.4560,52.9887,60.4292,1.8284,51.5260,0
708,1786,1,931.8013,346.3127,53.0335,60.5310,1.7877,51.6033,0
709,1794,1,931.8598,346.1948,53.0711,60.6164,1.7536,51.6683,0
710,1802,1,931.9130,346.0909,53.1049,60.6932,1.7228,51.7266,0
711,1809,1,931.9641,345.9943,53.1369,60.7659,1.6937,51.7819,0
712,1817,1,932.0190,345.8935,53.1709,60.8433,1.6628,51.8406,0
713,1825,1,932.0753,345.7935,53.2054,60.9215,1.6315,51.9001,0
714,1834,1,932.1380,345.6860,53.2432,61.0077,1.5971,51.9656,0
715,1842,1,932.1910,345.5983,53.2749,61.0795,1.5683,52.0202,0
716,1850,1,932.2445,345.5128,53.3064,61.1511,1.5397,52.0746,0
717,1859,1,932.3027,345.4230,53.3403,61.2282,1.5089,52.1332,0
718,1867,1,932.3543,345.3463,53.3699,61.2956,1.4819,52.1844,0
719,1875,1,932.4072,345.2703,53.4000,61.3639,1.4546,52.2363,0
720,1883,1,932.4578,345.2001,53.4285,61.4287,1.4286,52.2856,0
721,1891,1,932.5092,345.1313,53.4571,61.4938,1.4026,52.3350,0
722,1899,1,932.5601,345.0657,53.4851,61.5574,1.3772,52.3833,0
723,1910,1,932.6334,344.9754,53.5249,61.6479,1.3410,52.4521,0
724,1917,1,932.6815,344.9190,53.5507,61.7064,1.3176,52.4966,0
725,1924,1,932.7293,344.8648,53.5761,61.7642,1.2945,52.5405,0
726,1931,1,932.7767,344.8132,53.6010,61.8209,1.2718,52.5836,0
727,1938,1,932.8237,344.7640,53.6255,61.8765,1.2495,52.6259,0
728,1945,1,932.8707,344.7169,53.6497,61.9315,1.2276,52.6676,0
729,1952,1,932.9175,344.6719,53.6736,61.9857,1.2059,52.7089,0
730,1959,1,932.9626,344.6302,53.6964,62.0377,1.1851,52.7483,0
731,1967,1,933.0121,344.5867,53.7212,62.0940,1.1626,52.7911,0
732,1974,1,933.0569,344.5490,53.7434,62.1444,1.1424,52.8295,0
733,1981,1,933.1003,344.5142,53.7647,62.1929,1.1230,52.8663,0
734,1988,1,933.1447,344.4803,53.7863,62.2419,1.1034,52.9036,0
735,1997,1,933.1989,344.4410,53.8124,62.3013,1.0796,52.9487,0
736,2004,1,933.2432,344.4108,53.8336,62.3494,1.0604,52.9852,0
737,2011,1,933.2866,344.3828,53.8540,62.3959,1.0418,53.0206,0
738,2018,1,933.3297,344.3565,53.8742,62.4418,1.0234,53.0555,0
739,2025,1,933.3718,344.3324,53.8938,62.4862,1.0057,53.0892,0
740,2032,1,933.4149,344.3091,53.9136,62.5312,0.9877,53.1234,0
741,2039,1,933.4579,344.2874,53.9333,62.5760,0.9698,53.1574,0
742,2046,1,933.5001,344.2676,53.9523,62.6193,0.9524,53.1904,0
743,2055,1,933.5496,344.2462,53.9745,62.6697,0.9323,53.2287,0
744,2062,1,933.5887,344.2306,53.9918,62.7092,0.9165,53.2587,0
745,2069,1,933.6281,344.2162,54.0092,62.7486,0.9007,53.2886,0
746,2076,1,933.6683,344.2028,54.0267,62.7885,0.8848,53.3189,0
747,2083,1,933.7086,344.1907,54.0442,62.8281,0.8689,53.3490,0
748,2090,1,933.7489,344.1798,54.0615,62.8675,0.8532,53.3790,0
749,2097,1,933.7863,344.1709,54.0775,62.9038,0.8387,53.4065,0
750,2104,1,933.8256,344.1628,54.0940,62.9415,0.8236,53.4352,0
751,2111,1,933.8621,344.1563,54.1094,62.9763,0.8097,53.4616,0
752,2118,1,933.9016,344.1505,54.1258,63.0135,0.7948,53.4900,0
753,2125,1,933.9391,344.1460,54.1413,63.0488,0.7807,53.5168,0
754,2132,1,933.9753,344.1428,54.1561,63.0825,0.7672,53.5424,0
755,2140,1,934.0148,344.1405,54.1721,63.1189,0.7526,53.5701,0
756,2147,1,934.0516,344.1394,54.1870,63.1526,0.7391,53.5957,0
757,2154,1,934.0872,344.1394,54.2012,63.1850,0.7262,53.6203,0
758,2163,1,934.1307,344.1407,54.2185,63.2243,0.7105,53.6501,0
759,2170,1,934.1647,344.1427,54.2318,63.2546,0.6983,53.6732,0
760,2177,1,934.1996,344.1457,54.2455,63.2856,0.6860,53.6967,0
761,2185,1,934.2361,344.1499,54.2596,63.3177,0.6731,53.7211,0
762,2193,1,934.2729,344.1552,54.2737,63.3498,0.6602,53.7456,0
763,2200,1,934.3065,344.1609,54.2865,63.3789,0.6486,53.7676,0
764,2207,1,934.3398,344.1674,54.2992,63.4076,0.6371,53.7895,0
765,2214,1,934.3729,344.1747,54.3116,63.4359,0.6259,53.8109,0
766,2221,1,934.4061,344.1830,54.3239,63.4639,0.6146,53.8323,0
767,2228,1,934.4385,344.1919,54.3360,63.4913,0.6037,53.8530,0
768,2235,1,934.4706,344.2015,54.3478,63.5182,0.5929,53.8735,0
769,2243,1,934.5052,344.2127,54.3604,63.5469,0.5814,53.8953,0
770,2251,1,934.5391,344.2246,54.3727,63.5748,0.5703,53.9165,0
771,2259,1,934.5718,344.2370,54.3845,63.6016,0.5596,53.9369,0
772,2266,1,934.6027,344.2495,54.3955,63.6267,0.5495,53.9559,0
773,2274,1,934.6386,344.2649,54.4083,63.6557,0.5379,53.9780,0
774,2282,1,934.6744,344.2812,54.4209,63.6843,0.5265,53.9997,0
775,2289,1,934.7047,344.2958,54.4314,63.7083,0.5169,54.0179,0
776,2296,1,934.7347,344.3111,54.4418,63.7319,0.5074,54.0359,0
777,2303,1,934.7652,344.3273,54.4523,63.7558,0.4979,54.0541,0
778,2310,1,934.7930,344.3427,54.4618,63.7773,0.4892,54.0705,0
779,2317,1,934.8217,344.3592,54.4716,63.7995,0.4804,54.0873,0
780,2325,1,934.8546,344.3789,54.4827,63.8247,0.4703,54.1064,0
781,2332,1,934.8813,344.3956,54.4916,63.8450,0.4622,54.1219,0
782,2339,1,934.9079,344.4128,54.5005,63.8652,0.4541,54.1372,0
783,2347,1,934.9370,344.4322,54.5101,63.8870,0.4454,54.1538,0
784,2354,1,934.9640,344.4508,54.5189,63.9072,0.4373,54.1691,0
785,2362,1,934.9933,344.4717,54.5285,63.9289,0.4286,54.1856,0
786,2369,1,935.0206,344.4918,54.5373,63.9490,0.4206,54.2008,0
787,2376,1,935.0458,344.5109,54.5454,63.9674,0.4132,54.2149,0
788,2383,1,935.0722,344.5314,54.5539,63.9866,0.4056,54.2295,0
789,2390,1,935.0973,344.5515,54.5618,64.0047,0.3983,54.2432,0
790,2397,1,935.1237,344.5731,54.5702,64.0236,0.3908,54.2576,0
791,2404,1,935.1473,344.5930,54.5776,64.0405,0.3840,54.2704,0
792,2412,1,935.1740,344.6160,54.5859,64.0593,0.3764,54.2848,0
793,2419,1,935.1975,344.6368,54.5932,64.0759,0.3698,54.2974,0
794,2426,1,935.2214,344.6584,54.6005,64.0926,0.3631,54.3101,0
795,2433,1,935.2449,344.6800,54.6077,64.1089,0.3566,54.3225,0
796,2440,1,935.2682,344.7019,54.6148,64.1250,0.3502,54.3347,0
797,2448,1,935.2928,344.7256,54.6222,64.1419,0.3434,54.3475,0
798,2455,1,935.3152,344.7476,54.6290,64.1573,0.3373,54.3592,0
799,2462,1,935.3375,344.7699,54.6356,64.1724,0.3313,54.3706,0
800,2469,1,935.3596,344.7925,54.6422,64.1873,0.3253,54.3820,0
801,2476,1,935.3813,344.8151,54.6486,64.2018,0.3195,54.3931,0
802,2483,1,935.4024,344.8374,54.6548,64.2159,0.3138,54.4038,0
803,2491,1,935.4252,344.8619,54.6615,64.2311,0.3078,54.4153,0
804,2498,1,935.4467,344.8854,54.6677,64.2452,0.3021,54.4260,0
805,2505,1,935.4675,344.9086,54.6737,64.2588,0.2967,54.4363,0
806,2512,1,935.4879,344.9317,54.6795,64.2721,0.2914,54.4464,0
807,2519,1,935.5087,344.9556,54.6854,64.2855,0.2860,54.4567,0
808,2526,1,935.5287,344.9790,54.6911,64.2984,0.2808,54.4665,0
809,2534,1,935.5508,345.0052,54.6973,64.3125,0.2752,54.4772,0
810,2541,1,935.5702,345.0286,54.7027,64.3249,0.2702,54.4866,0
811,2548,1,935.5900,345.0528,54.7082,64.3374,0.2653,54.4960,0
812,2555,1,935.6089,345.0763,54.7135,64.3493,0.2605,54.5051,0
813,2562,1,935.6277,345.1000,54.7187,64.3611,0.2558,54.5141,0
814,2569,1,935.6461,345.1233,54.7237,64.3725,0.2512,54.5227,0
815,2576,1,935.6638,345.1462,54.7285,64.3835,0.2468,54.5310,0
816,2583,1,935.6824,345.1706,54.7335,64.3949,0.2423,54.5397,0
817,2590,1,935.6997,345.1935,54.7382,64.4055,0.2380,54.5478,0
818,2597,1,935.7167,345.2164,54.7427,64.4158,0.2339,54.5557,0
819,2604,1,935.7346,345.2406,54.7475,64.4267,0.2296,54.5639,0
820,2612,1,935.7556,345.2694,54.7530,64.4393,0.2245,54.5734,0
821,2619,1,935.7715,345.2916,54.7572,64.4488,0.2207,54.5807,0
822,2626,1,935.7879,345.3148,54.7615,64.4585,0.2168,54.5881,0
823,2633,1,935.8038,345.3374,54.7657,64.4680,0.2130,54.5952,0
824,2640,1,935.8200,345.3607,54.7698,64.4775,0.2092,54.6025,0
825,2647,1,935.8358,345.3836,54.7739,64.4867,0.2055,54.6095,0
826,2654,1,935.8521,345.4076,54.7781,64.4962,0.2017,54.6167,0
827,2661,1,935.8676,345.4308,54.7821,64.5052,0.1981,54.6236,0
828,2668,1,935.8831,345.4541,54.7860,64.5142,0.1946,54.6304,0
829,2675,1,935.8979,345.4766,54.7897,64.5227,0.1912,54.6368,0
830,2682,1,935.9133,345.5000,54.7936,64.5314,0.1877,54.6434,0
831,2689,1,935.9282,345.5231,54.7973,64.5398,0.1843,54.6498,0
832,2697,1,935.9457,345.5506,54.8016,64.5497,0.1803,54.6574,0
833,2704,1,935.9595,345.5723,54.8050,64.5574,0.1773,54.6632,0
834,2711,1,935.9741,345.5957,54.8086,64.5656,0.1740,54.6694,0
835,2718,1,935.9882,345.6184,54.8120,64.5734,0.1709,54.6754,0
836,2725,1,936.0024,345.6414,54.8155,64.5812,0.1677,54.6813,0
837,2732,1,936.0167,345.6649,54.8189,64.5891,0.1646,54.6873,0
838,2739,1,936.0310,345.6885,54.8224,64.5969,0.1615,54.6932,0
839,2746,1,936.0454,345.7125,54.8258,64.6047,0.1584,54.6991,0
840,2754,1,936.0598,345.7368,54.8292,64.6125,0.1552,54.7051,0
841,2761,1,936.0732,345.7596,54.8324,64.6197,0.1524,54.7105,0
842,2768,1,936.0860,345.7815,54.8354,64.6266,0.1496,54.7157,0
843,2775,1,936.0997,345.8052,54.8386,64.6338,0.1467,54.7213,0
844,2784,1,936.1152,345.8322,54.8422,64.6420,0.1434,54.7275,0
845,2791,1,936.1276,345.8540,54.8451,64.6485,0.1408,54.7324,0
846,2798,1,936.1398,345.8757,54.8479,64.6549,0.1383,54.7373,0
847,2805,1,936.1517,345.8969,54.8506,64.6611,0.1358,54.7420,0
848,2812,1,936.1644,345.9197,54.8535,64.6676,0.1332,54.7470,0
849,2819,1,936.1768,345.9423,54.8563,64.6740,0.1306,54.7518,0
850,2826,1,936.1883,345.9634,54.8589,64.6799,0.1283,54.7563,0
851,2833,1,936.1996,345.9842,54.8614,64.6857,0.1260,54.7607,0
852,2840,1,936.2114,346.0060,54.8641,64.6916,0.1236,54.7652,0
853,2847,1,936.2227,346.0271,54.8666,64.6973,0.1213,54.7695,0
854,2854,1,936.2341,346.0486,54.8691,64.7031,0.1190,54.7739,0
855,2862,1,936.2467,346.0726,54.8719,64.7094,0.1165,54.7787,0
856,2869,1,936.2581,346.0944,54.8743,64.7150,0.1142,54.7830,0
857,2876,1,936.2683,346.1141,54.8766,64.7201,0.1122,54.7868,0
858,2883,1,936.2791,346.1350,54.8789,64.7254,0.1101,54.7909,0
859,2890,1,936.2897,346.1559,54.8812,64.7306,0.1080,54.7948,0
860,2897,1,936.3000,346.1760,54.8834,64.7356,0.1060,54.7986,0
861,2904,1,936.3104,346.1966,54.8856,64.7406,0.1040,54.8025,0
862,2911,1,936.3204,346.2164,54.8877,64.7454,0.1021,54.8061,0
863,2918,1,936.3300,346.2357,54.8898,64.7501,0.1002,54.8096,0
864,2925,1,936.3400,346.2557,54.8919,64.7548,0.0983,54.8132,0
865,2932,1,936.3492,346.2746,54.8938,64.7593,0.0965,54.8166,0
866,2939,1,936.3589,346.2943,54.8958,64.7638,0.0947,54.8201,0
867,2946,1,936.3683,346.3137,54.8978,64.7683,0.0929,54.8235,0
868,2953,1,936.3777,346.3330,54.8997,64.7727,0.0912,54.8268,0
869,2960,1,936.3868,346.3518,54.9016,64.7769,0.0895,54.8300,0
870,2967,1,936.3964,346.3717,54.9035,64.7813,0.0877,54.8333,0
871,2974,1,936.4054,346.3908,54.9054,64.7855,0.0861,54.8365,0
872,2982,1,936.4149,346.4109,54.9073,64.7898,0.0843,54.8398,0
873,2990,1,936.4242,346.4307,54.9091,64.7941,0.0826,54.8431,0
874,2999,1,936.4355,346.4549,54.9114,64.7992,0.0805,54.8470,0
875,3006,1,936.4442,346.4735,54.9131,64.8031,0.0790,54.8499,0
876,3014,1,936.4537,346.4941,54.9150,64.8074,0.0773,54.8532,0
877,3022,1,936.4630,346.5146,54.9168,64.8116,0.0756,54.8564,0
878,3029,1,936.4714,346.5330,54.9185,64.8154,0.0741,54.8592,0
879,3037,1,936.4799,346.5518,54.9201,64.8191,0.0726,54.8621,0
880,3045,1,936.4885,346.5708,54.9218,64.8229,0.0711,54.8649,0
881,3053,1,936.4969,346.5896,54.9234,64.8266,0.0696,54.8677,0
882,3060,1,936.5048,346.6075,54.9250,64.8301,0.0682,54.8704,0
883,3072,1,936.5172,346.6354,54.9273,64.8354,0.0661,54.8744,0
884,3080,1,936.5248,346.6530,54.9288,64.8388,0.0648,54.8770,0
885,3088,1,936.5325,346.6705,54.9302,64.8420,0.0634,54.8795,0
886,3097,1,936.5409,346.6900,54.9318,64.8456,0.0620,54.8822,0
887,3105,1,936.5485,346.7075,54.9332,64.8488,0.0607,54.8846,0
888,3114,1,936.5571,346.7275,54.9348,64.8524,0.0593,54.8874,0
889,3121,1,936.5638,346.7432,54.9361,64.8553,0.0581,54.8895,0
890,3128,1,936.5704,346.7589,54.9373,64.8580,0.0570,54.8917,0
891,3135,1,936.5771,346.7747,54.9385,64.8608,0.0559,54.8938,0
892,3142,1,936.5837,346.7906,54.9397,64.8636,0.0548,54.8959,0
893,3149,1,936.5903,346.8063,54.9409,64.8663,0.0537,54.8980,0
894,3157,1,936.5969,346.8222,54.9421,64.8690,0.0526,54.9000,0
895,3164,1,936.6033,346.8376,54.9433,64.8717,0.0516,54.9020,0
896,3172,1,936.6100,346.8539,54.9445,64.8744,0.0505,54.9041,0
897,3179,1,936.6162,346.8690,54.9456,64.8769,0.0495,54.9060,0
898,3187,1,936.6224,346.8842,54.9467,64.8795,0.0485,54.9079,0
899,3196,1,936.6299,346.9028,54.9480,64.8825,0.0473,54.9102,0
900,3204,1,936.6360,346.9178,54.9491,64.8849,0.0463,54.9121,0
901,3213,1,936.6429,346.9350,54.9503,64.8877,0.0452,54.9141,0
902,3221,1,936.6490,346.9501,54.9513,64.8901,0.0442,54.9160,0
903,3229,1,936.6553,346.9661,54.9524,64.8926,0.0432,54.9179,0
904,3236,1,936.6606,346.9794,54.9534,64.8946,0.0424,54.9194,0
905,3243,1,936.6657,346.9923,54.9542,64.8966,0.0416,54.9209,0
906,3250,1,936.6708,347.0053,54.9551,64.8986,0.0408,54.9225,0
907,3257,1,936.6761,347.0187,54.9560,64.9006,0.0400,54.9240,0
908,3264,1,936.6812,347.0316,54.9569,64.9026,0.0392,54.9255,0
909,3271,1,936.6862,347.0445,54.9577,64.9045,0.0385,54.9269,0
910,3278,1,936.6912,347.0576,54.9586,64.9065,0.0377,54.9284,0
911,3287,1,936.6970,347.0726,54.9595,64.9086,0.0368,54.9301,0
912,3294,1,936.7019,347.0854,54.9603,64.9105,0.0361,54.9315,0
913,3301,1,936.7064,347.0970,54.9611,64.9122,0.0354,54.9328,0
914,3308,1,936.7109,347.1088,54.9618,64.9139,0.0347,54.9340,0
915,3315,1,936.7153,347.1203,54.9625,64.9155,0.0341,54.9353,0
916,3322,1,936.7199,347.1324,54.9633,64.9172,0.0334,54.9366,0
917,3329,1,936.7244,347.1444,54.9640,64.9189,0.0327,54.9378,0
918,3336,1,936.7287,347.1559,54.9647,64.9204,0.0321,54.9391,0
919,3343,1,936.7328,347.1671,54.9654,64.9220,0.0315,54.9402,0
920,3351,1,936.7374,347.1790,54.9661,64.9236,0.0308,54.9415,0
921,3358,1,936.7413,347.1898,54.9667,64.9251,0.0302,54.9426,0
922,3365,1,936.7454,347.2006,54.9674,64.9265,0.0297,54.9437,0
923,3372,1,936.7494,347.2116,54.9680,64.9280,0.0291,54.9448,0
924,3379,1,936.7533,347.2222,54.9686,64.9294,0.0285,54.9458,0
925,3386,1,936.7572,347.2329,54.9693,64.9308,0.0280,54.9469,0
926,3393,1,936.7609,347.2431,54.9698,64.9321,0.0274,54.9479,0
927,3400,1,936.7646,347.2534,54.9704,64.9334,0.0269,54.9489,0
928,3407,1,936.7682,347.2634,54.9710,64.9347,0.0264,54.9499,0
929,3414,1,936.7718,347.2733,54.9715,64.9360,0.0259,54.9508,0
930,3422,1,936.7759,347.2856,54.9715,64.9360,0.0259,54.9508,0
931,3429,1,936.7796,347.2963,54.9715,64.9360,0.0259,54.9508,0
932,3436,1,936.7833,347.3073,54.9715,64.9360,0.0259,54.9508,0
933,3443,1,936.7870,347.3183,54.9715,64.9360,0.0259,54.9508,0
934,3450,1,936.7905,347.3285,54.9715,64.9360,0.0259,54.9508,0
935,3457,1,936.7941,347.3390,54.9715,64.9360,0.0259,54.9508,0
936,3464,1,936.7975,347.3491,54.9715,64.9360,0.0259,54.9508,0
937,3472,1,936.8011,347.3600,54.9715,64.9360,0.0259,54.9508,0
938,3479,1,936.8044,347.3697,54.9715,64.9360,0.0259,54.9508,0
939,3486,1,936.8077,347.3793,54.9715,64.9360,0.0259,54.9508,0
940,3493,1,936.8109,347.3889,54.9715,64.9360,0.0259,54.9508,0
941,3500,1,936.8141,347.3985,54.9715,64.9360,0.0259,54.9508,0
942,3507,1,936.8171,347.4077,54.9715,64.9360,0.0259,54.9508,0
943,3514,1,936.8202,347.4169,54.9715,64.9360,0.0259,54.9508,0
944,3521,1,936.8231,347.4257,54.9715,64.9360,0.0259,54.9508,0
945,3528,1,936.8261,347.4347,54.9715,64.9360,0.0259,54.9508,0
946,3535,1,936.8291,347.4437,54.9715,64.9360,0.0259,54.9508,0
947,3542,1,936.8320,347.4523,54.9715,64.9360,0.0259,54.9508,0
948,3549,1,936.8347,347.4606,54.9715,64.9360,0.0259,54.9508,0
949,3556,1,936.8375,347.4689,54.9715,64.9360,0.0259,54.9508,0
950,3563,1,936.8401,347.4771,54.9715,64.9360,0.0259,54.9508,0
951,3570,1,936.8428,347.4852,54.9715,64.9360,0.0259,54.9508,0
952,3577,1,936.8455,347.4936,54.9715,64.9360,0.0259,54.9508,0
953,3584,1,936.8481,347.5016,54.9715,64.9360,0.0259,54.9508,0
954,3591,1,936.8506,347.5092,54.9715,64.9360,0.0259,54.9508,0
955,3598,1,936.8532,347.5174,54.9715,64.9360,0.0259,54.9508,0
956,3605,1,936.8557,347.5248,54.9715,64.9360,0.0259,54.9508,0
957,3612,1,936.8580,347.5322,54.9715,64.9360,0.0259,54.9508,0
958,3619,1,936.8604,347.5395,54.9715,64.9360,0.0259,54.9508,0
959,3627,1,936.8631,347.5478,54.9715,64.9360,0.0259,54.9508,0
960,3634,1,936.8654,347.5549,54.9715,64.9360,0.0259,54.9508,0
961,3641,1,936.8676,347.5618,54.9715,64.9360,0.0259,54.9508,0
962,3648,1,936.8699,347.5688,54.9715,64.9360,0.0259,54.9508,0
963,3655,1,936.8721,347.5758,54.9715,64.9360,0.0259,54.9508,0
964,3662,1,936.8744,347.5827,54.9715,64.9360,0.0259,54.9508,0
965,3669,1,936.8765,347.5893,54.9715,64.9360,0.0259,54.9508,0
966,3676,1,936.8786,347.5959,54.9715,64.9360,0.0259,54.9508,0
967,3683,1,936.8807,347.6025,54.9715,64.9360,0.0259,54.9508,0
968,3690,1,936.8827,347.6089,54.9715,64.9360,0.0259,54.9508,0
969,3697,1,936.8846,347.6151,54.9715,64.9360,0.0259,54.9508,0
970,3704,1,936.8865,347.6212,54.9715,64.9360,0.0259,54.9508,0
971,3711,1,936.8885,347.6274,54.9715,64.9360,0.0259,54.9508,0
972,3718,1,936.8904,347.6334,54.9715,64.9360,0.0259,54.9508,0
973,3725,1,936.8923,347.6395,54.9715,64.9360,0.0259,54.9508,0
974,3732,1,936.8940,347.6451,54.9715,64.9360,0.0259,54.9508,0
975,3739,1,936.8958,347.6509,54.9715,64.9360,0.0259,54.9508,0
976,3746,1,936.8976,347.6565,54.9715,64.9360,0.0259,54.9508,0
977,3753,1,936.8993,347.6619,54.9715,64.9360,0.0259,54.9508,0
978,3760,1,936.9009,347.6673,54.9715,64.9360,0.0259,54.9508,0
979,3767,1,936.9026,347.6728,54.9715,64.9360,0.0259,54.9508,0
980,3774,1,936.9043,347.6781,54.9715,64.9360,0.0259,54.9508,0
981,3781,1,936.9060,347.6836,54.9715,64.9360,0.0259,54.9508,0
982,3789,1,936.9079,347.6897,54.9715,64.9360,0.0259,54.9508,0
983,3796,1,936.9095,347.6948,54.9715,64.9360,0.0259,54.9508,0
984,3803,1,936.9111,347.6999,54.9715,64.9360,0.0259,54.9508,0
985,3810,1,936.9126,347.7047,54.9715,64.9360,0.0259,54.9508,0
986,3817,1,936.9141,347.7096,54.9715,64.9360,0.0259,54.9508,0
987,3824,1,936.9156,347.7146,54.9715,64.9360,0.0259,54.9508,0
988,3831,1,936.9172,347.7196,54.9715,64.9360,0.0259,54.9508,0
989,3838,1,936.9186,347.7244,54.9715,64.9360,0.0259,54.9508,0
990,3845,1,936.9200,347.7289,54.9715,64.9360,0.0259,54.9508,0
991,3852,1,936.9215,347.7336,54.9715,64.9360,0.0259,54.9508,0
992,3859,1,936.9229,347.7380,54.9715,64.9360,0.0259,54.9508,0
993,3866,1,936.9242,347.7424,54.9715,64.9360,0.0259,54.9508,0
994,3873,1,936.9255,347.7465,54.9715,64.9360,0.0259,54.9508,0
995,3880,1,936.9268,347.7507,54.9715,64.9360,0.0259,54.9508,0
996,3887,1,936.9280,347.7549,54.9715,64.9360,0.0259,54.9508,0
997,3896,1,936.9296,347.7601,54.9715,64.9360,0.0259,54.9508,0
998,3903,1,936.9308,347.7639,54.9715,64.9360,0.0259,54.9508,0
999,3910,1,936.9319,347.7678,54.9715,64.9360,0.0259,54.9508,0
1000,3917,1,936.9331,347.7717,54.9715,64.9360,0.0259,54.9508,0
1001,3924,1,936.9343,347.7757,54.9715,64.9360,0.0259,54.9508,0
1002,3931,1,936.9354,347.7794,54.9715,64.9360,0.0259,54.9508,0
1003,3938,1,936.9365,347.7831,54.9715,64.9360,0.0259,54.9508,0
1004,3945,1,936.9377,347.7871,54.9715,64.9360,0.0259,54.9508,0
1005,3953,1,936.9388,347.7910,54.9715,64.9360,0.0259,54.9508,0
1006,3960,1,936.9399,347.7945,54.9715,64.9360,0.0259,54.9508,0
1007,3967,1,936.9409,347.7979,54.9715,64.9360,0.0259,54.9508,0
1008,3974,1,936.9419,347.8015,54.9715,64.9360,0.0259,54.9508,0
1009,3981,1,936.9428,347.8047,54.9715,64.9360,0.0259,54.9508,0
1010,3988,1,936.9438,347.8081,54.9715,64.9360,0.0259,54.9508,0
1011,3997,1,936.9449,347.8121,54.9715,64.9360,0.0259,54.9508,0
1012,4004,1,936.9458,347.8151,54.9715,64.9360,0.0259,54.9508,0
1013,4011,1,936.9467,347.8183,54.9715,64.9360,0.0259,54.9508,0
1014,4018,1,936.9476,347.8214,54.9715,64.9360,0.0259,54.9508,0
1015,4025,1,936.9484,347.8244,54.9715,64.9360,0.0259,54.9508,0
1016,4032,1,936.9492,347.8272,54.9715,64.9360,0.0259,54.9508,0
1017,4040,1,936.9501,347.8305,54.9715,64.9360,0.0259,54.9508,0
1018,4047,1,936.9510,347.8336,54.9715,64.9360,0.0259,54.9508,0
1019,4054,1,936.9518,347.8364,54.9715,64.9360,0.0259,54.9508,0
1020,4061,1,936.9525,347.8391,54.9715,64.9360,0.0259,54.9508,0
1021,4068,1,936.9532,347.8418,54.9715,64.9360,0.0259,54.9508,0
1022,4075,1,936.9540,347.8445,54.9715,64.9360,0.0259,54.9508,0
1023,4082,1,936.9547,347.8471,54.9715,64.9360,0.0259,54.9508,0
1024,4089,1,936.9554,347.8497,54.9715,64.9360,0.0259,54.9508,0
1025,4096,1,936.9561,347.8522,54.9715,64.9360,0.0259,54.9508,0
1026,4104,1,936.9569,347.8551,54.9715,64.9360,0.0259,54.9508,0
1027,4111,1,936.9576,347.8576,54.9715,64.9360,0.0259,54.9508,0
1028,4118,1,936.9583,347.8600,54.9715,64.9360,0.0259,54.9508,0
1029,4125,1,936.9590,347.8623,54.9715,64.9360,0.0259,54.9508,0
1030,4133,1,936.9598,347.8650,54.9715,64.9360,0.0259,54.9508,0
1031,4140,1,936.9604,347.8673,54.9715,64.9360,0.0259,54.9508,0
1032,4147,1,936.9611,347.8695,54.9715,64.9360,0.0259,54.9508,0
1033,4154,1,936.9618,347.8718,54.9715,64.9360,0.0259,54.9508,0
1034,4161,1,936.9625,347.8740,54.9715,64.9360,0.0259,54.9508,0
1035,4168,1,936.9631,347.8761,54.9715,64.9360,0.0259,54.9508,0
1036,4175,1,936.9637,347.8782,54.9715,64.9360,0.0259,54.9508,0
1037,4182,1,936.9643,347.8803,54.9715,64.9360,0.0259,54.9508,0
1038,4189,1,936.9649,347.8823,54.9715,64.9360,0.0259,54.9508,0
1039,4196,1,936.9655,347.8844,54.9715,64.9360,0.0259,54.9508,0
1040,4203,1,936.9661,347.8864,54.9715,64.9360,0.0259,54.9508,0
1041,4210,1,936.9667,347.8884,54.9715,64.9360,0.0259,54.9508,0
1042,4218,1,936.9674,347.8906,54.9715,64.9360,0.0259,54.9508,0
1043,4225,1,936.9680,347.8924,54.9715,64.9360,0.0259,54.9508,0
1044,4232,1,936.9686,347.8943,54.9715,64.9360,0.0259,54.9508,0
1045,4239,1,936.9691,347.8961,54.9715,64.9360,0.0259,54.9508,0
1046,4246,1,936.9697,347.8980,54.9715,64.9360,0.0259,54.9508,0
1047,4253,1,936.9702,347.8997,54.9715,64.9360,0.0259,54.9508,0
1048,4260,1,936.9708,347.9015,54.9715,64.9360,0.0259,54.9508,0
1049,4267,1,936.9713,347.9032,54.9715,64.9360,0.0259,54.9508,0
1050,4274,1,936.9719,347.9049,54.9715,64.9360,0.0259,54.9508,0
1051,4281,1,936.9724,347.9065,54.9715,64.9360,0.0259,54.9508,0
1052,4288,2,937.0089,347.9973,54.9715,64.9360,0.0259,54.9508,0
1053,4298,2,937.0089,347.9973,54.9715,64.9360,0.0259,54.9508,0
1054,4398,2,937.0089,347.9973,54.9715,64.9360,0.0259,54.9508,0
1055,4406,2,937.0089,347.9973,54.9715,64.9360,0.0259,54.9508,0
1056,4413,2,937.0089,347.9973,54.9715,64.9360,0.0259,54.9508,0
1057,4420,2,937.0089,347.9973,54.9715,64.9360,0.0259,54.9508,0
1058,4427,2,937.0089,347.9973,54.9715,64.9360,0.0259,54.9508,0
1059,4435,2,937.0089,347.9973,54.9715,64.9360,0.0259,54.9508,0
1060,4442,2,937.0089,347.9973,54.9715,64.9360,0.0259,54.9508,0
1061,4449,2,937.0089,347.9973,54.9715,64.9360,0.0259,54.9508,0
1062,4456,2,937.0089,347.9973,54.9715,64.9360,0.0259,54.9508,0
1063,4463,2,937.0089,347.9973,54.9715,64.9360,0.0259,54.9508,0
1064,4470,2,937.0089,347.9973,54.9715,64.9360,0.0259,54.9508,0
1065,4477,2,937.0089,347.9973,54.9715,64.9360,0.0259,54.9508,0
1066,4485,2,937.0089,347.9973,54.9715,64.9360,0.0259,54.9508,0
1067,4492,2,937.0089,347.9973,54.9715,64.9360,0.0259,54.9508,0
1068,4499,2,937.0089,347.9973,54.9715,64.9360,0.0259,54.9508,0
1069,4506,2,937.0089,347.9973,54.9715,64.9360,0.0259,54.9508,0
1070,4513,2,937.0089,347.9973,54.9715,64.9360,0.0259,54.9508,0
1071,4520,2,937.0089,347.9973,54.9715,64.9360,0.0259,54.9508,0
1072,4528,2,937.0089,347.9973,54.9715,64.9360,0.0259,54.9508,0
1073,4535,2,937.0089,347.9973,54.9715,64.9360,0.0259,54.9508,0
1074,4542,2,937.0089,347.9973,54.9715,64.9360,0.0259,54.9508,0
1075,4549,2,937.0089,347.9973,54.9715,64.9360,0.0259,54.9508,0
1076,4556,2,937.0089,347.9973,54.9715,64.9360,0.0259,54.9508,0
1077,4563,2,937.0089,347.9973,54.9715,64.9360,0.0259,54.9508,0
1078,4570,2,937.0089,347.9973,54.9715,64.9360,0.0259,54.9508,0
1079,4577,2,937.0089,347.9973,54.9715,64.9360,0.0259,54.9508,0
1080,4584,2,937.0089,347.9973,54.9715,64.9360,0.0259,54.9508,0
1081,4591,2,937.0089,347.9973,54.9715,64.9360,0.0259,54.9508,0
1082,4598,2,937.0089,347.9973,54.9715,64.9360,0.0259,54.9508,0
1083,4605,2,937.0089,347.9973,54.9715,64.9360,0.0259,54.9508,0
1084,4612,2,937.0089,347.9973,54.9715,64.9360,0.0259,54.9508,0
1085,4619,2,937.0089,347.9973,54.9715,64.9360,0.0259,54.9508,0
1086,4626,2,937.0089,347.9973,54.9715,64.9360,0.0259,54.9508,0
1087,4633,2,937.0089,347.9973,54.9715,64.9360,0.0259,54.9508,0
1088,4640,2,937.0089,347.9973,54.9715,64.9360,0.0259,54.9508,0
1089,4647,2,937.0089,347.9973,54.9715,64.9360,0.0259,54.9508,0
1090,4655,2,937.0089,347.9973,54.9715,64.9360,0.0259,54.9508,0
1091,4662,2,937.0089,347.9973,54.9715,64.9360,0.0259,54.9508,0
1092,4669,2,937.0089,347.9973,54.9715,64.9360,0.0259,54.9508,0
1093,4676,2,937.0089,347.9973,54.9715,64.9360,0.0259,54.9508,0
1094,4683,2,937.0089,347.9973,54.9715,64.9360,0.0259,54.9508,0
1095,4690,2,937.0089,347.9973,54.9715,64.9360,0.0259,54.9508,0
1096,4697,2,937.0089,347.9973,54.9715,64.9360,0.0259,54.9508,0
1097,4704,2,937.0089,347.9973,54.9715,64.9360,0.0259,54.9508,0
1098,4711,2,937.0089,347.9973,54.9715,64.9360,0.0259,54.9508,0
1099,4718,2,937.0089,347.9973,54.9715,64.9360,0.0259,54.9508,0
1100,4725,2,937.0089,347.9973,54.9715,64.9360,0.0259,54.9508,0
1101,4733,2,937.0089,347.9973,54.9715,64.9360,0.0259,54.9508,0
1102,4740,2,937.0089,347.9973,54.9715,64.9360,0.0259,54.9508,0
1103,4747,2,937.0089,347.9973,54.9715,64.9360,0.0259,54.9508,0
1104,4755,2,937.0089,347.9973,54.9715,64.9360,0.0259,54.9508,0
1105,4763,2,937.0089,347.9973,54.9715,64.9360,0.0259,54.9508,0
1106,4770,2,937.0089,347.9973,54.9715,64.9360,0.0259,54.9508,0
1107,4777,2,937.0089,347.9973,54.9715,64.9360,0.0259,54.9508,0
1108,4784,2,937.0089,347.9973,54.9715,64.9360,0.0259,54.9508,0
1109,4791,2,937.0089,347.9973,54.9715,64.9360,0.0259,54.9508,0
1110,4798,2,937.0089,347.9973,54.9715,64.9360,0.0259,54.9508,0
1111,4806,2,937.0089,347.9973,54.9715,64.9360,0.0259,54.9508,0
1112,4813,2,937.0089,347.9973,54.9715,64.9360,0.0259,54.9508,0
1113,4820,2,937.0089,347.9973,54.9715,64.9360,0.0259,54.9508,0
1114,4827,2,937.0089,347.9973,54.9715,64.9360,0.0259,54.9508,0
1115,4834,2,937.0089,347.9973,54.9715,64.9360,0.0259,54.9508,0
1116,4841,2,937.0089,347.9973,54.9715,64.9360,0.0259,54.9508,0
1117,4848,2,937.0089,347.9973,54.9715,64.9360,0.0259,54.9508,0
1118,4856,2,937.0089,347.9973,54.9715,64.9360,0.0259,54.9508,0
1119,4863,2,937.0089,347.9973,54.9715,64.9360,0.0259,54.9508,0
1120,4870,2,937.0089,347.9973,54.9715,64.9360,0.0259,54.9508,0
1121,4877,2,937.0089,347.9973,54.9715,64.9360,0.0259,54.9508,0
1122,4884,2,937.0089,347.9973,54.9715,64.9360,0.0259,54.9508,0
1123,4891,2,937.0089,347.9973,54.9715,64.9360,0.0259,54.9508,0
1124,4898,2,937.0089,347.9973,54.9715,64.9360,0.0259,54.9508,0
1125,4905,2,937.0089,347.9973,54.9715,64.9360,0.0259,54.9508,0
1126,4913,2,937.0089,347.9973,54.9715,64.9360,0.0259,54.9508,0
1127,4920,2,937.0089,347.9973,54.9715,64.9360,0.0259,54.9508,0
1128,4927,2,937.0089,347.9973,54.9715,64.9360,0.0259,54.9508,0
1129,4934,2,937.0089,347.9973,54.9715,64.9360,0.0259,54.9508,0
1130,4943,2,937.0089,347.9973,54.9715,64.9360,0.0259,54.9508,0
1131,4950,2,937.0089,347.9973,54.9715,64.9360,0.0259,54.9508,0
1132,4957,2,937.0089,347.9973,54.9715,64.9360,0.0259,54.9508,0
1133,4964,2,937.0089,347.9973,54.9715,64.9360,0.0259,54.9508,0
1134,4971,2,937.0089,347.9973,54.9715,64.9360,0.0259,54.9508,0
1135,4978,2,937.0089,347.9973,54.9715,64.9360,0.0259,54.9508,0
1136,4985,2,937.0089,347.9973,54.9715,64.9360,0.0259,54.9508,0
1137,4991,2,937.0089,347.9973,54.9715,64.9360,0.0259,54.9508,0
1138,4998,2,937.0089,347.9973,54.9715,64.9360,0.0259,54.9508,0
1139,5005,2,937.0089,347.9973,54.9715,64.9360,0.0259,54.9508,0
1140,5013,2,937.0089,347.9973,54.9715,64.9360,0.0259,54.9508,0
1141,5020,2,937.0089,347.9973,54.9715,64.9360,0.0259,54.9508,0
1142,5027,2,937.0089,347.9973,54.9715,64.9360,0.0259,54.9508,0
1143,5054,2,937.0089,347.9973,54.9715,64.9360,0.0259,54.9508,0
1144,5061,2,937.0089,347.9973,54.9715,64.9360,0.0259,54.9508,0
1145,5070,2,937.0089,347.9973,54.9715,64.9360,0.0259,54.9508,0
1146,5077,2,937.0089,347.9973,54.9715,64.9360,0.0259,54.9508,0
1147,5084,2,937.0089,347.9973,54.9715,64.9360,0.0259,54.9508,0
1148,5091,2,937.0089,347.9973,54.9715,64.9360,0.0259,54.9508,0
1149,5098,2,937.0089,347.9973,54.9715,64.9360,0.0259,54.9508,0
1150,5105,2,937.0089,347.9973,54.9715,64.9360,0.0259,54.9508,0
1151,5112,2,937.0089,347.9973,54.9715,64.9360,0.0259,54.9508,0
1152,5120,2,937.0089,347.9973,54.9715,64.9360,0.0259,54.9508,0
1153,5127,2,937.0089,347.9973,54.9715,64.9360,0.0259,54.9508,0
1154,5134,2,937.0089,347.9973,54.9715,64.9360,0.0259,54.9508,0
1155,5141,2,937.0089,347.9973,54.9715,64.9360,0.0259,54.9508,0
1156,5148,2,937.0089,347.9973,54.9715,64.9360,0.0259,54.9508,0
1157,5155,2,937.0089,347.9973,54.9715,64.9360,0.0259,54.9508,0
1158,5163,2,937.0089,347.9973,54.9715,64.9360,0.0259,54.9508,0
1159,5170,2,937.0089,347.9973,54.9715,64.9360,0.0259,54.9508,0
1160,5177,2,937.0089,347.9973,54.9715,64.9360,0.0259,54.9508,0
1161,5184,2,937.0089,347.9973,54.9715,64.9360,0.0259,54.9508,0
1162,5191,2,937.0089,347.9973,54.9715,64.9360,0.0259,54.9508,0
1163,5198,2,937.0089,347.9973,54.9715,64.9360,0.0259,54.9508,0
1164,5207,2,937.0089,347.9973,54.9715,64.9360,0.0259,54.9508,0
1165,5214,2,937.0089,347.9973,54.9715,64.9360,0.0259,54.9508,0
1166,5221,2,937.0089,347.9973,54.9715,64.9360,0.0259,54.9508,0
1167,5228,2,937.0089,347.9973,54.9715,64.9360,0.0259,54.9508,0
1168,5235,2,937.0089,347.9973,54.9715,64.9360,0.0259,54.9508,0
1169,5242,2,937.0089,347.9973,54.9715,64.9360,0.0259,54.9508,0
1170,5249,2,937.0089,347.9973,54.9715,64.9360,0.0259,54.9508,0
1171,5256,2,937.0089,347.9973,54.9715,64.9360,0.0259,54.9508,0
1172,5263,2,937.0089,347.9973,54.9715,64.9360,0.0259,54.9508,0
1173,5270,2,937.0089,347.9973,54.9715,64.9360,0.0259,54.9508,0
1174,5277,2,937.0089,347.9973,54.9715,64.9360,0.0259,54.9508,0
1175,5284,2,937.0089,347.9973,54.9715,64.9360,0.0259,54.9508,0
1176,5291,3,937.0089,347.9973,54.9715,64.9360,0.0259,54.9508,0
1177,5298,3,936.9957,348.0130,54.9705,64.9364,0.0259,54.9509,0
1178,5399,3,934.2958,351.2556,54.7505,65.0278,0.0247,54.9530,0
1179,5408,3,933.8795,351.7557,54.7166,65.0419,0.0245,54.9534,0
1180,5416,3,933.5122,352.1970,54.6866,65.0543,0.0244,54.9537,0
1181,5425,3,933.0845,352.7113,54.6518,65.0688,0.0242,54.9540,0
1182,5433,3,932.6707,353.2088,54.6181,65.0828,0.0240,54.9543,0
1183,5441,3,932.2571,353.7063,54.5844,65.0968,0.0239,54.9547,0
1184,5450,3,931.7783,354.2824,54.5454,65.1130,0.0237,54.9550,0
1185,5459,3,931.2812,354.8808,54.5049,65.1298,0.0234,54.9554,0
1186,5466,3,930.8631,355.3842,54.4708,65.1440,0.0233,54.9558,0
1187,5476,3,930.2773,356.0898,54.4231,65.1638,0.0230,54.9563,0
1188,5483,3,929.8450,356.6108,54.3879,65.1784,0.0228,54.9566,0
1189,5490,3,929.3956,357.1526,54.3512,65.1936,0.0226,54.9570,0
1190,5497,3,928.9473,357.6932,54.3147,65.2088,0.0225,54.9573,0
1191,5504,3,928.4739,358.2642,54.2762,65.2248,0.0223,54.9577,0
1192,5512,3,927.9754,358.8660,54.2355,65.2417,0.0220,54.9581,0
1193,5519,3,927.4907,359.4511,54.1960,65.2581,0.0218,54.9585,0
1194,5526,3,927.0216,360.0177,54.1578,65.2740,0.0216,54.9589,0
1195,5533,3,926.5257,360.6170,54.1174,65.2907,0.0214,54.9593,0
1196,5540,3,926.0430,361.2006,54.0781,65.3071,0.0212,54.9597,0
1197,5547,3,925.5497,361.7971,54.0379,65.3238,0.0210,54.9601,0
1198,5555,3,925.0362,362.4184,53.9961,65.3411,0.0208,54.9605,0
1199,5563,3,924.5189,363.0447,53.9539,65.3586,0.0206,54.9609,0
1200,5570,3,924.0107,363.6602,53.9125,65.3758,0.0204,54.9613,0
1201,5578,3,923.4689,364.3167,53.8684,65.3942,0.0201,54.9617,0
1202,5586,3,922.9326,364.9669,53.8247,65.4123,0.0199,54.9622,0
1203,5594,3,922.3829,365.6337,53.7799,65.4309,0.0197,54.9626,0
1204,5602,3,921.8539,366.2758,53.7368,65.4488,0.0194,54.9630,0
1205,5611,3,921.2673,366.9883,53.6890,65.4687,0.0192,54.9635,0
1206,5619,3,920.7178,367.6560,53.6442,65.4872,0.0190,54.9640,0
1207,5627,3,920.1900,368.2976,53.6012,65.5051,0.0187,54.9644,0
1208,5636,3,919.5936,369.0232,53.5526,65.5253,0.0185,54.9649,0
1209,5644,3,919.0249,369.7155,53.5063,65.5445,0.0182,54.9653,0
1210,5652,3,918.5035,370.3506,53.4638,65.5621,0.0180,54.9657,0
1211,5660,3,917.9633,371.0090,53.4198,65.5804,0.0178,54.9662,0
1212,5667,3,917.4528,371.6317,53.3782,65.5977,0.0176,54.9666,0
1213,5675,3,916.8967,372.3105,53.3329,65.6165,0.0173,54.9670,0
1214,5682,3,916.3952,372.9228,53.2920,65.6335,0.0171,54.9674,0
1215,5689,3,915.8959,373.5331,53.2514,65.6504,0.0169,54.9678,0
1216,5696,3,915.3959,374.1443,53.2106,65.6673,0.0167,54.9682,0
1217,5704,3,914.8420,374.8221,53.1655,65.6860,0.0165,54.9687,0
1218,5712,3,914.3351,375.4428,53.1242,65.7032,0.0163,54.9691,0
1219,5721,3,913.7247,376.1909,53.0745,65.7238,0.0160,54.9696,0
1220,5729,3,913.1788,376.8603,53.0300,65.7423,0.0158,54.9700,0
1221,5736,3,912.6960,377.4528,52.9906,65.7586,0.0156,54.9704,0
1222,5743,3,912.2098,378.0499,52.9510,65.7751,0.0154,54.9708,0
1223,5752,3,911.6584,378.7275,52.9061,65.7937,0.0151,54.9713,0
1224,5759,3,911.1812,379.3145,52.8672,65.8098,0.0149,54.9716,0
1225,5767,3,910.6940,379.9142,52.8275,65.8263,0.0147,54.9720,0
1226,5775,3,910.1649,380.5660,52.7844,65.8442,0.0145,54.9725,0
1227,5783,3,909.6517,381.1987,52.7426,65.8616,0.0143,54.9729,0
1228,5790,3,909.1885,381.7703,52.7049,65.8773,0.0141,54.9732,0
1229,5798,3,908.6862,382.3905,52.6639,65.8943,0.0139,54.9736,0
1230,5805,3,908.2292,382.9554,52.6267,65.9097,0.0137,54.9740,0
1231,5812,3,907.8005,383.4856,52.5918,65.9242,0.0135,54.9744,0
1232,5822,3,907.2233,384.2002,52.5447,65.9438,0.0132,54.9748,0
1233,5829,3,906.8016,384.7228,52.5104,65.9580,0.0131,54.9752,0
1234,5836,3,906.3701,385.2580,52.4752,65.9726,0.0129,54.9755,0
1235,5844,3,905.9073,385.8323,52.4375,65.9883,0.0127,54.9759,0
1236,5851,3,905.4829,386.3595,52.4029,66.0026,0.0125,54.9762,0
1237,5858,3,905.0564,386.8897,52.3682,66.0171,0.0123,54.9766,0
1238,5866,3,904.5977,387.4606,52.3308,66.0326,0.0121,54.9769,0
1239,5874,3,904.1632,388.0016,52.2954,66.0473,0.0119,54.9773,0
1240,5881,3,903.7589,388.5056,52.2625,66.0609,0.0118,54.9776,0
1241,5888,3,903.3580,389.0059,52.2298,66.0745,0.0116,54.9779,0
1242,5896,3,902.9276,389.5434,52.1947,66.0891,0.0114,54.9783,0
1243,5905,3,902.4495,390.1411,52.1558,66.1052,0.0112,54.9787,0
1244,5913,3,902.0356,390.6590,52.1220,66.1192,0.0110,54.9790,0
1245,5920,3,901.6500,391.1421,52.0906,66.1323,0.0109,54.9793,0
1246,5927,3,901.2810,391.6046,52.0606,66.1448,0.0107,54.9796,0
1247,5935,3,900.8810,392.1066,52.0280,66.1583,0.0106,54.9799,0
1248,5943,3,900.4996,392.5856,51.9969,66.1712,0.0104,54.9803,0
1249,5950,3,900.1349,393.0442,51.9672,66.1835,0.0102,54.9806,0
1250,5957,3,899.7731,393.4995,51.9377,66.1958,0.0101,54.9808,0
1251,5964,3,899.4172,393.9478,51.9087,66.2078,0.0099,54.9811,0
1252,5972,3,899.0542,394.4055,51.8791,66.2201,0.0098,54.9814,0
1253,5980,3,898.6725,394.8874,51.8480,66.2330,0.0096,54.9817,0
1254,5995,3,897.9516,395.7987,51.7893,66.2574,0.0093,54.9823,0
1255,6008,3,897.3669,396.5392,51.7416,66.2772,0.0091,54.9828,0
1256,6020,3,896.8185,397.2349,51.6969,66.2957,0.0088,54.9832,0
1257,6033,3,896.2652,397.9383,51.6518,66.3144,0.0086,54.9837,0
1258,6044,3,895.7829,398.5522,51.6125,66.3308,0.0084,54.9841,0
1259,6057,3,895.2345,399.2517,51.5678,66.3493,0.0082,54.9845,0
1260,6070,3,894.7171,399.9128,51.5257,66.3668,0.0079,54.9849,0
1261,6084,3,894.1488,400.6403,51.4794,66.3860,0.0077,54.9854,0
1262,6097,3,893.6583,401.2694,51.4394,66.4026,0.0075,54.9858,0
1263,6109,3,893.2021,401.8556,51.4022,66.4180,0.0073,54.9861,0
1264,6122,3,892.7301,402.4633,51.3638,66.4340,0.0071,54.9865,0
1265,6152,3,891.6514,403.8567,51.2759,66.4705,0.0066,54.9874,0
1266,6160,3,891.3597,404.2346,51.2521,66.4804,0.0065,54.9876,0
1267,6167,3,891.1058,404.5640,51.2314,66.4890,0.0064,54.9878,0
1268,6176,3,890.8075,404.9514,51.2071,66.4991,0.0063,54.9881,0
1269,6184,3,890.5552,405.2795,51.1865,66.5076,0.0062,54.9883,0
1270,6191,3,890.3146,405.5929,51.1669,66.5157,0.0061,54.9885,0
1271,6200,3,890.0392,405.9520,51.1445,66.5251,0.0060,54.9887,0
1272,6207,3,889.8077,406.2542,51.1256,66.5329,0.0059,54.9889,0
1273,6302,3,887.0972,409.8211,50.9047,66.6246,0.0047,54.9911,0
1274,6326,3,886.5000,410.6143,50.8560,66.6448,0.0045,54.9915,0
1275,6333,3,886.3271,410.8446,50.8419,66.6507,0.0044,54.9917,0
1276,6340,3,886.1542,411.0753,50.8278,66.6565,0.0043,54.9918,0
1277,6347,3,885.9803,411.3075,50.8137,66.6624,0.0042,54.9920,0
1278,6354,3,885.8160,411.5273,50.8003,66.6680,0.0042,54.9921,0
1279,6361,3,885.6535,411.7450,50.7870,66.6735,0.0041,54.9922,0
1280,6371,3,885.4376,412.0347,50.7694,66.6808,0.0040,54.9924,0
1281,6378,3,885.2893,412.2340,50.7573,66.6858,0.0039,54.9925,0
1282,6385,3,885.1385,412.4369,50.7450,66.6909,0.0039,54.9927,0
1283,6392,3,884.9850,412.6438,50.7325,66.6961,0.0038,54.9928,0
1284,6401,3,884.7968,412.8978,50.7172,66.7025,0.0037,54.9929,0
1285,6410,3,884.6116,413.1482,50.7021,66.7087,0.0037,54.9931,0
1286,6417,3,884.4627,413.3499,50.6900,66.7138,0.0036,54.9932,0
1287,6424,3,884.3237,413.5385,50.6786,66.7185,0.0035,54.9933,0
1288,6431,3,884.1801,413.7336,50.6669,66.7234,0.0035,54.9934,0
1289,6438,3,884.0417,413.9218,50.6557,66.7280,0.0034,54.9935,0
1290,6445,3,883.9041,414.1093,50.6444,66.7327,0.0034,54.9936,0
1291,6454,3,883.7379,414.3361,50.6309,66.7383,0.0033,54.9938,0
1292,6461,3,883.6112,414.5092,50.6206,66.7426,0.0032,54.9939,0
1293,6468,3,883.4869,414.6792,50.6104,66.7468,0.0032,54.9940,0
1294,6475,3,883.3574,414.8568,50.5999,66.7512,0.0031,54.9941,0
1295,6482,3,883.2303,415.0313,50.5895,66.7555,0.0031,54.9942,0
1296,6489,3,883.1104,415.1961,50.5797,66.7596,0.0030,54.9943,0
1297,6496,3,882.9912,415.3601,50.5700,66.7636,0.0030,54.9944,0
1298,6504,3,882.8611,415.5395,50.5594,66.7680,0.0029,54.9945,0
1299,6511,3,882.7386,415.7088,50.5494,66.7722,0.0029,54.9946,0
1300,6518,3,882.6207,415.8718,50.5398,66.7761,0.0028,54.9947,0
1301,6525,3,882.5084,416.0273,50.5307,66.7800,0.0028,54.9948,0
1302,6532,3,882.3969,416.1821,50.5216,66.7837,0.0027,54.9948,0
1303,6539,3,882.2900,416.3307,50.5129,66.7874,0.0027,54.9949,0
1304,6547,3,882.1730,416.4934,50.5033,66.7913,0.0026,54.9950,0
1305,6554,3,882.0618,416.6484,50.4943,66.7951,0.0026,54.9951,0
1306,6561,3,881.9615,416.7884,50.4861,66.7985,0.0025,54.9952,0
1307,6568,3,881.8572,416.9341,50.4776,66.8020,0.0025,54.9953,0
1308,6575,3,881.7581,417.0728,50.4695,66.8054,0.0024,54.9954,0
1309,6582,3,881.6642,417.2045,50.4619,66.8085,0.0024,54.9954,0
1310,6589,3,881.5649,417.3440,50.4538,66.8119,0.0024,54.9955,0
1311,6596,3,881.4713,417.4756,50.4461,66.8151,0.0023,54.9956,0
1312,6603,3,881.3739,417.6128,50.4382,66.8184,0.0023,54.9957,0
1313,6610,3,881.2855,417.7375,50.4310,66.8214,0.0022,54.9958,0
1314,6617,3,881.1995,417.8591,50.4240,66.8243,0.0022,54.9958,0
1315,6624,3,881.1150,417.9785,50.4171,66.8271,0.0022,54.9959,0
1316,6631,3,881.0281,418.1016,50.4100,66.8301,0.0021,54.9960,0
1317,6638,3,880.9451,418.2195,50.4032,66.8329,0.0021,54.9960,0
1318,6645,3,880.8641,418.3345,50.3966,66.8356,0.0021,54.9961,0
1319,6652,3,880.7820,418.4514,50.3899,66.8384,0.0020,54.9962,0
1320,6659,3,880.7040,418.5625,50.3836,66.8411,0.0020,54.9962,0
1321,6666,3,880.6272,418.6721,50.3773,66.8437,0.0020,54.9963,0
1322,6673,3,880.5490,418.7840,50.3709,66.8463,0.0019,54.9963,0
1323,6680,3,880.4705,418.8963,50.3645,66.8490,0.0019,54.9964,0
1324,6687,3,880.3966,419.0023,50.3585,66.8515,0.0019,54.9965,0
1325,6694,3,880.3217,419.1099,50.3524,66.8540,0.0018,54.9965,0
1326,6701,3,880.2488,419.2146,50.3465,66.8565,0.0018,54.9966,0
1327,6708,3,880.1772,419.3179,50.3406,66.8589,0.0018,54.9966,0
1328,6715,3,880.1013,419.4274,50.3345,66.8615,0.0017,54.9967,0
1329,6723,3,880.0169,419.5493,50.3276,66.8643,0.0017,54.9968,0
1330,6730,3,879.9473,419.6501,50.3219,66.8667,0.0017,54.9968,0
1331,6737,3,879.8801,419.7476,50.3164,66.8690,0.0016,54.9969,0
1332,6744,3,879.8160,419.8407,50.3112,66.8711,0.0016,54.9969,0
1333,6751,3,879.7496,419.9374,50.3058,66.8734,0.0016,54.9970,0
1334,6758,3,879.6856,420.0307,50.3006,66.8755,0.0016,54.9970,0
1335,6765,3,879.6241,420.1204,50.2956,66.8776,0.0015,54.9971,0
1336,6772,3,879.5643,420.2079,50.2907,66.8796,0.0015,54.9971,0
1337,6779,3,879.5045,420.2953,50.2858,66.8817,0.0015,54.9972,0
1338,6786,3,879.4447,420.3830,50.2809,66.8837,0.0015,54.9973,0
1339,6793,3,879.3862,420.4689,50.2762,66.8857,0.0014,54.9973,0
1340,6800,3,879.3273,420.5555,50.2714,66.8877,0.0014,54.9973,0
1341,6809,3,879.2546,420.6627,50.2654,66.8901,0.0014,54.9974,0
1342,6816,3,879.1983,420.7458,50.2608,66.8920,0.0014,54.9974,0
1343,6823,3,879.1407,420.8311,50.2561,66.8940,0.0013,54.9975,0
1344,6830,3,879.0875,420.9099,50.2518,66.8958,0.0013,54.9975,0
1345,6837,3,879.0298,420.9955,50.2471,66.8977,0.0013,54.9976,0
1346,6844,3,878.9786,421.0718,50.2429,66.8995,0.0013,54.9976,0
1347,6851,3,878.9278,421.1474,50.2388,66.9012,0.0012,54.9977,0
1348,6858,3,878.8735,421.2284,50.2344,66.9030,0.0012,54.9977,0
1349,6866,3,878.8184,421.3107,50.2299,66.9049,0.0012,54.9977,0
1350,6872,3,878.7723,421.3797,50.2261,66.9065,0.0012,54.9978,0
1351,6879,3,878.7249,421.4508,50.2223,66.9081,0.0012,54.9978,0
1352,6886,3,878.6757,421.5247,50.2182,66.9097,0.0011,54.9978,0
1353,6893,3,878.6291,421.5948,50.2144,66.9113,0.0011,54.9979,0
1354,6900,3,878.5829,421.6645,50.2107,66.9129,0.0011,54.9979,0
1355,6908,3,878.5328,421.7400,50.2066,66.9146,0.0011,54.9980,0
1356,6916,3,878.4808,421.8186,50.2024,66.9163,0.0011,54.9980,0
1357,6926,3,878.4188,421.9127,50.1973,66.9184,0.0010,54.9981,0
1358,6933,3,878.3735,421.9814,50.1936,66.9199,0.0010,54.9981,0
1359,6940,3,878.3307,422.0465,50.1901,66.9214,0.0010,54.9981,0
1360,6947,3,878.2903,422.1080,50.1868,66.9228,0.0010,54.9982,0
1361,6954,3,878.2491,422.1709,50.1835,66.9241,0.0010,54.9982,0
1362,6961,3,878.2108,422.2296,50.1803,66.9254,0.0009,54.9982,0
1363,6968,3,878.1728,422.2878,50.1772,66.9267,0.0009,54.9983,0
1364,6975,3,878.1343,422.3469,50.1741,66.9280,0.0009,54.9983,0
1365,6982,3,878.0975,422.4034,50.1711,66.9293,0.0009,54.9983,0
1366,6989,3,878.0616,422.4586,50.1682,66.9305,0.0009,54.9984,0
1367,6996,3,878.0256,422.5142,50.1652,66.9317,0.0009,54.9984,0
1368,7003,3,877.9900,422.5692,50.1623,66.9329,0.0008,54.9984,0
1369,7011,3,877.9510,422.6295,50.1592,66.9343,0.0008,54.9985,0
1370,7018,3,877.9163,422.6833,50.1563,66.9354,0.0008,54.9985,0
1371,7025,3,877.8829,422.7352,50.1536,66.9366,0.0008,54.9985,0
1372,7032,3,877.8506,422.7854,50.1510,66.9377,0.0008,54.9985,0
1373,7039,3,877.8184,422.8357,50.1483,66.9388,0.0008,54.9986,0
1374,7046,3,877.7866,422.8853,50.1458,66.9398,0.0008,54.9986,0
1375,7053,3,877.7539,422.9364,50.1431,66.9410,0.0007,54.9986,0
1376,7061,3,877.7168,422.9944,50.1401,66.9422,0.0007,54.9986,0
1377,7069,3,877.6835,423.0467,50.1374,66.9433,0.0007,54.9987,0
1378,7076,3,877.6549,423.0918,50.1350,66.9443,0.0007,54.9987,0
1379,7083,3,877.6250,423.1389,50.1326,66.9453,0.0007,54.9987,0
1380,7090,3,877.5960,423.1847,50.1302,66.9463,0.0007,54.9987,0
1381,7097,3,877.5676,423.2296,50.1279,66.9472,0.0007,54.9988,0
1382,7104,3,877.5392,423.2747,50.1256,66.9482,0.0007,54.9988,0
1383,7111,3,877.5115,423.3186,50.1233,66.9491,0.0006,54.9988,0
1384,7118,3,877.4852,423.3603,50.1212,66.9500,0.0006,54.9988,0
1385,7125,3,877.4586,423.4027,50.1190,66.9509,0.0006,54.9988,0
1386,7132,3,877.4312,423.4465,50.1168,66.9519,0.0006,54.9989,0
1387,7139,3,877.4067,423.4857,50.1148,66.9527,0.0006,54.9989,0
1388,7146,3,877.3809,423.5270,50.1127,66.9536,0.0006,54.9989,0
1389,7153,3,877.3557,423.5675,50.1106,66.9545,0.0006,54.9989,0
1390,7160,3,877.3315,423.6061,50.1087,66.9553,0.0006,54.9989,0
1391,7167,3,877.3078,423.6443,50.1067,66.9561,0.0006,54.9990,0
1392,7174,3,877.2852,423.6809,50.1049,66.9568,0.0005,54.9990,0
1393,7181,3,877.2625,423.7175,50.1030,66.9576,0.0005,54.9990,0
1394,7188,3,877.2383,423.7567,50.1011,66.9584,0.0005,54.9990,0
1395,7195,3,877.2166,423.7919,50.0993,66.9592,0.0005,54.9990,0
1396,7202,3,877.1953,423.8265,50.0975,66.9599,0.0005,54.9991,0
1397,7209,3,877.1735,423.8620,50.0958,66.9606,0.0005,54.9991,0
1398,7216,3,877.1530,423.8954,50.0941,66.9613,0.0005,54.9991,0
1399,7223,3,877.1324,423.9288,50.0924,66.9620,0.0005,54.9991,0
1400,7232,3,877.1073,423.9700,50.0904,66.9629,0.0005,54.9991,0
1401,7238,3,877.0886,424.0007,50.0889,66.9635,0.0005,54.9991,0
1402,7245,3,877.0698,424.0316,50.0873,66.9642,0.0005,54.9992,0
1403,7252,3,877.0511,424.0623,50.0858,66.9648,0.0004,54.9992,0
1404,7259,3,877.0328,424.0926,50.0843,66.9654,0.0004,54.9992,0
1405,7266,3,877.0142,424.1232,50.0828,66.9661,0.0004,54.9992,0
1406,7273,3,876.9961,424.1532,50.0813,66.9667,0.0004,54.9992,0
1407,7280,3,876.9788,424.1818,50.0799,66.9673,0.0004,54.9992,0
1408,7287,3,876.9617,424.2101,50.0785,66.9679,0.0004,54.9992,0
1409,7294,3,876.9448,424.2382,50.0771,66.9684,0.0004,54.9993,0
1410,7301,3,876.9272,424.2674,50.0757,66.9690,0.0004,54.9993,0
1411,7308,3,876.9105,424.2953,50.0743,66.9696,0.0004,54.9993,0
1412,7315,3,876.8928,424.3249,50.0729,66.9702,0.0004,54.9993,0
1413,7322,3,876.8771,424.3513,50.0716,66.9707,0.0004,54.9993,0
1414,7329,3,876.8611,424.3782,50.0703,66.9712,0.0004,54.9993,0
1415,7336,3,876.8448,424.4056,50.0690,66.9718,0.0004,54.9993,0
1416,7344,3,876.8273,424.4352,50.0676,66.9724,0.0004,54.9994,0
1417,7352,3,876.8109,424.4628,50.0662,66.9729,0.0003,54.9994,0
1418,7359,3,876.7949,424.4900,50.0649,66.9735,0.0003,54.9994,0
1419,7366,3,876.7792,424.5166,50.0636,66.9740,0.0003,54.9994,0
1420,7374,3,876.7637,424.5430,50.0624,66.9745,0.0003,54.9994,0
1421,7381,3,876.7497,424.5668,50.0612,66.9750,0.0003,54.9994,0
1422,7388,3,876.7365,424.5894,50.0602,66.9754,0.0003,54.9994,0
1423,7395,3,876.7233,424.6118,50.0591,66.9759,0.0003,54.9994,0
1424,7402,3,876.7101,424.6343,50.0580,66.9763,0.0003,54.9994,0
1425,7409,3,876.6974,424.6562,50.0570,66.9767,0.0003,54.9995,0
1426,7416,3,876.6846,424.6782,50.0559,66.9772,0.0003,54.9995,0
1427,7424,3,876.6708,424.7019,50.0548,66.9776,0.0003,54.9995,0
1428,7432,3,876.6564,424.7269,50.0536,66.9781,0.0003,54.9995,0
1429,7439,3,876.6439,424.7484,50.0526,66.9785,0.0003,54.9995,0
1430,7446,3,876.6318,424.7693,50.0516,66.9789,0.0003,54.9995,0
1431,7453,3,876.6202,424.7894,50.0507,66.9793,0.0003,54.9995,0
1432,7460,3,876.6091,424.8088,50.0498,66.9797,0.0003,54.9995,0
1433,7467,3,876.5978,424.8291,50.0498,66.9797,0.0003,54.9995,0
1434,7474,3,876.5863,424.8501,50.0498,66.9797,0.0003,54.9995,0
1435,7481,3,876.5749,424.8708,50.0498,66.9797,0.0003,54.9995,0
1436,7488,3,876.5637,424.8913,50.0498,66.9797,0.0003,54.9995,0
1437,7495,3,876.5531,424.9106,50.0498,66.9797,0.0003,54.9995,0
1438,7502,3,876.5427,424.9297,50.0498,66.9797,0.0003,54.9995,0
1439,7509,3,876.5322,424.9488,50.0498,66.9797,0.0003,54.9995,0
1440,7518,3,876.5198,424.9717,50.0498,66.9797,0.0003,54.9995,0
1441,7525,3,876.5104,424.9891,50.0498,66.9797,0.0003,54.9995,0
1442,7532,3,876.5004,425.0074,50.0498,66.9797,0.0003,54.9995,0
1443,7539,3,876.4907,425.0254,50.0498,66.9797,0.0003,54.9995,0
1444,7547,3,876.4799,425.0453,50.0498,66.9797,0.0003,54.9995,0
1445,7556,3,876.4687,425.0661,50.0498,66.9797,0.0003,54.9995,0
1446,7564,3,876.4591,425.0840,50.0498,66.9797,0.0003,54.9995,0
1447,7571,3,876.4503,425.1003,50.0498,66.9797,0.0003,54.9995,0
1448,7579,3,876.4412,425.1174,50.0498,66.9797,0.0003,54.9995,0
1449,7586,3,876.4327,425.1332,50.0498,66.9797,0.0003,54.9995,0
1450,7593,3,876.4244,425.1488,50.0498,66.9797,0.0003,54.9995,0
1451,7601,3,876.4154,425.1655,50.0498,66.9797,0.0003,54.9995,0
1452,7608,3,876.4074,425.1805,50.0498,66.9797,0.0003,54.9995,0
1453,7615,3,876.3997,425.1949,50.0498,66.9797,0.0003,54.9995,0
1454,7623,3,876.3914,425.2105,50.0498,66.9797,0.0003,54.9995,0
1455,7630,3,876.3840,425.2244,50.0498,66.9797,0.0003,54.9995,0
1456,7637,3,876.3768,425.2380,50.0498,66.9797,0.0003,54.9995,0
1457,7644,3,876.3693,425.2522,50.0498,66.9797,0.0003,54.9995,0
1458,7651,3,876.3621,425.2658,50.0498,66.9797,0.0003,54.9995,0
1459,7658,3,876.3550,425.2792,50.0498,66.9797,0.0003,54.9995,0
1460,7665,3,876.3482,425.2921,50.0498,66.9797,0.0003,54.9995,0
1461,7672,3,876.3417,425.3045,50.0498,66.9797,0.0003,54.9995,0
1462,7680,3,876.3347,425.3179,50.0498,66.9797,0.0003,54.9995,0
1463,7688,3,876.3276,425.3316,50.0498,66.9797,0.0003,54.9995,0
1464,7695,3,876.3215,425.3432,50.0498,66.9797,0.0003,54.9995,0
1465,7702,3,876.3156,425.3546,50.0498,66.9797,0.0003,54.9995,0
1466,7709,3,876.3094,425.3664,50.0498,66.9797,0.0003,54.9995,0
1467,7718,3,876.3023,425.3802,50.0498,66.9797,0.0003,54.9995,0
1468,7725,3,876.2967,425.3909,50.0498,66.9797,0.0003,54.9995,0
1469,7732,3,876.2909,425.4021,50.0498,66.9797,0.0003,54.9995,0
1470,7739,3,876.2853,425.4129,50.0498,66.9797,0.0003,54.9995,0
1471,7746,3,876.2799,425.4233,50.0498,66.9797,0.0003,54.9995,0
1472,7754,3,876.2740,425.4346,50.0498,66.9797,0.0003,54.9995,0
1473,7761,3,876.2688,425.4448,50.0498,66.9797,0.0003,54.9995,0
1474,7768,3,876.2637,425.4546,50.0498,66.9797,0.0003,54.9995,0
1475,7775,3,876.2586,425.4646,50.0498,66.9797,0.0003,54.9995,0
1476,7782,3,876.2536,425.4744,50.0498,66.9797,0.0003,54.9995,0
1477,7789,3,876.2489,425.4836,50.0498,66.9797,0.0003,54.9995,0
1478,7796,3,876.2442,425.4928,50.0498,66.9797,0.0003,54.9995,0
1479,7803,3,876.2396,425.5016,50.0498,66.9797,0.0003,54.9995,0
1480,7810,3,876.2348,425.5111,50.0498,66.9797,0.0003,54.9995,0
1481,7818,3,876.2300,425.5204,50.0498,66.9797,0.0003,54.9995,0
1482,7825,3,876.2256,425.5290,50.0498,66.9797,0.0003,54.9995,0
1483,7832,3,876.2213,425.5376,50.0498,66.9797,0.0003,54.9995,0
1484,7839,3,876.2169,425.5461,50.0498,66.9797,0.0003,54.9995,0
1485,7846,3,876.2126,425.5545,50.0498,66.9797,0.0003,54.9995,0
1486,7853,3,876.2086,425.5626,50.0498,66.9797,0.0003,54.9995,0
1487,7860,3,876.2045,425.5707,50.0498,66.9797,0.0003,54.9995,0
1488,7867,3,876.2005,425.5785,50.0498,66.9797,0.0003,54.9995,0
1489,7874,3,876.1966,425.5862,50.0498,66.9797,0.0003,54.9995,0
1490,7881,3,876.1926,425.5942,50.0498,66.9797,0.0003,54.9995,0
1491,7888,3,876.1888,425.6017,50.0498,66.9797,0.0003,54.9995,0
1492,7895,3,876.1851,425.6092,50.0498,66.9797,0.0003,54.9995,0
1493,7903,3,876.1810,425.6173,50.0498,66.9797,0.0003,54.9995,0
1494,7911,3,876.1773,425.6247,50.0498,66.9797,0.0003,54.9995,0
1495,7918,3,876.1737,425.6319,50.0498,66.9797,0.0003,54.9995,0
1496,7926,3,876.1699,425.6396,50.0498,66.9797,0.0003,54.9995,0
1497,7935,3,876.1655,425.6484,50.0498,66.9797,0.0003,54.9995,0
1498,7943,3,876.1617,425.6559,50.0498,66.9797,0.0003,54.9995,0
1499,7951,3,876.1580,425.6633,50.0498,66.9797,0.0003,54.9995,0
1500,7959,3,876.1546,425.6702,50.0498,66.9797,0.0003,54.9995,0
1501,7967,3,876.1514,425.6767,50.0498,66.9797,0.0003,54.9995,0
1502,7975,3,876.1481,425.6834,50.0498,66.9797,0.0003,54.9995,0
1503,7983,3,876.1448,425.6899,50.0498,66.9797,0.0003,54.9995,0
1504,7991,3,876.1415,425.6967,50.0498,66.9797,0.0003,54.9995,0
1505,7999,3,876.1384,425.7029,50.0498,66.9797,0.0003,54.9995,0
1506,8007,3,876.1354,425.7090,50.0498,66.9797,0.0003,54.9995,0
1507,8015,3,876.1323,425.7154,50.0498,66.9797,0.0003,54.9995,0
1508,8023,3,876.1294,425.7214,50.0498,66.9797,0.0003,54.9995,0
1509,8032,3,876.1263,425.7277,50.0498,66.9797,0.0003,54.9995,0
1510,8040,3,876.1236,425.7332,50.0498,66.9797,0.0003,54.9995,0
1511,8049,3,876.1206,425.7393,50.0498,66.9797,0.0003,54.9995,0
1512,8057,3,876.1179,425.7448,50.0498,66.9797,0.0003,54.9995,0
1513,8065,3,876.1154,425.7500,50.0498,66.9797,0.0003,54.9995,0
1514,8072,3,876.1130,425.7548,50.0498,66.9797,0.0003,54.9995,0
1515,8079,3,876.1108,425.7593,50.0498,66.9797,0.0003,54.9995,0
1516,8086,3,876.1087,425.7637,50.0498,66.9797,0.0003,54.9995,0
1517,8094,3,876.1064,425.7685,50.0498,66.9797,0.0003,54.9995,0
1518,8101,3,876.1043,425.7728,50.0498,66.9797,0.0003,54.9995,0
1519,8108,3,876.1022,425.7772,50.0498,66.9797,0.0003,54.9995,0
1520,8115,3,876.1001,425.7814,50.0498,66.9797,0.0003,54.9995,0
1521,8122,3,876.0981,425.7855,50.0498,66.9797,0.0003,54.9995,0
1522,8129,3,876.0963,425.7894,50.0498,66.9797,0.0003,54.9995,0
1523,8136,3,876.0943,425.7934,50.0498,66.9797,0.0003,54.9995,0
1524,8143,3,876.0925,425.7972,50.0498,66.9797,0.0003,54.9995,0
1525,8150,3,876.0907,425.8009,50.0498,66.9797,0.0003,54.9995,0
1526,8157,3,876.0889,425.8045,50.0498,66.9797,0.0003,54.9995,0
1527,8164,3,876.0871,425.8083,50.0498,66.9797,0.0003,54.9995,0
1528,8171,3,876.0854,425.8118,50.0498,66.9797,0.0003,54.9995,0
1529,8178,3,876.0837,425.8154,50.0498,66.9797,0.0003,54.9995,0
1530,8185,3,876.0820,425.8188,50.0498,66.9797,0.0003,54.9995,0
1531,8192,3,876.0804,425.8221,50.0498,66.9797,0.0003,54.9995,0
1532,8199,3,876.0789,425.8254,50.0498,66.9797,0.0003,54.9995,0
1533,8206,3,876.0773,425.8288,50.0498,66.9797,0.0003,54.9995,0
1534,8213,3,876.0756,425.8321,50.0498,66.9797,0.0003,54.9995,0
1535,8220,3,876.0740,425.8354,50.0498,66.9797,0.0003,54.9995,0
1536,8227,3,876.0726,425.8385,50.0498,66.9797,0.0003,54.9995,0
1537,8234,3,876.0711,425.8416,50.0498,66.9797,0.0003,54.9995,0
1538,8243,3,876.0694,425.8451,50.0498,66.9797,0.0003,54.9995,0
1539,8250,3,876.0681,425.8480,50.0498,66.9797,0.0003,54.9995,0
1540,8257,3,876.0667,425.8507,50.0498,66.9797,0.0003,54.9995,0
1541,8264,3,876.0654,425.8535,50.0498,66.9797,0.0003,54.9995,0
1542,8271,3,876.0641,425.8562,50.0498,66.9797,0.0003,54.9995,0
1543,8278,3,876.0629,425.8589,50.0498,66.9797,0.0003,54.9995,0
1544,8285,3,876.0616,425.8614,50.0498,66.9797,0.0003,54.9995,0
1545,8292,3,876.0604,425.8640,50.0498,66.9797,0.0003,54.9995,0
1546,8299,3,876.0592,425.8665,50.0498,66.9797,0.0003,54.9995,0
1547,8306,3,876.0580,425.8690,50.0498,66.9797,0.0003,54.9995,0
1548,8313,3,876.0568,425.8715,50.0498,66.9797,0.0003,54.9995,0
1549,8320,3,876.0557,425.8738,50.0498,66.9797,0.0003,54.9995,0
1550,8327,3,876.0546,425.8761,50.0498,66.9797,0.0003,54.9995,0
1551,8334,3,876.0536,425.8783,50.0498,66.9797,0.0003,54.9995,0
1552,8341,3,876.0526,425.8805,50.0498,66.9797,0.0003,54.9995,0
1553,8348,3,876.0515,425.8826,50.0498,66.9797,0.0003,54.9995,0
1554,8355,3,876.0505,425.8848,50.0498,66.9797,0.0003,54.9995,0
1555,8362,3,876.0495,425.8869,50.0498,66.9797,0.0003,54.9995,0
1556,8370,3,876.0485,425.8892,50.0498,66.9797,0.0003,54.9995,0
1557,8377,3,876.0475,425.8912,50.0498,66.9797,0.0003,54.9995,0
1558,8384,3,876.0466,425.8933,50.0498,66.9797,0.0003,54.9995,0
1559,8391,3,876.0456,425.8954,50.0498,66.9797,0.0003,54.9995,0
1560,8398,3,876.0447,425.8974,50.0498,66.9797,0.0003,54.9995,0
1561,8405,3,876.0438,425.8992,50.0498,66.9797,0.0003,54.9995,0
1562,8413,3,876.0428,425.9014,50.0498,66.9797,0.0003,54.9995,0
1563,8420,3,876.0420,425.9033,50.0498,66.9797,0.0003,54.9995,0
1564,8427,4,876.0018,425.9967,50.0498,66.9797,0.0003,54.9995,0
1565,8435,4,876.0018,425.9967,50.0498,66.9797,0.0003,54.9995,0
1566,8525,4,876.0018,425.9967,50.0498,66.9797,0.0003,54.9995,0
1567,8532,4,876.0018,425.9967,50.0498,66.9797,0.0003,54.9995,0
1568,8540,4,876.0018,425.9967,50.0498,66.9797,0.0003,54.9995,0
1569,8547,4,876.0018,425.9967,50.0498,66.9797,0.0003,54.9995,0
1570,8554,4,876.0018,425.9967,50.0498,66.9797,0.0003,54.9995,0
1571,8562,4,876.0018,425.9967,50.0498,66.9797,0.0003,54.9995,0
1572,8570,4,876.0018,425.9967,50.0498,66.9797,0.0003,54.9995,0
1573,8577,4,876.0018,425.9967,50.0498,66.9797,0.0003,54.9995,0
1574,8584,4,876.0018,425.9967,50.0498,66.9797,0.0003,54.9995,0
1575,8591,4,876.0018,425.9967,50.0498,66.9797,0.0003,54.9995,0
1576,8598,4,876.0018,425.9967,50.0498,66.9797,0.0003,54.9995,0
1577,8605,4,876.0018,425.9967,50.0498,66.9797,0.0003,54.9995,0
1578,8613,4,876.0018,425.9967,50.0498,66.9797,0.0003,54.9995,0
1579,8620,4,876.0018,425.9967,50.0498,66.9797,0.0003,54.9995,0
1580,8627,4,876.0018,425.9967,50.0498,66.9797,0.0003,54.9995,0
1581,8634,4,876.0018,425.9967,50.0498,66.9797,0.0003,54.9995,0
1582,8641,4,876.0018,425.9967,50.0498,66.9797,0.0003,54.9995,0
1583,8648,4,876.0018,425.9967,50.0498,66.9797,0.0003,54.9995,0
1584,8655,4,876.0018,425.9967,50.0498,66.9797,0.0003,54.9995,0
1585,8662,4,876.0018,425.9967,50.0498,66.9797,0.0003,54.9995,0
1586,8670,4,876.0018,425.9967,50.0498,66.9797,0.0003,54.9995,0
1587,8677,4,876.0018,425.9967,50.0498,66.9797,0.0003,54.9995,0
1588,8684,4,876.0018,425.9967,50.0498,66.9797,0.0003,54.9995,0
1589,8691,4,876.0018,425.9967,50.0498,66.9797,0.0003,54.9995,0
1590,8698,4,876.0018,425.9967,50.0498,66.9797,0.0003,54.9995,0
1591,8705,4,876.0018,425.9967,50.0498,66.9797,0.0003,54.9995,0
1592,8712,4,876.0018,425.9967,50.0498,66.9797,0.0003,54.9995,0
1593,8719,4,876.0018,425.9967,50.0498,66.9797,0.0003,54.9995,0
1594,8726,4,876.0018,425.9967,50.0498,66.9797,0.0003,54.9995,0
1595,8733,4,876.0018,425.9967,50.0498,66.9797,0.0003,54.9995,0
1596,8740,4,876.0018,425.9967,50.0498,66.9797,0.0003,54.9995,0
1597,8748,4,876.0018,425.9967,50.0498,66.9797,0.0003,54.9995,0
1598,8755,4,876.0018,425.9967,50.0498,66.9797,0.0003,54.9995,0
1599,8762,4,876.0018,425.9967,50.0498,66.9797,0.0003,54.9995,0
1600,8769,4,876.0018,425.9967,50.0498,66.9797,0.0003,54.9995,0
1601,8777,4,876.0018,425.9967,50.0498,66.9797,0.0003,54.9995,0
1602,8784,4,876.0018,425.9967,50.0498,66.9797,0.0003,54.9995,0
1603,8791,4,876.0018,425.9967,50.0498,66.9797,0.0003,54.9995,0
1604,8798,4,876.0018,425.9967,50.0498,66.9797,0.0003,54.9995,0
1605,8805,4,876.0018,425.9967,50.0498,66.9797,0.0003,54.9995,0
1606,8812,4,876.0018,425.9967,50.0498,66.9797,0.0003,54.9995,0
1607,8819,4,876.0018,425.9967,50.0498,66.9797,0.0003,54.9995,0
1608,8826,4,876.0018,425.9967,50.0498,66.9797,0.0003,54.9995,0
1609,8833,4,876.0018,425.9967,50.0498,66.9797,0.0003,54.9995,0
1610,8840,4,876.0018,425.9967,50.0498,66.9797,0.0003,54.9995,0
1611,8848,4,876.0018,425.9967,50.0498,66.9797,0.0003,54.9995,0
1612,8855,4,876.0018,425.9967,50.0498,66.9797,0.0003,54.9995,0
1613,8862,4,876.0018,425.9967,50.0498,66.9797,0.0003,54.9995,0
1614,8870,4,876.0018,425.9967,50.0498,66.9797,0.0003,54.9995,0
1615,8877,4,876.0018,425.9967,50.0498,66.9797,0.0003,54.9995,0
1616,8884,4,876.0018,425.9967,50.0498,66.9797,0.0003,54.9995,0
1617,8891,4,876.0018,425.9967,50.0498,66.9797,0.0003,54.9995,0
1618,8899,4,876.0018,425.9967,50.0498,66.9797,0.0003,54.9995,0
1619,8906,4,876.0018,425.9967,50.0498,66.9797,0.0003,54.9995,0
1620,8913,4,876.0018,425.9967,50.0498,66.9797,0.0003,54.9995,0
1621,8920,4,876.0018,425.9967,50.0498,66.9797,0.0003,54.9995,0
1622,8927,4,876.0018,425.9967,50.0498,66.9797,0.0003,54.9995,0
1623,8934,4,876.0018,425.9967,50.0498,66.9797,0.0003,54.9995,0
1624,8942,4,876.0018,425.9967,50.0498,66.9797,0.0003,54.9995,0
1625,8949,4,876.0018,425.9967,50.0498,66.9797,0.0003,54.9995,0
1626,8956,4,876.0018,425.9967,50.0498,66.9797,0.0003,54.9995,0
1627,8963,4,876.0018,425.9967,50.0498,66.9797,0.0003,54.9995,0
1628,8970,4,876.0018,425.9967,50.0498,66.9797,0.0003,54.9995,0
1629,8977,4,876.0018,425.9967,50.0498,66.9797,0.0003,54.9995,0
1630,8984,4,876.0018,425.9967,50.0498,66.9797,0.0003,54.9995,0
1631,8991,4,876.0018,425.9967,50.0498,66.9797,0.0003,54.9995,0
1632,8998,4,876.0018,425.9967,50.0498,66.9797,0.0003,54.9995,0
1633,9005,4,876.0018,425.9967,50.0498,66.9797,0.0003,54.9995,0
1634,9012,4,876.0018,425.9967,50.0498,66.9797,0.0003,54.9995,0
1635,9019,4,876.0018,425.9967,50.0498,66.9797,0.0003,54.9995,0
1636,9026,4,876.0018,425.9967,50.0498,66.9797,0.0003,54.9995,0
1637,9033,4,876.0018,425.9967,50.0498,66.9797,0.0003,54.9995,0
1638,9040,4,876.0018,425.9967,50.0498,66.9797,0.0003,54.9995,0
1639,9047,4,876.0018,425.9967,50.0498,66.9797,0.0003,54.9995,0
1640,9054,4,876.0018,425.9967,50.0498,66.9797,0.0003,54.9995,0
1641,9061,4,876.0018,425.9967,50.0498,66.9797,0.0003,54.9995,0
1642,9068,4,876.0018,425.9967,50.0498,66.9797,0.0003,54.9995,0
1643,9076,4,876.0018,425.9967,50.0498,66.9797,0.0003,54.9995,0
1644,9083,4,876.0018,425.9967,50.0498,66.9797,0.0003,54.9995,0
1645,9090,4,876.0018,425.9967,50.0498,66.9797,0.0003,54.9995,0
1646,9097,4,876.0018,425.9967,50.0498,66.9797,0.0003,54.9995,0
1647,9104,4,876.0018,425.9967,50.0498,66.9797,0.0003,54.9995,0
1648,9111,4,876.0018,425.9967,50.0498,66.9797,0.0003,54.9995,0
1649,9118,4,876.0018,425.9967,50.0498,66.9797,0.0003,54.9995,0
1650,9125,4,876.0018,425.9967,50.0498,66.9797,0.0003,54.9995,0
1651,9132,4,876.0018,425.9967,50.0498,66.9797,0.0003,54.9995,0
1652,9139,4,876.0018,425.9967,50.0498,66.9797,0.0003,54.9995,0
1653,9146,4,876.0018,425.9967,50.0498,66.9797,0.0003,54.9995,0
1654,9153,4,876.0018,425.9967,50.0498,66.9797,0.0003,54.9995,0
1655,9160,4,876.0018,425.9967,50.0498,66.9797,0.0003,54.9995,0
1656,9167,4,876.0018,425.9967,50.0498,66.9797,0.0003,54.9995,0
1657,9174,4,876.0018,425.9967,50.0498,66.9797,0.0003,54.9995,0
1658,9181,4,876.0018,425.9967,50.0498,66.9797,0.0003,54.9995,0
1659,9187,4,876.0018,425.9967,50.0498,66.9797,0.0003,54.9995,0
1660,9194,4,876.0018,425.9967,50.0498,66.9797,0.0003,54.9995,0
1661,9201,4,876.0018,425.9967,50.0498,66.9797,0.0003,54.9995,0
1662,9208,4,876.0018,425.9967,50.0498,66.9797,0.0003,54.9995,0
1663,9215,4,876.0018,425.9967,50.0498,66.9797,0.0003,54.9995,0
1664,9222,4,876.0018,425.9967,50.0498,66.9797,0.0003,54.9995,0
1665,9229,4,876.0018,425.9967,50.0498,66.9797,0.0003,54.9995,0
1666,9236,4,876.0018,425.9967,50.0498,66.9797,0.0003,54.9995,0
1667,9243,4,876.0018,425.9967,50.0498,66.9797,0.0003,54.9995,0
1668,9250,4,876.0018,425.9967,50.0498,66.9797,0.0003,54.9995,0
1669,9257,4,876.0018,425.9967,50.0498,66.9797,0.0003,54.9995,0
1670,9264,4,876.0018,425.9967,50.0498,66.9797,0.0003,54.9995,0
1671,9271,4,876.0018,425.9967,50.0498,66.9797,0.0003,54.9995,0
1672,9278,4,876.0018,425.9967,50.0498,66.9797,0.0003,54.9995,0
1673,9285,4,876.0018,425.9967,50.0498,66.9797,0.0003,54.9995,0
1674,9292,4,876.0018,425.9967,50.0498,66.9797,0.0003,54.9995,0
1675,9299,4,876.0018,425.9967,50.0498,66.9797,0.0003,54.9995,0
1676,9306,4,876.0018,425.9967,50.0498,66.9797,0.0003,54.9995,0
1677,9313,4,876.0018,425.9967,50.0498,66.9797,0.0003,54.9995,0
1678,9320,4,876.0018,425.9967,50.0498,66.9797,0.0003,54.9995,0
1679,9328,4,876.0018,425.9967,50.0498,66.9797,0.0003,54.9995,0
1680,9335,4,876.0018,425.9967,50.0498,66.9797,0.0003,54.9995,0
1681,9342,4,876.0018,425.9967,50.0498,66.9797,0.0003,54.9995,0
1682,9349,4,876.0018,425.9967,50.0498,66.9797,0.0003,54.9995,0
1683,9355,4,876.0018,425.9967,50.0498,66.9797,0.0003,54.9995,0
1684,9362,4,876.0018,425.9967,50.0498,66.9797,0.0003,54.9995,0
1685,9369,4,876.0018,425.9967,50.0498,66.9797,0.0003,54.9995,0
1686,9376,4,876.0018,425.9967,50.0498,66.9797,0.0003,54.9995,0
1687,9383,4,876.0018,425.9967,50.0498,66.9797,0.0003,54.9995,0
1688,9390,4,876.0018,425.9967,50.0498,66.9797,0.0003,54.9995,0
1689,9397,4,876.0018,425.9967,50.0498,66.9797,0.0003,54.9995,0
1690,9404,4,876.0018,425.9967,50.0498,66.9797,0.0003,54.9995,0
1691,9412,4,876.0018,425.9967,50.0498,66.9797,0.0003,54.9995,0
1692,9419,4,876.0018,425.9967,50.0498,66.9797,0.0003,54.9995,0
1693,9426,4,876.0018,425.9967,50.0498,66.9797,0.0003,54.9995,0
1694,9433,4,876.0018,425.9967,50.0498,66.9797,0.0003,54.9995,0
1695,9439,4,876.0018,425.9967,50.0498,66.9797,0.0003,54.9995,0
1696,9446,4,876.0018,425.9967,50.0498,66.9797,0.0003,54.9995,0
1697,9454,4,876.0018,425.9967,50.0498,66.9797,0.0003,54.9995,0
1698,9463,4,876.0018,425.9967,50.0498,66.9797,0.0003,54.9995,0
1699,9471,4,876.0018,425.9967,50.0498,66.9797,0.0003,54.9995,0
1700,9480,4,876.0018,425.9967,50.0498,66.9797,0.0003,54.9995,0
1701,9486,4,876.0018,425.9967,50.0498,66.9797,0.0003,54.9995,0
1702,9493,4,876.0018,425.9967,50.0498,66.9797,0.0003,54.9995,0
1703,9500,4,876.0018,425.9967,50.0498,66.9797,0.0003,54.9995,0
1704,9507,4,876.0018,425.9967,50.0498,66.9797,0.0003,54.9995,0
1705,9514,4,876.0018,425.9967,50.0498,66.9797,0.0003,54.9995,0
1706,9521,4,876.0018,425.9967,50.0498,66.9797,0.0003,54.9995,0
1707,9528,4,876.0018,425.9967,50.0498,66.9797,0.0003,54.9995,0
1708,9535,4,876.0018,425.9967,50.0498,66.9797,0.0003,54.9995,0
1709,9542,4,876.0018,425.9967,50.0498,66.9797,0.0003,54.9995,0
1710,9549,4,876.0018,425.9967,50.0498,66.9797,0.0003,54.9995,0
1711,9556,4,876.0018,425.9967,50.0498,66.9797,0.0003,54.9995,0
1712,9563,4,876.0018,425.9967,50.0498,66.9797,0.0003,54.9995,0
1713,9570,4,876.0018,425.9967,50.0498,66.9797,0.0003,54.9995,0
1714,9577,4,876.0018,425.9967,50.0498,66.9797,0.0003,54.9995,0
1715,9584,4,876.0018,425.9967,50.0498,66.9797,0.0003,54.9995,0
1716,9591,4,876.0018,425.9967,50.0498,66.9797,0.0003,54.9995,0
1717,9598,4,876.0018,425.9967,50.0498,66.9797,0.0003,54.9995,0
1718,9606,4,876.0018,425.9967,50.0498,66.9797,0.0003,54.9995,0
1719,9615,4,876.0018,425.9967,50.0498,66.9797,0.0003,54.9995,0
1720,9623,4,876.0018,425.9967,50.0498,66.9797,0.0003,54.9995,0
1721,9633,4,876.0018,425.9967,50.0498,66.9797,0.0003,54.9995,0
1722,9640,4,876.0018,425.9967,50.0498,66.9797,0.0003,54.9995,0
1723,9648,4,876.0018,425.9967,50.0498,66.9797,0.0003,54.9995,0
1724,9655,4,876.0018,425.9967,50.0498,66.9797,0.0003,54.9995,0
1725,9662,4,876.0018,425.9967,50.0498,66.9797,0.0003,54.9995,0
1726,9670,4,876.0018,425.9967,50.0498,66.9797,0.0003,54.9995,0
1727,9677,4,876.0018,425.9967,50.0498,66.9797,0.0003,54.9995,0
1728,9684,4,876.0018,425.9967,50.0498,66.9797,0.0003,54.9995,0
1729,9691,4,876.0018,425.9967,50.0498,66.9797,0.0003,54.9995,0
1730,9698,4,876.0018,425.9967,50.0498,66.9797,0.0003,54.9995,0
1731,9705,4,876.0018,425.9967,50.0498,66.9797,0.0003,54.9995,0
1732,9712,4,876.0018,425.9967,50.0498,66.9797,0.0003,54.9995,0
1733,9719,4,876.0018,425.9967,50.0498,66.9797,0.0003,54.9995,0
1734,9726,4,876.0018,425.9967,50.0498,66.9797,0.0003,54.9995,0
1735,9733,4,876.0018,425.9967,50.0498,66.9797,0.0003,54.9995,0
1736,9741,4,876.0018,425.9967,50.0498,66.9797,0.0003,54.9995,0
1737,9748,4,876.0018,425.9967,50.0498,66.9797,0.0003,54.9995,0
1738,9755,4,876.0018,425.9967,50.0498,66.9797,0.0003,54.9995,0
1739,9762,4,876.0018,425.9967,50.0498,66.9797,0.0003,54.9995,0
1740,9769,4,876.0018,425.9967,50.0498,66.9797,0.0003,54.9995,0
1741,9776,4,876.0018,425.9967,50.0498,66.9797,0.0003,54.9995,0
1742,9784,4,876.0018,425.9967,50.0498,66.9797,0.0003,54.9995,0
1743,9792,4,876.0018,425.9967,50.0498,66.9797,0.0003,54.9995,0
1744,9799,4,876.0018,425.9967,50.0498,66.9797,0.0003,54.9995,0
1745,9806,4,876.0018,425.9967,50.0498,66.9797,0.0003,54.9995,0
1746,9814,4,876.0018,425.9967,50.0498,66.9797,0.0003,54.9995,0
1747,9821,4,876.0018,425.9967,50.0498,66.9797,0.0003,54.9995,0
1748,9828,4,876.0018,425.9967,50.0498,66.9797,0.0003,54.9995,0
1749,9835,4,876.0018,425.9967,50.0498,66.9797,0.0003,54.9995,0
1750,9842,4,876.0018,425.9967,50.0498,66.9797,0.0003,54.9995,0
1751,9849,4,876.0018,425.9967,50.0498,66.9797,0.0003,54.9995,0
1752,9856,4,876.0018,425.9967,50.0498,66.9797,0.0003,54.9995,0
1753,9864,4,876.0018,425.9967,50.0498,66.9797,0.0003,54.9995,0
1754,9871,4,876.0018,425.9967,50.0498,66.9797,0.0003,54.9995,0
1755,9878,4,876.0018,425.9967,50.0498,66.9797,0.0003,54.9995,0
1756,9885,4,876.0018,425.9967,50.0498,66.9797,0.0003,54.9995,0
1757,9892,4,876.0018,425.9967,50.0498,66.9797,0.0003,54.9995,0
1758,9899,4,876.0018,425.9967,50.0498,66.9797,0.0003,54.9995,0
1759,9906,4,876.0018,425.9967,50.0498,66.9797,0.0003,54.9995,0
1760,9914,4,876.0018,425.9967,50.0498,66.9797,0.0003,54.9995,0
1761,9921,4,876.0018,425.9967,50.0498,66.9797,0.0003,54.9995,0
1762,9928,5,876.0018,425.9967,50.0498,66.9797,0.0003,54.9995,0
1763,9935,5,876.0147,425.9970,50.0484,66.9736,0.0025,54.9953,0
1764,10034,5,878.4709,426.0534,49.7918,65.8290,0.4268,54.1892,0
1765,10045,5,878.9276,426.0642,49.7442,65.6170,0.5053,54.0399,0
1766,10053,5,879.2876,426.0721,49.7068,65.4500,0.5672,53.9223,0
1767,10061,5,879.6633,426.0799,49.6677,65.2757,0.6318,53.7996,0
1768,10070,5,880.0926,426.0882,49.6231,65.0769,0.7055,53.6595,0
1769,10079,5,880.5421,426.0962,49.5765,64.8688,0.7826,53.5130,0
1770,10087,5,880.9703,426.1032,49.5321,64.6708,0.8560,53.3735,0
1771,10095,5,881.3984,426.1096,49.4877,64.4730,0.9294,53.2342,0
1772,10103,5,881.8433,426.1157,49.4416,64.2675,1.0055,53.0895,0
1773,10111,5,882.3062,426.1212,49.3938,64.0540,1.0847,52.9392,0
1774,10119,5,882.7921,426.1264,49.3435,63.8301,1.1677,52.7815,0
1775,10127,5,883.2775,426.1308,49.2934,63.6065,1.2505,52.6241,0
1776,10136,5,883.7963,426.1346,49.2399,63.3678,1.3390,52.4559,0
1777,10144,5,884.3147,426.1375,49.1864,63.1296,1.4273,52.2881,0
1778,10152,5,884.8336,426.1394,49.1330,62.8913,1.5156,52.1203,0
1779,10160,5,885.3409,426.1404,49.0808,62.6585,1.6019,51.9564,0
1780,10169,5,885.8925,426.1405,49.0241,62.4056,1.6956,51.7783,0
1781,10177,5,886.4297,426.1396,48.9689,62.1596,1.7868,51.6051,0
1782,10185,5,886.9478,426.1376,48.9158,61.9226,1.8747,51.4381,0
1783,10193,5,887.4598,426.1348,48.8633,61.6885,1.9614,51.2733,0
1784,10201,5,887.9639,426.1309,48.8117,61.4583,2.0468,51.1112,0
1785,10209,5,888.4647,426.1262,48.7604,61.2298,2.1315,50.9502,0
1786,10217,5,888.9666,426.1203,48.7091,61.0009,2.2163,50.7890,0
1787,10225,5,889.4886,426.1132,48.6558,60.7630,2.3045,50.6215,0
1788,10233,5,890.0015,426.1051,48.6034,60.5295,2.3910,50.4571,0
1789,10241,5,890.5134,426.0959,48.5512,60.2966,2.4773,50.2931,0
1790,10250,5,891.1145,426.0836,48.4899,60.0234,2.5786,50.1007,0
1791,10258,5,891.6196,426.0720,48.4385,59.7939,2.6636,49.9391,0
1792,10265,5,892.1221,426.0594,48.3873,59.5658,2.7482,49.7785,0
1793,10272,5,892.6042,426.0461,48.3383,59.3471,2.8293,49.6244,0
1794,10279,5,893.0905,426.0315,48.2888,59.1267,2.9110,49.4692,0
1795,10286,5,893.5726,426.0159,48.2399,58.9082,2.9919,49.3154,0
1796,10294,5,894.0879,425.9980,48.1875,58.6750,3.0784,49.1511,0
1797,10301,5,894.5557,425.9805,48.1401,58.4633,3.1568,49.0020,0
1798,10308,5,895.0311,425.9615,48.0919,58.2483,3.2365,48.8506,0
1799,10316,5,895.5667,425.9387,48.0376,58.0062,3.3263,48.6801,0
1800,10323,5,896.0222,425.9180,47.9914,57.8005,3.4025,48.5352,0
1801,10330,5,896.4836,425.8958,47.9447,57.5921,3.4797,48.3885,0
1802,10338,5,897.0174,425.8687,47.8907,57.3513,3.5690,48.2189,0
1803,10345,5,897.4802,425.8437,47.8439,57.1425,3.6464,48.0719,0
1804,10352,5,897.9636,425.8162,47.7950,56.9245,3.7272,47.9184,0
1805,10360,5,898.4700,425.7858,47.7439,56.6963,3.8118,47.7577,0
1806,10367,5,898.9306,425.7567,47.6973,56.4888,3.8887,47.6115,0
1807,10374,5,899.3821,425.7268,47.6517,56.2855,3.9640,47.4683,0
1808,10382,5,899.8702,425.6928,47.6025,56.0657,4.0455,47.3136,0
1809,10390,5,900.3545,425.6575,47.5536,55.8477,4.1263,47.1601,0
1810,10397,5,900.8046,425.6231,47.5082,55.6452,4.2014,47.0175,0
1811,10404,5,901.2531,425.5873,47.4629,55.4435,4.2761,46.8754,0
1812,10411,5,901.6823,425.5516,47.4196,55.2504,4.3477,46.7394,0
1813,10418,5,902.1262,425.5132,47.3749,55.0508,4.4217,46.5988,0
1814,10425,5,902.5603,425.4740,47.3311,54.8556,4.4940,46.4614,0
1815,10434,5,903.0969,425.4235,47.2770,54.6143,4.5835,46.2915,0
1816,10441,5,903.5077,425.3831,47.2356,54.4296,4.6519,46.1614,0
1817,10448,5,903.9238,425.3407,47.1936,54.2426,4.7212,46.0297,0
1818,10455,5,904.3660,425.2939,47.1491,54.0438,4.7949,45.8897,0
1819,10462,5,904.7852,425.2478,47.1068,53.8553,4.8648,45.7570,0
1820,10469,5,905.1915,425.2015,47.0658,53.6727,4.9325,45.6284,0
1821,10476,5,905.5948,425.1540,47.0252,53.4914,4.9997,45.5007,0
1822,10483,5,905.9890,425.1059,46.9854,53.3141,5.0654,45.3758,0
1823,10490,5,906.3885,425.0555,46.9451,53.1344,5.1320,45.2493,0
1824,10497,5,906.7673,425.0061,46.9069,52.9641,5.1951,45.1293,0
1825,10504,5,907.1456,424.9552,46.8688,52.7939,5.2582,45.0095,0
1826,10515,5,907.7339,424.8728,46.8094,52.5291,5.3563,44.8230,0
1827,10522,5,908.1075,424.8184,46.7717,52.3609,5.4187,44.7045,0
1828,10529,5,908.4802,424.7624,46.7340,52.1930,5.4809,44.5863,0
1829,10536,5,908.8508,424.7049,46.6966,52.0260,5.5428,44.4687,0
1830,10544,5,909.2939,424.6339,46.6518,51.8263,5.6168,44.3280,0
1831,10552,5,909.7166,424.5637,46.6091,51.6356,5.6875,44.1938,0
1832,10559,5,910.0957,424.4987,46.5707,51.4645,5.7509,44.0733,0
1833,10567,5,910.5062,424.4259,46.5291,51.2792,5.8196,43.9428,0
1834,10574,5,910.8571,424.3617,46.4936,51.1206,5.8784,43.8311,0
1835,10582,5,911.2408,424.2894,46.4547,50.9471,5.9427,43.7089,0
1836,10589,5,911.5793,424.2236,46.4203,50.7939,5.9995,43.6011,0
1837,10596,5,911.9297,424.1536,46.3847,50.6352,6.0583,43.4893,0
1838,10603,5,912.2805,424.0815,46.3491,50.4763,6.1172,43.3774,0
1839,10610,5,912.6078,424.0122,46.3158,50.3279,6.1722,43.2728,0
1840,10617,5,912.9337,423.9413,46.2826,50.1799,6.2270,43.1686,0
1841,10624,5,913.2598,423.8685,46.2494,50.0317,6.2820,43.0643,0
1842,10631,5,913.5773,423.7956,46.2170,49.8873,6.3355,42.9626,0
1843,10638,5,913.8843,423.7232,46.1857,49.7476,6.3873,42.8642,0
1844,10645,5,914.1913,423.6490,46.1543,49.6077,6.4391,42.7657,0
1845,10652,5,914.4898,423.5749,46.1238,49.4715,6.4896,42.6698,0
1846,10659,5,914.8136,423.4924,46.0906,49.3236,6.5444,42.5657,0
1847,10667,5,915.1662,423.3999,46.0545,49.1624,6.6042,42.4521,0
1848,10674,5,915.4642,423.3195,46.0239,49.0260,6.6547,42.3560,0
1849,10681,5,915.7428,423.2424,45.9952,48.8982,6.7021,42.2661,0
1850,10689,5,916.0534,423.1542,45.9633,48.7557,6.7549,42.1657,0
1851,10696,5,916.3242,423.0753,45.9353,48.6312,6.8011,42.0780,0
1852,10703,5,916.5949,422.9945,45.9074,48.5066,6.8473,41.9902,0
1853,10710,5,916.8881,422.9048,45.8771,48.3714,6.8973,41.8951,0
1854,10717,5,917.1500,422.8226,45.8500,48.2505,6.9422,41.8099,0
1855,10724,5,917.4020,422.7417,45.8238,48.1340,6.9854,41.7278,0
1856,10731,5,917.6618,422.6563,45.7969,48.0136,7.0300,41.6431,0
1857,10739,5,917.9795,422.5491,45.7638,47.8662,7.0846,41.5393,0
1858,10746,5,918.2285,422.4628,45.7379,47.7504,7.1275,41.4578,0
1859,10753,5,918.4722,422.3763,45.7124,47.6370,7.1696,41.3779,0
1860,10760,5,918.7103,422.2899,45.6875,47.5259,7.2107,41.2996,0
1861,10766,5,918.9393,422.2050,45.6635,47.4189,7.2504,41.2243,0
1862,10773,5,919.1771,422.1147,45.6385,47.3075,7.2917,41.1459,0
1863,10780,5,919.4045,422.0264,45.6146,47.2009,7.3312,41.0708,0
1864,10787,5,919.6256,421.9387,45.5913,47.0970,7.3697,40.9976,0
1865,10794,5,919.8723,421.8384,45.5653,46.9808,7.4128,40.9158,0
1866,10801,5,920.0921,421.7470,45.5420,46.8770,7.4512,40.8427,0
1867,10808,5,920.3086,421.6550,45.5191,46.7747,7.4892,40.7706,0
1868,10815,5,920.5233,421.5617,45.4962,46.6729,7.5269,40.6990,0
1869,10822,5,920.7336,421.4683,45.4738,46.5730,7.5639,40.6286,0
1870,10829,5,920.9466,421.3715,45.4511,46.4716,7.6015,40.5572,0
1871,10836,5,921.1553,421.2746,45.4288,46.3720,7.6384,40.4870,0
1872,10927,5,923.6342,419.9510,45.1591,45.1695,8.0841,39.6402,0
1873,10935,5,923.8229,419.8362,45.1382,45.0763,8.1186,39.5746,0
1874,10942,5,923.9998,419.7258,45.1186,44.9887,8.1511,39.5130,0
1875,10949,5,924.1630,419.6215,45.1004,44.9075,8.1812,39.4558,0
1876,10956,5,924.3251,419.5154,45.0822,44.8266,8.2112,39.3988,0
1877,10963,5,924.4853,419.4081,45.0642,44.7463,8.2410,39.3422,0
1878,10970,5,924.6408,419.3014,45.0467,44.6680,8.2700,39.2871,0
1879,10977,5,924.7919,419.1953,45.0296,44.5917,8.2983,39.2334,0
1880,10984,5,924.9429,419.0868,45.0124,44.5150,8.3267,39.1794,0
1881,10991,5,925.0847,418.9827,44.9962,44.4428,8.3534,39.1285,0
1882,10998,5,925.2267,418.8759,44.9799,44.3701,8.3804,39.0773,0
1883,11005,5,925.3663,418.7686,44.9638,44.2984,8.4070,39.0268,0
1884,11012,5,925.5004,418.6632,44.9483,44.2292,8.4326,38.9781,0
1885,11020,5,925.6508,418.5422,44.9308,44.1511,8.4615,38.9231,0
1886,11027,5,925.7818,418.4343,44.9155,44.0829,8.4868,38.8751,0
1887,11034,5,925.9148,418.3222,44.8999,44.0132,8.5127,38.8260,0
1888,11041,5,926.0397,418.2145,44.8851,43.9475,8.5370,38.7797,0
1889,11049,5,926.1831,418.0880,44.8681,43.8717,8.5651,38.7263,0
1890,11058,5,926.3401,417.9457,44.8494,43.7881,8.5961,38.6675,0
1891,11065,5,926.4620,417.8322,44.8347,43.7228,8.6203,38.6215,0
1892,11072,5,926.5845,417.7156,44.8200,43.6569,8.6447,38.5751,0
1893,11080,5,926.7065,417.5967,44.8052,43.5909,8.6692,38.5286,0
1894,11087,5,926.8159,417.4877,44.7918,43.5314,8.6912,38.4867,0
1895,11094,5,926.9261,417.3754,44.7783,43.4711,8.7136,38.4442,0
1896,11102,5,927.0536,417.2422,44.7626,43.4009,8.7396,38.3948,0
1897,11109,5,927.1529,417.1360,44.7502,43.3459,8.7600,38.3561,0
1898,11116,5,927.2529,417.0269,44.7377,43.2902,8.7806,38.3169,0
1899,11123,5,927.3484,416.9203,44.7257,43.2367,8.8005,38.2792,0
1900,11130,5,927.4426,416.8129,44.7138,43.1836,8.8201,38.2418,0
1901,11138,5,927.5464,416.6920,44.7006,43.1248,8.8420,38.2004,0
1902,11145,5,927.6360,416.5851,44.6892,43.0736,8.8609,38.1643,0
1903,11153,5,927.7388,416.4598,44.6759,43.0146,8.8828,38.1228,0
1904,11160,5,927.8250,416.3522,44.6647,42.9647,8.9013,38.0876,0
1905,11167,5,927.9099,416.2440,44.6537,42.9153,8.9196,38.0528,0
1906,11174,5,927.9918,416.1372,44.6429,42.8672,8.9374,38.0190,0
1907,11181,5,928.0764,416.0246,44.6317,42.8173,8.9559,37.9839,0
1908,11188,5,928.1590,415.9123,44.6207,42.7683,8.9741,37.9493,0
1909,11195,5,928.2413,415.7976,44.6097,42.7190,8.9923,37.9146,0
1910,11203,5,928.3248,415.6787,44.5984,42.6687,9.0110,37.8792,0
1911,11210,5,928.4041,415.5631,44.5876,42.6205,9.0288,37.8453,0
1912,11217,5,928.4808,415.4486,44.5770,42.5735,9.0463,37.8122,0
1913,11224,5,928.5553,415.3349,44.5667,42.5275,9.0633,37.7798,0
1914,11231,5,928.6266,415.2233,44.5568,42.4831,9.0798,37.7485,0
1915,11239,5,928.6992,415.1075,44.5466,42.4376,9.0966,37.7165,0
1916,11246,5,928.7687,414.9937,44.5367,42.3937,9.1129,37.6855,0
1917,11253,5,928.8324,414.8871,44.5276,42.3530,9.1280,37.6569,0
1918,11261,5,928.9008,414.7701,44.5177,42.3090,9.1443,37.6259,0
1919,11268,5,928.9653,414.6569,44.5083,42.2672,9.1598,37.5964,0
1920,11275,5,929.0289,414.5426,44.4990,42.2255,9.1753,37.5671,0
1921,11282,5,929.0891,414.4322,44.4901,42.1857,9.1900,37.5391,0
1922,11289,5,929.1467,414.3236,44.4814,42.1473,9.2043,37.5120,0
1923,11296,5,929.2028,414.2159,44.4730,42.1095,9.2182,37.4854,0
1924,11303,5,929.2590,414.1051,44.4644,42.0713,9.2324,37.4585,0
1925,11310,5,929.3129,413.9963,44.4561,42.0343,9.2461,37.4324,0
1926,11317,5,929.3640,413.8910,44.4482,41.9989,9.2592,37.4075,0
1927,11324,5,929.4137,413.7860,44.4404,41.9641,9.2721,37.3830,0
1928,11331,5,929.4614,413.6829,44.4328,41.9304,9.2846,37.3592,0
1929,11338,5,929.5104,413.5745,44.4250,41.8953,9.2976,37.3346,0
1930,11345,5,929.5579,413.4670,44.4173,41.8611,9.3103,37.3105,0
1931,11352,5,929.6044,413.3588,44.4097,41.8271,9.3229,37.2865,0
1932,11359,5,929.6484,413.2543,44.4024,41.7947,9.3349,37.2637,0
1933,11366,5,929.6892,413.1548,44.3955,41.7642,9.3463,37.2422,0
1934,11373,5,929.7316,413.0493,44.3884,41.7323,9.3581,37.2197,0
1935,11380,5,929.7712,412.9482,44.3816,41.7020,9.3693,37.1984,0
1936,11387,5,929.8087,412.8500,44.3751,41.6730,9.3800,37.1780,0
1937,11395,5,929.8491,412.7418,44.3680,41.6415,9.3917,37.1558,0
1938,11403,5,929.8911,412.6260,44.3606,41.6082,9.4041,37.1323,0
1939,11411,5,929.9296,412.5169,44.3536,41.5773,9.4155,37.1106,0
1940,11418,5,929.9658,412.4115,44.3470,41.5477,9.4265,37.0898,0
1941,11426,5,930.0011,412.3058,44.3405,41.5185,9.4373,37.0692,0
1942,11433,5,930.0333,412.2070,44.3344,41.4916,9.4473,37.0502,0
1943,11440,5,930.0651,412.1069,44.3284,41.4646,9.4573,37.0312,0
1944,11447,5,930.0953,412.0094,44.3225,41.4386,9.4669,37.0129,0
1945,11454,5,930.1245,411.9125,44.3168,41.4131,9.4764,36.9949,0
1946,11461,5,930.1528,411.8159,44.3112,41.3879,9.4857,36.9772,0
1947,11468,5,930.1805,411.7193,44.3056,41.3631,9.4949,36.9597,0
1948,11475,5,930.2068,411.6248,44.3002,41.3390,9.5038,36.9428,0
1949,11482,5,930.2328,411.5289,44.2948,41.3149,9.5128,36.9258,0
1950,11489,5,930.2578,411.4337,44.2895,41.2913,9.5215,36.9092,0
1951,11496,5,930.2817,411.3407,44.2844,41.2684,9.5300,36.8931,0
1952,11503,5,930.3051,411.2468,44.2793,41.2456,9.5384,36.8770,0
1953,11510,5,930.3272,411.1555,44.2744,41.2237,9.5466,36.8616,0
1954,11517,5,930.3484,411.0652,44.2695,41.2023,9.5545,36.8465,0
1955,11524,5,930.3696,410.9728,44.2647,41.1806,9.5625,36.8312,0
1956,11532,5,930.3916,410.8735,44.2595,41.1575,9.5711,36.8150,0
1957,11539,5,930.4120,410.7784,44.2546,41.1357,9.5792,36.7996,0
1958,11550,5,930.4404,410.6412,44.2477,41.1047,9.5907,36.7778,0
1959,11558,5,930.4606,410.5391,44.2426,41.0819,9.5991,36.7617,0
1960,11565,5,930.4780,410.4482,44.2381,41.0619,9.6065,36.7476,0
1961,11573,5,930.4955,410.3539,44.2335,41.0414,9.6141,36.7332,0
1962,11580,5,930.5110,410.2665,44.2292,41.0225,9.6211,36.7199,0
1963,11589,5,930.5293,410.1608,44.2242,41.0001,9.6295,36.7041,0
1964,11596,5,930.5433,410.0758,44.2202,40.9822,9.6361,36.6915,0
1965,11603,5,930.5569,409.9905,44.2162,40.9644,9.6427,36.6790,0
1966,11610,5,930.5704,409.9038,44.2122,40.9466,9.6493,36.6664,0
1967,11617,5,930.5831,409.8181,44.2083,40.9291,9.6557,36.6541,0
1968,11624,5,930.5952,409.7338,44.2045,40.9121,9.6621,36.6421,0
1969,11631,5,930.6064,409.6522,44.2008,40.8958,9.6681,36.6307,0
1970,11638,5,930.6174,409.5688,44.1971,40.8794,9.6742,36.6191,0
1971,11645,5,930.6275,409.4899,44.1937,40.8639,9.6799,36.6082,0
1972,11653,5,930.6385,409.3994,44.1898,40.8465,9.6864,36.5959,0
1973,11661,5,930.6494,409.3069,44.1858,40.8288,9.6930,36.5834,0
1974,11669,5,930.6591,409.2191,44.1821,40.8122,9.6991,36.5718,0
1975,11676,5,930.6675,409.1388,44.1787,40.7971,9.7047,36.5612,0
1976,11685,5,930.6779,409.0351,44.1744,40.7780,9.7118,36.5477,0
1977,11694,5,930.6873,408.9351,44.1703,40.7597,9.7185,36.5348,0
1978,11702,5,930.6950,408.8468,44.1667,40.7438,9.7244,36.5236,0
1979,11710,5,930.7025,408.7574,44.1632,40.7279,9.7303,36.5124,0
1980,11718,5,930.7092,408.6709,44.1597,40.7126,9.7360,36.5017,0
1981,11726,5,930.7154,408.5858,44.1564,40.6978,9.7415,36.4912,0
1982,11734,5,930.7214,408.4973,44.1530,40.6825,9.7471,36.4805,0
1983,11742,5,930.7268,408.4107,44.1497,40.6678,9.7526,36.4701,0
1984,11750,5,930.7315,408.3293,44.1466,40.6541,9.7577,36.4604,0
1985,11758,5,930.7359,408.2458,44.1435,40.6401,9.7629,36.4506,0
1986,11766,5,930.7398,408.1641,44.1405,40.6266,9.7679,36.4411,0
1987,11775,5,930.7436,408.0779,44.1373,40.6126,9.7731,36.4312,0
1988,11783,5,930.7468,407.9960,44.1344,40.5994,9.7780,36.4219,0
1989,11792,5,930.7496,407.9127,44.1314,40.5861,9.7829,36.4125,0
1990,11800,5,930.7520,407.8326,44.1285,40.5735,9.7876,36.4037,0
1991,11808,5,930.7539,407.7540,44.1258,40.5612,9.7921,36.3950,0
1992,11816,5,930.7554,407.6816,44.1233,40.5500,9.7963,36.3871,0
1993,11823,5,930.7566,407.6118,44.1209,40.5393,9.8002,36.3796,0
1994,11831,5,930.7575,407.5414,44.1185,40.5286,9.8042,36.3721,0
1995,11838,5,930.7582,407.4742,44.1162,40.5185,9.8079,36.3650,0
1996,11845,5,930.7585,407.4096,44.1141,40.5089,9.8115,36.3582,0
1997,11853,5,930.7586,407.3377,44.1117,40.4984,9.8154,36.3508,0
1998,11862,5,930.7585,407.2552,44.1090,40.4863,9.8199,36.3423,0
1999,11869,5,930.7581,407.1900,44.1069,40.4769,9.8233,36.3357,0
2000,11877,5,930.7574,407.1201,44.1047,40.4669,9.8270,36.3287,0
2001,11885,5,930.7565,407.0533,44.1025,40.4575,9.8305,36.3220,0
2002,11893,5,930.7554,406.9882,44.1005,40.4484,9.8339,36.3156,0
2003,11901,5,930.7539,406.9170,44.0983,40.4385,9.8376,36.3086,0
2004,11910,5,930.7521,406.8430,44.0960,40.4283,9.8413,36.3015,0
2005,11918,5,930.7503,406.7782,44.0940,40.4195,9.8446,36.2953,0
2006,11926,5,930.7483,406.7151,44.0921,40.4110,9.8478,36.2893,0
2007,11934,5,930.7461,406.6513,44.0902,40.4025,9.8509,36.2833,0
2008,11945,5,930.7427,406.5632,44.0876,40.3909,9.8552,36.2751,0
2009,11953,5,930.7401,406.5018,44.0858,40.3829,9.8582,36.2695,0
2010,11962,5,930.7368,406.4315,44.0838,40.3738,9.8615,36.2631,0
2011,11969,5,930.7342,406.3779,44.0822,40.3670,9.8641,36.2582,0
2012,11976,5,930.7313,406.3229,44.0807,40.3600,9.8667,36.2533,0
2013,11983,5,930.7285,406.2702,44.0792,40.3534,9.8691,36.2487,0
2014,11990,5,930.7254,406.2165,44.0777,40.3466,9.8716,36.2439,0
2015,11997,5,930.7223,406.1648,44.0762,40.3402,9.8740,36.2394,0
2016,12004,5,930.7190,406.1123,44.0748,40.3338,9.8764,36.2349,0
2017,12011,5,930.7156,406.0610,44.0734,40.3276,9.8787,36.2305,0
2018,12018,5,930.7121,406.0094,44.0720,40.3213,9.8810,36.2261,0
2019,12025,5,930.7087,405.9609,44.0707,40.3155,9.8832,36.2220,0
2020,12032,5,930.7051,405.9121,44.0694,40.3097,9.8853,36.2179,0
2021,12040,5,930.7011,405.8597,44.0680,40.3035,9.8876,36.2136,0
2022,12048,5,930.6967,405.8045,44.0666,40.2971,9.8900,36.2091,0
2023,12056,5,930.6921,405.7480,44.0651,40.2905,9.8924,36.2044,0
2024,12063,5,930.6880,405.6995,44.0639,40.2850,9.8945,36.2005,0
2025,12070,5,930.6837,405.6500,44.0626,40.2793,9.8966,36.1966,0
2026,12077,5,930.6797,405.6045,44.0614,40.2742,9.8985,36.1929,0
2027,12084,5,930.6754,405.5575,44.0603,40.2689,9.9004,36.1892,0
2028,12091,5,930.6710,405.5107,44.0591,40.2637,9.9024,36.1856,0
2029,12098,5,930.6666,405.4646,44.0580,40.2587,9.9042,36.1820,0
2030,12105,5,930.6621,405.4194,44.0568,40.2537,9.9061,36.1785,0
2031,12112,5,930.6577,405.3762,44.0558,40.2490,9.9078,36.1752,0
2032,12119,5,930.6534,405.3339,44.0548,40.2445,9.9095,36.1720,0
2033,12126,5,930.6488,405.2908,44.0537,40.2398,9.9112,36.1687,0
2034,12133,5,930.6441,405.2472,44.0527,40.2352,9.9129,36.1655,0
2035,12141,5,930.6391,405.2017,44.0516,40.2304,9.9147,36.1621,0
2036,12148,5,930.6345,405.1602,44.0507,40.2261,9.9163,36.1591,0
2037,12155,5,930.6299,405.1201,44.0497,40.2219,9.9178,36.1561,0
2038,12162,5,930.6251,405.0784,44.0488,40.2176,9.9194,36.1531,0
2039,12169,5,930.6201,405.0364,44.0478,40.2134,9.9210,36.1501,0
2040,12176,5,930.6154,404.9977,44.0469,40.2094,9.9225,36.1473,0
2041,12183,5,930.6107,404.9594,44.0461,40.2056,9.9239,36.1446,0
2042,12192,5,930.6043,404.9080,44.0449,40.2004,9.9258,36.1410,0
2043,12199,5,930.5996,404.8711,44.0441,40.1968,9.9272,36.1384,0
2044,12206,5,930.5948,404.8338,44.0433,40.1931,9.9285,36.1358,0
2045,12213,5,930.5900,404.7973,44.0425,40.1896,9.9298,36.1333,0
2046,12220,5,930.5854,404.7621,44.0417,40.1862,9.9311,36.1309,0
2047,12227,5,930.5805,404.7259,44.0409,40.1827,9.9324,36.1285,0
2048,12234,5,930.5756,404.6900,44.0401,40.1792,9.9337,36.1261,0
2049,12242,5,930.5701,404.6499,44.0393,40.1755,9.9351,36.1234,0
2050,12249,5,930.5655,404.6167,44.0386,40.1723,9.9362,36.1212,0
2051,12256,5,930.5607,404.5824,44.0379,40.1691,9.9374,36.1189,0
2052,12263,5,930.5557,404.5473,44.0371,40.1659,9.9386,36.1166,0
2053,12270,5,930.5508,404.5134,44.0364,40.1627,9.9398,36.1144,0
2054,12277,5,930.5460,404.4807,44.0358,40.1598,9.9409,36.1123,0
2055,12284,5,930.5411,404.4473,44.0351,40.1567,9.9420,36.1102,0
2056,12294,5,930.5344,404.4031,44.0342,40.1527,9.9435,36.1074,0
2057,12301,5,930.5294,404.3696,44.0335,40.1497,9.9446,36.1053,0
2058,12309,5,930.5239,404.3343,44.0328,40.1466,9.9458,36.1031,0
2059,12316,5,930.5192,404.3042,44.0322,40.1439,9.9468,36.1012,0
2060,12323,5,930.5145,404.2738,44.0316,40.1413,9.9477,36.0993,0
2061,12330,5,930.5098,404.2446,44.0310,40.1387,9.9487,36.0975,0
2062,12337,5,930.5052,404.2160,44.0305,40.1362,9.9496,36.0958,0
2063,12344,5,930.5002,404.1849,44.0299,40.1336,9.9506,36.0939,0
2064,12351,5,930.4955,404.1558,44.0293,40.1311,9.9515,36.0921,0
2065,12358,5,930.4908,404.1279,44.0288,40.1287,9.9524,36.0905,0
2066,12365,5,930.4861,404.0995,44.0283,40.1263,9.9533,36.0888,0
2067,12372,5,930.4814,404.0710,44.0277,40.1240,9.9542,36.0871,0
2068,12379,5,930.4767,404.0433,44.0272,40.1217,9.9550,36.0855,0
2069,12386,5,930.4720,404.0157,44.0267,40.1194,9.9559,36.0839,0
2070,12393,5,930.4670,403.9868,44.0262,40.1170,9.9567,36.0822,0
2071,12400,5,930.4625,403.9609,44.0257,40.1149,9.9575,36.0807,0
2072,12407,5,930.4576,403.9330,44.0252,40.1126,9.9584,36.0792,0
2073,12414,5,930.4532,403.9078,44.0247,40.1106,9.9591,36.0777,0
2074,12421,5,930.4488,403.8829,44.0243,40.1086,9.9599,36.0763,0
2075,12429,5,930.4437,403.8544,44.0238,40.1064,9.9607,36.0747,0
2076,12436,5,930.4393,403.8304,44.0234,40.1045,9.9614,36.0734,0
2077,12444,5,930.4338,403.8000,44.0228,40.1021,9.9623,36.0717,0
2078,12451,5,930.4294,403.7760,44.0224,40.1002,9.9630,36.0704,0
2079,12458,5,930.4250,403.7520,44.0220,40.0984,9.9637,36.0691,0
2080,12465,5,930.4207,403.7288,44.0216,40.0966,9.9643,36.0678,0
2081,12472,5,930.4163,403.7054,44.0212,40.0948,9.9650,36.0666,0
2082,12479,5,930.4119,403.6824,44.0208,40.0930,9.9656,36.0654,0
2083,12486,5,930.4077,403.6598,44.0204,40.0913,9.9663,36.0642,0
2084,12493,5,930.4033,403.6369,44.0200,40.0896,9.9669,36.0629,0
2085,12500,5,930.3991,403.6153,44.0197,40.0880,9.9675,36.0618,0
2086,12507,5,930.3948,403.5933,44.0193,40.0864,9.9681,36.0607,0
2087,12514,5,930.3906,403.5714,44.0189,40.0848,9.9687,36.0595,0
2088,12521,5,930.3864,403.5500,44.0186,40.0832,9.9693,36.0584,0
2089,12529,5,930.3814,403.5249,44.0182,40.0814,9.9700,36.0571,0
2090,12536,5,930.3770,403.5029,44.0178,40.0798,9.9705,36.0560,0
2091,12543,5,930.3730,403.4828,44.0175,40.0784,9.9711,36.0550,0
2092,12551,5,930.3681,403.4583,44.0171,40.0766,9.9717,36.0538,0
2093,12559,5,930.3635,403.4352,44.0167,40.0750,9.9723,36.0526,0
2094,12566,5,930.3594,403.4156,44.0164,40.0736,9.9728,36.0517,0
2095,12574,5,930.3550,403.3936,44.0161,40.0721,9.9734,36.0506,0
2096,12581,5,930.3510,403.3743,44.0158,40.0707,9.9739,36.0496,0
2097,12588,5,930.3463,403.3536,44.0158,40.0707,9.9739,36.0496,0
2098,12595,5,930.3417,403.3335,44.0158,40.0707,9.9739,36.0496,0
2099,12602,5,930.3371,403.3135,44.0158,40.0707,9.9739,36.0496,0
2100,12609,5,930.3326,403.2939,44.0158,40.0707,9.9739,36.0496,0
2101,12616,5,930.3282,403.2746,44.0158,40.0707,9.9739,36.0496,0
2102,12623,5,930.3236,403.2544,44.0158,40.0707,9.9739,36.0496,0
2103,12631,5,930.3185,403.2323,44.0158,40.0707,9.9739,36.0496,0
2104,12638,5,930.3142,403.2139,44.0158,40.0707,9.9739,36.0496,0
2105,12645,5,930.3099,403.1953,44.0158,40.0707,9.9739,36.0496,0
2106,12652,5,930.3057,403.1774,44.0158,40.0707,9.9739,36.0496,0
2107,12659,5,930.3014,403.1591,44.0158,40.0707,9.9739,36.0496,0
2108,12666,5,930.2969,403.1398,44.0158,40.0707,9.9739,36.0496,0
2109,12673,5,930.2927,403.1223,44.0158,40.0707,9.9739,36.0496,0
2110,12680,5,930.2886,403.1052,44.0158,40.0707,9.9739,36.0496,0
2111,12687,5,930.2844,403.0876,44.0158,40.0707,9.9739,36.0496,0
2112,12694,5,930.2805,403.0711,44.0158,40.0707,9.9739,36.0496,0
2113,12701,5,930.2766,403.0547,44.0158,40.0707,9.9739,36.0496,0
2114,12708,5,930.2727,403.0384,44.0158,40.0707,9.9739,36.0496,0
2115,12714,5,930.2690,403.0229,44.0158,40.0707,9.9739,36.0496,0
2116,12721,5,930.2653,403.0075,44.0158,40.0707,9.9739,36.0496,0
2117,12728,5,930.2615,402.9918,44.0158,40.0707,9.9739,36.0496,0
2118,12735,5,930.2578,402.9765,44.0158,40.0707,9.9739,36.0496,0
2119,12742,5,930.2541,402.9616,44.0158,40.0707,9.9739,36.0496,0
2120,12749,5,930.2504,402.9465,44.0158,40.0707,9.9739,36.0496,0
2121,12756,5,930.2466,402.9308,44.0158,40.0707,9.9739,36.0496,0
2122,12763,5,930.2428,402.9155,44.0158,40.0707,9.9739,36.0496,0
2123,12770,5,930.2394,402.9015,44.0158,40.0707,9.9739,36.0496,0
2124,12777,5,930.2360,402.8877,44.0158,40.0707,9.9739,36.0496,0
2125,12783,5,930.2327,402.8743,44.0158,40.0707,9.9739,36.0496,0
2126,12790,5,930.2290,402.8595,44.0158,40.0707,9.9739,36.0496,0
2127,12797,5,930.2256,402.8458,44.0158,40.0707,9.9739,36.0496,0
2128,12804,5,930.2224,402.8327,44.0158,40.0707,9.9739,36.0496,0
2129,12811,5,930.2191,402.8197,44.0158,40.0707,9.9739,36.0496,0
2130,12819,5,930.2152,402.8040,44.0158,40.0707,9.9739,36.0496,0
2131,12825,5,930.2122,402.7917,44.0158,40.0707,9.9739,36.0496,0
2132,12832,5,930.2091,402.7794,44.0158,40.0707,9.9739,36.0496,0
2133,12839,5,930.2058,402.7662,44.0158,40.0707,9.9739,36.0496,0
2134,12846,5,930.2026,402.7537,44.0158,40.0707,9.9739,36.0496,0
2135,12853,5,930.1996,402.7417,44.0158,40.0707,9.9739,36.0496,0
2136,12860,5,930.1965,402.7297,44.0158,40.0707,9.9739,36.0496,0
2137,12867,5,930.1936,402.7183,44.0158,40.0707,9.9739,36.0496,0
2138,12874,5,930.1906,402.7065,44.0158,40.0707,9.9739,36.0496,0
2139,12881,5,930.1878,402.6954,44.0158,40.0707,9.9739,36.0496,0
2140,12888,5,930.1848,402.6836,44.0158,40.0707,9.9739,36.0496,0
2141,12895,5,930.1818,402.6716,44.0158,40.0707,9.9739,36.0496,0
2142,12903,5,930.1783,402.6580,44.0158,40.0707,9.9739,36.0496,0
2143,12910,5,930.1752,402.6462,44.0158,40.0707,9.9739,36.0496,0
2144,12917,5,930.1722,402.6347,44.0158,40.0707,9.9739,36.0496,0
2145,12924,5,930.1696,402.6244,44.0158,40.0707,9.9739,36.0496,0
2146,12931,5,930.1668,402.6139,44.0158,40.0707,9.9739,36.0496,0
2147,12938,5,930.1642,402.6039,44.0158,40.0707,9.9739,36.0496,0
2148,12945,5,930.1617,402.5941,44.0158,40.0707,9.9739,36.0496,0
2149,12952,5,930.1592,402.5843,44.0158,40.0707,9.9739,36.0496,0
2150,12959,5,930.1564,402.5739,44.0158,40.0707,9.9739,36.0496,0
2151,12966,5,930.1540,402.5645,44.0158,40.0707,9.9739,36.0496,0
2152,12973,5,930.1516,402.5551,44.0158,40.0707,9.9739,36.0496,0
2153,12980,5,930.1492,402.5461,44.0158,40.0707,9.9739,36.0496,0
2154,12987,5,930.1468,402.5371,44.0158,40.0707,9.9739,36.0496,0
2155,12994,5,930.1445,402.5283,44.0158,40.0707,9.9739,36.0496,0
2156,13002,5,930.1418,402.5182,44.0158,40.0707,9.9739,36.0496,0
2157,13009,5,930.1396,402.5097,44.0158,40.0707,9.9739,36.0496,0
2158,13016,5,930.1375,402.5013,44.0158,40.0707,9.9739,36.0496,0
2159,13023,5,930.1352,402.4927,44.0158,40.0707,9.9739,36.0496,0
2160,13030,5,930.1329,402.4841,44.0158,40.0707,9.9739,36.0496,0
2161,13039,5,930.1302,402.4737,44.0158,40.0707,9.9739,36.0496,0
2162,13047,5,930.1278,402.4646,44.0158,40.0707,9.9739,36.0496,0
2163,13055,5,930.1254,402.4556,44.0158,40.0707,9.9739,36.0496,0
2164,13063,5,930.1231,402.4468,44.0158,40.0707,9.9739,36.0496,0
2165,13073,5,930.1203,402.4363,44.0158,40.0707,9.9739,36.0496,0
2166,13080,5,930.1182,402.4284,44.0158,40.0707,9.9739,36.0496,0
2167,13088,5,930.1160,402.4199,44.0158,40.0707,9.9739,36.0496,0
2168,13095,5,930.1140,402.4122,44.0158,40.0707,9.9739,36.0496,0
2169,13102,5,930.1120,402.4049,44.0158,40.0707,9.9739,36.0496,0
2170,13132,5,930.1041,402.3757,44.0158,40.0707,9.9739,36.0496,0
2171,13140,5,930.1020,402.3680,44.0158,40.0707,9.9739,36.0496,0
2172,13148,5,930.1000,402.3608,44.0158,40.0707,9.9739,36.0496,0
2173,13156,5,930.0981,402.3539,44.0158,40.0707,9.9739,36.0496,0
2174,13164,5,930.0961,402.3464,44.0158,40.0707,9.9739,36.0496,0
2175,13172,5,930.0941,402.3394,44.0158,40.0707,9.9739,36.0496,0
2176,13180,5,930.0923,402.3328,44.0158,40.0707,9.9739,36.0496,0
2177,13188,5,930.0905,402.3261,44.0158,40.0707,9.9739,36.0496,0
2178,13196,5,930.0886,402.3195,44.0158,40.0707,9.9739,36.0496,0
2179,13204,5,930.0869,402.3131,44.0158,40.0707,9.9739,36.0496,0
2180,13212,5,930.0851,402.3066,44.0158,40.0707,9.9739,36.0496,0
2181,13221,5,930.0831,402.2993,44.0158,40.0707,9.9739,36.0496,0
2182,13229,5,930.0815,402.2936,44.0158,40.0707,9.9739,36.0496,0
2183,13238,5,930.0797,402.2869,44.0158,40.0707,9.9739,36.0496,0
2184,13246,5,930.0781,402.2814,44.0158,40.0707,9.9739,36.0496,0
2185,13255,5,930.0763,402.2749,44.0158,40.0707,9.9739,36.0496,0
2186,13263,5,930.0747,402.2693,44.0158,40.0707,9.9739,36.0496,0
2187,13272,5,930.0731,402.2635,44.0158,40.0707,9.9739,36.0496,0
2188,13280,5,930.0715,402.2579,44.0158,40.0707,9.9739,36.0496,0
2189,13288,5,930.0700,402.2528,44.0158,40.0707,9.9739,36.0496,0
2190,13296,5,930.0686,402.2477,44.0158,40.0707,9.9739,36.0496,0
2191,13304,5,930.0672,402.2427,44.0158,40.0707,9.9739,36.0496,0
2192,13312,5,930.0659,402.2380,44.0158,40.0707,9.9739,36.0496,0
2193,13319,5,930.0646,402.2335,44.0158,40.0707,9.9739,36.0496,0
2194,13326,5,930.0634,402.2292,44.0158,40.0707,9.9739,36.0496,0
2195,13333,5,930.0621,402.2248,44.0158,40.0707,9.9739,36.0496,0
2196,13340,5,930.0609,402.2205,44.0158,40.0707,9.9739,36.0496,0
2197,13347,5,930.0597,402.2164,44.0158,40.0707,9.9739,36.0496,0
2198,13354,5,930.0585,402.2123,44.0158,40.0707,9.9739,36.0496,0
2199,13361,5,930.0574,402.2083,44.0158,40.0707,9.9739,36.0496,0
2200,13370,5,930.0560,402.2035,44.0158,40.0707,9.9739,36.0496,0
2201,13377,5,930.0549,402.1997,44.0158,40.0707,9.9739,36.0496,0
2202,13384,5,930.0538,402.1959,44.0158,40.0707,9.9739,36.0496,0
2203,13391,5,930.0527,402.1923,44.0158,40.0707,9.9739,36.0496,0
2204,13398,5,930.0517,402.1886,44.0158,40.0707,9.9739,36.0496,0
2205,13405,5,930.0507,402.1851,44.0158,40.0707,9.9739,36.0496,0
2206,13413,5,930.0496,402.1813,44.0158,40.0707,9.9739,36.0496,0
2207,13421,5,930.0485,402.1777,44.0158,40.0707,9.9739,36.0496,0
2208,13428,5,930.0475,402.1743,44.0158,40.0707,9.9739,36.0496,0
2209,13435,5,930.0466,402.1710,44.0158,40.0707,9.9739,36.0496,0
2210,13442,5,930.0457,402.1677,44.0158,40.0707,9.9739,36.0496,0
2211,13449,5,930.0448,402.1646,44.0158,40.0707,9.9739,36.0496,0
2212,13456,5,930.0439,402.1614,44.0158,40.0707,9.9739,36.0496,0
2213,13463,5,930.0430,402.1583,44.0158,40.0707,9.9739,36.0496,0
2214,13470,5,930.0421,402.1552,44.0158,40.0707,9.9739,36.0496,0
2215,13477,5,930.0413,402.1522,44.0158,40.0707,9.9739,36.0496,0
2216,13484,5,930.0405,402.1494,44.0158,40.0707,9.9739,36.0496,0
2217,13491,5,930.0397,402.1466,44.0158,40.0707,9.9739,36.0496,0
2218,13499,5,930.0388,402.1434,44.0158,40.0707,9.9739,36.0496,0
2219,13506,5,930.0380,402.1408,44.0158,40.0707,9.9739,36.0496,0
2220,13513,5,930.0373,402.1382,44.0158,40.0707,9.9739,36.0496,0
2221,13520,5,930.0366,402.1356,44.0158,40.0707,9.9739,36.0496,0
2222,13527,5,930.0358,402.1331,44.0158,40.0707,9.9739,36.0496,0
2223,13535,5,930.0350,402.1304,44.0158,40.0707,9.9739,36.0496,0
2224,13542,5,930.0343,402.1280,44.0158,40.0707,9.9739,36.0496,0
2225,13549,5,930.0336,402.1255,44.0158,40.0707,9.9739,36.0496,0
2226,13557,5,930.0328,402.1229,44.0158,40.0707,9.9739,36.0496,0
2227,13566,5,930.0319,402.1200,44.0158,40.0707,9.9739,36.0496,0
2228,13573,5,930.0313,402.1177,44.0158,40.0707,9.9739,36.0496,0
2229,13580,5,930.0306,402.1156,44.0158,40.0707,9.9739,36.0496,0
2230,13587,5,930.0299,402.1134,44.0158,40.0707,9.9739,36.0496,0
2231,13594,5,930.0292,402.1113,44.0158,40.0707,9.9739,36.0496,0
2232,13601,5,930.0286,402.1091,44.0158,40.0707,9.9739,36.0496,0
2233,13608,5,930.0280,402.1070,44.0158,40.0707,9.9739,36.0496,0
2234,13615,5,930.0273,402.1050,44.0158,40.0707,9.9739,36.0496,0
2235,13622,5,930.0267,402.1030,44.0158,40.0707,9.9739,36.0496,0
2236,13629,5,930.0262,402.1011,44.0158,40.0707,9.9739,36.0496,0
2237,13636,5,930.0022,402.0031,44.0158,40.0707,9.9739,36.0496,0
2238,13643,5,930.0022,402.0031,44.0158,40.0707,9.9739,36.0496,0
2239,13650,5,930.0022,402.0031,44.0158,40.0707,9.9739,36.0496,0
2240,13657,5,930.0022,402.0031,44.0158,40.0707,9.9739,36.0496,0
2241,13665,5,930.0022,402.0031,44.0158,40.0707,9.9739,36.0496,0
2242,13672,5,930.0022,402.0031,44.0158,40.0707,9.9739,36.0496,0
2243,13679,5,930.0022,402.0031,44.0158,40.0707,9.9739,36.0496,0
2244,13686,5,930.0022,402.0031,44.0158,40.0707,9.9739,36.0496,0
2245,13693,5,930.0022,402.0031,44.0158,40.0707,9.9739,36.0496,0
2246,13700,5,930.0022,402.0031,44.0158,40.0707,9.9739,36.0496,0
2247,13707,5,930.0022,402.0031,44.0158,40.0707,9.9739,36.0496,0
2248,13715,5,930.0022,402.0031,44.0158,40.0707,9.9739,36.0496,0
2249,13722,5,930.0022,402.0031,44.0158,40.0707,9.9739,36.0496,0
2250,13729,5,930.0022,402.0031,44.0158,40.0707,9.9739,36.0496,0
2251,13736,5,930.0022,402.0031,44.0158,40.0707,9.9739,36.0496,0
2252,13743,5,930.0022,402.0031,44.0158,40.0707,9.9739,36.0496,0
2253,13750,5,930.0022,402.0031,44.0158,40.0707,9.9739,36.0496,0
2254,13757,5,930.0022,402.0031,44.0158,40.0707,9.9739,36.0496,0
2255,13766,5,930.0022,402.0031,44.0158,40.0707,9.9739,36.0496,0
2256,13773,5,930.0022,402.0031,44.0158,40.0707,9.9739,36.0496,0
2257,13780,5,930.0022,402.0031,44.0158,40.0707,9.9739,36.0496,0
2258,13787,5,930.0022,402.0031,44.0158,40.0707,9.9739,36.0496,0
2259,13794,5,930.0022,402.0031,44.0158,40.0707,9.9739,36.0496,0
2260,13801,5,930.0022,402.0031,44.0158,40.0707,9.9739,36.0496,0
2261,13808,5,930.0022,402.0031,44.0158,40.0707,9.9739,36.0496,0
2262,13816,5,930.0022,402.0031,44.0158,40.0707,9.9739,36.0496,0
2263,13823,5,930.0022,402.0031,44.0158,40.0707,9.9739,36.0496,0
2264,13830,5,930.0022,402.0031,44.0158,40.0707,9.9739,36.0496,0
2265,13837,5,930.0022,402.0031,44.0158,40.0707,9.9739,36.0496,0
2266,13844,5,930.0022,402.0031,44.0158,40.0707,9.9739,36.0496,0
2267,13851,5,930.0022,402.0031,44.0158,40.0707,9.9739,36.0496,0
2268,13858,5,930.0022,402.0031,44.0158,40.0707,9.9739,36.0496,0
2269,13865,5,930.0022,402.0031,44.0158,40.0707,9.9739,36.0496,0
2270,13872,5,930.0022,402.0031,44.0158,40.0707,9.9739,36.0496,0
2271,13879,5,930.0022,402.0031,44.0158,40.0707,9.9739,36.0496,0
2272,13886,5,930.0022,402.0031,44.0158,40.0707,9.9739,36.0496,0
2273,13893,5,930.0022,402.0031,44.0158,40.0707,9.9739,36.0496,0
2274,13902,5,930.0022,402.0031,44.0158,40.0707,9.9739,36.0496,0
2275,13909,5,930.0022,402.0031,44.0158,40.0707,9.9739,36.0496,0
2276,13916,5,930.0022,402.0031,44.0158,40.0707,9.9739,36.0496,0
2277,13923,5,930.0022,402.0031,44.0158,40.0707,9.9739,36.0496,0
2278,13930,5,930.0022,402.0031,44.0158,40.0707,9.9739,36.0496,0
2279,13937,5,930.0022,402.0031,44.0158,40.0707,9.9739,36.0496,0
2280,13944,5,930.0022,402.0031,44.0158,40.0707,9.9739,36.0496,0
2281,13951,5,930.0022,402.0031,44.0158,40.0707,9.9739,36.0496,0
2282,13958,5,930.0022,402.0031,44.0158,40.0707,9.9739,36.0496,0
2283,13965,5,930.0022,402.0031,44.0158,40.0707,9.9739,36.0496,0
2284,13972,5,930.0022,402.0031,44.0158,40.0707,9.9739,36.0496,0
2285,13979,5,930.0022,402.0031,44.0158,40.0707,9.9739,36.0496,0
2286,13986,5,930.0022,402.0031,44.0158,40.0707,9.9739,36.0496,0
2287,13994,5,930.0022,402.0031,44.0158,40.0707,9.9739,36.0496,0
2288,14001,5,930.0022,402.0031,44.0158,40.0707,9.9739,36.0496,0
2289,14008,5,930.0022,402.0031,44.0158,40.0707,9.9739,36.0496,0
2290,14015,5,930.0022,402.0031,44.0158,40.0707,9.9739,36.0496,0
2291,14022,5,930.0022,402.0031,44.0158,40.0707,9.9739,36.0496,0
2292,14029,5,930.0022,402.0031,44.0158,40.0707,9.9739,36.0496,0
2293,14036,5,930.0022,402.0031,44.0158,40.0707,9.9739,36.0496,0
2294,14043,5,930.0022,402.0031,44.0158,40.0707,9.9739,36.0496,0
2295,14050,5,930.0022,402.0031,44.0158,40.0707,9.9739,36.0496,0
2296,14057,5,930.0022,402.0031,44.0158,40.0707,9.9739,36.0496,0
2297,14065,5,930.0022,402.0031,44.0158,40.0707,9.9739,36.0496,0
2298,14073,5,930.0022,402.0031,44.0158,40.0707,9.9739,36.0496,0
2299,14080,5,930.0022,402.0031,44.0158,40.0707,9.9739,36.0496,0
2300,14087,5,930.0022,402.0031,44.0158,40.0707,9.9739,36.0496,0
2301,14094,5,930.0022,402.0031,44.0158,40.0707,9.9739,36.0496,0
2302,14101,5,930.0022,402.0031,44.0158,40.0707,9.9739,36.0496,0
2303,14108,5,930.0022,402.0031,44.0158,40.0707,9.9739,36.0496,0
2304,14115,5,930.0022,402.0031,44.0158,40.0707,9.9739,36.0496,0
2305,14122,5,930.0022,402.0031,44.0158,40.0707,9.9739,36.0496,0
2306,14129,5,930.0022,402.0031,44.0158,40.0707,9.9739,36.0496,0
2307,14136,6,930.0022,402.0031,44.0158,40.0707,9.9739,36.0496,0
2308,14136,7,930.0022,402.0031,44.0158,40.0707,9.9739,36.0496,8
2309,14136,7,930.0022,402.0031,44.0158,40.0707,9.9739,36.0496,110
2310,14136,7,930.0022,402.0031,44.0158,40.0707,9.9739,36.0496,214
2311,14136,7,930.0022,402.0031,44.0158,40.0707,9.9739,36.0496,226
2312,14136,7,930.0022,402.0031,44.0158,40.0707,9.9739,36.0496,234
2313,14136,7,930.0022,402.0031,44.0158,40.0707,9.9739,36.0496,243
2314,14136,7,930.0022,402.0031,44.0158,40.0707,9.9739,36.0496,251
2315,14136,7,930.0022,402.0031,44.0158,40.0707,9.9739,36.0496,258
2316,14136,7,930.0022,402.0031,44.0158,40.0707,9.9739,36.0496,266
2317,14136,7,930.0022,402.0031,44.0158,40.0707,9.9739,36.0496,276
2318,14136,7,930.0022,402.0031,44.0158,40.0707,9.9739,36.0496,284
2319,14136,7,930.0022,402.0031,44.0158,40.0707,9.9739,36.0496,291
2320,14136,7,930.0022,402.0031,44.0158,40.0707,9.9739,36.0496,298
2321,14136,7,930.0022,402.0031,44.0158,40.0707,9.9739,36.0496,306
