[ExistingEditorValidation] project=/Users/farhad/Projects/WarlineCapture/Assets executeMethod=Game.Editor.SupportSmokeJourneyProbe.RunEnglish
UnityEngine.Debug:Log (object)
Game.Editor.ExistingEditorValidation/<Run>d__0:MoveNext () (at Assets/Game/Scripts/Editor/ExistingEditorValidation.cs:34)
System.Runtime.CompilerServices.AsyncVoidMethodBuilder:Start<Game.Editor.ExistingEditorValidation/<Run>d__0> (Game.Editor.ExistingEditorValidation/<Run>d__0&)
Game.Editor.ExistingEditorValidation:Run (string,string)
PipelineEvaluation.PipelineEval_eb42993f/<>c__DisplayClass0_0:<Execute>b__0 ()
UnityEditor.EditorApplication:Internal_CallUpdateFunctions () (at /Users/bokken/build/output/unity/unity/Editor/Mono/EditorApplication.cs:403)

[MainMenuV3PrefabBuilder] gameView=1920x1080 selectedIndex=20
UnityEngine.Debug:Log (object)
Game.Editor.MainMenuV3PrefabBuilder:SetGameViewResolution (int,int) (at Assets/Game/Scripts/Editor/MainMenuV3PrefabBuilder.cs:375)
Game.Editor.SupportSmokeJourneyProbe:Begin (string,bool) (at Assets/Game/Scripts/Editor/SupportSmokeJourneyProbe.cs:62)
Game.Editor.SupportSmokeJourneyProbe:RunEnglish () (at Assets/Game/Scripts/Editor/SupportSmokeJourneyProbe.cs:47)
System.Reflection.MethodBase:Invoke (object,object[])
Game.Editor.ExistingEditorValidation/<Run>d__0:MoveNext () (at Assets/Game/Scripts/Editor/ExistingEditorValidation.cs:35)
System.Runtime.CompilerServices.AsyncVoidMethodBuilder:Start<Game.Editor.ExistingEditorValidation/<Run>d__0> (Game.Editor.ExistingEditorValidation/<Run>d__0&)
Game.Editor.ExistingEditorValidation:Run (string,string)
PipelineEvaluation.PipelineEval_eb42993f/<>c__DisplayClass0_0:<Execute>b__0 ()
UnityEditor.EditorApplication:Internal_CallUpdateFunctions () (at /Users/bokken/build/output/unity/unity/Editor/Mono/EditorApplication.cs:403)

[SupportSmokeJourney] started locale=en testGrant=True normalInput=touch save=isolated
UnityEngine.Debug:Log (object)
Game.Editor.SupportSmokeJourneyProbe:Begin (string,bool) (at Assets/Game/Scripts/Editor/SupportSmokeJourneyProbe.cs:65)
Game.Editor.SupportSmokeJourneyProbe:RunEnglish () (at Assets/Game/Scripts/Editor/SupportSmokeJourneyProbe.cs:47)
System.Reflection.MethodBase:Invoke (object,object[])
Game.Editor.ExistingEditorValidation/<Run>d__0:MoveNext () (at Assets/Game/Scripts/Editor/ExistingEditorValidation.cs:35)
System.Runtime.CompilerServices.AsyncVoidMethodBuilder:Start<Game.Editor.ExistingEditorValidation/<Run>d__0> (Game.Editor.ExistingEditorValidation/<Run>d__0&)
Game.Editor.ExistingEditorValidation:Run (string,string)
PipelineEvaluation.PipelineEval_eb42993f/<>c__DisplayClass0_0:<Execute>b__0 ()
UnityEditor.EditorApplication:Internal_CallUpdateFunctions () (at /Users/bokken/build/output/unity/unity/Editor/Mono/EditorApplication.cs:403)

[UiShellPresentation] stage=CommandStarted sequence=2 kind=SwapMenuMiddle region=MiddleRegion route=Campaign
UnityEngine.Debug:Log (object,UnityEngine.Object)
Game.Composition.UiDiagnosticsComposition:Report (Game.UI.Contracts.UiDiagnosticSeverity,string,UnityEngine.Object) (at Assets/Game/Scripts/Composition/UiDiagnosticsComposition.cs:17)
Game.UI.Contracts.UiDiagnostics:Info (string,UnityEngine.Object) (at Assets/Game/Scripts/UI/Contracts/UiDiagnostics.cs:14)
Game.UI.Runtime.UIShellEcsPresentationSystem:LogTransition (string,Game.UI.Contracts.UiShellPresentationCommandModel) (at Assets/Game/Scripts/UI/Shell/UIShellEcsPresentationSystem.cs:138)
Game.UI.Runtime.UIShellEcsPresentationSystem:Update () (at Assets/Game/Scripts/UI/Shell/UIShellEcsPresentationSystem.cs:87)

[UiShellPresentation] stage=CommandCompleted sequence=2 kind=SwapMenuMiddle region=MiddleRegion route=Campaign
UnityEngine.Debug:Log (object,UnityEngine.Object)
Game.Composition.UiDiagnosticsComposition:Report (Game.UI.Contracts.UiDiagnosticSeverity,string,UnityEngine.Object) (at Assets/Game/Scripts/Composition/UiDiagnosticsComposition.cs:17)
Game.UI.Contracts.UiDiagnostics:Info (string,UnityEngine.Object) (at Assets/Game/Scripts/UI/Contracts/UiDiagnostics.cs:14)
Game.UI.Runtime.UIShellEcsPresentationSystem:LogTransition (string,Game.UI.Contracts.UiShellPresentationCommandModel) (at Assets/Game/Scripts/UI/Shell/UIShellEcsPresentationSystem.cs:138)
Game.UI.Runtime.UIShellEcsPresentationSystem/<>c__DisplayClass24_0:<Update>b__0 (int) (at Assets/Game/Scripts/UI/Shell/UIShellEcsPresentationSystem.cs:100)
Game.UI.Runtime.UIShellView/<>c__DisplayClass19_0:<ExecuteCommandSequence>b__0 () (at Assets/Game/Scripts/UI/Shell/UIShellView.cs:99)
Game.UI.Runtime.UIMotionHostView/<SequenceRoutine>d__32:MoveNext () (at Assets/Game/Scripts/UI/Shell/UIMotionHostView.cs:268)
UnityEngine.SetupCoroutine:InvokeMoveNext (System.Collections.IEnumerator,intptr) (at /Users/bokken/build/output/unity/unity/Runtime/Export/Scripting/Coroutines.cs:17)

[UiShellPresentation] stage=CompletionFlushed sequence=2 kind=SwapMenuMiddle region=MiddleRegion
UnityEngine.Debug:Log (object,UnityEngine.Object)
Game.Composition.UiDiagnosticsComposition:Report (Game.UI.Contracts.UiDiagnosticSeverity,string,UnityEngine.Object) (at Assets/Game/Scripts/Composition/UiDiagnosticsComposition.cs:17)
Game.UI.Contracts.UiDiagnostics:Info (string,UnityEngine.Object) (at Assets/Game/Scripts/UI/Contracts/UiDiagnostics.cs:14)
Game.UI.Runtime.UIShellEcsPresentationSystem:LogTransition (string,Game.UI.Contracts.UiShellTransitionCompleteModel) (at Assets/Game/Scripts/UI/Shell/UIShellEcsPresentationSystem.cs:146)
Game.UI.Runtime.UIShellEcsPresentationSystem:FlushPendingCompletion () (at Assets/Game/Scripts/UI/Shell/UIShellEcsPresentationSystem.cs:129)
Game.UI.Runtime.UIShellEcsPresentationSystem:Update () (at Assets/Game/Scripts/UI/Shell/UIShellEcsPresentationSystem.cs:67)

[SupportJourneyTouch] phase=Began point=(238.72, 440.72) hit=ChapterCard_4
UnityEngine.Debug:Log (object)
Game.Editor.SupportSmokeJourneyProbe:TouchEvidence (Game.UI.Runtime.AriaTouchInputUiSystemHelper,string,UnityEngine.Vector2) (at Assets/Game/Scripts/Editor/SupportSmokeJourneyProbe.cs:290)
Game.UI.Runtime.AriaTouchInputUiSystemHelper:OnInputEvent (UnityEngine.InputSystem.LowLevel.InputEventPtr,UnityEngine.InputSystem.InputDevice) (at Assets/Game/Scripts/UI/Screens/AriaTouchInputUiSystemHelper.cs:162)
UnityEngine.InputSystem.LowLevel.NativeInputRuntime/<>c__DisplayClass7_0:<set_onUpdate>b__0 (UnityEngineInternal.Input.NativeInputUpdateType,UnityEngineInternal.Input.NativeInputEventBuffer*)
UnityEngineInternal.Input.NativeInputSystem:NotifyUpdate (UnityEngineInternal.Input.NativeInputUpdateType,intptr) (at /Users/bokken/build/output/unity/unity/Modules/Input/Private/Input.cs:132)

[SupportJourneyTouch] phase=Ended point=(238.72, 440.72) hit=ChapterCard_4
UnityEngine.Debug:Log (object)
Game.Editor.SupportSmokeJourneyProbe:TouchEvidence (Game.UI.Runtime.AriaTouchInputUiSystemHelper,string,UnityEngine.Vector2) (at Assets/Game/Scripts/Editor/SupportSmokeJourneyProbe.cs:290)
Game.UI.Runtime.AriaTouchInputUiSystemHelper:OnInputEvent (UnityEngine.InputSystem.LowLevel.InputEventPtr,UnityEngine.InputSystem.InputDevice) (at Assets/Game/Scripts/UI/Screens/AriaTouchInputUiSystemHelper.cs:162)
UnityEngine.InputSystem.LowLevel.NativeInputRuntime/<>c__DisplayClass7_0:<set_onUpdate>b__0 (UnityEngineInternal.Input.NativeInputUpdateType,UnityEngineInternal.Input.NativeInputEventBuffer*)
UnityEngineInternal.Input.NativeInputSystem:NotifyUpdate (UnityEngineInternal.Input.NativeInputUpdateType,intptr) (at /Users/bokken/build/output/unity/unity/Modules/Input/Private/Input.cs:132)

[SupportJourneyTouch] phase=Began point=(841.79, 499.26) hit=MissionNode_2
UnityEngine.Debug:Log (object)
Game.Editor.SupportSmokeJourneyProbe:TouchEvidence (Game.UI.Runtime.AriaTouchInputUiSystemHelper,string,UnityEngine.Vector2) (at Assets/Game/Scripts/Editor/SupportSmokeJourneyProbe.cs:290)
Game.UI.Runtime.AriaTouchInputUiSystemHelper:OnInputEvent (UnityEngine.InputSystem.LowLevel.InputEventPtr,UnityEngine.InputSystem.InputDevice) (at Assets/Game/Scripts/UI/Screens/AriaTouchInputUiSystemHelper.cs:162)
UnityEngine.InputSystem.LowLevel.NativeInputRuntime/<>c__DisplayClass7_0:<set_onUpdate>b__0 (UnityEngineInternal.Input.NativeInputUpdateType,UnityEngineInternal.Input.NativeInputEventBuffer*)
UnityEngineInternal.Input.NativeInputSystem:NotifyUpdate (UnityEngineInternal.Input.NativeInputUpdateType,intptr) (at /Users/bokken/build/output/unity/unity/Modules/Input/Private/Input.cs:132)

[SupportJourneyTouch] phase=Ended point=(841.79, 499.26) hit=MissionNode_2
UnityEngine.Debug:Log (object)
Game.Editor.SupportSmokeJourneyProbe:TouchEvidence (Game.UI.Runtime.AriaTouchInputUiSystemHelper,string,UnityEngine.Vector2) (at Assets/Game/Scripts/Editor/SupportSmokeJourneyProbe.cs:290)
Game.UI.Runtime.AriaTouchInputUiSystemHelper:OnInputEvent (UnityEngine.InputSystem.LowLevel.InputEventPtr,UnityEngine.InputSystem.InputDevice) (at Assets/Game/Scripts/UI/Screens/AriaTouchInputUiSystemHelper.cs:162)
UnityEngine.InputSystem.LowLevel.NativeInputRuntime/<>c__DisplayClass7_0:<set_onUpdate>b__0 (UnityEngineInternal.Input.NativeInputUpdateType,UnityEngineInternal.Input.NativeInputEventBuffer*)
UnityEngineInternal.Input.NativeInputSystem:NotifyUpdate (UnityEngineInternal.Input.NativeInputUpdateType,intptr) (at /Users/bokken/build/output/unity/unity/Modules/Input/Private/Input.cs:132)

[SupportJourneyTouch] phase=Began point=(1349.08, 87.80) hit=LaunchMissionButton
UnityEngine.Debug:Log (object)
Game.Editor.SupportSmokeJourneyProbe:TouchEvidence (Game.UI.Runtime.AriaTouchInputUiSystemHelper,string,UnityEngine.Vector2) (at Assets/Game/Scripts/Editor/SupportSmokeJourneyProbe.cs:290)
Game.UI.Runtime.AriaTouchInputUiSystemHelper:OnInputEvent (UnityEngine.InputSystem.LowLevel.InputEventPtr,UnityEngine.InputSystem.InputDevice) (at Assets/Game/Scripts/UI/Screens/AriaTouchInputUiSystemHelper.cs:162)
UnityEngine.InputSystem.LowLevel.NativeInputRuntime/<>c__DisplayClass7_0:<set_onUpdate>b__0 (UnityEngineInternal.Input.NativeInputUpdateType,UnityEngineInternal.Input.NativeInputEventBuffer*)
UnityEngineInternal.Input.NativeInputSystem:NotifyUpdate (UnityEngineInternal.Input.NativeInputUpdateType,intptr) (at /Users/bokken/build/output/unity/unity/Modules/Input/Private/Input.cs:132)

[SupportJourneyTouch] phase=Ended point=(1349.08, 87.80) hit=LaunchMissionButton
UnityEngine.Debug:Log (object)
Game.Editor.SupportSmokeJourneyProbe:TouchEvidence (Game.UI.Runtime.AriaTouchInputUiSystemHelper,string,UnityEngine.Vector2) (at Assets/Game/Scripts/Editor/SupportSmokeJourneyProbe.cs:290)
Game.UI.Runtime.AriaTouchInputUiSystemHelper:OnInputEvent (UnityEngine.InputSystem.LowLevel.InputEventPtr,UnityEngine.InputSystem.InputDevice) (at Assets/Game/Scripts/UI/Screens/AriaTouchInputUiSystemHelper.cs:162)
UnityEngine.InputSystem.LowLevel.NativeInputRuntime/<>c__DisplayClass7_0:<set_onUpdate>b__0 (UnityEngineInternal.Input.NativeInputUpdateType,UnityEngineInternal.Input.NativeInputEventBuffer*)
UnityEngineInternal.Input.NativeInputSystem:NotifyUpdate (UnityEngineInternal.Input.NativeInputUpdateType,intptr) (at /Users/bokken/build/output/unity/unity/Modules/Input/Private/Input.cs:132)

[UiShellPresentation] stage=CommandStarted sequence=3 kind=SwapMenuMiddle region=MiddleRegion route=MissionBriefing
UnityEngine.Debug:Log (object,UnityEngine.Object)
Game.Composition.UiDiagnosticsComposition:Report (Game.UI.Contracts.UiDiagnosticSeverity,string,UnityEngine.Object) (at Assets/Game/Scripts/Composition/UiDiagnosticsComposition.cs:17)
Game.UI.Contracts.UiDiagnostics:Info (string,UnityEngine.Object) (at Assets/Game/Scripts/UI/Contracts/UiDiagnostics.cs:14)
Game.UI.Runtime.UIShellEcsPresentationSystem:LogTransition (string,Game.UI.Contracts.UiShellPresentationCommandModel) (at Assets/Game/Scripts/UI/Shell/UIShellEcsPresentationSystem.cs:138)
Game.UI.Runtime.UIShellEcsPresentationSystem:Update () (at Assets/Game/Scripts/UI/Shell/UIShellEcsPresentationSystem.cs:87)

[UiShellPresentation] stage=CommandCompleted sequence=3 kind=SwapMenuMiddle region=MiddleRegion route=MissionBriefing
UnityEngine.Debug:Log (object,UnityEngine.Object)
Game.Composition.UiDiagnosticsComposition:Report (Game.UI.Contracts.UiDiagnosticSeverity,string,UnityEngine.Object) (at Assets/Game/Scripts/Composition/UiDiagnosticsComposition.cs:17)
Game.UI.Contracts.UiDiagnostics:Info (string,UnityEngine.Object) (at Assets/Game/Scripts/UI/Contracts/UiDiagnostics.cs:14)
Game.UI.Runtime.UIShellEcsPresentationSystem:LogTransition (string,Game.UI.Contracts.UiShellPresentationCommandModel) (at Assets/Game/Scripts/UI/Shell/UIShellEcsPresentationSystem.cs:138)
Game.UI.Runtime.UIShellEcsPresentationSystem/<>c__DisplayClass24_0:<Update>b__0 (int) (at Assets/Game/Scripts/UI/Shell/UIShellEcsPresentationSystem.cs:100)
Game.UI.Runtime.UIShellView/<>c__DisplayClass19_0:<ExecuteCommandSequence>b__0 () (at Assets/Game/Scripts/UI/Shell/UIShellView.cs:99)
Game.UI.Runtime.UIMotionHostView/<SequenceRoutine>d__32:MoveNext () (at Assets/Game/Scripts/UI/Shell/UIMotionHostView.cs:268)
UnityEngine.SetupCoroutine:InvokeMoveNext (System.Collections.IEnumerator,intptr) (at /Users/bokken/build/output/unity/unity/Runtime/Export/Scripting/Coroutines.cs:17)

[UiShellPresentation] stage=CompletionFlushed sequence=3 kind=SwapMenuMiddle region=MiddleRegion
UnityEngine.Debug:Log (object,UnityEngine.Object)
Game.Composition.UiDiagnosticsComposition:Report (Game.UI.Contracts.UiDiagnosticSeverity,string,UnityEngine.Object) (at Assets/Game/Scripts/Composition/UiDiagnosticsComposition.cs:17)
Game.UI.Contracts.UiDiagnostics:Info (string,UnityEngine.Object) (at Assets/Game/Scripts/UI/Contracts/UiDiagnostics.cs:14)
Game.UI.Runtime.UIShellEcsPresentationSystem:LogTransition (string,Game.UI.Contracts.UiShellTransitionCompleteModel) (at Assets/Game/Scripts/UI/Shell/UIShellEcsPresentationSystem.cs:146)
Game.UI.Runtime.UIShellEcsPresentationSystem:FlushPendingCompletion () (at Assets/Game/Scripts/UI/Shell/UIShellEcsPresentationSystem.cs:129)
Game.UI.Runtime.UIShellEcsPresentationSystem:Update () (at Assets/Game/Scripts/UI/Shell/UIShellEcsPresentationSystem.cs:67)

[SupportJourneyTouch] phase=Began point=(1330.71, 93.54) hit=DeployOperationButton
UnityEngine.Debug:Log (object)
Game.Editor.SupportSmokeJourneyProbe:TouchEvidence (Game.UI.Runtime.AriaTouchInputUiSystemHelper,string,UnityEngine.Vector2) (at Assets/Game/Scripts/Editor/SupportSmokeJourneyProbe.cs:290)
Game.UI.Runtime.AriaTouchInputUiSystemHelper:OnInputEvent (UnityEngine.InputSystem.LowLevel.InputEventPtr,UnityEngine.InputSystem.InputDevice) (at Assets/Game/Scripts/UI/Screens/AriaTouchInputUiSystemHelper.cs:162)
UnityEngine.InputSystem.LowLevel.NativeInputRuntime/<>c__DisplayClass7_0:<set_onUpdate>b__0 (UnityEngineInternal.Input.NativeInputUpdateType,UnityEngineInternal.Input.NativeInputEventBuffer*)
UnityEngineInternal.Input.NativeInputSystem:NotifyUpdate (UnityEngineInternal.Input.NativeInputUpdateType,intptr) (at /Users/bokken/build/output/unity/unity/Modules/Input/Private/Input.cs:132)

[SupportJourneyState] stage=3 smokeStage=0 phase=None outcome=None gestures=3 covered=False damage=0
UnityEngine.Debug:Log (object)
Game.Editor.SupportSmokeJourneyProbe:Tick () (at Assets/Game/Scripts/Editor/SupportSmokeJourneyProbe.cs:102)
UnityEditor.EditorApplication:Internal_CallUpdateFunctions () (at /Users/bokken/build/output/unity/unity/Editor/Mono/EditorApplication.cs:403)

[SupportJourneyTouch] phase=Ended point=(1330.71, 93.54) hit=DeployOperationButton
UnityEngine.Debug:Log (object)
Game.Editor.SupportSmokeJourneyProbe:TouchEvidence (Game.UI.Runtime.AriaTouchInputUiSystemHelper,string,UnityEngine.Vector2) (at Assets/Game/Scripts/Editor/SupportSmokeJourneyProbe.cs:290)
Game.UI.Runtime.AriaTouchInputUiSystemHelper:OnInputEvent (UnityEngine.InputSystem.LowLevel.InputEventPtr,UnityEngine.InputSystem.InputDevice) (at Assets/Game/Scripts/UI/Screens/AriaTouchInputUiSystemHelper.cs:162)
UnityEngine.InputSystem.LowLevel.NativeInputRuntime/<>c__DisplayClass7_0:<set_onUpdate>b__0 (UnityEngineInternal.Input.NativeInputUpdateType,UnityEngineInternal.Input.NativeInputEventBuffer*)
UnityEngineInternal.Input.NativeInputSystem:NotifyUpdate (UnityEngineInternal.Input.NativeInputUpdateType,intptr) (at /Users/bokken/build/output/unity/unity/Modules/Input/Private/Input.cs:132)

[UiShellPresentation] stage=CommandStarted sequence=4 kind=ExitMenu region=None route=Match
UnityEngine.Debug:Log (object,UnityEngine.Object)
Game.Composition.UiDiagnosticsComposition:Report (Game.UI.Contracts.UiDiagnosticSeverity,string,UnityEngine.Object) (at Assets/Game/Scripts/Composition/UiDiagnosticsComposition.cs:17)
Game.UI.Contracts.UiDiagnostics:Info (string,UnityEngine.Object) (at Assets/Game/Scripts/UI/Contracts/UiDiagnostics.cs:14)
Game.UI.Runtime.UIShellEcsPresentationSystem:LogTransition (string,Game.UI.Contracts.UiShellPresentationCommandModel) (at Assets/Game/Scripts/UI/Shell/UIShellEcsPresentationSystem.cs:138)
Game.UI.Runtime.UIShellEcsPresentationSystem:Update () (at Assets/Game/Scripts/UI/Shell/UIShellEcsPresentationSystem.cs:87)

[UiShellPresentation] stage=CommandCompleted sequence=4 kind=ExitMenu region=None route=Match
UnityEngine.Debug:Log (object,UnityEngine.Object)
Game.Composition.UiDiagnosticsComposition:Report (Game.UI.Contracts.UiDiagnosticSeverity,string,UnityEngine.Object) (at Assets/Game/Scripts/Composition/UiDiagnosticsComposition.cs:17)
Game.UI.Contracts.UiDiagnostics:Info (string,UnityEngine.Object) (at Assets/Game/Scripts/UI/Contracts/UiDiagnostics.cs:14)
Game.UI.Runtime.UIShellEcsPresentationSystem:LogTransition (string,Game.UI.Contracts.UiShellPresentationCommandModel) (at Assets/Game/Scripts/UI/Shell/UIShellEcsPresentationSystem.cs:138)
Game.UI.Runtime.UIShellEcsPresentationSystem/<>c__DisplayClass24_0:<Update>b__0 (int) (at Assets/Game/Scripts/UI/Shell/UIShellEcsPresentationSystem.cs:100)
Game.UI.Runtime.UIShellView/<>c__DisplayClass19_0:<ExecuteCommandSequence>b__0 () (at Assets/Game/Scripts/UI/Shell/UIShellView.cs:99)
Game.UI.Runtime.UIMotionHostView/<SequenceRoutine>d__32:MoveNext () (at Assets/Game/Scripts/UI/Shell/UIMotionHostView.cs:268)
UnityEngine.SetupCoroutine:InvokeMoveNext (System.Collections.IEnumerator,intptr) (at /Users/bokken/build/output/unity/unity/Runtime/Export/Scripting/Coroutines.cs:17)

[UiShellPresentation] stage=CompletionFlushed sequence=4 kind=ExitMenu region=None
UnityEngine.Debug:Log (object,UnityEngine.Object)
Game.Composition.UiDiagnosticsComposition:Report (Game.UI.Contracts.UiDiagnosticSeverity,string,UnityEngine.Object) (at Assets/Game/Scripts/Composition/UiDiagnosticsComposition.cs:17)
Game.UI.Contracts.UiDiagnostics:Info (string,UnityEngine.Object) (at Assets/Game/Scripts/UI/Contracts/UiDiagnostics.cs:14)
Game.UI.Runtime.UIShellEcsPresentationSystem:LogTransition (string,Game.UI.Contracts.UiShellTransitionCompleteModel) (at Assets/Game/Scripts/UI/Shell/UIShellEcsPresentationSystem.cs:146)
Game.UI.Runtime.UIShellEcsPresentationSystem:FlushPendingCompletion () (at Assets/Game/Scripts/UI/Shell/UIShellEcsPresentationSystem.cs:129)
Game.UI.Runtime.UIShellEcsPresentationSystem:Update () (at Assets/Game/Scripts/UI/Shell/UIShellEcsPresentationSystem.cs:67)

[UiShellRoute] submitted deferred Match scene load request after loading feedback.
UnityEngine.Debug:Log (object)
Game.Composition.MenuBootstrapCompositionSystemHelper:QueueDeferredMatchLoadAfterLoadingFeedback (Unity.Entities.EntityManager,Game.UI.Shell.Contracts.Ecs.UiShellStateComponent) (at Assets/Game/Scripts/Composition/MenuBootstrapCompositionSystemHelper.cs:643)
Game.Composition.MenuBootstrapCompositionSystemHelper:Update (Game.Composition.MenuBootstrapView,single) (at Assets/Game/Scripts/Composition/MenuBootstrapCompositionSystemHelper.cs:157)
Game.Composition.MenuBootstrapView:Update () (at Assets/Game/Scripts/Composition/MenuBootstrapView.cs:174)

[UiShellRoute] submitted deferred Match gameplay start request.
UnityEngine.Debug:Log (object)
Game.Composition.MenuBootstrapCompositionSystemHelper:QueueDeferredMatchLoadAfterLoadingFeedback (Unity.Entities.EntityManager,Game.UI.Shell.Contracts.Ecs.UiShellStateComponent) (at Assets/Game/Scripts/Composition/MenuBootstrapCompositionSystemHelper.cs:658)
Game.Composition.MenuBootstrapCompositionSystemHelper:Update (Game.Composition.MenuBootstrapView,single) (at Assets/Game/Scripts/Composition/MenuBootstrapCompositionSystemHelper.cs:157)
Game.Composition.MenuBootstrapView:Update () (at Assets/Game/Scripts/Composition/MenuBootstrapView.cs:174)

[OperationMapLaunchIdentity] source=Campaign mission=saga.ch04.m02.steel_push scenario=scenario.ch04.m02.steel_push operationMap=opmap.ch04.steel_push_01
UnityEngine.Debug:Log (object)
Game.Composition.MatchSceneView:TryResolveOperationMapDefinition (Unity.Entities.World,Game.Configs.OperationMapDefinition&,bool&,Game.Components.OperationMapLoadResultCode&,string&) (at Assets/Game/Scripts/Composition/MatchSceneView.OperationMapLifecycle.cs:377)
Game.Composition.MatchSceneView:EnsureOperationMapSourceSceneLoad () (at Assets/Game/Scripts/Composition/MatchSceneView.OperationMapLifecycle.cs:314)
Game.Composition.MatchSceneView:EnsureMatchRuntimeBound () (at Assets/Game/Scripts/Composition/MatchSceneView.OperationMapLifecycle.cs:19)
Game.Composition.MatchSceneView:Awake () (at Assets/Game/Scripts/Composition/MatchSceneView.cs:229)

[FrameRateDiag:PreGame] fps=6.5 avgFrame=154.2ms updateAvg=1.2ms updateMax=1.2ms cpuFrame=9.4ms cpuMain=6.7ms cpuRender=0.9ms gpu=2.4ms drawCalls=14 batches=0 setPass=36 tris=2150 verts=6002 units=0 models=0 sourceKeys=0 sourceKeyFallbackVisuals=0 initialSpawnConfigs=0 impostors=0 render=screen=1920x1080,batch=0,quality=1:Mobile,vSync=0,targetFps=-1,pipeline=Mobile_RPAsset,scale=0.50,msaa=0,camera=Main Camera,cameraData=post:1,aa:FastApproximateAntialiasing,stack:0 memory=alloc=4182MB reserved=5964MB mono=3061MB focused=1 playRequested=0 simulationActive=0 lastSteps=MainMenu=0.6ms stepStats=none topSystems=disabled markers=disabled
[RenderSceneDiag] frame=4462 source=profilerCounters drawCalls=14 batches=0 setPass=36 tris=2150 verts=6002 topSystems=disabled markers=disabled
[OperationMapReadiness] ready=SourceContent, Metadata, MapSurface, PresentationManifest, RequiredPresentationPreload failed=None
UnityEngine.Debug:Log (object)
Game.Composition.MatchSceneView:TryPublishOperationMapReadiness (bool,bool,string&) (at Assets/Game/Scripts/Composition/MatchSceneView.OperationMapLifecycle.cs:277)
Game.Composition.MenuBootstrapCompositionSystemHelper:UpdateStaticMapPresentationForLoadedMatch (bool,Game.Composition.MatchSceneView) (at Assets/Game/Scripts/Composition/MenuBootstrapCompositionSystemHelper.cs:476)
Game.Composition.MenuBootstrapCompositionSystemHelper:UpdateStaticMapPresentation (Unity.Entities.EntityManager,Game.UI.Shell.Contracts.Ecs.UiShellStateComponent) (at Assets/Game/Scripts/Composition/MenuBootstrapCompositionSystemHelper.cs:453)
Game.Composition.MenuBootstrapCompositionSystemHelper:Update (Game.Composition.MenuBootstrapView,single) (at Assets/Game/Scripts/Composition/MenuBootstrapCompositionSystemHelper.cs:150)
Game.Composition.MenuBootstrapView:Update () (at Assets/Game/Scripts/Composition/MenuBootstrapView.cs:174)

[MapVehicleOwnershipRuntime] phase=CompositionInit configAssigned=0 placements=-1 authoringRootAssigned=1 configuredPacked=1
UnityEngine.Debug:Log (object)
Game.Runtime.BuildingGameplayCompositionSystemHelper:Initialize (Game.Configs.BuildingPlacementSystemConfig,UnityEngine.Camera,UnityEngine.Transform,UnityEngine.Transform,Game.Runtime.RoadGridProjectionSystem/RoadFootprintState,Game.Runtime.FactionVisualSettings,Game.Runtime.DayNightSystem,Game.Configs.RTSSelectionSystemConfig,Game.Configs.MapBuildingPlacementConfig,Game.Configs.MapVehiclePlacementConfig,UnityEngine.Transform,UnityEngine.Transform,System.Func`2<UnityEngine.GameObject, UnityEngine.Sprite>,Game.Runtime.BuildingProductionQueueCompositionSystemHelper/TryGetUnitProductionMetadataDelegate,Game.Runtime.BuildingProductionTransportPresentationSystemHelper/PrepareTransportDropVisualDelegate,System.Func`2<UnityEngine.GameObject, string>,Game.Runtime.BuildingDefinitionPrefabSystemHelper/TryGetBuildingDefinitionMetadataDelegate,Game.Runtime.BuildingDefinitionPrefabSystemHelper/TryGetUnitDefinitionMetadataDelegate,bool,System.Func`1<Game.Configs.MapVehiclePlacementConfig>,System.Func`1<UnityEngine.Transform>) (at Assets/Game/Scripts/Systems/BuildingGameplayCompositionSystemHelper.cs:470)
Game.Runtime.ManagedGameplayStartupSystemHelper:Initialize (Unity.Entities.EntityManager,Game.Configs.DayNightSystemConfig,Game.Configs.FactionVisualSettingsConfig,Game.Configs.RoadBuildSystemConfig,Game.Configs.BuildingPlacementSystemConfig,Game.Configs.MapBuildingPlacementConfig,Game.Configs.MapVehiclePlacementConfig,Game.Configs.RTSSelectionSystemConfig,Game.Configs.RuntimeCitySpawnerSystemConfig,Game.Configs.GameStringsConfig,UnityEngine.Camera,UnityEngine.Light,UnityEngine.Rendering.Volume,UnityEngine.Transform,UnityEngine.Transform,System.Func`3<UnityEngine.Transform, Game.Configs.RTSSelectionSystemConfig, Game.UI.Contracts.ISelectionRectangleView>,System.Func`2<UnityEngine.GameObject, UnityEngine.Sprite>,System.Func`2<UnityEngine.GameObject, UnityEngine.Sprite>,Game.Runtime.BuildingProductionQueueCompositionSystemHelper/TryGetUnitProductionMetadataDelegate,Game.Runtime.BuildingProductionTransportPresentationSystemHelper/PrepareTransportDropVisualDelegate,System.Func`2<UnityEngine.GameObject, string>,Game.Runtime.BuildingDefinitionPrefabSystemHelper/TryGetBuildingDefinitionMetadataDelegate,Game.Runtime.BuildingDefinitionPrefabSystemHelper/TryGetUnitDefinitionMetadataDelegate,UnityEngine.Transform,UnityEngine.Transform,Game.UI.Contracts.IMatchIntroStateQuery,bool,System.Func`1<Game.Configs.MapVehiclePlacementConfig>,System.Func`1<UnityEngine.Transform>) (at Assets/Game/Scripts/Systems/ManagedGameplayStartupSystemHelper.cs:177)
Game.Composition.MatchBootstrapCompositionSystemHelper:InitializeManagedRuntime (Game.Configs.DayNightSystemConfig,Game.Configs.FactionVisualSettingsConfig,Game.Configs.RoadBuildSystemConfig,Game.Configs.BuildingPlacementSystemConfig,Game.Configs.MapBuildingPlacementConfig,Game.Configs.MapVehiclePlacementConfig,Game.Configs.RTSSelectionSystemConfig,Game.Configs.RuntimeCitySpawnerSystemConfig,Game.Configs.GameStringsConfig,UnityEngine.Camera,UnityEngine.Light,UnityEngine.Rendering.Volume,UnityEngine.Transform,UnityEngine.Transform,System.Func`3<UnityEngine.Transform, Game.Configs.RTSSelectionSystemConfig, Game.UI.Contracts.ISelectionRectangleView>,UnityEngine.Transform,UnityEngine.Transform,Game.UI.Contracts.IMatchIntroStateQuery,bool) (at Assets/Game/Scripts/Composition/MatchBootstrapCompositionSystemHelper.cs:432)
Game.Composition.MatchBootstrapCompositionSystemHelper:InitializeManagedRuntimeIfNeeded () (at Assets/Game/Scripts/Composition/MatchBootstrapCompositionSystemHelper.cs:765)
Game.Composition.MatchGameplayStartupCompositionSystemHelper:AdvanceStep (Game.Runtime.BuildingRuntimeUpdateCompositionSystemHelper,Game.Runtime.BuildingRuntimeUpdateCompositionSystemHelper/Context&) (at Assets/Game/Scripts/Composition/MatchGameplayStartupCompositionSystemHelper.cs:158)
Game.Composition.MatchGameplayStartupCompositionSystemHelper:Advance (Game.Runtime.BuildingRuntimeUpdateCompositionSystemHelper,Game.Runtime.BuildingRuntimeUpdateCompositionSystemHelper/Context&) (at Assets/Game/Scripts/Composition/MatchGameplayStartupCompositionSystemHelper.cs:112)
Game.Composition.MatchBootstrapCompositionSystemHelper:Update () (at Assets/Game/Scripts/Composition/MatchBootstrapCompositionSystemHelper.cs:186)
Game.Composition.MatchSceneView:Update () (at Assets/Game/Scripts/Composition/MatchSceneView.cs:271)

[RuntimeGridBootstrap] RuntimeGridBootstrap_NoTacticalMapRuntimeLoader_2026-05-26 ready entity=329 size=2048x1024 cellSize=1
UnityEngine.Debug:Log (object)
Game.Runtime.RuntimeGridBootstrapStartupSystemHelper:Ensure (Unity.Entities.EntityManager,int,int,single,UnityEngine.Vector3,UnityEngine.Vector2Int[]) (at Assets/Game/Scripts/Systems/RuntimeGridBootstrapStartupSystemHelper.cs:63)
Game.Composition.MatchBootstrapStartupConfigProjection:ProjectRuntimeStartupConfig (Unity.Entities.World,Game.Runtime.RuntimeGridBootstrapStartupSystemHelper,Game.Composition.MapSurfaceRuntimeBootstrapSceneSystemHelper,Game.Composition.MatchSceneView,Game.Configs.BuildingPlacementSystemConfig,Game.Runtime.AIStartupSystem,System.Collections.Generic.IReadOnlyList`1<Game.Configs.AIControllerConfig>,Game.Configs.AISettingsSnapshot,System.Collections.Generic.List`1<Game.Runtime.InitialFactionSpawnCellFallbackEntry>) (at Assets/Game/Scripts/Composition/MatchBootstrapStartupConfigProjection.cs:49)
Game.Composition.MatchGameplayStartupCompositionSystemHelper:AdvanceStep (Game.Runtime.BuildingRuntimeUpdateCompositionSystemHelper,Game.Runtime.BuildingRuntimeUpdateCompositionSystemHelper/Context&) (at Assets/Game/Scripts/Composition/MatchGameplayStartupCompositionSystemHelper.cs:181)
Game.Composition.MatchGameplayStartupCompositionSystemHelper:Advance (Game.Runtime.BuildingRuntimeUpdateCompositionSystemHelper,Game.Runtime.BuildingRuntimeUpdateCompositionSystemHelper/Context&) (at Assets/Game/Scripts/Composition/MatchGameplayStartupCompositionSystemHelper.cs:112)
Game.Composition.MatchBootstrapCompositionSystemHelper:Update () (at Assets/Game/Scripts/Composition/MatchBootstrapCompositionSystemHelper.cs:186)
Game.Composition.MatchSceneView:Update () (at Assets/Game/Scripts/Composition/MatchSceneView.cs:271)

[FrameRateDiag:PreGame] fps=1.7 avgFrame=572.9ms updateAvg=3.3ms updateMax=9.6ms cpuFrame=154.2ms cpuMain=133.5ms cpuRender=1.2ms gpu=5.6ms drawCalls=14 batches=0 setPass=36 tris=2150 verts=6002 units=0 models=0 sourceKeys=0 sourceKeyFallbackVisuals=0 initialSpawnConfigs=0 impostors=0 render=screen=1920x1080,batch=0,quality=1:Mobile,vSync=0,targetFps=-1,pipeline=Mobile_RPAsset_MobileCandidate,scale=0.75,msaa=0,camera=Main Camera,cameraData=post:1,aa:FastApproximateAntialiasing,stack:0 memory=alloc=5272MB reserved=6381MB mono=3440MB focused=1 playRequested=0 simulationActive=0 lastSteps=MainMenu=0.3ms stepStats=none topSystems=disabled markers=disabled
[SupportJourneyState] stage=3 smokeStage=0 phase=None outcome=None gestures=4 covered=False damage=0
UnityEngine.Debug:Log (object)
Game.Editor.SupportSmokeJourneyProbe:Tick () (at Assets/Game/Scripts/Editor/SupportSmokeJourneyProbe.cs:102)
UnityEditor.EditorApplication:Internal_CallUpdateFunctions () (at /Users/bokken/build/output/unity/unity/Editor/Mono/EditorApplication.cs:403)

[MapVehicleOwnershipRuntime] phase=RuntimeContextReady configAssigned=0 placements=-1 authoringRootAssigned=1 configuredPacked=1 positiveContract=0
UnityEngine.Debug:Log (object)
Game.Runtime.BuildingGameplayCompositionSystemHelper/<>c__DisplayClass16_0:<Initialize>g__EnsureRuntimeTickContext|38 () (at Assets/Game/Scripts/Systems/BuildingGameplayCompositionSystemHelper.cs:486)
Game.Runtime.BuildingGameplayCompositionSystemHelper/<>c__DisplayClass16_0:<Initialize>g__UpdateBuildingStartupTick|39 () (at Assets/Game/Scripts/Systems/BuildingGameplayCompositionSystemHelper.cs:606)
Game.Runtime.BuildingRuntimeUpdateCompositionSystemHelper:UpdateStartup (Game.Runtime.BuildingRuntimeUpdateCompositionSystemHelper/Context) (at Assets/Game/Scripts/Systems/BuildingRuntimeUpdateCompositionSystemHelper.cs:31)
Game.Composition.MatchGameplayStartupCompositionSystemHelper:AdvanceStep (Game.Runtime.BuildingRuntimeUpdateCompositionSystemHelper,Game.Runtime.BuildingRuntimeUpdateCompositionSystemHelper/Context&) (at Assets/Game/Scripts/Composition/MatchGameplayStartupCompositionSystemHelper.cs:288)
Game.Composition.MatchGameplayStartupCompositionSystemHelper:Advance (Game.Runtime.BuildingRuntimeUpdateCompositionSystemHelper,Game.Runtime.BuildingRuntimeUpdateCompositionSystemHelper/Context&) (at Assets/Game/Scripts/Composition/MatchGameplayStartupCompositionSystemHelper.cs:112)
Game.Composition.MatchBootstrapCompositionSystemHelper:Update () (at Assets/Game/Scripts/Composition/MatchBootstrapCompositionSystemHelper.cs:186)
Game.Composition.MatchSceneView:Update () (at Assets/Game/Scripts/Composition/MatchSceneView.cs:271)

[MapBuildingPlacement] no baked map building placements configured.
UnityEngine.Debug:LogWarning (object)
Game.Runtime.MapBuildingPlacementSpawnPrefabSystemHelper:WarnOnce (bool&,Game.Runtime.MapBuildingPlacementSpawnPrefabSystemHelper/Context,string) (at Assets/Game/Scripts/Systems/MapBuildingPlacementSpawnPrefabSystemHelper.cs:815)
Game.Runtime.MapBuildingPlacementSpawnPrefabSystemHelper:SpawnPlacements (Game.Runtime.MapBuildingPlacementSpawnPrefabSystemHelper/Context) (at Assets/Game/Scripts/Systems/MapBuildingPlacementSpawnPrefabSystemHelper.cs:93)
Game.Runtime.MapBuildingPlacementSpawnPrefabSystemHelper:Update (Game.Runtime.MapBuildingPlacementSpawnPrefabSystemHelper/Context) (at Assets/Game/Scripts/Systems/MapBuildingPlacementSpawnPrefabSystemHelper.cs:86)
Game.Runtime.BuildingGameplayCompositionSystemHelper/<>c__DisplayClass16_1:<Initialize>b__58 () (at Assets/Game/Scripts/Systems/BuildingGameplayCompositionSystemHelper.cs:552)
Game.Runtime.BuildingPlacementRuntimeTickCompositionSystemHelper:UpdateStartup (Game.Runtime.BuildingPlacementRuntimeTickCompositionSystemHelper/Context) (at Assets/Game/Scripts/Systems/BuildingPlacementRuntimeTickCompositionSystemHelper.cs:119)
Game.Runtime.BuildingGameplayCompositionSystemHelper/<>c__DisplayClass16_0:<Initialize>g__UpdateBuildingStartupTick|39 () (at Assets/Game/Scripts/Systems/BuildingGameplayCompositionSystemHelper.cs:607)
Game.Runtime.BuildingRuntimeUpdateCompositionSystemHelper:UpdateStartup (Game.Runtime.BuildingRuntimeUpdateCompositionSystemHelper/Context) (at Assets/Game/Scripts/Systems/BuildingRuntimeUpdateCompositionSystemHelper.cs:31)
Game.Composition.MatchGameplayStartupCompositionSystemHelper:AdvanceStep (Game.Runtime.BuildingRuntimeUpdateCompositionSystemHelper,Game.Runtime.BuildingRuntimeUpdateCompositionSystemHelper/Context&) (at Assets/Game/Scripts/Composition/MatchGameplayStartupCompositionSystemHelper.cs:288)
Game.Composition.MatchGameplayStartupCompositionSystemHelper:Advance (Game.Runtime.BuildingRuntimeUpdateCompositionSystemHelper,Game.Runtime.BuildingRuntimeUpdateCompositionSystemHelper/Context&) (at Assets/Game/Scripts/Composition/MatchGameplayStartupCompositionSystemHelper.cs:112)
Game.Composition.MatchBootstrapCompositionSystemHelper:Update () (at Assets/Game/Scripts/Composition/MatchBootstrapCompositionSystemHelper.cs:186)
Game.Composition.MatchSceneView:Update () (at Assets/Game/Scripts/Composition/MatchSceneView.cs:271)

[OperationMapReadiness] ready=SourceContent, SubScene, Metadata, MapSurface, AuthoredConversion, PresentationManifest, RequiredPresentationPreload failed=None
UnityEngine.Debug:Log (object)
Game.Composition.MatchSceneView:TryPublishOperationMapReadiness (bool,bool,string&) (at Assets/Game/Scripts/Composition/MatchSceneView.OperationMapLifecycle.cs:277)
Game.Composition.MenuBootstrapCompositionSystemHelper:UpdateStaticMapPresentationForLoadedMatch (bool,Game.Composition.MatchSceneView) (at Assets/Game/Scripts/Composition/MenuBootstrapCompositionSystemHelper.cs:476)
Game.Composition.MenuBootstrapCompositionSystemHelper:UpdateStaticMapPresentation (Unity.Entities.EntityManager,Game.UI.Shell.Contracts.Ecs.UiShellStateComponent) (at Assets/Game/Scripts/Composition/MenuBootstrapCompositionSystemHelper.cs:453)
Game.Composition.MenuBootstrapCompositionSystemHelper:Update (Game.Composition.MenuBootstrapView,single) (at Assets/Game/Scripts/Composition/MenuBootstrapCompositionSystemHelper.cs:150)
Game.Composition.MenuBootstrapView:Update () (at Assets/Game/Scripts/Composition/MenuBootstrapView.cs:174)

[LoadingGate] waiting frame=4472 gameplayInitialized=1 playRequested=1 simulationActive=0 city=null blockers=null decorations=null initialSpawn=configs:2,initialized:0,progress:0
UnityEngine.Debug:Log (object)
Game.Runtime.GameplayRuntimeUpdateCompositionSystemHelper:LogLoadingGateIfDue (Unity.Entities.World,bool,Game.Runtime.RuntimeGameplayStateSystem,Game.Runtime.RuntimeCityCompositionSystemHelper,Game.Runtime.RuntimeGridBlockerPresentationSystemHelper,Game.Runtime.RuntimeDecorationSpawnerPresentationSystemHelper) (at Assets/Game/Scripts/Systems/GameplayRuntimeUpdateCompositionSystemHelper.Runtime.cs:413)
Game.Runtime.GameplayRuntimeUpdateCompositionSystemHelper:Update (Unity.Entities.World,bool,Game.Runtime.RuntimeGameplayStateSystem,Game.Runtime.PerformanceDiagnosticsSystemHelper,System.Action,Game.Runtime.BuildingRuntimeUpdateCompositionSystemHelper,Game.Runtime.BuildingRuntimeUpdateCompositionSystemHelper/Context,System.Action,UnityEngine.Camera,Game.Runtime.RuntimeCityCompositionSystemHelper,Game.Runtime.RuntimeGridBlockerPresentationSystemHelper,Game.Runtime.RuntimeDecorationSpawnerPresentationSystemHelper,Game.Runtime.DayNightSystem,System.Action,Game.UI.Contracts.IMatchRuntimeUi,Game.Rendering.Contracts.IUnitImpostorRenderer,bool&) (at Assets/Game/Scripts/Systems/GameplayRuntimeUpdateCompositionSystemHelper.Runtime.cs:239)
Game.Composition.MatchBootstrapCompositionSystemHelper:UpdateRuntime (bool,Game.Runtime.RuntimeGameplayStateSystem,Game.Runtime.PerformanceDiagnosticsSystemHelper,System.Action,Game.Runtime.BuildingRuntimeUpdateCompositionSystemHelper,Game.Runtime.BuildingRuntimeUpdateCompositionSystemHelper/Context,System.Action,UnityEngine.Camera,Game.Runtime.RuntimeCityCompositionSystemHelper,Game.Runtime.RuntimeGridBlockerPresentationSystemHelper,Game.Runtime.RuntimeDecorationSpawnerPresentationSystemHelper,Game.Runtime.DayNightSystem,System.Action,Game.UI.Contracts.IMatchRuntimeUi,Game.Rendering.Contracts.IUnitImpostorRenderer,bool&) (at Assets/Game/Scripts/Composition/MatchBootstrapCompositionSystemHelper.cs:583)
Game.Composition.MatchBootstrapCompositionSystemHelper:Update () (at Assets/Game/Scripts/Composition/MatchBootstrapCompositionSystemHelper.cs:203)
Game.Composition.MatchSceneView:Update () (at Assets/Game/Scripts/Composition/MatchSceneView.cs:271)

[LoadingGate] ready frame=4473 gameplayInitialized=1 playRequested=1 simulationActive=1
UnityEngine.Debug:Log (object)
Game.Runtime.GameplayRuntimeUpdateCompositionSystemHelper:Update (Unity.Entities.World,bool,Game.Runtime.RuntimeGameplayStateSystem,Game.Runtime.PerformanceDiagnosticsSystemHelper,System.Action,Game.Runtime.BuildingRuntimeUpdateCompositionSystemHelper,Game.Runtime.BuildingRuntimeUpdateCompositionSystemHelper/Context,System.Action,UnityEngine.Camera,Game.Runtime.RuntimeCityCompositionSystemHelper,Game.Runtime.RuntimeGridBlockerPresentationSystemHelper,Game.Runtime.RuntimeDecorationSpawnerPresentationSystemHelper,Game.Runtime.DayNightSystem,System.Action,Game.UI.Contracts.IMatchRuntimeUi,Game.Rendering.Contracts.IUnitImpostorRenderer,bool&) (at Assets/Game/Scripts/Systems/GameplayRuntimeUpdateCompositionSystemHelper.Runtime.cs:220)
Game.Composition.MatchBootstrapCompositionSystemHelper:UpdateRuntime (bool,Game.Runtime.RuntimeGameplayStateSystem,Game.Runtime.PerformanceDiagnosticsSystemHelper,System.Action,Game.Runtime.BuildingRuntimeUpdateCompositionSystemHelper,Game.Runtime.BuildingRuntimeUpdateCompositionSystemHelper/Context,System.Action,UnityEngine.Camera,Game.Runtime.RuntimeCityCompositionSystemHelper,Game.Runtime.RuntimeGridBlockerPresentationSystemHelper,Game.Runtime.RuntimeDecorationSpawnerPresentationSystemHelper,Game.Runtime.DayNightSystem,System.Action,Game.UI.Contracts.IMatchRuntimeUi,Game.Rendering.Contracts.IUnitImpostorRenderer,bool&) (at Assets/Game/Scripts/Composition/MatchBootstrapCompositionSystemHelper.cs:583)
Game.Composition.MatchBootstrapCompositionSystemHelper:Update () (at Assets/Game/Scripts/Composition/MatchBootstrapCompositionSystemHelper.cs:203)
Game.Composition.MatchSceneView:Update () (at Assets/Game/Scripts/Composition/MatchSceneView.cs:271)

[FreezeDetect] Frame gap frame=4474 Gap=199.6ms GC=0/0/0 LastSteps=BuildingStartup=0.3ms, MainMenu=19.9ms
[MapVehicleOwnershipRuntime] phase=LiveContractObserved configAssigned=0 placements=-1 authoringRootAssigned=1 configuredPacked=1 authoredVehicles=0
UnityEngine.Debug:Log (object)
Game.Runtime.BuildingGameplayCompositionSystemHelper/<>c__DisplayClass16_0:<Initialize>g__UpdateBuildingSimulationTick|40 () (at Assets/Game/Scripts/Systems/BuildingGameplayCompositionSystemHelper.cs:622)
Game.Runtime.BuildingRuntimeUpdateCompositionSystemHelper:UpdateSimulation (Game.Runtime.BuildingRuntimeUpdateCompositionSystemHelper/Context) (at Assets/Game/Scripts/Systems/BuildingRuntimeUpdateCompositionSystemHelper.cs:41)
Game.Runtime.GameplayRuntimeUpdateCompositionSystemHelper:Update (Unity.Entities.World,bool,Game.Runtime.RuntimeGameplayStateSystem,Game.Runtime.PerformanceDiagnosticsSystemHelper,System.Action,Game.Runtime.BuildingRuntimeUpdateCompositionSystemHelper,Game.Runtime.BuildingRuntimeUpdateCompositionSystemHelper/Context,System.Action,UnityEngine.Camera,Game.Runtime.RuntimeCityCompositionSystemHelper,Game.Runtime.RuntimeGridBlockerPresentationSystemHelper,Game.Runtime.RuntimeDecorationSpawnerPresentationSystemHelper,Game.Runtime.DayNightSystem,System.Action,Game.UI.Contracts.IMatchRuntimeUi,Game.Rendering.Contracts.IUnitImpostorRenderer,bool&) (at Assets/Game/Scripts/Systems/GameplayRuntimeUpdateCompositionSystemHelper.Runtime.cs:150)
Game.Composition.MatchBootstrapCompositionSystemHelper:UpdateRuntime (bool,Game.Runtime.RuntimeGameplayStateSystem,Game.Runtime.PerformanceDiagnosticsSystemHelper,System.Action,Game.Runtime.BuildingRuntimeUpdateCompositionSystemHelper,Game.Runtime.BuildingRuntimeUpdateCompositionSystemHelper/Context,System.Action,UnityEngine.Camera,Game.Runtime.RuntimeCityCompositionSystemHelper,Game.Runtime.RuntimeGridBlockerPresentationSystemHelper,Game.Runtime.RuntimeDecorationSpawnerPresentationSystemHelper,Game.Runtime.DayNightSystem,System.Action,Game.UI.Contracts.IMatchRuntimeUi,Game.Rendering.Contracts.IUnitImpostorRenderer,bool&) (at Assets/Game/Scripts/Composition/MatchBootstrapCompositionSystemHelper.cs:583)
Game.Composition.MatchBootstrapCompositionSystemHelper:Update () (at Assets/Game/Scripts/Composition/MatchBootstrapCompositionSystemHelper.cs:203)
Game.Composition.MatchSceneView:Update () (at Assets/Game/Scripts/Composition/MatchSceneView.cs:271)

[FreezeDetect] Update hitch frame=4474 BuildingPlacement=1751.3ms, GC=0/0/0, Total=1785.6ms
[PerfDiag] slowUpdate frame=4474 total=1785.6ms gc=0/0/0 cpuFrame=9.0ms cpuMain=5.0ms cpuRender=1.9ms gpu=3.6ms steps=RoadBuild=8.6ms, BuildingPlacement=1751.3ms, Selection=24.3ms, DayNight=0.1ms, CitizenPopulation=0.1ms, MainMenu=1.1ms units=4946 models=13 sourceKeys=4946 sourceKeyFallbackVisuals=0 initialSpawnConfigs=2 drawCalls=808 batches=0 setPass=60 tris=1748393 verts=3234773 memory=alloc=5354MB reserved=6399MB mono=3447MB uiToolkit=0 gameplayInitialized=1 playRequested=1 simulationActive=1 focused=1 vSync=0 targetFps=-1 topSystems=disabled markers=disabled
[FrameRateDiag] fps=1.6 avgFrame=620.8ms updateAvg=201.1ms updateMax=1785.6ms cpuFrame=9.0ms cpuMain=5.0ms cpuRender=1.9ms gpu=3.6ms drawCalls=808 batches=0 setPass=60 tris=1748393 verts=3234773 units=4946 models=13 sourceKeys=4946 sourceKeyFallbackVisuals=0 initialSpawnConfigs=2 impostors=4 render=screen=1920x1080,batch=0,quality=1:Mobile,vSync=0,targetFps=-1,pipeline=Mobile_RPAsset_MobileCandidate,scale=0.75,msaa=0,camera=Main Camera,cameraData=post:1,aa:FastApproximateAntialiasing,stack:0 memory=alloc=5354MB reserved=6399MB mono=3447MB focused=1 playRequested=1 simulationActive=1 stepStats=none topSystems=disabled markers=disabled
[SteelPushReserve] initialized origin=int2(796, 450) footprint=int2(24, 23) stored=160 civilian=40 usable=120
UnityEngine.Debug:Log (object)
Game.Runtime.CampaignMissionRuntimeSystem:ProjectSteelPushProtection (Unity.Entities.EntityManager,Unity.Entities.Entity,Game.Components.CampaignMissionRuntimeComponent&,Game.Components.CampaignMissionAttemptFactsComponent&) (at Assets/Game/Scripts/Runtime/Missions/CampaignMissionRuntimeSystem.SteelPush.cs:63)
Game.Runtime.CampaignMissionRuntimeSystem:TryAdvanceDefense (Unity.Entities.SystemState&,Unity.Entities.Entity,Game.Components.CampaignMissionRuntimeComponent&) (at Assets/Game/Scripts/Runtime/Missions/CampaignMissionRuntimeSystem.Defense.cs:29)
Game.Runtime.CampaignMissionRuntimeSystem:OnUpdate (Unity.Entities.SystemState&) (at Assets/Game/Scripts/Runtime/Missions/CampaignMissionRuntimeSystem.cs:52)
Game.Runtime.CampaignMissionRuntimeSystem:__codegen__OnUpdate (intptr,intptr)
Unity.Entities.SystemBaseRegistry/<>c__DisplayClass9_0:<SelectBurstFn>b__0 (intptr,intptr) (at ./Library/PackageCache/com.unity.entities@bab66ffaba49/Unity.Entities/SystemBaseRegistry.cs:251)
Unity.Entities.WorldUnmanagedImpl/Unity.Entities.UnmanagedUpdate_000015A0$BurstDirectCall:Invoke (void*)
Unity.Entities.WorldUnmanagedImpl:UnmanagedUpdate (void*)
Unity.Entities.WorldUnmanagedImpl:UpdateSystem (Unity.Entities.SystemHandle) (at ./Library/PackageCache/com.unity.entities@bab66ffaba49/Unity.Entities/WorldUnmanaged.cs:942)
Unity.Entities.ComponentSystemGroup:UpdateAllSystems () (at ./Library/PackageCache/com.unity.entities@bab66ffaba49/Unity.Entities/ComponentSystemGroup.cs:725)
Unity.Entities.ComponentSystemGroup:OnUpdate () (at ./Library/PackageCache/com.unity.entities@bab66ffaba49/Unity.Entities/ComponentSystemGroup.cs:687)
Unity.Entities.SystemBase:Update () (at ./Library/PackageCache/com.unity.entities@bab66ffaba49/Unity.Entities/SystemBase.cs:205)
Unity.Entities.ScriptBehaviourUpdateOrder/DummyDelegateWrapper:TriggerUpdate () (at ./Library/PackageCache/com.unity.entities@bab66ffaba49/Unity.Entities/ScriptBehaviourUpdateOrder.cs:523)

[FreezeDetect] Frame gap frame=4475 Gap=1932.3ms GC=0/0/0 LastSteps=RoadBuild=8.6ms, BuildingPlacement=1751.3ms, Selection=24.3ms, DayNight=0.1ms, CitizenPopulation=0.1ms, MainMenu=1.1ms
[UiShellPresentation] stage=CommandStarted sequence=5 kind=EnterMatchHud region=None route=Match
UnityEngine.Debug:Log (object,UnityEngine.Object)
Game.Composition.UiDiagnosticsComposition:Report (Game.UI.Contracts.UiDiagnosticSeverity,string,UnityEngine.Object) (at Assets/Game/Scripts/Composition/UiDiagnosticsComposition.cs:17)
Game.UI.Contracts.UiDiagnostics:Info (string,UnityEngine.Object) (at Assets/Game/Scripts/UI/Contracts/UiDiagnostics.cs:14)
Game.UI.Runtime.UIShellEcsPresentationSystem:LogTransition (string,Game.UI.Contracts.UiShellPresentationCommandModel) (at Assets/Game/Scripts/UI/Shell/UIShellEcsPresentationSystem.cs:138)
Game.UI.Runtime.UIShellEcsPresentationSystem:Update () (at Assets/Game/Scripts/UI/Shell/UIShellEcsPresentationSystem.cs:87)

The referenced script on this Behaviour (Game Object '<null>') is missing!
UnityEngine.Object:Instantiate<UnityEngine.GameObject> (UnityEngine.GameObject,UnityEngine.Transform,bool)
Game.UI.Runtime.UIShellContentView:InstallSection (UnityEngine.GameObject,Game.UI.Runtime.UIShellContentSectionId,Game.UI.Runtime.UIShellRegionId) (at Assets/Game/Scripts/UI/Shell/UIShellContentView.cs:643)
Game.UI.Runtime.UIShellContentView:InstallMatchHud () (at Assets/Game/Scripts/UI/Shell/UIShellContentView.cs:365)
Game.UI.Runtime.UIShellContentView:PrepareForCommandSequence (System.Collections.Generic.IReadOnlyList`1<Game.UI.Contracts.UiShellPresentationCommandModel>) (at Assets/Game/Scripts/UI/Shell/UIShellContentView.cs:169)
Game.UI.Runtime.UIShellView:ExecuteCommandSequence (System.Collections.Generic.IReadOnlyList`1<Game.UI.Contracts.UiShellPresentationCommandModel>,int,System.Action`1<int>) (at Assets/Game/Scripts/UI/Shell/UIShellView.cs:76)
Game.UI.Runtime.UIShellEcsPresentationSystem:Update () (at Assets/Game/Scripts/UI/Shell/UIShellEcsPresentationSystem.cs:89)

The referenced script on this Behaviour (Game Object '<null>') is missing!
UnityEngine.Object:Instantiate<UnityEngine.GameObject> (UnityEngine.GameObject,UnityEngine.Transform,bool)
Game.UI.Runtime.UIShellContentView:InstallSection (UnityEngine.GameObject,Game.UI.Runtime.UIShellContentSectionId,Game.UI.Runtime.UIShellRegionId) (at Assets/Game/Scripts/UI/Shell/UIShellContentView.cs:643)
Game.UI.Runtime.UIShellContentView:InstallMatchHud () (at Assets/Game/Scripts/UI/Shell/UIShellContentView.cs:365)
Game.UI.Runtime.UIShellContentView:PrepareForCommandSequence (System.Collections.Generic.IReadOnlyList`1<Game.UI.Contracts.UiShellPresentationCommandModel>) (at Assets/Game/Scripts/UI/Shell/UIShellContentView.cs:169)
Game.UI.Runtime.UIShellView:ExecuteCommandSequence (System.Collections.Generic.IReadOnlyList`1<Game.UI.Contracts.UiShellPresentationCommandModel>,int,System.Action`1<int>) (at Assets/Game/Scripts/UI/Shell/UIShellView.cs:76)
Game.UI.Runtime.UIShellEcsPresentationSystem:Update () (at Assets/Game/Scripts/UI/Shell/UIShellEcsPresentationSystem.cs:89)

The referenced script on this Behaviour (Game Object '<null>') is missing!
UnityEngine.Object:Instantiate<UnityEngine.GameObject> (UnityEngine.GameObject,UnityEngine.Transform,bool)
Game.UI.Runtime.UIShellContentView:InstallSection (UnityEngine.GameObject,Game.UI.Runtime.UIShellContentSectionId,Game.UI.Runtime.UIShellRegionId) (at Assets/Game/Scripts/UI/Shell/UIShellContentView.cs:643)
Game.UI.Runtime.UIShellContentView:InstallMatchHud () (at Assets/Game/Scripts/UI/Shell/UIShellContentView.cs:365)
Game.UI.Runtime.UIShellContentView:PrepareForCommandSequence (System.Collections.Generic.IReadOnlyList`1<Game.UI.Contracts.UiShellPresentationCommandModel>) (at Assets/Game/Scripts/UI/Shell/UIShellContentView.cs:169)
Game.UI.Runtime.UIShellView:ExecuteCommandSequence (System.Collections.Generic.IReadOnlyList`1<Game.UI.Contracts.UiShellPresentationCommandModel>,int,System.Action`1<int>) (at Assets/Game/Scripts/UI/Shell/UIShellView.cs:76)
Game.UI.Runtime.UIShellEcsPresentationSystem:Update () (at Assets/Game/Scripts/UI/Shell/UIShellEcsPresentationSystem.cs:89)

The referenced script on this Behaviour (Game Object '<null>') is missing!
UnityEngine.Object:Instantiate<UnityEngine.GameObject> (UnityEngine.GameObject,UnityEngine.Transform,bool)
Game.UI.Runtime.UIShellContentView:InstallSection (UnityEngine.GameObject,Game.UI.Runtime.UIShellContentSectionId,Game.UI.Runtime.UIShellRegionId) (at Assets/Game/Scripts/UI/Shell/UIShellContentView.cs:643)
Game.UI.Runtime.UIShellContentView:InstallMatchHud () (at Assets/Game/Scripts/UI/Shell/UIShellContentView.cs:365)
Game.UI.Runtime.UIShellContentView:PrepareForCommandSequence (System.Collections.Generic.IReadOnlyList`1<Game.UI.Contracts.UiShellPresentationCommandModel>) (at Assets/Game/Scripts/UI/Shell/UIShellContentView.cs:169)
Game.UI.Runtime.UIShellView:ExecuteCommandSequence (System.Collections.Generic.IReadOnlyList`1<Game.UI.Contracts.UiShellPresentationCommandModel>,int,System.Action`1<int>) (at Assets/Game/Scripts/UI/Shell/UIShellView.cs:76)
Game.UI.Runtime.UIShellEcsPresentationSystem:Update () (at Assets/Game/Scripts/UI/Shell/UIShellEcsPresentationSystem.cs:89)

The referenced script on this Behaviour (Game Object '<null>') is missing!
UnityEngine.Object:Instantiate<UnityEngine.GameObject> (UnityEngine.GameObject,UnityEngine.Transform,bool)
Game.UI.Runtime.UIShellContentView:InstallSection (UnityEngine.GameObject,Game.UI.Runtime.UIShellContentSectionId,Game.UI.Runtime.UIShellRegionId) (at Assets/Game/Scripts/UI/Shell/UIShellContentView.cs:643)
Game.UI.Runtime.UIShellContentView:InstallMatchHud () (at Assets/Game/Scripts/UI/Shell/UIShellContentView.cs:365)
Game.UI.Runtime.UIShellContentView:PrepareForCommandSequence (System.Collections.Generic.IReadOnlyList`1<Game.UI.Contracts.UiShellPresentationCommandModel>) (at Assets/Game/Scripts/UI/Shell/UIShellContentView.cs:169)
Game.UI.Runtime.UIShellView:ExecuteCommandSequence (System.Collections.Generic.IReadOnlyList`1<Game.UI.Contracts.UiShellPresentationCommandModel>,int,System.Action`1<int>) (at Assets/Game/Scripts/UI/Shell/UIShellView.cs:76)
Game.UI.Runtime.UIShellEcsPresentationSystem:Update () (at Assets/Game/Scripts/UI/Shell/UIShellEcsPresentationSystem.cs:89)

The referenced script on this Behaviour (Game Object '<null>') is missing!
UnityEngine.Object:Instantiate<UnityEngine.GameObject> (UnityEngine.GameObject,UnityEngine.Transform,bool)
Game.UI.Runtime.UIShellContentView:InstallSection (UnityEngine.GameObject,Game.UI.Runtime.UIShellContentSectionId,Game.UI.Runtime.UIShellRegionId) (at Assets/Game/Scripts/UI/Shell/UIShellContentView.cs:643)
Game.UI.Runtime.UIShellContentView:InstallMatchHud () (at Assets/Game/Scripts/UI/Shell/UIShellContentView.cs:365)
Game.UI.Runtime.UIShellContentView:PrepareForCommandSequence (System.Collections.Generic.IReadOnlyList`1<Game.UI.Contracts.UiShellPresentationCommandModel>) (at Assets/Game/Scripts/UI/Shell/UIShellContentView.cs:169)
Game.UI.Runtime.UIShellView:ExecuteCommandSequence (System.Collections.Generic.IReadOnlyList`1<Game.UI.Contracts.UiShellPresentationCommandModel>,int,System.Action`1<int>) (at Assets/Game/Scripts/UI/Shell/UIShellView.cs:76)
Game.UI.Runtime.UIShellEcsPresentationSystem:Update () (at Assets/Game/Scripts/UI/Shell/UIShellEcsPresentationSystem.cs:89)

The referenced script on this Behaviour (Game Object '<null>') is missing!
UnityEngine.Object:Instantiate<UnityEngine.GameObject> (UnityEngine.GameObject,UnityEngine.Transform,bool)
Game.UI.Runtime.UIShellContentView:InstallSection (UnityEngine.GameObject,Game.UI.Runtime.UIShellContentSectionId,Game.UI.Runtime.UIShellRegionId) (at Assets/Game/Scripts/UI/Shell/UIShellContentView.cs:643)
Game.UI.Runtime.UIShellContentView:InstallMatchHud () (at Assets/Game/Scripts/UI/Shell/UIShellContentView.cs:365)
Game.UI.Runtime.UIShellContentView:PrepareForCommandSequence (System.Collections.Generic.IReadOnlyList`1<Game.UI.Contracts.UiShellPresentationCommandModel>) (at Assets/Game/Scripts/UI/Shell/UIShellContentView.cs:169)
Game.UI.Runtime.UIShellView:ExecuteCommandSequence (System.Collections.Generic.IReadOnlyList`1<Game.UI.Contracts.UiShellPresentationCommandModel>,int,System.Action`1<int>) (at Assets/Game/Scripts/UI/Shell/UIShellView.cs:76)
Game.UI.Runtime.UIShellEcsPresentationSystem:Update () (at Assets/Game/Scripts/UI/Shell/UIShellEcsPresentationSystem.cs:89)

The referenced script on this Behaviour (Game Object '<null>') is missing!
UnityEngine.Object:Instantiate<UnityEngine.GameObject> (UnityEngine.GameObject,UnityEngine.Transform,bool)
Game.UI.Runtime.UIShellContentView:InstallSection (UnityEngine.GameObject,Game.UI.Runtime.UIShellContentSectionId,Game.UI.Runtime.UIShellRegionId) (at Assets/Game/Scripts/UI/Shell/UIShellContentView.cs:643)
Game.UI.Runtime.UIShellContentView:InstallMatchHud () (at Assets/Game/Scripts/UI/Shell/UIShellContentView.cs:365)
Game.UI.Runtime.UIShellContentView:PrepareForCommandSequence (System.Collections.Generic.IReadOnlyList`1<Game.UI.Contracts.UiShellPresentationCommandModel>) (at Assets/Game/Scripts/UI/Shell/UIShellContentView.cs:169)
Game.UI.Runtime.UIShellView:ExecuteCommandSequence (System.Collections.Generic.IReadOnlyList`1<Game.UI.Contracts.UiShellPresentationCommandModel>,int,System.Action`1<int>) (at Assets/Game/Scripts/UI/Shell/UIShellView.cs:76)
Game.UI.Runtime.UIShellEcsPresentationSystem:Update () (at Assets/Game/Scripts/UI/Shell/UIShellEcsPresentationSystem.cs:89)

The referenced script on this Behaviour (Game Object 'BuildCommand') is missing!
UnityEngine.Object:Instantiate<UnityEngine.GameObject> (UnityEngine.GameObject,UnityEngine.Transform,bool)
Game.UI.Runtime.UIShellContentView:InstallSection (UnityEngine.GameObject,Game.UI.Runtime.UIShellContentSectionId,Game.UI.Runtime.UIShellRegionId) (at Assets/Game/Scripts/UI/Shell/UIShellContentView.cs:643)
Game.UI.Runtime.UIShellContentView:InstallMatchHud () (at Assets/Game/Scripts/UI/Shell/UIShellContentView.cs:365)
Game.UI.Runtime.UIShellContentView:PrepareForCommandSequence (System.Collections.Generic.IReadOnlyList`1<Game.UI.Contracts.UiShellPresentationCommandModel>) (at Assets/Game/Scripts/UI/Shell/UIShellContentView.cs:169)
Game.UI.Runtime.UIShellView:ExecuteCommandSequence (System.Collections.Generic.IReadOnlyList`1<Game.UI.Contracts.UiShellPresentationCommandModel>,int,System.Action`1<int>) (at Assets/Game/Scripts/UI/Shell/UIShellView.cs:76)
Game.UI.Runtime.UIShellEcsPresentationSystem:Update () (at Assets/Game/Scripts/UI/Shell/UIShellEcsPresentationSystem.cs:89)

The referenced script on this Behaviour (Game Object 'BuildCommand') is missing!
UnityEngine.Object:Instantiate<UnityEngine.GameObject> (UnityEngine.GameObject,UnityEngine.Transform,bool)
Game.UI.Runtime.UIShellContentView:InstallSection (UnityEngine.GameObject,Game.UI.Runtime.UIShellContentSectionId,Game.UI.Runtime.UIShellRegionId) (at Assets/Game/Scripts/UI/Shell/UIShellContentView.cs:643)
Game.UI.Runtime.UIShellContentView:InstallMatchHud () (at Assets/Game/Scripts/UI/Shell/UIShellContentView.cs:365)
Game.UI.Runtime.UIShellContentView:PrepareForCommandSequence (System.Collections.Generic.IReadOnlyList`1<Game.UI.Contracts.UiShellPresentationCommandModel>) (at Assets/Game/Scripts/UI/Shell/UIShellContentView.cs:169)
Game.UI.Runtime.UIShellView:ExecuteCommandSequence (System.Collections.Generic.IReadOnlyList`1<Game.UI.Contracts.UiShellPresentationCommandModel>,int,System.Action`1<int>) (at Assets/Game/Scripts/UI/Shell/UIShellView.cs:76)
Game.UI.Runtime.UIShellEcsPresentationSystem:Update () (at Assets/Game/Scripts/UI/Shell/UIShellEcsPresentationSystem.cs:89)

The referenced script on this Behaviour (Game Object 'BuildCommand') is missing!
UnityEngine.Object:Instantiate<UnityEngine.GameObject> (UnityEngine.GameObject,UnityEngine.Transform,bool)
Game.UI.Runtime.UIShellContentView:InstallSection (UnityEngine.GameObject,Game.UI.Runtime.UIShellContentSectionId,Game.UI.Runtime.UIShellRegionId) (at Assets/Game/Scripts/UI/Shell/UIShellContentView.cs:643)
Game.UI.Runtime.UIShellContentView:InstallMatchHud () (at Assets/Game/Scripts/UI/Shell/UIShellContentView.cs:365)
Game.UI.Runtime.UIShellContentView:PrepareForCommandSequence (System.Collections.Generic.IReadOnlyList`1<Game.UI.Contracts.UiShellPresentationCommandModel>) (at Assets/Game/Scripts/UI/Shell/UIShellContentView.cs:169)
Game.UI.Runtime.UIShellView:ExecuteCommandSequence (System.Collections.Generic.IReadOnlyList`1<Game.UI.Contracts.UiShellPresentationCommandModel>,int,System.Action`1<int>) (at Assets/Game/Scripts/UI/Shell/UIShellView.cs:76)
Game.UI.Runtime.UIShellEcsPresentationSystem:Update () (at Assets/Game/Scripts/UI/Shell/UIShellEcsPresentationSystem.cs:89)

The referenced script on this Behaviour (Game Object 'BuildCommand') is missing!
UnityEngine.Object:Instantiate<UnityEngine.GameObject> (UnityEngine.GameObject,UnityEngine.Transform,bool)
Game.UI.Runtime.UIShellContentView:InstallSection (UnityEngine.GameObject,Game.UI.Runtime.UIShellContentSectionId,Game.UI.Runtime.UIShellRegionId) (at Assets/Game/Scripts/UI/Shell/UIShellContentView.cs:643)
Game.UI.Runtime.UIShellContentView:InstallMatchHud () (at Assets/Game/Scripts/UI/Shell/UIShellContentView.cs:365)
Game.UI.Runtime.UIShellContentView:PrepareForCommandSequence (System.Collections.Generic.IReadOnlyList`1<Game.UI.Contracts.UiShellPresentationCommandModel>) (at Assets/Game/Scripts/UI/Shell/UIShellContentView.cs:169)
Game.UI.Runtime.UIShellView:ExecuteCommandSequence (System.Collections.Generic.IReadOnlyList`1<Game.UI.Contracts.UiShellPresentationCommandModel>,int,System.Action`1<int>) (at Assets/Game/Scripts/UI/Shell/UIShellView.cs:76)
Game.UI.Runtime.UIShellEcsPresentationSystem:Update () (at Assets/Game/Scripts/UI/Shell/UIShellEcsPresentationSystem.cs:89)

The referenced script on this Behaviour (Game Object 'Icon') is missing!
UnityEngine.Object:Instantiate<UnityEngine.GameObject> (UnityEngine.GameObject,UnityEngine.Transform,bool)
Game.UI.Runtime.UIShellContentView:InstallSection (UnityEngine.GameObject,Game.UI.Runtime.UIShellContentSectionId,Game.UI.Runtime.UIShellRegionId) (at Assets/Game/Scripts/UI/Shell/UIShellContentView.cs:643)
Game.UI.Runtime.UIShellContentView:InstallMatchHud () (at Assets/Game/Scripts/UI/Shell/UIShellContentView.cs:365)
Game.UI.Runtime.UIShellContentView:PrepareForCommandSequence (System.Collections.Generic.IReadOnlyList`1<Game.UI.Contracts.UiShellPresentationCommandModel>) (at Assets/Game/Scripts/UI/Shell/UIShellContentView.cs:169)
Game.UI.Runtime.UIShellView:ExecuteCommandSequence (System.Collections.Generic.IReadOnlyList`1<Game.UI.Contracts.UiShellPresentationCommandModel>,int,System.Action`1<int>) (at Assets/Game/Scripts/UI/Shell/UIShellView.cs:76)
Game.UI.Runtime.UIShellEcsPresentationSystem:Update () (at Assets/Game/Scripts/UI/Shell/UIShellEcsPresentationSystem.cs:89)

The referenced script on this Behaviour (Game Object 'Icon') is missing!
UnityEngine.Object:Instantiate<UnityEngine.GameObject> (UnityEngine.GameObject,UnityEngine.Transform,bool)
Game.UI.Runtime.UIShellContentView:InstallSection (UnityEngine.GameObject,Game.UI.Runtime.UIShellContentSectionId,Game.UI.Runtime.UIShellRegionId) (at Assets/Game/Scripts/UI/Shell/UIShellContentView.cs:643)
Game.UI.Runtime.UIShellContentView:InstallMatchHud () (at Assets/Game/Scripts/UI/Shell/UIShellContentView.cs:365)
Game.UI.Runtime.UIShellContentView:PrepareForCommandSequence (System.Collections.Generic.IReadOnlyList`1<Game.UI.Contracts.UiShellPresentationCommandModel>) (at Assets/Game/Scripts/UI/Shell/UIShellContentView.cs:169)
Game.UI.Runtime.UIShellView:ExecuteCommandSequence (System.Collections.Generic.IReadOnlyList`1<Game.UI.Contracts.UiShellPresentationCommandModel>,int,System.Action`1<int>) (at Assets/Game/Scripts/UI/Shell/UIShellView.cs:76)
Game.UI.Runtime.UIShellEcsPresentationSystem:Update () (at Assets/Game/Scripts/UI/Shell/UIShellEcsPresentationSystem.cs:89)

The referenced script on this Behaviour (Game Object 'V3GradientLayer') is missing!
UnityEngine.Object:Instantiate<UnityEngine.GameObject> (UnityEngine.GameObject,UnityEngine.Transform,bool)
Game.UI.Runtime.UIShellContentView:InstallSection (UnityEngine.GameObject,Game.UI.Runtime.UIShellContentSectionId,Game.UI.Runtime.UIShellRegionId) (at Assets/Game/Scripts/UI/Shell/UIShellContentView.cs:643)
Game.UI.Runtime.UIShellContentView:InstallMatchHud () (at Assets/Game/Scripts/UI/Shell/UIShellContentView.cs:365)
Game.UI.Runtime.UIShellContentView:PrepareForCommandSequence (System.Collections.Generic.IReadOnlyList`1<Game.UI.Contracts.UiShellPresentationCommandModel>) (at Assets/Game/Scripts/UI/Shell/UIShellContentView.cs:169)
Game.UI.Runtime.UIShellView:ExecuteCommandSequence (System.Collections.Generic.IReadOnlyList`1<Game.UI.Contracts.UiShellPresentationCommandModel>,int,System.Action`1<int>) (at Assets/Game/Scripts/UI/Shell/UIShellView.cs:76)
Game.UI.Runtime.UIShellEcsPresentationSystem:Update () (at Assets/Game/Scripts/UI/Shell/UIShellEcsPresentationSystem.cs:89)

The referenced script on this Behaviour (Game Object 'V3GradientLayer') is missing!
UnityEngine.Object:Instantiate<UnityEngine.GameObject> (UnityEngine.GameObject,UnityEngine.Transform,bool)
Game.UI.Runtime.UIShellContentView:InstallSection (UnityEngine.GameObject,Game.UI.Runtime.UIShellContentSectionId,Game.UI.Runtime.UIShellRegionId) (at Assets/Game/Scripts/UI/Shell/UIShellContentView.cs:643)
Game.UI.Runtime.UIShellContentView:InstallMatchHud () (at Assets/Game/Scripts/UI/Shell/UIShellContentView.cs:365)
Game.UI.Runtime.UIShellContentView:PrepareForCommandSequence (System.Collections.Generic.IReadOnlyList`1<Game.UI.Contracts.UiShellPresentationCommandModel>) (at Assets/Game/Scripts/UI/Shell/UIShellContentView.cs:169)
Game.UI.Runtime.UIShellView:ExecuteCommandSequence (System.Collections.Generic.IReadOnlyList`1<Game.UI.Contracts.UiShellPresentationCommandModel>,int,System.Action`1<int>) (at Assets/Game/Scripts/UI/Shell/UIShellView.cs:76)
Game.UI.Runtime.UIShellEcsPresentationSystem:Update () (at Assets/Game/Scripts/UI/Shell/UIShellEcsPresentationSystem.cs:89)

The referenced script on this Behaviour (Game Object 'Frame') is missing!
UnityEngine.Object:Instantiate<UnityEngine.GameObject> (UnityEngine.GameObject,UnityEngine.Transform,bool)
Game.UI.Runtime.UIShellContentView:InstallSection (UnityEngine.GameObject,Game.UI.Runtime.UIShellContentSectionId,Game.UI.Runtime.UIShellRegionId) (at Assets/Game/Scripts/UI/Shell/UIShellContentView.cs:643)
Game.UI.Runtime.UIShellContentView:InstallMatchHud () (at Assets/Game/Scripts/UI/Shell/UIShellContentView.cs:365)
Game.UI.Runtime.UIShellContentView:PrepareForCommandSequence (System.Collections.Generic.IReadOnlyList`1<Game.UI.Contracts.UiShellPresentationCommandModel>) (at Assets/Game/Scripts/UI/Shell/UIShellContentView.cs:169)
Game.UI.Runtime.UIShellView:ExecuteCommandSequence (System.Collections.Generic.IReadOnlyList`1<Game.UI.Contracts.UiShellPresentationCommandModel>,int,System.Action`1<int>) (at Assets/Game/Scripts/UI/Shell/UIShellView.cs:76)
Game.UI.Runtime.UIShellEcsPresentationSystem:Update () (at Assets/Game/Scripts/UI/Shell/UIShellEcsPresentationSystem.cs:89)

The referenced script on this Behaviour (Game Object 'Frame') is missing!
UnityEngine.Object:Instantiate<UnityEngine.GameObject> (UnityEngine.GameObject,UnityEngine.Transform,bool)
Game.UI.Runtime.UIShellContentView:InstallSection (UnityEngine.GameObject,Game.UI.Runtime.UIShellContentSectionId,Game.UI.Runtime.UIShellRegionId) (at Assets/Game/Scripts/UI/Shell/UIShellContentView.cs:643)
Game.UI.Runtime.UIShellContentView:InstallMatchHud () (at Assets/Game/Scripts/UI/Shell/UIShellContentView.cs:365)
Game.UI.Runtime.UIShellContentView:PrepareForCommandSequence (System.Collections.Generic.IReadOnlyList`1<Game.UI.Contracts.UiShellPresentationCommandModel>) (at Assets/Game/Scripts/UI/Shell/UIShellContentView.cs:169)
Game.UI.Runtime.UIShellView:ExecuteCommandSequence (System.Collections.Generic.IReadOnlyList`1<Game.UI.Contracts.UiShellPresentationCommandModel>,int,System.Action`1<int>) (at Assets/Game/Scripts/UI/Shell/UIShellView.cs:76)
Game.UI.Runtime.UIShellEcsPresentationSystem:Update () (at Assets/Game/Scripts/UI/Shell/UIShellEcsPresentationSystem.cs:89)

The referenced script on this Behaviour (Game Object 'V3GradientLayer') is missing!
UnityEngine.Object:Instantiate<UnityEngine.GameObject> (UnityEngine.GameObject,UnityEngine.Transform,bool)
Game.UI.Runtime.UIShellContentView:InstallSection (UnityEngine.GameObject,Game.UI.Runtime.UIShellContentSectionId,Game.UI.Runtime.UIShellRegionId) (at Assets/Game/Scripts/UI/Shell/UIShellContentView.cs:643)
Game.UI.Runtime.UIShellContentView:InstallMatchHud () (at Assets/Game/Scripts/UI/Shell/UIShellContentView.cs:365)
Game.UI.Runtime.UIShellContentView:PrepareForCommandSequence (System.Collections.Generic.IReadOnlyList`1<Game.UI.Contracts.UiShellPresentationCommandModel>) (at Assets/Game/Scripts/UI/Shell/UIShellContentView.cs:169)
Game.UI.Runtime.UIShellView:ExecuteCommandSequence (System.Collections.Generic.IReadOnlyList`1<Game.UI.Contracts.UiShellPresentationCommandModel>,int,System.Action`1<int>) (at Assets/Game/Scripts/UI/Shell/UIShellView.cs:76)
Game.UI.Runtime.UIShellEcsPresentationSystem:Update () (at Assets/Game/Scripts/UI/Shell/UIShellEcsPresentationSystem.cs:89)

The referenced script on this Behaviour (Game Object 'V3GradientLayer') is missing!
UnityEngine.Object:Instantiate<UnityEngine.GameObject> (UnityEngine.GameObject,UnityEngine.Transform,bool)
Game.UI.Runtime.UIShellContentView:InstallSection (UnityEngine.GameObject,Game.UI.Runtime.UIShellContentSectionId,Game.UI.Runtime.UIShellRegionId) (at Assets/Game/Scripts/UI/Shell/UIShellContentView.cs:643)
Game.UI.Runtime.UIShellContentView:InstallMatchHud () (at Assets/Game/Scripts/UI/Shell/UIShellContentView.cs:365)
Game.UI.Runtime.UIShellContentView:PrepareForCommandSequence (System.Collections.Generic.IReadOnlyList`1<Game.UI.Contracts.UiShellPresentationCommandModel>) (at Assets/Game/Scripts/UI/Shell/UIShellContentView.cs:169)
Game.UI.Runtime.UIShellView:ExecuteCommandSequence (System.Collections.Generic.IReadOnlyList`1<Game.UI.Contracts.UiShellPresentationCommandModel>,int,System.Action`1<int>) (at Assets/Game/Scripts/UI/Shell/UIShellView.cs:76)
Game.UI.Runtime.UIShellEcsPresentationSystem:Update () (at Assets/Game/Scripts/UI/Shell/UIShellEcsPresentationSystem.cs:89)

The referenced script on this Behaviour (Game Object 'V3GradientLayer') is missing!
UnityEngine.Object:Instantiate<UnityEngine.GameObject> (UnityEngine.GameObject,UnityEngine.Transform,bool)
Game.UI.Runtime.UIShellContentView:InstallSection (UnityEngine.GameObject,Game.UI.Runtime.UIShellContentSectionId,Game.UI.Runtime.UIShellRegionId) (at Assets/Game/Scripts/UI/Shell/UIShellContentView.cs:643)
Game.UI.Runtime.UIShellContentView:InstallMatchHud () (at Assets/Game/Scripts/UI/Shell/UIShellContentView.cs:365)
Game.UI.Runtime.UIShellContentView:PrepareForCommandSequence (System.Collections.Generic.IReadOnlyList`1<Game.UI.Contracts.UiShellPresentationCommandModel>) (at Assets/Game/Scripts/UI/Shell/UIShellContentView.cs:169)
Game.UI.Runtime.UIShellView:ExecuteCommandSequence (System.Collections.Generic.IReadOnlyList`1<Game.UI.Contracts.UiShellPresentationCommandModel>,int,System.Action`1<int>) (at Assets/Game/Scripts/UI/Shell/UIShellView.cs:76)
Game.UI.Runtime.UIShellEcsPresentationSystem:Update () (at Assets/Game/Scripts/UI/Shell/UIShellEcsPresentationSystem.cs:89)

The referenced script on this Behaviour (Game Object 'V3GradientLayer') is missing!
UnityEngine.Object:Instantiate<UnityEngine.GameObject> (UnityEngine.GameObject,UnityEngine.Transform,bool)
Game.UI.Runtime.UIShellContentView:InstallSection (UnityEngine.GameObject,Game.UI.Runtime.UIShellContentSectionId,Game.UI.Runtime.UIShellRegionId) (at Assets/Game/Scripts/UI/Shell/UIShellContentView.cs:643)
Game.UI.Runtime.UIShellContentView:InstallMatchHud () (at Assets/Game/Scripts/UI/Shell/UIShellContentView.cs:365)
Game.UI.Runtime.UIShellContentView:PrepareForCommandSequence (System.Collections.Generic.IReadOnlyList`1<Game.UI.Contracts.UiShellPresentationCommandModel>) (at Assets/Game/Scripts/UI/Shell/UIShellContentView.cs:169)
Game.UI.Runtime.UIShellView:ExecuteCommandSequence (System.Collections.Generic.IReadOnlyList`1<Game.UI.Contracts.UiShellPresentationCommandModel>,int,System.Action`1<int>) (at Assets/Game/Scripts/UI/Shell/UIShellView.cs:76)
Game.UI.Runtime.UIShellEcsPresentationSystem:Update () (at Assets/Game/Scripts/UI/Shell/UIShellEcsPresentationSystem.cs:89)

The referenced script on this Behaviour (Game Object 'Label') is missing!
UnityEngine.Object:Instantiate<UnityEngine.GameObject> (UnityEngine.GameObject,UnityEngine.Transform,bool)
Game.UI.Runtime.UIShellContentView:InstallSection (UnityEngine.GameObject,Game.UI.Runtime.UIShellContentSectionId,Game.UI.Runtime.UIShellRegionId) (at Assets/Game/Scripts/UI/Shell/UIShellContentView.cs:643)
Game.UI.Runtime.UIShellContentView:InstallMatchHud () (at Assets/Game/Scripts/UI/Shell/UIShellContentView.cs:365)
Game.UI.Runtime.UIShellContentView:PrepareForCommandSequence (System.Collections.Generic.IReadOnlyList`1<Game.UI.Contracts.UiShellPresentationCommandModel>) (at Assets/Game/Scripts/UI/Shell/UIShellContentView.cs:169)
Game.UI.Runtime.UIShellView:ExecuteCommandSequence (System.Collections.Generic.IReadOnlyList`1<Game.UI.Contracts.UiShellPresentationCommandModel>,int,System.Action`1<int>) (at Assets/Game/Scripts/UI/Shell/UIShellView.cs:76)
Game.UI.Runtime.UIShellEcsPresentationSystem:Update () (at Assets/Game/Scripts/UI/Shell/UIShellEcsPresentationSystem.cs:89)

The referenced script on this Behaviour (Game Object 'Label') is missing!
UnityEngine.Object:Instantiate<UnityEngine.GameObject> (UnityEngine.GameObject,UnityEngine.Transform,bool)
Game.UI.Runtime.UIShellContentView:InstallSection (UnityEngine.GameObject,Game.UI.Runtime.UIShellContentSectionId,Game.UI.Runtime.UIShellRegionId) (at Assets/Game/Scripts/UI/Shell/UIShellContentView.cs:643)
Game.UI.Runtime.UIShellContentView:InstallMatchHud () (at Assets/Game/Scripts/UI/Shell/UIShellContentView.cs:365)
Game.UI.Runtime.UIShellContentView:PrepareForCommandSequence (System.Collections.Generic.IReadOnlyList`1<Game.UI.Contracts.UiShellPresentationCommandModel>) (at Assets/Game/Scripts/UI/Shell/UIShellContentView.cs:169)
Game.UI.Runtime.UIShellView:ExecuteCommandSequence (System.Collections.Generic.IReadOnlyList`1<Game.UI.Contracts.UiShellPresentationCommandModel>,int,System.Action`1<int>) (at Assets/Game/Scripts/UI/Shell/UIShellView.cs:76)
Game.UI.Runtime.UIShellEcsPresentationSystem:Update () (at Assets/Game/Scripts/UI/Shell/UIShellEcsPresentationSystem.cs:89)

[CampaignMissionNarrative] status=started stage=Brief sequence=seq.ch04.m02.brief session=campaign-m03-0000000000000001 attempt=1
UnityEngine.Debug:Log (object)
Game.Composition.CampaignMissionNarrativeCompositionUtility:LogStage (string,Game.Composition.CampaignMissionDebriefCompositionSystemHelper/SequenceStage,Unity.Collections.FixedString64Bytes&,Unity.Collections.FixedString64Bytes&,int) (at Assets/Game/Scripts/Composition/CampaignMissionMenuBootstrapRuntime.cs:269)
Game.Composition.CampaignMissionDebriefCompositionSystemHelper:Tick (single,Unity.Entities.EntityManager,Game.UI.Shell.Contracts.Ecs.UiShellStateComponent&) (at Assets/Game/Scripts/Composition/Narrative/CampaignMissionDebriefCompositionSystemHelper.cs:167)
Game.Composition.CampaignMissionMenuBootstrapRuntime:TickDebrief (Game.Composition.MenuBootstrapView,Unity.Entities.EntityManager,single) (at Assets/Game/Scripts/Composition/CampaignMissionMenuBootstrapRuntime.cs:59)
Game.Composition.CampaignMissionMenuBootstrapRuntime:Update (Game.Composition.MenuBootstrapView,single) (at Assets/Game/Scripts/Composition/CampaignMissionMenuBootstrapRuntime.cs:35)
Game.Composition.MenuBootstrapView:Update () (at Assets/Game/Scripts/Composition/MenuBootstrapView.cs:175)

[PerfDiag:PreGame] slowUpdate frame=4479 total=29.8ms gc=0/0/0 cpuFrame=32.6ms cpuMain=24.3ms cpuRender=0.7ms gpu=11.0ms steps=BuildingStartup=0.2ms, MainMenu=29.6ms units=4946 models=13 sourceKeys=4946 sourceKeyFallbackVisuals=0 initialSpawnConfigs=2 drawCalls=1512 batches=0 setPass=152 tris=3140012 verts=5807908 memory=alloc=5377MB reserved=6401MB mono=3053MB uiToolkit=0 gameplayInitialized=1 playRequested=1 simulationActive=0 focused=1 vSync=0 targetFps=-1 topSystems=disabled markers=disabled
[UiShellPresentation] stage=CommandCompleted sequence=5 kind=EnterMatchHud region=None route=Match
UnityEngine.Debug:Log (object,UnityEngine.Object)
Game.Composition.UiDiagnosticsComposition:Report (Game.UI.Contracts.UiDiagnosticSeverity,string,UnityEngine.Object) (at Assets/Game/Scripts/Composition/UiDiagnosticsComposition.cs:17)
Game.UI.Contracts.UiDiagnostics:Info (string,UnityEngine.Object) (at Assets/Game/Scripts/UI/Contracts/UiDiagnostics.cs:14)
Game.UI.Runtime.UIShellEcsPresentationSystem:LogTransition (string,Game.UI.Contracts.UiShellPresentationCommandModel) (at Assets/Game/Scripts/UI/Shell/UIShellEcsPresentationSystem.cs:138)
Game.UI.Runtime.UIShellEcsPresentationSystem/<>c__DisplayClass24_0:<Update>b__0 (int) (at Assets/Game/Scripts/UI/Shell/UIShellEcsPresentationSystem.cs:100)
Game.UI.Runtime.UIShellView/<>c__DisplayClass19_0:<ExecuteCommandSequence>b__0 () (at Assets/Game/Scripts/UI/Shell/UIShellView.cs:99)
Game.UI.Runtime.UIMotionHostView/<SequenceRoutine>d__32:MoveNext () (at Assets/Game/Scripts/UI/Shell/UIMotionHostView.cs:268)
UnityEngine.SetupCoroutine:InvokeMoveNext (System.Collections.IEnumerator,intptr) (at /Users/bokken/build/output/unity/unity/Runtime/Export/Scripting/Coroutines.cs:17)

[UiShellPresentation] stage=CompletionFlushed sequence=5 kind=EnterMatchHud region=None
UnityEngine.Debug:Log (object,UnityEngine.Object)
Game.Composition.UiDiagnosticsComposition:Report (Game.UI.Contracts.UiDiagnosticSeverity,string,UnityEngine.Object) (at Assets/Game/Scripts/Composition/UiDiagnosticsComposition.cs:17)
Game.UI.Contracts.UiDiagnostics:Info (string,UnityEngine.Object) (at Assets/Game/Scripts/UI/Contracts/UiDiagnostics.cs:14)
Game.UI.Runtime.UIShellEcsPresentationSystem:LogTransition (string,Game.UI.Contracts.UiShellTransitionCompleteModel) (at Assets/Game/Scripts/UI/Shell/UIShellEcsPresentationSystem.cs:146)
Game.UI.Runtime.UIShellEcsPresentationSystem:FlushPendingCompletion () (at Assets/Game/Scripts/UI/Shell/UIShellEcsPresentationSystem.cs:129)
Game.UI.Runtime.UIShellEcsPresentationSystem:Update () (at Assets/Game/Scripts/UI/Shell/UIShellEcsPresentationSystem.cs:67)

[SupportJourneyState] stage=3 smokeStage=0 phase=InteractiveBrief outcome=None gestures=4 covered=False damage=0
UnityEngine.Debug:Log (object)
Game.Editor.SupportSmokeJourneyProbe:Tick () (at Assets/Game/Scripts/Editor/SupportSmokeJourneyProbe.cs:102)
UnityEditor.EditorApplication:Internal_CallUpdateFunctions () (at /Users/bokken/build/output/unity/unity/Editor/Mono/EditorApplication.cs:403)

[FrameRateDiag:PreGame] fps=12.1 avgFrame=82.6ms updateAvg=2.6ms updateMax=29.8ms cpuFrame=13.7ms cpuMain=10.7ms cpuRender=2.6ms gpu=6.6ms drawCalls=755 batches=0 setPass=74 tris=1570004 verts=2903950 units=4946 models=13 sourceKeys=4946 sourceKeyFallbackVisuals=0 initialSpawnConfigs=2 impostors=4 render=screen=1920x1080,batch=0,quality=1:Mobile,vSync=0,targetFps=-1,pipeline=Mobile_RPAsset_MobileCandidate,scale=0.75,msaa=0,camera=Main Camera,cameraData=post:1,aa:FastApproximateAntialiasing,stack:0 memory=alloc=5389MB reserved=6400MB mono=3053MB focused=1 playRequested=1 simulationActive=0 lastSteps=BuildingStartup=0.2ms, MainMenu=2.7ms stepStats=none topSystems=disabled markers=disabled
[RenderSceneDiag] frame=4520 source=profilerCounters drawCalls=755 batches=0 setPass=74 tris=1570004 verts=2903950 topSystems=disabled markers=disabled
[FrameRateDiag:PreGame] fps=48.7 avgFrame=20.6ms updateAvg=2.0ms updateMax=4.8ms cpuFrame=15.4ms cpuMain=11.8ms cpuRender=2.9ms gpu=7.5ms drawCalls=755 batches=0 setPass=74 tris=1570004 verts=2903950 units=4946 models=13 sourceKeys=4946 sourceKeyFallbackVisuals=0 initialSpawnConfigs=2 impostors=4 render=screen=1920x1080,batch=0,quality=1:Mobile,vSync=0,targetFps=-1,pipeline=Mobile_RPAsset_MobileCandidate,scale=0.75,msaa=0,camera=Main Camera,cameraData=post:1,aa:FastApproximateAntialiasing,stack:0 memory=alloc=5422MB reserved=6398MB mono=3053MB focused=1 playRequested=1 simulationActive=0 lastSteps=BuildingStartup=0.1ms, MainMenu=2.8ms stepStats=none topSystems=disabled markers=disabled
[SupportJourneyState] stage=3 smokeStage=0 phase=InteractiveBrief outcome=None gestures=4 covered=False damage=0
UnityEngine.Debug:Log (object)
Game.Editor.SupportSmokeJourneyProbe:Tick () (at Assets/Game/Scripts/Editor/SupportSmokeJourneyProbe.cs:102)
UnityEditor.EditorApplication:Internal_CallUpdateFunctions () (at /Users/bokken/build/output/unity/unity/Editor/Mono/EditorApplication.cs:403)

[SupportJourneyState] stage=3 smokeStage=0 phase=InteractiveBrief outcome=None gestures=4 covered=False damage=0
UnityEngine.Debug:Log (object)
Game.Editor.SupportSmokeJourneyProbe:Tick () (at Assets/Game/Scripts/Editor/SupportSmokeJourneyProbe.cs:102)
UnityEditor.EditorApplication:Internal_CallUpdateFunctions () (at /Users/bokken/build/output/unity/unity/Editor/Mono/EditorApplication.cs:403)

[FrameRateDiag:PreGame] fps=54.0 avgFrame=18.5ms updateAvg=1.9ms updateMax=5.2ms cpuFrame=16.1ms cpuMain=11.7ms cpuRender=4.1ms gpu=12.6ms drawCalls=756 batches=0 setPass=74 tris=1570006 verts=2903954 units=4946 models=13 sourceKeys=4946 sourceKeyFallbackVisuals=0 initialSpawnConfigs=2 impostors=4 render=screen=1920x1080,batch=0,quality=1:Mobile,vSync=0,targetFps=-1,pipeline=Mobile_RPAsset_MobileCandidate,scale=0.75,msaa=0,camera=Main Camera,cameraData=post:1,aa:FastApproximateAntialiasing,stack:0 memory=alloc=5562MB reserved=6461MB mono=3055MB focused=1 playRequested=1 simulationActive=0 lastSteps=BuildingStartup=0.2ms, MainMenu=3.2ms stepStats=none topSystems=disabled markers=disabled
[RenderSceneDiag] frame=5089 source=profilerCounters drawCalls=756 batches=0 setPass=74 tris=1570006 verts=2903954 topSystems=disabled markers=disabled
[FrameRateDiag:PreGame] fps=47.6 avgFrame=21.0ms updateAvg=2.3ms updateMax=7.3ms cpuFrame=32.3ms cpuMain=24.7ms cpuRender=1.0ms gpu=7.9ms drawCalls=756 batches=0 setPass=74 tris=1570006 verts=2903954 units=4946 models=13 sourceKeys=4946 sourceKeyFallbackVisuals=0 initialSpawnConfigs=2 impostors=4 render=screen=1920x1080,batch=0,quality=1:Mobile,vSync=0,targetFps=-1,pipeline=Mobile_RPAsset_MobileCandidate,scale=0.75,msaa=0,camera=Main Camera,cameraData=post:1,aa:FastApproximateAntialiasing,stack:0 memory=alloc=5589MB reserved=6482MB mono=3056MB focused=1 playRequested=1 simulationActive=0 lastSteps=BuildingStartup=0.2ms, MainMenu=5.5ms stepStats=none topSystems=disabled markers=disabled
[FrameRateDiag:PreGame] fps=39.8 avgFrame=25.1ms updateAvg=2.6ms updateMax=8.8ms cpuFrame=19.6ms cpuMain=15.7ms cpuRender=2.7ms gpu=7.1ms drawCalls=755 batches=0 setPass=74 tris=1570046 verts=2904034 units=4946 models=13 sourceKeys=4946 sourceKeyFallbackVisuals=0 initialSpawnConfigs=2 impostors=4 render=screen=1920x1080,batch=0,quality=1:Mobile,vSync=0,targetFps=-1,pipeline=Mobile_RPAsset_MobileCandidate,scale=0.75,msaa=0,camera=Main Camera,cameraData=post:1,aa:FastApproximateAntialiasing,stack:0 memory=alloc=5632MB reserved=6524MB mono=3056MB focused=1 playRequested=1 simulationActive=0 lastSteps=BuildingStartup=0.2ms, MainMenu=0.9ms stepStats=none topSystems=disabled markers=disabled
[SupportJourneyState] stage=3 smokeStage=0 phase=InteractiveBrief outcome=None gestures=4 covered=False damage=0
UnityEngine.Debug:Log (object)
Game.Editor.SupportSmokeJourneyProbe:Tick () (at Assets/Game/Scripts/Editor/SupportSmokeJourneyProbe.cs:102)
UnityEditor.EditorApplication:Internal_CallUpdateFunctions () (at /Users/bokken/build/output/unity/unity/Editor/Mono/EditorApplication.cs:403)

[FrameRateDiag:PreGame] fps=42.4 avgFrame=23.6ms updateAvg=2.4ms updateMax=7.8ms cpuFrame=25.6ms cpuMain=18.4ms cpuRender=0.9ms gpu=9.6ms drawCalls=755 batches=0 setPass=74 tris=1570046 verts=2904034 units=4946 models=13 sourceKeys=4946 sourceKeyFallbackVisuals=0 initialSpawnConfigs=2 impostors=4 render=screen=1920x1080,batch=0,quality=1:Mobile,vSync=0,targetFps=-1,pipeline=Mobile_RPAsset_MobileCandidate,scale=0.75,msaa=0,camera=Main Camera,cameraData=post:1,aa:FastApproximateAntialiasing,stack:0 memory=alloc=5772MB reserved=6656MB mono=3057MB focused=1 playRequested=1 simulationActive=0 lastSteps=BuildingStartup=0.2ms, MainMenu=2.6ms stepStats=none topSystems=disabled markers=disabled
[SupportJourneyState] stage=3 smokeStage=0 phase=InteractiveBrief outcome=None gestures=4 covered=False damage=0
UnityEngine.Debug:Log (object)
Game.Editor.SupportSmokeJourneyProbe:Tick () (at Assets/Game/Scripts/Editor/SupportSmokeJourneyProbe.cs:102)
UnityEditor.EditorApplication:Internal_CallUpdateFunctions () (at /Users/bokken/build/output/unity/unity/Editor/Mono/EditorApplication.cs:403)

[SupportJourneyState] stage=3 smokeStage=0 phase=InteractiveBrief outcome=None gestures=4 covered=False damage=0
UnityEngine.Debug:Log (object)
Game.Editor.SupportSmokeJourneyProbe:Tick () (at Assets/Game/Scripts/Editor/SupportSmokeJourneyProbe.cs:102)
UnityEditor.EditorApplication:Internal_CallUpdateFunctions () (at /Users/bokken/build/output/unity/unity/Editor/Mono/EditorApplication.cs:403)

[FrameRateDiag:PreGame] fps=43.1 avgFrame=23.2ms updateAvg=2.6ms updateMax=6.2ms cpuFrame=16.4ms cpuMain=12.1ms cpuRender=2.8ms gpu=12.9ms drawCalls=756 batches=0 setPass=74 tris=1570048 verts=2904038 units=4946 models=13 sourceKeys=4946 sourceKeyFallbackVisuals=0 initialSpawnConfigs=2 impostors=4 render=screen=1920x1080,batch=0,quality=1:Mobile,vSync=0,targetFps=-1,pipeline=Mobile_RPAsset_MobileCandidate,scale=0.75,msaa=0,camera=Main Camera,cameraData=post:1,aa:FastApproximateAntialiasing,stack:0 memory=alloc=6016MB reserved=6882MB mono=3060MB focused=1 playRequested=1 simulationActive=0 lastSteps=BuildingStartup=0.9ms, MainMenu=2.0ms stepStats=none topSystems=disabled markers=disabled
[RenderSceneDiag] frame=6088 source=profilerCounters drawCalls=756 batches=0 setPass=74 tris=1570048 verts=2904038 topSystems=disabled markers=disabled
[SupportJourneyState] stage=3 smokeStage=0 phase=InteractiveBrief outcome=None gestures=4 covered=False damage=0
UnityEngine.Debug:Log (object)
Game.Editor.SupportSmokeJourneyProbe:Tick () (at Assets/Game/Scripts/Editor/SupportSmokeJourneyProbe.cs:102)
UnityEditor.EditorApplication:Internal_CallUpdateFunctions () (at /Users/bokken/build/output/unity/unity/Editor/Mono/EditorApplication.cs:403)

[SupportJourneyState] stage=3 smokeStage=0 phase=InteractiveBrief outcome=None gestures=4 covered=False damage=0
UnityEngine.Debug:Log (object)
Game.Editor.SupportSmokeJourneyProbe:Tick () (at Assets/Game/Scripts/Editor/SupportSmokeJourneyProbe.cs:102)
UnityEditor.EditorApplication:Internal_CallUpdateFunctions () (at /Users/bokken/build/output/unity/unity/Editor/Mono/EditorApplication.cs:403)

[FrameRateDiag:PreGame] fps=53.1 avgFrame=18.8ms updateAvg=2.2ms updateMax=6.7ms cpuFrame=13.6ms cpuMain=10.1ms cpuRender=2.7ms gpu=17.5ms drawCalls=755 batches=0 setPass=74 tris=1570046 verts=2904034 units=4946 models=13 sourceKeys=4946 sourceKeyFallbackVisuals=0 initialSpawnConfigs=2 impostors=4 render=screen=1920x1080,batch=0,quality=1:Mobile,vSync=0,targetFps=-1,pipeline=Mobile_RPAsset_MobileCandidate,scale=0.75,msaa=0,camera=Main Camera,cameraData=post:1,aa:FastApproximateAntialiasing,stack:0 memory=alloc=5371MB reserved=6726MB mono=3063MB focused=1 playRequested=1 simulationActive=0 lastSteps=BuildingStartup=0.1ms, MainMenu=1.6ms stepStats=none topSystems=disabled markers=disabled
[SupportJourneyState] stage=3 smokeStage=0 phase=InteractiveBrief outcome=None gestures=4 covered=False damage=0
UnityEngine.Debug:Log (object)
Game.Editor.SupportSmokeJourneyProbe:Tick () (at Assets/Game/Scripts/Editor/SupportSmokeJourneyProbe.cs:102)
UnityEditor.EditorApplication:Internal_CallUpdateFunctions () (at /Users/bokken/build/output/unity/unity/Editor/Mono/EditorApplication.cs:403)

[FrameRateDiag:PreGame] fps=40.9 avgFrame=24.5ms updateAvg=2.6ms updateMax=7.4ms cpuFrame=15.1ms cpuMain=11.1ms cpuRender=2.9ms gpu=10.5ms drawCalls=756 batches=0 setPass=74 tris=1570048 verts=2904038 units=4946 models=13 sourceKeys=4946 sourceKeyFallbackVisuals=0 initialSpawnConfigs=2 impostors=4 render=screen=1920x1080,batch=0,quality=1:Mobile,vSync=0,targetFps=-1,pipeline=Mobile_RPAsset_MobileCandidate,scale=0.75,msaa=0,camera=Main Camera,cameraData=post:1,aa:FastApproximateAntialiasing,stack:0 memory=alloc=5365MB reserved=6694MB mono=3066MB focused=1 playRequested=1 simulationActive=0 lastSteps=BuildingStartup=0.1ms, MainMenu=1.4ms stepStats=none topSystems=disabled markers=disabled
[RenderSceneDiag] frame=7046 source=profilerCounters drawCalls=756 batches=0 setPass=74 tris=1570048 verts=2904038 topSystems=disabled markers=disabled
[SupportJourneyState] stage=3 smokeStage=0 phase=InteractiveBrief outcome=None gestures=4 covered=False damage=0
UnityEngine.Debug:Log (object)
Game.Editor.SupportSmokeJourneyProbe:Tick () (at Assets/Game/Scripts/Editor/SupportSmokeJourneyProbe.cs:102)
UnityEditor.EditorApplication:Internal_CallUpdateFunctions () (at /Users/bokken/build/output/unity/unity/Editor/Mono/EditorApplication.cs:403)

[PerfDiag] slowUpdate frame=7379 total=29.6ms gc=0/0/0 cpuFrame=14.6ms cpuMain=10.9ms cpuRender=2.9ms gpu=8.9ms steps=RoadBuild=0.2ms, BuildingPlacement=0.6ms, Selection=25.1ms, DayNight=0.0ms, CitizenPopulation=0.0ms, MainMenu=3.7ms units=4946 models=13 sourceKeys=4946 sourceKeyFallbackVisuals=0 initialSpawnConfigs=2 drawCalls=756 batches=0 setPass=74 tris=1570048 verts=2904038 memory=alloc=5301MB reserved=6630MB mono=3070MB uiToolkit=0 gameplayInitialized=1 playRequested=1 simulationActive=1 focused=1 vSync=0 targetFps=-1 topSystems=disabled markers=disabled
[SupportJourneyTouch] phase=Began point=(956.78, 543.31) hit=
UnityEngine.Debug:Log (object)
Game.Editor.SupportSmokeJourneyProbe:TouchEvidence (Game.UI.Runtime.AriaTouchInputUiSystemHelper,string,UnityEngine.Vector2) (at Assets/Game/Scripts/Editor/SupportSmokeJourneyProbe.cs:290)
Game.UI.Runtime.AriaTouchInputUiSystemHelper:OnInputEvent (UnityEngine.InputSystem.LowLevel.InputEventPtr,UnityEngine.InputSystem.InputDevice) (at Assets/Game/Scripts/UI/Screens/AriaTouchInputUiSystemHelper.cs:162)
UnityEngine.InputSystem.LowLevel.NativeInputRuntime/<>c__DisplayClass7_0:<set_onUpdate>b__0 (UnityEngineInternal.Input.NativeInputUpdateType,UnityEngineInternal.Input.NativeInputEventBuffer*)
UnityEngineInternal.Input.NativeInputSystem:NotifyUpdate (UnityEngineInternal.Input.NativeInputUpdateType,intptr) (at /Users/bokken/build/output/unity/unity/Modules/Input/Private/Input.cs:132)

[FreezeDetect] Update hitch frame=7381 BuildingPlacement=204.8ms, GC=0/0/0, Total=216.0ms
[SupportJourneyTouch] phase=Ended point=(956.78, 543.31) hit=
UnityEngine.Debug:Log (object)
Game.Editor.SupportSmokeJourneyProbe:TouchEvidence (Game.UI.Runtime.AriaTouchInputUiSystemHelper,string,UnityEngine.Vector2) (at Assets/Game/Scripts/Editor/SupportSmokeJourneyProbe.cs:290)
Game.UI.Runtime.AriaTouchInputUiSystemHelper:OnInputEvent (UnityEngine.InputSystem.LowLevel.InputEventPtr,UnityEngine.InputSystem.InputDevice) (at Assets/Game/Scripts/UI/Screens/AriaTouchInputUiSystemHelper.cs:162)
UnityEngine.InputSystem.LowLevel.NativeInputRuntime/<>c__DisplayClass7_0:<set_onUpdate>b__0 (UnityEngineInternal.Input.NativeInputUpdateType,UnityEngineInternal.Input.NativeInputEventBuffer*)
UnityEngineInternal.Input.NativeInputSystem:NotifyUpdate (UnityEngineInternal.Input.NativeInputUpdateType,intptr) (at /Users/bokken/build/output/unity/unity/Modules/Input/Private/Input.cs:132)

[FreezeDetect] Frame gap frame=7382 Gap=244.7ms GC=0/0/0 LastSteps=RoadBuild=0.0ms, BuildingPlacement=204.8ms, Selection=0.9ms, DayNight=0.0ms, CitizenPopulation=0.0ms, MainMenu=10.2ms
[SupportJourneyTouch] phase=Began point=(956.78, 543.31) hit=
UnityEngine.Debug:Log (object)
Game.Editor.SupportSmokeJourneyProbe:TouchEvidence (Game.UI.Runtime.AriaTouchInputUiSystemHelper,string,UnityEngine.Vector2) (at Assets/Game/Scripts/Editor/SupportSmokeJourneyProbe.cs:290)
Game.UI.Runtime.AriaTouchInputUiSystemHelper:OnInputEvent (UnityEngine.InputSystem.LowLevel.InputEventPtr,UnityEngine.InputSystem.InputDevice) (at Assets/Game/Scripts/UI/Screens/AriaTouchInputUiSystemHelper.cs:162)
UnityEngine.InputSystem.LowLevel.NativeInputRuntime/<>c__DisplayClass7_0:<set_onUpdate>b__0 (UnityEngineInternal.Input.NativeInputUpdateType,UnityEngineInternal.Input.NativeInputEventBuffer*)
UnityEngineInternal.Input.NativeInputSystem:NotifyUpdate (UnityEngineInternal.Input.NativeInputUpdateType,intptr) (at /Users/bokken/build/output/unity/unity/Modules/Input/Private/Input.cs:132)

[SupportJourneyTouch] phase=Ended point=(956.78, 543.31) hit=
UnityEngine.Debug:Log (object)
Game.Editor.SupportSmokeJourneyProbe:TouchEvidence (Game.UI.Runtime.AriaTouchInputUiSystemHelper,string,UnityEngine.Vector2) (at Assets/Game/Scripts/Editor/SupportSmokeJourneyProbe.cs:290)
Game.UI.Runtime.AriaTouchInputUiSystemHelper:OnInputEvent (UnityEngine.InputSystem.LowLevel.InputEventPtr,UnityEngine.InputSystem.InputDevice) (at Assets/Game/Scripts/UI/Screens/AriaTouchInputUiSystemHelper.cs:162)
UnityEngine.InputSystem.LowLevel.NativeInputRuntime/<>c__DisplayClass7_0:<set_onUpdate>b__0 (UnityEngineInternal.Input.NativeInputUpdateType,UnityEngineInternal.Input.NativeInputEventBuffer*)
UnityEngineInternal.Input.NativeInputSystem:NotifyUpdate (UnityEngineInternal.Input.NativeInputUpdateType,intptr) (at /Users/bokken/build/output/unity/unity/Modules/Input/Private/Input.cs:132)

[FreezeDetect] Update hitch frame=7389 Selection=630.7ms, GC=0/0/0, Total=632.8ms
[PerfDiag] slowUpdate frame=7389 total=632.8ms gc=0/0/0 cpuFrame=16.3ms cpuMain=12.7ms cpuRender=2.7ms gpu=8.0ms steps=RoadBuild=0.0ms, BuildingPlacement=0.1ms, Selection=630.7ms, DayNight=0.0ms, CitizenPopulation=0.0ms, MainMenu=2.1ms units=4946 models=13 sourceKeys=4946 sourceKeyFallbackVisuals=0 initialSpawnConfigs=2 drawCalls=750 batches=0 setPass=68 tris=1562852 verts=2891574 memory=alloc=5344MB reserved=6629MB mono=3096MB uiToolkit=0 gameplayInitialized=1 playRequested=1 simulationActive=1 focused=1 vSync=0 targetFps=-1 topSystems=disabled markers=disabled
[SupportJourneyState] stage=3 smokeStage=0 phase=FindSquad outcome=None gestures=6 covered=False damage=0
UnityEngine.Debug:Log (object)
Game.Editor.SupportSmokeJourneyProbe:Tick () (at Assets/Game/Scripts/Editor/SupportSmokeJourneyProbe.cs:102)
UnityEditor.EditorApplication:Internal_CallUpdateFunctions () (at /Users/bokken/build/output/unity/unity/Editor/Mono/EditorApplication.cs:403)

[SupportJourneyTouch] phase=Began point=(959.80, 543.11) hit=
UnityEngine.Debug:Log (object)
Game.Editor.SupportSmokeJourneyProbe:TouchEvidence (Game.UI.Runtime.AriaTouchInputUiSystemHelper,string,UnityEngine.Vector2) (at Assets/Game/Scripts/Editor/SupportSmokeJourneyProbe.cs:290)
Game.UI.Runtime.AriaTouchInputUiSystemHelper:OnInputEvent (UnityEngine.InputSystem.LowLevel.InputEventPtr,UnityEngine.InputSystem.InputDevice) (at Assets/Game/Scripts/UI/Screens/AriaTouchInputUiSystemHelper.cs:162)
UnityEngine.InputSystem.LowLevel.NativeInputRuntime/<>c__DisplayClass7_0:<set_onUpdate>b__0 (UnityEngineInternal.Input.NativeInputUpdateType,UnityEngineInternal.Input.NativeInputEventBuffer*)
UnityEngineInternal.Input.NativeInputSystem:NotifyUpdate (UnityEngineInternal.Input.NativeInputUpdateType,intptr) (at /Users/bokken/build/output/unity/unity/Modules/Input/Private/Input.cs:132)

[FreezeDetect] Frame gap frame=7390 Gap=714.6ms GC=0/0/0 LastSteps=RoadBuild=0.0ms, BuildingPlacement=0.1ms, Selection=630.7ms, DayNight=0.0ms, CitizenPopulation=0.0ms, MainMenu=2.1ms
[FrameRateDiag] fps=31.5 avgFrame=31.7ms updateAvg=15.6ms updateMax=632.8ms cpuFrame=13.6ms cpuMain=10.2ms cpuRender=2.8ms gpu=8.1ms drawCalls=764 batches=0 setPass=81 tris=1563510 verts=2892780 units=4946 models=13 sourceKeys=4946 sourceKeyFallbackVisuals=0 initialSpawnConfigs=2 impostors=0 render=screen=1920x1080,batch=0,quality=1:Mobile,vSync=0,targetFps=-1,pipeline=Mobile_RPAsset_MobileCandidate,scale=0.75,msaa=0,camera=Main Camera,cameraData=post:1,aa:FastApproximateAntialiasing,stack:0 memory=alloc=5348MB reserved=6627MB mono=3097MB focused=1 playRequested=1 simulationActive=1 stepStats=none topSystems=disabled markers=disabled
[SupportJourneyTouch] phase=Ended point=(959.80, 543.11) hit=
UnityEngine.Debug:Log (object)
Game.Editor.SupportSmokeJourneyProbe:TouchEvidence (Game.UI.Runtime.AriaTouchInputUiSystemHelper,string,UnityEngine.Vector2) (at Assets/Game/Scripts/Editor/SupportSmokeJourneyProbe.cs:290)
Game.UI.Runtime.AriaTouchInputUiSystemHelper:OnInputEvent (UnityEngine.InputSystem.LowLevel.InputEventPtr,UnityEngine.InputSystem.InputDevice) (at Assets/Game/Scripts/UI/Screens/AriaTouchInputUiSystemHelper.cs:162)
UnityEngine.InputSystem.LowLevel.NativeInputRuntime/<>c__DisplayClass7_0:<set_onUpdate>b__0 (UnityEngineInternal.Input.NativeInputUpdateType,UnityEngineInternal.Input.NativeInputEventBuffer*)
UnityEngineInternal.Input.NativeInputSystem:NotifyUpdate (UnityEngineInternal.Input.NativeInputUpdateType,intptr) (at /Users/bokken/build/output/unity/unity/Modules/Input/Private/Input.cs:132)

[FreezeDetect] Update hitch frame=7391 Selection=229.1ms, GC=0/0/0, Total=230.4ms
[SupportJourneyTouch] phase=Began point=(1169.83, 529.85) hit=
UnityEngine.Debug:Log (object)
Game.Editor.SupportSmokeJourneyProbe:TouchEvidence (Game.UI.Runtime.AriaTouchInputUiSystemHelper,string,UnityEngine.Vector2) (at Assets/Game/Scripts/Editor/SupportSmokeJourneyProbe.cs:290)
Game.UI.Runtime.AriaTouchInputUiSystemHelper:OnInputEvent (UnityEngine.InputSystem.LowLevel.InputEventPtr,UnityEngine.InputSystem.InputDevice) (at Assets/Game/Scripts/UI/Screens/AriaTouchInputUiSystemHelper.cs:162)
UnityEngine.InputSystem.LowLevel.NativeInputRuntime/<>c__DisplayClass7_0:<set_onUpdate>b__0 (UnityEngineInternal.Input.NativeInputUpdateType,UnityEngineInternal.Input.NativeInputEventBuffer*)
UnityEngineInternal.Input.NativeInputSystem:NotifyUpdate (UnityEngineInternal.Input.NativeInputUpdateType,intptr) (at /Users/bokken/build/output/unity/unity/Modules/Input/Private/Input.cs:132)

[FreezeDetect] Frame gap frame=7392 Gap=260.3ms GC=0/0/0 LastSteps=RoadBuild=0.0ms, BuildingPlacement=0.1ms, Selection=229.1ms, DayNight=0.0ms, CitizenPopulation=0.0ms, MainMenu=1.2ms
[SupportJourneyTouch] phase=Ended point=(1169.83, 529.85) hit=
UnityEngine.Debug:Log (object)
Game.Editor.SupportSmokeJourneyProbe:TouchEvidence (Game.UI.Runtime.AriaTouchInputUiSystemHelper,string,UnityEngine.Vector2) (at Assets/Game/Scripts/Editor/SupportSmokeJourneyProbe.cs:290)
Game.UI.Runtime.AriaTouchInputUiSystemHelper:OnInputEvent (UnityEngine.InputSystem.LowLevel.InputEventPtr,UnityEngine.InputSystem.InputDevice) (at Assets/Game/Scripts/UI/Screens/AriaTouchInputUiSystemHelper.cs:162)
UnityEngine.InputSystem.LowLevel.NativeInputRuntime/<>c__DisplayClass7_0:<set_onUpdate>b__0 (UnityEngineInternal.Input.NativeInputUpdateType,UnityEngineInternal.Input.NativeInputEventBuffer*)
UnityEngineInternal.Input.NativeInputSystem:NotifyUpdate (UnityEngineInternal.Input.NativeInputUpdateType,intptr) (at /Users/bokken/build/output/unity/unity/Modules/Input/Private/Input.cs:132)

[SupportJourneyTouch] phase=Began point=(1285.21, 523.70) hit=
UnityEngine.Debug:Log (object)
Game.Editor.SupportSmokeJourneyProbe:TouchEvidence (Game.UI.Runtime.AriaTouchInputUiSystemHelper,string,UnityEngine.Vector2) (at Assets/Game/Scripts/Editor/SupportSmokeJourneyProbe.cs:290)
Game.UI.Runtime.AriaTouchInputUiSystemHelper:OnInputEvent (UnityEngine.InputSystem.LowLevel.InputEventPtr,UnityEngine.InputSystem.InputDevice) (at Assets/Game/Scripts/UI/Screens/AriaTouchInputUiSystemHelper.cs:162)
UnityEngine.InputSystem.LowLevel.NativeInputRuntime/<>c__DisplayClass7_0:<set_onUpdate>b__0 (UnityEngineInternal.Input.NativeInputUpdateType,UnityEngineInternal.Input.NativeInputEventBuffer*)
UnityEngineInternal.Input.NativeInputSystem:NotifyUpdate (UnityEngineInternal.Input.NativeInputUpdateType,intptr) (at /Users/bokken/build/output/unity/unity/Modules/Input/Private/Input.cs:132)

[SupportJourneyTouch] phase=Ended point=(1285.21, 523.70) hit=
UnityEngine.Debug:Log (object)
Game.Editor.SupportSmokeJourneyProbe:TouchEvidence (Game.UI.Runtime.AriaTouchInputUiSystemHelper,string,UnityEngine.Vector2) (at Assets/Game/Scripts/Editor/SupportSmokeJourneyProbe.cs:290)
Game.UI.Runtime.AriaTouchInputUiSystemHelper:OnInputEvent (UnityEngine.InputSystem.LowLevel.InputEventPtr,UnityEngine.InputSystem.InputDevice) (at Assets/Game/Scripts/UI/Screens/AriaTouchInputUiSystemHelper.cs:162)
UnityEngine.InputSystem.LowLevel.NativeInputRuntime/<>c__DisplayClass7_0:<set_onUpdate>b__0 (UnityEngineInternal.Input.NativeInputUpdateType,UnityEngineInternal.Input.NativeInputEventBuffer*)
UnityEngineInternal.Input.NativeInputSystem:NotifyUpdate (UnityEngineInternal.Input.NativeInputUpdateType,intptr) (at /Users/bokken/build/output/unity/unity/Modules/Input/Private/Input.cs:132)

[PerfDiag] slowUpdate frame=7404 total=132.1ms gc=0/0/0 cpuFrame=11.9ms cpuMain=8.9ms cpuRender=0.5ms gpu=0.2ms steps=RoadBuild=0.0ms, BuildingPlacement=0.1ms, Selection=129.7ms, DayNight=0.0ms, CitizenPopulation=0.0ms, MainMenu=2.3ms units=4946 models=13 sourceKeys=4946 sourceKeyFallbackVisuals=0 initialSpawnConfigs=2 drawCalls=772 batches=0 setPass=135 tris=1598310 verts=2973222 memory=alloc=5405MB reserved=6622MB mono=3143MB uiToolkit=0 gameplayInitialized=1 playRequested=1 simulationActive=1 focused=1 vSync=0 targetFps=-1 topSystems=disabled markers=disabled
[SupportJourneyTouch] phase=Began point=(1333.31, 521.53) hit=
UnityEngine.Debug:Log (object)
Game.Editor.SupportSmokeJourneyProbe:TouchEvidence (Game.UI.Runtime.AriaTouchInputUiSystemHelper,string,UnityEngine.Vector2) (at Assets/Game/Scripts/Editor/SupportSmokeJourneyProbe.cs:290)
Game.UI.Runtime.AriaTouchInputUiSystemHelper:OnInputEvent (UnityEngine.InputSystem.LowLevel.InputEventPtr,UnityEngine.InputSystem.InputDevice) (at Assets/Game/Scripts/UI/Screens/AriaTouchInputUiSystemHelper.cs:162)
UnityEngine.InputSystem.LowLevel.NativeInputRuntime/<>c__DisplayClass7_0:<set_onUpdate>b__0 (UnityEngineInternal.Input.NativeInputUpdateType,UnityEngineInternal.Input.NativeInputEventBuffer*)
UnityEngineInternal.Input.NativeInputSystem:NotifyUpdate (UnityEngineInternal.Input.NativeInputUpdateType,intptr) (at /Users/bokken/build/output/unity/unity/Modules/Input/Private/Input.cs:132)

[FreezeDetect] Frame gap frame=7405 Gap=150.2ms GC=0/0/0 LastSteps=RoadBuild=0.0ms, BuildingPlacement=0.1ms, Selection=129.7ms, DayNight=0.0ms, CitizenPopulation=0.0ms, MainMenu=2.3ms
[SupportJourneyTouch] phase=Ended point=(1333.31, 521.53) hit=
UnityEngine.Debug:Log (object)
Game.Editor.SupportSmokeJourneyProbe:TouchEvidence (Game.UI.Runtime.AriaTouchInputUiSystemHelper,string,UnityEngine.Vector2) (at Assets/Game/Scripts/Editor/SupportSmokeJourneyProbe.cs:290)
Game.UI.Runtime.AriaTouchInputUiSystemHelper:OnInputEvent (UnityEngine.InputSystem.LowLevel.InputEventPtr,UnityEngine.InputSystem.InputDevice) (at Assets/Game/Scripts/UI/Screens/AriaTouchInputUiSystemHelper.cs:162)
UnityEngine.InputSystem.LowLevel.NativeInputRuntime/<>c__DisplayClass7_0:<set_onUpdate>b__0 (UnityEngineInternal.Input.NativeInputUpdateType,UnityEngineInternal.Input.NativeInputEventBuffer*)
UnityEngineInternal.Input.NativeInputSystem:NotifyUpdate (UnityEngineInternal.Input.NativeInputUpdateType,intptr) (at /Users/bokken/build/output/unity/unity/Modules/Input/Private/Input.cs:132)

[SupportJourneyTouch] phase=Began point=(1387.26, 519.42) hit=
UnityEngine.Debug:Log (object)
Game.Editor.SupportSmokeJourneyProbe:TouchEvidence (Game.UI.Runtime.AriaTouchInputUiSystemHelper,string,UnityEngine.Vector2) (at Assets/Game/Scripts/Editor/SupportSmokeJourneyProbe.cs:290)
Game.UI.Runtime.AriaTouchInputUiSystemHelper:OnInputEvent (UnityEngine.InputSystem.LowLevel.InputEventPtr,UnityEngine.InputSystem.InputDevice) (at Assets/Game/Scripts/UI/Screens/AriaTouchInputUiSystemHelper.cs:162)
UnityEngine.InputSystem.LowLevel.NativeInputRuntime/<>c__DisplayClass7_0:<set_onUpdate>b__0 (UnityEngineInternal.Input.NativeInputUpdateType,UnityEngineInternal.Input.NativeInputEventBuffer*)
UnityEngineInternal.Input.NativeInputSystem:NotifyUpdate (UnityEngineInternal.Input.NativeInputUpdateType,intptr) (at /Users/bokken/build/output/unity/unity/Modules/Input/Private/Input.cs:132)

[SupportJourneyTouch] phase=Ended point=(1387.26, 519.42) hit=
UnityEngine.Debug:Log (object)
Game.Editor.SupportSmokeJourneyProbe:TouchEvidence (Game.UI.Runtime.AriaTouchInputUiSystemHelper,string,UnityEngine.Vector2) (at Assets/Game/Scripts/Editor/SupportSmokeJourneyProbe.cs:290)
Game.UI.Runtime.AriaTouchInputUiSystemHelper:OnInputEvent (UnityEngine.InputSystem.LowLevel.InputEventPtr,UnityEngine.InputSystem.InputDevice) (at Assets/Game/Scripts/UI/Screens/AriaTouchInputUiSystemHelper.cs:162)
UnityEngine.InputSystem.LowLevel.NativeInputRuntime/<>c__DisplayClass7_0:<set_onUpdate>b__0 (UnityEngineInternal.Input.NativeInputUpdateType,UnityEngineInternal.Input.NativeInputEventBuffer*)
UnityEngineInternal.Input.NativeInputSystem:NotifyUpdate (UnityEngineInternal.Input.NativeInputUpdateType,intptr) (at /Users/bokken/build/output/unity/unity/Modules/Input/Private/Input.cs:132)

[SupportJourneyTouch] phase=Began point=(1428.22, 518.06) hit=
UnityEngine.Debug:Log (object)
Game.Editor.SupportSmokeJourneyProbe:TouchEvidence (Game.UI.Runtime.AriaTouchInputUiSystemHelper,string,UnityEngine.Vector2) (at Assets/Game/Scripts/Editor/SupportSmokeJourneyProbe.cs:290)
Game.UI.Runtime.AriaTouchInputUiSystemHelper:OnInputEvent (UnityEngine.InputSystem.LowLevel.InputEventPtr,UnityEngine.InputSystem.InputDevice) (at Assets/Game/Scripts/UI/Screens/AriaTouchInputUiSystemHelper.cs:162)
UnityEngine.InputSystem.LowLevel.NativeInputRuntime/<>c__DisplayClass7_0:<set_onUpdate>b__0 (UnityEngineInternal.Input.NativeInputUpdateType,UnityEngineInternal.Input.NativeInputEventBuffer*)
UnityEngineInternal.Input.NativeInputSystem:NotifyUpdate (UnityEngineInternal.Input.NativeInputUpdateType,intptr) (at /Users/bokken/build/output/unity/unity/Modules/Input/Private/Input.cs:132)

[SupportJourneyTouch] phase=Ended point=(1428.22, 518.06) hit=
UnityEngine.Debug:Log (object)
Game.Editor.SupportSmokeJourneyProbe:TouchEvidence (Game.UI.Runtime.AriaTouchInputUiSystemHelper,string,UnityEngine.Vector2) (at Assets/Game/Scripts/Editor/SupportSmokeJourneyProbe.cs:290)
Game.UI.Runtime.AriaTouchInputUiSystemHelper:OnInputEvent (UnityEngine.InputSystem.LowLevel.InputEventPtr,UnityEngine.InputSystem.InputDevice) (at Assets/Game/Scripts/UI/Screens/AriaTouchInputUiSystemHelper.cs:162)
UnityEngine.InputSystem.LowLevel.NativeInputRuntime/<>c__DisplayClass7_0:<set_onUpdate>b__0 (UnityEngineInternal.Input.NativeInputUpdateType,UnityEngineInternal.Input.NativeInputEventBuffer*)
UnityEngineInternal.Input.NativeInputSystem:NotifyUpdate (UnityEngineInternal.Input.NativeInputUpdateType,intptr) (at /Users/bokken/build/output/unity/unity/Modules/Input/Private/Input.cs:132)

[SupportJourneyTouch] phase=Began point=(1475.26, 516.81) hit=
UnityEngine.Debug:Log (object)
Game.Editor.SupportSmokeJourneyProbe:TouchEvidence (Game.UI.Runtime.AriaTouchInputUiSystemHelper,string,UnityEngine.Vector2) (at Assets/Game/Scripts/Editor/SupportSmokeJourneyProbe.cs:290)
Game.UI.Runtime.AriaTouchInputUiSystemHelper:OnInputEvent (UnityEngine.InputSystem.LowLevel.InputEventPtr,UnityEngine.InputSystem.InputDevice) (at Assets/Game/Scripts/UI/Screens/AriaTouchInputUiSystemHelper.cs:162)
UnityEngine.InputSystem.LowLevel.NativeInputRuntime/<>c__DisplayClass7_0:<set_onUpdate>b__0 (UnityEngineInternal.Input.NativeInputUpdateType,UnityEngineInternal.Input.NativeInputEventBuffer*)
UnityEngineInternal.Input.NativeInputSystem:NotifyUpdate (UnityEngineInternal.Input.NativeInputUpdateType,intptr) (at /Users/bokken/build/output/unity/unity/Modules/Input/Private/Input.cs:132)

[SupportJourneyTouch] phase=Ended point=(1475.26, 516.81) hit=
UnityEngine.Debug:Log (object)
Game.Editor.SupportSmokeJourneyProbe:TouchEvidence (Game.UI.Runtime.AriaTouchInputUiSystemHelper,string,UnityEngine.Vector2) (at Assets/Game/Scripts/Editor/SupportSmokeJourneyProbe.cs:290)
Game.UI.Runtime.AriaTouchInputUiSystemHelper:OnInputEvent (UnityEngine.InputSystem.LowLevel.InputEventPtr,UnityEngine.InputSystem.InputDevice) (at Assets/Game/Scripts/UI/Screens/AriaTouchInputUiSystemHelper.cs:162)
UnityEngine.InputSystem.LowLevel.NativeInputRuntime/<>c__DisplayClass7_0:<set_onUpdate>b__0 (UnityEngineInternal.Input.NativeInputUpdateType,UnityEngineInternal.Input.NativeInputEventBuffer*)
UnityEngineInternal.Input.NativeInputSystem:NotifyUpdate (UnityEngineInternal.Input.NativeInputUpdateType,intptr) (at /Users/bokken/build/output/unity/unity/Modules/Input/Private/Input.cs:132)

[PerfDiag] slowUpdate frame=7431 total=125.5ms gc=0/0/0 cpuFrame=10.7ms cpuMain=7.8ms cpuRender=2.2ms gpu=6.4ms steps=RoadBuild=0.0ms, BuildingPlacement=0.1ms, Selection=124.5ms, DayNight=0.0ms, CitizenPopulation=0.0ms, MainMenu=0.9ms units=4946 models=13 sourceKeys=4946 sourceKeyFallbackVisuals=0 initialSpawnConfigs=2 drawCalls=777 batches=0 setPass=134 tris=1573906 verts=2941812 memory=alloc=5458MB reserved=6613MB mono=3191MB uiToolkit=0 gameplayInitialized=1 playRequested=1 simulationActive=1 focused=1 vSync=0 targetFps=-1 topSystems=disabled markers=disabled
[SupportJourneyTouch] phase=Began point=(1510.09, 516.10) hit=
UnityEngine.Debug:Log (object)
Game.Editor.SupportSmokeJourneyProbe:TouchEvidence (Game.UI.Runtime.AriaTouchInputUiSystemHelper,string,UnityEngine.Vector2) (at Assets/Game/Scripts/Editor/SupportSmokeJourneyProbe.cs:290)
Game.UI.Runtime.AriaTouchInputUiSystemHelper:OnInputEvent (UnityEngine.InputSystem.LowLevel.InputEventPtr,UnityEngine.InputSystem.InputDevice) (at Assets/Game/Scripts/UI/Screens/AriaTouchInputUiSystemHelper.cs:162)
UnityEngine.InputSystem.LowLevel.NativeInputRuntime/<>c__DisplayClass7_0:<set_onUpdate>b__0 (UnityEngineInternal.Input.NativeInputUpdateType,UnityEngineInternal.Input.NativeInputEventBuffer*)
UnityEngineInternal.Input.NativeInputSystem:NotifyUpdate (UnityEngineInternal.Input.NativeInputUpdateType,intptr) (at /Users/bokken/build/output/unity/unity/Modules/Input/Private/Input.cs:132)

[SupportJourneyTouch] phase=Ended point=(1510.09, 516.10) hit=
UnityEngine.Debug:Log (object)
Game.Editor.SupportSmokeJourneyProbe:TouchEvidence (Game.UI.Runtime.AriaTouchInputUiSystemHelper,string,UnityEngine.Vector2) (at Assets/Game/Scripts/Editor/SupportSmokeJourneyProbe.cs:290)
Game.UI.Runtime.AriaTouchInputUiSystemHelper:OnInputEvent (UnityEngine.InputSystem.LowLevel.InputEventPtr,UnityEngine.InputSystem.InputDevice) (at Assets/Game/Scripts/UI/Screens/AriaTouchInputUiSystemHelper.cs:162)
UnityEngine.InputSystem.LowLevel.NativeInputRuntime/<>c__DisplayClass7_0:<set_onUpdate>b__0 (UnityEngineInternal.Input.NativeInputUpdateType,UnityEngineInternal.Input.NativeInputEventBuffer*)
UnityEngineInternal.Input.NativeInputSystem:NotifyUpdate (UnityEngineInternal.Input.NativeInputUpdateType,intptr) (at /Users/bokken/build/output/unity/unity/Modules/Input/Private/Input.cs:132)

[SupportJourneyTouch] phase=Began point=(1547.15, 515.59) hit=
UnityEngine.Debug:Log (object)
Game.Editor.SupportSmokeJourneyProbe:TouchEvidence (Game.UI.Runtime.AriaTouchInputUiSystemHelper,string,UnityEngine.Vector2) (at Assets/Game/Scripts/Editor/SupportSmokeJourneyProbe.cs:290)
Game.UI.Runtime.AriaTouchInputUiSystemHelper:OnInputEvent (UnityEngine.InputSystem.LowLevel.InputEventPtr,UnityEngine.InputSystem.InputDevice) (at Assets/Game/Scripts/UI/Screens/AriaTouchInputUiSystemHelper.cs:162)
UnityEngine.InputSystem.LowLevel.NativeInputRuntime/<>c__DisplayClass7_0:<set_onUpdate>b__0 (UnityEngineInternal.Input.NativeInputUpdateType,UnityEngineInternal.Input.NativeInputEventBuffer*)
UnityEngineInternal.Input.NativeInputSystem:NotifyUpdate (UnityEngineInternal.Input.NativeInputUpdateType,intptr) (at /Users/bokken/build/output/unity/unity/Modules/Input/Private/Input.cs:132)

[SupportJourneyTouch] phase=Ended point=(1547.15, 515.59) hit=
UnityEngine.Debug:Log (object)
Game.Editor.SupportSmokeJourneyProbe:TouchEvidence (Game.UI.Runtime.AriaTouchInputUiSystemHelper,string,UnityEngine.Vector2) (at Assets/Game/Scripts/Editor/SupportSmokeJourneyProbe.cs:290)
Game.UI.Runtime.AriaTouchInputUiSystemHelper:OnInputEvent (UnityEngine.InputSystem.LowLevel.InputEventPtr,UnityEngine.InputSystem.InputDevice) (at Assets/Game/Scripts/UI/Screens/AriaTouchInputUiSystemHelper.cs:162)
UnityEngine.InputSystem.LowLevel.NativeInputRuntime/<>c__DisplayClass7_0:<set_onUpdate>b__0 (UnityEngineInternal.Input.NativeInputUpdateType,UnityEngineInternal.Input.NativeInputEventBuffer*)
UnityEngineInternal.Input.NativeInputSystem:NotifyUpdate (UnityEngineInternal.Input.NativeInputUpdateType,intptr) (at /Users/bokken/build/output/unity/unity/Modules/Input/Private/Input.cs:132)

[SupportJourneyTouch] phase=Began point=(1576.33, 515.37) hit=
UnityEngine.Debug:Log (object)
Game.Editor.SupportSmokeJourneyProbe:TouchEvidence (Game.UI.Runtime.AriaTouchInputUiSystemHelper,string,UnityEngine.Vector2) (at Assets/Game/Scripts/Editor/SupportSmokeJourneyProbe.cs:290)
Game.UI.Runtime.AriaTouchInputUiSystemHelper:OnInputEvent (UnityEngine.InputSystem.LowLevel.InputEventPtr,UnityEngine.InputSystem.InputDevice) (at Assets/Game/Scripts/UI/Screens/AriaTouchInputUiSystemHelper.cs:162)
UnityEngine.InputSystem.LowLevel.NativeInputRuntime/<>c__DisplayClass7_0:<set_onUpdate>b__0 (UnityEngineInternal.Input.NativeInputUpdateType,UnityEngineInternal.Input.NativeInputEventBuffer*)
UnityEngineInternal.Input.NativeInputSystem:NotifyUpdate (UnityEngineInternal.Input.NativeInputUpdateType,intptr) (at /Users/bokken/build/output/unity/unity/Modules/Input/Private/Input.cs:132)

[SupportJourneyTouch] phase=Ended point=(1576.33, 515.37) hit=
UnityEngine.Debug:Log (object)
Game.Editor.SupportSmokeJourneyProbe:TouchEvidence (Game.UI.Runtime.AriaTouchInputUiSystemHelper,string,UnityEngine.Vector2) (at Assets/Game/Scripts/Editor/SupportSmokeJourneyProbe.cs:290)
Game.UI.Runtime.AriaTouchInputUiSystemHelper:OnInputEvent (UnityEngine.InputSystem.LowLevel.InputEventPtr,UnityEngine.InputSystem.InputDevice) (at Assets/Game/Scripts/UI/Screens/AriaTouchInputUiSystemHelper.cs:162)
UnityEngine.InputSystem.LowLevel.NativeInputRuntime/<>c__DisplayClass7_0:<set_onUpdate>b__0 (UnityEngineInternal.Input.NativeInputUpdateType,UnityEngineInternal.Input.NativeInputEventBuffer*)
UnityEngineInternal.Input.NativeInputSystem:NotifyUpdate (UnityEngineInternal.Input.NativeInputUpdateType,intptr) (at /Users/bokken/build/output/unity/unity/Modules/Input/Private/Input.cs:132)

[SupportJourneyTouch] phase=Began point=(1609.44, 515.36) hit=
UnityEngine.Debug:Log (object)
Game.Editor.SupportSmokeJourneyProbe:TouchEvidence (Game.UI.Runtime.AriaTouchInputUiSystemHelper,string,UnityEngine.Vector2) (at Assets/Game/Scripts/Editor/SupportSmokeJourneyProbe.cs:290)
Game.UI.Runtime.AriaTouchInputUiSystemHelper:OnInputEvent (UnityEngine.InputSystem.LowLevel.InputEventPtr,UnityEngine.InputSystem.InputDevice) (at Assets/Game/Scripts/UI/Screens/AriaTouchInputUiSystemHelper.cs:162)
UnityEngine.InputSystem.LowLevel.NativeInputRuntime/<>c__DisplayClass7_0:<set_onUpdate>b__0 (UnityEngineInternal.Input.NativeInputUpdateType,UnityEngineInternal.Input.NativeInputEventBuffer*)
UnityEngineInternal.Input.NativeInputSystem:NotifyUpdate (UnityEngineInternal.Input.NativeInputUpdateType,intptr) (at /Users/bokken/build/output/unity/unity/Modules/Input/Private/Input.cs:132)

[SupportJourneyTouch] phase=Ended point=(1609.44, 515.36) hit=
UnityEngine.Debug:Log (object)
Game.Editor.SupportSmokeJourneyProbe:TouchEvidence (Game.UI.Runtime.AriaTouchInputUiSystemHelper,string,UnityEngine.Vector2) (at Assets/Game/Scripts/Editor/SupportSmokeJourneyProbe.cs:290)
Game.UI.Runtime.AriaTouchInputUiSystemHelper:OnInputEvent (UnityEngine.InputSystem.LowLevel.InputEventPtr,UnityEngine.InputSystem.InputDevice) (at Assets/Game/Scripts/UI/Screens/AriaTouchInputUiSystemHelper.cs:162)
UnityEngine.InputSystem.LowLevel.NativeInputRuntime/<>c__DisplayClass7_0:<set_onUpdate>b__0 (UnityEngineInternal.Input.NativeInputUpdateType,UnityEngineInternal.Input.NativeInputEventBuffer*)
UnityEngineInternal.Input.NativeInputSystem:NotifyUpdate (UnityEngineInternal.Input.NativeInputUpdateType,intptr) (at /Users/bokken/build/output/unity/unity/Modules/Input/Private/Input.cs:132)

[PerfDiag] slowUpdate frame=7459 total=145.8ms gc=0/0/0 cpuFrame=11.1ms cpuMain=8.4ms cpuRender=2.4ms gpu=10.7ms steps=RoadBuild=0.0ms, BuildingPlacement=0.1ms, Selection=144.9ms, DayNight=0.0ms, CitizenPopulation=0.0ms, MainMenu=0.9ms units=4946 models=13 sourceKeys=4946 sourceKeyFallbackVisuals=0 initialSpawnConfigs=2 drawCalls=793 batches=0 setPass=134 tris=1567227 verts=2932876 memory=alloc=5510MB reserved=6605MB mono=3239MB uiToolkit=0 gameplayInitialized=1 playRequested=1 simulationActive=1 focused=1 vSync=0 targetFps=-1 topSystems=disabled markers=disabled
[SupportJourneyTouch] phase=Began point=(1634.40, 515.53) hit=
UnityEngine.Debug:Log (object)
Game.Editor.SupportSmokeJourneyProbe:TouchEvidence (Game.UI.Runtime.AriaTouchInputUiSystemHelper,string,UnityEngine.Vector2) (at Assets/Game/Scripts/Editor/SupportSmokeJourneyProbe.cs:290)
Game.UI.Runtime.AriaTouchInputUiSystemHelper:OnInputEvent (UnityEngine.InputSystem.LowLevel.InputEventPtr,UnityEngine.InputSystem.InputDevice) (at Assets/Game/Scripts/UI/Screens/AriaTouchInputUiSystemHelper.cs:162)
UnityEngine.InputSystem.LowLevel.NativeInputRuntime/<>c__DisplayClass7_0:<set_onUpdate>b__0 (UnityEngineInternal.Input.NativeInputUpdateType,UnityEngineInternal.Input.NativeInputEventBuffer*)
UnityEngineInternal.Input.NativeInputSystem:NotifyUpdate (UnityEngineInternal.Input.NativeInputUpdateType,intptr) (at /Users/bokken/build/output/unity/unity/Modules/Input/Private/Input.cs:132)

[FreezeDetect] Frame gap frame=7460 Gap=157.2ms GC=0/0/0 LastSteps=RoadBuild=0.0ms, BuildingPlacement=0.1ms, Selection=144.9ms, DayNight=0.0ms, CitizenPopulation=0.0ms, MainMenu=0.9ms
[SupportJourneyTouch] phase=Ended point=(1634.40, 515.53) hit=
UnityEngine.Debug:Log (object)
Game.Editor.SupportSmokeJourneyProbe:TouchEvidence (Game.UI.Runtime.AriaTouchInputUiSystemHelper,string,UnityEngine.Vector2) (at Assets/Game/Scripts/Editor/SupportSmokeJourneyProbe.cs:290)
Game.UI.Runtime.AriaTouchInputUiSystemHelper:OnInputEvent (UnityEngine.InputSystem.LowLevel.InputEventPtr,UnityEngine.InputSystem.InputDevice) (at Assets/Game/Scripts/UI/Screens/AriaTouchInputUiSystemHelper.cs:162)
UnityEngine.InputSystem.LowLevel.NativeInputRuntime/<>c__DisplayClass7_0:<set_onUpdate>b__0 (UnityEngineInternal.Input.NativeInputUpdateType,UnityEngineInternal.Input.NativeInputEventBuffer*)
UnityEngineInternal.Input.NativeInputSystem:NotifyUpdate (UnityEngineInternal.Input.NativeInputUpdateType,intptr) (at /Users/bokken/build/output/unity/unity/Modules/Input/Private/Input.cs:132)

[SupportJourneyTouch] phase=Began point=(1520.01, 551.87) hit=
UnityEngine.Debug:Log (object)
Game.Editor.SupportSmokeJourneyProbe:TouchEvidence (Game.UI.Runtime.AriaTouchInputUiSystemHelper,string,UnityEngine.Vector2) (at Assets/Game/Scripts/Editor/SupportSmokeJourneyProbe.cs:290)
Game.UI.Runtime.AriaTouchInputUiSystemHelper:OnInputEvent (UnityEngine.InputSystem.LowLevel.InputEventPtr,UnityEngine.InputSystem.InputDevice) (at Assets/Game/Scripts/UI/Screens/AriaTouchInputUiSystemHelper.cs:162)
UnityEngine.InputSystem.LowLevel.NativeInputRuntime/<>c__DisplayClass7_0:<set_onUpdate>b__0 (UnityEngineInternal.Input.NativeInputUpdateType,UnityEngineInternal.Input.NativeInputEventBuffer*)
UnityEngineInternal.Input.NativeInputSystem:NotifyUpdate (UnityEngineInternal.Input.NativeInputUpdateType,intptr) (at /Users/bokken/build/output/unity/unity/Modules/Input/Private/Input.cs:132)

[FrameRateDiag] fps=40.6 avgFrame=24.6ms updateAvg=12.6ms updateMax=230.4ms cpuFrame=12.4ms cpuMain=9.6ms cpuRender=2.3ms gpu=6.6ms drawCalls=801 batches=0 setPass=135 tris=1559597 verts=2924995 units=4946 models=13 sourceKeys=4946 sourceKeyFallbackVisuals=0 initialSpawnConfigs=2 impostors=0 render=screen=1920x1080,batch=0,quality=1:Mobile,vSync=0,targetFps=-1,pipeline=Mobile_RPAsset_MobileCandidate,scale=0.75,msaa=0,camera=Main Camera,cameraData=post:1,aa:FastApproximateAntialiasing,stack:0 memory=alloc=5500MB reserved=6602MB mono=3239MB focused=1 playRequested=1 simulationActive=1 stepStats=none topSystems=disabled markers=disabled
[SupportJourneyTouch] phase=Ended point=(1520.01, 551.87) hit=
UnityEngine.Debug:Log (object)
Game.Editor.SupportSmokeJourneyProbe:TouchEvidence (Game.UI.Runtime.AriaTouchInputUiSystemHelper,string,UnityEngine.Vector2) (at Assets/Game/Scripts/Editor/SupportSmokeJourneyProbe.cs:290)
Game.UI.Runtime.AriaTouchInputUiSystemHelper:OnInputEvent (UnityEngine.InputSystem.LowLevel.InputEventPtr,UnityEngine.InputSystem.InputDevice) (at Assets/Game/Scripts/UI/Screens/AriaTouchInputUiSystemHelper.cs:162)
UnityEngine.InputSystem.LowLevel.NativeInputRuntime/<>c__DisplayClass7_0:<set_onUpdate>b__0 (UnityEngineInternal.Input.NativeInputUpdateType,UnityEngineInternal.Input.NativeInputEventBuffer*)
UnityEngineInternal.Input.NativeInputSystem:NotifyUpdate (UnityEngineInternal.Input.NativeInputUpdateType,intptr) (at /Users/bokken/build/output/unity/unity/Modules/Input/Private/Input.cs:132)

[FreezeDetect] Update hitch frame=7473 GC=0/0/0, Total=150.4ms
[SupportJourneyTouch] phase=Began point=(1541.54, 552.01) hit=
UnityEngine.Debug:Log (object)
Game.Editor.SupportSmokeJourneyProbe:TouchEvidence (Game.UI.Runtime.AriaTouchInputUiSystemHelper,string,UnityEngine.Vector2) (at Assets/Game/Scripts/Editor/SupportSmokeJourneyProbe.cs:290)
Game.UI.Runtime.AriaTouchInputUiSystemHelper:OnInputEvent (UnityEngine.InputSystem.LowLevel.InputEventPtr,UnityEngine.InputSystem.InputDevice) (at Assets/Game/Scripts/UI/Screens/AriaTouchInputUiSystemHelper.cs:162)
UnityEngine.InputSystem.LowLevel.NativeInputRuntime/<>c__DisplayClass7_0:<set_onUpdate>b__0 (UnityEngineInternal.Input.NativeInputUpdateType,UnityEngineInternal.Input.NativeInputEventBuffer*)
UnityEngineInternal.Input.NativeInputSystem:NotifyUpdate (UnityEngineInternal.Input.NativeInputUpdateType,intptr) (at /Users/bokken/build/output/unity/unity/Modules/Input/Private/Input.cs:132)

[FreezeDetect] Frame gap frame=7474 Gap=166.9ms GC=0/0/0 LastSteps=RoadBuild=0.0ms, BuildingPlacement=0.1ms, Selection=149.2ms, DayNight=0.0ms, CitizenPopulation=0.0ms, MainMenu=1.2ms
[SupportJourneyTouch] phase=Ended point=(1541.54, 552.01) hit=
UnityEngine.Debug:Log (object)
Game.Editor.SupportSmokeJourneyProbe:TouchEvidence (Game.UI.Runtime.AriaTouchInputUiSystemHelper,string,UnityEngine.Vector2) (at Assets/Game/Scripts/Editor/SupportSmokeJourneyProbe.cs:290)
Game.UI.Runtime.AriaTouchInputUiSystemHelper:OnInputEvent (UnityEngine.InputSystem.LowLevel.InputEventPtr,UnityEngine.InputSystem.InputDevice) (at Assets/Game/Scripts/UI/Screens/AriaTouchInputUiSystemHelper.cs:162)
UnityEngine.InputSystem.LowLevel.NativeInputRuntime/<>c__DisplayClass7_0:<set_onUpdate>b__0 (UnityEngineInternal.Input.NativeInputUpdateType,UnityEngineInternal.Input.NativeInputEventBuffer*)
UnityEngineInternal.Input.NativeInputSystem:NotifyUpdate (UnityEngineInternal.Input.NativeInputUpdateType,intptr) (at /Users/bokken/build/output/unity/unity/Modules/Input/Private/Input.cs:132)

[SupportJourneyTouch] phase=Began point=(1567.45, 552.36) hit=
UnityEngine.Debug:Log (object)
Game.Editor.SupportSmokeJourneyProbe:TouchEvidence (Game.UI.Runtime.AriaTouchInputUiSystemHelper,string,UnityEngine.Vector2) (at Assets/Game/Scripts/Editor/SupportSmokeJourneyProbe.cs:290)
Game.UI.Runtime.AriaTouchInputUiSystemHelper:OnInputEvent (UnityEngine.InputSystem.LowLevel.InputEventPtr,UnityEngine.InputSystem.InputDevice) (at Assets/Game/Scripts/UI/Screens/AriaTouchInputUiSystemHelper.cs:162)
UnityEngine.InputSystem.LowLevel.NativeInputRuntime/<>c__DisplayClass7_0:<set_onUpdate>b__0 (UnityEngineInternal.Input.NativeInputUpdateType,UnityEngineInternal.Input.NativeInputEventBuffer*)
UnityEngineInternal.Input.NativeInputSystem:NotifyUpdate (UnityEngineInternal.Input.NativeInputUpdateType,intptr) (at /Users/bokken/build/output/unity/unity/Modules/Input/Private/Input.cs:132)

[SupportJourneyTouch] phase=Ended point=(1567.45, 552.36) hit=
UnityEngine.Debug:Log (object)
Game.Editor.SupportSmokeJourneyProbe:TouchEvidence (Game.UI.Runtime.AriaTouchInputUiSystemHelper,string,UnityEngine.Vector2) (at Assets/Game/Scripts/Editor/SupportSmokeJourneyProbe.cs:290)
Game.UI.Runtime.AriaTouchInputUiSystemHelper:OnInputEvent (UnityEngine.InputSystem.LowLevel.InputEventPtr,UnityEngine.InputSystem.InputDevice) (at Assets/Game/Scripts/UI/Screens/AriaTouchInputUiSystemHelper.cs:162)
UnityEngine.InputSystem.LowLevel.NativeInputRuntime/<>c__DisplayClass7_0:<set_onUpdate>b__0 (UnityEngineInternal.Input.NativeInputUpdateType,UnityEngineInternal.Input.NativeInputEventBuffer*)
UnityEngineInternal.Input.NativeInputSystem:NotifyUpdate (UnityEngineInternal.Input.NativeInputUpdateType,intptr) (at /Users/bokken/build/output/unity/unity/Modules/Input/Private/Input.cs:132)

[PerfDiag] slowUpdate frame=7486 total=125.4ms gc=0/0/0 cpuFrame=13.2ms cpuMain=10.1ms cpuRender=2.4ms gpu=6.7ms steps=RoadBuild=0.0ms, BuildingPlacement=0.1ms, Selection=124.3ms, DayNight=0.0ms, CitizenPopulation=0.0ms, MainMenu=1.1ms units=4946 models=13 sourceKeys=4946 sourceKeyFallbackVisuals=0 initialSpawnConfigs=2 drawCalls=813 batches=0 setPass=134 tris=1570795 verts=2947918 memory=alloc=5554MB reserved=6587MB mono=3287MB uiToolkit=0 gameplayInitialized=1 playRequested=1 simulationActive=1 focused=1 vSync=0 targetFps=-1 topSystems=disabled markers=disabled
[SupportJourneyTouch] phase=Began point=(1584.34, 552.72) hit=
UnityEngine.Debug:Log (object)
Game.Editor.SupportSmokeJourneyProbe:TouchEvidence (Game.UI.Runtime.AriaTouchInputUiSystemHelper,string,UnityEngine.Vector2) (at Assets/Game/Scripts/Editor/SupportSmokeJourneyProbe.cs:290)
Game.UI.Runtime.AriaTouchInputUiSystemHelper:OnInputEvent (UnityEngine.InputSystem.LowLevel.InputEventPtr,UnityEngine.InputSystem.InputDevice) (at Assets/Game/Scripts/UI/Screens/AriaTouchInputUiSystemHelper.cs:162)
UnityEngine.InputSystem.LowLevel.NativeInputRuntime/<>c__DisplayClass7_0:<set_onUpdate>b__0 (UnityEngineInternal.Input.NativeInputUpdateType,UnityEngineInternal.Input.NativeInputEventBuffer*)
UnityEngineInternal.Input.NativeInputSystem:NotifyUpdate (UnityEngineInternal.Input.NativeInputUpdateType,intptr) (at /Users/bokken/build/output/unity/unity/Modules/Input/Private/Input.cs:132)

[SupportJourneyTouch] phase=Ended point=(1584.34, 552.72) hit=
UnityEngine.Debug:Log (object)
Game.Editor.SupportSmokeJourneyProbe:TouchEvidence (Game.UI.Runtime.AriaTouchInputUiSystemHelper,string,UnityEngine.Vector2) (at Assets/Game/Scripts/Editor/SupportSmokeJourneyProbe.cs:290)
Game.UI.Runtime.AriaTouchInputUiSystemHelper:OnInputEvent (UnityEngine.InputSystem.LowLevel.InputEventPtr,UnityEngine.InputSystem.InputDevice) (at Assets/Game/Scripts/UI/Screens/AriaTouchInputUiSystemHelper.cs:162)
UnityEngine.InputSystem.LowLevel.NativeInputRuntime/<>c__DisplayClass7_0:<set_onUpdate>b__0 (UnityEngineInternal.Input.NativeInputUpdateType,UnityEngineInternal.Input.NativeInputEventBuffer*)
UnityEngineInternal.Input.NativeInputSystem:NotifyUpdate (UnityEngineInternal.Input.NativeInputUpdateType,intptr) (at /Users/bokken/build/output/unity/unity/Modules/Input/Private/Input.cs:132)

[SupportJourneyTouch] phase=Began point=(1601.73, 553.20) hit=
UnityEngine.Debug:Log (object)
Game.Editor.SupportSmokeJourneyProbe:TouchEvidence (Game.UI.Runtime.AriaTouchInputUiSystemHelper,string,UnityEngine.Vector2) (at Assets/Game/Scripts/Editor/SupportSmokeJourneyProbe.cs:290)
Game.UI.Runtime.AriaTouchInputUiSystemHelper:OnInputEvent (UnityEngine.InputSystem.LowLevel.InputEventPtr,UnityEngine.InputSystem.InputDevice) (at Assets/Game/Scripts/UI/Screens/AriaTouchInputUiSystemHelper.cs:162)
UnityEngine.InputSystem.LowLevel.NativeInputRuntime/<>c__DisplayClass7_0:<set_onUpdate>b__0 (UnityEngineInternal.Input.NativeInputUpdateType,UnityEngineInternal.Input.NativeInputEventBuffer*)
UnityEngineInternal.Input.NativeInputSystem:NotifyUpdate (UnityEngineInternal.Input.NativeInputUpdateType,intptr) (at /Users/bokken/build/output/unity/unity/Modules/Input/Private/Input.cs:132)

[SupportJourneyTouch] phase=Ended point=(1601.73, 553.20) hit=
UnityEngine.Debug:Log (object)
Game.Editor.SupportSmokeJourneyProbe:TouchEvidence (Game.UI.Runtime.AriaTouchInputUiSystemHelper,string,UnityEngine.Vector2) (at Assets/Game/Scripts/Editor/SupportSmokeJourneyProbe.cs:290)
Game.UI.Runtime.AriaTouchInputUiSystemHelper:OnInputEvent (UnityEngine.InputSystem.LowLevel.InputEventPtr,UnityEngine.InputSystem.InputDevice) (at Assets/Game/Scripts/UI/Screens/AriaTouchInputUiSystemHelper.cs:162)
UnityEngine.InputSystem.LowLevel.NativeInputRuntime/<>c__DisplayClass7_0:<set_onUpdate>b__0 (UnityEngineInternal.Input.NativeInputUpdateType,UnityEngineInternal.Input.NativeInputEventBuffer*)
UnityEngineInternal.Input.NativeInputSystem:NotifyUpdate (UnityEngineInternal.Input.NativeInputUpdateType,intptr) (at /Users/bokken/build/output/unity/unity/Modules/Input/Private/Input.cs:132)

[SupportJourneyTouch] phase=Began point=(1615.29, 553.67) hit=
UnityEngine.Debug:Log (object)
Game.Editor.SupportSmokeJourneyProbe:TouchEvidence (Game.UI.Runtime.AriaTouchInputUiSystemHelper,string,UnityEngine.Vector2) (at Assets/Game/Scripts/Editor/SupportSmokeJourneyProbe.cs:290)
Game.UI.Runtime.AriaTouchInputUiSystemHelper:OnInputEvent (UnityEngine.InputSystem.LowLevel.InputEventPtr,UnityEngine.InputSystem.InputDevice) (at Assets/Game/Scripts/UI/Screens/AriaTouchInputUiSystemHelper.cs:162)
UnityEngine.InputSystem.LowLevel.NativeInputRuntime/<>c__DisplayClass7_0:<set_onUpdate>b__0 (UnityEngineInternal.Input.NativeInputUpdateType,UnityEngineInternal.Input.NativeInputEventBuffer*)
UnityEngineInternal.Input.NativeInputSystem:NotifyUpdate (UnityEngineInternal.Input.NativeInputUpdateType,intptr) (at /Users/bokken/build/output/unity/unity/Modules/Input/Private/Input.cs:132)

[SupportJourneyTouch] phase=Ended point=(1615.29, 553.67) hit=
UnityEngine.Debug:Log (object)
Game.Editor.SupportSmokeJourneyProbe:TouchEvidence (Game.UI.Runtime.AriaTouchInputUiSystemHelper,string,UnityEngine.Vector2) (at Assets/Game/Scripts/Editor/SupportSmokeJourneyProbe.cs:290)
Game.UI.Runtime.AriaTouchInputUiSystemHelper:OnInputEvent (UnityEngine.InputSystem.LowLevel.InputEventPtr,UnityEngine.InputSystem.InputDevice) (at Assets/Game/Scripts/UI/Screens/AriaTouchInputUiSystemHelper.cs:162)
UnityEngine.InputSystem.LowLevel.NativeInputRuntime/<>c__DisplayClass7_0:<set_onUpdate>b__0 (UnityEngineInternal.Input.NativeInputUpdateType,UnityEngineInternal.Input.NativeInputEventBuffer*)
UnityEngineInternal.Input.NativeInputSystem:NotifyUpdate (UnityEngineInternal.Input.NativeInputUpdateType,intptr) (at /Users/bokken/build/output/unity/unity/Modules/Input/Private/Input.cs:132)

[SupportJourneyTouch] phase=Began point=(1627.45, 554.16) hit=
UnityEngine.Debug:Log (object)
Game.Editor.SupportSmokeJourneyProbe:TouchEvidence (Game.UI.Runtime.AriaTouchInputUiSystemHelper,string,UnityEngine.Vector2) (at Assets/Game/Scripts/Editor/SupportSmokeJourneyProbe.cs:290)
Game.UI.Runtime.AriaTouchInputUiSystemHelper:OnInputEvent (UnityEngine.InputSystem.LowLevel.InputEventPtr,UnityEngine.InputSystem.InputDevice) (at Assets/Game/Scripts/UI/Screens/AriaTouchInputUiSystemHelper.cs:162)
UnityEngine.InputSystem.LowLevel.NativeInputRuntime/<>c__DisplayClass7_0:<set_onUpdate>b__0 (UnityEngineInternal.Input.NativeInputUpdateType,UnityEngineInternal.Input.NativeInputEventBuffer*)
UnityEngineInternal.Input.NativeInputSystem:NotifyUpdate (UnityEngineInternal.Input.NativeInputUpdateType,intptr) (at /Users/bokken/build/output/unity/unity/Modules/Input/Private/Input.cs:132)

[SupportJourneyTouch] phase=Ended point=(1627.45, 554.16) hit=
UnityEngine.Debug:Log (object)
Game.Editor.SupportSmokeJourneyProbe:TouchEvidence (Game.UI.Runtime.AriaTouchInputUiSystemHelper,string,UnityEngine.Vector2) (at Assets/Game/Scripts/Editor/SupportSmokeJourneyProbe.cs:290)
Game.UI.Runtime.AriaTouchInputUiSystemHelper:OnInputEvent (UnityEngine.InputSystem.LowLevel.InputEventPtr,UnityEngine.InputSystem.InputDevice) (at Assets/Game/Scripts/UI/Screens/AriaTouchInputUiSystemHelper.cs:162)
UnityEngine.InputSystem.LowLevel.NativeInputRuntime/<>c__DisplayClass7_0:<set_onUpdate>b__0 (UnityEngineInternal.Input.NativeInputUpdateType,UnityEngineInternal.Input.NativeInputEventBuffer*)
UnityEngineInternal.Input.NativeInputSystem:NotifyUpdate (UnityEngineInternal.Input.NativeInputUpdateType,intptr) (at /Users/bokken/build/output/unity/unity/Modules/Input/Private/Input.cs:132)

[PerfDiag] slowUpdate frame=7513 total=88.3ms gc=0/0/0 cpuFrame=12.1ms cpuMain=9.2ms cpuRender=2.7ms gpu=6.7ms steps=RoadBuild=0.0ms, BuildingPlacement=0.1ms, Selection=87.3ms, DayNight=0.0ms, CitizenPopulation=0.0ms, MainMenu=1.0ms units=4946 models=13 sourceKeys=4946 sourceKeyFallbackVisuals=0 initialSpawnConfigs=2 drawCalls=794 batches=0 setPass=134 tris=1564968 verts=2944905 memory=alloc=5605MB reserved=6579MB mono=3335MB uiToolkit=0 gameplayInitialized=1 playRequested=1 simulationActive=1 focused=1 vSync=0 targetFps=-1 topSystems=disabled markers=disabled
[SupportJourneyTouch] phase=Began point=(1638.25, 554.67) hit=
UnityEngine.Debug:Log (object)
Game.Editor.SupportSmokeJourneyProbe:TouchEvidence (Game.UI.Runtime.AriaTouchInputUiSystemHelper,string,UnityEngine.Vector2) (at Assets/Game/Scripts/Editor/SupportSmokeJourneyProbe.cs:290)
Game.UI.Runtime.AriaTouchInputUiSystemHelper:OnInputEvent (UnityEngine.InputSystem.LowLevel.InputEventPtr,UnityEngine.InputSystem.InputDevice) (at Assets/Game/Scripts/UI/Screens/AriaTouchInputUiSystemHelper.cs:162)
UnityEngine.InputSystem.LowLevel.NativeInputRuntime/<>c__DisplayClass7_0:<set_onUpdate>b__0 (UnityEngineInternal.Input.NativeInputUpdateType,UnityEngineInternal.Input.NativeInputEventBuffer*)
UnityEngineInternal.Input.NativeInputSystem:NotifyUpdate (UnityEngineInternal.Input.NativeInputUpdateType,intptr) (at /Users/bokken/build/output/unity/unity/Modules/Input/Private/Input.cs:132)

[SupportJourneyTouch] phase=Ended point=(1638.25, 554.67) hit=
UnityEngine.Debug:Log (object)
Game.Editor.SupportSmokeJourneyProbe:TouchEvidence (Game.UI.Runtime.AriaTouchInputUiSystemHelper,string,UnityEngine.Vector2) (at Assets/Game/Scripts/Editor/SupportSmokeJourneyProbe.cs:290)
Game.UI.Runtime.AriaTouchInputUiSystemHelper:OnInputEvent (UnityEngine.InputSystem.LowLevel.InputEventPtr,UnityEngine.InputSystem.InputDevice) (at Assets/Game/Scripts/UI/Screens/AriaTouchInputUiSystemHelper.cs:162)
UnityEngine.InputSystem.LowLevel.NativeInputRuntime/<>c__DisplayClass7_0:<set_onUpdate>b__0 (UnityEngineInternal.Input.NativeInputUpdateType,UnityEngineInternal.Input.NativeInputEventBuffer*)
UnityEngineInternal.Input.NativeInputSystem:NotifyUpdate (UnityEngineInternal.Input.NativeInputUpdateType,intptr) (at /Users/bokken/build/output/unity/unity/Modules/Input/Private/Input.cs:132)

[SupportJourneyTouch] phase=Began point=(1634.02, 490.24) hit=
UnityEngine.Debug:Log (object)
Game.Editor.SupportSmokeJourneyProbe:TouchEvidence (Game.UI.Runtime.AriaTouchInputUiSystemHelper,string,UnityEngine.Vector2) (at Assets/Game/Scripts/Editor/SupportSmokeJourneyProbe.cs:290)
Game.UI.Runtime.AriaTouchInputUiSystemHelper:OnInputEvent (UnityEngine.InputSystem.LowLevel.InputEventPtr,UnityEngine.InputSystem.InputDevice) (at Assets/Game/Scripts/UI/Screens/AriaTouchInputUiSystemHelper.cs:162)
UnityEngine.InputSystem.LowLevel.NativeInputRuntime/<>c__DisplayClass7_0:<set_onUpdate>b__0 (UnityEngineInternal.Input.NativeInputUpdateType,UnityEngineInternal.Input.NativeInputEventBuffer*)
UnityEngineInternal.Input.NativeInputSystem:NotifyUpdate (UnityEngineInternal.Input.NativeInputUpdateType,intptr) (at /Users/bokken/build/output/unity/unity/Modules/Input/Private/Input.cs:132)

[SupportJourneyTouch] phase=Ended point=(1634.02, 490.24) hit=
UnityEngine.Debug:Log (object)
Game.Editor.SupportSmokeJourneyProbe:TouchEvidence (Game.UI.Runtime.AriaTouchInputUiSystemHelper,string,UnityEngine.Vector2) (at Assets/Game/Scripts/Editor/SupportSmokeJourneyProbe.cs:290)
Game.UI.Runtime.AriaTouchInputUiSystemHelper:OnInputEvent (UnityEngine.InputSystem.LowLevel.InputEventPtr,UnityEngine.InputSystem.InputDevice) (at Assets/Game/Scripts/UI/Screens/AriaTouchInputUiSystemHelper.cs:162)
UnityEngine.InputSystem.LowLevel.NativeInputRuntime/<>c__DisplayClass7_0:<set_onUpdate>b__0 (UnityEngineInternal.Input.NativeInputUpdateType,UnityEngineInternal.Input.NativeInputEventBuffer*)
UnityEngineInternal.Input.NativeInputSystem:NotifyUpdate (UnityEngineInternal.Input.NativeInputUpdateType,intptr) (at /Users/bokken/build/output/unity/unity/Modules/Input/Private/Input.cs:132)

[SupportJourneyTouch] phase=Began point=(919.50, 558.80) hit=
UnityEngine.Debug:Log (object)
Game.Editor.SupportSmokeJourneyProbe:TouchEvidence (Game.UI.Runtime.AriaTouchInputUiSystemHelper,string,UnityEngine.Vector2) (at Assets/Game/Scripts/Editor/SupportSmokeJourneyProbe.cs:290)
Game.UI.Runtime.AriaTouchInputUiSystemHelper:OnInputEvent (UnityEngine.InputSystem.LowLevel.InputEventPtr,UnityEngine.InputSystem.InputDevice) (at Assets/Game/Scripts/UI/Screens/AriaTouchInputUiSystemHelper.cs:162)
UnityEngine.InputSystem.LowLevel.NativeInputRuntime/<>c__DisplayClass7_0:<set_onUpdate>b__0 (UnityEngineInternal.Input.NativeInputUpdateType,UnityEngineInternal.Input.NativeInputEventBuffer*)
UnityEngineInternal.Input.NativeInputSystem:NotifyUpdate (UnityEngineInternal.Input.NativeInputUpdateType,intptr) (at /Users/bokken/build/output/unity/unity/Modules/Input/Private/Input.cs:132)

[SupportJourneyTouch] phase=Ended point=(919.50, 558.80) hit=
UnityEngine.Debug:Log (object)
Game.Editor.SupportSmokeJourneyProbe:TouchEvidence (Game.UI.Runtime.AriaTouchInputUiSystemHelper,string,UnityEngine.Vector2) (at Assets/Game/Scripts/Editor/SupportSmokeJourneyProbe.cs:290)
Game.UI.Runtime.AriaTouchInputUiSystemHelper:OnInputEvent (UnityEngine.InputSystem.LowLevel.InputEventPtr,UnityEngine.InputSystem.InputDevice) (at Assets/Game/Scripts/UI/Screens/AriaTouchInputUiSystemHelper.cs:162)
UnityEngine.InputSystem.LowLevel.NativeInputRuntime/<>c__DisplayClass7_0:<set_onUpdate>b__0 (UnityEngineInternal.Input.NativeInputUpdateType,UnityEngineInternal.Input.NativeInputEventBuffer*)
UnityEngineInternal.Input.NativeInputSystem:NotifyUpdate (UnityEngineInternal.Input.NativeInputUpdateType,intptr) (at /Users/bokken/build/output/unity/unity/Modules/Input/Private/Input.cs:132)

[SupportJourneyTouch] phase=Began point=(919.50, 558.80) hit=
UnityEngine.Debug:Log (object)
Game.Editor.SupportSmokeJourneyProbe:TouchEvidence (Game.UI.Runtime.AriaTouchInputUiSystemHelper,string,UnityEngine.Vector2) (at Assets/Game/Scripts/Editor/SupportSmokeJourneyProbe.cs:290)
Game.UI.Runtime.AriaTouchInputUiSystemHelper:OnInputEvent (UnityEngine.InputSystem.LowLevel.InputEventPtr,UnityEngine.InputSystem.InputDevice) (at Assets/Game/Scripts/UI/Screens/AriaTouchInputUiSystemHelper.cs:162)
UnityEngine.InputSystem.LowLevel.NativeInputRuntime/<>c__DisplayClass7_0:<set_onUpdate>b__0 (UnityEngineInternal.Input.NativeInputUpdateType,UnityEngineInternal.Input.NativeInputEventBuffer*)
UnityEngineInternal.Input.NativeInputSystem:NotifyUpdate (UnityEngineInternal.Input.NativeInputUpdateType,intptr) (at /Users/bokken/build/output/unity/unity/Modules/Input/Private/Input.cs:132)

[SupportJourneyTouch] phase=Ended point=(919.50, 558.80) hit=
UnityEngine.Debug:Log (object)
Game.Editor.SupportSmokeJourneyProbe:TouchEvidence (Game.UI.Runtime.AriaTouchInputUiSystemHelper,string,UnityEngine.Vector2) (at Assets/Game/Scripts/Editor/SupportSmokeJourneyProbe.cs:290)
Game.UI.Runtime.AriaTouchInputUiSystemHelper:OnInputEvent (UnityEngine.InputSystem.LowLevel.InputEventPtr,UnityEngine.InputSystem.InputDevice) (at Assets/Game/Scripts/UI/Screens/AriaTouchInputUiSystemHelper.cs:162)
UnityEngine.InputSystem.LowLevel.NativeInputRuntime/<>c__DisplayClass7_0:<set_onUpdate>b__0 (UnityEngineInternal.Input.NativeInputUpdateType,UnityEngineInternal.Input.NativeInputEventBuffer*)
UnityEngineInternal.Input.NativeInputSystem:NotifyUpdate (UnityEngineInternal.Input.NativeInputUpdateType,intptr) (at /Users/bokken/build/output/unity/unity/Modules/Input/Private/Input.cs:132)

[FreezeDetect] Update hitch frame=7540 Selection=284.9ms, GC=0/0/0, Total=289.0ms
[PerfDiag] slowUpdate frame=7540 total=289.0ms gc=0/0/0 cpuFrame=15.0ms cpuMain=11.6ms cpuRender=2.9ms gpu=6.8ms steps=RoadBuild=0.0ms, BuildingPlacement=0.1ms, Selection=284.9ms, DayNight=0.0ms, CitizenPopulation=0.0ms, MainMenu=4.0ms units=4946 models=13 sourceKeys=4946 sourceKeyFallbackVisuals=0 initialSpawnConfigs=2 drawCalls=783 batches=0 setPass=134 tris=1577788 verts=2966961 memory=alloc=5689MB reserved=6574MB mono=3407MB uiToolkit=0 gameplayInitialized=1 playRequested=1 simulationActive=1 focused=1 vSync=0 targetFps=-1 topSystems=disabled markers=disabled
[SupportJourneyTouch] phase=Began point=(919.50, 558.80) hit=
UnityEngine.Debug:Log (object)
Game.Editor.SupportSmokeJourneyProbe:TouchEvidence (Game.UI.Runtime.AriaTouchInputUiSystemHelper,string,UnityEngine.Vector2) (at Assets/Game/Scripts/Editor/SupportSmokeJourneyProbe.cs:290)
Game.UI.Runtime.AriaTouchInputUiSystemHelper:OnInputEvent (UnityEngine.InputSystem.LowLevel.InputEventPtr,UnityEngine.InputSystem.InputDevice) (at Assets/Game/Scripts/UI/Screens/AriaTouchInputUiSystemHelper.cs:162)
UnityEngine.InputSystem.LowLevel.NativeInputRuntime/<>c__DisplayClass7_0:<set_onUpdate>b__0 (UnityEngineInternal.Input.NativeInputUpdateType,UnityEngineInternal.Input.NativeInputEventBuffer*)
UnityEngineInternal.Input.NativeInputSystem:NotifyUpdate (UnityEngineInternal.Input.NativeInputUpdateType,intptr) (at /Users/bokken/build/output/unity/unity/Modules/Input/Private/Input.cs:132)

[FreezeDetect] Frame gap frame=7541 Gap=312.9ms GC=0/0/0 LastSteps=RoadBuild=0.0ms, BuildingPlacement=0.1ms, Selection=284.9ms, DayNight=0.0ms, CitizenPopulation=0.0ms, MainMenu=4.0ms
[SupportJourneyTouch] phase=Ended point=(919.50, 558.80) hit=
UnityEngine.Debug:Log (object)
Game.Editor.SupportSmokeJourneyProbe:TouchEvidence (Game.UI.Runtime.AriaTouchInputUiSystemHelper,string,UnityEngine.Vector2) (at Assets/Game/Scripts/Editor/SupportSmokeJourneyProbe.cs:290)
Game.UI.Runtime.AriaTouchInputUiSystemHelper:OnInputEvent (UnityEngine.InputSystem.LowLevel.InputEventPtr,UnityEngine.InputSystem.InputDevice) (at Assets/Game/Scripts/UI/Screens/AriaTouchInputUiSystemHelper.cs:162)
UnityEngine.InputSystem.LowLevel.NativeInputRuntime/<>c__DisplayClass7_0:<set_onUpdate>b__0 (UnityEngineInternal.Input.NativeInputUpdateType,UnityEngineInternal.Input.NativeInputEventBuffer*)
UnityEngineInternal.Input.NativeInputSystem:NotifyUpdate (UnityEngineInternal.Input.NativeInputUpdateType,intptr) (at /Users/bokken/build/output/unity/unity/Modules/Input/Private/Input.cs:132)

[FreezeDetect] Update hitch frame=7542 Selection=1012.2ms, GC=1/1/1, Total=1015.4ms
[PerfDiag] slowUpdate frame=7542 total=1015.4ms gc=1/1/1 cpuFrame=13.9ms cpuMain=10.5ms cpuRender=3.0ms gpu=7.3ms steps=RoadBuild=0.0ms, BuildingPlacement=0.1ms, Selection=1012.2ms, DayNight=0.0ms, CitizenPopulation=0.0ms, MainMenu=3.1ms units=4946 models=13 sourceKeys=4946 sourceKeyFallbackVisuals=0 initialSpawnConfigs=2 drawCalls=784 batches=0 setPass=134 tris=1577492 verts=2966247 memory=alloc=5747MB reserved=6619MB mono=3078MB uiToolkit=0 gameplayInitialized=1 playRequested=1 simulationActive=1 focused=1 vSync=0 targetFps=-1 topSystems=disabled markers=disabled
[FrameRateDiag] fps=38.2 avgFrame=26.2ms updateAvg=27.9ms updateMax=1015.4ms cpuFrame=13.9ms cpuMain=10.5ms cpuRender=3.0ms gpu=7.3ms drawCalls=784 batches=0 setPass=134 tris=1577492 verts=2966247 units=4946 models=13 sourceKeys=4946 sourceKeyFallbackVisuals=0 initialSpawnConfigs=2 impostors=0 render=screen=1920x1080,batch=0,quality=1:Mobile,vSync=0,targetFps=-1,pipeline=Mobile_RPAsset_MobileCandidate,scale=0.75,msaa=0,camera=Main Camera,cameraData=post:1,aa:FastApproximateAntialiasing,stack:0 memory=alloc=5747MB reserved=6619MB mono=3078MB focused=1 playRequested=1 simulationActive=1 stepStats=none topSystems=disabled markers=disabled
[RenderSceneDiag] frame=7542 source=profilerCounters drawCalls=784 batches=0 setPass=134 tris=1577492 verts=2966247 topSystems=disabled markers=disabled
[SupportJourneyTouch] phase=Began point=(919.50, 558.80) hit=
UnityEngine.Debug:Log (object)
Game.Editor.SupportSmokeJourneyProbe:TouchEvidence (Game.UI.Runtime.AriaTouchInputUiSystemHelper,string,UnityEngine.Vector2) (at Assets/Game/Scripts/Editor/SupportSmokeJourneyProbe.cs:290)
Game.UI.Runtime.AriaTouchInputUiSystemHelper:OnInputEvent (UnityEngine.InputSystem.LowLevel.InputEventPtr,UnityEngine.InputSystem.InputDevice) (at Assets/Game/Scripts/UI/Screens/AriaTouchInputUiSystemHelper.cs:162)
UnityEngine.InputSystem.LowLevel.NativeInputRuntime/<>c__DisplayClass7_0:<set_onUpdate>b__0 (UnityEngineInternal.Input.NativeInputUpdateType,UnityEngineInternal.Input.NativeInputEventBuffer*)
UnityEngineInternal.Input.NativeInputSystem:NotifyUpdate (UnityEngineInternal.Input.NativeInputUpdateType,intptr) (at /Users/bokken/build/output/unity/unity/Modules/Input/Private/Input.cs:132)

[FreezeDetect] Frame gap frame=7543 Gap=1066.6ms GC=0/0/0 LastSteps=RoadBuild=0.0ms, BuildingPlacement=0.1ms, Selection=1012.2ms, DayNight=0.0ms, CitizenPopulation=0.0ms, MainMenu=3.1ms
[SupportJourneyTouch] phase=Ended point=(919.50, 558.80) hit=
UnityEngine.Debug:Log (object)
Game.Editor.SupportSmokeJourneyProbe:TouchEvidence (Game.UI.Runtime.AriaTouchInputUiSystemHelper,string,UnityEngine.Vector2) (at Assets/Game/Scripts/Editor/SupportSmokeJourneyProbe.cs:290)
Game.UI.Runtime.AriaTouchInputUiSystemHelper:OnInputEvent (UnityEngine.InputSystem.LowLevel.InputEventPtr,UnityEngine.InputSystem.InputDevice) (at Assets/Game/Scripts/UI/Screens/AriaTouchInputUiSystemHelper.cs:162)
UnityEngine.InputSystem.LowLevel.NativeInputRuntime/<>c__DisplayClass7_0:<set_onUpdate>b__0 (UnityEngineInternal.Input.NativeInputUpdateType,UnityEngineInternal.Input.NativeInputEventBuffer*)
UnityEngineInternal.Input.NativeInputSystem:NotifyUpdate (UnityEngineInternal.Input.NativeInputUpdateType,intptr) (at /Users/bokken/build/output/unity/unity/Modules/Input/Private/Input.cs:132)

[FreezeDetect] Update hitch frame=7544 Selection=180.5ms, GC=0/0/0, Total=181.5ms
[SupportJourneyState] stage=3 smokeStage=0 phase=FindSquad outcome=None gestures=31 covered=False damage=0
UnityEngine.Debug:Log (object)
Game.Editor.SupportSmokeJourneyProbe:Tick () (at Assets/Game/Scripts/Editor/SupportSmokeJourneyProbe.cs:102)
UnityEditor.EditorApplication:Internal_CallUpdateFunctions () (at /Users/bokken/build/output/unity/unity/Editor/Mono/EditorApplication.cs:403)

[SupportJourneyTouch] phase=Began point=(919.50, 558.80) hit=
UnityEngine.Debug:Log (object)
Game.Editor.SupportSmokeJourneyProbe:TouchEvidence (Game.UI.Runtime.AriaTouchInputUiSystemHelper,string,UnityEngine.Vector2) (at Assets/Game/Scripts/Editor/SupportSmokeJourneyProbe.cs:290)
Game.UI.Runtime.AriaTouchInputUiSystemHelper:OnInputEvent (UnityEngine.InputSystem.LowLevel.InputEventPtr,UnityEngine.InputSystem.InputDevice) (at Assets/Game/Scripts/UI/Screens/AriaTouchInputUiSystemHelper.cs:162)
UnityEngine.InputSystem.LowLevel.NativeInputRuntime/<>c__DisplayClass7_0:<set_onUpdate>b__0 (UnityEngineInternal.Input.NativeInputUpdateType,UnityEngineInternal.Input.NativeInputEventBuffer*)
UnityEngineInternal.Input.NativeInputSystem:NotifyUpdate (UnityEngineInternal.Input.NativeInputUpdateType,intptr) (at /Users/bokken/build/output/unity/unity/Modules/Input/Private/Input.cs:132)

[FreezeDetect] Frame gap frame=7545 Gap=192.2ms GC=0/0/0 LastSteps=RoadBuild=0.0ms, BuildingPlacement=0.1ms, Selection=180.5ms, DayNight=0.0ms, CitizenPopulation=0.0ms, MainMenu=0.9ms
[SupportJourneyTouch] phase=Ended point=(919.50, 558.80) hit=
UnityEngine.Debug:Log (object)
Game.Editor.SupportSmokeJourneyProbe:TouchEvidence (Game.UI.Runtime.AriaTouchInputUiSystemHelper,string,UnityEngine.Vector2) (at Assets/Game/Scripts/Editor/SupportSmokeJourneyProbe.cs:290)
Game.UI.Runtime.AriaTouchInputUiSystemHelper:OnInputEvent (UnityEngine.InputSystem.LowLevel.InputEventPtr,UnityEngine.InputSystem.InputDevice) (at Assets/Game/Scripts/UI/Screens/AriaTouchInputUiSystemHelper.cs:162)
UnityEngine.InputSystem.LowLevel.NativeInputRuntime/<>c__DisplayClass7_0:<set_onUpdate>b__0 (UnityEngineInternal.Input.NativeInputUpdateType,UnityEngineInternal.Input.NativeInputEventBuffer*)
UnityEngineInternal.Input.NativeInputSystem:NotifyUpdate (UnityEngineInternal.Input.NativeInputUpdateType,intptr) (at /Users/bokken/build/output/unity/unity/Modules/Input/Private/Input.cs:132)

[FreezeDetect] Update hitch frame=7546 Selection=179.3ms, GC=0/0/0, Total=180.8ms
[SupportJourneyTouch] phase=Began point=(919.50, 558.80) hit=
UnityEngine.Debug:Log (object)
Game.Editor.SupportSmokeJourneyProbe:TouchEvidence (Game.UI.Runtime.AriaTouchInputUiSystemHelper,string,UnityEngine.Vector2) (at Assets/Game/Scripts/Editor/SupportSmokeJourneyProbe.cs:290)
Game.UI.Runtime.AriaTouchInputUiSystemHelper:OnInputEvent (UnityEngine.InputSystem.LowLevel.InputEventPtr,UnityEngine.InputSystem.InputDevice) (at Assets/Game/Scripts/UI/Screens/AriaTouchInputUiSystemHelper.cs:162)
UnityEngine.InputSystem.LowLevel.NativeInputRuntime/<>c__DisplayClass7_0:<set_onUpdate>b__0 (UnityEngineInternal.Input.NativeInputUpdateType,UnityEngineInternal.Input.NativeInputEventBuffer*)
UnityEngineInternal.Input.NativeInputSystem:NotifyUpdate (UnityEngineInternal.Input.NativeInputUpdateType,intptr) (at /Users/bokken/build/output/unity/unity/Modules/Input/Private/Input.cs:132)

[FreezeDetect] Frame gap frame=7547 Gap=197.1ms GC=0/0/0 LastSteps=RoadBuild=0.0ms, BuildingPlacement=0.1ms, Selection=179.3ms, DayNight=0.0ms, CitizenPopulation=0.0ms, MainMenu=1.4ms
[SupportJourneyTouch] phase=Ended point=(919.50, 558.80) hit=
UnityEngine.Debug:Log (object)
Game.Editor.SupportSmokeJourneyProbe:TouchEvidence (Game.UI.Runtime.AriaTouchInputUiSystemHelper,string,UnityEngine.Vector2) (at Assets/Game/Scripts/Editor/SupportSmokeJourneyProbe.cs:290)
Game.UI.Runtime.AriaTouchInputUiSystemHelper:OnInputEvent (UnityEngine.InputSystem.LowLevel.InputEventPtr,UnityEngine.InputSystem.InputDevice) (at Assets/Game/Scripts/UI/Screens/AriaTouchInputUiSystemHelper.cs:162)
UnityEngine.InputSystem.LowLevel.NativeInputRuntime/<>c__DisplayClass7_0:<set_onUpdate>b__0 (UnityEngineInternal.Input.NativeInputUpdateType,UnityEngineInternal.Input.NativeInputEventBuffer*)
UnityEngineInternal.Input.NativeInputSystem:NotifyUpdate (UnityEngineInternal.Input.NativeInputUpdateType,intptr) (at /Users/bokken/build/output/unity/unity/Modules/Input/Private/Input.cs:132)

[FreezeDetect] Update hitch frame=7548 GC=0/0/0, Total=150.8ms
[PerfDiag] slowUpdate frame=7548 total=150.8ms gc=0/0/0 cpuFrame=192.6ms cpuMain=189.0ms cpuRender=0.4ms gpu=10.9ms steps=RoadBuild=0.0ms, BuildingPlacement=0.1ms, Selection=149.2ms, DayNight=0.0ms, CitizenPopulation=0.0ms, MainMenu=1.5ms units=4946 models=13 sourceKeys=4946 sourceKeyFallbackVisuals=0 initialSpawnConfigs=2 drawCalls=772 batches=0 setPass=134 tris=1516130 verts=2825294 memory=alloc=5933MB reserved=6803MB mono=3186MB uiToolkit=0 gameplayInitialized=1 playRequested=1 simulationActive=1 focused=1 vSync=0 targetFps=-1 topSystems=disabled markers=disabled
[SupportJourneyTouch] phase=Began point=(919.50, 558.80) hit=
UnityEngine.Debug:Log (object)
Game.Editor.SupportSmokeJourneyProbe:TouchEvidence (Game.UI.Runtime.AriaTouchInputUiSystemHelper,string,UnityEngine.Vector2) (at Assets/Game/Scripts/Editor/SupportSmokeJourneyProbe.cs:290)
Game.UI.Runtime.AriaTouchInputUiSystemHelper:OnInputEvent (UnityEngine.InputSystem.LowLevel.InputEventPtr,UnityEngine.InputSystem.InputDevice) (at Assets/Game/Scripts/UI/Screens/AriaTouchInputUiSystemHelper.cs:162)
UnityEngine.InputSystem.LowLevel.NativeInputRuntime/<>c__DisplayClass7_0:<set_onUpdate>b__0 (UnityEngineInternal.Input.NativeInputUpdateType,UnityEngineInternal.Input.NativeInputEventBuffer*)
UnityEngineInternal.Input.NativeInputSystem:NotifyUpdate (UnityEngineInternal.Input.NativeInputUpdateType,intptr) (at /Users/bokken/build/output/unity/unity/Modules/Input/Private/Input.cs:132)

[FreezeDetect] Frame gap frame=7549 Gap=163.7ms GC=0/0/0 LastSteps=RoadBuild=0.0ms, BuildingPlacement=0.1ms, Selection=149.2ms, DayNight=0.0ms, CitizenPopulation=0.0ms, MainMenu=1.5ms
[SupportJourneyTouch] phase=Ended point=(919.50, 558.80) hit=
UnityEngine.Debug:Log (object)
Game.Editor.SupportSmokeJourneyProbe:TouchEvidence (Game.UI.Runtime.AriaTouchInputUiSystemHelper,string,UnityEngine.Vector2) (at Assets/Game/Scripts/Editor/SupportSmokeJourneyProbe.cs:290)
Game.UI.Runtime.AriaTouchInputUiSystemHelper:OnInputEvent (UnityEngine.InputSystem.LowLevel.InputEventPtr,UnityEngine.InputSystem.InputDevice) (at Assets/Game/Scripts/UI/Screens/AriaTouchInputUiSystemHelper.cs:162)
UnityEngine.InputSystem.LowLevel.NativeInputRuntime/<>c__DisplayClass7_0:<set_onUpdate>b__0 (UnityEngineInternal.Input.NativeInputUpdateType,UnityEngineInternal.Input.NativeInputEventBuffer*)
UnityEngineInternal.Input.NativeInputSystem:NotifyUpdate (UnityEngineInternal.Input.NativeInputUpdateType,intptr) (at /Users/bokken/build/output/unity/unity/Modules/Input/Private/Input.cs:132)

[FreezeDetect] Update hitch frame=7550 Selection=155.9ms, GC=0/0/0, Total=157.2ms
[SupportJourneyTouch] phase=Began point=(919.50, 558.80) hit=
UnityEngine.Debug:Log (object)
Game.Editor.SupportSmokeJourneyProbe:TouchEvidence (Game.UI.Runtime.AriaTouchInputUiSystemHelper,string,UnityEngine.Vector2) (at Assets/Game/Scripts/Editor/SupportSmokeJourneyProbe.cs:290)
Game.UI.Runtime.AriaTouchInputUiSystemHelper:OnInputEvent (UnityEngine.InputSystem.LowLevel.InputEventPtr,UnityEngine.InputSystem.InputDevice) (at Assets/Game/Scripts/UI/Screens/AriaTouchInputUiSystemHelper.cs:162)
UnityEngine.InputSystem.LowLevel.NativeInputRuntime/<>c__DisplayClass7_0:<set_onUpdate>b__0 (UnityEngineInternal.Input.NativeInputUpdateType,UnityEngineInternal.Input.NativeInputEventBuffer*)
UnityEngineInternal.Input.NativeInputSystem:NotifyUpdate (UnityEngineInternal.Input.NativeInputUpdateType,intptr) (at /Users/bokken/build/output/unity/unity/Modules/Input/Private/Input.cs:132)

[FreezeDetect] Frame gap frame=7551 Gap=170.8ms GC=0/0/0 LastSteps=RoadBuild=0.0ms, BuildingPlacement=0.1ms, Selection=155.9ms, DayNight=0.0ms, CitizenPopulation=0.0ms, MainMenu=1.2ms
[SupportJourneyTouch] phase=Ended point=(919.50, 558.80) hit=
UnityEngine.Debug:Log (object)
Game.Editor.SupportSmokeJourneyProbe:TouchEvidence (Game.UI.Runtime.AriaTouchInputUiSystemHelper,string,UnityEngine.Vector2) (at Assets/Game/Scripts/Editor/SupportSmokeJourneyProbe.cs:290)
Game.UI.Runtime.AriaTouchInputUiSystemHelper:OnInputEvent (UnityEngine.InputSystem.LowLevel.InputEventPtr,UnityEngine.InputSystem.InputDevice) (at Assets/Game/Scripts/UI/Screens/AriaTouchInputUiSystemHelper.cs:162)
UnityEngine.InputSystem.LowLevel.NativeInputRuntime/<>c__DisplayClass7_0:<set_onUpdate>b__0 (UnityEngineInternal.Input.NativeInputUpdateType,UnityEngineInternal.Input.NativeInputEventBuffer*)
UnityEngineInternal.Input.NativeInputSystem:NotifyUpdate (UnityEngineInternal.Input.NativeInputUpdateType,intptr) (at /Users/bokken/build/output/unity/unity/Modules/Input/Private/Input.cs:132)

[FreezeDetect] Update hitch frame=7552 Selection=153.0ms, GC=0/0/0, Total=154.0ms
[SupportJourneyTouch] phase=Began point=(919.50, 558.80) hit=
UnityEngine.Debug:Log (object)
Game.Editor.SupportSmokeJourneyProbe:TouchEvidence (Game.UI.Runtime.AriaTouchInputUiSystemHelper,string,UnityEngine.Vector2) (at Assets/Game/Scripts/Editor/SupportSmokeJourneyProbe.cs:290)
Game.UI.Runtime.AriaTouchInputUiSystemHelper:OnInputEvent (UnityEngine.InputSystem.LowLevel.InputEventPtr,UnityEngine.InputSystem.InputDevice) (at Assets/Game/Scripts/UI/Screens/AriaTouchInputUiSystemHelper.cs:162)
UnityEngine.InputSystem.LowLevel.NativeInputRuntime/<>c__DisplayClass7_0:<set_onUpdate>b__0 (UnityEngineInternal.Input.NativeInputUpdateType,UnityEngineInternal.Input.NativeInputEventBuffer*)
UnityEngineInternal.Input.NativeInputSystem:NotifyUpdate (UnityEngineInternal.Input.NativeInputUpdateType,intptr) (at /Users/bokken/build/output/unity/unity/Modules/Input/Private/Input.cs:132)

[FreezeDetect] Frame gap frame=7553 Gap=167.3ms GC=0/0/0 LastSteps=RoadBuild=0.0ms, BuildingPlacement=0.1ms, Selection=153.0ms, DayNight=0.0ms, CitizenPopulation=0.0ms, MainMenu=0.9ms
[SupportJourneyTouch] phase=Ended point=(919.50, 558.80) hit=
UnityEngine.Debug:Log (object)
Game.Editor.SupportSmokeJourneyProbe:TouchEvidence (Game.UI.Runtime.AriaTouchInputUiSystemHelper,string,UnityEngine.Vector2) (at Assets/Game/Scripts/Editor/SupportSmokeJourneyProbe.cs:290)
Game.UI.Runtime.AriaTouchInputUiSystemHelper:OnInputEvent (UnityEngine.InputSystem.LowLevel.InputEventPtr,UnityEngine.InputSystem.InputDevice) (at Assets/Game/Scripts/UI/Screens/AriaTouchInputUiSystemHelper.cs:162)
UnityEngine.InputSystem.LowLevel.NativeInputRuntime/<>c__DisplayClass7_0:<set_onUpdate>b__0 (UnityEngineInternal.Input.NativeInputUpdateType,UnityEngineInternal.Input.NativeInputEventBuffer*)
UnityEngineInternal.Input.NativeInputSystem:NotifyUpdate (UnityEngineInternal.Input.NativeInputUpdateType,intptr) (at /Users/bokken/build/output/unity/unity/Modules/Input/Private/Input.cs:132)

[FreezeDetect] Update hitch frame=7554 Selection=175.3ms, GC=0/0/0, Total=176.4ms
[PerfDiag] slowUpdate frame=7554 total=176.4ms gc=0/0/0 cpuFrame=170.6ms cpuMain=164.6ms cpuRender=0.5ms gpu=10.0ms steps=RoadBuild=0.0ms, BuildingPlacement=0.1ms, Selection=175.3ms, DayNight=0.0ms, CitizenPopulation=0.0ms, MainMenu=1.0ms units=4946 models=13 sourceKeys=4946 sourceKeyFallbackVisuals=0 initialSpawnConfigs=2 drawCalls=754 batches=0 setPass=131 tris=1470386 verts=2724020 memory=alloc=6118MB reserved=6987MB mono=3328MB uiToolkit=0 gameplayInitialized=1 playRequested=1 simulationActive=1 focused=1 vSync=0 targetFps=-1 topSystems=disabled markers=disabled
[SupportJourneyTouch] phase=Began point=(919.50, 558.80) hit=
UnityEngine.Debug:Log (object)
Game.Editor.SupportSmokeJourneyProbe:TouchEvidence (Game.UI.Runtime.AriaTouchInputUiSystemHelper,string,UnityEngine.Vector2) (at Assets/Game/Scripts/Editor/SupportSmokeJourneyProbe.cs:290)
Game.UI.Runtime.AriaTouchInputUiSystemHelper:OnInputEvent (UnityEngine.InputSystem.LowLevel.InputEventPtr,UnityEngine.InputSystem.InputDevice) (at Assets/Game/Scripts/UI/Screens/AriaTouchInputUiSystemHelper.cs:162)
UnityEngine.InputSystem.LowLevel.NativeInputRuntime/<>c__DisplayClass7_0:<set_onUpdate>b__0 (UnityEngineInternal.Input.NativeInputUpdateType,UnityEngineInternal.Input.NativeInputEventBuffer*)
UnityEngineInternal.Input.NativeInputSystem:NotifyUpdate (UnityEngineInternal.Input.NativeInputUpdateType,intptr) (at /Users/bokken/build/output/unity/unity/Modules/Input/Private/Input.cs:132)

[FreezeDetect] Frame gap frame=7555 Gap=187.8ms GC=0/0/0 LastSteps=RoadBuild=0.0ms, BuildingPlacement=0.1ms, Selection=175.3ms, DayNight=0.0ms, CitizenPopulation=0.0ms, MainMenu=1.0ms
[SupportJourneyTouch] phase=Ended point=(919.50, 558.80) hit=
UnityEngine.Debug:Log (object)
Game.Editor.SupportSmokeJourneyProbe:TouchEvidence (Game.UI.Runtime.AriaTouchInputUiSystemHelper,string,UnityEngine.Vector2) (at Assets/Game/Scripts/Editor/SupportSmokeJourneyProbe.cs:290)
Game.UI.Runtime.AriaTouchInputUiSystemHelper:OnInputEvent (UnityEngine.InputSystem.LowLevel.InputEventPtr,UnityEngine.InputSystem.InputDevice) (at Assets/Game/Scripts/UI/Screens/AriaTouchInputUiSystemHelper.cs:162)
UnityEngine.InputSystem.LowLevel.NativeInputRuntime/<>c__DisplayClass7_0:<set_onUpdate>b__0 (UnityEngineInternal.Input.NativeInputUpdateType,UnityEngineInternal.Input.NativeInputEventBuffer*)
UnityEngineInternal.Input.NativeInputSystem:NotifyUpdate (UnityEngineInternal.Input.NativeInputUpdateType,intptr) (at /Users/bokken/build/output/unity/unity/Modules/Input/Private/Input.cs:132)

[FreezeDetect] Update hitch frame=7556 Selection=269.2ms, GC=0/0/0, Total=272.2ms
[SupportJourneyTouch] phase=Began point=(919.50, 558.80) hit=
UnityEngine.Debug:Log (object)
Game.Editor.SupportSmokeJourneyProbe:TouchEvidence (Game.UI.Runtime.AriaTouchInputUiSystemHelper,string,UnityEngine.Vector2) (at Assets/Game/Scripts/Editor/SupportSmokeJourneyProbe.cs:290)
Game.UI.Runtime.AriaTouchInputUiSystemHelper:OnInputEvent (UnityEngine.InputSystem.LowLevel.InputEventPtr,UnityEngine.InputSystem.InputDevice) (at Assets/Game/Scripts/UI/Screens/AriaTouchInputUiSystemHelper.cs:162)
UnityEngine.InputSystem.LowLevel.NativeInputRuntime/<>c__DisplayClass7_0:<set_onUpdate>b__0 (UnityEngineInternal.Input.NativeInputUpdateType,UnityEngineInternal.Input.NativeInputEventBuffer*)
UnityEngineInternal.Input.NativeInputSystem:NotifyUpdate (UnityEngineInternal.Input.NativeInputUpdateType,intptr) (at /Users/bokken/build/output/unity/unity/Modules/Input/Private/Input.cs:132)

[FreezeDetect] Frame gap frame=7557 Gap=291.3ms GC=0/0/0 LastSteps=RoadBuild=0.0ms, BuildingPlacement=0.1ms, Selection=269.2ms, DayNight=0.0ms, CitizenPopulation=0.0ms, MainMenu=2.8ms
[SupportJourneyTouch] phase=Ended point=(919.50, 558.80) hit=
UnityEngine.Debug:Log (object)
Game.Editor.SupportSmokeJourneyProbe:TouchEvidence (Game.UI.Runtime.AriaTouchInputUiSystemHelper,string,UnityEngine.Vector2) (at Assets/Game/Scripts/Editor/SupportSmokeJourneyProbe.cs:290)
Game.UI.Runtime.AriaTouchInputUiSystemHelper:OnInputEvent (UnityEngine.InputSystem.LowLevel.InputEventPtr,UnityEngine.InputSystem.InputDevice) (at Assets/Game/Scripts/UI/Screens/AriaTouchInputUiSystemHelper.cs:162)
UnityEngine.InputSystem.LowLevel.NativeInputRuntime/<>c__DisplayClass7_0:<set_onUpdate>b__0 (UnityEngineInternal.Input.NativeInputUpdateType,UnityEngineInternal.Input.NativeInputEventBuffer*)
UnityEngineInternal.Input.NativeInputSystem:NotifyUpdate (UnityEngineInternal.Input.NativeInputUpdateType,intptr) (at /Users/bokken/build/output/unity/unity/Modules/Input/Private/Input.cs:132)

[FreezeDetect] Update hitch frame=7558 Selection=345.4ms, GC=0/0/0, Total=349.1ms
[PerfDiag] slowUpdate frame=7558 total=349.1ms gc=0/0/0 cpuFrame=187.9ms cpuMain=184.5ms cpuRender=0.5ms gpu=10.2ms steps=RoadBuild=0.0ms, BuildingPlacement=0.1ms, Selection=345.4ms, DayNight=0.0ms, CitizenPopulation=0.0ms, MainMenu=3.5ms units=4946 models=13 sourceKeys=4946 sourceKeyFallbackVisuals=0 initialSpawnConfigs=2 drawCalls=753 batches=0 setPass=131 tris=1471612 verts=2726281 memory=alloc=6303MB reserved=7172MB mono=3470MB uiToolkit=0 gameplayInitialized=1 playRequested=1 simulationActive=1 focused=1 vSync=0 targetFps=-1 topSystems=disabled markers=disabled
[SupportJourneyTouch] phase=Began point=(919.50, 558.80) hit=
UnityEngine.Debug:Log (object)
Game.Editor.SupportSmokeJourneyProbe:TouchEvidence (Game.UI.Runtime.AriaTouchInputUiSystemHelper,string,UnityEngine.Vector2) (at Assets/Game/Scripts/Editor/SupportSmokeJourneyProbe.cs:290)
Game.UI.Runtime.AriaTouchInputUiSystemHelper:OnInputEvent (UnityEngine.InputSystem.LowLevel.InputEventPtr,UnityEngine.InputSystem.InputDevice) (at Assets/Game/Scripts/UI/Screens/AriaTouchInputUiSystemHelper.cs:162)
UnityEngine.InputSystem.LowLevel.NativeInputRuntime/<>c__DisplayClass7_0:<set_onUpdate>b__0 (UnityEngineInternal.Input.NativeInputUpdateType,UnityEngineInternal.Input.NativeInputEventBuffer*)
UnityEngineInternal.Input.NativeInputSystem:NotifyUpdate (UnityEngineInternal.Input.NativeInputUpdateType,intptr) (at /Users/bokken/build/output/unity/unity/Modules/Input/Private/Input.cs:132)

[FreezeDetect] Frame gap frame=7559 Gap=373.7ms GC=0/0/0 LastSteps=RoadBuild=0.0ms, BuildingPlacement=0.1ms, Selection=345.4ms, DayNight=0.0ms, CitizenPopulation=0.0ms, MainMenu=3.5ms
[FrameRateDiag] fps=5.6 avgFrame=177.9ms updateAvg=96.7ms updateMax=349.1ms cpuFrame=24.9ms cpuMain=11.3ms cpuRender=0.5ms gpu=0.4ms drawCalls=753 batches=0 setPass=131 tris=1471612 verts=2726281 units=4946 models=13 sourceKeys=4946 sourceKeyFallbackVisuals=0 initialSpawnConfigs=2 impostors=4 render=screen=1920x1080,batch=0,quality=1:Mobile,vSync=0,targetFps=-1,pipeline=Mobile_RPAsset_MobileCandidate,scale=0.75,msaa=0,camera=Main Camera,cameraData=post:1,aa:FastApproximateAntialiasing,stack:0 memory=alloc=6304MB reserved=7172MB mono=3470MB focused=1 playRequested=1 simulationActive=1 stepStats=none topSystems=disabled markers=disabled
[SupportJourneyTouch] phase=Ended point=(919.50, 558.80) hit=
UnityEngine.Debug:Log (object)
Game.Editor.SupportSmokeJourneyProbe:TouchEvidence (Game.UI.Runtime.AriaTouchInputUiSystemHelper,string,UnityEngine.Vector2) (at Assets/Game/Scripts/Editor/SupportSmokeJourneyProbe.cs:290)
Game.UI.Runtime.AriaTouchInputUiSystemHelper:OnInputEvent (UnityEngine.InputSystem.LowLevel.InputEventPtr,UnityEngine.InputSystem.InputDevice) (at Assets/Game/Scripts/UI/Screens/AriaTouchInputUiSystemHelper.cs:162)
UnityEngine.InputSystem.LowLevel.NativeInputRuntime/<>c__DisplayClass7_0:<set_onUpdate>b__0 (UnityEngineInternal.Input.NativeInputUpdateType,UnityEngineInternal.Input.NativeInputEventBuffer*)
UnityEngineInternal.Input.NativeInputSystem:NotifyUpdate (UnityEngineInternal.Input.NativeInputUpdateType,intptr) (at /Users/bokken/build/output/unity/unity/Modules/Input/Private/Input.cs:132)

[FreezeDetect] Update hitch frame=7560 Selection=547.7ms, GC=0/0/0, Total=549.5ms
[PerfDiag] slowUpdate frame=7560 total=549.5ms gc=0/0/0 cpuFrame=290.9ms cpuMain=281.2ms cpuRender=0.5ms gpu=10.2ms steps=RoadBuild=0.0ms, BuildingPlacement=0.1ms, Selection=547.7ms, DayNight=0.0ms, CitizenPopulation=0.0ms, MainMenu=1.7ms units=4946 models=13 sourceKeys=4946 sourceKeyFallbackVisuals=0 initialSpawnConfigs=2 drawCalls=752 batches=0 setPass=131 tris=1463623 verts=2712112 memory=alloc=6396MB reserved=7264MB mono=3541MB uiToolkit=0 gameplayInitialized=1 playRequested=1 simulationActive=1 focused=1 vSync=0 targetFps=-1 topSystems=disabled markers=disabled
[SupportJourneyTouch] phase=Began point=(919.50, 558.80) hit=
UnityEngine.Debug:Log (object)
Game.Editor.SupportSmokeJourneyProbe:TouchEvidence (Game.UI.Runtime.AriaTouchInputUiSystemHelper,string,UnityEngine.Vector2) (at Assets/Game/Scripts/Editor/SupportSmokeJourneyProbe.cs:290)
Game.UI.Runtime.AriaTouchInputUiSystemHelper:OnInputEvent (UnityEngine.InputSystem.LowLevel.InputEventPtr,UnityEngine.InputSystem.InputDevice) (at Assets/Game/Scripts/UI/Screens/AriaTouchInputUiSystemHelper.cs:162)
UnityEngine.InputSystem.LowLevel.NativeInputRuntime/<>c__DisplayClass7_0:<set_onUpdate>b__0 (UnityEngineInternal.Input.NativeInputUpdateType,UnityEngineInternal.Input.NativeInputEventBuffer*)
UnityEngineInternal.Input.NativeInputSystem:NotifyUpdate (UnityEngineInternal.Input.NativeInputUpdateType,intptr) (at /Users/bokken/build/output/unity/unity/Modules/Input/Private/Input.cs:132)

[FreezeDetect] Frame gap frame=7561 Gap=575.7ms GC=0/0/0 LastSteps=RoadBuild=0.0ms, BuildingPlacement=0.1ms, Selection=547.7ms, DayNight=0.0ms, CitizenPopulation=0.0ms, MainMenu=1.7ms
[SupportJourneyTouch] phase=Ended point=(919.50, 558.80) hit=
UnityEngine.Debug:Log (object)
Game.Editor.SupportSmokeJourneyProbe:TouchEvidence (Game.UI.Runtime.AriaTouchInputUiSystemHelper,string,UnityEngine.Vector2) (at Assets/Game/Scripts/Editor/SupportSmokeJourneyProbe.cs:290)
Game.UI.Runtime.AriaTouchInputUiSystemHelper:OnInputEvent (UnityEngine.InputSystem.LowLevel.InputEventPtr,UnityEngine.InputSystem.InputDevice) (at Assets/Game/Scripts/UI/Screens/AriaTouchInputUiSystemHelper.cs:162)
UnityEngine.InputSystem.LowLevel.NativeInputRuntime/<>c__DisplayClass7_0:<set_onUpdate>b__0 (UnityEngineInternal.Input.NativeInputUpdateType,UnityEngineInternal.Input.NativeInputEventBuffer*)
UnityEngineInternal.Input.NativeInputSystem:NotifyUpdate (UnityEngineInternal.Input.NativeInputUpdateType,intptr) (at /Users/bokken/build/output/unity/unity/Modules/Input/Private/Input.cs:132)

[FreezeDetect] Update hitch frame=7562 Selection=832.0ms, GC=1/1/1, Total=835.0ms
[PerfDiag] slowUpdate frame=7562 total=835.0ms gc=1/1/1 cpuFrame=372.5ms cpuMain=363.1ms cpuRender=0.8ms gpu=10.3ms steps=RoadBuild=0.0ms, BuildingPlacement=0.1ms, Selection=832.0ms, DayNight=0.0ms, CitizenPopulation=0.0ms, MainMenu=3.0ms units=4946 models=13 sourceKeys=4946 sourceKeyFallbackVisuals=0 initialSpawnConfigs=2 drawCalls=755 batches=0 setPass=132 tris=1466184 verts=2715818 memory=alloc=6491MB reserved=7357MB mono=3107MB uiToolkit=0 gameplayInitialized=1 playRequested=1 simulationActive=1 focused=1 vSync=0 targetFps=-1 topSystems=disabled markers=disabled
[SupportJourneyTouch] phase=Began point=(919.50, 558.80) hit=
UnityEngine.Debug:Log (object)
Game.Editor.SupportSmokeJourneyProbe:TouchEvidence (Game.UI.Runtime.AriaTouchInputUiSystemHelper,string,UnityEngine.Vector2) (at Assets/Game/Scripts/Editor/SupportSmokeJourneyProbe.cs:290)
Game.UI.Runtime.AriaTouchInputUiSystemHelper:OnInputEvent (UnityEngine.InputSystem.LowLevel.InputEventPtr,UnityEngine.InputSystem.InputDevice) (at Assets/Game/Scripts/UI/Screens/AriaTouchInputUiSystemHelper.cs:162)
UnityEngine.InputSystem.LowLevel.NativeInputRuntime/<>c__DisplayClass7_0:<set_onUpdate>b__0 (UnityEngineInternal.Input.NativeInputUpdateType,UnityEngineInternal.Input.NativeInputEventBuffer*)
UnityEngineInternal.Input.NativeInputSystem:NotifyUpdate (UnityEngineInternal.Input.NativeInputUpdateType,intptr) (at /Users/bokken/build/output/unity/unity/Modules/Input/Private/Input.cs:132)

[FreezeDetect] Frame gap frame=7563 Gap=864.2ms GC=0/0/0 LastSteps=RoadBuild=0.0ms, BuildingPlacement=0.1ms, Selection=832.0ms, DayNight=0.0ms, CitizenPopulation=0.0ms, MainMenu=3.0ms
[SupportJourneyTouch] phase=Ended point=(919.50, 558.80) hit=
UnityEngine.Debug:Log (object)
Game.Editor.SupportSmokeJourneyProbe:TouchEvidence (Game.UI.Runtime.AriaTouchInputUiSystemHelper,string,UnityEngine.Vector2) (at Assets/Game/Scripts/Editor/SupportSmokeJourneyProbe.cs:290)
Game.UI.Runtime.AriaTouchInputUiSystemHelper:OnInputEvent (UnityEngine.InputSystem.LowLevel.InputEventPtr,UnityEngine.InputSystem.InputDevice) (at Assets/Game/Scripts/UI/Screens/AriaTouchInputUiSystemHelper.cs:162)
UnityEngine.InputSystem.LowLevel.NativeInputRuntime/<>c__DisplayClass7_0:<set_onUpdate>b__0 (UnityEngineInternal.Input.NativeInputUpdateType,UnityEngineInternal.Input.NativeInputEventBuffer*)
UnityEngineInternal.Input.NativeInputSystem:NotifyUpdate (UnityEngineInternal.Input.NativeInputUpdateType,intptr) (at /Users/bokken/build/output/unity/unity/Modules/Input/Private/Input.cs:132)

[FreezeDetect] Update hitch frame=7564 Selection=281.7ms, GC=0/0/0, Total=283.9ms
[SupportJourneyTouch] phase=Began point=(919.50, 558.80) hit=
UnityEngine.Debug:Log (object)
Game.Editor.SupportSmokeJourneyProbe:TouchEvidence (Game.UI.Runtime.AriaTouchInputUiSystemHelper,string,UnityEngine.Vector2) (at Assets/Game/Scripts/Editor/SupportSmokeJourneyProbe.cs:290)
Game.UI.Runtime.AriaTouchInputUiSystemHelper:OnInputEvent (UnityEngine.InputSystem.LowLevel.InputEventPtr,UnityEngine.InputSystem.InputDevice) (at Assets/Game/Scripts/UI/Screens/AriaTouchInputUiSystemHelper.cs:162)
UnityEngine.InputSystem.LowLevel.NativeInputRuntime/<>c__DisplayClass7_0:<set_onUpdate>b__0 (UnityEngineInternal.Input.NativeInputUpdateType,UnityEngineInternal.Input.NativeInputEventBuffer*)
UnityEngineInternal.Input.NativeInputSystem:NotifyUpdate (UnityEngineInternal.Input.NativeInputUpdateType,intptr) (at /Users/bokken/build/output/unity/unity/Modules/Input/Private/Input.cs:132)

[FreezeDetect] Frame gap frame=7565 Gap=298.5ms GC=0/0/0 LastSteps=RoadBuild=0.0ms, BuildingPlacement=0.1ms, Selection=281.7ms, DayNight=0.0ms, CitizenPopulation=0.0ms, MainMenu=2.1ms
[SupportJourneyTouch] phase=Ended point=(919.50, 558.80) hit=
UnityEngine.Debug:Log (object)
Game.Editor.SupportSmokeJourneyProbe:TouchEvidence (Game.UI.Runtime.AriaTouchInputUiSystemHelper,string,UnityEngine.Vector2) (at Assets/Game/Scripts/Editor/SupportSmokeJourneyProbe.cs:290)
Game.UI.Runtime.AriaTouchInputUiSystemHelper:OnInputEvent (UnityEngine.InputSystem.LowLevel.InputEventPtr,UnityEngine.InputSystem.InputDevice) (at Assets/Game/Scripts/UI/Screens/AriaTouchInputUiSystemHelper.cs:162)
UnityEngine.InputSystem.LowLevel.NativeInputRuntime/<>c__DisplayClass7_0:<set_onUpdate>b__0 (UnityEngineInternal.Input.NativeInputUpdateType,UnityEngineInternal.Input.NativeInputEventBuffer*)
UnityEngineInternal.Input.NativeInputSystem:NotifyUpdate (UnityEngineInternal.Input.NativeInputUpdateType,intptr) (at /Users/bokken/build/output/unity/unity/Modules/Input/Private/Input.cs:132)

[FreezeDetect] Update hitch frame=7566 Selection=235.2ms, GC=0/0/0, Total=236.4ms
[PerfDiag] slowUpdate frame=7566 total=236.4ms gc=0/0/0 cpuFrame=863.4ms cpuMain=850.2ms cpuRender=0.7ms gpu=10.9ms steps=RoadBuild=0.0ms, BuildingPlacement=0.1ms, Selection=235.2ms, DayNight=0.0ms, CitizenPopulation=0.0ms, MainMenu=1.1ms units=4946 models=13 sourceKeys=4946 sourceKeyFallbackVisuals=0 initialSpawnConfigs=2 drawCalls=759 batches=0 setPass=131 tris=1468031 verts=2719448 memory=alloc=6677MB reserved=7543MB mono=3209MB uiToolkit=0 gameplayInitialized=1 playRequested=1 simulationActive=1 focused=1 vSync=0 targetFps=-1 topSystems=disabled markers=disabled
[FrameRateDiag] fps=3.7 avgFrame=268.9ms updateAvg=273.2ms updateMax=835.0ms cpuFrame=863.4ms cpuMain=850.2ms cpuRender=0.7ms gpu=10.9ms drawCalls=759 batches=0 setPass=131 tris=1468031 verts=2719448 units=4946 models=13 sourceKeys=4946 sourceKeyFallbackVisuals=0 initialSpawnConfigs=2 impostors=4 render=screen=1920x1080,batch=0,quality=1:Mobile,vSync=0,targetFps=-1,pipeline=Mobile_RPAsset_MobileCandidate,scale=0.75,msaa=0,camera=Main Camera,cameraData=post:1,aa:FastApproximateAntialiasing,stack:0 memory=alloc=6677MB reserved=7543MB mono=3209MB focused=1 playRequested=1 simulationActive=1 stepStats=none topSystems=disabled markers=disabled
[SupportJourneyTouch] phase=Began point=(919.50, 558.80) hit=
UnityEngine.Debug:Log (object)
Game.Editor.SupportSmokeJourneyProbe:TouchEvidence (Game.UI.Runtime.AriaTouchInputUiSystemHelper,string,UnityEngine.Vector2) (at Assets/Game/Scripts/Editor/SupportSmokeJourneyProbe.cs:290)
Game.UI.Runtime.AriaTouchInputUiSystemHelper:OnInputEvent (UnityEngine.InputSystem.LowLevel.InputEventPtr,UnityEngine.InputSystem.InputDevice) (at Assets/Game/Scripts/UI/Screens/AriaTouchInputUiSystemHelper.cs:162)
UnityEngine.InputSystem.LowLevel.NativeInputRuntime/<>c__DisplayClass7_0:<set_onUpdate>b__0 (UnityEngineInternal.Input.NativeInputUpdateType,UnityEngineInternal.Input.NativeInputEventBuffer*)
UnityEngineInternal.Input.NativeInputSystem:NotifyUpdate (UnityEngineInternal.Input.NativeInputUpdateType,intptr) (at /Users/bokken/build/output/unity/unity/Modules/Input/Private/Input.cs:132)

[FreezeDetect] Frame gap frame=7567 Gap=250.6ms GC=0/0/0 LastSteps=RoadBuild=0.0ms, BuildingPlacement=0.1ms, Selection=235.2ms, DayNight=0.0ms, CitizenPopulation=0.0ms, MainMenu=1.1ms
[SupportJourneyTouch] phase=Ended point=(919.50, 558.80) hit=
UnityEngine.Debug:Log (object)
Game.Editor.SupportSmokeJourneyProbe:TouchEvidence (Game.UI.Runtime.AriaTouchInputUiSystemHelper,string,UnityEngine.Vector2) (at Assets/Game/Scripts/Editor/SupportSmokeJourneyProbe.cs:290)
Game.UI.Runtime.AriaTouchInputUiSystemHelper:OnInputEvent (UnityEngine.InputSystem.LowLevel.InputEventPtr,UnityEngine.InputSystem.InputDevice) (at Assets/Game/Scripts/UI/Screens/AriaTouchInputUiSystemHelper.cs:162)
UnityEngine.InputSystem.LowLevel.NativeInputRuntime/<>c__DisplayClass7_0:<set_onUpdate>b__0 (UnityEngineInternal.Input.NativeInputUpdateType,UnityEngineInternal.Input.NativeInputEventBuffer*)
UnityEngineInternal.Input.NativeInputSystem:NotifyUpdate (UnityEngineInternal.Input.NativeInputUpdateType,intptr) (at /Users/bokken/build/output/unity/unity/Modules/Input/Private/Input.cs:132)

[FreezeDetect] Update hitch frame=7568 Selection=256.0ms, GC=0/0/0, Total=257.4ms
[SupportJourneyTouch] phase=Began point=(919.50, 558.80) hit=
UnityEngine.Debug:Log (object)
Game.Editor.SupportSmokeJourneyProbe:TouchEvidence (Game.UI.Runtime.AriaTouchInputUiSystemHelper,string,UnityEngine.Vector2) (at Assets/Game/Scripts/Editor/SupportSmokeJourneyProbe.cs:290)
Game.UI.Runtime.AriaTouchInputUiSystemHelper:OnInputEvent (UnityEngine.InputSystem.LowLevel.InputEventPtr,UnityEngine.InputSystem.InputDevice) (at Assets/Game/Scripts/UI/Screens/AriaTouchInputUiSystemHelper.cs:162)
UnityEngine.InputSystem.LowLevel.NativeInputRuntime/<>c__DisplayClass7_0:<set_onUpdate>b__0 (UnityEngineInternal.Input.NativeInputUpdateType,UnityEngineInternal.Input.NativeInputEventBuffer*)
UnityEngineInternal.Input.NativeInputSystem:NotifyUpdate (UnityEngineInternal.Input.NativeInputUpdateType,intptr) (at /Users/bokken/build/output/unity/unity/Modules/Input/Private/Input.cs:132)

[FreezeDetect] Frame gap frame=7569 Gap=271.1ms GC=0/0/0 LastSteps=RoadBuild=0.0ms, BuildingPlacement=0.1ms, Selection=256.0ms, DayNight=0.0ms, CitizenPopulation=0.0ms, MainMenu=1.3ms
[SupportJourneyTouch] phase=Ended point=(919.50, 558.80) hit=
UnityEngine.Debug:Log (object)
Game.Editor.SupportSmokeJourneyProbe:TouchEvidence (Game.UI.Runtime.AriaTouchInputUiSystemHelper,string,UnityEngine.Vector2) (at Assets/Game/Scripts/Editor/SupportSmokeJourneyProbe.cs:290)
Game.UI.Runtime.AriaTouchInputUiSystemHelper:OnInputEvent (UnityEngine.InputSystem.LowLevel.InputEventPtr,UnityEngine.InputSystem.InputDevice) (at Assets/Game/Scripts/UI/Screens/AriaTouchInputUiSystemHelper.cs:162)
UnityEngine.InputSystem.LowLevel.NativeInputRuntime/<>c__DisplayClass7_0:<set_onUpdate>b__0 (UnityEngineInternal.Input.NativeInputUpdateType,UnityEngineInternal.Input.NativeInputEventBuffer*)
UnityEngineInternal.Input.NativeInputSystem:NotifyUpdate (UnityEngineInternal.Input.NativeInputUpdateType,intptr) (at /Users/bokken/build/output/unity/unity/Modules/Input/Private/Input.cs:132)

[FreezeDetect] Update hitch frame=7570 Selection=215.0ms, GC=0/0/0, Total=216.1ms
[PerfDiag] slowUpdate frame=7570 total=216.1ms gc=0/0/0 cpuFrame=250.5ms cpuMain=243.8ms cpuRender=0.4ms gpu=10.5ms steps=RoadBuild=0.0ms, BuildingPlacement=0.1ms, Selection=215.0ms, DayNight=0.0ms, CitizenPopulation=0.0ms, MainMenu=1.0ms units=4946 models=13 sourceKeys=4946 sourceKeyFallbackVisuals=0 initialSpawnConfigs=2 drawCalls=755 batches=0 setPass=131 tris=1472999 verts=2728245 memory=alloc=6869MB reserved=7734MB mono=3352MB uiToolkit=0 gameplayInitialized=1 playRequested=1 simulationActive=1 focused=1 vSync=0 targetFps=-1 topSystems=disabled markers=disabled
[SupportJourneyTouch] phase=Began point=(919.50, 558.80) hit=
UnityEngine.Debug:Log (object)
Game.Editor.SupportSmokeJourneyProbe:TouchEvidence (Game.UI.Runtime.AriaTouchInputUiSystemHelper,string,UnityEngine.Vector2) (at Assets/Game/Scripts/Editor/SupportSmokeJourneyProbe.cs:290)
Game.UI.Runtime.AriaTouchInputUiSystemHelper:OnInputEvent (UnityEngine.InputSystem.LowLevel.InputEventPtr,UnityEngine.InputSystem.InputDevice) (at Assets/Game/Scripts/UI/Screens/AriaTouchInputUiSystemHelper.cs:162)
UnityEngine.InputSystem.LowLevel.NativeInputRuntime/<>c__DisplayClass7_0:<set_onUpdate>b__0 (UnityEngineInternal.Input.NativeInputUpdateType,UnityEngineInternal.Input.NativeInputEventBuffer*)
UnityEngineInternal.Input.NativeInputSystem:NotifyUpdate (UnityEngineInternal.Input.NativeInputUpdateType,intptr) (at /Users/bokken/build/output/unity/unity/Modules/Input/Private/Input.cs:132)

[FreezeDetect] Frame gap frame=7571 Gap=235.0ms GC=0/0/0 LastSteps=RoadBuild=0.0ms, BuildingPlacement=0.1ms, Selection=215.0ms, DayNight=0.0ms, CitizenPopulation=0.0ms, MainMenu=1.0ms
[SupportJourneyTouch] phase=Ended point=(919.50, 558.80) hit=
UnityEngine.Debug:Log (object)
Game.Editor.SupportSmokeJourneyProbe:TouchEvidence (Game.UI.Runtime.AriaTouchInputUiSystemHelper,string,UnityEngine.Vector2) (at Assets/Game/Scripts/Editor/SupportSmokeJourneyProbe.cs:290)
Game.UI.Runtime.AriaTouchInputUiSystemHelper:OnInputEvent (UnityEngine.InputSystem.LowLevel.InputEventPtr,UnityEngine.InputSystem.InputDevice) (at Assets/Game/Scripts/UI/Screens/AriaTouchInputUiSystemHelper.cs:162)
UnityEngine.InputSystem.LowLevel.NativeInputRuntime/<>c__DisplayClass7_0:<set_onUpdate>b__0 (UnityEngineInternal.Input.NativeInputUpdateType,UnityEngineInternal.Input.NativeInputEventBuffer*)
UnityEngineInternal.Input.NativeInputSystem:NotifyUpdate (UnityEngineInternal.Input.NativeInputUpdateType,intptr) (at /Users/bokken/build/output/unity/unity/Modules/Input/Private/Input.cs:132)

[FreezeDetect] Update hitch frame=7572 Selection=291.7ms, GC=0/0/0, Total=297.7ms
[SupportJourneyTouch] phase=Began point=(919.50, 558.80) hit=
UnityEngine.Debug:Log (object)
Game.Editor.SupportSmokeJourneyProbe:TouchEvidence (Game.UI.Runtime.AriaTouchInputUiSystemHelper,string,UnityEngine.Vector2) (at Assets/Game/Scripts/Editor/SupportSmokeJourneyProbe.cs:290)
Game.UI.Runtime.AriaTouchInputUiSystemHelper:OnInputEvent (UnityEngine.InputSystem.LowLevel.InputEventPtr,UnityEngine.InputSystem.InputDevice) (at Assets/Game/Scripts/UI/Screens/AriaTouchInputUiSystemHelper.cs:162)
UnityEngine.InputSystem.LowLevel.NativeInputRuntime/<>c__DisplayClass7_0:<set_onUpdate>b__0 (UnityEngineInternal.Input.NativeInputUpdateType,UnityEngineInternal.Input.NativeInputEventBuffer*)
UnityEngineInternal.Input.NativeInputSystem:NotifyUpdate (UnityEngineInternal.Input.NativeInputUpdateType,intptr) (at /Users/bokken/build/output/unity/unity/Modules/Input/Private/Input.cs:132)

[FreezeDetect] Frame gap frame=7573 Gap=341.9ms GC=0/0/0 LastSteps=RoadBuild=0.0ms, BuildingPlacement=0.1ms, Selection=291.7ms, DayNight=0.0ms, CitizenPopulation=0.0ms, MainMenu=5.8ms
[SupportJourneyTouch] phase=Ended point=(919.50, 558.80) hit=
UnityEngine.Debug:Log (object)
Game.Editor.SupportSmokeJourneyProbe:TouchEvidence (Game.UI.Runtime.AriaTouchInputUiSystemHelper,string,UnityEngine.Vector2) (at Assets/Game/Scripts/Editor/SupportSmokeJourneyProbe.cs:290)
Game.UI.Runtime.AriaTouchInputUiSystemHelper:OnInputEvent (UnityEngine.InputSystem.LowLevel.InputEventPtr,UnityEngine.InputSystem.InputDevice) (at Assets/Game/Scripts/UI/Screens/AriaTouchInputUiSystemHelper.cs:162)
UnityEngine.InputSystem.LowLevel.NativeInputRuntime/<>c__DisplayClass7_0:<set_onUpdate>b__0 (UnityEngineInternal.Input.NativeInputUpdateType,UnityEngineInternal.Input.NativeInputEventBuffer*)
UnityEngineInternal.Input.NativeInputSystem:NotifyUpdate (UnityEngineInternal.Input.NativeInputUpdateType,intptr) (at /Users/bokken/build/output/unity/unity/Modules/Input/Private/Input.cs:132)

[FreezeDetect] Update hitch frame=7574 Selection=192.2ms, GC=0/0/0, Total=193.5ms
[PerfDiag] slowUpdate frame=7574 total=193.5ms gc=0/0/0 cpuFrame=234.5ms cpuMain=225.2ms cpuRender=0.5ms gpu=11.0ms steps=RoadBuild=0.0ms, BuildingPlacement=0.1ms, Selection=192.2ms, DayNight=0.0ms, CitizenPopulation=0.0ms, MainMenu=1.1ms units=4946 models=13 sourceKeys=4946 sourceKeyFallbackVisuals=0 initialSpawnConfigs=2 drawCalls=728 batches=0 setPass=131 tris=1423039 verts=2641151 memory=alloc=7022MB reserved=7886MB mono=3471MB uiToolkit=0 gameplayInitialized=1 playRequested=1 simulationActive=1 focused=1 vSync=0 targetFps=-1 topSystems=disabled markers=disabled
[SupportJourneyState] stage=3 smokeStage=0 phase=FindSquad outcome=None gestures=46 covered=False damage=0
UnityEngine.Debug:Log (object)
Game.Editor.SupportSmokeJourneyProbe:Tick () (at Assets/Game/Scripts/Editor/SupportSmokeJourneyProbe.cs:102)
UnityEditor.EditorApplication:Internal_CallUpdateFunctions () (at /Users/bokken/build/output/unity/unity/Editor/Mono/EditorApplication.cs:403)

[SupportJourneyTouch] phase=Began point=(919.50, 558.80) hit=
UnityEngine.Debug:Log (object)
Game.Editor.SupportSmokeJourneyProbe:TouchEvidence (Game.UI.Runtime.AriaTouchInputUiSystemHelper,string,UnityEngine.Vector2) (at Assets/Game/Scripts/Editor/SupportSmokeJourneyProbe.cs:290)
Game.UI.Runtime.AriaTouchInputUiSystemHelper:OnInputEvent (UnityEngine.InputSystem.LowLevel.InputEventPtr,UnityEngine.InputSystem.InputDevice) (at Assets/Game/Scripts/UI/Screens/AriaTouchInputUiSystemHelper.cs:162)
UnityEngine.InputSystem.LowLevel.NativeInputRuntime/<>c__DisplayClass7_0:<set_onUpdate>b__0 (UnityEngineInternal.Input.NativeInputUpdateType,UnityEngineInternal.Input.NativeInputEventBuffer*)
UnityEngineInternal.Input.NativeInputSystem:NotifyUpdate (UnityEngineInternal.Input.NativeInputUpdateType,intptr) (at /Users/bokken/build/output/unity/unity/Modules/Input/Private/Input.cs:132)

[FreezeDetect] Frame gap frame=7575 Gap=214.5ms GC=0/0/0 LastSteps=RoadBuild=0.0ms, BuildingPlacement=0.1ms, Selection=192.2ms, DayNight=0.0ms, CitizenPopulation=0.0ms, MainMenu=1.1ms
[SupportJourneyTouch] phase=Ended point=(919.50, 558.80) hit=
UnityEngine.Debug:Log (object)
Game.Editor.SupportSmokeJourneyProbe:TouchEvidence (Game.UI.Runtime.AriaTouchInputUiSystemHelper,string,UnityEngine.Vector2) (at Assets/Game/Scripts/Editor/SupportSmokeJourneyProbe.cs:290)
Game.UI.Runtime.AriaTouchInputUiSystemHelper:OnInputEvent (UnityEngine.InputSystem.LowLevel.InputEventPtr,UnityEngine.InputSystem.InputDevice) (at Assets/Game/Scripts/UI/Screens/AriaTouchInputUiSystemHelper.cs:162)
UnityEngine.InputSystem.LowLevel.NativeInputRuntime/<>c__DisplayClass7_0:<set_onUpdate>b__0 (UnityEngineInternal.Input.NativeInputUpdateType,UnityEngineInternal.Input.NativeInputEventBuffer*)
UnityEngineInternal.Input.NativeInputSystem:NotifyUpdate (UnityEngineInternal.Input.NativeInputUpdateType,intptr) (at /Users/bokken/build/output/unity/unity/Modules/Input/Private/Input.cs:132)

[FreezeDetect] Update hitch frame=7576 Selection=192.0ms, GC=0/0/0, Total=194.4ms
[SupportJourneyTouch] phase=Began point=(919.50, 558.80) hit=
UnityEngine.Debug:Log (object)
Game.Editor.SupportSmokeJourneyProbe:TouchEvidence (Game.UI.Runtime.AriaTouchInputUiSystemHelper,string,UnityEngine.Vector2) (at Assets/Game/Scripts/Editor/SupportSmokeJourneyProbe.cs:290)
Game.UI.Runtime.AriaTouchInputUiSystemHelper:OnInputEvent (UnityEngine.InputSystem.LowLevel.InputEventPtr,UnityEngine.InputSystem.InputDevice) (at Assets/Game/Scripts/UI/Screens/AriaTouchInputUiSystemHelper.cs:162)
UnityEngine.InputSystem.LowLevel.NativeInputRuntime/<>c__DisplayClass7_0:<set_onUpdate>b__0 (UnityEngineInternal.Input.NativeInputUpdateType,UnityEngineInternal.Input.NativeInputEventBuffer*)
UnityEngineInternal.Input.NativeInputSystem:NotifyUpdate (UnityEngineInternal.Input.NativeInputUpdateType,intptr) (at /Users/bokken/build/output/unity/unity/Modules/Input/Private/Input.cs:132)

[FreezeDetect] Frame gap frame=7577 Gap=211.2ms GC=0/0/0 LastSteps=RoadBuild=0.0ms, BuildingPlacement=0.1ms, Selection=192.0ms, DayNight=0.0ms, CitizenPopulation=0.0ms, MainMenu=2.3ms
[SupportJourneyTouch] phase=Ended point=(919.50, 558.80) hit=
UnityEngine.Debug:Log (object)
Game.Editor.SupportSmokeJourneyProbe:TouchEvidence (Game.UI.Runtime.AriaTouchInputUiSystemHelper,string,UnityEngine.Vector2) (at Assets/Game/Scripts/Editor/SupportSmokeJourneyProbe.cs:290)
Game.UI.Runtime.AriaTouchInputUiSystemHelper:OnInputEvent (UnityEngine.InputSystem.LowLevel.InputEventPtr,UnityEngine.InputSystem.InputDevice) (at Assets/Game/Scripts/UI/Screens/AriaTouchInputUiSystemHelper.cs:162)
UnityEngine.InputSystem.LowLevel.NativeInputRuntime/<>c__DisplayClass7_0:<set_onUpdate>b__0 (UnityEngineInternal.Input.NativeInputUpdateType,UnityEngineInternal.Input.NativeInputEventBuffer*)
UnityEngineInternal.Input.NativeInputSystem:NotifyUpdate (UnityEngineInternal.Input.NativeInputUpdateType,intptr) (at /Users/bokken/build/output/unity/unity/Modules/Input/Private/Input.cs:132)

[FreezeDetect] Update hitch frame=7578 Selection=186.5ms, GC=0/0/0, Total=187.8ms
[SupportJourneyTouch] phase=Began point=(919.50, 558.80) hit=
UnityEngine.Debug:Log (object)
Game.Editor.SupportSmokeJourneyProbe:TouchEvidence (Game.UI.Runtime.AriaTouchInputUiSystemHelper,string,UnityEngine.Vector2) (at Assets/Game/Scripts/Editor/SupportSmokeJourneyProbe.cs:290)
Game.UI.Runtime.AriaTouchInputUiSystemHelper:OnInputEvent (UnityEngine.InputSystem.LowLevel.InputEventPtr,UnityEngine.InputSystem.InputDevice) (at Assets/Game/Scripts/UI/Screens/AriaTouchInputUiSystemHelper.cs:162)
UnityEngine.InputSystem.LowLevel.NativeInputRuntime/<>c__DisplayClass7_0:<set_onUpdate>b__0 (UnityEngineInternal.Input.NativeInputUpdateType,UnityEngineInternal.Input.NativeInputEventBuffer*)
UnityEngineInternal.Input.NativeInputSystem:NotifyUpdate (UnityEngineInternal.Input.NativeInputUpdateType,intptr) (at /Users/bokken/build/output/unity/unity/Modules/Input/Private/Input.cs:132)

[FreezeDetect] Frame gap frame=7579 Gap=204.2ms GC=0/0/0 LastSteps=RoadBuild=0.0ms, BuildingPlacement=0.1ms, Selection=186.5ms, DayNight=0.0ms, CitizenPopulation=0.0ms, MainMenu=1.1ms
[SupportJourneyTouch] phase=Ended point=(919.50, 558.80) hit=
UnityEngine.Debug:Log (object)
Game.Editor.SupportSmokeJourneyProbe:TouchEvidence (Game.UI.Runtime.AriaTouchInputUiSystemHelper,string,UnityEngine.Vector2) (at Assets/Game/Scripts/Editor/SupportSmokeJourneyProbe.cs:290)
Game.UI.Runtime.AriaTouchInputUiSystemHelper:OnInputEvent (UnityEngine.InputSystem.LowLevel.InputEventPtr,UnityEngine.InputSystem.InputDevice) (at Assets/Game/Scripts/UI/Screens/AriaTouchInputUiSystemHelper.cs:162)
UnityEngine.InputSystem.LowLevel.NativeInputRuntime/<>c__DisplayClass7_0:<set_onUpdate>b__0 (UnityEngineInternal.Input.NativeInputUpdateType,UnityEngineInternal.Input.NativeInputEventBuffer*)
UnityEngineInternal.Input.NativeInputSystem:NotifyUpdate (UnityEngineInternal.Input.NativeInputUpdateType,intptr) (at /Users/bokken/build/output/unity/unity/Modules/Input/Private/Input.cs:132)

[FreezeDetect] Update hitch frame=7580 Selection=403.0ms, GC=0/0/0, Total=404.8ms
[PerfDiag] slowUpdate frame=7580 total=404.8ms gc=0/0/0 cpuFrame=210.1ms cpuMain=203.4ms cpuRender=0.5ms gpu=16.4ms steps=RoadBuild=0.0ms, BuildingPlacement=0.1ms, Selection=403.0ms, DayNight=0.0ms, CitizenPopulation=0.0ms, MainMenu=1.6ms units=4946 models=13 sourceKeys=4946 sourceKeyFallbackVisuals=0 initialSpawnConfigs=2 drawCalls=693 batches=0 setPass=130 tris=1403977 verts=2615727 memory=alloc=7239MB reserved=8102MB mono=3637MB uiToolkit=0 gameplayInitialized=1 playRequested=1 simulationActive=1 focused=1 vSync=0 targetFps=-1 topSystems=disabled markers=disabled
[FrameRateDiag] fps=7.1 avgFrame=141.5ms updateAvg=130.7ms updateMax=404.8ms cpuFrame=210.1ms cpuMain=203.4ms cpuRender=0.5ms gpu=16.4ms drawCalls=693 batches=0 setPass=130 tris=1403977 verts=2615727 units=4946 models=13 sourceKeys=4946 sourceKeyFallbackVisuals=0 initialSpawnConfigs=2 impostors=4 render=screen=1920x1080,batch=0,quality=1:Mobile,vSync=0,targetFps=-1,pipeline=Mobile_RPAsset_MobileCandidate,scale=0.75,msaa=0,camera=Main Camera,cameraData=post:1,aa:FastApproximateAntialiasing,stack:0 memory=alloc=7239MB reserved=8102MB mono=3637MB focused=1 playRequested=1 simulationActive=1 stepStats=none topSystems=disabled markers=disabled
[SupportJourneyTouch] phase=Began point=(919.50, 558.80) hit=
UnityEngine.Debug:Log (object)
Game.Editor.SupportSmokeJourneyProbe:TouchEvidence (Game.UI.Runtime.AriaTouchInputUiSystemHelper,string,UnityEngine.Vector2) (at Assets/Game/Scripts/Editor/SupportSmokeJourneyProbe.cs:290)
Game.UI.Runtime.AriaTouchInputUiSystemHelper:OnInputEvent (UnityEngine.InputSystem.LowLevel.InputEventPtr,UnityEngine.InputSystem.InputDevice) (at Assets/Game/Scripts/UI/Screens/AriaTouchInputUiSystemHelper.cs:162)
UnityEngine.InputSystem.LowLevel.NativeInputRuntime/<>c__DisplayClass7_0:<set_onUpdate>b__0 (UnityEngineInternal.Input.NativeInputUpdateType,UnityEngineInternal.Input.NativeInputEventBuffer*)
UnityEngineInternal.Input.NativeInputSystem:NotifyUpdate (UnityEngineInternal.Input.NativeInputUpdateType,intptr) (at /Users/bokken/build/output/unity/unity/Modules/Input/Private/Input.cs:132)

[FreezeDetect] Frame gap frame=7581 Gap=433.0ms GC=0/0/0 LastSteps=RoadBuild=0.0ms, BuildingPlacement=0.1ms, Selection=403.0ms, DayNight=0.0ms, CitizenPopulation=0.0ms, MainMenu=1.6ms
[SupportJourneyTouch] phase=Ended point=(919.50, 558.80) hit=
UnityEngine.Debug:Log (object)
Game.Editor.SupportSmokeJourneyProbe:TouchEvidence (Game.UI.Runtime.AriaTouchInputUiSystemHelper,string,UnityEngine.Vector2) (at Assets/Game/Scripts/Editor/SupportSmokeJourneyProbe.cs:290)
Game.UI.Runtime.AriaTouchInputUiSystemHelper:OnInputEvent (UnityEngine.InputSystem.LowLevel.InputEventPtr,UnityEngine.InputSystem.InputDevice) (at Assets/Game/Scripts/UI/Screens/AriaTouchInputUiSystemHelper.cs:162)
UnityEngine.InputSystem.LowLevel.NativeInputRuntime/<>c__DisplayClass7_0:<set_onUpdate>b__0 (UnityEngineInternal.Input.NativeInputUpdateType,UnityEngineInternal.Input.NativeInputEventBuffer*)
UnityEngineInternal.Input.NativeInputSystem:NotifyUpdate (UnityEngineInternal.Input.NativeInputUpdateType,intptr) (at /Users/bokken/build/output/unity/unity/Modules/Input/Private/Input.cs:132)

[FreezeDetect] Update hitch frame=7582 Selection=469.6ms, GC=1/1/1, Total=471.4ms
[PerfDiag] slowUpdate frame=7582 total=471.4ms gc=1/1/1 cpuFrame=204.2ms cpuMain=197.8ms cpuRender=0.6ms gpu=10.2ms steps=RoadBuild=0.0ms, BuildingPlacement=0.1ms, Selection=469.6ms, DayNight=0.0ms, CitizenPopulation=0.0ms, MainMenu=1.7ms units=4946 models=13 sourceKeys=4946 sourceKeyFallbackVisuals=0 initialSpawnConfigs=2 drawCalls=661 batches=0 setPass=127 tris=1362697 verts=2554790 memory=alloc=7300MB reserved=8164MB mono=3148MB uiToolkit=0 gameplayInitialized=1 playRequested=1 simulationActive=1 focused=1 vSync=0 targetFps=-1 topSystems=disabled markers=disabled
[SupportJourneyTouch] phase=Began point=(919.50, 558.80) hit=
UnityEngine.Debug:Log (object)
Game.Editor.SupportSmokeJourneyProbe:TouchEvidence (Game.UI.Runtime.AriaTouchInputUiSystemHelper,string,UnityEngine.Vector2) (at Assets/Game/Scripts/Editor/SupportSmokeJourneyProbe.cs:290)
Game.UI.Runtime.AriaTouchInputUiSystemHelper:OnInputEvent (UnityEngine.InputSystem.LowLevel.InputEventPtr,UnityEngine.InputSystem.InputDevice) (at Assets/Game/Scripts/UI/Screens/AriaTouchInputUiSystemHelper.cs:162)
UnityEngine.InputSystem.LowLevel.NativeInputRuntime/<>c__DisplayClass7_0:<set_onUpdate>b__0 (UnityEngineInternal.Input.NativeInputUpdateType,UnityEngineInternal.Input.NativeInputEventBuffer*)
UnityEngineInternal.Input.NativeInputSystem:NotifyUpdate (UnityEngineInternal.Input.NativeInputUpdateType,intptr) (at /Users/bokken/build/output/unity/unity/Modules/Input/Private/Input.cs:132)

[FreezeDetect] Frame gap frame=7583 Gap=488.2ms GC=0/0/0 LastSteps=RoadBuild=0.0ms, BuildingPlacement=0.1ms, Selection=469.6ms, DayNight=0.0ms, CitizenPopulation=0.0ms, MainMenu=1.7ms
[SupportJourneyTouch] phase=Ended point=(919.50, 558.80) hit=
UnityEngine.Debug:Log (object)
Game.Editor.SupportSmokeJourneyProbe:TouchEvidence (Game.UI.Runtime.AriaTouchInputUiSystemHelper,string,UnityEngine.Vector2) (at Assets/Game/Scripts/Editor/SupportSmokeJourneyProbe.cs:290)
Game.UI.Runtime.AriaTouchInputUiSystemHelper:OnInputEvent (UnityEngine.InputSystem.LowLevel.InputEventPtr,UnityEngine.InputSystem.InputDevice) (at Assets/Game/Scripts/UI/Screens/AriaTouchInputUiSystemHelper.cs:162)
UnityEngine.InputSystem.LowLevel.NativeInputRuntime/<>c__DisplayClass7_0:<set_onUpdate>b__0 (UnityEngineInternal.Input.NativeInputUpdateType,UnityEngineInternal.Input.NativeInputEventBuffer*)
UnityEngineInternal.Input.NativeInputSystem:NotifyUpdate (UnityEngineInternal.Input.NativeInputUpdateType,intptr) (at /Users/bokken/build/output/unity/unity/Modules/Input/Private/Input.cs:132)

[FreezeDetect] Update hitch frame=7584 Selection=247.1ms, GC=0/0/0, Total=248.4ms
[SupportJourneyTouch] phase=Began point=(919.50, 558.80) hit=
UnityEngine.Debug:Log (object)
Game.Editor.SupportSmokeJourneyProbe:TouchEvidence (Game.UI.Runtime.AriaTouchInputUiSystemHelper,string,UnityEngine.Vector2) (at Assets/Game/Scripts/Editor/SupportSmokeJourneyProbe.cs:290)
Game.UI.Runtime.AriaTouchInputUiSystemHelper:OnInputEvent (UnityEngine.InputSystem.LowLevel.InputEventPtr,UnityEngine.InputSystem.InputDevice) (at Assets/Game/Scripts/UI/Screens/AriaTouchInputUiSystemHelper.cs:162)
UnityEngine.InputSystem.LowLevel.NativeInputRuntime/<>c__DisplayClass7_0:<set_onUpdate>b__0 (UnityEngineInternal.Input.NativeInputUpdateType,UnityEngineInternal.Input.NativeInputEventBuffer*)
UnityEngineInternal.Input.NativeInputSystem:NotifyUpdate (UnityEngineInternal.Input.NativeInputUpdateType,intptr) (at /Users/bokken/build/output/unity/unity/Modules/Input/Private/Input.cs:132)

[FreezeDetect] Frame gap frame=7585 Gap=269.8ms GC=0/0/0 LastSteps=RoadBuild=0.0ms, BuildingPlacement=0.1ms, Selection=247.1ms, DayNight=0.0ms, CitizenPopulation=0.0ms, MainMenu=1.2ms
[SupportJourneyTouch] phase=Ended point=(919.50, 558.80) hit=
UnityEngine.Debug:Log (object)
Game.Editor.SupportSmokeJourneyProbe:TouchEvidence (Game.UI.Runtime.AriaTouchInputUiSystemHelper,string,UnityEngine.Vector2) (at Assets/Game/Scripts/Editor/SupportSmokeJourneyProbe.cs:290)
Game.UI.Runtime.AriaTouchInputUiSystemHelper:OnInputEvent (UnityEngine.InputSystem.LowLevel.InputEventPtr,UnityEngine.InputSystem.InputDevice) (at Assets/Game/Scripts/UI/Screens/AriaTouchInputUiSystemHelper.cs:162)
UnityEngine.InputSystem.LowLevel.NativeInputRuntime/<>c__DisplayClass7_0:<set_onUpdate>b__0 (UnityEngineInternal.Input.NativeInputUpdateType,UnityEngineInternal.Input.NativeInputEventBuffer*)
UnityEngineInternal.Input.NativeInputSystem:NotifyUpdate (UnityEngineInternal.Input.NativeInputUpdateType,intptr) (at /Users/bokken/build/output/unity/unity/Modules/Input/Private/Input.cs:132)

[FreezeDetect] Update hitch frame=7586 Selection=154.7ms, GC=0/0/0, Total=155.6ms
[SupportJourneyTouch] phase=Began point=(919.50, 558.80) hit=
UnityEngine.Debug:Log (object)
Game.Editor.SupportSmokeJourneyProbe:TouchEvidence (Game.UI.Runtime.AriaTouchInputUiSystemHelper,string,UnityEngine.Vector2) (at Assets/Game/Scripts/Editor/SupportSmokeJourneyProbe.cs:290)
Game.UI.Runtime.AriaTouchInputUiSystemHelper:OnInputEvent (UnityEngine.InputSystem.LowLevel.InputEventPtr,UnityEngine.InputSystem.InputDevice) (at Assets/Game/Scripts/UI/Screens/AriaTouchInputUiSystemHelper.cs:162)
UnityEngine.InputSystem.LowLevel.NativeInputRuntime/<>c__DisplayClass7_0:<set_onUpdate>b__0 (UnityEngineInternal.Input.NativeInputUpdateType,UnityEngineInternal.Input.NativeInputEventBuffer*)
UnityEngineInternal.Input.NativeInputSystem:NotifyUpdate (UnityEngineInternal.Input.NativeInputUpdateType,intptr) (at /Users/bokken/build/output/unity/unity/Modules/Input/Private/Input.cs:132)

[FreezeDetect] Frame gap frame=7587 Gap=168.5ms GC=0/0/0 LastSteps=RoadBuild=0.0ms, BuildingPlacement=0.1ms, Selection=154.7ms, DayNight=0.0ms, CitizenPopulation=0.0ms, MainMenu=0.8ms
[SupportJourneyTouch] phase=Ended point=(919.50, 558.80) hit=
UnityEngine.Debug:Log (object)
Game.Editor.SupportSmokeJourneyProbe:TouchEvidence (Game.UI.Runtime.AriaTouchInputUiSystemHelper,string,UnityEngine.Vector2) (at Assets/Game/Scripts/Editor/SupportSmokeJourneyProbe.cs:290)
Game.UI.Runtime.AriaTouchInputUiSystemHelper:OnInputEvent (UnityEngine.InputSystem.LowLevel.InputEventPtr,UnityEngine.InputSystem.InputDevice) (at Assets/Game/Scripts/UI/Screens/AriaTouchInputUiSystemHelper.cs:162)
UnityEngine.InputSystem.LowLevel.NativeInputRuntime/<>c__DisplayClass7_0:<set_onUpdate>b__0 (UnityEngineInternal.Input.NativeInputUpdateType,UnityEngineInternal.Input.NativeInputEventBuffer*)
UnityEngineInternal.Input.NativeInputSystem:NotifyUpdate (UnityEngineInternal.Input.NativeInputUpdateType,intptr) (at /Users/bokken/build/output/unity/unity/Modules/Input/Private/Input.cs:132)

[FreezeDetect] Update hitch frame=7588 Selection=153.1ms, GC=0/0/0, Total=154.3ms
[PerfDiag] slowUpdate frame=7588 total=154.3ms gc=0/0/0 cpuFrame=267.2ms cpuMain=263.8ms cpuRender=0.4ms gpu=32.2ms steps=RoadBuild=0.0ms, BuildingPlacement=0.1ms, Selection=153.1ms, DayNight=0.0ms, CitizenPopulation=0.0ms, MainMenu=1.1ms units=4946 models=13 sourceKeys=4946 sourceKeyFallbackVisuals=0 initialSpawnConfigs=2 drawCalls=664 batches=0 setPass=128 tris=1338356 verts=2521583 memory=alloc=7516MB reserved=8378MB mono=3304MB uiToolkit=0 gameplayInitialized=1 playRequested=1 simulationActive=1 focused=1 vSync=0 targetFps=-1 topSystems=disabled markers=disabled
[SupportJourneyTouch] phase=Began point=(919.50, 558.80) hit=
UnityEngine.Debug:Log (object)
Game.Editor.SupportSmokeJourneyProbe:TouchEvidence (Game.UI.Runtime.AriaTouchInputUiSystemHelper,string,UnityEngine.Vector2) (at Assets/Game/Scripts/Editor/SupportSmokeJourneyProbe.cs:290)
Game.UI.Runtime.AriaTouchInputUiSystemHelper:OnInputEvent (UnityEngine.InputSystem.LowLevel.InputEventPtr,UnityEngine.InputSystem.InputDevice) (at Assets/Game/Scripts/UI/Screens/AriaTouchInputUiSystemHelper.cs:162)
UnityEngine.InputSystem.LowLevel.NativeInputRuntime/<>c__DisplayClass7_0:<set_onUpdate>b__0 (UnityEngineInternal.Input.NativeInputUpdateType,UnityEngineInternal.Input.NativeInputEventBuffer*)
UnityEngineInternal.Input.NativeInputSystem:NotifyUpdate (UnityEngineInternal.Input.NativeInputUpdateType,intptr) (at /Users/bokken/build/output/unity/unity/Modules/Input/Private/Input.cs:132)

[FreezeDetect] Frame gap frame=7589 Gap=169.1ms GC=0/0/0 LastSteps=RoadBuild=0.0ms, BuildingPlacement=0.1ms, Selection=153.1ms, DayNight=0.0ms, CitizenPopulation=0.0ms, MainMenu=1.1ms
[SupportJourneyTouch] phase=Ended point=(919.50, 558.80) hit=
UnityEngine.Debug:Log (object)
Game.Editor.SupportSmokeJourneyProbe:TouchEvidence (Game.UI.Runtime.AriaTouchInputUiSystemHelper,string,UnityEngine.Vector2) (at Assets/Game/Scripts/Editor/SupportSmokeJourneyProbe.cs:290)
Game.UI.Runtime.AriaTouchInputUiSystemHelper:OnInputEvent (UnityEngine.InputSystem.LowLevel.InputEventPtr,UnityEngine.InputSystem.InputDevice) (at Assets/Game/Scripts/UI/Screens/AriaTouchInputUiSystemHelper.cs:162)
UnityEngine.InputSystem.LowLevel.NativeInputRuntime/<>c__DisplayClass7_0:<set_onUpdate>b__0 (UnityEngineInternal.Input.NativeInputUpdateType,UnityEngineInternal.Input.NativeInputEventBuffer*)
UnityEngineInternal.Input.NativeInputSystem:NotifyUpdate (UnityEngineInternal.Input.NativeInputUpdateType,intptr) (at /Users/bokken/build/output/unity/unity/Modules/Input/Private/Input.cs:132)

[SupportJourneyTouch] phase=Began point=(919.50, 558.80) hit=
UnityEngine.Debug:Log (object)
Game.Editor.SupportSmokeJourneyProbe:TouchEvidence (Game.UI.Runtime.AriaTouchInputUiSystemHelper,string,UnityEngine.Vector2) (at Assets/Game/Scripts/Editor/SupportSmokeJourneyProbe.cs:290)
Game.UI.Runtime.AriaTouchInputUiSystemHelper:OnInputEvent (UnityEngine.InputSystem.LowLevel.InputEventPtr,UnityEngine.InputSystem.InputDevice) (at Assets/Game/Scripts/UI/Screens/AriaTouchInputUiSystemHelper.cs:162)
UnityEngine.InputSystem.LowLevel.NativeInputRuntime/<>c__DisplayClass7_0:<set_onUpdate>b__0 (UnityEngineInternal.Input.NativeInputUpdateType,UnityEngineInternal.Input.NativeInputEventBuffer*)
UnityEngineInternal.Input.NativeInputSystem:NotifyUpdate (UnityEngineInternal.Input.NativeInputUpdateType,intptr) (at /Users/bokken/build/output/unity/unity/Modules/Input/Private/Input.cs:132)

[SupportJourneyTouch] phase=Ended point=(919.50, 558.80) hit=
UnityEngine.Debug:Log (object)
Game.Editor.SupportSmokeJourneyProbe:TouchEvidence (Game.UI.Runtime.AriaTouchInputUiSystemHelper,string,UnityEngine.Vector2) (at Assets/Game/Scripts/Editor/SupportSmokeJourneyProbe.cs:290)
Game.UI.Runtime.AriaTouchInputUiSystemHelper:OnInputEvent (UnityEngine.InputSystem.LowLevel.InputEventPtr,UnityEngine.InputSystem.InputDevice) (at Assets/Game/Scripts/UI/Screens/AriaTouchInputUiSystemHelper.cs:162)
UnityEngine.InputSystem.LowLevel.NativeInputRuntime/<>c__DisplayClass7_0:<set_onUpdate>b__0 (UnityEngineInternal.Input.NativeInputUpdateType,UnityEngineInternal.Input.NativeInputEventBuffer*)
UnityEngineInternal.Input.NativeInputSystem:NotifyUpdate (UnityEngineInternal.Input.NativeInputUpdateType,intptr) (at /Users/bokken/build/output/unity/unity/Modules/Input/Private/Input.cs:132)

[SupportJourneyTouch] phase=Began point=(919.50, 558.80) hit=
UnityEngine.Debug:Log (object)
Game.Editor.SupportSmokeJourneyProbe:TouchEvidence (Game.UI.Runtime.AriaTouchInputUiSystemHelper,string,UnityEngine.Vector2) (at Assets/Game/Scripts/Editor/SupportSmokeJourneyProbe.cs:290)
Game.UI.Runtime.AriaTouchInputUiSystemHelper:OnInputEvent (UnityEngine.InputSystem.LowLevel.InputEventPtr,UnityEngine.InputSystem.InputDevice) (at Assets/Game/Scripts/UI/Screens/AriaTouchInputUiSystemHelper.cs:162)
UnityEngine.InputSystem.LowLevel.NativeInputRuntime/<>c__DisplayClass7_0:<set_onUpdate>b__0 (UnityEngineInternal.Input.NativeInputUpdateType,UnityEngineInternal.Input.NativeInputEventBuffer*)
UnityEngineInternal.Input.NativeInputSystem:NotifyUpdate (UnityEngineInternal.Input.NativeInputUpdateType,intptr) (at /Users/bokken/build/output/unity/unity/Modules/Input/Private/Input.cs:132)

[SupportJourneyTouch] phase=Ended point=(919.50, 558.80) hit=
UnityEngine.Debug:Log (object)
Game.Editor.SupportSmokeJourneyProbe:TouchEvidence (Game.UI.Runtime.AriaTouchInputUiSystemHelper,string,UnityEngine.Vector2) (at Assets/Game/Scripts/Editor/SupportSmokeJourneyProbe.cs:290)
Game.UI.Runtime.AriaTouchInputUiSystemHelper:OnInputEvent (UnityEngine.InputSystem.LowLevel.InputEventPtr,UnityEngine.InputSystem.InputDevice) (at Assets/Game/Scripts/UI/Screens/AriaTouchInputUiSystemHelper.cs:162)
UnityEngine.InputSystem.LowLevel.NativeInputRuntime/<>c__DisplayClass7_0:<set_onUpdate>b__0 (UnityEngineInternal.Input.NativeInputUpdateType,UnityEngineInternal.Input.NativeInputEventBuffer*)
UnityEngineInternal.Input.NativeInputSystem:NotifyUpdate (UnityEngineInternal.Input.NativeInputUpdateType,intptr) (at /Users/bokken/build/output/unity/unity/Modules/Input/Private/Input.cs:132)

[FreezeDetect] Update hitch frame=7601 Selection=165.1ms, GC=0/0/0, Total=166.1ms
[SupportJourneyTouch] phase=Began point=(919.50, 558.80) hit=
UnityEngine.Debug:Log (object)
Game.Editor.SupportSmokeJourneyProbe:TouchEvidence (Game.UI.Runtime.AriaTouchInputUiSystemHelper,string,UnityEngine.Vector2) (at Assets/Game/Scripts/Editor/SupportSmokeJourneyProbe.cs:290)
Game.UI.Runtime.AriaTouchInputUiSystemHelper:OnInputEvent (UnityEngine.InputSystem.LowLevel.InputEventPtr,UnityEngine.InputSystem.InputDevice) (at Assets/Game/Scripts/UI/Screens/AriaTouchInputUiSystemHelper.cs:162)
UnityEngine.InputSystem.LowLevel.NativeInputRuntime/<>c__DisplayClass7_0:<set_onUpdate>b__0 (UnityEngineInternal.Input.NativeInputUpdateType,UnityEngineInternal.Input.NativeInputEventBuffer*)
UnityEngineInternal.Input.NativeInputSystem:NotifyUpdate (UnityEngineInternal.Input.NativeInputUpdateType,intptr) (at /Users/bokken/build/output/unity/unity/Modules/Input/Private/Input.cs:132)

[FreezeDetect] Frame gap frame=7602 Gap=183.7ms GC=0/0/0 LastSteps=RoadBuild=0.0ms, BuildingPlacement=0.1ms, Selection=165.1ms, DayNight=0.0ms, CitizenPopulation=0.0ms, MainMenu=0.9ms
[SupportJourneyTouch] phase=Ended point=(919.50, 558.80) hit=
UnityEngine.Debug:Log (object)
Game.Editor.SupportSmokeJourneyProbe:TouchEvidence (Game.UI.Runtime.AriaTouchInputUiSystemHelper,string,UnityEngine.Vector2) (at Assets/Game/Scripts/Editor/SupportSmokeJourneyProbe.cs:290)
Game.UI.Runtime.AriaTouchInputUiSystemHelper:OnInputEvent (UnityEngine.InputSystem.LowLevel.InputEventPtr,UnityEngine.InputSystem.InputDevice) (at Assets/Game/Scripts/UI/Screens/AriaTouchInputUiSystemHelper.cs:162)
UnityEngine.InputSystem.LowLevel.NativeInputRuntime/<>c__DisplayClass7_0:<set_onUpdate>b__0 (UnityEngineInternal.Input.NativeInputUpdateType,UnityEngineInternal.Input.NativeInputEventBuffer*)
UnityEngineInternal.Input.NativeInputSystem:NotifyUpdate (UnityEngineInternal.Input.NativeInputUpdateType,intptr) (at /Users/bokken/build/output/unity/unity/Modules/Input/Private/Input.cs:132)

[FreezeDetect] Update hitch frame=7603 Selection=165.6ms, GC=0/0/0, Total=166.9ms
[PerfDiag] slowUpdate frame=7603 total=166.9ms gc=0/0/0 cpuFrame=11.9ms cpuMain=8.0ms cpuRender=1.9ms gpu=7.0ms steps=RoadBuild=0.0ms, BuildingPlacement=0.2ms, Selection=165.6ms, DayNight=0.0ms, CitizenPopulation=0.0ms, MainMenu=1.1ms units=4946 models=13 sourceKeys=4946 sourceKeyFallbackVisuals=0 initialSpawnConfigs=2 drawCalls=660 batches=0 setPass=128 tris=1331696 verts=2512522 memory=alloc=7698MB reserved=8559MB mono=3446MB uiToolkit=0 gameplayInitialized=1 playRequested=1 simulationActive=1 focused=1 vSync=0 targetFps=-1 topSystems=disabled markers=disabled
[SupportJourneyTouch] phase=Began point=(919.50, 558.80) hit=
UnityEngine.Debug:Log (object)
Game.Editor.SupportSmokeJourneyProbe:TouchEvidence (Game.UI.Runtime.AriaTouchInputUiSystemHelper,string,UnityEngine.Vector2) (at Assets/Game/Scripts/Editor/SupportSmokeJourneyProbe.cs:290)
Game.UI.Runtime.AriaTouchInputUiSystemHelper:OnInputEvent (UnityEngine.InputSystem.LowLevel.InputEventPtr,UnityEngine.InputSystem.InputDevice) (at Assets/Game/Scripts/UI/Screens/AriaTouchInputUiSystemHelper.cs:162)
UnityEngine.InputSystem.LowLevel.NativeInputRuntime/<>c__DisplayClass7_0:<set_onUpdate>b__0 (UnityEngineInternal.Input.NativeInputUpdateType,UnityEngineInternal.Input.NativeInputEventBuffer*)
UnityEngineInternal.Input.NativeInputSystem:NotifyUpdate (UnityEngineInternal.Input.NativeInputUpdateType,intptr) (at /Users/bokken/build/output/unity/unity/Modules/Input/Private/Input.cs:132)

[FreezeDetect] Frame gap frame=7604 Gap=177.7ms GC=0/0/0 LastSteps=RoadBuild=0.0ms, BuildingPlacement=0.2ms, Selection=165.6ms, DayNight=0.0ms, CitizenPopulation=0.0ms, MainMenu=1.1ms
[SupportJourneyTouch] phase=Ended point=(919.50, 558.80) hit=
UnityEngine.Debug:Log (object)
Game.Editor.SupportSmokeJourneyProbe:TouchEvidence (Game.UI.Runtime.AriaTouchInputUiSystemHelper,string,UnityEngine.Vector2) (at Assets/Game/Scripts/Editor/SupportSmokeJourneyProbe.cs:290)
Game.UI.Runtime.AriaTouchInputUiSystemHelper:OnInputEvent (UnityEngine.InputSystem.LowLevel.InputEventPtr,UnityEngine.InputSystem.InputDevice) (at Assets/Game/Scripts/UI/Screens/AriaTouchInputUiSystemHelper.cs:162)
UnityEngine.InputSystem.LowLevel.NativeInputRuntime/<>c__DisplayClass7_0:<set_onUpdate>b__0 (UnityEngineInternal.Input.NativeInputUpdateType,UnityEngineInternal.Input.NativeInputEventBuffer*)
UnityEngineInternal.Input.NativeInputSystem:NotifyUpdate (UnityEngineInternal.Input.NativeInputUpdateType,intptr) (at /Users/bokken/build/output/unity/unity/Modules/Input/Private/Input.cs:132)

[FreezeDetect] Update hitch frame=7605 Selection=167.3ms, GC=0/0/0, Total=168.6ms
[FrameRateDiag] fps=10.6 avgFrame=94.4ms updateAvg=67.8ms updateMax=471.4ms cpuFrame=183.7ms cpuMain=173.3ms cpuRender=0.4ms gpu=1.1ms drawCalls=664 batches=0 setPass=128 tris=1331093 verts=2515426 units=4946 models=13 sourceKeys=4946 sourceKeyFallbackVisuals=0 initialSpawnConfigs=2 impostors=3 render=screen=1920x1080,batch=0,quality=1:Mobile,vSync=0,targetFps=-1,pipeline=Mobile_RPAsset_MobileCandidate,scale=0.75,msaa=0,camera=Main Camera,cameraData=post:1,aa:FastApproximateAntialiasing,stack:0 memory=alloc=7761MB reserved=8621MB mono=3493MB focused=1 playRequested=1 simulationActive=1 stepStats=none topSystems=disabled markers=disabled
[SupportJourneyTouch] phase=Began point=(919.50, 558.80) hit=
UnityEngine.Debug:Log (object)
Game.Editor.SupportSmokeJourneyProbe:TouchEvidence (Game.UI.Runtime.AriaTouchInputUiSystemHelper,string,UnityEngine.Vector2) (at Assets/Game/Scripts/Editor/SupportSmokeJourneyProbe.cs:290)
Game.UI.Runtime.AriaTouchInputUiSystemHelper:OnInputEvent (UnityEngine.InputSystem.LowLevel.InputEventPtr,UnityEngine.InputSystem.InputDevice) (at Assets/Game/Scripts/UI/Screens/AriaTouchInputUiSystemHelper.cs:162)
UnityEngine.InputSystem.LowLevel.NativeInputRuntime/<>c__DisplayClass7_0:<set_onUpdate>b__0 (UnityEngineInternal.Input.NativeInputUpdateType,UnityEngineInternal.Input.NativeInputEventBuffer*)
UnityEngineInternal.Input.NativeInputSystem:NotifyUpdate (UnityEngineInternal.Input.NativeInputUpdateType,intptr) (at /Users/bokken/build/output/unity/unity/Modules/Input/Private/Input.cs:132)

[FreezeDetect] Frame gap frame=7606 Gap=192.1ms GC=0/0/0 LastSteps=RoadBuild=0.0ms, BuildingPlacement=0.1ms, Selection=167.3ms, DayNight=0.0ms, CitizenPopulation=0.0ms, MainMenu=1.2ms
[SupportJourneyTouch] phase=Ended point=(919.50, 558.80) hit=
UnityEngine.Debug:Log (object)
Game.Editor.SupportSmokeJourneyProbe:TouchEvidence (Game.UI.Runtime.AriaTouchInputUiSystemHelper,string,UnityEngine.Vector2) (at Assets/Game/Scripts/Editor/SupportSmokeJourneyProbe.cs:290)
Game.UI.Runtime.AriaTouchInputUiSystemHelper:OnInputEvent (UnityEngine.InputSystem.LowLevel.InputEventPtr,UnityEngine.InputSystem.InputDevice) (at Assets/Game/Scripts/UI/Screens/AriaTouchInputUiSystemHelper.cs:162)
UnityEngine.InputSystem.LowLevel.NativeInputRuntime/<>c__DisplayClass7_0:<set_onUpdate>b__0 (UnityEngineInternal.Input.NativeInputUpdateType,UnityEngineInternal.Input.NativeInputEventBuffer*)
UnityEngineInternal.Input.NativeInputSystem:NotifyUpdate (UnityEngineInternal.Input.NativeInputUpdateType,intptr) (at /Users/bokken/build/output/unity/unity/Modules/Input/Private/Input.cs:132)

[FreezeDetect] Update hitch frame=7607 Selection=177.6ms, GC=0/0/0, Total=179.4ms
[SupportJourneyTouch] phase=Began point=(919.50, 558.80) hit=
UnityEngine.Debug:Log (object)
Game.Editor.SupportSmokeJourneyProbe:TouchEvidence (Game.UI.Runtime.AriaTouchInputUiSystemHelper,string,UnityEngine.Vector2) (at Assets/Game/Scripts/Editor/SupportSmokeJourneyProbe.cs:290)
Game.UI.Runtime.AriaTouchInputUiSystemHelper:OnInputEvent (UnityEngine.InputSystem.LowLevel.InputEventPtr,UnityEngine.InputSystem.InputDevice) (at Assets/Game/Scripts/UI/Screens/AriaTouchInputUiSystemHelper.cs:162)
UnityEngine.InputSystem.LowLevel.NativeInputRuntime/<>c__DisplayClass7_0:<set_onUpdate>b__0 (UnityEngineInternal.Input.NativeInputUpdateType,UnityEngineInternal.Input.NativeInputEventBuffer*)
UnityEngineInternal.Input.NativeInputSystem:NotifyUpdate (UnityEngineInternal.Input.NativeInputUpdateType,intptr) (at /Users/bokken/build/output/unity/unity/Modules/Input/Private/Input.cs:132)

[FreezeDetect] Frame gap frame=7608 Gap=196.9ms GC=0/0/0 LastSteps=RoadBuild=0.0ms, BuildingPlacement=0.1ms, Selection=177.6ms, DayNight=0.0ms, CitizenPopulation=0.0ms, MainMenu=1.7ms
[SupportJourneyTouch] phase=Ended point=(919.50, 558.80) hit=
UnityEngine.Debug:Log (object)
Game.Editor.SupportSmokeJourneyProbe:TouchEvidence (Game.UI.Runtime.AriaTouchInputUiSystemHelper,string,UnityEngine.Vector2) (at Assets/Game/Scripts/Editor/SupportSmokeJourneyProbe.cs:290)
Game.UI.Runtime.AriaTouchInputUiSystemHelper:OnInputEvent (UnityEngine.InputSystem.LowLevel.InputEventPtr,UnityEngine.InputSystem.InputDevice) (at Assets/Game/Scripts/UI/Screens/AriaTouchInputUiSystemHelper.cs:162)
UnityEngine.InputSystem.LowLevel.NativeInputRuntime/<>c__DisplayClass7_0:<set_onUpdate>b__0 (UnityEngineInternal.Input.NativeInputUpdateType,UnityEngineInternal.Input.NativeInputEventBuffer*)
UnityEngineInternal.Input.NativeInputSystem:NotifyUpdate (UnityEngineInternal.Input.NativeInputUpdateType,intptr) (at /Users/bokken/build/output/unity/unity/Modules/Input/Private/Input.cs:132)

[FreezeDetect] Update hitch frame=7609 Selection=162.8ms, GC=0/0/0, Total=164.0ms
[PerfDiag] slowUpdate frame=7609 total=164.0ms gc=0/0/0 cpuFrame=191.6ms cpuMain=176.8ms cpuRender=0.4ms gpu=10.3ms steps=RoadBuild=0.0ms, BuildingPlacement=0.1ms, Selection=162.8ms, DayNight=0.0ms, CitizenPopulation=0.0ms, MainMenu=1.1ms units=4946 models=13 sourceKeys=4946 sourceKeyFallbackVisuals=0 initialSpawnConfigs=2 drawCalls=646 batches=0 setPass=128 tris=1289834 verts=2442779 memory=alloc=7885MB reserved=8744MB mono=3588MB uiToolkit=0 gameplayInitialized=1 playRequested=1 simulationActive=1 focused=1 vSync=0 targetFps=-1 topSystems=disabled markers=disabled
[SupportJourneyTouch] phase=Began point=(919.50, 558.80) hit=
UnityEngine.Debug:Log (object)
Game.Editor.SupportSmokeJourneyProbe:TouchEvidence (Game.UI.Runtime.AriaTouchInputUiSystemHelper,string,UnityEngine.Vector2) (at Assets/Game/Scripts/Editor/SupportSmokeJourneyProbe.cs:290)
Game.UI.Runtime.AriaTouchInputUiSystemHelper:OnInputEvent (UnityEngine.InputSystem.LowLevel.InputEventPtr,UnityEngine.InputSystem.InputDevice) (at Assets/Game/Scripts/UI/Screens/AriaTouchInputUiSystemHelper.cs:162)
UnityEngine.InputSystem.LowLevel.NativeInputRuntime/<>c__DisplayClass7_0:<set_onUpdate>b__0 (UnityEngineInternal.Input.NativeInputUpdateType,UnityEngineInternal.Input.NativeInputEventBuffer*)
UnityEngineInternal.Input.NativeInputSystem:NotifyUpdate (UnityEngineInternal.Input.NativeInputUpdateType,intptr) (at /Users/bokken/build/output/unity/unity/Modules/Input/Private/Input.cs:132)

[FreezeDetect] Frame gap frame=7610 Gap=177.6ms GC=0/0/0 LastSteps=RoadBuild=0.0ms, BuildingPlacement=0.1ms, Selection=162.8ms, DayNight=0.0ms, CitizenPopulation=0.0ms, MainMenu=1.1ms
[SupportJourneyTouch] phase=Ended point=(919.50, 558.80) hit=
UnityEngine.Debug:Log (object)
Game.Editor.SupportSmokeJourneyProbe:TouchEvidence (Game.UI.Runtime.AriaTouchInputUiSystemHelper,string,UnityEngine.Vector2) (at Assets/Game/Scripts/Editor/SupportSmokeJourneyProbe.cs:290)
Game.UI.Runtime.AriaTouchInputUiSystemHelper:OnInputEvent (UnityEngine.InputSystem.LowLevel.InputEventPtr,UnityEngine.InputSystem.InputDevice) (at Assets/Game/Scripts/UI/Screens/AriaTouchInputUiSystemHelper.cs:162)
UnityEngine.InputSystem.LowLevel.NativeInputRuntime/<>c__DisplayClass7_0:<set_onUpdate>b__0 (UnityEngineInternal.Input.NativeInputUpdateType,UnityEngineInternal.Input.NativeInputEventBuffer*)
UnityEngineInternal.Input.NativeInputSystem:NotifyUpdate (UnityEngineInternal.Input.NativeInputUpdateType,intptr) (at /Users/bokken/build/output/unity/unity/Modules/Input/Private/Input.cs:132)

[FreezeDetect] Update hitch frame=7611 Selection=166.5ms, GC=0/0/0, Total=167.6ms
[SupportJourneyTouch] phase=Began point=(919.50, 558.80) hit=
UnityEngine.Debug:Log (object)
Game.Editor.SupportSmokeJourneyProbe:TouchEvidence (Game.UI.Runtime.AriaTouchInputUiSystemHelper,string,UnityEngine.Vector2) (at Assets/Game/Scripts/Editor/SupportSmokeJourneyProbe.cs:290)
Game.UI.Runtime.AriaTouchInputUiSystemHelper:OnInputEvent (UnityEngine.InputSystem.LowLevel.InputEventPtr,UnityEngine.InputSystem.InputDevice) (at Assets/Game/Scripts/UI/Screens/AriaTouchInputUiSystemHelper.cs:162)
UnityEngine.InputSystem.LowLevel.NativeInputRuntime/<>c__DisplayClass7_0:<set_onUpdate>b__0 (UnityEngineInternal.Input.NativeInputUpdateType,UnityEngineInternal.Input.NativeInputEventBuffer*)
UnityEngineInternal.Input.NativeInputSystem:NotifyUpdate (UnityEngineInternal.Input.NativeInputUpdateType,intptr) (at /Users/bokken/build/output/unity/unity/Modules/Input/Private/Input.cs:132)

[FreezeDetect] Frame gap frame=7612 Gap=178.8ms GC=0/0/0 LastSteps=RoadBuild=0.0ms, BuildingPlacement=0.1ms, Selection=166.5ms, DayNight=0.0ms, CitizenPopulation=0.0ms, MainMenu=1.1ms
[SupportJourneyTouch] phase=Ended point=(919.50, 558.80) hit=
UnityEngine.Debug:Log (object)
Game.Editor.SupportSmokeJourneyProbe:TouchEvidence (Game.UI.Runtime.AriaTouchInputUiSystemHelper,string,UnityEngine.Vector2) (at Assets/Game/Scripts/Editor/SupportSmokeJourneyProbe.cs:290)
Game.UI.Runtime.AriaTouchInputUiSystemHelper:OnInputEvent (UnityEngine.InputSystem.LowLevel.InputEventPtr,UnityEngine.InputSystem.InputDevice) (at Assets/Game/Scripts/UI/Screens/AriaTouchInputUiSystemHelper.cs:162)
UnityEngine.InputSystem.LowLevel.NativeInputRuntime/<>c__DisplayClass7_0:<set_onUpdate>b__0 (UnityEngineInternal.Input.NativeInputUpdateType,UnityEngineInternal.Input.NativeInputEventBuffer*)
UnityEngineInternal.Input.NativeInputSystem:NotifyUpdate (UnityEngineInternal.Input.NativeInputUpdateType,intptr) (at /Users/bokken/build/output/unity/unity/Modules/Input/Private/Input.cs:132)

[FreezeDetect] Update hitch frame=7613 Selection=608.1ms, GC=1/1/1, Total=609.7ms
[PerfDiag] slowUpdate frame=7613 total=609.7ms gc=1/1/1 cpuFrame=177.5ms cpuMain=171.2ms cpuRender=0.4ms gpu=10.3ms steps=RoadBuild=0.0ms, BuildingPlacement=0.1ms, Selection=608.1ms, DayNight=0.0ms, CitizenPopulation=0.0ms, MainMenu=1.5ms units=4946 models=13 sourceKeys=4946 sourceKeyFallbackVisuals=0 initialSpawnConfigs=2 drawCalls=644 batches=0 setPass=128 tris=1280279 verts=2426729 memory=alloc=8041MB reserved=8898MB mono=3168MB uiToolkit=0 gameplayInitialized=1 playRequested=1 simulationActive=1 focused=1 vSync=0 targetFps=-1 topSystems=disabled markers=disabled
[SupportJourneyTouch] phase=Began point=(919.50, 558.80) hit=
UnityEngine.Debug:Log (object)
Game.Editor.SupportSmokeJourneyProbe:TouchEvidence (Game.UI.Runtime.AriaTouchInputUiSystemHelper,string,UnityEngine.Vector2) (at Assets/Game/Scripts/Editor/SupportSmokeJourneyProbe.cs:290)
Game.UI.Runtime.AriaTouchInputUiSystemHelper:OnInputEvent (UnityEngine.InputSystem.LowLevel.InputEventPtr,UnityEngine.InputSystem.InputDevice) (at Assets/Game/Scripts/UI/Screens/AriaTouchInputUiSystemHelper.cs:162)
UnityEngine.InputSystem.LowLevel.NativeInputRuntime/<>c__DisplayClass7_0:<set_onUpdate>b__0 (UnityEngineInternal.Input.NativeInputUpdateType,UnityEngineInternal.Input.NativeInputEventBuffer*)
UnityEngineInternal.Input.NativeInputSystem:NotifyUpdate (UnityEngineInternal.Input.NativeInputUpdateType,intptr) (at /Users/bokken/build/output/unity/unity/Modules/Input/Private/Input.cs:132)

[FreezeDetect] Frame gap frame=7614 Gap=634.2ms GC=0/0/0 LastSteps=RoadBuild=0.0ms, BuildingPlacement=0.1ms, Selection=608.1ms, DayNight=0.0ms, CitizenPopulation=0.0ms, MainMenu=1.5ms
[SupportJourneyTouch] phase=Ended point=(919.50, 558.80) hit=
UnityEngine.Debug:Log (object)
Game.Editor.SupportSmokeJourneyProbe:TouchEvidence (Game.UI.Runtime.AriaTouchInputUiSystemHelper,string,UnityEngine.Vector2) (at Assets/Game/Scripts/Editor/SupportSmokeJourneyProbe.cs:290)
Game.UI.Runtime.AriaTouchInputUiSystemHelper:OnInputEvent (UnityEngine.InputSystem.LowLevel.InputEventPtr,UnityEngine.InputSystem.InputDevice) (at Assets/Game/Scripts/UI/Screens/AriaTouchInputUiSystemHelper.cs:162)
UnityEngine.InputSystem.LowLevel.NativeInputRuntime/<>c__DisplayClass7_0:<set_onUpdate>b__0 (UnityEngineInternal.Input.NativeInputUpdateType,UnityEngineInternal.Input.NativeInputEventBuffer*)
UnityEngineInternal.Input.NativeInputSystem:NotifyUpdate (UnityEngineInternal.Input.NativeInputUpdateType,intptr) (at /Users/bokken/build/output/unity/unity/Modules/Input/Private/Input.cs:132)

[FreezeDetect] Update hitch frame=7615 Selection=271.4ms, GC=0/0/0, Total=272.9ms
[SupportJourneyTouch] phase=Began point=(919.50, 558.80) hit=
UnityEngine.Debug:Log (object)
Game.Editor.SupportSmokeJourneyProbe:TouchEvidence (Game.UI.Runtime.AriaTouchInputUiSystemHelper,string,UnityEngine.Vector2) (at Assets/Game/Scripts/Editor/SupportSmokeJourneyProbe.cs:290)
Game.UI.Runtime.AriaTouchInputUiSystemHelper:OnInputEvent (UnityEngine.InputSystem.LowLevel.InputEventPtr,UnityEngine.InputSystem.InputDevice) (at Assets/Game/Scripts/UI/Screens/AriaTouchInputUiSystemHelper.cs:162)
UnityEngine.InputSystem.LowLevel.NativeInputRuntime/<>c__DisplayClass7_0:<set_onUpdate>b__0 (UnityEngineInternal.Input.NativeInputUpdateType,UnityEngineInternal.Input.NativeInputEventBuffer*)
UnityEngineInternal.Input.NativeInputSystem:NotifyUpdate (UnityEngineInternal.Input.NativeInputUpdateType,intptr) (at /Users/bokken/build/output/unity/unity/Modules/Input/Private/Input.cs:132)

[FreezeDetect] Frame gap frame=7616 Gap=285.1ms GC=0/0/0 LastSteps=RoadBuild=0.0ms, BuildingPlacement=0.1ms, Selection=271.4ms, DayNight=0.0ms, CitizenPopulation=0.0ms, MainMenu=1.3ms
[SupportJourneyTouch] phase=Ended point=(919.50, 558.80) hit=
UnityEngine.Debug:Log (object)
Game.Editor.SupportSmokeJourneyProbe:TouchEvidence (Game.UI.Runtime.AriaTouchInputUiSystemHelper,string,UnityEngine.Vector2) (at Assets/Game/Scripts/Editor/SupportSmokeJourneyProbe.cs:290)
Game.UI.Runtime.AriaTouchInputUiSystemHelper:OnInputEvent (UnityEngine.InputSystem.LowLevel.InputEventPtr,UnityEngine.InputSystem.InputDevice) (at Assets/Game/Scripts/UI/Screens/AriaTouchInputUiSystemHelper.cs:162)
UnityEngine.InputSystem.LowLevel.NativeInputRuntime/<>c__DisplayClass7_0:<set_onUpdate>b__0 (UnityEngineInternal.Input.NativeInputUpdateType,UnityEngineInternal.Input.NativeInputEventBuffer*)
UnityEngineInternal.Input.NativeInputSystem:NotifyUpdate (UnityEngineInternal.Input.NativeInputUpdateType,intptr) (at /Users/bokken/build/output/unity/unity/Modules/Input/Private/Input.cs:132)

[FreezeDetect] Update hitch frame=7617 Selection=166.8ms, GC=0/0/0, Total=167.8ms
[PerfDiag] slowUpdate frame=7617 total=167.8ms gc=0/0/0 cpuFrame=633.9ms cpuMain=618.9ms cpuRender=0.6ms gpu=0.4ms steps=RoadBuild=0.0ms, BuildingPlacement=0.1ms, Selection=166.8ms, DayNight=0.0ms, CitizenPopulation=0.0ms, MainMenu=0.9ms units=4946 models=13 sourceKeys=4946 sourceKeyFallbackVisuals=0 initialSpawnConfigs=2 drawCalls=627 batches=0 setPass=128 tris=1246000 verts=2368733 memory=alloc=8195MB reserved=9053MB mono=3271MB uiToolkit=0 gameplayInitialized=1 playRequested=1 simulationActive=1 focused=1 vSync=0 targetFps=-1 topSystems=disabled markers=disabled
[SupportJourneyTouch] phase=Began point=(919.50, 558.80) hit=
UnityEngine.Debug:Log (object)
Game.Editor.SupportSmokeJourneyProbe:TouchEvidence (Game.UI.Runtime.AriaTouchInputUiSystemHelper,string,UnityEngine.Vector2) (at Assets/Game/Scripts/Editor/SupportSmokeJourneyProbe.cs:290)
Game.UI.Runtime.AriaTouchInputUiSystemHelper:OnInputEvent (UnityEngine.InputSystem.LowLevel.InputEventPtr,UnityEngine.InputSystem.InputDevice) (at Assets/Game/Scripts/UI/Screens/AriaTouchInputUiSystemHelper.cs:162)
UnityEngine.InputSystem.LowLevel.NativeInputRuntime/<>c__DisplayClass7_0:<set_onUpdate>b__0 (UnityEngineInternal.Input.NativeInputUpdateType,UnityEngineInternal.Input.NativeInputEventBuffer*)
UnityEngineInternal.Input.NativeInputSystem:NotifyUpdate (UnityEngineInternal.Input.NativeInputUpdateType,intptr) (at /Users/bokken/build/output/unity/unity/Modules/Input/Private/Input.cs:132)

[FreezeDetect] Frame gap frame=7618 Gap=184.8ms GC=0/0/0 LastSteps=RoadBuild=0.0ms, BuildingPlacement=0.1ms, Selection=166.8ms, DayNight=0.0ms, CitizenPopulation=0.0ms, MainMenu=0.9ms
[SupportJourneyTouch] phase=Ended point=(919.50, 558.80) hit=
UnityEngine.Debug:Log (object)
Game.Editor.SupportSmokeJourneyProbe:TouchEvidence (Game.UI.Runtime.AriaTouchInputUiSystemHelper,string,UnityEngine.Vector2) (at Assets/Game/Scripts/Editor/SupportSmokeJourneyProbe.cs:290)
Game.UI.Runtime.AriaTouchInputUiSystemHelper:OnInputEvent (UnityEngine.InputSystem.LowLevel.InputEventPtr,UnityEngine.InputSystem.InputDevice) (at Assets/Game/Scripts/UI/Screens/AriaTouchInputUiSystemHelper.cs:162)
UnityEngine.InputSystem.LowLevel.NativeInputRuntime/<>c__DisplayClass7_0:<set_onUpdate>b__0 (UnityEngineInternal.Input.NativeInputUpdateType,UnityEngineInternal.Input.NativeInputEventBuffer*)
UnityEngineInternal.Input.NativeInputSystem:NotifyUpdate (UnityEngineInternal.Input.NativeInputUpdateType,intptr) (at /Users/bokken/build/output/unity/unity/Modules/Input/Private/Input.cs:132)

[FreezeDetect] Update hitch frame=7619 Selection=159.4ms, GC=0/0/0, Total=161.5ms
[FrameRateDiag] fps=7.0 avgFrame=143.5ms updateAvg=124.1ms updateMax=609.7ms cpuFrame=284.9ms cpuMain=281.0ms cpuRender=0.4ms gpu=10.0ms drawCalls=635 batches=0 setPass=128 tris=1227244 verts=2337943 units=4946 models=13 sourceKeys=4946 sourceKeyFallbackVisuals=0 initialSpawnConfigs=2 impostors=3 render=screen=1920x1080,batch=0,quality=1:Mobile,vSync=0,targetFps=-1,pipeline=Mobile_RPAsset_MobileCandidate,scale=0.75,msaa=0,camera=Main Camera,cameraData=post:1,aa:FastApproximateAntialiasing,stack:0 memory=alloc=8257MB reserved=9114MB mono=3318MB focused=1 playRequested=1 simulationActive=1 stepStats=none topSystems=disabled markers=disabled
[RenderSceneDiag] frame=7619 source=profilerCounters drawCalls=635 batches=0 setPass=128 tris=1227244 verts=2337943 topSystems=disabled markers=disabled
[SupportJourneyState] stage=3 smokeStage=0 phase=FindSquad outcome=None gestures=65 covered=False damage=0
UnityEngine.Debug:Log (object)
Game.Editor.SupportSmokeJourneyProbe:Tick () (at Assets/Game/Scripts/Editor/SupportSmokeJourneyProbe.cs:102)
UnityEditor.EditorApplication:Internal_CallUpdateFunctions () (at /Users/bokken/build/output/unity/unity/Editor/Mono/EditorApplication.cs:403)

[SupportJourneyTouch] phase=Began point=(919.50, 558.80) hit=
UnityEngine.Debug:Log (object)
Game.Editor.SupportSmokeJourneyProbe:TouchEvidence (Game.UI.Runtime.AriaTouchInputUiSystemHelper,string,UnityEngine.Vector2) (at Assets/Game/Scripts/Editor/SupportSmokeJourneyProbe.cs:290)
Game.UI.Runtime.AriaTouchInputUiSystemHelper:OnInputEvent (UnityEngine.InputSystem.LowLevel.InputEventPtr,UnityEngine.InputSystem.InputDevice) (at Assets/Game/Scripts/UI/Screens/AriaTouchInputUiSystemHelper.cs:162)
UnityEngine.InputSystem.LowLevel.NativeInputRuntime/<>c__DisplayClass7_0:<set_onUpdate>b__0 (UnityEngineInternal.Input.NativeInputUpdateType,UnityEngineInternal.Input.NativeInputEventBuffer*)
UnityEngineInternal.Input.NativeInputSystem:NotifyUpdate (UnityEngineInternal.Input.NativeInputUpdateType,intptr) (at /Users/bokken/build/output/unity/unity/Modules/Input/Private/Input.cs:132)

[FreezeDetect] Frame gap frame=7620 Gap=174.9ms GC=0/0/0 LastSteps=RoadBuild=0.0ms, BuildingPlacement=0.1ms, Selection=159.4ms, DayNight=0.0ms, CitizenPopulation=0.0ms, MainMenu=2.0ms
[SupportJourneyTouch] phase=Ended point=(919.50, 558.80) hit=
UnityEngine.Debug:Log (object)
Game.Editor.SupportSmokeJourneyProbe:TouchEvidence (Game.UI.Runtime.AriaTouchInputUiSystemHelper,string,UnityEngine.Vector2) (at Assets/Game/Scripts/Editor/SupportSmokeJourneyProbe.cs:290)
Game.UI.Runtime.AriaTouchInputUiSystemHelper:OnInputEvent (UnityEngine.InputSystem.LowLevel.InputEventPtr,UnityEngine.InputSystem.InputDevice) (at Assets/Game/Scripts/UI/Screens/AriaTouchInputUiSystemHelper.cs:162)
UnityEngine.InputSystem.LowLevel.NativeInputRuntime/<>c__DisplayClass7_0:<set_onUpdate>b__0 (UnityEngineInternal.Input.NativeInputUpdateType,UnityEngineInternal.Input.NativeInputEventBuffer*)
UnityEngineInternal.Input.NativeInputSystem:NotifyUpdate (UnityEngineInternal.Input.NativeInputUpdateType,intptr) (at /Users/bokken/build/output/unity/unity/Modules/Input/Private/Input.cs:132)

[FreezeDetect] Update hitch frame=7621 Selection=161.1ms, GC=0/0/0, Total=162.3ms
[SupportJourneyTouch] phase=Began point=(919.50, 558.80) hit=
UnityEngine.Debug:Log (object)
Game.Editor.SupportSmokeJourneyProbe:TouchEvidence (Game.UI.Runtime.AriaTouchInputUiSystemHelper,string,UnityEngine.Vector2) (at Assets/Game/Scripts/Editor/SupportSmokeJourneyProbe.cs:290)
Game.UI.Runtime.AriaTouchInputUiSystemHelper:OnInputEvent (UnityEngine.InputSystem.LowLevel.InputEventPtr,UnityEngine.InputSystem.InputDevice) (at Assets/Game/Scripts/UI/Screens/AriaTouchInputUiSystemHelper.cs:162)
UnityEngine.InputSystem.LowLevel.NativeInputRuntime/<>c__DisplayClass7_0:<set_onUpdate>b__0 (UnityEngineInternal.Input.NativeInputUpdateType,UnityEngineInternal.Input.NativeInputEventBuffer*)
UnityEngineInternal.Input.NativeInputSystem:NotifyUpdate (UnityEngineInternal.Input.NativeInputUpdateType,intptr) (at /Users/bokken/build/output/unity/unity/Modules/Input/Private/Input.cs:132)

[FreezeDetect] Frame gap frame=7622 Gap=178.0ms GC=0/0/0 LastSteps=RoadBuild=0.0ms, BuildingPlacement=0.1ms, Selection=161.1ms, DayNight=0.0ms, CitizenPopulation=0.0ms, MainMenu=1.1ms
[SupportJourneyTouch] phase=Ended point=(919.50, 558.80) hit=
UnityEngine.Debug:Log (object)
Game.Editor.SupportSmokeJourneyProbe:TouchEvidence (Game.UI.Runtime.AriaTouchInputUiSystemHelper,string,UnityEngine.Vector2) (at Assets/Game/Scripts/Editor/SupportSmokeJourneyProbe.cs:290)
Game.UI.Runtime.AriaTouchInputUiSystemHelper:OnInputEvent (UnityEngine.InputSystem.LowLevel.InputEventPtr,UnityEngine.InputSystem.InputDevice) (at Assets/Game/Scripts/UI/Screens/AriaTouchInputUiSystemHelper.cs:162)
UnityEngine.InputSystem.LowLevel.NativeInputRuntime/<>c__DisplayClass7_0:<set_onUpdate>b__0 (UnityEngineInternal.Input.NativeInputUpdateType,UnityEngineInternal.Input.NativeInputEventBuffer*)
UnityEngineInternal.Input.NativeInputSystem:NotifyUpdate (UnityEngineInternal.Input.NativeInputUpdateType,intptr) (at /Users/bokken/build/output/unity/unity/Modules/Input/Private/Input.cs:132)

[FreezeDetect] Update hitch frame=7623 Selection=163.0ms, GC=0/0/0, Total=164.3ms
[PerfDiag] slowUpdate frame=7623 total=164.3ms gc=0/0/0 cpuFrame=174.7ms cpuMain=169.4ms cpuRender=0.4ms gpu=10.4ms steps=RoadBuild=0.0ms, BuildingPlacement=0.1ms, Selection=163.0ms, DayNight=0.0ms, CitizenPopulation=0.0ms, MainMenu=1.2ms units=4946 models=13 sourceKeys=4946 sourceKeyFallbackVisuals=0 initialSpawnConfigs=2 drawCalls=650 batches=0 setPass=128 tris=1221227 verts=2325970 memory=alloc=8380MB reserved=9236MB mono=3413MB uiToolkit=0 gameplayInitialized=1 playRequested=1 simulationActive=1 focused=1 vSync=0 targetFps=-1 topSystems=disabled markers=disabled
[SupportJourneyTouch] phase=Began point=(919.50, 558.80) hit=
UnityEngine.Debug:Log (object)
Game.Editor.SupportSmokeJourneyProbe:TouchEvidence (Game.UI.Runtime.AriaTouchInputUiSystemHelper,string,UnityEngine.Vector2) (at Assets/Game/Scripts/Editor/SupportSmokeJourneyProbe.cs:290)
Game.UI.Runtime.AriaTouchInputUiSystemHelper:OnInputEvent (UnityEngine.InputSystem.LowLevel.InputEventPtr,UnityEngine.InputSystem.InputDevice) (at Assets/Game/Scripts/UI/Screens/AriaTouchInputUiSystemHelper.cs:162)
UnityEngine.InputSystem.LowLevel.NativeInputRuntime/<>c__DisplayClass7_0:<set_onUpdate>b__0 (UnityEngineInternal.Input.NativeInputUpdateType,UnityEngineInternal.Input.NativeInputEventBuffer*)
UnityEngineInternal.Input.NativeInputSystem:NotifyUpdate (UnityEngineInternal.Input.NativeInputUpdateType,intptr) (at /Users/bokken/build/output/unity/unity/Modules/Input/Private/Input.cs:132)

[FreezeDetect] Frame gap frame=7624 Gap=178.4ms GC=0/0/0 LastSteps=RoadBuild=0.0ms, BuildingPlacement=0.1ms, Selection=163.0ms, DayNight=0.0ms, CitizenPopulation=0.0ms, MainMenu=1.2ms
[SupportJourneyTouch] phase=Ended point=(919.50, 558.80) hit=
UnityEngine.Debug:Log (object)
Game.Editor.SupportSmokeJourneyProbe:TouchEvidence (Game.UI.Runtime.AriaTouchInputUiSystemHelper,string,UnityEngine.Vector2) (at Assets/Game/Scripts/Editor/SupportSmokeJourneyProbe.cs:290)
Game.UI.Runtime.AriaTouchInputUiSystemHelper:OnInputEvent (UnityEngine.InputSystem.LowLevel.InputEventPtr,UnityEngine.InputSystem.InputDevice) (at Assets/Game/Scripts/UI/Screens/AriaTouchInputUiSystemHelper.cs:162)
UnityEngine.InputSystem.LowLevel.NativeInputRuntime/<>c__DisplayClass7_0:<set_onUpdate>b__0 (UnityEngineInternal.Input.NativeInputUpdateType,UnityEngineInternal.Input.NativeInputEventBuffer*)
UnityEngineInternal.Input.NativeInputSystem:NotifyUpdate (UnityEngineInternal.Input.NativeInputUpdateType,intptr) (at /Users/bokken/build/output/unity/unity/Modules/Input/Private/Input.cs:132)

[FreezeDetect] Update hitch frame=7625 Selection=165.4ms, GC=0/0/0, Total=167.0ms
[SupportJourneyTouch] phase=Began point=(919.50, 558.80) hit=
UnityEngine.Debug:Log (object)
Game.Editor.SupportSmokeJourneyProbe:TouchEvidence (Game.UI.Runtime.AriaTouchInputUiSystemHelper,string,UnityEngine.Vector2) (at Assets/Game/Scripts/Editor/SupportSmokeJourneyProbe.cs:290)
Game.UI.Runtime.AriaTouchInputUiSystemHelper:OnInputEvent (UnityEngine.InputSystem.LowLevel.InputEventPtr,UnityEngine.InputSystem.InputDevice) (at Assets/Game/Scripts/UI/Screens/AriaTouchInputUiSystemHelper.cs:162)
UnityEngine.InputSystem.LowLevel.NativeInputRuntime/<>c__DisplayClass7_0:<set_onUpdate>b__0 (UnityEngineInternal.Input.NativeInputUpdateType,UnityEngineInternal.Input.NativeInputEventBuffer*)
UnityEngineInternal.Input.NativeInputSystem:NotifyUpdate (UnityEngineInternal.Input.NativeInputUpdateType,intptr) (at /Users/bokken/build/output/unity/unity/Modules/Input/Private/Input.cs:132)

[FreezeDetect] Frame gap frame=7626 Gap=182.0ms GC=0/0/0 LastSteps=RoadBuild=0.0ms, BuildingPlacement=0.1ms, Selection=165.4ms, DayNight=0.0ms, CitizenPopulation=0.0ms, MainMenu=1.5ms
[SupportJourneyTouch] phase=Ended point=(919.50, 558.80) hit=
UnityEngine.Debug:Log (object)
Game.Editor.SupportSmokeJourneyProbe:TouchEvidence (Game.UI.Runtime.AriaTouchInputUiSystemHelper,string,UnityEngine.Vector2) (at Assets/Game/Scripts/Editor/SupportSmokeJourneyProbe.cs:290)
Game.UI.Runtime.AriaTouchInputUiSystemHelper:OnInputEvent (UnityEngine.InputSystem.LowLevel.InputEventPtr,UnityEngine.InputSystem.InputDevice) (at Assets/Game/Scripts/UI/Screens/AriaTouchInputUiSystemHelper.cs:162)
UnityEngine.InputSystem.LowLevel.NativeInputRuntime/<>c__DisplayClass7_0:<set_onUpdate>b__0 (UnityEngineInternal.Input.NativeInputUpdateType,UnityEngineInternal.Input.NativeInputEventBuffer*)
UnityEngineInternal.Input.NativeInputSystem:NotifyUpdate (UnityEngineInternal.Input.NativeInputUpdateType,intptr) (at /Users/bokken/build/output/unity/unity/Modules/Input/Private/Input.cs:132)

[FreezeDetect] Update hitch frame=7627 Selection=173.1ms, GC=0/0/0, Total=174.2ms
[SupportJourneyTouch] phase=Began point=(919.50, 558.80) hit=
UnityEngine.Debug:Log (object)
Game.Editor.SupportSmokeJourneyProbe:TouchEvidence (Game.UI.Runtime.AriaTouchInputUiSystemHelper,string,UnityEngine.Vector2) (at Assets/Game/Scripts/Editor/SupportSmokeJourneyProbe.cs:290)
Game.UI.Runtime.AriaTouchInputUiSystemHelper:OnInputEvent (UnityEngine.InputSystem.LowLevel.InputEventPtr,UnityEngine.InputSystem.InputDevice) (at Assets/Game/Scripts/UI/Screens/AriaTouchInputUiSystemHelper.cs:162)
UnityEngine.InputSystem.LowLevel.NativeInputRuntime/<>c__DisplayClass7_0:<set_onUpdate>b__0 (UnityEngineInternal.Input.NativeInputUpdateType,UnityEngineInternal.Input.NativeInputEventBuffer*)
UnityEngineInternal.Input.NativeInputSystem:NotifyUpdate (UnityEngineInternal.Input.NativeInputUpdateType,intptr) (at /Users/bokken/build/output/unity/unity/Modules/Input/Private/Input.cs:132)

[FreezeDetect] Frame gap frame=7628 Gap=185.9ms GC=0/0/0 LastSteps=RoadBuild=0.0ms, BuildingPlacement=0.1ms, Selection=173.1ms, DayNight=0.0ms, CitizenPopulation=0.0ms, MainMenu=1.0ms
[SupportJourneyTouch] phase=Ended point=(919.50, 558.80) hit=
UnityEngine.Debug:Log (object)
Game.Editor.SupportSmokeJourneyProbe:TouchEvidence (Game.UI.Runtime.AriaTouchInputUiSystemHelper,string,UnityEngine.Vector2) (at Assets/Game/Scripts/Editor/SupportSmokeJourneyProbe.cs:290)
Game.UI.Runtime.AriaTouchInputUiSystemHelper:OnInputEvent (UnityEngine.InputSystem.LowLevel.InputEventPtr,UnityEngine.InputSystem.InputDevice) (at Assets/Game/Scripts/UI/Screens/AriaTouchInputUiSystemHelper.cs:162)
UnityEngine.InputSystem.LowLevel.NativeInputRuntime/<>c__DisplayClass7_0:<set_onUpdate>b__0 (UnityEngineInternal.Input.NativeInputUpdateType,UnityEngineInternal.Input.NativeInputEventBuffer*)
UnityEngineInternal.Input.NativeInputSystem:NotifyUpdate (UnityEngineInternal.Input.NativeInputUpdateType,intptr) (at /Users/bokken/build/output/unity/unity/Modules/Input/Private/Input.cs:132)

[FreezeDetect] Update hitch frame=7629 Selection=250.9ms, GC=0/0/0, Total=252.2ms
[PerfDiag] slowUpdate frame=7629 total=252.2ms gc=0/0/0 cpuFrame=181.6ms cpuMain=175.8ms cpuRender=0.5ms gpu=9.9ms steps=RoadBuild=0.0ms, BuildingPlacement=0.1ms, Selection=250.9ms, DayNight=0.0ms, CitizenPopulation=0.0ms, MainMenu=1.2ms units=4946 models=13 sourceKeys=4946 sourceKeyFallbackVisuals=0 initialSpawnConfigs=2 drawCalls=653 batches=0 setPass=128 tris=1204433 verts=2294409 memory=alloc=8596MB reserved=9451MB mono=3578MB uiToolkit=0 gameplayInitialized=1 playRequested=1 simulationActive=1 focused=1 vSync=0 targetFps=-1 topSystems=disabled markers=disabled
[SupportJourneyTouch] phase=Began point=(919.50, 558.80) hit=
UnityEngine.Debug:Log (object)
Game.Editor.SupportSmokeJourneyProbe:TouchEvidence (Game.UI.Runtime.AriaTouchInputUiSystemHelper,string,UnityEngine.Vector2) (at Assets/Game/Scripts/Editor/SupportSmokeJourneyProbe.cs:290)
Game.UI.Runtime.AriaTouchInputUiSystemHelper:OnInputEvent (UnityEngine.InputSystem.LowLevel.InputEventPtr,UnityEngine.InputSystem.InputDevice) (at Assets/Game/Scripts/UI/Screens/AriaTouchInputUiSystemHelper.cs:162)
UnityEngine.InputSystem.LowLevel.NativeInputRuntime/<>c__DisplayClass7_0:<set_onUpdate>b__0 (UnityEngineInternal.Input.NativeInputUpdateType,UnityEngineInternal.Input.NativeInputEventBuffer*)
UnityEngineInternal.Input.NativeInputSystem:NotifyUpdate (UnityEngineInternal.Input.NativeInputUpdateType,intptr) (at /Users/bokken/build/output/unity/unity/Modules/Input/Private/Input.cs:132)

[FreezeDetect] Frame gap frame=7630 Gap=267.9ms GC=0/0/0 LastSteps=RoadBuild=0.0ms, BuildingPlacement=0.1ms, Selection=250.9ms, DayNight=0.0ms, CitizenPopulation=0.0ms, MainMenu=1.2ms
[SupportJourneyTouch] phase=Ended point=(919.50, 558.80) hit=
UnityEngine.Debug:Log (object)
Game.Editor.SupportSmokeJourneyProbe:TouchEvidence (Game.UI.Runtime.AriaTouchInputUiSystemHelper,string,UnityEngine.Vector2) (at Assets/Game/Scripts/Editor/SupportSmokeJourneyProbe.cs:290)
Game.UI.Runtime.AriaTouchInputUiSystemHelper:OnInputEvent (UnityEngine.InputSystem.LowLevel.InputEventPtr,UnityEngine.InputSystem.InputDevice) (at Assets/Game/Scripts/UI/Screens/AriaTouchInputUiSystemHelper.cs:162)
UnityEngine.InputSystem.LowLevel.NativeInputRuntime/<>c__DisplayClass7_0:<set_onUpdate>b__0 (UnityEngineInternal.Input.NativeInputUpdateType,UnityEngineInternal.Input.NativeInputEventBuffer*)
UnityEngineInternal.Input.NativeInputSystem:NotifyUpdate (UnityEngineInternal.Input.NativeInputUpdateType,intptr) (at /Users/bokken/build/output/unity/unity/Modules/Input/Private/Input.cs:132)

[FreezeDetect] Update hitch frame=7631 Selection=243.5ms, GC=0/0/0, Total=245.3ms
[SupportJourneyTouch] phase=Began point=(919.50, 558.80) hit=
UnityEngine.Debug:Log (object)
Game.Editor.SupportSmokeJourneyProbe:TouchEvidence (Game.UI.Runtime.AriaTouchInputUiSystemHelper,string,UnityEngine.Vector2) (at Assets/Game/Scripts/Editor/SupportSmokeJourneyProbe.cs:290)
Game.UI.Runtime.AriaTouchInputUiSystemHelper:OnInputEvent (UnityEngine.InputSystem.LowLevel.InputEventPtr,UnityEngine.InputSystem.InputDevice) (at Assets/Game/Scripts/UI/Screens/AriaTouchInputUiSystemHelper.cs:162)
UnityEngine.InputSystem.LowLevel.NativeInputRuntime/<>c__DisplayClass7_0:<set_onUpdate>b__0 (UnityEngineInternal.Input.NativeInputUpdateType,UnityEngineInternal.Input.NativeInputEventBuffer*)
UnityEngineInternal.Input.NativeInputSystem:NotifyUpdate (UnityEngineInternal.Input.NativeInputUpdateType,intptr) (at /Users/bokken/build/output/unity/unity/Modules/Input/Private/Input.cs:132)

[FreezeDetect] Frame gap frame=7632 Gap=262.0ms GC=0/0/0 LastSteps=RoadBuild=0.0ms, BuildingPlacement=0.1ms, Selection=243.5ms, DayNight=0.0ms, CitizenPopulation=0.0ms, MainMenu=1.7ms
[SupportJourneyTouch] phase=Ended point=(919.50, 558.80) hit=
UnityEngine.Debug:Log (object)
Game.Editor.SupportSmokeJourneyProbe:TouchEvidence (Game.UI.Runtime.AriaTouchInputUiSystemHelper,string,UnityEngine.Vector2) (at Assets/Game/Scripts/Editor/SupportSmokeJourneyProbe.cs:290)
Game.UI.Runtime.AriaTouchInputUiSystemHelper:OnInputEvent (UnityEngine.InputSystem.LowLevel.InputEventPtr,UnityEngine.InputSystem.InputDevice) (at Assets/Game/Scripts/UI/Screens/AriaTouchInputUiSystemHelper.cs:162)
UnityEngine.InputSystem.LowLevel.NativeInputRuntime/<>c__DisplayClass7_0:<set_onUpdate>b__0 (UnityEngineInternal.Input.NativeInputUpdateType,UnityEngineInternal.Input.NativeInputEventBuffer*)
UnityEngineInternal.Input.NativeInputSystem:NotifyUpdate (UnityEngineInternal.Input.NativeInputUpdateType,intptr) (at /Users/bokken/build/output/unity/unity/Modules/Input/Private/Input.cs:132)

[FreezeDetect] Update hitch frame=7633 Selection=624.0ms, GC=1/1/1, Total=625.6ms
[PerfDiag] slowUpdate frame=7633 total=625.6ms gc=1/1/1 cpuFrame=267.4ms cpuMain=261.4ms cpuRender=0.6ms gpu=9.9ms steps=RoadBuild=0.0ms, BuildingPlacement=0.1ms, Selection=624.0ms, DayNight=0.0ms, CitizenPopulation=0.0ms, MainMenu=1.5ms units=4946 models=13 sourceKeys=4946 sourceKeyFallbackVisuals=0 initialSpawnConfigs=2 drawCalls=663 batches=0 setPass=128 tris=1225076 verts=2338327 memory=alloc=8783MB reserved=9637MB mono=3193MB uiToolkit=0 gameplayInitialized=1 playRequested=1 simulationActive=1 focused=1 vSync=0 targetFps=-1 topSystems=disabled markers=disabled
[FrameRateDiag] fps=8.7 avgFrame=114.6ms updateAvg=129.1ms updateMax=625.6ms cpuFrame=267.4ms cpuMain=261.4ms cpuRender=0.6ms gpu=9.9ms drawCalls=663 batches=0 setPass=128 tris=1225076 verts=2338327 units=4946 models=13 sourceKeys=4946 sourceKeyFallbackVisuals=0 initialSpawnConfigs=2 impostors=3 render=screen=1920x1080,batch=0,quality=1:Mobile,vSync=0,targetFps=-1,pipeline=Mobile_RPAsset_MobileCandidate,scale=0.75,msaa=0,camera=Main Camera,cameraData=post:1,aa:FastApproximateAntialiasing,stack:0 memory=alloc=8783MB reserved=9637MB mono=3193MB focused=1 playRequested=1 simulationActive=1 stepStats=none topSystems=disabled markers=disabled
[SupportJourneyTouch] phase=Began point=(919.50, 558.80) hit=
UnityEngine.Debug:Log (object)
Game.Editor.SupportSmokeJourneyProbe:TouchEvidence (Game.UI.Runtime.AriaTouchInputUiSystemHelper,string,UnityEngine.Vector2) (at Assets/Game/Scripts/Editor/SupportSmokeJourneyProbe.cs:290)
Game.UI.Runtime.AriaTouchInputUiSystemHelper:OnInputEvent (UnityEngine.InputSystem.LowLevel.InputEventPtr,UnityEngine.InputSystem.InputDevice) (at Assets/Game/Scripts/UI/Screens/AriaTouchInputUiSystemHelper.cs:162)
UnityEngine.InputSystem.LowLevel.NativeInputRuntime/<>c__DisplayClass7_0:<set_onUpdate>b__0 (UnityEngineInternal.Input.NativeInputUpdateType,UnityEngineInternal.Input.NativeInputEventBuffer*)
UnityEngineInternal.Input.NativeInputSystem:NotifyUpdate (UnityEngineInternal.Input.NativeInputUpdateType,intptr) (at /Users/bokken/build/output/unity/unity/Modules/Input/Private/Input.cs:132)

[FreezeDetect] Frame gap frame=7634 Gap=682.9ms GC=0/0/0 LastSteps=RoadBuild=0.0ms, BuildingPlacement=0.1ms, Selection=624.0ms, DayNight=0.0ms, CitizenPopulation=0.0ms, MainMenu=1.5ms
[SupportJourneyTouch] phase=Ended point=(919.50, 558.80) hit=
UnityEngine.Debug:Log (object)
Game.Editor.SupportSmokeJourneyProbe:TouchEvidence (Game.UI.Runtime.AriaTouchInputUiSystemHelper,string,UnityEngine.Vector2) (at Assets/Game/Scripts/Editor/SupportSmokeJourneyProbe.cs:290)
Game.UI.Runtime.AriaTouchInputUiSystemHelper:OnInputEvent (UnityEngine.InputSystem.LowLevel.InputEventPtr,UnityEngine.InputSystem.InputDevice) (at Assets/Game/Scripts/UI/Screens/AriaTouchInputUiSystemHelper.cs:162)
UnityEngine.InputSystem.LowLevel.NativeInputRuntime/<>c__DisplayClass7_0:<set_onUpdate>b__0 (UnityEngineInternal.Input.NativeInputUpdateType,UnityEngineInternal.Input.NativeInputEventBuffer*)
UnityEngineInternal.Input.NativeInputSystem:NotifyUpdate (UnityEngineInternal.Input.NativeInputUpdateType,intptr) (at /Users/bokken/build/output/unity/unity/Modules/Input/Private/Input.cs:132)

[FreezeDetect] Update hitch frame=7635 Selection=189.2ms, GC=0/0/0, Total=190.3ms
[SupportJourneyTouch] phase=Began point=(919.50, 558.80) hit=
UnityEngine.Debug:Log (object)
Game.Editor.SupportSmokeJourneyProbe:TouchEvidence (Game.UI.Runtime.AriaTouchInputUiSystemHelper,string,UnityEngine.Vector2) (at Assets/Game/Scripts/Editor/SupportSmokeJourneyProbe.cs:290)
Game.UI.Runtime.AriaTouchInputUiSystemHelper:OnInputEvent (UnityEngine.InputSystem.LowLevel.InputEventPtr,UnityEngine.InputSystem.InputDevice) (at Assets/Game/Scripts/UI/Screens/AriaTouchInputUiSystemHelper.cs:162)
UnityEngine.InputSystem.LowLevel.NativeInputRuntime/<>c__DisplayClass7_0:<set_onUpdate>b__0 (UnityEngineInternal.Input.NativeInputUpdateType,UnityEngineInternal.Input.NativeInputEventBuffer*)
UnityEngineInternal.Input.NativeInputSystem:NotifyUpdate (UnityEngineInternal.Input.NativeInputUpdateType,intptr) (at /Users/bokken/build/output/unity/unity/Modules/Input/Private/Input.cs:132)

[FreezeDetect] Frame gap frame=7636 Gap=201.9ms GC=0/0/0 LastSteps=RoadBuild=0.0ms, BuildingPlacement=0.1ms, Selection=189.2ms, DayNight=0.0ms, CitizenPopulation=0.0ms, MainMenu=1.0ms
[SupportJourneyTouch] phase=Ended point=(919.50, 558.80) hit=
UnityEngine.Debug:Log (object)
Game.Editor.SupportSmokeJourneyProbe:TouchEvidence (Game.UI.Runtime.AriaTouchInputUiSystemHelper,string,UnityEngine.Vector2) (at Assets/Game/Scripts/Editor/SupportSmokeJourneyProbe.cs:290)
Game.UI.Runtime.AriaTouchInputUiSystemHelper:OnInputEvent (UnityEngine.InputSystem.LowLevel.InputEventPtr,UnityEngine.InputSystem.InputDevice) (at Assets/Game/Scripts/UI/Screens/AriaTouchInputUiSystemHelper.cs:162)
UnityEngine.InputSystem.LowLevel.NativeInputRuntime/<>c__DisplayClass7_0:<set_onUpdate>b__0 (UnityEngineInternal.Input.NativeInputUpdateType,UnityEngineInternal.Input.NativeInputEventBuffer*)
UnityEngineInternal.Input.NativeInputSystem:NotifyUpdate (UnityEngineInternal.Input.NativeInputUpdateType,intptr) (at /Users/bokken/build/output/unity/unity/Modules/Input/Private/Input.cs:132)

[FreezeDetect] Update hitch frame=7637 Selection=196.6ms, GC=0/0/0, Total=197.8ms
[PerfDiag] slowUpdate frame=7637 total=197.8ms gc=0/0/0 cpuFrame=680.3ms cpuMain=641.6ms cpuRender=0.6ms gpu=0.4ms steps=RoadBuild=0.0ms, BuildingPlacement=0.1ms, Selection=196.6ms, DayNight=0.0ms, CitizenPopulation=0.0ms, MainMenu=1.2ms units=4946 models=13 sourceKeys=4946 sourceKeyFallbackVisuals=0 initialSpawnConfigs=2 drawCalls=658 batches=0 setPass=129 tris=1162037 verts=2211843 memory=alloc=8906MB reserved=9759MB mono=3256MB uiToolkit=0 gameplayInitialized=1 playRequested=1 simulationActive=1 focused=1 vSync=0 targetFps=-1 topSystems=disabled markers=disabled
[SupportJourneyTouch] phase=Began point=(919.50, 558.80) hit=
UnityEngine.Debug:Log (object)
Game.Editor.SupportSmokeJourneyProbe:TouchEvidence (Game.UI.Runtime.AriaTouchInputUiSystemHelper,string,UnityEngine.Vector2) (at Assets/Game/Scripts/Editor/SupportSmokeJourneyProbe.cs:290)
Game.UI.Runtime.AriaTouchInputUiSystemHelper:OnInputEvent (UnityEngine.InputSystem.LowLevel.InputEventPtr,UnityEngine.InputSystem.InputDevice) (at Assets/Game/Scripts/UI/Screens/AriaTouchInputUiSystemHelper.cs:162)
UnityEngine.InputSystem.LowLevel.NativeInputRuntime/<>c__DisplayClass7_0:<set_onUpdate>b__0 (UnityEngineInternal.Input.NativeInputUpdateType,UnityEngineInternal.Input.NativeInputEventBuffer*)
UnityEngineInternal.Input.NativeInputSystem:NotifyUpdate (UnityEngineInternal.Input.NativeInputUpdateType,intptr) (at /Users/bokken/build/output/unity/unity/Modules/Input/Private/Input.cs:132)

[FreezeDetect] Frame gap frame=7638 Gap=219.4ms GC=0/0/0 LastSteps=RoadBuild=0.0ms, BuildingPlacement=0.1ms, Selection=196.6ms, DayNight=0.0ms, CitizenPopulation=0.0ms, MainMenu=1.2ms
[SupportJourneyTouch] phase=Ended point=(919.50, 558.80) hit=
UnityEngine.Debug:Log (object)
Game.Editor.SupportSmokeJourneyProbe:TouchEvidence (Game.UI.Runtime.AriaTouchInputUiSystemHelper,string,UnityEngine.Vector2) (at Assets/Game/Scripts/Editor/SupportSmokeJourneyProbe.cs:290)
Game.UI.Runtime.AriaTouchInputUiSystemHelper:OnInputEvent (UnityEngine.InputSystem.LowLevel.InputEventPtr,UnityEngine.InputSystem.InputDevice) (at Assets/Game/Scripts/UI/Screens/AriaTouchInputUiSystemHelper.cs:162)
UnityEngine.InputSystem.LowLevel.NativeInputRuntime/<>c__DisplayClass7_0:<set_onUpdate>b__0 (UnityEngineInternal.Input.NativeInputUpdateType,UnityEngineInternal.Input.NativeInputEventBuffer*)
UnityEngineInternal.Input.NativeInputSystem:NotifyUpdate (UnityEngineInternal.Input.NativeInputUpdateType,intptr) (at /Users/bokken/build/output/unity/unity/Modules/Input/Private/Input.cs:132)

[FreezeDetect] Update hitch frame=7639 Selection=174.6ms, GC=0/0/0, Total=176.1ms
[SupportJourneyTouch] phase=Began point=(919.50, 558.80) hit=
UnityEngine.Debug:Log (object)
Game.Editor.SupportSmokeJourneyProbe:TouchEvidence (Game.UI.Runtime.AriaTouchInputUiSystemHelper,string,UnityEngine.Vector2) (at Assets/Game/Scripts/Editor/SupportSmokeJourneyProbe.cs:290)
Game.UI.Runtime.AriaTouchInputUiSystemHelper:OnInputEvent (UnityEngine.InputSystem.LowLevel.InputEventPtr,UnityEngine.InputSystem.InputDevice) (at Assets/Game/Scripts/UI/Screens/AriaTouchInputUiSystemHelper.cs:162)
UnityEngine.InputSystem.LowLevel.NativeInputRuntime/<>c__DisplayClass7_0:<set_onUpdate>b__0 (UnityEngineInternal.Input.NativeInputUpdateType,UnityEngineInternal.Input.NativeInputEventBuffer*)
UnityEngineInternal.Input.NativeInputSystem:NotifyUpdate (UnityEngineInternal.Input.NativeInputUpdateType,intptr) (at /Users/bokken/build/output/unity/unity/Modules/Input/Private/Input.cs:132)

[FreezeDetect] Frame gap frame=7640 Gap=189.2ms GC=0/0/0 LastSteps=RoadBuild=0.0ms, BuildingPlacement=0.1ms, Selection=174.6ms, DayNight=0.0ms, CitizenPopulation=0.0ms, MainMenu=1.4ms
[SupportJourneyTouch] phase=Ended point=(919.50, 558.80) hit=
UnityEngine.Debug:Log (object)
Game.Editor.SupportSmokeJourneyProbe:TouchEvidence (Game.UI.Runtime.AriaTouchInputUiSystemHelper,string,UnityEngine.Vector2) (at Assets/Game/Scripts/Editor/SupportSmokeJourneyProbe.cs:290)
Game.UI.Runtime.AriaTouchInputUiSystemHelper:OnInputEvent (UnityEngine.InputSystem.LowLevel.InputEventPtr,UnityEngine.InputSystem.InputDevice) (at Assets/Game/Scripts/UI/Screens/AriaTouchInputUiSystemHelper.cs:162)
UnityEngine.InputSystem.LowLevel.NativeInputRuntime/<>c__DisplayClass7_0:<set_onUpdate>b__0 (UnityEngineInternal.Input.NativeInputUpdateType,UnityEngineInternal.Input.NativeInputEventBuffer*)
UnityEngineInternal.Input.NativeInputSystem:NotifyUpdate (UnityEngineInternal.Input.NativeInputUpdateType,intptr) (at /Users/bokken/build/output/unity/unity/Modules/Input/Private/Input.cs:132)

[FreezeDetect] Update hitch frame=7641 Selection=170.2ms, GC=0/0/0, Total=171.3ms
[SupportJourneyTouch] phase=Began point=(919.50, 558.80) hit=
UnityEngine.Debug:Log (object)
Game.Editor.SupportSmokeJourneyProbe:TouchEvidence (Game.UI.Runtime.AriaTouchInputUiSystemHelper,string,UnityEngine.Vector2) (at Assets/Game/Scripts/Editor/SupportSmokeJourneyProbe.cs:290)
Game.UI.Runtime.AriaTouchInputUiSystemHelper:OnInputEvent (UnityEngine.InputSystem.LowLevel.InputEventPtr,UnityEngine.InputSystem.InputDevice) (at Assets/Game/Scripts/UI/Screens/AriaTouchInputUiSystemHelper.cs:162)
UnityEngine.InputSystem.LowLevel.NativeInputRuntime/<>c__DisplayClass7_0:<set_onUpdate>b__0 (UnityEngineInternal.Input.NativeInputUpdateType,UnityEngineInternal.Input.NativeInputEventBuffer*)
UnityEngineInternal.Input.NativeInputSystem:NotifyUpdate (UnityEngineInternal.Input.NativeInputUpdateType,intptr) (at /Users/bokken/build/output/unity/unity/Modules/Input/Private/Input.cs:132)

[FreezeDetect] Frame gap frame=7642 Gap=183.3ms GC=0/0/0 LastSteps=RoadBuild=0.0ms, BuildingPlacement=0.1ms, Selection=170.2ms, DayNight=0.0ms, CitizenPopulation=0.0ms, MainMenu=1.0ms
[SupportJourneyTouch] phase=Ended point=(919.50, 558.80) hit=
UnityEngine.Debug:Log (object)
Game.Editor.SupportSmokeJourneyProbe:TouchEvidence (Game.UI.Runtime.AriaTouchInputUiSystemHelper,string,UnityEngine.Vector2) (at Assets/Game/Scripts/Editor/SupportSmokeJourneyProbe.cs:290)
Game.UI.Runtime.AriaTouchInputUiSystemHelper:OnInputEvent (UnityEngine.InputSystem.LowLevel.InputEventPtr,UnityEngine.InputSystem.InputDevice) (at Assets/Game/Scripts/UI/Screens/AriaTouchInputUiSystemHelper.cs:162)
UnityEngine.InputSystem.LowLevel.NativeInputRuntime/<>c__DisplayClass7_0:<set_onUpdate>b__0 (UnityEngineInternal.Input.NativeInputUpdateType,UnityEngineInternal.Input.NativeInputEventBuffer*)
UnityEngineInternal.Input.NativeInputSystem:NotifyUpdate (UnityEngineInternal.Input.NativeInputUpdateType,intptr) (at /Users/bokken/build/output/unity/unity/Modules/Input/Private/Input.cs:132)

[FreezeDetect] Update hitch frame=7643 Selection=163.7ms, GC=0/0/0, Total=164.9ms
[PerfDiag] slowUpdate frame=7643 total=164.9ms gc=0/0/0 cpuFrame=189.2ms cpuMain=184.2ms cpuRender=0.5ms gpu=9.9ms steps=RoadBuild=0.0ms, BuildingPlacement=0.1ms, Selection=163.7ms, DayNight=0.0ms, CitizenPopulation=0.0ms, MainMenu=1.1ms units=4946 models=13 sourceKeys=4946 sourceKeyFallbackVisuals=0 initialSpawnConfigs=2 drawCalls=652 batches=0 setPass=128 tris=1155304 verts=2200164 memory=alloc=9098MB reserved=9950MB mono=3400MB uiToolkit=0 gameplayInitialized=1 playRequested=1 simulationActive=1 focused=1 vSync=0 targetFps=-1 topSystems=disabled markers=disabled
[SupportJourneyTouch] phase=Began point=(919.50, 558.80) hit=
UnityEngine.Debug:Log (object)
Game.Editor.SupportSmokeJourneyProbe:TouchEvidence (Game.UI.Runtime.AriaTouchInputUiSystemHelper,string,UnityEngine.Vector2) (at Assets/Game/Scripts/Editor/SupportSmokeJourneyProbe.cs:290)
Game.UI.Runtime.AriaTouchInputUiSystemHelper:OnInputEvent (UnityEngine.InputSystem.LowLevel.InputEventPtr,UnityEngine.InputSystem.InputDevice) (at Assets/Game/Scripts/UI/Screens/AriaTouchInputUiSystemHelper.cs:162)
UnityEngine.InputSystem.LowLevel.NativeInputRuntime/<>c__DisplayClass7_0:<set_onUpdate>b__0 (UnityEngineInternal.Input.NativeInputUpdateType,UnityEngineInternal.Input.NativeInputEventBuffer*)
UnityEngineInternal.Input.NativeInputSystem:NotifyUpdate (UnityEngineInternal.Input.NativeInputUpdateType,intptr) (at /Users/bokken/build/output/unity/unity/Modules/Input/Private/Input.cs:132)

[FreezeDetect] Frame gap frame=7644 Gap=176.4ms GC=0/0/0 LastSteps=RoadBuild=0.0ms, BuildingPlacement=0.1ms, Selection=163.7ms, DayNight=0.0ms, CitizenPopulation=0.0ms, MainMenu=1.1ms
[SupportJourneyTouch] phase=Ended point=(919.50, 558.80) hit=
UnityEngine.Debug:Log (object)
Game.Editor.SupportSmokeJourneyProbe:TouchEvidence (Game.UI.Runtime.AriaTouchInputUiSystemHelper,string,UnityEngine.Vector2) (at Assets/Game/Scripts/Editor/SupportSmokeJourneyProbe.cs:290)
Game.UI.Runtime.AriaTouchInputUiSystemHelper:OnInputEvent (UnityEngine.InputSystem.LowLevel.InputEventPtr,UnityEngine.InputSystem.InputDevice) (at Assets/Game/Scripts/UI/Screens/AriaTouchInputUiSystemHelper.cs:162)
UnityEngine.InputSystem.LowLevel.NativeInputRuntime/<>c__DisplayClass7_0:<set_onUpdate>b__0 (UnityEngineInternal.Input.NativeInputUpdateType,UnityEngineInternal.Input.NativeInputEventBuffer*)
UnityEngineInternal.Input.NativeInputSystem:NotifyUpdate (UnityEngineInternal.Input.NativeInputUpdateType,intptr) (at /Users/bokken/build/output/unity/unity/Modules/Input/Private/Input.cs:132)

[FreezeDetect] Update hitch frame=7645 Selection=164.7ms, GC=0/0/0, Total=165.7ms
[SupportJourneyTouch] phase=Began point=(919.50, 558.80) hit=
UnityEngine.Debug:Log (object)
Game.Editor.SupportSmokeJourneyProbe:TouchEvidence (Game.UI.Runtime.AriaTouchInputUiSystemHelper,string,UnityEngine.Vector2) (at Assets/Game/Scripts/Editor/SupportSmokeJourneyProbe.cs:290)
Game.UI.Runtime.AriaTouchInputUiSystemHelper:OnInputEvent (UnityEngine.InputSystem.LowLevel.InputEventPtr,UnityEngine.InputSystem.InputDevice) (at Assets/Game/Scripts/UI/Screens/AriaTouchInputUiSystemHelper.cs:162)
UnityEngine.InputSystem.LowLevel.NativeInputRuntime/<>c__DisplayClass7_0:<set_onUpdate>b__0 (UnityEngineInternal.Input.NativeInputUpdateType,UnityEngineInternal.Input.NativeInputEventBuffer*)
UnityEngineInternal.Input.NativeInputSystem:NotifyUpdate (UnityEngineInternal.Input.NativeInputUpdateType,intptr) (at /Users/bokken/build/output/unity/unity/Modules/Input/Private/Input.cs:132)

[FreezeDetect] Frame gap frame=7646 Gap=177.9ms GC=0/0/0 LastSteps=RoadBuild=0.0ms, BuildingPlacement=0.1ms, Selection=164.7ms, DayNight=0.0ms, CitizenPopulation=0.0ms, MainMenu=1.0ms
[SupportJourneyTouch] phase=Ended point=(919.50, 558.80) hit=
UnityEngine.Debug:Log (object)
Game.Editor.SupportSmokeJourneyProbe:TouchEvidence (Game.UI.Runtime.AriaTouchInputUiSystemHelper,string,UnityEngine.Vector2) (at Assets/Game/Scripts/Editor/SupportSmokeJourneyProbe.cs:290)
Game.UI.Runtime.AriaTouchInputUiSystemHelper:OnInputEvent (UnityEngine.InputSystem.LowLevel.InputEventPtr,UnityEngine.InputSystem.InputDevice) (at Assets/Game/Scripts/UI/Screens/AriaTouchInputUiSystemHelper.cs:162)
UnityEngine.InputSystem.LowLevel.NativeInputRuntime/<>c__DisplayClass7_0:<set_onUpdate>b__0 (UnityEngineInternal.Input.NativeInputUpdateType,UnityEngineInternal.Input.NativeInputEventBuffer*)
UnityEngineInternal.Input.NativeInputSystem:NotifyUpdate (UnityEngineInternal.Input.NativeInputUpdateType,intptr) (at /Users/bokken/build/output/unity/unity/Modules/Input/Private/Input.cs:132)

[FreezeDetect] Update hitch frame=7647 Selection=168.9ms, GC=0/0/0, Total=170.2ms
[SupportJourneyTouch] phase=Began point=(919.50, 558.80) hit=
UnityEngine.Debug:Log (object)
Game.Editor.SupportSmokeJourneyProbe:TouchEvidence (Game.UI.Runtime.AriaTouchInputUiSystemHelper,string,UnityEngine.Vector2) (at Assets/Game/Scripts/Editor/SupportSmokeJourneyProbe.cs:290)
Game.UI.Runtime.AriaTouchInputUiSystemHelper:OnInputEvent (UnityEngine.InputSystem.LowLevel.InputEventPtr,UnityEngine.InputSystem.InputDevice) (at Assets/Game/Scripts/UI/Screens/AriaTouchInputUiSystemHelper.cs:162)
UnityEngine.InputSystem.LowLevel.NativeInputRuntime/<>c__DisplayClass7_0:<set_onUpdate>b__0 (UnityEngineInternal.Input.NativeInputUpdateType,UnityEngineInternal.Input.NativeInputEventBuffer*)
UnityEngineInternal.Input.NativeInputSystem:NotifyUpdate (UnityEngineInternal.Input.NativeInputUpdateType,intptr) (at /Users/bokken/build/output/unity/unity/Modules/Input/Private/Input.cs:132)

[FreezeDetect] Frame gap frame=7648 Gap=183.1ms GC=0/0/0 LastSteps=RoadBuild=0.0ms, BuildingPlacement=0.1ms, Selection=168.9ms, DayNight=0.0ms, CitizenPopulation=0.0ms, MainMenu=1.2ms
[SupportJourneyTouch] phase=Ended point=(919.50, 558.80) hit=
UnityEngine.Debug:Log (object)
Game.Editor.SupportSmokeJourneyProbe:TouchEvidence (Game.UI.Runtime.AriaTouchInputUiSystemHelper,string,UnityEngine.Vector2) (at Assets/Game/Scripts/Editor/SupportSmokeJourneyProbe.cs:290)
Game.UI.Runtime.AriaTouchInputUiSystemHelper:OnInputEvent (UnityEngine.InputSystem.LowLevel.InputEventPtr,UnityEngine.InputSystem.InputDevice) (at Assets/Game/Scripts/UI/Screens/AriaTouchInputUiSystemHelper.cs:162)
UnityEngine.InputSystem.LowLevel.NativeInputRuntime/<>c__DisplayClass7_0:<set_onUpdate>b__0 (UnityEngineInternal.Input.NativeInputUpdateType,UnityEngineInternal.Input.NativeInputEventBuffer*)
UnityEngineInternal.Input.NativeInputSystem:NotifyUpdate (UnityEngineInternal.Input.NativeInputUpdateType,intptr) (at /Users/bokken/build/output/unity/unity/Modules/Input/Private/Input.cs:132)

[FreezeDetect] Update hitch frame=7649 Selection=161.5ms, GC=0/0/0, Total=162.4ms
[PerfDiag] slowUpdate frame=7649 total=162.4ms gc=0/0/0 cpuFrame=177.3ms cpuMain=173.3ms cpuRender=0.4ms gpu=10.0ms steps=RoadBuild=0.0ms, BuildingPlacement=0.1ms, Selection=161.5ms, DayNight=0.0ms, CitizenPopulation=0.0ms, MainMenu=0.8ms units=4946 models=13 sourceKeys=4946 sourceKeyFallbackVisuals=0 initialSpawnConfigs=2 drawCalls=657 batches=0 setPass=128 tris=1154938 verts=2199553 memory=alloc=9287MB reserved=10137MB mono=3542MB uiToolkit=0 gameplayInitialized=1 playRequested=1 simulationActive=1 focused=1 vSync=0 targetFps=-1 topSystems=disabled markers=disabled
[SupportJourneyTouch] phase=Began point=(919.50, 558.80) hit=
UnityEngine.Debug:Log (object)
Game.Editor.SupportSmokeJourneyProbe:TouchEvidence (Game.UI.Runtime.AriaTouchInputUiSystemHelper,string,UnityEngine.Vector2) (at Assets/Game/Scripts/Editor/SupportSmokeJourneyProbe.cs:290)
Game.UI.Runtime.AriaTouchInputUiSystemHelper:OnInputEvent (UnityEngine.InputSystem.LowLevel.InputEventPtr,UnityEngine.InputSystem.InputDevice) (at Assets/Game/Scripts/UI/Screens/AriaTouchInputUiSystemHelper.cs:162)
UnityEngine.InputSystem.LowLevel.NativeInputRuntime/<>c__DisplayClass7_0:<set_onUpdate>b__0 (UnityEngineInternal.Input.NativeInputUpdateType,UnityEngineInternal.Input.NativeInputEventBuffer*)
UnityEngineInternal.Input.NativeInputSystem:NotifyUpdate (UnityEngineInternal.Input.NativeInputUpdateType,intptr) (at /Users/bokken/build/output/unity/unity/Modules/Input/Private/Input.cs:132)

[FreezeDetect] Frame gap frame=7650 Gap=173.5ms GC=0/0/0 LastSteps=RoadBuild=0.0ms, BuildingPlacement=0.1ms, Selection=161.5ms, DayNight=0.0ms, CitizenPopulation=0.0ms, MainMenu=0.8ms
[SupportJourneyTouch] phase=Ended point=(919.50, 558.80) hit=
UnityEngine.Debug:Log (object)
Game.Editor.SupportSmokeJourneyProbe:TouchEvidence (Game.UI.Runtime.AriaTouchInputUiSystemHelper,string,UnityEngine.Vector2) (at Assets/Game/Scripts/Editor/SupportSmokeJourneyProbe.cs:290)
Game.UI.Runtime.AriaTouchInputUiSystemHelper:OnInputEvent (UnityEngine.InputSystem.LowLevel.InputEventPtr,UnityEngine.InputSystem.InputDevice) (at Assets/Game/Scripts/UI/Screens/AriaTouchInputUiSystemHelper.cs:162)
UnityEngine.InputSystem.LowLevel.NativeInputRuntime/<>c__DisplayClass7_0:<set_onUpdate>b__0 (UnityEngineInternal.Input.NativeInputUpdateType,UnityEngineInternal.Input.NativeInputEventBuffer*)
UnityEngineInternal.Input.NativeInputSystem:NotifyUpdate (UnityEngineInternal.Input.NativeInputUpdateType,intptr) (at /Users/bokken/build/output/unity/unity/Modules/Input/Private/Input.cs:132)

[FreezeDetect] Update hitch frame=7651 Selection=160.3ms, GC=0/0/0, Total=161.4ms
[FrameRateDiag] fps=7.3 avgFrame=137.7ms updateAvg=91.1ms updateMax=197.8ms cpuFrame=183.3ms cpuMain=179.1ms cpuRender=0.4ms gpu=10.3ms drawCalls=657 batches=0 setPass=128 tris=1155226 verts=2200215 units=4946 models=13 sourceKeys=4946 sourceKeyFallbackVisuals=0 initialSpawnConfigs=2 impostors=3 render=screen=1920x1080,batch=0,quality=1:Mobile,vSync=0,targetFps=-1,pipeline=Mobile_RPAsset_MobileCandidate,scale=0.75,msaa=0,camera=Main Camera,cameraData=post:1,aa:FastApproximateAntialiasing,stack:0 memory=alloc=9350MB reserved=10200MB mono=3589MB focused=1 playRequested=1 simulationActive=1 stepStats=none topSystems=disabled markers=disabled
[SupportJourneyTouch] phase=Began point=(919.50, 558.80) hit=
UnityEngine.Debug:Log (object)
Game.Editor.SupportSmokeJourneyProbe:TouchEvidence (Game.UI.Runtime.AriaTouchInputUiSystemHelper,string,UnityEngine.Vector2) (at Assets/Game/Scripts/Editor/SupportSmokeJourneyProbe.cs:290)
Game.UI.Runtime.AriaTouchInputUiSystemHelper:OnInputEvent (UnityEngine.InputSystem.LowLevel.InputEventPtr,UnityEngine.InputSystem.InputDevice) (at Assets/Game/Scripts/UI/Screens/AriaTouchInputUiSystemHelper.cs:162)
UnityEngine.InputSystem.LowLevel.NativeInputRuntime/<>c__DisplayClass7_0:<set_onUpdate>b__0 (UnityEngineInternal.Input.NativeInputUpdateType,UnityEngineInternal.Input.NativeInputEventBuffer*)
UnityEngineInternal.Input.NativeInputSystem:NotifyUpdate (UnityEngineInternal.Input.NativeInputUpdateType,intptr) (at /Users/bokken/build/output/unity/unity/Modules/Input/Private/Input.cs:132)

[FreezeDetect] Frame gap frame=7652 Gap=179.5ms GC=0/0/0 LastSteps=RoadBuild=0.0ms, BuildingPlacement=0.1ms, Selection=160.3ms, DayNight=0.0ms, CitizenPopulation=0.0ms, MainMenu=1.0ms
[SupportJourneyTouch] phase=Ended point=(919.50, 558.80) hit=
UnityEngine.Debug:Log (object)
Game.Editor.SupportSmokeJourneyProbe:TouchEvidence (Game.UI.Runtime.AriaTouchInputUiSystemHelper,string,UnityEngine.Vector2) (at Assets/Game/Scripts/Editor/SupportSmokeJourneyProbe.cs:290)
Game.UI.Runtime.AriaTouchInputUiSystemHelper:OnInputEvent (UnityEngine.InputSystem.LowLevel.InputEventPtr,UnityEngine.InputSystem.InputDevice) (at Assets/Game/Scripts/UI/Screens/AriaTouchInputUiSystemHelper.cs:162)
UnityEngine.InputSystem.LowLevel.NativeInputRuntime/<>c__DisplayClass7_0:<set_onUpdate>b__0 (UnityEngineInternal.Input.NativeInputUpdateType,UnityEngineInternal.Input.NativeInputEventBuffer*)
UnityEngineInternal.Input.NativeInputSystem:NotifyUpdate (UnityEngineInternal.Input.NativeInputUpdateType,intptr) (at /Users/bokken/build/output/unity/unity/Modules/Input/Private/Input.cs:132)

[FreezeDetect] Update hitch frame=7653 Selection=157.1ms, GC=0/0/0, Total=158.6ms
[SupportJourneyTouch] phase=Began point=(919.50, 558.80) hit=
UnityEngine.Debug:Log (object)
Game.Editor.SupportSmokeJourneyProbe:TouchEvidence (Game.UI.Runtime.AriaTouchInputUiSystemHelper,string,UnityEngine.Vector2) (at Assets/Game/Scripts/Editor/SupportSmokeJourneyProbe.cs:290)
Game.UI.Runtime.AriaTouchInputUiSystemHelper:OnInputEvent (UnityEngine.InputSystem.LowLevel.InputEventPtr,UnityEngine.InputSystem.InputDevice) (at Assets/Game/Scripts/UI/Screens/AriaTouchInputUiSystemHelper.cs:162)
UnityEngine.InputSystem.LowLevel.NativeInputRuntime/<>c__DisplayClass7_0:<set_onUpdate>b__0 (UnityEngineInternal.Input.NativeInputUpdateType,UnityEngineInternal.Input.NativeInputEventBuffer*)
UnityEngineInternal.Input.NativeInputSystem:NotifyUpdate (UnityEngineInternal.Input.NativeInputUpdateType,intptr) (at /Users/bokken/build/output/unity/unity/Modules/Input/Private/Input.cs:132)

[FreezeDetect] Frame gap frame=7654 Gap=178.1ms GC=0/0/0 LastSteps=RoadBuild=0.0ms, BuildingPlacement=0.1ms, Selection=157.1ms, DayNight=0.0ms, CitizenPopulation=0.0ms, MainMenu=1.5ms
[SupportJourneyTouch] phase=Ended point=(919.50, 558.80) hit=
UnityEngine.Debug:Log (object)
Game.Editor.SupportSmokeJourneyProbe:TouchEvidence (Game.UI.Runtime.AriaTouchInputUiSystemHelper,string,UnityEngine.Vector2) (at Assets/Game/Scripts/Editor/SupportSmokeJourneyProbe.cs:290)
Game.UI.Runtime.AriaTouchInputUiSystemHelper:OnInputEvent (UnityEngine.InputSystem.LowLevel.InputEventPtr,UnityEngine.InputSystem.InputDevice) (at Assets/Game/Scripts/UI/Screens/AriaTouchInputUiSystemHelper.cs:162)
UnityEngine.InputSystem.LowLevel.NativeInputRuntime/<>c__DisplayClass7_0:<set_onUpdate>b__0 (UnityEngineInternal.Input.NativeInputUpdateType,UnityEngineInternal.Input.NativeInputEventBuffer*)
UnityEngineInternal.Input.NativeInputSystem:NotifyUpdate (UnityEngineInternal.Input.NativeInputUpdateType,intptr) (at /Users/bokken/build/output/unity/unity/Modules/Input/Private/Input.cs:132)

[FreezeDetect] Update hitch frame=7655 Selection=154.8ms, GC=0/0/0, Total=155.7ms
[PerfDiag] slowUpdate frame=7655 total=155.7ms gc=0/0/0 cpuFrame=179.5ms cpuMain=168.8ms cpuRender=0.4ms gpu=12.7ms steps=RoadBuild=0.0ms, BuildingPlacement=0.1ms, Selection=154.8ms, DayNight=0.0ms, CitizenPopulation=0.0ms, MainMenu=0.8ms units=4946 models=13 sourceKeys=4946 sourceKeyFallbackVisuals=0 initialSpawnConfigs=2 drawCalls=657 batches=0 setPass=128 tris=1154553 verts=2199075 memory=alloc=9475MB reserved=10324MB mono=3684MB uiToolkit=0 gameplayInitialized=1 playRequested=1 simulationActive=1 focused=1 vSync=0 targetFps=-1 topSystems=disabled markers=disabled
[SupportJourneyTouch] phase=Began point=(919.50, 558.80) hit=
UnityEngine.Debug:Log (object)
Game.Editor.SupportSmokeJourneyProbe:TouchEvidence (Game.UI.Runtime.AriaTouchInputUiSystemHelper,string,UnityEngine.Vector2) (at Assets/Game/Scripts/Editor/SupportSmokeJourneyProbe.cs:290)
Game.UI.Runtime.AriaTouchInputUiSystemHelper:OnInputEvent (UnityEngine.InputSystem.LowLevel.InputEventPtr,UnityEngine.InputSystem.InputDevice) (at Assets/Game/Scripts/UI/Screens/AriaTouchInputUiSystemHelper.cs:162)
UnityEngine.InputSystem.LowLevel.NativeInputRuntime/<>c__DisplayClass7_0:<set_onUpdate>b__0 (UnityEngineInternal.Input.NativeInputUpdateType,UnityEngineInternal.Input.NativeInputEventBuffer*)
UnityEngineInternal.Input.NativeInputSystem:NotifyUpdate (UnityEngineInternal.Input.NativeInputUpdateType,intptr) (at /Users/bokken/build/output/unity/unity/Modules/Input/Private/Input.cs:132)

[FreezeDetect] Frame gap frame=7656 Gap=165.5ms GC=0/0/0 LastSteps=RoadBuild=0.0ms, BuildingPlacement=0.1ms, Selection=154.8ms, DayNight=0.0ms, CitizenPopulation=0.0ms, MainMenu=0.8ms
[SupportJourneyTouch] phase=Ended point=(919.50, 558.80) hit=
UnityEngine.Debug:Log (object)
Game.Editor.SupportSmokeJourneyProbe:TouchEvidence (Game.UI.Runtime.AriaTouchInputUiSystemHelper,string,UnityEngine.Vector2) (at Assets/Game/Scripts/Editor/SupportSmokeJourneyProbe.cs:290)
Game.UI.Runtime.AriaTouchInputUiSystemHelper:OnInputEvent (UnityEngine.InputSystem.LowLevel.InputEventPtr,UnityEngine.InputSystem.InputDevice) (at Assets/Game/Scripts/UI/Screens/AriaTouchInputUiSystemHelper.cs:162)
UnityEngine.InputSystem.LowLevel.NativeInputRuntime/<>c__DisplayClass7_0:<set_onUpdate>b__0 (UnityEngineInternal.Input.NativeInputUpdateType,UnityEngineInternal.Input.NativeInputEventBuffer*)
UnityEngineInternal.Input.NativeInputSystem:NotifyUpdate (UnityEngineInternal.Input.NativeInputUpdateType,intptr) (at /Users/bokken/build/output/unity/unity/Modules/Input/Private/Input.cs:132)

[FreezeDetect] Update hitch frame=7657 Selection=274.0ms, GC=0/0/0, Total=276.2ms
[SupportJourneyTouch] phase=Began point=(919.50, 558.80) hit=
UnityEngine.Debug:Log (object)
Game.Editor.SupportSmokeJourneyProbe:TouchEvidence (Game.UI.Runtime.AriaTouchInputUiSystemHelper,string,UnityEngine.Vector2) (at Assets/Game/Scripts/Editor/SupportSmokeJourneyProbe.cs:290)
Game.UI.Runtime.AriaTouchInputUiSystemHelper:OnInputEvent (UnityEngine.InputSystem.LowLevel.InputEventPtr,UnityEngine.InputSystem.InputDevice) (at Assets/Game/Scripts/UI/Screens/AriaTouchInputUiSystemHelper.cs:162)
UnityEngine.InputSystem.LowLevel.NativeInputRuntime/<>c__DisplayClass7_0:<set_onUpdate>b__0 (UnityEngineInternal.Input.NativeInputUpdateType,UnityEngineInternal.Input.NativeInputEventBuffer*)
UnityEngineInternal.Input.NativeInputSystem:NotifyUpdate (UnityEngineInternal.Input.NativeInputUpdateType,intptr) (at /Users/bokken/build/output/unity/unity/Modules/Input/Private/Input.cs:132)

[FreezeDetect] Frame gap frame=7658 Gap=292.7ms GC=0/0/0 LastSteps=RoadBuild=0.0ms, BuildingPlacement=0.1ms, Selection=274.0ms, DayNight=0.0ms, CitizenPopulation=0.0ms, MainMenu=2.1ms
[SupportJourneyTouch] phase=Ended point=(919.50, 558.80) hit=
UnityEngine.Debug:Log (object)
Game.Editor.SupportSmokeJourneyProbe:TouchEvidence (Game.UI.Runtime.AriaTouchInputUiSystemHelper,string,UnityEngine.Vector2) (at Assets/Game/Scripts/Editor/SupportSmokeJourneyProbe.cs:290)
Game.UI.Runtime.AriaTouchInputUiSystemHelper:OnInputEvent (UnityEngine.InputSystem.LowLevel.InputEventPtr,UnityEngine.InputSystem.InputDevice) (at Assets/Game/Scripts/UI/Screens/AriaTouchInputUiSystemHelper.cs:162)
UnityEngine.InputSystem.LowLevel.NativeInputRuntime/<>c__DisplayClass7_0:<set_onUpdate>b__0 (UnityEngineInternal.Input.NativeInputUpdateType,UnityEngineInternal.Input.NativeInputEventBuffer*)
UnityEngineInternal.Input.NativeInputSystem:NotifyUpdate (UnityEngineInternal.Input.NativeInputUpdateType,intptr) (at /Users/bokken/build/output/unity/unity/Modules/Input/Private/Input.cs:132)

[FreezeDetect] Update hitch frame=7659 Selection=457.9ms, GC=1/1/1, Total=460.6ms
[PerfDiag] slowUpdate frame=7659 total=460.6ms gc=1/1/1 cpuFrame=165.4ms cpuMain=162.2ms cpuRender=0.4ms gpu=9.9ms steps=RoadBuild=0.0ms, BuildingPlacement=0.1ms, Selection=457.9ms, DayNight=0.0ms, CitizenPopulation=0.0ms, MainMenu=2.6ms units=4946 models=13 sourceKeys=4946 sourceKeyFallbackVisuals=0 initialSpawnConfigs=2 drawCalls=655 batches=0 setPass=128 tris=1153977 verts=2198433 memory=alloc=9600MB reserved=10448MB mono=3234MB uiToolkit=0 gameplayInitialized=1 playRequested=1 simulationActive=1 focused=1 vSync=0 targetFps=-1 topSystems=disabled markers=disabled
[SupportJourneyState] stage=3 smokeStage=0 phase=FindSquad outcome=None gestures=85 covered=False damage=0
UnityEngine.Debug:Log (object)
Game.Editor.SupportSmokeJourneyProbe:Tick () (at Assets/Game/Scripts/Editor/SupportSmokeJourneyProbe.cs:102)
UnityEditor.EditorApplication:Internal_CallUpdateFunctions () (at /Users/bokken/build/output/unity/unity/Editor/Mono/EditorApplication.cs:403)

[SupportJourneyTouch] phase=Began point=(919.50, 558.80) hit=
UnityEngine.Debug:Log (object)
Game.Editor.SupportSmokeJourneyProbe:TouchEvidence (Game.UI.Runtime.AriaTouchInputUiSystemHelper,string,UnityEngine.Vector2) (at Assets/Game/Scripts/Editor/SupportSmokeJourneyProbe.cs:290)
Game.UI.Runtime.AriaTouchInputUiSystemHelper:OnInputEvent (UnityEngine.InputSystem.LowLevel.InputEventPtr,UnityEngine.InputSystem.InputDevice) (at Assets/Game/Scripts/UI/Screens/AriaTouchInputUiSystemHelper.cs:162)
UnityEngine.InputSystem.LowLevel.NativeInputRuntime/<>c__DisplayClass7_0:<set_onUpdate>b__0 (UnityEngineInternal.Input.NativeInputUpdateType,UnityEngineInternal.Input.NativeInputEventBuffer*)
UnityEngineInternal.Input.NativeInputSystem:NotifyUpdate (UnityEngineInternal.Input.NativeInputUpdateType,intptr) (at /Users/bokken/build/output/unity/unity/Modules/Input/Private/Input.cs:132)

[FreezeDetect] Frame gap frame=7660 Gap=479.9ms GC=0/0/0 LastSteps=RoadBuild=0.0ms, BuildingPlacement=0.1ms, Selection=457.9ms, DayNight=0.0ms, CitizenPopulation=0.0ms, MainMenu=2.6ms
[SupportJourneyTouch] phase=Ended point=(919.50, 558.80) hit=
UnityEngine.Debug:Log (object)
Game.Editor.SupportSmokeJourneyProbe:TouchEvidence (Game.UI.Runtime.AriaTouchInputUiSystemHelper,string,UnityEngine.Vector2) (at Assets/Game/Scripts/Editor/SupportSmokeJourneyProbe.cs:290)
Game.UI.Runtime.AriaTouchInputUiSystemHelper:OnInputEvent (UnityEngine.InputSystem.LowLevel.InputEventPtr,UnityEngine.InputSystem.InputDevice) (at Assets/Game/Scripts/UI/Screens/AriaTouchInputUiSystemHelper.cs:162)
UnityEngine.InputSystem.LowLevel.NativeInputRuntime/<>c__DisplayClass7_0:<set_onUpdate>b__0 (UnityEngineInternal.Input.NativeInputUpdateType,UnityEngineInternal.Input.NativeInputEventBuffer*)
UnityEngineInternal.Input.NativeInputSystem:NotifyUpdate (UnityEngineInternal.Input.NativeInputUpdateType,intptr) (at /Users/bokken/build/output/unity/unity/Modules/Input/Private/Input.cs:132)

[FreezeDetect] Update hitch frame=7661 Selection=196.8ms, GC=0/0/0, Total=197.8ms
[SupportJourneyTouch] phase=Began point=(919.50, 558.80) hit=
UnityEngine.Debug:Log (object)
Game.Editor.SupportSmokeJourneyProbe:TouchEvidence (Game.UI.Runtime.AriaTouchInputUiSystemHelper,string,UnityEngine.Vector2) (at Assets/Game/Scripts/Editor/SupportSmokeJourneyProbe.cs:290)
Game.UI.Runtime.AriaTouchInputUiSystemHelper:OnInputEvent (UnityEngine.InputSystem.LowLevel.InputEventPtr,UnityEngine.InputSystem.InputDevice) (at Assets/Game/Scripts/UI/Screens/AriaTouchInputUiSystemHelper.cs:162)
UnityEngine.InputSystem.LowLevel.NativeInputRuntime/<>c__DisplayClass7_0:<set_onUpdate>b__0 (UnityEngineInternal.Input.NativeInputUpdateType,UnityEngineInternal.Input.NativeInputEventBuffer*)
UnityEngineInternal.Input.NativeInputSystem:NotifyUpdate (UnityEngineInternal.Input.NativeInputUpdateType,intptr) (at /Users/bokken/build/output/unity/unity/Modules/Input/Private/Input.cs:132)

[FreezeDetect] Frame gap frame=7662 Gap=209.4ms GC=0/0/0 LastSteps=RoadBuild=0.0ms, BuildingPlacement=0.1ms, Selection=196.8ms, DayNight=0.0ms, CitizenPopulation=0.0ms, MainMenu=0.9ms
[SupportJourneyTouch] phase=Ended point=(919.50, 558.80) hit=
UnityEngine.Debug:Log (object)
Game.Editor.SupportSmokeJourneyProbe:TouchEvidence (Game.UI.Runtime.AriaTouchInputUiSystemHelper,string,UnityEngine.Vector2) (at Assets/Game/Scripts/Editor/SupportSmokeJourneyProbe.cs:290)
Game.UI.Runtime.AriaTouchInputUiSystemHelper:OnInputEvent (UnityEngine.InputSystem.LowLevel.InputEventPtr,UnityEngine.InputSystem.InputDevice) (at Assets/Game/Scripts/UI/Screens/AriaTouchInputUiSystemHelper.cs:162)
UnityEngine.InputSystem.LowLevel.NativeInputRuntime/<>c__DisplayClass7_0:<set_onUpdate>b__0 (UnityEngineInternal.Input.NativeInputUpdateType,UnityEngineInternal.Input.NativeInputEventBuffer*)
UnityEngineInternal.Input.NativeInputSystem:NotifyUpdate (UnityEngineInternal.Input.NativeInputUpdateType,intptr) (at /Users/bokken/build/output/unity/unity/Modules/Input/Private/Input.cs:132)

[FreezeDetect] Update hitch frame=7663 Selection=182.0ms, GC=0/0/0, Total=183.5ms
[SupportJourneyTouch] phase=Began point=(919.50, 558.80) hit=
UnityEngine.Debug:Log (object)
Game.Editor.SupportSmokeJourneyProbe:TouchEvidence (Game.UI.Runtime.AriaTouchInputUiSystemHelper,string,UnityEngine.Vector2) (at Assets/Game/Scripts/Editor/SupportSmokeJourneyProbe.cs:290)
Game.UI.Runtime.AriaTouchInputUiSystemHelper:OnInputEvent (UnityEngine.InputSystem.LowLevel.InputEventPtr,UnityEngine.InputSystem.InputDevice) (at Assets/Game/Scripts/UI/Screens/AriaTouchInputUiSystemHelper.cs:162)
UnityEngine.InputSystem.LowLevel.NativeInputRuntime/<>c__DisplayClass7_0:<set_onUpdate>b__0 (UnityEngineInternal.Input.NativeInputUpdateType,UnityEngineInternal.Input.NativeInputEventBuffer*)
UnityEngineInternal.Input.NativeInputSystem:NotifyUpdate (UnityEngineInternal.Input.NativeInputUpdateType,intptr) (at /Users/bokken/build/output/unity/unity/Modules/Input/Private/Input.cs:132)

[FreezeDetect] Frame gap frame=7664 Gap=195.1ms GC=0/0/0 LastSteps=RoadBuild=0.0ms, BuildingPlacement=0.1ms, Selection=182.0ms, DayNight=0.0ms, CitizenPopulation=0.0ms, MainMenu=1.4ms
[SupportJourneyTouch] phase=Ended point=(919.50, 558.80) hit=
UnityEngine.Debug:Log (object)
Game.Editor.SupportSmokeJourneyProbe:TouchEvidence (Game.UI.Runtime.AriaTouchInputUiSystemHelper,string,UnityEngine.Vector2) (at Assets/Game/Scripts/Editor/SupportSmokeJourneyProbe.cs:290)
Game.UI.Runtime.AriaTouchInputUiSystemHelper:OnInputEvent (UnityEngine.InputSystem.LowLevel.InputEventPtr,UnityEngine.InputSystem.InputDevice) (at Assets/Game/Scripts/UI/Screens/AriaTouchInputUiSystemHelper.cs:162)
UnityEngine.InputSystem.LowLevel.NativeInputRuntime/<>c__DisplayClass7_0:<set_onUpdate>b__0 (UnityEngineInternal.Input.NativeInputUpdateType,UnityEngineInternal.Input.NativeInputEventBuffer*)
UnityEngineInternal.Input.NativeInputSystem:NotifyUpdate (UnityEngineInternal.Input.NativeInputUpdateType,intptr) (at /Users/bokken/build/output/unity/unity/Modules/Input/Private/Input.cs:132)

[FreezeDetect] Update hitch frame=7665 Selection=176.1ms, GC=0/0/0, Total=177.2ms
[PerfDiag] slowUpdate frame=7665 total=177.2ms gc=0/0/0 cpuFrame=209.2ms cpuMain=205.1ms cpuRender=0.5ms gpu=9.9ms steps=RoadBuild=0.0ms, BuildingPlacement=0.1ms, Selection=176.1ms, DayNight=0.0ms, CitizenPopulation=0.0ms, MainMenu=1.0ms units=4946 models=13 sourceKeys=4946 sourceKeyFallbackVisuals=0 initialSpawnConfigs=2 drawCalls=655 batches=0 setPass=128 tris=1153977 verts=2198433 memory=alloc=9786MB reserved=10632MB mono=3366MB uiToolkit=0 gameplayInitialized=1 playRequested=1 simulationActive=1 focused=1 vSync=0 targetFps=-1 topSystems=disabled markers=disabled
[SupportJourneyTouch] phase=Began point=(919.50, 558.80) hit=
UnityEngine.Debug:Log (object)
Game.Editor.SupportSmokeJourneyProbe:TouchEvidence (Game.UI.Runtime.AriaTouchInputUiSystemHelper,string,UnityEngine.Vector2) (at Assets/Game/Scripts/Editor/SupportSmokeJourneyProbe.cs:290)
Game.UI.Runtime.AriaTouchInputUiSystemHelper:OnInputEvent (UnityEngine.InputSystem.LowLevel.InputEventPtr,UnityEngine.InputSystem.InputDevice) (at Assets/Game/Scripts/UI/Screens/AriaTouchInputUiSystemHelper.cs:162)
UnityEngine.InputSystem.LowLevel.NativeInputRuntime/<>c__DisplayClass7_0:<set_onUpdate>b__0 (UnityEngineInternal.Input.NativeInputUpdateType,UnityEngineInternal.Input.NativeInputEventBuffer*)
UnityEngineInternal.Input.NativeInputSystem:NotifyUpdate (UnityEngineInternal.Input.NativeInputUpdateType,intptr) (at /Users/bokken/build/output/unity/unity/Modules/Input/Private/Input.cs:132)

[FreezeDetect] Frame gap frame=7666 Gap=194.2ms GC=0/0/0 LastSteps=RoadBuild=0.0ms, BuildingPlacement=0.1ms, Selection=176.1ms, DayNight=0.0ms, CitizenPopulation=0.0ms, MainMenu=1.0ms
[SupportJourneyTouch] phase=Ended point=(919.50, 558.80) hit=
UnityEngine.Debug:Log (object)
Game.Editor.SupportSmokeJourneyProbe:TouchEvidence (Game.UI.Runtime.AriaTouchInputUiSystemHelper,string,UnityEngine.Vector2) (at Assets/Game/Scripts/Editor/SupportSmokeJourneyProbe.cs:290)
Game.UI.Runtime.AriaTouchInputUiSystemHelper:OnInputEvent (UnityEngine.InputSystem.LowLevel.InputEventPtr,UnityEngine.InputSystem.InputDevice) (at Assets/Game/Scripts/UI/Screens/AriaTouchInputUiSystemHelper.cs:162)
UnityEngine.InputSystem.LowLevel.NativeInputRuntime/<>c__DisplayClass7_0:<set_onUpdate>b__0 (UnityEngineInternal.Input.NativeInputUpdateType,UnityEngineInternal.Input.NativeInputEventBuffer*)
UnityEngineInternal.Input.NativeInputSystem:NotifyUpdate (UnityEngineInternal.Input.NativeInputUpdateType,intptr) (at /Users/bokken/build/output/unity/unity/Modules/Input/Private/Input.cs:132)

[FreezeDetect] Update hitch frame=7667 Selection=169.4ms, GC=0/0/0, Total=170.3ms
[FrameRateDiag] fps=7.7 avgFrame=130.3ms updateAvg=112.3ms updateMax=460.6ms cpuFrame=195.3ms cpuMain=192.0ms cpuRender=0.5ms gpu=10.1ms drawCalls=637 batches=0 setPass=129 tris=1170980 verts=2228460 units=4946 models=13 sourceKeys=4946 sourceKeyFallbackVisuals=0 initialSpawnConfigs=2 impostors=3 render=screen=1920x1080,batch=0,quality=1:Mobile,vSync=0,targetFps=-1,pipeline=Mobile_RPAsset_MobileCandidate,scale=0.75,msaa=0,camera=Main Camera,cameraData=post:1,aa:FastApproximateAntialiasing,stack:0 memory=alloc=9849MB reserved=10695MB mono=3413MB focused=1 playRequested=1 simulationActive=1 stepStats=none topSystems=disabled markers=disabled
[SupportJourneyTouch] phase=Began point=(919.50, 558.80) hit=
UnityEngine.Debug:Log (object)
Game.Editor.SupportSmokeJourneyProbe:TouchEvidence (Game.UI.Runtime.AriaTouchInputUiSystemHelper,string,UnityEngine.Vector2) (at Assets/Game/Scripts/Editor/SupportSmokeJourneyProbe.cs:290)
Game.UI.Runtime.AriaTouchInputUiSystemHelper:OnInputEvent (UnityEngine.InputSystem.LowLevel.InputEventPtr,UnityEngine.InputSystem.InputDevice) (at Assets/Game/Scripts/UI/Screens/AriaTouchInputUiSystemHelper.cs:162)
UnityEngine.InputSystem.LowLevel.NativeInputRuntime/<>c__DisplayClass7_0:<set_onUpdate>b__0 (UnityEngineInternal.Input.NativeInputUpdateType,UnityEngineInternal.Input.NativeInputEventBuffer*)
UnityEngineInternal.Input.NativeInputSystem:NotifyUpdate (UnityEngineInternal.Input.NativeInputUpdateType,intptr) (at /Users/bokken/build/output/unity/unity/Modules/Input/Private/Input.cs:132)

[FreezeDetect] Frame gap frame=7668 Gap=187.0ms GC=0/0/0 LastSteps=RoadBuild=0.0ms, BuildingPlacement=0.1ms, Selection=169.4ms, DayNight=0.0ms, CitizenPopulation=0.0ms, MainMenu=0.9ms
[SupportJourneyTouch] phase=Ended point=(919.50, 558.80) hit=
UnityEngine.Debug:Log (object)
Game.Editor.SupportSmokeJourneyProbe:TouchEvidence (Game.UI.Runtime.AriaTouchInputUiSystemHelper,string,UnityEngine.Vector2) (at Assets/Game/Scripts/Editor/SupportSmokeJourneyProbe.cs:290)
Game.UI.Runtime.AriaTouchInputUiSystemHelper:OnInputEvent (UnityEngine.InputSystem.LowLevel.InputEventPtr,UnityEngine.InputSystem.InputDevice) (at Assets/Game/Scripts/UI/Screens/AriaTouchInputUiSystemHelper.cs:162)
UnityEngine.InputSystem.LowLevel.NativeInputRuntime/<>c__DisplayClass7_0:<set_onUpdate>b__0 (UnityEngineInternal.Input.NativeInputUpdateType,UnityEngineInternal.Input.NativeInputEventBuffer*)
UnityEngineInternal.Input.NativeInputSystem:NotifyUpdate (UnityEngineInternal.Input.NativeInputUpdateType,intptr) (at /Users/bokken/build/output/unity/unity/Modules/Input/Private/Input.cs:132)

[FreezeDetect] Update hitch frame=7669 Selection=165.5ms, GC=0/0/0, Total=166.5ms
[SupportJourneyTouch] phase=Began point=(919.50, 558.80) hit=
UnityEngine.Debug:Log (object)
Game.Editor.SupportSmokeJourneyProbe:TouchEvidence (Game.UI.Runtime.AriaTouchInputUiSystemHelper,string,UnityEngine.Vector2) (at Assets/Game/Scripts/Editor/SupportSmokeJourneyProbe.cs:290)
Game.UI.Runtime.AriaTouchInputUiSystemHelper:OnInputEvent (UnityEngine.InputSystem.LowLevel.InputEventPtr,UnityEngine.InputSystem.InputDevice) (at Assets/Game/Scripts/UI/Screens/AriaTouchInputUiSystemHelper.cs:162)
UnityEngine.InputSystem.LowLevel.NativeInputRuntime/<>c__DisplayClass7_0:<set_onUpdate>b__0 (UnityEngineInternal.Input.NativeInputUpdateType,UnityEngineInternal.Input.NativeInputEventBuffer*)
UnityEngineInternal.Input.NativeInputSystem:NotifyUpdate (UnityEngineInternal.Input.NativeInputUpdateType,intptr) (at /Users/bokken/build/output/unity/unity/Modules/Input/Private/Input.cs:132)

[FreezeDetect] Frame gap frame=7670 Gap=179.8ms GC=0/0/0 LastSteps=RoadBuild=0.0ms, BuildingPlacement=0.1ms, Selection=165.5ms, DayNight=0.0ms, CitizenPopulation=0.0ms, MainMenu=0.9ms
[SupportJourneyTouch] phase=Ended point=(919.50, 558.80) hit=
UnityEngine.Debug:Log (object)
Game.Editor.SupportSmokeJourneyProbe:TouchEvidence (Game.UI.Runtime.AriaTouchInputUiSystemHelper,string,UnityEngine.Vector2) (at Assets/Game/Scripts/Editor/SupportSmokeJourneyProbe.cs:290)
Game.UI.Runtime.AriaTouchInputUiSystemHelper:OnInputEvent (UnityEngine.InputSystem.LowLevel.InputEventPtr,UnityEngine.InputSystem.InputDevice) (at Assets/Game/Scripts/UI/Screens/AriaTouchInputUiSystemHelper.cs:162)
UnityEngine.InputSystem.LowLevel.NativeInputRuntime/<>c__DisplayClass7_0:<set_onUpdate>b__0 (UnityEngineInternal.Input.NativeInputUpdateType,UnityEngineInternal.Input.NativeInputEventBuffer*)
UnityEngineInternal.Input.NativeInputSystem:NotifyUpdate (UnityEngineInternal.Input.NativeInputUpdateType,intptr) (at /Users/bokken/build/output/unity/unity/Modules/Input/Private/Input.cs:132)

[FreezeDetect] Update hitch frame=7671 Selection=188.1ms, GC=0/0/0, Total=189.4ms
[PerfDiag] slowUpdate frame=7671 total=189.4ms gc=0/0/0 cpuFrame=186.9ms cpuMain=178.0ms cpuRender=0.5ms gpu=9.9ms steps=RoadBuild=0.0ms, BuildingPlacement=0.1ms, Selection=188.1ms, DayNight=0.0ms, CitizenPopulation=0.0ms, MainMenu=1.2ms units=4946 models=13 sourceKeys=4946 sourceKeyFallbackVisuals=0 initialSpawnConfigs=2 drawCalls=642 batches=0 setPass=128 tris=1209604 verts=2295040 memory=alloc=9973MB reserved=10818MB mono=3508MB uiToolkit=0 gameplayInitialized=1 playRequested=1 simulationActive=1 focused=1 vSync=0 targetFps=-1 topSystems=disabled markers=disabled
[SupportJourneyTouch] phase=Began point=(919.50, 558.80) hit=
UnityEngine.Debug:Log (object)
Game.Editor.SupportSmokeJourneyProbe:TouchEvidence (Game.UI.Runtime.AriaTouchInputUiSystemHelper,string,UnityEngine.Vector2) (at Assets/Game/Scripts/Editor/SupportSmokeJourneyProbe.cs:290)
Game.UI.Runtime.AriaTouchInputUiSystemHelper:OnInputEvent (UnityEngine.InputSystem.LowLevel.InputEventPtr,UnityEngine.InputSystem.InputDevice) (at Assets/Game/Scripts/UI/Screens/AriaTouchInputUiSystemHelper.cs:162)
UnityEngine.InputSystem.LowLevel.NativeInputRuntime/<>c__DisplayClass7_0:<set_onUpdate>b__0 (UnityEngineInternal.Input.NativeInputUpdateType,UnityEngineInternal.Input.NativeInputEventBuffer*)
UnityEngineInternal.Input.NativeInputSystem:NotifyUpdate (UnityEngineInternal.Input.NativeInputUpdateType,intptr) (at /Users/bokken/build/output/unity/unity/Modules/Input/Private/Input.cs:132)

[FreezeDetect] Frame gap frame=7672 Gap=261.2ms GC=0/0/0 LastSteps=RoadBuild=0.0ms, BuildingPlacement=0.1ms, Selection=188.1ms, DayNight=0.0ms, CitizenPopulation=0.0ms, MainMenu=1.2ms
[SupportJourneyTouch] phase=Ended point=(919.50, 558.80) hit=
UnityEngine.Debug:Log (object)
Game.Editor.SupportSmokeJourneyProbe:TouchEvidence (Game.UI.Runtime.AriaTouchInputUiSystemHelper,string,UnityEngine.Vector2) (at Assets/Game/Scripts/Editor/SupportSmokeJourneyProbe.cs:290)
Game.UI.Runtime.AriaTouchInputUiSystemHelper:OnInputEvent (UnityEngine.InputSystem.LowLevel.InputEventPtr,UnityEngine.InputSystem.InputDevice) (at Assets/Game/Scripts/UI/Screens/AriaTouchInputUiSystemHelper.cs:162)
UnityEngine.InputSystem.LowLevel.NativeInputRuntime/<>c__DisplayClass7_0:<set_onUpdate>b__0 (UnityEngineInternal.Input.NativeInputUpdateType,UnityEngineInternal.Input.NativeInputEventBuffer*)
UnityEngineInternal.Input.NativeInputSystem:NotifyUpdate (UnityEngineInternal.Input.NativeInputUpdateType,intptr) (at /Users/bokken/build/output/unity/unity/Modules/Input/Private/Input.cs:132)

[FreezeDetect] Update hitch frame=7673 Selection=254.9ms, GC=0/0/0, Total=256.2ms
[SupportJourneyTouch] phase=Began point=(919.50, 558.80) hit=
UnityEngine.Debug:Log (object)
Game.Editor.SupportSmokeJourneyProbe:TouchEvidence (Game.UI.Runtime.AriaTouchInputUiSystemHelper,string,UnityEngine.Vector2) (at Assets/Game/Scripts/Editor/SupportSmokeJourneyProbe.cs:290)
Game.UI.Runtime.AriaTouchInputUiSystemHelper:OnInputEvent (UnityEngine.InputSystem.LowLevel.InputEventPtr,UnityEngine.InputSystem.InputDevice) (at Assets/Game/Scripts/UI/Screens/AriaTouchInputUiSystemHelper.cs:162)
UnityEngine.InputSystem.LowLevel.NativeInputRuntime/<>c__DisplayClass7_0:<set_onUpdate>b__0 (UnityEngineInternal.Input.NativeInputUpdateType,UnityEngineInternal.Input.NativeInputEventBuffer*)
UnityEngineInternal.Input.NativeInputSystem:NotifyUpdate (UnityEngineInternal.Input.NativeInputUpdateType,intptr) (at /Users/bokken/build/output/unity/unity/Modules/Input/Private/Input.cs:132)

[FreezeDetect] Frame gap frame=7674 Gap=269.5ms GC=0/0/0 LastSteps=RoadBuild=0.0ms, BuildingPlacement=0.1ms, Selection=254.9ms, DayNight=0.0ms, CitizenPopulation=0.0ms, MainMenu=1.1ms
[SupportJourneyTouch] phase=Ended point=(919.50, 558.80) hit=
UnityEngine.Debug:Log (object)
Game.Editor.SupportSmokeJourneyProbe:TouchEvidence (Game.UI.Runtime.AriaTouchInputUiSystemHelper,string,UnityEngine.Vector2) (at Assets/Game/Scripts/Editor/SupportSmokeJourneyProbe.cs:290)
Game.UI.Runtime.AriaTouchInputUiSystemHelper:OnInputEvent (UnityEngine.InputSystem.LowLevel.InputEventPtr,UnityEngine.InputSystem.InputDevice) (at Assets/Game/Scripts/UI/Screens/AriaTouchInputUiSystemHelper.cs:162)
UnityEngine.InputSystem.LowLevel.NativeInputRuntime/<>c__DisplayClass7_0:<set_onUpdate>b__0 (UnityEngineInternal.Input.NativeInputUpdateType,UnityEngineInternal.Input.NativeInputEventBuffer*)
UnityEngineInternal.Input.NativeInputSystem:NotifyUpdate (UnityEngineInternal.Input.NativeInputUpdateType,intptr) (at /Users/bokken/build/output/unity/unity/Modules/Input/Private/Input.cs:132)

[FreezeDetect] Update hitch frame=7675 Selection=259.3ms, GC=0/0/0, Total=260.7ms
[PerfDiag] slowUpdate frame=7675 total=260.7ms gc=0/0/0 cpuFrame=261.0ms cpuMain=236.2ms cpuRender=0.5ms gpu=1.1ms steps=RoadBuild=0.0ms, BuildingPlacement=0.1ms, Selection=259.3ms, DayNight=0.0ms, CitizenPopulation=0.0ms, MainMenu=1.2ms units=4946 models=13 sourceKeys=4946 sourceKeyFallbackVisuals=0 initialSpawnConfigs=2 drawCalls=598 batches=0 setPass=128 tris=1160426 verts=2194863 memory=alloc=10158MB reserved=11002MB mono=3650MB uiToolkit=0 gameplayInitialized=1 playRequested=1 simulationActive=1 focused=1 vSync=0 targetFps=-1 topSystems=disabled markers=disabled
[SupportJourneyTouch] phase=Began point=(919.50, 558.80) hit=
UnityEngine.Debug:Log (object)
Game.Editor.SupportSmokeJourneyProbe:TouchEvidence (Game.UI.Runtime.AriaTouchInputUiSystemHelper,string,UnityEngine.Vector2) (at Assets/Game/Scripts/Editor/SupportSmokeJourneyProbe.cs:290)
Game.UI.Runtime.AriaTouchInputUiSystemHelper:OnInputEvent (UnityEngine.InputSystem.LowLevel.InputEventPtr,UnityEngine.InputSystem.InputDevice) (at Assets/Game/Scripts/UI/Screens/AriaTouchInputUiSystemHelper.cs:162)
UnityEngine.InputSystem.LowLevel.NativeInputRuntime/<>c__DisplayClass7_0:<set_onUpdate>b__0 (UnityEngineInternal.Input.NativeInputUpdateType,UnityEngineInternal.Input.NativeInputEventBuffer*)
UnityEngineInternal.Input.NativeInputSystem:NotifyUpdate (UnityEngineInternal.Input.NativeInputUpdateType,intptr) (at /Users/bokken/build/output/unity/unity/Modules/Input/Private/Input.cs:132)

[FreezeDetect] Frame gap frame=7676 Gap=275.4ms GC=0/0/0 LastSteps=RoadBuild=0.0ms, BuildingPlacement=0.1ms, Selection=259.3ms, DayNight=0.0ms, CitizenPopulation=0.0ms, MainMenu=1.2ms
[SupportJourneyTouch] phase=Ended point=(919.50, 558.80) hit=
UnityEngine.Debug:Log (object)
Game.Editor.SupportSmokeJourneyProbe:TouchEvidence (Game.UI.Runtime.AriaTouchInputUiSystemHelper,string,UnityEngine.Vector2) (at Assets/Game/Scripts/Editor/SupportSmokeJourneyProbe.cs:290)
Game.UI.Runtime.AriaTouchInputUiSystemHelper:OnInputEvent (UnityEngine.InputSystem.LowLevel.InputEventPtr,UnityEngine.InputSystem.InputDevice) (at Assets/Game/Scripts/UI/Screens/AriaTouchInputUiSystemHelper.cs:162)
UnityEngine.InputSystem.LowLevel.NativeInputRuntime/<>c__DisplayClass7_0:<set_onUpdate>b__0 (UnityEngineInternal.Input.NativeInputUpdateType,UnityEngineInternal.Input.NativeInputEventBuffer*)
UnityEngineInternal.Input.NativeInputSystem:NotifyUpdate (UnityEngineInternal.Input.NativeInputUpdateType,intptr) (at /Users/bokken/build/output/unity/unity/Modules/Input/Private/Input.cs:132)

[FreezeDetect] Update hitch frame=7677 Selection=188.7ms, GC=0/0/0, Total=190.6ms
[SupportJourneyTouch] phase=Began point=(919.50, 558.80) hit=
UnityEngine.Debug:Log (object)
Game.Editor.SupportSmokeJourneyProbe:TouchEvidence (Game.UI.Runtime.AriaTouchInputUiSystemHelper,string,UnityEngine.Vector2) (at Assets/Game/Scripts/Editor/SupportSmokeJourneyProbe.cs:290)
Game.UI.Runtime.AriaTouchInputUiSystemHelper:OnInputEvent (UnityEngine.InputSystem.LowLevel.InputEventPtr,UnityEngine.InputSystem.InputDevice) (at Assets/Game/Scripts/UI/Screens/AriaTouchInputUiSystemHelper.cs:162)
UnityEngine.InputSystem.LowLevel.NativeInputRuntime/<>c__DisplayClass7_0:<set_onUpdate>b__0 (UnityEngineInternal.Input.NativeInputUpdateType,UnityEngineInternal.Input.NativeInputEventBuffer*)
UnityEngineInternal.Input.NativeInputSystem:NotifyUpdate (UnityEngineInternal.Input.NativeInputUpdateType,intptr) (at /Users/bokken/build/output/unity/unity/Modules/Input/Private/Input.cs:132)

[FreezeDetect] Frame gap frame=7678 Gap=205.9ms GC=0/0/0 LastSteps=RoadBuild=0.0ms, BuildingPlacement=0.1ms, Selection=188.7ms, DayNight=0.0ms, CitizenPopulation=0.0ms, MainMenu=1.7ms
[SupportJourneyTouch] phase=Ended point=(919.50, 558.80) hit=
UnityEngine.Debug:Log (object)
Game.Editor.SupportSmokeJourneyProbe:TouchEvidence (Game.UI.Runtime.AriaTouchInputUiSystemHelper,string,UnityEngine.Vector2) (at Assets/Game/Scripts/Editor/SupportSmokeJourneyProbe.cs:290)
Game.UI.Runtime.AriaTouchInputUiSystemHelper:OnInputEvent (UnityEngine.InputSystem.LowLevel.InputEventPtr,UnityEngine.InputSystem.InputDevice) (at Assets/Game/Scripts/UI/Screens/AriaTouchInputUiSystemHelper.cs:162)
UnityEngine.InputSystem.LowLevel.NativeInputRuntime/<>c__DisplayClass7_0:<set_onUpdate>b__0 (UnityEngineInternal.Input.NativeInputUpdateType,UnityEngineInternal.Input.NativeInputEventBuffer*)
UnityEngineInternal.Input.NativeInputSystem:NotifyUpdate (UnityEngineInternal.Input.NativeInputUpdateType,intptr) (at /Users/bokken/build/output/unity/unity/Modules/Input/Private/Input.cs:132)

[FreezeDetect] Update hitch frame=7679 Selection=194.9ms, GC=0/0/0, Total=195.9ms
[SupportJourneyTouch] phase=Began point=(919.50, 558.80) hit=
UnityEngine.Debug:Log (object)
Game.Editor.SupportSmokeJourneyProbe:TouchEvidence (Game.UI.Runtime.AriaTouchInputUiSystemHelper,string,UnityEngine.Vector2) (at Assets/Game/Scripts/Editor/SupportSmokeJourneyProbe.cs:290)
Game.UI.Runtime.AriaTouchInputUiSystemHelper:OnInputEvent (UnityEngine.InputSystem.LowLevel.InputEventPtr,UnityEngine.InputSystem.InputDevice) (at Assets/Game/Scripts/UI/Screens/AriaTouchInputUiSystemHelper.cs:162)
UnityEngine.InputSystem.LowLevel.NativeInputRuntime/<>c__DisplayClass7_0:<set_onUpdate>b__0 (UnityEngineInternal.Input.NativeInputUpdateType,UnityEngineInternal.Input.NativeInputEventBuffer*)
UnityEngineInternal.Input.NativeInputSystem:NotifyUpdate (UnityEngineInternal.Input.NativeInputUpdateType,intptr) (at /Users/bokken/build/output/unity/unity/Modules/Input/Private/Input.cs:132)

[FreezeDetect] Frame gap frame=7680 Gap=208.6ms GC=0/0/0 LastSteps=RoadBuild=0.0ms, BuildingPlacement=0.1ms, Selection=194.9ms, DayNight=0.0ms, CitizenPopulation=0.0ms, MainMenu=1.0ms
[SupportJourneyTouch] phase=Ended point=(919.50, 558.80) hit=
UnityEngine.Debug:Log (object)
Game.Editor.SupportSmokeJourneyProbe:TouchEvidence (Game.UI.Runtime.AriaTouchInputUiSystemHelper,string,UnityEngine.Vector2) (at Assets/Game/Scripts/Editor/SupportSmokeJourneyProbe.cs:290)
Game.UI.Runtime.AriaTouchInputUiSystemHelper:OnInputEvent (UnityEngine.InputSystem.LowLevel.InputEventPtr,UnityEngine.InputSystem.InputDevice) (at Assets/Game/Scripts/UI/Screens/AriaTouchInputUiSystemHelper.cs:162)
UnityEngine.InputSystem.LowLevel.NativeInputRuntime/<>c__DisplayClass7_0:<set_onUpdate>b__0 (UnityEngineInternal.Input.NativeInputUpdateType,UnityEngineInternal.Input.NativeInputEventBuffer*)
UnityEngineInternal.Input.NativeInputSystem:NotifyUpdate (UnityEngineInternal.Input.NativeInputUpdateType,intptr) (at /Users/bokken/build/output/unity/unity/Modules/Input/Private/Input.cs:132)

[FreezeDetect] Update hitch frame=7681 Selection=569.4ms, GC=1/1/1, Total=571.5ms
[PerfDiag] slowUpdate frame=7681 total=571.5ms gc=1/1/1 cpuFrame=205.6ms cpuMain=199.8ms cpuRender=0.6ms gpu=9.8ms steps=RoadBuild=0.0ms, BuildingPlacement=0.1ms, Selection=569.4ms, DayNight=0.0ms, CitizenPopulation=0.0ms, MainMenu=2.0ms units=4946 models=13 sourceKeys=4946 sourceKeyFallbackVisuals=0 initialSpawnConfigs=2 drawCalls=643 batches=0 setPass=132 tris=1168627 verts=2180976 memory=alloc=10375MB reserved=11217MB mono=3260MB uiToolkit=0 gameplayInitialized=1 playRequested=1 simulationActive=1 focused=1 vSync=0 targetFps=-1 topSystems=disabled markers=disabled
[FrameRateDiag] fps=7.9 avgFrame=126.4ms updateAvg=132.0ms updateMax=571.5ms cpuFrame=205.6ms cpuMain=199.8ms cpuRender=0.6ms gpu=9.8ms drawCalls=643 batches=0 setPass=132 tris=1168627 verts=2180976 units=4946 models=13 sourceKeys=4946 sourceKeyFallbackVisuals=0 initialSpawnConfigs=2 impostors=3 render=screen=1920x1080,batch=0,quality=1:Mobile,vSync=0,targetFps=-1,pipeline=Mobile_RPAsset_MobileCandidate,scale=0.75,msaa=0,camera=Main Camera,cameraData=post:1,aa:FastApproximateAntialiasing,stack:0 memory=alloc=10375MB reserved=11217MB mono=3260MB focused=1 playRequested=1 simulationActive=1 stepStats=none topSystems=disabled markers=disabled
[SupportJourneyTouch] phase=Began point=(919.50, 558.80) hit=
UnityEngine.Debug:Log (object)
Game.Editor.SupportSmokeJourneyProbe:TouchEvidence (Game.UI.Runtime.AriaTouchInputUiSystemHelper,string,UnityEngine.Vector2) (at Assets/Game/Scripts/Editor/SupportSmokeJourneyProbe.cs:290)
Game.UI.Runtime.AriaTouchInputUiSystemHelper:OnInputEvent (UnityEngine.InputSystem.LowLevel.InputEventPtr,UnityEngine.InputSystem.InputDevice) (at Assets/Game/Scripts/UI/Screens/AriaTouchInputUiSystemHelper.cs:162)
UnityEngine.InputSystem.LowLevel.NativeInputRuntime/<>c__DisplayClass7_0:<set_onUpdate>b__0 (UnityEngineInternal.Input.NativeInputUpdateType,UnityEngineInternal.Input.NativeInputEventBuffer*)
UnityEngineInternal.Input.NativeInputSystem:NotifyUpdate (UnityEngineInternal.Input.NativeInputUpdateType,intptr) (at /Users/bokken/build/output/unity/unity/Modules/Input/Private/Input.cs:132)

[FreezeDetect] Frame gap frame=7682 Gap=608.3ms GC=0/0/0 LastSteps=RoadBuild=0.0ms, BuildingPlacement=0.1ms, Selection=569.4ms, DayNight=0.0ms, CitizenPopulation=0.0ms, MainMenu=2.0ms
[SupportJourneyTouch] phase=Ended point=(919.50, 558.80) hit=
UnityEngine.Debug:Log (object)
Game.Editor.SupportSmokeJourneyProbe:TouchEvidence (Game.UI.Runtime.AriaTouchInputUiSystemHelper,string,UnityEngine.Vector2) (at Assets/Game/Scripts/Editor/SupportSmokeJourneyProbe.cs:290)
Game.UI.Runtime.AriaTouchInputUiSystemHelper:OnInputEvent (UnityEngine.InputSystem.LowLevel.InputEventPtr,UnityEngine.InputSystem.InputDevice) (at Assets/Game/Scripts/UI/Screens/AriaTouchInputUiSystemHelper.cs:162)
UnityEngine.InputSystem.LowLevel.NativeInputRuntime/<>c__DisplayClass7_0:<set_onUpdate>b__0 (UnityEngineInternal.Input.NativeInputUpdateType,UnityEngineInternal.Input.NativeInputEventBuffer*)
UnityEngineInternal.Input.NativeInputSystem:NotifyUpdate (UnityEngineInternal.Input.NativeInputUpdateType,intptr) (at /Users/bokken/build/output/unity/unity/Modules/Input/Private/Input.cs:132)

[FreezeDetect] Update hitch frame=7683 Selection=252.7ms, GC=0/0/0, Total=254.1ms
[SupportJourneyTouch] phase=Began point=(919.50, 558.80) hit=
UnityEngine.Debug:Log (object)
Game.Editor.SupportSmokeJourneyProbe:TouchEvidence (Game.UI.Runtime.AriaTouchInputUiSystemHelper,string,UnityEngine.Vector2) (at Assets/Game/Scripts/Editor/SupportSmokeJourneyProbe.cs:290)
Game.UI.Runtime.AriaTouchInputUiSystemHelper:OnInputEvent (UnityEngine.InputSystem.LowLevel.InputEventPtr,UnityEngine.InputSystem.InputDevice) (at Assets/Game/Scripts/UI/Screens/AriaTouchInputUiSystemHelper.cs:162)
UnityEngine.InputSystem.LowLevel.NativeInputRuntime/<>c__DisplayClass7_0:<set_onUpdate>b__0 (UnityEngineInternal.Input.NativeInputUpdateType,UnityEngineInternal.Input.NativeInputEventBuffer*)
UnityEngineInternal.Input.NativeInputSystem:NotifyUpdate (UnityEngineInternal.Input.NativeInputUpdateType,intptr) (at /Users/bokken/build/output/unity/unity/Modules/Input/Private/Input.cs:132)

[FreezeDetect] Frame gap frame=7684 Gap=268.0ms GC=0/0/0 LastSteps=RoadBuild=0.0ms, BuildingPlacement=0.1ms, Selection=252.7ms, DayNight=0.0ms, CitizenPopulation=0.0ms, MainMenu=1.3ms
[SupportJourneyTouch] phase=Ended point=(919.50, 558.80) hit=
UnityEngine.Debug:Log (object)
Game.Editor.SupportSmokeJourneyProbe:TouchEvidence (Game.UI.Runtime.AriaTouchInputUiSystemHelper,string,UnityEngine.Vector2) (at Assets/Game/Scripts/Editor/SupportSmokeJourneyProbe.cs:290)
Game.UI.Runtime.AriaTouchInputUiSystemHelper:OnInputEvent (UnityEngine.InputSystem.LowLevel.InputEventPtr,UnityEngine.InputSystem.InputDevice) (at Assets/Game/Scripts/UI/Screens/AriaTouchInputUiSystemHelper.cs:162)
UnityEngine.InputSystem.LowLevel.NativeInputRuntime/<>c__DisplayClass7_0:<set_onUpdate>b__0 (UnityEngineInternal.Input.NativeInputUpdateType,UnityEngineInternal.Input.NativeInputEventBuffer*)
UnityEngineInternal.Input.NativeInputSystem:NotifyUpdate (UnityEngineInternal.Input.NativeInputUpdateType,intptr) (at /Users/bokken/build/output/unity/unity/Modules/Input/Private/Input.cs:132)

[FreezeDetect] Update hitch frame=7685 Selection=175.2ms, GC=0/0/0, Total=177.4ms
[PerfDiag] slowUpdate frame=7685 total=177.4ms gc=0/0/0 cpuFrame=607.6ms cpuMain=586.4ms cpuRender=0.7ms gpu=0.4ms steps=RoadBuild=0.0ms, BuildingPlacement=0.1ms, Selection=175.2ms, DayNight=0.0ms, CitizenPopulation=0.0ms, MainMenu=2.1ms units=4946 models=13 sourceKeys=4946 sourceKeyFallbackVisuals=0 initialSpawnConfigs=2 drawCalls=707 batches=0 setPass=132 tris=1352252 verts=2536599 memory=alloc=10528MB reserved=11369MB mono=3366MB uiToolkit=0 gameplayInitialized=1 playRequested=1 simulationActive=1 focused=1 vSync=0 targetFps=-1 topSystems=disabled markers=disabled
[SupportJourneyTouch] phase=Began point=(1604.28, 555.24) hit=
UnityEngine.Debug:Log (object)
Game.Editor.SupportSmokeJourneyProbe:TouchEvidence (Game.UI.Runtime.AriaTouchInputUiSystemHelper,string,UnityEngine.Vector2) (at Assets/Game/Scripts/Editor/SupportSmokeJourneyProbe.cs:290)
Game.UI.Runtime.AriaTouchInputUiSystemHelper:OnInputEvent (UnityEngine.InputSystem.LowLevel.InputEventPtr,UnityEngine.InputSystem.InputDevice) (at Assets/Game/Scripts/UI/Screens/AriaTouchInputUiSystemHelper.cs:162)
UnityEngine.InputSystem.LowLevel.NativeInputRuntime/<>c__DisplayClass7_0:<set_onUpdate>b__0 (UnityEngineInternal.Input.NativeInputUpdateType,UnityEngineInternal.Input.NativeInputEventBuffer*)
UnityEngineInternal.Input.NativeInputSystem:NotifyUpdate (UnityEngineInternal.Input.NativeInputUpdateType,intptr) (at /Users/bokken/build/output/unity/unity/Modules/Input/Private/Input.cs:132)

[FreezeDetect] Frame gap frame=7686 Gap=200.1ms GC=0/0/0 LastSteps=RoadBuild=0.0ms, BuildingPlacement=0.1ms, Selection=175.2ms, DayNight=0.0ms, CitizenPopulation=0.0ms, MainMenu=2.1ms
[SupportJourneyTouch] phase=Ended point=(1604.28, 555.24) hit=
UnityEngine.Debug:Log (object)
Game.Editor.SupportSmokeJourneyProbe:TouchEvidence (Game.UI.Runtime.AriaTouchInputUiSystemHelper,string,UnityEngine.Vector2) (at Assets/Game/Scripts/Editor/SupportSmokeJourneyProbe.cs:290)
Game.UI.Runtime.AriaTouchInputUiSystemHelper:OnInputEvent (UnityEngine.InputSystem.LowLevel.InputEventPtr,UnityEngine.InputSystem.InputDevice) (at Assets/Game/Scripts/UI/Screens/AriaTouchInputUiSystemHelper.cs:162)
UnityEngine.InputSystem.LowLevel.NativeInputRuntime/<>c__DisplayClass7_0:<set_onUpdate>b__0 (UnityEngineInternal.Input.NativeInputUpdateType,UnityEngineInternal.Input.NativeInputEventBuffer*)
UnityEngineInternal.Input.NativeInputSystem:NotifyUpdate (UnityEngineInternal.Input.NativeInputUpdateType,intptr) (at /Users/bokken/build/output/unity/unity/Modules/Input/Private/Input.cs:132)

[SupportJourneyTouch] phase=Began point=(1499.20, 557.16) hit=
UnityEngine.Debug:Log (object)
Game.Editor.SupportSmokeJourneyProbe:TouchEvidence (Game.UI.Runtime.AriaTouchInputUiSystemHelper,string,UnityEngine.Vector2) (at Assets/Game/Scripts/Editor/SupportSmokeJourneyProbe.cs:290)
Game.UI.Runtime.AriaTouchInputUiSystemHelper:OnInputEvent (UnityEngine.InputSystem.LowLevel.InputEventPtr,UnityEngine.InputSystem.InputDevice) (at Assets/Game/Scripts/UI/Screens/AriaTouchInputUiSystemHelper.cs:162)
UnityEngine.InputSystem.LowLevel.NativeInputRuntime/<>c__DisplayClass7_0:<set_onUpdate>b__0 (UnityEngineInternal.Input.NativeInputUpdateType,UnityEngineInternal.Input.NativeInputEventBuffer*)
UnityEngineInternal.Input.NativeInputSystem:NotifyUpdate (UnityEngineInternal.Input.NativeInputUpdateType,intptr) (at /Users/bokken/build/output/unity/unity/Modules/Input/Private/Input.cs:132)

[SupportJourneyTouch] phase=Ended point=(1499.20, 557.16) hit=
UnityEngine.Debug:Log (object)
Game.Editor.SupportSmokeJourneyProbe:TouchEvidence (Game.UI.Runtime.AriaTouchInputUiSystemHelper,string,UnityEngine.Vector2) (at Assets/Game/Scripts/Editor/SupportSmokeJourneyProbe.cs:290)
Game.UI.Runtime.AriaTouchInputUiSystemHelper:OnInputEvent (UnityEngine.InputSystem.LowLevel.InputEventPtr,UnityEngine.InputSystem.InputDevice) (at Assets/Game/Scripts/UI/Screens/AriaTouchInputUiSystemHelper.cs:162)
UnityEngine.InputSystem.LowLevel.NativeInputRuntime/<>c__DisplayClass7_0:<set_onUpdate>b__0 (UnityEngineInternal.Input.NativeInputUpdateType,UnityEngineInternal.Input.NativeInputEventBuffer*)
UnityEngineInternal.Input.NativeInputSystem:NotifyUpdate (UnityEngineInternal.Input.NativeInputUpdateType,intptr) (at /Users/bokken/build/output/unity/unity/Modules/Input/Private/Input.cs:132)

[SupportJourneyTouch] phase=Began point=(1612.63, 515.00) hit=
UnityEngine.Debug:Log (object)
Game.Editor.SupportSmokeJourneyProbe:TouchEvidence (Game.UI.Runtime.AriaTouchInputUiSystemHelper,string,UnityEngine.Vector2) (at Assets/Game/Scripts/Editor/SupportSmokeJourneyProbe.cs:290)
Game.UI.Runtime.AriaTouchInputUiSystemHelper:OnInputEvent (UnityEngine.InputSystem.LowLevel.InputEventPtr,UnityEngine.InputSystem.InputDevice) (at Assets/Game/Scripts/UI/Screens/AriaTouchInputUiSystemHelper.cs:162)
UnityEngine.InputSystem.LowLevel.NativeInputRuntime/<>c__DisplayClass7_0:<set_onUpdate>b__0 (UnityEngineInternal.Input.NativeInputUpdateType,UnityEngineInternal.Input.NativeInputEventBuffer*)
UnityEngineInternal.Input.NativeInputSystem:NotifyUpdate (UnityEngineInternal.Input.NativeInputUpdateType,intptr) (at /Users/bokken/build/output/unity/unity/Modules/Input/Private/Input.cs:132)

[SupportJourneyTouch] phase=Ended point=(1612.63, 515.00) hit=
UnityEngine.Debug:Log (object)
Game.Editor.SupportSmokeJourneyProbe:TouchEvidence (Game.UI.Runtime.AriaTouchInputUiSystemHelper,string,UnityEngine.Vector2) (at Assets/Game/Scripts/Editor/SupportSmokeJourneyProbe.cs:290)
Game.UI.Runtime.AriaTouchInputUiSystemHelper:OnInputEvent (UnityEngine.InputSystem.LowLevel.InputEventPtr,UnityEngine.InputSystem.InputDevice) (at Assets/Game/Scripts/UI/Screens/AriaTouchInputUiSystemHelper.cs:162)
UnityEngine.InputSystem.LowLevel.NativeInputRuntime/<>c__DisplayClass7_0:<set_onUpdate>b__0 (UnityEngineInternal.Input.NativeInputUpdateType,UnityEngineInternal.Input.NativeInputEventBuffer*)
UnityEngineInternal.Input.NativeInputSystem:NotifyUpdate (UnityEngineInternal.Input.NativeInputUpdateType,intptr) (at /Users/bokken/build/output/unity/unity/Modules/Input/Private/Input.cs:132)

[SupportJourneyTouch] phase=Began point=(1558.81, 516.13) hit=
UnityEngine.Debug:Log (object)
Game.Editor.SupportSmokeJourneyProbe:TouchEvidence (Game.UI.Runtime.AriaTouchInputUiSystemHelper,string,UnityEngine.Vector2) (at Assets/Game/Scripts/Editor/SupportSmokeJourneyProbe.cs:290)
Game.UI.Runtime.AriaTouchInputUiSystemHelper:OnInputEvent (UnityEngine.InputSystem.LowLevel.InputEventPtr,UnityEngine.InputSystem.InputDevice) (at Assets/Game/Scripts/UI/Screens/AriaTouchInputUiSystemHelper.cs:162)
UnityEngine.InputSystem.LowLevel.NativeInputRuntime/<>c__DisplayClass7_0:<set_onUpdate>b__0 (UnityEngineInternal.Input.NativeInputUpdateType,UnityEngineInternal.Input.NativeInputEventBuffer*)
UnityEngineInternal.Input.NativeInputSystem:NotifyUpdate (UnityEngineInternal.Input.NativeInputUpdateType,intptr) (at /Users/bokken/build/output/unity/unity/Modules/Input/Private/Input.cs:132)

[SupportJourneyTouch] phase=Ended point=(1558.81, 516.13) hit=
UnityEngine.Debug:Log (object)
Game.Editor.SupportSmokeJourneyProbe:TouchEvidence (Game.UI.Runtime.AriaTouchInputUiSystemHelper,string,UnityEngine.Vector2) (at Assets/Game/Scripts/Editor/SupportSmokeJourneyProbe.cs:290)
Game.UI.Runtime.AriaTouchInputUiSystemHelper:OnInputEvent (UnityEngine.InputSystem.LowLevel.InputEventPtr,UnityEngine.InputSystem.InputDevice) (at Assets/Game/Scripts/UI/Screens/AriaTouchInputUiSystemHelper.cs:162)
UnityEngine.InputSystem.LowLevel.NativeInputRuntime/<>c__DisplayClass7_0:<set_onUpdate>b__0 (UnityEngineInternal.Input.NativeInputUpdateType,UnityEngineInternal.Input.NativeInputEventBuffer*)
UnityEngineInternal.Input.NativeInputSystem:NotifyUpdate (UnityEngineInternal.Input.NativeInputUpdateType,intptr) (at /Users/bokken/build/output/unity/unity/Modules/Input/Private/Input.cs:132)

[SupportJourneyTouch] phase=Began point=(1505.52, 517.37) hit=
UnityEngine.Debug:Log (object)
Game.Editor.SupportSmokeJourneyProbe:TouchEvidence (Game.UI.Runtime.AriaTouchInputUiSystemHelper,string,UnityEngine.Vector2) (at Assets/Game/Scripts/Editor/SupportSmokeJourneyProbe.cs:290)
Game.UI.Runtime.AriaTouchInputUiSystemHelper:OnInputEvent (UnityEngine.InputSystem.LowLevel.InputEventPtr,UnityEngine.InputSystem.InputDevice) (at Assets/Game/Scripts/UI/Screens/AriaTouchInputUiSystemHelper.cs:162)
UnityEngine.InputSystem.LowLevel.NativeInputRuntime/<>c__DisplayClass7_0:<set_onUpdate>b__0 (UnityEngineInternal.Input.NativeInputUpdateType,UnityEngineInternal.Input.NativeInputEventBuffer*)
UnityEngineInternal.Input.NativeInputSystem:NotifyUpdate (UnityEngineInternal.Input.NativeInputUpdateType,intptr) (at /Users/bokken/build/output/unity/unity/Modules/Input/Private/Input.cs:132)

[SupportJourneyTouch] phase=Ended point=(1505.52, 517.37) hit=
UnityEngine.Debug:Log (object)
Game.Editor.SupportSmokeJourneyProbe:TouchEvidence (Game.UI.Runtime.AriaTouchInputUiSystemHelper,string,UnityEngine.Vector2) (at Assets/Game/Scripts/Editor/SupportSmokeJourneyProbe.cs:290)
Game.UI.Runtime.AriaTouchInputUiSystemHelper:OnInputEvent (UnityEngine.InputSystem.LowLevel.InputEventPtr,UnityEngine.InputSystem.InputDevice) (at Assets/Game/Scripts/UI/Screens/AriaTouchInputUiSystemHelper.cs:162)
UnityEngine.InputSystem.LowLevel.NativeInputRuntime/<>c__DisplayClass7_0:<set_onUpdate>b__0 (UnityEngineInternal.Input.NativeInputUpdateType,UnityEngineInternal.Input.NativeInputEventBuffer*)
UnityEngineInternal.Input.NativeInputSystem:NotifyUpdate (UnityEngineInternal.Input.NativeInputUpdateType,intptr) (at /Users/bokken/build/output/unity/unity/Modules/Input/Private/Input.cs:132)

[PerfDiag] slowUpdate frame=7716 total=79.7ms gc=0/0/0 cpuFrame=12.2ms cpuMain=9.0ms cpuRender=2.2ms gpu=6.9ms steps=RoadBuild=0.0ms, BuildingPlacement=0.1ms, Selection=78.6ms, DayNight=0.0ms, CitizenPopulation=0.0ms, MainMenu=1.1ms units=4946 models=13 sourceKeys=4946 sourceKeyFallbackVisuals=0 initialSpawnConfigs=2 drawCalls=757 batches=0 setPass=132 tris=1522784 verts=2831832 memory=alloc=10611MB reserved=11452MB mono=3438MB uiToolkit=0 gameplayInitialized=1 playRequested=1 simulationActive=1 focused=1 vSync=0 targetFps=-1 topSystems=disabled markers=disabled
[SupportJourneyTouch] phase=Began point=(1459.80, 518.54) hit=
UnityEngine.Debug:Log (object)
Game.Editor.SupportSmokeJourneyProbe:TouchEvidence (Game.UI.Runtime.AriaTouchInputUiSystemHelper,string,UnityEngine.Vector2) (at Assets/Game/Scripts/Editor/SupportSmokeJourneyProbe.cs:290)
Game.UI.Runtime.AriaTouchInputUiSystemHelper:OnInputEvent (UnityEngine.InputSystem.LowLevel.InputEventPtr,UnityEngine.InputSystem.InputDevice) (at Assets/Game/Scripts/UI/Screens/AriaTouchInputUiSystemHelper.cs:162)
UnityEngine.InputSystem.LowLevel.NativeInputRuntime/<>c__DisplayClass7_0:<set_onUpdate>b__0 (UnityEngineInternal.Input.NativeInputUpdateType,UnityEngineInternal.Input.NativeInputEventBuffer*)
UnityEngineInternal.Input.NativeInputSystem:NotifyUpdate (UnityEngineInternal.Input.NativeInputUpdateType,intptr) (at /Users/bokken/build/output/unity/unity/Modules/Input/Private/Input.cs:132)

[SupportJourneyTouch] phase=Ended point=(1459.80, 518.54) hit=
UnityEngine.Debug:Log (object)
Game.Editor.SupportSmokeJourneyProbe:TouchEvidence (Game.UI.Runtime.AriaTouchInputUiSystemHelper,string,UnityEngine.Vector2) (at Assets/Game/Scripts/Editor/SupportSmokeJourneyProbe.cs:290)
Game.UI.Runtime.AriaTouchInputUiSystemHelper:OnInputEvent (UnityEngine.InputSystem.LowLevel.InputEventPtr,UnityEngine.InputSystem.InputDevice) (at Assets/Game/Scripts/UI/Screens/AriaTouchInputUiSystemHelper.cs:162)
UnityEngine.InputSystem.LowLevel.NativeInputRuntime/<>c__DisplayClass7_0:<set_onUpdate>b__0 (UnityEngineInternal.Input.NativeInputUpdateType,UnityEngineInternal.Input.NativeInputEventBuffer*)
UnityEngineInternal.Input.NativeInputSystem:NotifyUpdate (UnityEngineInternal.Input.NativeInputUpdateType,intptr) (at /Users/bokken/build/output/unity/unity/Modules/Input/Private/Input.cs:132)

[SupportJourneyTouch] phase=Began point=(1414.86, 519.78) hit=
UnityEngine.Debug:Log (object)
Game.Editor.SupportSmokeJourneyProbe:TouchEvidence (Game.UI.Runtime.AriaTouchInputUiSystemHelper,string,UnityEngine.Vector2) (at Assets/Game/Scripts/Editor/SupportSmokeJourneyProbe.cs:290)
Game.UI.Runtime.AriaTouchInputUiSystemHelper:OnInputEvent (UnityEngine.InputSystem.LowLevel.InputEventPtr,UnityEngine.InputSystem.InputDevice) (at Assets/Game/Scripts/UI/Screens/AriaTouchInputUiSystemHelper.cs:162)
UnityEngine.InputSystem.LowLevel.NativeInputRuntime/<>c__DisplayClass7_0:<set_onUpdate>b__0 (UnityEngineInternal.Input.NativeInputUpdateType,UnityEngineInternal.Input.NativeInputEventBuffer*)
UnityEngineInternal.Input.NativeInputSystem:NotifyUpdate (UnityEngineInternal.Input.NativeInputUpdateType,intptr) (at /Users/bokken/build/output/unity/unity/Modules/Input/Private/Input.cs:132)

[SupportJourneyTouch] phase=Ended point=(1414.86, 519.78) hit=
UnityEngine.Debug:Log (object)
Game.Editor.SupportSmokeJourneyProbe:TouchEvidence (Game.UI.Runtime.AriaTouchInputUiSystemHelper,string,UnityEngine.Vector2) (at Assets/Game/Scripts/Editor/SupportSmokeJourneyProbe.cs:290)
Game.UI.Runtime.AriaTouchInputUiSystemHelper:OnInputEvent (UnityEngine.InputSystem.LowLevel.InputEventPtr,UnityEngine.InputSystem.InputDevice) (at Assets/Game/Scripts/UI/Screens/AriaTouchInputUiSystemHelper.cs:162)
UnityEngine.InputSystem.LowLevel.NativeInputRuntime/<>c__DisplayClass7_0:<set_onUpdate>b__0 (UnityEngineInternal.Input.NativeInputUpdateType,UnityEngineInternal.Input.NativeInputEventBuffer*)
UnityEngineInternal.Input.NativeInputSystem:NotifyUpdate (UnityEngineInternal.Input.NativeInputUpdateType,intptr) (at /Users/bokken/build/output/unity/unity/Modules/Input/Private/Input.cs:132)

[SupportJourneyTouch] phase=Began point=(1375.30, 520.96) hit=
UnityEngine.Debug:Log (object)
Game.Editor.SupportSmokeJourneyProbe:TouchEvidence (Game.UI.Runtime.AriaTouchInputUiSystemHelper,string,UnityEngine.Vector2) (at Assets/Game/Scripts/Editor/SupportSmokeJourneyProbe.cs:290)
Game.UI.Runtime.AriaTouchInputUiSystemHelper:OnInputEvent (UnityEngine.InputSystem.LowLevel.InputEventPtr,UnityEngine.InputSystem.InputDevice) (at Assets/Game/Scripts/UI/Screens/AriaTouchInputUiSystemHelper.cs:162)
UnityEngine.InputSystem.LowLevel.NativeInputRuntime/<>c__DisplayClass7_0:<set_onUpdate>b__0 (UnityEngineInternal.Input.NativeInputUpdateType,UnityEngineInternal.Input.NativeInputEventBuffer*)
UnityEngineInternal.Input.NativeInputSystem:NotifyUpdate (UnityEngineInternal.Input.NativeInputUpdateType,intptr) (at /Users/bokken/build/output/unity/unity/Modules/Input/Private/Input.cs:132)

[SupportJourneyTouch] phase=Ended point=(1375.30, 520.96) hit=
UnityEngine.Debug:Log (object)
Game.Editor.SupportSmokeJourneyProbe:TouchEvidence (Game.UI.Runtime.AriaTouchInputUiSystemHelper,string,UnityEngine.Vector2) (at Assets/Game/Scripts/Editor/SupportSmokeJourneyProbe.cs:290)
Game.UI.Runtime.AriaTouchInputUiSystemHelper:OnInputEvent (UnityEngine.InputSystem.LowLevel.InputEventPtr,UnityEngine.InputSystem.InputDevice) (at Assets/Game/Scripts/UI/Screens/AriaTouchInputUiSystemHelper.cs:162)
UnityEngine.InputSystem.LowLevel.NativeInputRuntime/<>c__DisplayClass7_0:<set_onUpdate>b__0 (UnityEngineInternal.Input.NativeInputUpdateType,UnityEngineInternal.Input.NativeInputEventBuffer*)
UnityEngineInternal.Input.NativeInputSystem:NotifyUpdate (UnityEngineInternal.Input.NativeInputUpdateType,intptr) (at /Users/bokken/build/output/unity/unity/Modules/Input/Private/Input.cs:132)

[SupportJourneyTouch] phase=Began point=(1339.21, 522.11) hit=
UnityEngine.Debug:Log (object)
Game.Editor.SupportSmokeJourneyProbe:TouchEvidence (Game.UI.Runtime.AriaTouchInputUiSystemHelper,string,UnityEngine.Vector2) (at Assets/Game/Scripts/Editor/SupportSmokeJourneyProbe.cs:290)
Game.UI.Runtime.AriaTouchInputUiSystemHelper:OnInputEvent (UnityEngine.InputSystem.LowLevel.InputEventPtr,UnityEngine.InputSystem.InputDevice) (at Assets/Game/Scripts/UI/Screens/AriaTouchInputUiSystemHelper.cs:162)
UnityEngine.InputSystem.LowLevel.NativeInputRuntime/<>c__DisplayClass7_0:<set_onUpdate>b__0 (UnityEngineInternal.Input.NativeInputUpdateType,UnityEngineInternal.Input.NativeInputEventBuffer*)
UnityEngineInternal.Input.NativeInputSystem:NotifyUpdate (UnityEngineInternal.Input.NativeInputUpdateType,intptr) (at /Users/bokken/build/output/unity/unity/Modules/Input/Private/Input.cs:132)

[SupportJourneyTouch] phase=Ended point=(1339.21, 522.11) hit=
UnityEngine.Debug:Log (object)
Game.Editor.SupportSmokeJourneyProbe:TouchEvidence (Game.UI.Runtime.AriaTouchInputUiSystemHelper,string,UnityEngine.Vector2) (at Assets/Game/Scripts/Editor/SupportSmokeJourneyProbe.cs:290)
Game.UI.Runtime.AriaTouchInputUiSystemHelper:OnInputEvent (UnityEngine.InputSystem.LowLevel.InputEventPtr,UnityEngine.InputSystem.InputDevice) (at Assets/Game/Scripts/UI/Screens/AriaTouchInputUiSystemHelper.cs:162)
UnityEngine.InputSystem.LowLevel.NativeInputRuntime/<>c__DisplayClass7_0:<set_onUpdate>b__0 (UnityEngineInternal.Input.NativeInputUpdateType,UnityEngineInternal.Input.NativeInputEventBuffer*)
UnityEngineInternal.Input.NativeInputSystem:NotifyUpdate (UnityEngineInternal.Input.NativeInputUpdateType,intptr) (at /Users/bokken/build/output/unity/unity/Modules/Input/Private/Input.cs:132)

[PerfDiag] slowUpdate frame=7745 total=82.9ms gc=0/0/0 cpuFrame=12.5ms cpuMain=9.3ms cpuRender=2.1ms gpu=10.8ms steps=RoadBuild=0.0ms, BuildingPlacement=0.1ms, Selection=81.9ms, DayNight=0.0ms, CitizenPopulation=0.0ms, MainMenu=0.9ms units=4946 models=13 sourceKeys=4946 sourceKeyFallbackVisuals=0 initialSpawnConfigs=2 drawCalls=747 batches=0 setPass=131 tris=1586032 verts=2938825 memory=alloc=10664MB reserved=11504MB mono=3485MB uiToolkit=0 gameplayInitialized=1 playRequested=1 simulationActive=1 focused=1 vSync=0 targetFps=-1 topSystems=disabled markers=disabled
[SupportJourneyTouch] phase=Began point=(1304.89, 523.27) hit=
UnityEngine.Debug:Log (object)
Game.Editor.SupportSmokeJourneyProbe:TouchEvidence (Game.UI.Runtime.AriaTouchInputUiSystemHelper,string,UnityEngine.Vector2) (at Assets/Game/Scripts/Editor/SupportSmokeJourneyProbe.cs:290)
Game.UI.Runtime.AriaTouchInputUiSystemHelper:OnInputEvent (UnityEngine.InputSystem.LowLevel.InputEventPtr,UnityEngine.InputSystem.InputDevice) (at Assets/Game/Scripts/UI/Screens/AriaTouchInputUiSystemHelper.cs:162)
UnityEngine.InputSystem.LowLevel.NativeInputRuntime/<>c__DisplayClass7_0:<set_onUpdate>b__0 (UnityEngineInternal.Input.NativeInputUpdateType,UnityEngineInternal.Input.NativeInputEventBuffer*)
UnityEngineInternal.Input.NativeInputSystem:NotifyUpdate (UnityEngineInternal.Input.NativeInputUpdateType,intptr) (at /Users/bokken/build/output/unity/unity/Modules/Input/Private/Input.cs:132)

[SupportJourneyTouch] phase=Ended point=(1304.89, 523.27) hit=
UnityEngine.Debug:Log (object)
Game.Editor.SupportSmokeJourneyProbe:TouchEvidence (Game.UI.Runtime.AriaTouchInputUiSystemHelper,string,UnityEngine.Vector2) (at Assets/Game/Scripts/Editor/SupportSmokeJourneyProbe.cs:290)
Game.UI.Runtime.AriaTouchInputUiSystemHelper:OnInputEvent (UnityEngine.InputSystem.LowLevel.InputEventPtr,UnityEngine.InputSystem.InputDevice) (at Assets/Game/Scripts/UI/Screens/AriaTouchInputUiSystemHelper.cs:162)
UnityEngine.InputSystem.LowLevel.NativeInputRuntime/<>c__DisplayClass7_0:<set_onUpdate>b__0 (UnityEngineInternal.Input.NativeInputUpdateType,UnityEngineInternal.Input.NativeInputEventBuffer*)
UnityEngineInternal.Input.NativeInputSystem:NotifyUpdate (UnityEngineInternal.Input.NativeInputUpdateType,intptr) (at /Users/bokken/build/output/unity/unity/Modules/Input/Private/Input.cs:132)

[SupportJourneyTouch] phase=Began point=(1272.33, 524.45) hit=
UnityEngine.Debug:Log (object)
Game.Editor.SupportSmokeJourneyProbe:TouchEvidence (Game.UI.Runtime.AriaTouchInputUiSystemHelper,string,UnityEngine.Vector2) (at Assets/Game/Scripts/Editor/SupportSmokeJourneyProbe.cs:290)
Game.UI.Runtime.AriaTouchInputUiSystemHelper:OnInputEvent (UnityEngine.InputSystem.LowLevel.InputEventPtr,UnityEngine.InputSystem.InputDevice) (at Assets/Game/Scripts/UI/Screens/AriaTouchInputUiSystemHelper.cs:162)
UnityEngine.InputSystem.LowLevel.NativeInputRuntime/<>c__DisplayClass7_0:<set_onUpdate>b__0 (UnityEngineInternal.Input.NativeInputUpdateType,UnityEngineInternal.Input.NativeInputEventBuffer*)
UnityEngineInternal.Input.NativeInputSystem:NotifyUpdate (UnityEngineInternal.Input.NativeInputUpdateType,intptr) (at /Users/bokken/build/output/unity/unity/Modules/Input/Private/Input.cs:132)

[SupportJourneyState] stage=3 smokeStage=0 phase=FindSquad outcome=None gestures=108 covered=False damage=0
UnityEngine.Debug:Log (object)
Game.Editor.SupportSmokeJourneyProbe:Tick () (at Assets/Game/Scripts/Editor/SupportSmokeJourneyProbe.cs:102)
UnityEditor.EditorApplication:Internal_CallUpdateFunctions () (at /Users/bokken/build/output/unity/unity/Editor/Mono/EditorApplication.cs:403)

[SupportJourneyTouch] phase=Ended point=(1272.33, 524.45) hit=
UnityEngine.Debug:Log (object)
Game.Editor.SupportSmokeJourneyProbe:TouchEvidence (Game.UI.Runtime.AriaTouchInputUiSystemHelper,string,UnityEngine.Vector2) (at Assets/Game/Scripts/Editor/SupportSmokeJourneyProbe.cs:290)
Game.UI.Runtime.AriaTouchInputUiSystemHelper:OnInputEvent (UnityEngine.InputSystem.LowLevel.InputEventPtr,UnityEngine.InputSystem.InputDevice) (at Assets/Game/Scripts/UI/Screens/AriaTouchInputUiSystemHelper.cs:162)
UnityEngine.InputSystem.LowLevel.NativeInputRuntime/<>c__DisplayClass7_0:<set_onUpdate>b__0 (UnityEngineInternal.Input.NativeInputUpdateType,UnityEngineInternal.Input.NativeInputEventBuffer*)
UnityEngineInternal.Input.NativeInputSystem:NotifyUpdate (UnityEngineInternal.Input.NativeInputUpdateType,intptr) (at /Users/bokken/build/output/unity/unity/Modules/Input/Private/Input.cs:132)

[FrameRateDiag] fps=31.0 avgFrame=32.2ms updateAvg=13.0ms updateMax=254.1ms cpuFrame=12.7ms cpuMain=9.8ms cpuRender=2.5ms gpu=10.5ms drawCalls=760 batches=0 setPass=131 tris=1607019 verts=2973616 units=4946 models=13 sourceKeys=4946 sourceKeyFallbackVisuals=0 initialSpawnConfigs=2 impostors=0 render=screen=1920x1080,batch=0,quality=1:Mobile,vSync=0,targetFps=-1,pipeline=Mobile_RPAsset_MobileCandidate,scale=0.75,msaa=0,camera=Main Camera,cameraData=post:1,aa:FastApproximateAntialiasing,stack:0 memory=alloc=10696MB reserved=11536MB mono=3509MB focused=1 playRequested=1 simulationActive=1 stepStats=none topSystems=disabled markers=disabled
[RenderSceneDiag] frame=7760 source=profilerCounters drawCalls=760 batches=0 setPass=131 tris=1607019 verts=2973616 topSystems=disabled markers=disabled
[SupportJourneyTouch] phase=Began point=(1242.63, 525.59) hit=
UnityEngine.Debug:Log (object)
Game.Editor.SupportSmokeJourneyProbe:TouchEvidence (Game.UI.Runtime.AriaTouchInputUiSystemHelper,string,UnityEngine.Vector2) (at Assets/Game/Scripts/Editor/SupportSmokeJourneyProbe.cs:290)
Game.UI.Runtime.AriaTouchInputUiSystemHelper:OnInputEvent (UnityEngine.InputSystem.LowLevel.InputEventPtr,UnityEngine.InputSystem.InputDevice) (at Assets/Game/Scripts/UI/Screens/AriaTouchInputUiSystemHelper.cs:162)
UnityEngine.InputSystem.LowLevel.NativeInputRuntime/<>c__DisplayClass7_0:<set_onUpdate>b__0 (UnityEngineInternal.Input.NativeInputUpdateType,UnityEngineInternal.Input.NativeInputEventBuffer*)
UnityEngineInternal.Input.NativeInputSystem:NotifyUpdate (UnityEngineInternal.Input.NativeInputUpdateType,intptr) (at /Users/bokken/build/output/unity/unity/Modules/Input/Private/Input.cs:132)

[SupportJourneyTouch] phase=Ended point=(1242.63, 525.59) hit=
UnityEngine.Debug:Log (object)
Game.Editor.SupportSmokeJourneyProbe:TouchEvidence (Game.UI.Runtime.AriaTouchInputUiSystemHelper,string,UnityEngine.Vector2) (at Assets/Game/Scripts/Editor/SupportSmokeJourneyProbe.cs:290)
Game.UI.Runtime.AriaTouchInputUiSystemHelper:OnInputEvent (UnityEngine.InputSystem.LowLevel.InputEventPtr,UnityEngine.InputSystem.InputDevice) (at Assets/Game/Scripts/UI/Screens/AriaTouchInputUiSystemHelper.cs:162)
UnityEngine.InputSystem.LowLevel.NativeInputRuntime/<>c__DisplayClass7_0:<set_onUpdate>b__0 (UnityEngineInternal.Input.NativeInputUpdateType,UnityEngineInternal.Input.NativeInputEventBuffer*)
UnityEngineInternal.Input.NativeInputSystem:NotifyUpdate (UnityEngineInternal.Input.NativeInputUpdateType,intptr) (at /Users/bokken/build/output/unity/unity/Modules/Input/Private/Input.cs:132)

[SupportJourneyTouch] phase=Began point=(1213.96, 526.76) hit=
UnityEngine.Debug:Log (object)
Game.Editor.SupportSmokeJourneyProbe:TouchEvidence (Game.UI.Runtime.AriaTouchInputUiSystemHelper,string,UnityEngine.Vector2) (at Assets/Game/Scripts/Editor/SupportSmokeJourneyProbe.cs:290)
Game.UI.Runtime.AriaTouchInputUiSystemHelper:OnInputEvent (UnityEngine.InputSystem.LowLevel.InputEventPtr,UnityEngine.InputSystem.InputDevice) (at Assets/Game/Scripts/UI/Screens/AriaTouchInputUiSystemHelper.cs:162)
UnityEngine.InputSystem.LowLevel.NativeInputRuntime/<>c__DisplayClass7_0:<set_onUpdate>b__0 (UnityEngineInternal.Input.NativeInputUpdateType,UnityEngineInternal.Input.NativeInputEventBuffer*)
UnityEngineInternal.Input.NativeInputSystem:NotifyUpdate (UnityEngineInternal.Input.NativeInputUpdateType,intptr) (at /Users/bokken/build/output/unity/unity/Modules/Input/Private/Input.cs:132)

[SupportJourneyTouch] phase=Ended point=(1213.96, 526.76) hit=
UnityEngine.Debug:Log (object)
Game.Editor.SupportSmokeJourneyProbe:TouchEvidence (Game.UI.Runtime.AriaTouchInputUiSystemHelper,string,UnityEngine.Vector2) (at Assets/Game/Scripts/Editor/SupportSmokeJourneyProbe.cs:290)
Game.UI.Runtime.AriaTouchInputUiSystemHelper:OnInputEvent (UnityEngine.InputSystem.LowLevel.InputEventPtr,UnityEngine.InputSystem.InputDevice) (at Assets/Game/Scripts/UI/Screens/AriaTouchInputUiSystemHelper.cs:162)
UnityEngine.InputSystem.LowLevel.NativeInputRuntime/<>c__DisplayClass7_0:<set_onUpdate>b__0 (UnityEngineInternal.Input.NativeInputUpdateType,UnityEngineInternal.Input.NativeInputEventBuffer*)
UnityEngineInternal.Input.NativeInputSystem:NotifyUpdate (UnityEngineInternal.Input.NativeInputUpdateType,intptr) (at /Users/bokken/build/output/unity/unity/Modules/Input/Private/Input.cs:132)

[PerfDiag] slowUpdate frame=7773 total=112.9ms gc=0/0/0 cpuFrame=15.3ms cpuMain=11.9ms cpuRender=2.5ms gpu=10.9ms steps=RoadBuild=0.0ms, BuildingPlacement=0.1ms, Selection=111.1ms, DayNight=0.0ms, CitizenPopulation=0.0ms, MainMenu=1.6ms units=4946 models=13 sourceKeys=4946 sourceKeyFallbackVisuals=0 initialSpawnConfigs=2 drawCalls=753 batches=0 setPass=132 tris=1623767 verts=2998620 memory=alloc=10727MB reserved=11566MB mono=3533MB uiToolkit=0 gameplayInitialized=1 playRequested=1 simulationActive=1 focused=1 vSync=0 targetFps=-1 topSystems=disabled markers=disabled
[SupportJourneyTouch] phase=Began point=(1189.83, 527.79) hit=
UnityEngine.Debug:Log (object)
Game.Editor.SupportSmokeJourneyProbe:TouchEvidence (Game.UI.Runtime.AriaTouchInputUiSystemHelper,string,UnityEngine.Vector2) (at Assets/Game/Scripts/Editor/SupportSmokeJourneyProbe.cs:290)
Game.UI.Runtime.AriaTouchInputUiSystemHelper:OnInputEvent (UnityEngine.InputSystem.LowLevel.InputEventPtr,UnityEngine.InputSystem.InputDevice) (at Assets/Game/Scripts/UI/Screens/AriaTouchInputUiSystemHelper.cs:162)
UnityEngine.InputSystem.LowLevel.NativeInputRuntime/<>c__DisplayClass7_0:<set_onUpdate>b__0 (UnityEngineInternal.Input.NativeInputUpdateType,UnityEngineInternal.Input.NativeInputEventBuffer*)
UnityEngineInternal.Input.NativeInputSystem:NotifyUpdate (UnityEngineInternal.Input.NativeInputUpdateType,intptr) (at /Users/bokken/build/output/unity/unity/Modules/Input/Private/Input.cs:132)

[SupportJourneyTouch] phase=Ended point=(1189.83, 527.79) hit=
UnityEngine.Debug:Log (object)
Game.Editor.SupportSmokeJourneyProbe:TouchEvidence (Game.UI.Runtime.AriaTouchInputUiSystemHelper,string,UnityEngine.Vector2) (at Assets/Game/Scripts/Editor/SupportSmokeJourneyProbe.cs:290)
Game.UI.Runtime.AriaTouchInputUiSystemHelper:OnInputEvent (UnityEngine.InputSystem.LowLevel.InputEventPtr,UnityEngine.InputSystem.InputDevice) (at Assets/Game/Scripts/UI/Screens/AriaTouchInputUiSystemHelper.cs:162)
UnityEngine.InputSystem.LowLevel.NativeInputRuntime/<>c__DisplayClass7_0:<set_onUpdate>b__0 (UnityEngineInternal.Input.NativeInputUpdateType,UnityEngineInternal.Input.NativeInputEventBuffer*)
UnityEngineInternal.Input.NativeInputSystem:NotifyUpdate (UnityEngineInternal.Input.NativeInputUpdateType,intptr) (at /Users/bokken/build/output/unity/unity/Modules/Input/Private/Input.cs:132)

[SupportJourneyTouch] phase=Began point=(1163.85, 528.97) hit=
UnityEngine.Debug:Log (object)
Game.Editor.SupportSmokeJourneyProbe:TouchEvidence (Game.UI.Runtime.AriaTouchInputUiSystemHelper,string,UnityEngine.Vector2) (at Assets/Game/Scripts/Editor/SupportSmokeJourneyProbe.cs:290)
Game.UI.Runtime.AriaTouchInputUiSystemHelper:OnInputEvent (UnityEngine.InputSystem.LowLevel.InputEventPtr,UnityEngine.InputSystem.InputDevice) (at Assets/Game/Scripts/UI/Screens/AriaTouchInputUiSystemHelper.cs:162)
UnityEngine.InputSystem.LowLevel.NativeInputRuntime/<>c__DisplayClass7_0:<set_onUpdate>b__0 (UnityEngineInternal.Input.NativeInputUpdateType,UnityEngineInternal.Input.NativeInputEventBuffer*)
UnityEngineInternal.Input.NativeInputSystem:NotifyUpdate (UnityEngineInternal.Input.NativeInputUpdateType,intptr) (at /Users/bokken/build/output/unity/unity/Modules/Input/Private/Input.cs:132)

[SupportJourneyTouch] phase=Ended point=(1163.85, 528.97) hit=
UnityEngine.Debug:Log (object)
Game.Editor.SupportSmokeJourneyProbe:TouchEvidence (Game.UI.Runtime.AriaTouchInputUiSystemHelper,string,UnityEngine.Vector2) (at Assets/Game/Scripts/Editor/SupportSmokeJourneyProbe.cs:290)
Game.UI.Runtime.AriaTouchInputUiSystemHelper:OnInputEvent (UnityEngine.InputSystem.LowLevel.InputEventPtr,UnityEngine.InputSystem.InputDevice) (at Assets/Game/Scripts/UI/Screens/AriaTouchInputUiSystemHelper.cs:162)
UnityEngine.InputSystem.LowLevel.NativeInputRuntime/<>c__DisplayClass7_0:<set_onUpdate>b__0 (UnityEngineInternal.Input.NativeInputUpdateType,UnityEngineInternal.Input.NativeInputEventBuffer*)
UnityEngineInternal.Input.NativeInputSystem:NotifyUpdate (UnityEngineInternal.Input.NativeInputUpdateType,intptr) (at /Users/bokken/build/output/unity/unity/Modules/Input/Private/Input.cs:132)

[FreezeDetect] Update hitch frame=7781 Selection=163.7ms, GC=0/0/0, Total=166.4ms
[SupportJourneyTouch] phase=Began point=(1130.47, 530.58) hit=
UnityEngine.Debug:Log (object)
Game.Editor.SupportSmokeJourneyProbe:TouchEvidence (Game.UI.Runtime.AriaTouchInputUiSystemHelper,string,UnityEngine.Vector2) (at Assets/Game/Scripts/Editor/SupportSmokeJourneyProbe.cs:290)
Game.UI.Runtime.AriaTouchInputUiSystemHelper:OnInputEvent (UnityEngine.InputSystem.LowLevel.InputEventPtr,UnityEngine.InputSystem.InputDevice) (at Assets/Game/Scripts/UI/Screens/AriaTouchInputUiSystemHelper.cs:162)
UnityEngine.InputSystem.LowLevel.NativeInputRuntime/<>c__DisplayClass7_0:<set_onUpdate>b__0 (UnityEngineInternal.Input.NativeInputUpdateType,UnityEngineInternal.Input.NativeInputEventBuffer*)
UnityEngineInternal.Input.NativeInputSystem:NotifyUpdate (UnityEngineInternal.Input.NativeInputUpdateType,intptr) (at /Users/bokken/build/output/unity/unity/Modules/Input/Private/Input.cs:132)

[FreezeDetect] Frame gap frame=7782 Gap=196.6ms GC=0/0/0 LastSteps=RoadBuild=0.0ms, BuildingPlacement=0.2ms, Selection=163.7ms, DayNight=0.0ms, CitizenPopulation=0.0ms, MainMenu=2.5ms
[SupportJourneyTouch] phase=Ended point=(1130.47, 530.58) hit=
UnityEngine.Debug:Log (object)
Game.Editor.SupportSmokeJourneyProbe:TouchEvidence (Game.UI.Runtime.AriaTouchInputUiSystemHelper,string,UnityEngine.Vector2) (at Assets/Game/Scripts/Editor/SupportSmokeJourneyProbe.cs:290)
Game.UI.Runtime.AriaTouchInputUiSystemHelper:OnInputEvent (UnityEngine.InputSystem.LowLevel.InputEventPtr,UnityEngine.InputSystem.InputDevice) (at Assets/Game/Scripts/UI/Screens/AriaTouchInputUiSystemHelper.cs:162)
UnityEngine.InputSystem.LowLevel.NativeInputRuntime/<>c__DisplayClass7_0:<set_onUpdate>b__0 (UnityEngineInternal.Input.NativeInputUpdateType,UnityEngineInternal.Input.NativeInputEventBuffer*)
UnityEngineInternal.Input.NativeInputSystem:NotifyUpdate (UnityEngineInternal.Input.NativeInputUpdateType,intptr) (at /Users/bokken/build/output/unity/unity/Modules/Input/Private/Input.cs:132)

[SupportJourneyTouch] phase=Began point=(1103.18, 532.00) hit=
UnityEngine.Debug:Log (object)
Game.Editor.SupportSmokeJourneyProbe:TouchEvidence (Game.UI.Runtime.AriaTouchInputUiSystemHelper,string,UnityEngine.Vector2) (at Assets/Game/Scripts/Editor/SupportSmokeJourneyProbe.cs:290)
Game.UI.Runtime.AriaTouchInputUiSystemHelper:OnInputEvent (UnityEngine.InputSystem.LowLevel.InputEventPtr,UnityEngine.InputSystem.InputDevice) (at Assets/Game/Scripts/UI/Screens/AriaTouchInputUiSystemHelper.cs:162)
UnityEngine.InputSystem.LowLevel.NativeInputRuntime/<>c__DisplayClass7_0:<set_onUpdate>b__0 (UnityEngineInternal.Input.NativeInputUpdateType,UnityEngineInternal.Input.NativeInputEventBuffer*)
UnityEngineInternal.Input.NativeInputSystem:NotifyUpdate (UnityEngineInternal.Input.NativeInputUpdateType,intptr) (at /Users/bokken/build/output/unity/unity/Modules/Input/Private/Input.cs:132)

[SupportJourneyTouch] phase=Ended point=(1103.18, 532.00) hit=
UnityEngine.Debug:Log (object)
Game.Editor.SupportSmokeJourneyProbe:TouchEvidence (Game.UI.Runtime.AriaTouchInputUiSystemHelper,string,UnityEngine.Vector2) (at Assets/Game/Scripts/Editor/SupportSmokeJourneyProbe.cs:290)
Game.UI.Runtime.AriaTouchInputUiSystemHelper:OnInputEvent (UnityEngine.InputSystem.LowLevel.InputEventPtr,UnityEngine.InputSystem.InputDevice) (at Assets/Game/Scripts/UI/Screens/AriaTouchInputUiSystemHelper.cs:162)
UnityEngine.InputSystem.LowLevel.NativeInputRuntime/<>c__DisplayClass7_0:<set_onUpdate>b__0 (UnityEngineInternal.Input.NativeInputUpdateType,UnityEngineInternal.Input.NativeInputEventBuffer*)
UnityEngineInternal.Input.NativeInputSystem:NotifyUpdate (UnityEngineInternal.Input.NativeInputUpdateType,intptr) (at /Users/bokken/build/output/unity/unity/Modules/Input/Private/Input.cs:132)

[PerfDiag] slowUpdate frame=7790 total=145.3ms gc=0/0/0 cpuFrame=19.0ms cpuMain=14.1ms cpuRender=4.1ms gpu=7.1ms steps=RoadBuild=0.0ms, BuildingPlacement=0.1ms, Selection=141.8ms, DayNight=0.0ms, CitizenPopulation=0.0ms, MainMenu=3.4ms units=4946 models=13 sourceKeys=4946 sourceKeyFallbackVisuals=0 initialSpawnConfigs=2 drawCalls=770 batches=0 setPass=132 tris=1639838 verts=3027157 memory=alloc=10797MB reserved=11636MB mono=3582MB uiToolkit=0 gameplayInitialized=1 playRequested=1 simulationActive=1 focused=1 vSync=0 targetFps=-1 topSystems=disabled markers=disabled
[SupportJourneyTouch] phase=Began point=(1088.71, 532.80) hit=
UnityEngine.Debug:Log (object)
Game.Editor.SupportSmokeJourneyProbe:TouchEvidence (Game.UI.Runtime.AriaTouchInputUiSystemHelper,string,UnityEngine.Vector2) (at Assets/Game/Scripts/Editor/SupportSmokeJourneyProbe.cs:290)
Game.UI.Runtime.AriaTouchInputUiSystemHelper:OnInputEvent (UnityEngine.InputSystem.LowLevel.InputEventPtr,UnityEngine.InputSystem.InputDevice) (at Assets/Game/Scripts/UI/Screens/AriaTouchInputUiSystemHelper.cs:162)
UnityEngine.InputSystem.LowLevel.NativeInputRuntime/<>c__DisplayClass7_0:<set_onUpdate>b__0 (UnityEngineInternal.Input.NativeInputUpdateType,UnityEngineInternal.Input.NativeInputEventBuffer*)
UnityEngineInternal.Input.NativeInputSystem:NotifyUpdate (UnityEngineInternal.Input.NativeInputUpdateType,intptr) (at /Users/bokken/build/output/unity/unity/Modules/Input/Private/Input.cs:132)

[FreezeDetect] Frame gap frame=7791 Gap=180.3ms GC=0/0/0 LastSteps=RoadBuild=0.0ms, BuildingPlacement=0.1ms, Selection=141.8ms, DayNight=0.0ms, CitizenPopulation=0.0ms, MainMenu=3.4ms
[SupportJourneyTouch] phase=Ended point=(1088.71, 532.80) hit=
UnityEngine.Debug:Log (object)
Game.Editor.SupportSmokeJourneyProbe:TouchEvidence (Game.UI.Runtime.AriaTouchInputUiSystemHelper,string,UnityEngine.Vector2) (at Assets/Game/Scripts/Editor/SupportSmokeJourneyProbe.cs:290)
Game.UI.Runtime.AriaTouchInputUiSystemHelper:OnInputEvent (UnityEngine.InputSystem.LowLevel.InputEventPtr,UnityEngine.InputSystem.InputDevice) (at Assets/Game/Scripts/UI/Screens/AriaTouchInputUiSystemHelper.cs:162)
UnityEngine.InputSystem.LowLevel.NativeInputRuntime/<>c__DisplayClass7_0:<set_onUpdate>b__0 (UnityEngineInternal.Input.NativeInputUpdateType,UnityEngineInternal.Input.NativeInputEventBuffer*)
UnityEngineInternal.Input.NativeInputSystem:NotifyUpdate (UnityEngineInternal.Input.NativeInputUpdateType,intptr) (at /Users/bokken/build/output/unity/unity/Modules/Input/Private/Input.cs:132)

[SupportJourneyTouch] phase=Began point=(1069.42, 533.91) hit=
UnityEngine.Debug:Log (object)
Game.Editor.SupportSmokeJourneyProbe:TouchEvidence (Game.UI.Runtime.AriaTouchInputUiSystemHelper,string,UnityEngine.Vector2) (at Assets/Game/Scripts/Editor/SupportSmokeJourneyProbe.cs:290)
Game.UI.Runtime.AriaTouchInputUiSystemHelper:OnInputEvent (UnityEngine.InputSystem.LowLevel.InputEventPtr,UnityEngine.InputSystem.InputDevice) (at Assets/Game/Scripts/UI/Screens/AriaTouchInputUiSystemHelper.cs:162)
UnityEngine.InputSystem.LowLevel.NativeInputRuntime/<>c__DisplayClass7_0:<set_onUpdate>b__0 (UnityEngineInternal.Input.NativeInputUpdateType,UnityEngineInternal.Input.NativeInputEventBuffer*)
UnityEngineInternal.Input.NativeInputSystem:NotifyUpdate (UnityEngineInternal.Input.NativeInputUpdateType,intptr) (at /Users/bokken/build/output/unity/unity/Modules/Input/Private/Input.cs:132)

[SupportJourneyTouch] phase=Ended point=(1069.42, 533.91) hit=
UnityEngine.Debug:Log (object)
Game.Editor.SupportSmokeJourneyProbe:TouchEvidence (Game.UI.Runtime.AriaTouchInputUiSystemHelper,string,UnityEngine.Vector2) (at Assets/Game/Scripts/Editor/SupportSmokeJourneyProbe.cs:290)
Game.UI.Runtime.AriaTouchInputUiSystemHelper:OnInputEvent (UnityEngine.InputSystem.LowLevel.InputEventPtr,UnityEngine.InputSystem.InputDevice) (at Assets/Game/Scripts/UI/Screens/AriaTouchInputUiSystemHelper.cs:162)
UnityEngine.InputSystem.LowLevel.NativeInputRuntime/<>c__DisplayClass7_0:<set_onUpdate>b__0 (UnityEngineInternal.Input.NativeInputUpdateType,UnityEngineInternal.Input.NativeInputEventBuffer*)
UnityEngineInternal.Input.NativeInputSystem:NotifyUpdate (UnityEngineInternal.Input.NativeInputUpdateType,intptr) (at /Users/bokken/build/output/unity/unity/Modules/Input/Private/Input.cs:132)

[SupportJourneyTouch] phase=Began point=(1057.46, 534.64) hit=
UnityEngine.Debug:Log (object)
Game.Editor.SupportSmokeJourneyProbe:TouchEvidence (Game.UI.Runtime.AriaTouchInputUiSystemHelper,string,UnityEngine.Vector2) (at Assets/Game/Scripts/Editor/SupportSmokeJourneyProbe.cs:290)
Game.UI.Runtime.AriaTouchInputUiSystemHelper:OnInputEvent (UnityEngine.InputSystem.LowLevel.InputEventPtr,UnityEngine.InputSystem.InputDevice) (at Assets/Game/Scripts/UI/Screens/AriaTouchInputUiSystemHelper.cs:162)
UnityEngine.InputSystem.LowLevel.NativeInputRuntime/<>c__DisplayClass7_0:<set_onUpdate>b__0 (UnityEngineInternal.Input.NativeInputUpdateType,UnityEngineInternal.Input.NativeInputEventBuffer*)
UnityEngineInternal.Input.NativeInputSystem:NotifyUpdate (UnityEngineInternal.Input.NativeInputUpdateType,intptr) (at /Users/bokken/build/output/unity/unity/Modules/Input/Private/Input.cs:132)

[SupportJourneyTouch] phase=Ended point=(1057.46, 534.64) hit=
UnityEngine.Debug:Log (object)
Game.Editor.SupportSmokeJourneyProbe:TouchEvidence (Game.UI.Runtime.AriaTouchInputUiSystemHelper,string,UnityEngine.Vector2) (at Assets/Game/Scripts/Editor/SupportSmokeJourneyProbe.cs:290)
Game.UI.Runtime.AriaTouchInputUiSystemHelper:OnInputEvent (UnityEngine.InputSystem.LowLevel.InputEventPtr,UnityEngine.InputSystem.InputDevice) (at Assets/Game/Scripts/UI/Screens/AriaTouchInputUiSystemHelper.cs:162)
UnityEngine.InputSystem.LowLevel.NativeInputRuntime/<>c__DisplayClass7_0:<set_onUpdate>b__0 (UnityEngineInternal.Input.NativeInputUpdateType,UnityEngineInternal.Input.NativeInputEventBuffer*)
UnityEngineInternal.Input.NativeInputSystem:NotifyUpdate (UnityEngineInternal.Input.NativeInputUpdateType,intptr) (at /Users/bokken/build/output/unity/unity/Modules/Input/Private/Input.cs:132)

[SupportJourneyTouch] phase=Began point=(1044.82, 535.45) hit=
UnityEngine.Debug:Log (object)
Game.Editor.SupportSmokeJourneyProbe:TouchEvidence (Game.UI.Runtime.AriaTouchInputUiSystemHelper,string,UnityEngine.Vector2) (at Assets/Game/Scripts/Editor/SupportSmokeJourneyProbe.cs:290)
Game.UI.Runtime.AriaTouchInputUiSystemHelper:OnInputEvent (UnityEngine.InputSystem.LowLevel.InputEventPtr,UnityEngine.InputSystem.InputDevice) (at Assets/Game/Scripts/UI/Screens/AriaTouchInputUiSystemHelper.cs:162)
UnityEngine.InputSystem.LowLevel.NativeInputRuntime/<>c__DisplayClass7_0:<set_onUpdate>b__0 (UnityEngineInternal.Input.NativeInputUpdateType,UnityEngineInternal.Input.NativeInputEventBuffer*)
UnityEngineInternal.Input.NativeInputSystem:NotifyUpdate (UnityEngineInternal.Input.NativeInputUpdateType,intptr) (at /Users/bokken/build/output/unity/unity/Modules/Input/Private/Input.cs:132)

[SupportJourneyTouch] phase=Ended point=(1044.82, 535.45) hit=
UnityEngine.Debug:Log (object)
Game.Editor.SupportSmokeJourneyProbe:TouchEvidence (Game.UI.Runtime.AriaTouchInputUiSystemHelper,string,UnityEngine.Vector2) (at Assets/Game/Scripts/Editor/SupportSmokeJourneyProbe.cs:290)
Game.UI.Runtime.AriaTouchInputUiSystemHelper:OnInputEvent (UnityEngine.InputSystem.LowLevel.InputEventPtr,UnityEngine.InputSystem.InputDevice) (at Assets/Game/Scripts/UI/Screens/AriaTouchInputUiSystemHelper.cs:162)
UnityEngine.InputSystem.LowLevel.NativeInputRuntime/<>c__DisplayClass7_0:<set_onUpdate>b__0 (UnityEngineInternal.Input.NativeInputUpdateType,UnityEngineInternal.Input.NativeInputEventBuffer*)
UnityEngineInternal.Input.NativeInputSystem:NotifyUpdate (UnityEngineInternal.Input.NativeInputUpdateType,intptr) (at /Users/bokken/build/output/unity/unity/Modules/Input/Private/Input.cs:132)

[PerfDiag] slowUpdate frame=7811 total=102.7ms gc=0/0/0 cpuFrame=19.8ms cpuMain=15.2ms cpuRender=3.5ms gpu=8.8ms steps=RoadBuild=0.0ms, BuildingPlacement=0.1ms, Selection=101.4ms, DayNight=0.0ms, CitizenPopulation=0.0ms, MainMenu=1.2ms units=4946 models=13 sourceKeys=4946 sourceKeyFallbackVisuals=0 initialSpawnConfigs=2 drawCalls=765 batches=0 setPass=132 tris=1637819 verts=3021416 memory=alloc=10860MB reserved=11698MB mono=3629MB uiToolkit=0 gameplayInitialized=1 playRequested=1 simulationActive=1 focused=1 vSync=0 targetFps=-1 topSystems=disabled markers=disabled
[SupportJourneyTouch] phase=Began point=(1034.98, 536.10) hit=
UnityEngine.Debug:Log (object)
Game.Editor.SupportSmokeJourneyProbe:TouchEvidence (Game.UI.Runtime.AriaTouchInputUiSystemHelper,string,UnityEngine.Vector2) (at Assets/Game/Scripts/Editor/SupportSmokeJourneyProbe.cs:290)
Game.UI.Runtime.AriaTouchInputUiSystemHelper:OnInputEvent (UnityEngine.InputSystem.LowLevel.InputEventPtr,UnityEngine.InputSystem.InputDevice) (at Assets/Game/Scripts/UI/Screens/AriaTouchInputUiSystemHelper.cs:162)
UnityEngine.InputSystem.LowLevel.NativeInputRuntime/<>c__DisplayClass7_0:<set_onUpdate>b__0 (UnityEngineInternal.Input.NativeInputUpdateType,UnityEngineInternal.Input.NativeInputEventBuffer*)
UnityEngineInternal.Input.NativeInputSystem:NotifyUpdate (UnityEngineInternal.Input.NativeInputUpdateType,intptr) (at /Users/bokken/build/output/unity/unity/Modules/Input/Private/Input.cs:132)

[SupportJourneyTouch] phase=Ended point=(1034.98, 536.10) hit=
UnityEngine.Debug:Log (object)
Game.Editor.SupportSmokeJourneyProbe:TouchEvidence (Game.UI.Runtime.AriaTouchInputUiSystemHelper,string,UnityEngine.Vector2) (at Assets/Game/Scripts/Editor/SupportSmokeJourneyProbe.cs:290)
Game.UI.Runtime.AriaTouchInputUiSystemHelper:OnInputEvent (UnityEngine.InputSystem.LowLevel.InputEventPtr,UnityEngine.InputSystem.InputDevice) (at Assets/Game/Scripts/UI/Screens/AriaTouchInputUiSystemHelper.cs:162)
UnityEngine.InputSystem.LowLevel.NativeInputRuntime/<>c__DisplayClass7_0:<set_onUpdate>b__0 (UnityEngineInternal.Input.NativeInputUpdateType,UnityEngineInternal.Input.NativeInputEventBuffer*)
UnityEngineInternal.Input.NativeInputSystem:NotifyUpdate (UnityEngineInternal.Input.NativeInputUpdateType,intptr) (at /Users/bokken/build/output/unity/unity/Modules/Input/Private/Input.cs:132)

[SupportJourneyTouch] phase=Began point=(1025.99, 536.72) hit=
UnityEngine.Debug:Log (object)
Game.Editor.SupportSmokeJourneyProbe:TouchEvidence (Game.UI.Runtime.AriaTouchInputUiSystemHelper,string,UnityEngine.Vector2) (at Assets/Game/Scripts/Editor/SupportSmokeJourneyProbe.cs:290)
Game.UI.Runtime.AriaTouchInputUiSystemHelper:OnInputEvent (UnityEngine.InputSystem.LowLevel.InputEventPtr,UnityEngine.InputSystem.InputDevice) (at Assets/Game/Scripts/UI/Screens/AriaTouchInputUiSystemHelper.cs:162)
UnityEngine.InputSystem.LowLevel.NativeInputRuntime/<>c__DisplayClass7_0:<set_onUpdate>b__0 (UnityEngineInternal.Input.NativeInputUpdateType,UnityEngineInternal.Input.NativeInputEventBuffer*)
UnityEngineInternal.Input.NativeInputSystem:NotifyUpdate (UnityEngineInternal.Input.NativeInputUpdateType,intptr) (at /Users/bokken/build/output/unity/unity/Modules/Input/Private/Input.cs:132)

[SupportJourneyTouch] phase=Ended point=(1025.99, 536.72) hit=
UnityEngine.Debug:Log (object)
Game.Editor.SupportSmokeJourneyProbe:TouchEvidence (Game.UI.Runtime.AriaTouchInputUiSystemHelper,string,UnityEngine.Vector2) (at Assets/Game/Scripts/Editor/SupportSmokeJourneyProbe.cs:290)
Game.UI.Runtime.AriaTouchInputUiSystemHelper:OnInputEvent (UnityEngine.InputSystem.LowLevel.InputEventPtr,UnityEngine.InputSystem.InputDevice) (at Assets/Game/Scripts/UI/Screens/AriaTouchInputUiSystemHelper.cs:162)
UnityEngine.InputSystem.LowLevel.NativeInputRuntime/<>c__DisplayClass7_0:<set_onUpdate>b__0 (UnityEngineInternal.Input.NativeInputUpdateType,UnityEngineInternal.Input.NativeInputEventBuffer*)
UnityEngineInternal.Input.NativeInputSystem:NotifyUpdate (UnityEngineInternal.Input.NativeInputUpdateType,intptr) (at /Users/bokken/build/output/unity/unity/Modules/Input/Private/Input.cs:132)

[FrameRateDiag] fps=30.1 avgFrame=33.2ms updateAvg=15.7ms updateMax=166.4ms cpuFrame=19.0ms cpuMain=14.0ms cpuRender=3.3ms gpu=7.7ms drawCalls=763 batches=0 setPass=132 tris=1649297 verts=3041419 units=4946 models=13 sourceKeys=4946 sourceKeyFallbackVisuals=0 initialSpawnConfigs=2 impostors=0 render=screen=1920x1080,batch=0,quality=1:Mobile,vSync=0,targetFps=-1,pipeline=Mobile_RPAsset_MobileCandidate,scale=0.75,msaa=0,camera=Main Camera,cameraData=post:1,aa:FastApproximateAntialiasing,stack:0 memory=alloc=10892MB reserved=11730MB mono=3653MB focused=1 playRequested=1 simulationActive=1 stepStats=none topSystems=disabled markers=disabled
[SupportJourneyTouch] phase=Began point=(1018.54, 537.26) hit=
UnityEngine.Debug:Log (object)
Game.Editor.SupportSmokeJourneyProbe:TouchEvidence (Game.UI.Runtime.AriaTouchInputUiSystemHelper,string,UnityEngine.Vector2) (at Assets/Game/Scripts/Editor/SupportSmokeJourneyProbe.cs:290)
Game.UI.Runtime.AriaTouchInputUiSystemHelper:OnInputEvent (UnityEngine.InputSystem.LowLevel.InputEventPtr,UnityEngine.InputSystem.InputDevice) (at Assets/Game/Scripts/UI/Screens/AriaTouchInputUiSystemHelper.cs:162)
UnityEngine.InputSystem.LowLevel.NativeInputRuntime/<>c__DisplayClass7_0:<set_onUpdate>b__0 (UnityEngineInternal.Input.NativeInputUpdateType,UnityEngineInternal.Input.NativeInputEventBuffer*)
UnityEngineInternal.Input.NativeInputSystem:NotifyUpdate (UnityEngineInternal.Input.NativeInputUpdateType,intptr) (at /Users/bokken/build/output/unity/unity/Modules/Input/Private/Input.cs:132)

[SupportJourneyTouch] phase=Ended point=(1018.54, 537.26) hit=
UnityEngine.Debug:Log (object)
Game.Editor.SupportSmokeJourneyProbe:TouchEvidence (Game.UI.Runtime.AriaTouchInputUiSystemHelper,string,UnityEngine.Vector2) (at Assets/Game/Scripts/Editor/SupportSmokeJourneyProbe.cs:290)
Game.UI.Runtime.AriaTouchInputUiSystemHelper:OnInputEvent (UnityEngine.InputSystem.LowLevel.InputEventPtr,UnityEngine.InputSystem.InputDevice) (at Assets/Game/Scripts/UI/Screens/AriaTouchInputUiSystemHelper.cs:162)
UnityEngine.InputSystem.LowLevel.NativeInputRuntime/<>c__DisplayClass7_0:<set_onUpdate>b__0 (UnityEngineInternal.Input.NativeInputUpdateType,UnityEngineInternal.Input.NativeInputEventBuffer*)
UnityEngineInternal.Input.NativeInputSystem:NotifyUpdate (UnityEngineInternal.Input.NativeInputUpdateType,intptr) (at /Users/bokken/build/output/unity/unity/Modules/Input/Private/Input.cs:132)

[SupportJourneyTouch] phase=Began point=(1011.10, 537.81) hit=
UnityEngine.Debug:Log (object)
Game.Editor.SupportSmokeJourneyProbe:TouchEvidence (Game.UI.Runtime.AriaTouchInputUiSystemHelper,string,UnityEngine.Vector2) (at Assets/Game/Scripts/Editor/SupportSmokeJourneyProbe.cs:290)
Game.UI.Runtime.AriaTouchInputUiSystemHelper:OnInputEvent (UnityEngine.InputSystem.LowLevel.InputEventPtr,UnityEngine.InputSystem.InputDevice) (at Assets/Game/Scripts/UI/Screens/AriaTouchInputUiSystemHelper.cs:162)
UnityEngine.InputSystem.LowLevel.NativeInputRuntime/<>c__DisplayClass7_0:<set_onUpdate>b__0 (UnityEngineInternal.Input.NativeInputUpdateType,UnityEngineInternal.Input.NativeInputEventBuffer*)
UnityEngineInternal.Input.NativeInputSystem:NotifyUpdate (UnityEngineInternal.Input.NativeInputUpdateType,intptr) (at /Users/bokken/build/output/unity/unity/Modules/Input/Private/Input.cs:132)

[SupportJourneyTouch] phase=Ended point=(1011.10, 537.81) hit=
UnityEngine.Debug:Log (object)
Game.Editor.SupportSmokeJourneyProbe:TouchEvidence (Game.UI.Runtime.AriaTouchInputUiSystemHelper,string,UnityEngine.Vector2) (at Assets/Game/Scripts/Editor/SupportSmokeJourneyProbe.cs:290)
Game.UI.Runtime.AriaTouchInputUiSystemHelper:OnInputEvent (UnityEngine.InputSystem.LowLevel.InputEventPtr,UnityEngine.InputSystem.InputDevice) (at Assets/Game/Scripts/UI/Screens/AriaTouchInputUiSystemHelper.cs:162)
UnityEngine.InputSystem.LowLevel.NativeInputRuntime/<>c__DisplayClass7_0:<set_onUpdate>b__0 (UnityEngineInternal.Input.NativeInputUpdateType,UnityEngineInternal.Input.NativeInputEventBuffer*)
UnityEngineInternal.Input.NativeInputSystem:NotifyUpdate (UnityEngineInternal.Input.NativeInputUpdateType,intptr) (at /Users/bokken/build/output/unity/unity/Modules/Input/Private/Input.cs:132)

[SupportJourneyTouch] phase=Began point=(1005.13, 538.27) hit=
UnityEngine.Debug:Log (object)
Game.Editor.SupportSmokeJourneyProbe:TouchEvidence (Game.UI.Runtime.AriaTouchInputUiSystemHelper,string,UnityEngine.Vector2) (at Assets/Game/Scripts/Editor/SupportSmokeJourneyProbe.cs:290)
Game.UI.Runtime.AriaTouchInputUiSystemHelper:OnInputEvent (UnityEngine.InputSystem.LowLevel.InputEventPtr,UnityEngine.InputSystem.InputDevice) (at Assets/Game/Scripts/UI/Screens/AriaTouchInputUiSystemHelper.cs:162)
UnityEngine.InputSystem.LowLevel.NativeInputRuntime/<>c__DisplayClass7_0:<set_onUpdate>b__0 (UnityEngineInternal.Input.NativeInputUpdateType,UnityEngineInternal.Input.NativeInputEventBuffer*)
UnityEngineInternal.Input.NativeInputSystem:NotifyUpdate (UnityEngineInternal.Input.NativeInputUpdateType,intptr) (at /Users/bokken/build/output/unity/unity/Modules/Input/Private/Input.cs:132)

[SupportJourneyTouch] phase=Ended point=(1005.13, 538.27) hit=
UnityEngine.Debug:Log (object)
Game.Editor.SupportSmokeJourneyProbe:TouchEvidence (Game.UI.Runtime.AriaTouchInputUiSystemHelper,string,UnityEngine.Vector2) (at Assets/Game/Scripts/Editor/SupportSmokeJourneyProbe.cs:290)
Game.UI.Runtime.AriaTouchInputUiSystemHelper:OnInputEvent (UnityEngine.InputSystem.LowLevel.InputEventPtr,UnityEngine.InputSystem.InputDevice) (at Assets/Game/Scripts/UI/Screens/AriaTouchInputUiSystemHelper.cs:162)
UnityEngine.InputSystem.LowLevel.NativeInputRuntime/<>c__DisplayClass7_0:<set_onUpdate>b__0 (UnityEngineInternal.Input.NativeInputUpdateType,UnityEngineInternal.Input.NativeInputEventBuffer*)
UnityEngineInternal.Input.NativeInputSystem:NotifyUpdate (UnityEngineInternal.Input.NativeInputUpdateType,intptr) (at /Users/bokken/build/output/unity/unity/Modules/Input/Private/Input.cs:132)

[PerfDiag] slowUpdate frame=7837 total=90.3ms gc=0/0/0 cpuFrame=16.4ms cpuMain=11.5ms cpuRender=2.5ms gpu=8.8ms steps=RoadBuild=0.0ms, BuildingPlacement=0.1ms, Selection=89.3ms, DayNight=0.0ms, CitizenPopulation=0.0ms, MainMenu=0.9ms units=4946 models=13 sourceKeys=4946 sourceKeyFallbackVisuals=0 initialSpawnConfigs=2 drawCalls=769 batches=0 setPass=132 tris=1629029 verts=3003340 memory=alloc=10955MB reserved=11793MB mono=3700MB uiToolkit=0 gameplayInitialized=1 playRequested=1 simulationActive=1 focused=1 vSync=0 targetFps=-1 topSystems=disabled markers=disabled
[SupportJourneyTouch] phase=Began point=(999.98, 538.69) hit=
UnityEngine.Debug:Log (object)
Game.Editor.SupportSmokeJourneyProbe:TouchEvidence (Game.UI.Runtime.AriaTouchInputUiSystemHelper,string,UnityEngine.Vector2) (at Assets/Game/Scripts/Editor/SupportSmokeJourneyProbe.cs:290)
Game.UI.Runtime.AriaTouchInputUiSystemHelper:OnInputEvent (UnityEngine.InputSystem.LowLevel.InputEventPtr,UnityEngine.InputSystem.InputDevice) (at Assets/Game/Scripts/UI/Screens/AriaTouchInputUiSystemHelper.cs:162)
UnityEngine.InputSystem.LowLevel.NativeInputRuntime/<>c__DisplayClass7_0:<set_onUpdate>b__0 (UnityEngineInternal.Input.NativeInputUpdateType,UnityEngineInternal.Input.NativeInputEventBuffer*)
UnityEngineInternal.Input.NativeInputSystem:NotifyUpdate (UnityEngineInternal.Input.NativeInputUpdateType,intptr) (at /Users/bokken/build/output/unity/unity/Modules/Input/Private/Input.cs:132)

[SupportJourneyTouch] phase=Ended point=(999.98, 538.69) hit=
UnityEngine.Debug:Log (object)
Game.Editor.SupportSmokeJourneyProbe:TouchEvidence (Game.UI.Runtime.AriaTouchInputUiSystemHelper,string,UnityEngine.Vector2) (at Assets/Game/Scripts/Editor/SupportSmokeJourneyProbe.cs:290)
Game.UI.Runtime.AriaTouchInputUiSystemHelper:OnInputEvent (UnityEngine.InputSystem.LowLevel.InputEventPtr,UnityEngine.InputSystem.InputDevice) (at Assets/Game/Scripts/UI/Screens/AriaTouchInputUiSystemHelper.cs:162)
UnityEngine.InputSystem.LowLevel.NativeInputRuntime/<>c__DisplayClass7_0:<set_onUpdate>b__0 (UnityEngineInternal.Input.NativeInputUpdateType,UnityEngineInternal.Input.NativeInputEventBuffer*)
UnityEngineInternal.Input.NativeInputSystem:NotifyUpdate (UnityEngineInternal.Input.NativeInputUpdateType,intptr) (at /Users/bokken/build/output/unity/unity/Modules/Input/Private/Input.cs:132)

[SupportJourneyTouch] phase=Began point=(995.56, 539.05) hit=
UnityEngine.Debug:Log (object)
Game.Editor.SupportSmokeJourneyProbe:TouchEvidence (Game.UI.Runtime.AriaTouchInputUiSystemHelper,string,UnityEngine.Vector2) (at Assets/Game/Scripts/Editor/SupportSmokeJourneyProbe.cs:290)
Game.UI.Runtime.AriaTouchInputUiSystemHelper:OnInputEvent (UnityEngine.InputSystem.LowLevel.InputEventPtr,UnityEngine.InputSystem.InputDevice) (at Assets/Game/Scripts/UI/Screens/AriaTouchInputUiSystemHelper.cs:162)
UnityEngine.InputSystem.LowLevel.NativeInputRuntime/<>c__DisplayClass7_0:<set_onUpdate>b__0 (UnityEngineInternal.Input.NativeInputUpdateType,UnityEngineInternal.Input.NativeInputEventBuffer*)
UnityEngineInternal.Input.NativeInputSystem:NotifyUpdate (UnityEngineInternal.Input.NativeInputUpdateType,intptr) (at /Users/bokken/build/output/unity/unity/Modules/Input/Private/Input.cs:132)

[SupportJourneyTouch] phase=Ended point=(995.56, 539.05) hit=
UnityEngine.Debug:Log (object)
Game.Editor.SupportSmokeJourneyProbe:TouchEvidence (Game.UI.Runtime.AriaTouchInputUiSystemHelper,string,UnityEngine.Vector2) (at Assets/Game/Scripts/Editor/SupportSmokeJourneyProbe.cs:290)
Game.UI.Runtime.AriaTouchInputUiSystemHelper:OnInputEvent (UnityEngine.InputSystem.LowLevel.InputEventPtr,UnityEngine.InputSystem.InputDevice) (at Assets/Game/Scripts/UI/Screens/AriaTouchInputUiSystemHelper.cs:162)
UnityEngine.InputSystem.LowLevel.NativeInputRuntime/<>c__DisplayClass7_0:<set_onUpdate>b__0 (UnityEngineInternal.Input.NativeInputUpdateType,UnityEngineInternal.Input.NativeInputEventBuffer*)
UnityEngineInternal.Input.NativeInputSystem:NotifyUpdate (UnityEngineInternal.Input.NativeInputUpdateType,intptr) (at /Users/bokken/build/output/unity/unity/Modules/Input/Private/Input.cs:132)

[SupportJourneyTouch] phase=Began point=(991.82, 539.37) hit=
UnityEngine.Debug:Log (object)
Game.Editor.SupportSmokeJourneyProbe:TouchEvidence (Game.UI.Runtime.AriaTouchInputUiSystemHelper,string,UnityEngine.Vector2) (at Assets/Game/Scripts/Editor/SupportSmokeJourneyProbe.cs:290)
Game.UI.Runtime.AriaTouchInputUiSystemHelper:OnInputEvent (UnityEngine.InputSystem.LowLevel.InputEventPtr,UnityEngine.InputSystem.InputDevice) (at Assets/Game/Scripts/UI/Screens/AriaTouchInputUiSystemHelper.cs:162)
UnityEngine.InputSystem.LowLevel.NativeInputRuntime/<>c__DisplayClass7_0:<set_onUpdate>b__0 (UnityEngineInternal.Input.NativeInputUpdateType,UnityEngineInternal.Input.NativeInputEventBuffer*)
UnityEngineInternal.Input.NativeInputSystem:NotifyUpdate (UnityEngineInternal.Input.NativeInputUpdateType,intptr) (at /Users/bokken/build/output/unity/unity/Modules/Input/Private/Input.cs:132)

[SupportJourneyTouch] phase=Ended point=(991.82, 539.37) hit=
UnityEngine.Debug:Log (object)
Game.Editor.SupportSmokeJourneyProbe:TouchEvidence (Game.UI.Runtime.AriaTouchInputUiSystemHelper,string,UnityEngine.Vector2) (at Assets/Game/Scripts/Editor/SupportSmokeJourneyProbe.cs:290)
Game.UI.Runtime.AriaTouchInputUiSystemHelper:OnInputEvent (UnityEngine.InputSystem.LowLevel.InputEventPtr,UnityEngine.InputSystem.InputDevice) (at Assets/Game/Scripts/UI/Screens/AriaTouchInputUiSystemHelper.cs:162)
UnityEngine.InputSystem.LowLevel.NativeInputRuntime/<>c__DisplayClass7_0:<set_onUpdate>b__0 (UnityEngineInternal.Input.NativeInputUpdateType,UnityEngineInternal.Input.NativeInputEventBuffer*)
UnityEngineInternal.Input.NativeInputSystem:NotifyUpdate (UnityEngineInternal.Input.NativeInputUpdateType,intptr) (at /Users/bokken/build/output/unity/unity/Modules/Input/Private/Input.cs:132)

[SupportJourneyTouch] phase=Began point=(988.26, 539.68) hit=
UnityEngine.Debug:Log (object)
Game.Editor.SupportSmokeJourneyProbe:TouchEvidence (Game.UI.Runtime.AriaTouchInputUiSystemHelper,string,UnityEngine.Vector2) (at Assets/Game/Scripts/Editor/SupportSmokeJourneyProbe.cs:290)
Game.UI.Runtime.AriaTouchInputUiSystemHelper:OnInputEvent (UnityEngine.InputSystem.LowLevel.InputEventPtr,UnityEngine.InputSystem.InputDevice) (at Assets/Game/Scripts/UI/Screens/AriaTouchInputUiSystemHelper.cs:162)
UnityEngine.InputSystem.LowLevel.NativeInputRuntime/<>c__DisplayClass7_0:<set_onUpdate>b__0 (UnityEngineInternal.Input.NativeInputUpdateType,UnityEngineInternal.Input.NativeInputEventBuffer*)
UnityEngineInternal.Input.NativeInputSystem:NotifyUpdate (UnityEngineInternal.Input.NativeInputUpdateType,intptr) (at /Users/bokken/build/output/unity/unity/Modules/Input/Private/Input.cs:132)

[SupportJourneyTouch] phase=Ended point=(988.26, 539.68) hit=
UnityEngine.Debug:Log (object)
Game.Editor.SupportSmokeJourneyProbe:TouchEvidence (Game.UI.Runtime.AriaTouchInputUiSystemHelper,string,UnityEngine.Vector2) (at Assets/Game/Scripts/Editor/SupportSmokeJourneyProbe.cs:290)
Game.UI.Runtime.AriaTouchInputUiSystemHelper:OnInputEvent (UnityEngine.InputSystem.LowLevel.InputEventPtr,UnityEngine.InputSystem.InputDevice) (at Assets/Game/Scripts/UI/Screens/AriaTouchInputUiSystemHelper.cs:162)
UnityEngine.InputSystem.LowLevel.NativeInputRuntime/<>c__DisplayClass7_0:<set_onUpdate>b__0 (UnityEngineInternal.Input.NativeInputUpdateType,UnityEngineInternal.Input.NativeInputEventBuffer*)
UnityEngineInternal.Input.NativeInputSystem:NotifyUpdate (UnityEngineInternal.Input.NativeInputUpdateType,intptr) (at /Users/bokken/build/output/unity/unity/Modules/Input/Private/Input.cs:132)

[PerfDiag] slowUpdate frame=7858 total=96.9ms gc=0/0/0 cpuFrame=97.8ms cpuMain=94.3ms cpuRender=0.6ms gpu=0.3ms steps=RoadBuild=0.0ms, BuildingPlacement=0.1ms, Selection=95.8ms, DayNight=0.0ms, CitizenPopulation=0.0ms, MainMenu=1.0ms units=4946 models=13 sourceKeys=4946 sourceKeyFallbackVisuals=0 initialSpawnConfigs=2 drawCalls=774 batches=0 setPass=134 tris=1634878 verts=3013488 memory=alloc=11049MB reserved=11886MB mono=3772MB uiToolkit=0 gameplayInitialized=1 playRequested=1 simulationActive=1 focused=1 vSync=0 targetFps=-1 topSystems=disabled markers=disabled
[SupportJourneyTouch] phase=Began point=(984.92, 539.98) hit=
UnityEngine.Debug:Log (object)
Game.Editor.SupportSmokeJourneyProbe:TouchEvidence (Game.UI.Runtime.AriaTouchInputUiSystemHelper,string,UnityEngine.Vector2) (at Assets/Game/Scripts/Editor/SupportSmokeJourneyProbe.cs:290)
Game.UI.Runtime.AriaTouchInputUiSystemHelper:OnInputEvent (UnityEngine.InputSystem.LowLevel.InputEventPtr,UnityEngine.InputSystem.InputDevice) (at Assets/Game/Scripts/UI/Screens/AriaTouchInputUiSystemHelper.cs:162)
UnityEngine.InputSystem.LowLevel.NativeInputRuntime/<>c__DisplayClass7_0:<set_onUpdate>b__0 (UnityEngineInternal.Input.NativeInputUpdateType,UnityEngineInternal.Input.NativeInputEventBuffer*)
UnityEngineInternal.Input.NativeInputSystem:NotifyUpdate (UnityEngineInternal.Input.NativeInputUpdateType,intptr) (at /Users/bokken/build/output/unity/unity/Modules/Input/Private/Input.cs:132)

[SupportJourneyTouch] phase=Ended point=(984.92, 539.98) hit=
UnityEngine.Debug:Log (object)
Game.Editor.SupportSmokeJourneyProbe:TouchEvidence (Game.UI.Runtime.AriaTouchInputUiSystemHelper,string,UnityEngine.Vector2) (at Assets/Game/Scripts/Editor/SupportSmokeJourneyProbe.cs:290)
Game.UI.Runtime.AriaTouchInputUiSystemHelper:OnInputEvent (UnityEngine.InputSystem.LowLevel.InputEventPtr,UnityEngine.InputSystem.InputDevice) (at Assets/Game/Scripts/UI/Screens/AriaTouchInputUiSystemHelper.cs:162)
UnityEngine.InputSystem.LowLevel.NativeInputRuntime/<>c__DisplayClass7_0:<set_onUpdate>b__0 (UnityEngineInternal.Input.NativeInputUpdateType,UnityEngineInternal.Input.NativeInputEventBuffer*)
UnityEngineInternal.Input.NativeInputSystem:NotifyUpdate (UnityEngineInternal.Input.NativeInputUpdateType,intptr) (at /Users/bokken/build/output/unity/unity/Modules/Input/Private/Input.cs:132)

[SupportJourneyTouch] phase=Began point=(981.77, 540.28) hit=
UnityEngine.Debug:Log (object)
Game.Editor.SupportSmokeJourneyProbe:TouchEvidence (Game.UI.Runtime.AriaTouchInputUiSystemHelper,string,UnityEngine.Vector2) (at Assets/Game/Scripts/Editor/SupportSmokeJourneyProbe.cs:290)
Game.UI.Runtime.AriaTouchInputUiSystemHelper:OnInputEvent (UnityEngine.InputSystem.LowLevel.InputEventPtr,UnityEngine.InputSystem.InputDevice) (at Assets/Game/Scripts/UI/Screens/AriaTouchInputUiSystemHelper.cs:162)
UnityEngine.InputSystem.LowLevel.NativeInputRuntime/<>c__DisplayClass7_0:<set_onUpdate>b__0 (UnityEngineInternal.Input.NativeInputUpdateType,UnityEngineInternal.Input.NativeInputEventBuffer*)
UnityEngineInternal.Input.NativeInputSystem:NotifyUpdate (UnityEngineInternal.Input.NativeInputUpdateType,intptr) (at /Users/bokken/build/output/unity/unity/Modules/Input/Private/Input.cs:132)

[SupportJourneyTouch] phase=Ended point=(981.77, 540.28) hit=
UnityEngine.Debug:Log (object)
Game.Editor.SupportSmokeJourneyProbe:TouchEvidence (Game.UI.Runtime.AriaTouchInputUiSystemHelper,string,UnityEngine.Vector2) (at Assets/Game/Scripts/Editor/SupportSmokeJourneyProbe.cs:290)
Game.UI.Runtime.AriaTouchInputUiSystemHelper:OnInputEvent (UnityEngine.InputSystem.LowLevel.InputEventPtr,UnityEngine.InputSystem.InputDevice) (at Assets/Game/Scripts/UI/Screens/AriaTouchInputUiSystemHelper.cs:162)
UnityEngine.InputSystem.LowLevel.NativeInputRuntime/<>c__DisplayClass7_0:<set_onUpdate>b__0 (UnityEngineInternal.Input.NativeInputUpdateType,UnityEngineInternal.Input.NativeInputEventBuffer*)
UnityEngineInternal.Input.NativeInputSystem:NotifyUpdate (UnityEngineInternal.Input.NativeInputUpdateType,intptr) (at /Users/bokken/build/output/unity/unity/Modules/Input/Private/Input.cs:132)

[SupportJourneyTouch] phase=Began point=(978.71, 540.57) hit=
UnityEngine.Debug:Log (object)
Game.Editor.SupportSmokeJourneyProbe:TouchEvidence (Game.UI.Runtime.AriaTouchInputUiSystemHelper,string,UnityEngine.Vector2) (at Assets/Game/Scripts/Editor/SupportSmokeJourneyProbe.cs:290)
Game.UI.Runtime.AriaTouchInputUiSystemHelper:OnInputEvent (UnityEngine.InputSystem.LowLevel.InputEventPtr,UnityEngine.InputSystem.InputDevice) (at Assets/Game/Scripts/UI/Screens/AriaTouchInputUiSystemHelper.cs:162)
UnityEngine.InputSystem.LowLevel.NativeInputRuntime/<>c__DisplayClass7_0:<set_onUpdate>b__0 (UnityEngineInternal.Input.NativeInputUpdateType,UnityEngineInternal.Input.NativeInputEventBuffer*)
UnityEngineInternal.Input.NativeInputSystem:NotifyUpdate (UnityEngineInternal.Input.NativeInputUpdateType,intptr) (at /Users/bokken/build/output/unity/unity/Modules/Input/Private/Input.cs:132)

[SupportJourneyTouch] phase=Ended point=(978.71, 540.57) hit=
UnityEngine.Debug:Log (object)
Game.Editor.SupportSmokeJourneyProbe:TouchEvidence (Game.UI.Runtime.AriaTouchInputUiSystemHelper,string,UnityEngine.Vector2) (at Assets/Game/Scripts/Editor/SupportSmokeJourneyProbe.cs:290)
Game.UI.Runtime.AriaTouchInputUiSystemHelper:OnInputEvent (UnityEngine.InputSystem.LowLevel.InputEventPtr,UnityEngine.InputSystem.InputDevice) (at Assets/Game/Scripts/UI/Screens/AriaTouchInputUiSystemHelper.cs:162)
UnityEngine.InputSystem.LowLevel.NativeInputRuntime/<>c__DisplayClass7_0:<set_onUpdate>b__0 (UnityEngineInternal.Input.NativeInputUpdateType,UnityEngineInternal.Input.NativeInputEventBuffer*)
UnityEngineInternal.Input.NativeInputSystem:NotifyUpdate (UnityEngineInternal.Input.NativeInputUpdateType,intptr) (at /Users/bokken/build/output/unity/unity/Modules/Input/Private/Input.cs:132)

[FreezeDetect] Update hitch frame=7871 Selection=314.6ms, GC=1/1/1, Total=318.0ms
[PerfDiag] slowUpdate frame=7871 total=318.0ms gc=1/1/1 cpuFrame=17.3ms cpuMain=13.1ms cpuRender=2.2ms gpu=6.5ms steps=RoadBuild=0.0ms, BuildingPlacement=0.2ms, Selection=314.6ms, DayNight=0.0ms, CitizenPopulation=0.0ms, MainMenu=3.2ms units=4946 models=13 sourceKeys=4946 sourceKeyFallbackVisuals=0 initialSpawnConfigs=2 drawCalls=767 batches=0 setPass=132 tris=1631260 verts=3006089 memory=alloc=11112MB reserved=11948MB mono=3279MB uiToolkit=0 gameplayInitialized=1 playRequested=1 simulationActive=1 focused=1 vSync=0 targetFps=-1 topSystems=disabled markers=disabled
[SupportJourneyTouch] phase=Began point=(976.38, 540.80) hit=
UnityEngine.Debug:Log (object)
Game.Editor.SupportSmokeJourneyProbe:TouchEvidence (Game.UI.Runtime.AriaTouchInputUiSystemHelper,string,UnityEngine.Vector2) (at Assets/Game/Scripts/Editor/SupportSmokeJourneyProbe.cs:290)
Game.UI.Runtime.AriaTouchInputUiSystemHelper:OnInputEvent (UnityEngine.InputSystem.LowLevel.InputEventPtr,UnityEngine.InputSystem.InputDevice) (at Assets/Game/Scripts/UI/Screens/AriaTouchInputUiSystemHelper.cs:162)
UnityEngine.InputSystem.LowLevel.NativeInputRuntime/<>c__DisplayClass7_0:<set_onUpdate>b__0 (UnityEngineInternal.Input.NativeInputUpdateType,UnityEngineInternal.Input.NativeInputEventBuffer*)
UnityEngineInternal.Input.NativeInputSystem:NotifyUpdate (UnityEngineInternal.Input.NativeInputUpdateType,intptr) (at /Users/bokken/build/output/unity/unity/Modules/Input/Private/Input.cs:132)

[FreezeDetect] Frame gap frame=7872 Gap=340.6ms GC=0/0/0 LastSteps=RoadBuild=0.0ms, BuildingPlacement=0.2ms, Selection=314.6ms, DayNight=0.0ms, CitizenPopulation=0.0ms, MainMenu=3.2ms
[SupportJourneyTouch] phase=Ended point=(976.38, 540.80) hit=
UnityEngine.Debug:Log (object)
Game.Editor.SupportSmokeJourneyProbe:TouchEvidence (Game.UI.Runtime.AriaTouchInputUiSystemHelper,string,UnityEngine.Vector2) (at Assets/Game/Scripts/Editor/SupportSmokeJourneyProbe.cs:290)
Game.UI.Runtime.AriaTouchInputUiSystemHelper:OnInputEvent (UnityEngine.InputSystem.LowLevel.InputEventPtr,UnityEngine.InputSystem.InputDevice) (at Assets/Game/Scripts/UI/Screens/AriaTouchInputUiSystemHelper.cs:162)
UnityEngine.InputSystem.LowLevel.NativeInputRuntime/<>c__DisplayClass7_0:<set_onUpdate>b__0 (UnityEngineInternal.Input.NativeInputUpdateType,UnityEngineInternal.Input.NativeInputEventBuffer*)
UnityEngineInternal.Input.NativeInputSystem:NotifyUpdate (UnityEngineInternal.Input.NativeInputUpdateType,intptr) (at /Users/bokken/build/output/unity/unity/Modules/Input/Private/Input.cs:132)

[SupportJourneyTouch] phase=Began point=(971.57, 541.31) hit=
UnityEngine.Debug:Log (object)
Game.Editor.SupportSmokeJourneyProbe:TouchEvidence (Game.UI.Runtime.AriaTouchInputUiSystemHelper,string,UnityEngine.Vector2) (at Assets/Game/Scripts/Editor/SupportSmokeJourneyProbe.cs:290)
Game.UI.Runtime.AriaTouchInputUiSystemHelper:OnInputEvent (UnityEngine.InputSystem.LowLevel.InputEventPtr,UnityEngine.InputSystem.InputDevice) (at Assets/Game/Scripts/UI/Screens/AriaTouchInputUiSystemHelper.cs:162)
UnityEngine.InputSystem.LowLevel.NativeInputRuntime/<>c__DisplayClass7_0:<set_onUpdate>b__0 (UnityEngineInternal.Input.NativeInputUpdateType,UnityEngineInternal.Input.NativeInputEventBuffer*)
UnityEngineInternal.Input.NativeInputSystem:NotifyUpdate (UnityEngineInternal.Input.NativeInputUpdateType,intptr) (at /Users/bokken/build/output/unity/unity/Modules/Input/Private/Input.cs:132)

[SupportJourneyTouch] phase=Ended point=(971.57, 541.31) hit=
UnityEngine.Debug:Log (object)
Game.Editor.SupportSmokeJourneyProbe:TouchEvidence (Game.UI.Runtime.AriaTouchInputUiSystemHelper,string,UnityEngine.Vector2) (at Assets/Game/Scripts/Editor/SupportSmokeJourneyProbe.cs:290)
Game.UI.Runtime.AriaTouchInputUiSystemHelper:OnInputEvent (UnityEngine.InputSystem.LowLevel.InputEventPtr,UnityEngine.InputSystem.InputDevice) (at Assets/Game/Scripts/UI/Screens/AriaTouchInputUiSystemHelper.cs:162)
UnityEngine.InputSystem.LowLevel.NativeInputRuntime/<>c__DisplayClass7_0:<set_onUpdate>b__0 (UnityEngineInternal.Input.NativeInputUpdateType,UnityEngineInternal.Input.NativeInputEventBuffer*)
UnityEngineInternal.Input.NativeInputSystem:NotifyUpdate (UnityEngineInternal.Input.NativeInputUpdateType,intptr) (at /Users/bokken/build/output/unity/unity/Modules/Input/Private/Input.cs:132)

[SupportJourneyTouch] phase=Began point=(970.05, 541.49) hit=
UnityEngine.Debug:Log (object)
Game.Editor.SupportSmokeJourneyProbe:TouchEvidence (Game.UI.Runtime.AriaTouchInputUiSystemHelper,string,UnityEngine.Vector2) (at Assets/Game/Scripts/Editor/SupportSmokeJourneyProbe.cs:290)
Game.UI.Runtime.AriaTouchInputUiSystemHelper:OnInputEvent (UnityEngine.InputSystem.LowLevel.InputEventPtr,UnityEngine.InputSystem.InputDevice) (at Assets/Game/Scripts/UI/Screens/AriaTouchInputUiSystemHelper.cs:162)
UnityEngine.InputSystem.LowLevel.NativeInputRuntime/<>c__DisplayClass7_0:<set_onUpdate>b__0 (UnityEngineInternal.Input.NativeInputUpdateType,UnityEngineInternal.Input.NativeInputEventBuffer*)
UnityEngineInternal.Input.NativeInputSystem:NotifyUpdate (UnityEngineInternal.Input.NativeInputUpdateType,intptr) (at /Users/bokken/build/output/unity/unity/Modules/Input/Private/Input.cs:132)

[FrameRateDiag] fps=26.9 avgFrame=37.2ms updateAvg=20.4ms updateMax=318.0ms cpuFrame=10.8ms cpuMain=7.4ms cpuRender=0.4ms gpu=10.8ms drawCalls=762 batches=0 setPass=132 tris=1627617 verts=2999267 units=4946 models=13 sourceKeys=4946 sourceKeyFallbackVisuals=0 initialSpawnConfigs=2 impostors=0 render=screen=1920x1080,batch=0,quality=1:Mobile,vSync=0,targetFps=-1,pipeline=Mobile_RPAsset_MobileCandidate,scale=0.75,msaa=0,camera=Main Camera,cameraData=post:1,aa:FastApproximateAntialiasing,stack:0 memory=alloc=11175MB reserved=12012MB mono=3307MB focused=1 playRequested=1 simulationActive=1 stepStats=none topSystems=disabled markers=disabled
[SupportJourneyTouch] phase=Ended point=(970.05, 541.49) hit=
UnityEngine.Debug:Log (object)
Game.Editor.SupportSmokeJourneyProbe:TouchEvidence (Game.UI.Runtime.AriaTouchInputUiSystemHelper,string,UnityEngine.Vector2) (at Assets/Game/Scripts/Editor/SupportSmokeJourneyProbe.cs:290)
Game.UI.Runtime.AriaTouchInputUiSystemHelper:OnInputEvent (UnityEngine.InputSystem.LowLevel.InputEventPtr,UnityEngine.InputSystem.InputDevice) (at Assets/Game/Scripts/UI/Screens/AriaTouchInputUiSystemHelper.cs:162)
UnityEngine.InputSystem.LowLevel.NativeInputRuntime/<>c__DisplayClass7_0:<set_onUpdate>b__0 (UnityEngineInternal.Input.NativeInputUpdateType,UnityEngineInternal.Input.NativeInputEventBuffer*)
UnityEngineInternal.Input.NativeInputSystem:NotifyUpdate (UnityEngineInternal.Input.NativeInputUpdateType,intptr) (at /Users/bokken/build/output/unity/unity/Modules/Input/Private/Input.cs:132)

[SupportJourneyTouch] phase=Began point=(968.71, 541.65) hit=
UnityEngine.Debug:Log (object)
Game.Editor.SupportSmokeJourneyProbe:TouchEvidence (Game.UI.Runtime.AriaTouchInputUiSystemHelper,string,UnityEngine.Vector2) (at Assets/Game/Scripts/Editor/SupportSmokeJourneyProbe.cs:290)
Game.UI.Runtime.AriaTouchInputUiSystemHelper:OnInputEvent (UnityEngine.InputSystem.LowLevel.InputEventPtr,UnityEngine.InputSystem.InputDevice) (at Assets/Game/Scripts/UI/Screens/AriaTouchInputUiSystemHelper.cs:162)
UnityEngine.InputSystem.LowLevel.NativeInputRuntime/<>c__DisplayClass7_0:<set_onUpdate>b__0 (UnityEngineInternal.Input.NativeInputUpdateType,UnityEngineInternal.Input.NativeInputEventBuffer*)
UnityEngineInternal.Input.NativeInputSystem:NotifyUpdate (UnityEngineInternal.Input.NativeInputUpdateType,intptr) (at /Users/bokken/build/output/unity/unity/Modules/Input/Private/Input.cs:132)

[SupportJourneyTouch] phase=Ended point=(968.71, 541.65) hit=
UnityEngine.Debug:Log (object)
Game.Editor.SupportSmokeJourneyProbe:TouchEvidence (Game.UI.Runtime.AriaTouchInputUiSystemHelper,string,UnityEngine.Vector2) (at Assets/Game/Scripts/Editor/SupportSmokeJourneyProbe.cs:290)
Game.UI.Runtime.AriaTouchInputUiSystemHelper:OnInputEvent (UnityEngine.InputSystem.LowLevel.InputEventPtr,UnityEngine.InputSystem.InputDevice) (at Assets/Game/Scripts/UI/Screens/AriaTouchInputUiSystemHelper.cs:162)
UnityEngine.InputSystem.LowLevel.NativeInputRuntime/<>c__DisplayClass7_0:<set_onUpdate>b__0 (UnityEngineInternal.Input.NativeInputUpdateType,UnityEngineInternal.Input.NativeInputEventBuffer*)
UnityEngineInternal.Input.NativeInputSystem:NotifyUpdate (UnityEngineInternal.Input.NativeInputUpdateType,intptr) (at /Users/bokken/build/output/unity/unity/Modules/Input/Private/Input.cs:132)

[PerfDiag] slowUpdate frame=7894 total=101.0ms gc=0/0/0 cpuFrame=9.8ms cpuMain=7.2ms cpuRender=2.1ms gpu=13.2ms steps=RoadBuild=0.0ms, BuildingPlacement=0.1ms, Selection=99.9ms, DayNight=0.0ms, CitizenPopulation=0.0ms, MainMenu=1.0ms units=4946 models=13 sourceKeys=4946 sourceKeyFallbackVisuals=0 initialSpawnConfigs=2 drawCalls=761 batches=0 setPass=132 tris=1627201 verts=2998545 memory=alloc=11207MB reserved=12043MB mono=3329MB uiToolkit=0 gameplayInitialized=1 playRequested=1 simulationActive=1 focused=1 vSync=0 targetFps=-1 topSystems=disabled markers=disabled
[SupportJourneyTouch] phase=Began point=(967.51, 541.80) hit=
UnityEngine.Debug:Log (object)
Game.Editor.SupportSmokeJourneyProbe:TouchEvidence (Game.UI.Runtime.AriaTouchInputUiSystemHelper,string,UnityEngine.Vector2) (at Assets/Game/Scripts/Editor/SupportSmokeJourneyProbe.cs:290)
Game.UI.Runtime.AriaTouchInputUiSystemHelper:OnInputEvent (UnityEngine.InputSystem.LowLevel.InputEventPtr,UnityEngine.InputSystem.InputDevice) (at Assets/Game/Scripts/UI/Screens/AriaTouchInputUiSystemHelper.cs:162)
UnityEngine.InputSystem.LowLevel.NativeInputRuntime/<>c__DisplayClass7_0:<set_onUpdate>b__0 (UnityEngineInternal.Input.NativeInputUpdateType,UnityEngineInternal.Input.NativeInputEventBuffer*)
UnityEngineInternal.Input.NativeInputSystem:NotifyUpdate (UnityEngineInternal.Input.NativeInputUpdateType,intptr) (at /Users/bokken/build/output/unity/unity/Modules/Input/Private/Input.cs:132)

[SupportJourneyTouch] phase=Ended point=(967.51, 541.80) hit=
UnityEngine.Debug:Log (object)
Game.Editor.SupportSmokeJourneyProbe:TouchEvidence (Game.UI.Runtime.AriaTouchInputUiSystemHelper,string,UnityEngine.Vector2) (at Assets/Game/Scripts/Editor/SupportSmokeJourneyProbe.cs:290)
Game.UI.Runtime.AriaTouchInputUiSystemHelper:OnInputEvent (UnityEngine.InputSystem.LowLevel.InputEventPtr,UnityEngine.InputSystem.InputDevice) (at Assets/Game/Scripts/UI/Screens/AriaTouchInputUiSystemHelper.cs:162)
UnityEngine.InputSystem.LowLevel.NativeInputRuntime/<>c__DisplayClass7_0:<set_onUpdate>b__0 (UnityEngineInternal.Input.NativeInputUpdateType,UnityEngineInternal.Input.NativeInputEventBuffer*)
UnityEngineInternal.Input.NativeInputSystem:NotifyUpdate (UnityEngineInternal.Input.NativeInputUpdateType,intptr) (at /Users/bokken/build/output/unity/unity/Modules/Input/Private/Input.cs:132)

[SupportJourneyTouch] phase=Began point=(966.36, 541.94) hit=
UnityEngine.Debug:Log (object)
Game.Editor.SupportSmokeJourneyProbe:TouchEvidence (Game.UI.Runtime.AriaTouchInputUiSystemHelper,string,UnityEngine.Vector2) (at Assets/Game/Scripts/Editor/SupportSmokeJourneyProbe.cs:290)
Game.UI.Runtime.AriaTouchInputUiSystemHelper:OnInputEvent (UnityEngine.InputSystem.LowLevel.InputEventPtr,UnityEngine.InputSystem.InputDevice) (at Assets/Game/Scripts/UI/Screens/AriaTouchInputUiSystemHelper.cs:162)
UnityEngine.InputSystem.LowLevel.NativeInputRuntime/<>c__DisplayClass7_0:<set_onUpdate>b__0 (UnityEngineInternal.Input.NativeInputUpdateType,UnityEngineInternal.Input.NativeInputEventBuffer*)
UnityEngineInternal.Input.NativeInputSystem:NotifyUpdate (UnityEngineInternal.Input.NativeInputUpdateType,intptr) (at /Users/bokken/build/output/unity/unity/Modules/Input/Private/Input.cs:132)

[SupportJourneyTouch] phase=Ended point=(966.36, 541.94) hit=
UnityEngine.Debug:Log (object)
Game.Editor.SupportSmokeJourneyProbe:TouchEvidence (Game.UI.Runtime.AriaTouchInputUiSystemHelper,string,UnityEngine.Vector2) (at Assets/Game/Scripts/Editor/SupportSmokeJourneyProbe.cs:290)
Game.UI.Runtime.AriaTouchInputUiSystemHelper:OnInputEvent (UnityEngine.InputSystem.LowLevel.InputEventPtr,UnityEngine.InputSystem.InputDevice) (at Assets/Game/Scripts/UI/Screens/AriaTouchInputUiSystemHelper.cs:162)
UnityEngine.InputSystem.LowLevel.NativeInputRuntime/<>c__DisplayClass7_0:<set_onUpdate>b__0 (UnityEngineInternal.Input.NativeInputUpdateType,UnityEngineInternal.Input.NativeInputEventBuffer*)
UnityEngineInternal.Input.NativeInputSystem:NotifyUpdate (UnityEngineInternal.Input.NativeInputUpdateType,intptr) (at /Users/bokken/build/output/unity/unity/Modules/Input/Private/Input.cs:132)

[SupportJourneyTouch] phase=Began point=(965.37, 542.07) hit=
UnityEngine.Debug:Log (object)
Game.Editor.SupportSmokeJourneyProbe:TouchEvidence (Game.UI.Runtime.AriaTouchInputUiSystemHelper,string,UnityEngine.Vector2) (at Assets/Game/Scripts/Editor/SupportSmokeJourneyProbe.cs:290)
Game.UI.Runtime.AriaTouchInputUiSystemHelper:OnInputEvent (UnityEngine.InputSystem.LowLevel.InputEventPtr,UnityEngine.InputSystem.InputDevice) (at Assets/Game/Scripts/UI/Screens/AriaTouchInputUiSystemHelper.cs:162)
UnityEngine.InputSystem.LowLevel.NativeInputRuntime/<>c__DisplayClass7_0:<set_onUpdate>b__0 (UnityEngineInternal.Input.NativeInputUpdateType,UnityEngineInternal.Input.NativeInputEventBuffer*)
UnityEngineInternal.Input.NativeInputSystem:NotifyUpdate (UnityEngineInternal.Input.NativeInputUpdateType,intptr) (at /Users/bokken/build/output/unity/unity/Modules/Input/Private/Input.cs:132)

[SupportJourneyTouch] phase=Ended point=(965.37, 542.07) hit=
UnityEngine.Debug:Log (object)
Game.Editor.SupportSmokeJourneyProbe:TouchEvidence (Game.UI.Runtime.AriaTouchInputUiSystemHelper,string,UnityEngine.Vector2) (at Assets/Game/Scripts/Editor/SupportSmokeJourneyProbe.cs:290)
Game.UI.Runtime.AriaTouchInputUiSystemHelper:OnInputEvent (UnityEngine.InputSystem.LowLevel.InputEventPtr,UnityEngine.InputSystem.InputDevice) (at Assets/Game/Scripts/UI/Screens/AriaTouchInputUiSystemHelper.cs:162)
UnityEngine.InputSystem.LowLevel.NativeInputRuntime/<>c__DisplayClass7_0:<set_onUpdate>b__0 (UnityEngineInternal.Input.NativeInputUpdateType,UnityEngineInternal.Input.NativeInputEventBuffer*)
UnityEngineInternal.Input.NativeInputSystem:NotifyUpdate (UnityEngineInternal.Input.NativeInputUpdateType,intptr) (at /Users/bokken/build/output/unity/unity/Modules/Input/Private/Input.cs:132)

[SupportJourneyTouch] phase=Began point=(964.52, 542.18) hit=
UnityEngine.Debug:Log (object)
Game.Editor.SupportSmokeJourneyProbe:TouchEvidence (Game.UI.Runtime.AriaTouchInputUiSystemHelper,string,UnityEngine.Vector2) (at Assets/Game/Scripts/Editor/SupportSmokeJourneyProbe.cs:290)
Game.UI.Runtime.AriaTouchInputUiSystemHelper:OnInputEvent (UnityEngine.InputSystem.LowLevel.InputEventPtr,UnityEngine.InputSystem.InputDevice) (at Assets/Game/Scripts/UI/Screens/AriaTouchInputUiSystemHelper.cs:162)
UnityEngine.InputSystem.LowLevel.NativeInputRuntime/<>c__DisplayClass7_0:<set_onUpdate>b__0 (UnityEngineInternal.Input.NativeInputUpdateType,UnityEngineInternal.Input.NativeInputEventBuffer*)
UnityEngineInternal.Input.NativeInputSystem:NotifyUpdate (UnityEngineInternal.Input.NativeInputUpdateType,intptr) (at /Users/bokken/build/output/unity/unity/Modules/Input/Private/Input.cs:132)

[SupportJourneyTouch] phase=Ended point=(964.52, 542.18) hit=
UnityEngine.Debug:Log (object)
Game.Editor.SupportSmokeJourneyProbe:TouchEvidence (Game.UI.Runtime.AriaTouchInputUiSystemHelper,string,UnityEngine.Vector2) (at Assets/Game/Scripts/Editor/SupportSmokeJourneyProbe.cs:290)
Game.UI.Runtime.AriaTouchInputUiSystemHelper:OnInputEvent (UnityEngine.InputSystem.LowLevel.InputEventPtr,UnityEngine.InputSystem.InputDevice) (at Assets/Game/Scripts/UI/Screens/AriaTouchInputUiSystemHelper.cs:162)
UnityEngine.InputSystem.LowLevel.NativeInputRuntime/<>c__DisplayClass7_0:<set_onUpdate>b__0 (UnityEngineInternal.Input.NativeInputUpdateType,UnityEngineInternal.Input.NativeInputEventBuffer*)
UnityEngineInternal.Input.NativeInputSystem:NotifyUpdate (UnityEngineInternal.Input.NativeInputUpdateType,intptr) (at /Users/bokken/build/output/unity/unity/Modules/Input/Private/Input.cs:132)

[PerfDiag] slowUpdate frame=7911 total=79.7ms gc=0/0/0 cpuFrame=17.6ms cpuMain=11.6ms cpuRender=0.4ms gpu=9.9ms steps=RoadBuild=0.0ms, BuildingPlacement=0.1ms, Selection=78.9ms, DayNight=0.0ms, CitizenPopulation=0.0ms, MainMenu=0.7ms units=4946 models=13 sourceKeys=4946 sourceKeyFallbackVisuals=0 initialSpawnConfigs=2 drawCalls=761 batches=0 setPass=132 tris=1627107 verts=2998303 memory=alloc=11332MB reserved=12167MB mono=3425MB uiToolkit=0 gameplayInitialized=1 playRequested=1 simulationActive=1 focused=1 vSync=0 targetFps=-1 topSystems=disabled markers=disabled
[SupportJourneyState] stage=3 smokeStage=0 phase=FindSquad outcome=None gestures=139 covered=False damage=0
UnityEngine.Debug:Log (object)
Game.Editor.SupportSmokeJourneyProbe:Tick () (at Assets/Game/Scripts/Editor/SupportSmokeJourneyProbe.cs:102)
UnityEditor.EditorApplication:Internal_CallUpdateFunctions () (at /Users/bokken/build/output/unity/unity/Editor/Mono/EditorApplication.cs:403)

[SupportJourneyTouch] phase=Began point=(963.71, 542.29) hit=
UnityEngine.Debug:Log (object)
Game.Editor.SupportSmokeJourneyProbe:TouchEvidence (Game.UI.Runtime.AriaTouchInputUiSystemHelper,string,UnityEngine.Vector2) (at Assets/Game/Scripts/Editor/SupportSmokeJourneyProbe.cs:290)
Game.UI.Runtime.AriaTouchInputUiSystemHelper:OnInputEvent (UnityEngine.InputSystem.LowLevel.InputEventPtr,UnityEngine.InputSystem.InputDevice) (at Assets/Game/Scripts/UI/Screens/AriaTouchInputUiSystemHelper.cs:162)
UnityEngine.InputSystem.LowLevel.NativeInputRuntime/<>c__DisplayClass7_0:<set_onUpdate>b__0 (UnityEngineInternal.Input.NativeInputUpdateType,UnityEngineInternal.Input.NativeInputEventBuffer*)
UnityEngineInternal.Input.NativeInputSystem:NotifyUpdate (UnityEngineInternal.Input.NativeInputUpdateType,intptr) (at /Users/bokken/build/output/unity/unity/Modules/Input/Private/Input.cs:132)

[SupportJourneyTouch] phase=Ended point=(963.71, 542.29) hit=
UnityEngine.Debug:Log (object)
Game.Editor.SupportSmokeJourneyProbe:TouchEvidence (Game.UI.Runtime.AriaTouchInputUiSystemHelper,string,UnityEngine.Vector2) (at Assets/Game/Scripts/Editor/SupportSmokeJourneyProbe.cs:290)
Game.UI.Runtime.AriaTouchInputUiSystemHelper:OnInputEvent (UnityEngine.InputSystem.LowLevel.InputEventPtr,UnityEngine.InputSystem.InputDevice) (at Assets/Game/Scripts/UI/Screens/AriaTouchInputUiSystemHelper.cs:162)
UnityEngine.InputSystem.LowLevel.NativeInputRuntime/<>c__DisplayClass7_0:<set_onUpdate>b__0 (UnityEngineInternal.Input.NativeInputUpdateType,UnityEngineInternal.Input.NativeInputEventBuffer*)
UnityEngineInternal.Input.NativeInputSystem:NotifyUpdate (UnityEngineInternal.Input.NativeInputUpdateType,intptr) (at /Users/bokken/build/output/unity/unity/Modules/Input/Private/Input.cs:132)

[SupportJourneyTouch] phase=Began point=(963.01, 542.38) hit=
UnityEngine.Debug:Log (object)
Game.Editor.SupportSmokeJourneyProbe:TouchEvidence (Game.UI.Runtime.AriaTouchInputUiSystemHelper,string,UnityEngine.Vector2) (at Assets/Game/Scripts/Editor/SupportSmokeJourneyProbe.cs:290)
Game.UI.Runtime.AriaTouchInputUiSystemHelper:OnInputEvent (UnityEngine.InputSystem.LowLevel.InputEventPtr,UnityEngine.InputSystem.InputDevice) (at Assets/Game/Scripts/UI/Screens/AriaTouchInputUiSystemHelper.cs:162)
UnityEngine.InputSystem.LowLevel.NativeInputRuntime/<>c__DisplayClass7_0:<set_onUpdate>b__0 (UnityEngineInternal.Input.NativeInputUpdateType,UnityEngineInternal.Input.NativeInputEventBuffer*)
UnityEngineInternal.Input.NativeInputSystem:NotifyUpdate (UnityEngineInternal.Input.NativeInputUpdateType,intptr) (at /Users/bokken/build/output/unity/unity/Modules/Input/Private/Input.cs:132)

[SupportJourneyTouch] phase=Ended point=(963.01, 542.38) hit=
UnityEngine.Debug:Log (object)
Game.Editor.SupportSmokeJourneyProbe:TouchEvidence (Game.UI.Runtime.AriaTouchInputUiSystemHelper,string,UnityEngine.Vector2) (at Assets/Game/Scripts/Editor/SupportSmokeJourneyProbe.cs:290)
Game.UI.Runtime.AriaTouchInputUiSystemHelper:OnInputEvent (UnityEngine.InputSystem.LowLevel.InputEventPtr,UnityEngine.InputSystem.InputDevice) (at Assets/Game/Scripts/UI/Screens/AriaTouchInputUiSystemHelper.cs:162)
UnityEngine.InputSystem.LowLevel.NativeInputRuntime/<>c__DisplayClass7_0:<set_onUpdate>b__0 (UnityEngineInternal.Input.NativeInputUpdateType,UnityEngineInternal.Input.NativeInputEventBuffer*)
UnityEngineInternal.Input.NativeInputSystem:NotifyUpdate (UnityEngineInternal.Input.NativeInputUpdateType,intptr) (at /Users/bokken/build/output/unity/unity/Modules/Input/Private/Input.cs:132)

[SupportJourneyTouch] phase=Began point=(962.35, 542.47) hit=
UnityEngine.Debug:Log (object)
Game.Editor.SupportSmokeJourneyProbe:TouchEvidence (Game.UI.Runtime.AriaTouchInputUiSystemHelper,string,UnityEngine.Vector2) (at Assets/Game/Scripts/Editor/SupportSmokeJourneyProbe.cs:290)
Game.UI.Runtime.AriaTouchInputUiSystemHelper:OnInputEvent (UnityEngine.InputSystem.LowLevel.InputEventPtr,UnityEngine.InputSystem.InputDevice) (at Assets/Game/Scripts/UI/Screens/AriaTouchInputUiSystemHelper.cs:162)
UnityEngine.InputSystem.LowLevel.NativeInputRuntime/<>c__DisplayClass7_0:<set_onUpdate>b__0 (UnityEngineInternal.Input.NativeInputUpdateType,UnityEngineInternal.Input.NativeInputEventBuffer*)
UnityEngineInternal.Input.NativeInputSystem:NotifyUpdate (UnityEngineInternal.Input.NativeInputUpdateType,intptr) (at /Users/bokken/build/output/unity/unity/Modules/Input/Private/Input.cs:132)

[SupportJourneyTouch] phase=Ended point=(962.35, 542.47) hit=
UnityEngine.Debug:Log (object)
Game.Editor.SupportSmokeJourneyProbe:TouchEvidence (Game.UI.Runtime.AriaTouchInputUiSystemHelper,string,UnityEngine.Vector2) (at Assets/Game/Scripts/Editor/SupportSmokeJourneyProbe.cs:290)
Game.UI.Runtime.AriaTouchInputUiSystemHelper:OnInputEvent (UnityEngine.InputSystem.LowLevel.InputEventPtr,UnityEngine.InputSystem.InputDevice) (at Assets/Game/Scripts/UI/Screens/AriaTouchInputUiSystemHelper.cs:162)
UnityEngine.InputSystem.LowLevel.NativeInputRuntime/<>c__DisplayClass7_0:<set_onUpdate>b__0 (UnityEngineInternal.Input.NativeInputUpdateType,UnityEngineInternal.Input.NativeInputEventBuffer*)
UnityEngineInternal.Input.NativeInputSystem:NotifyUpdate (UnityEngineInternal.Input.NativeInputUpdateType,intptr) (at /Users/bokken/build/output/unity/unity/Modules/Input/Private/Input.cs:132)

[SupportJourneyTouch] phase=Began point=(961.74, 542.56) hit=
UnityEngine.Debug:Log (object)
Game.Editor.SupportSmokeJourneyProbe:TouchEvidence (Game.UI.Runtime.AriaTouchInputUiSystemHelper,string,UnityEngine.Vector2) (at Assets/Game/Scripts/Editor/SupportSmokeJourneyProbe.cs:290)
Game.UI.Runtime.AriaTouchInputUiSystemHelper:OnInputEvent (UnityEngine.InputSystem.LowLevel.InputEventPtr,UnityEngine.InputSystem.InputDevice) (at Assets/Game/Scripts/UI/Screens/AriaTouchInputUiSystemHelper.cs:162)
UnityEngine.InputSystem.LowLevel.NativeInputRuntime/<>c__DisplayClass7_0:<set_onUpdate>b__0 (UnityEngineInternal.Input.NativeInputUpdateType,UnityEngineInternal.Input.NativeInputEventBuffer*)
UnityEngineInternal.Input.NativeInputSystem:NotifyUpdate (UnityEngineInternal.Input.NativeInputUpdateType,intptr) (at /Users/bokken/build/output/unity/unity/Modules/Input/Private/Input.cs:132)

[SupportJourneyTouch] phase=Ended point=(961.74, 542.56) hit=
UnityEngine.Debug:Log (object)
Game.Editor.SupportSmokeJourneyProbe:TouchEvidence (Game.UI.Runtime.AriaTouchInputUiSystemHelper,string,UnityEngine.Vector2) (at Assets/Game/Scripts/Editor/SupportSmokeJourneyProbe.cs:290)
Game.UI.Runtime.AriaTouchInputUiSystemHelper:OnInputEvent (UnityEngine.InputSystem.LowLevel.InputEventPtr,UnityEngine.InputSystem.InputDevice) (at Assets/Game/Scripts/UI/Screens/AriaTouchInputUiSystemHelper.cs:162)
UnityEngine.InputSystem.LowLevel.NativeInputRuntime/<>c__DisplayClass7_0:<set_onUpdate>b__0 (UnityEngineInternal.Input.NativeInputUpdateType,UnityEngineInternal.Input.NativeInputEventBuffer*)
UnityEngineInternal.Input.NativeInputSystem:NotifyUpdate (UnityEngineInternal.Input.NativeInputUpdateType,intptr) (at /Users/bokken/build/output/unity/unity/Modules/Input/Private/Input.cs:132)

[PerfDiag] slowUpdate frame=7928 total=81.4ms gc=0/0/0 cpuFrame=89.8ms cpuMain=86.2ms cpuRender=0.5ms gpu=10.3ms steps=RoadBuild=0.0ms, BuildingPlacement=0.1ms, Selection=80.5ms, DayNight=0.0ms, CitizenPopulation=0.0ms, MainMenu=0.8ms units=4946 models=13 sourceKeys=4946 sourceKeyFallbackVisuals=0 initialSpawnConfigs=2 drawCalls=762 batches=0 setPass=132 tris=1627248 verts=2998574 memory=alloc=11459MB reserved=12293MB mono=3520MB uiToolkit=0 gameplayInitialized=1 playRequested=1 simulationActive=1 focused=1 vSync=0 targetFps=-1 topSystems=disabled markers=disabled
[SupportJourneyTouch] phase=Began point=(961.24, 542.63) hit=
UnityEngine.Debug:Log (object)
Game.Editor.SupportSmokeJourneyProbe:TouchEvidence (Game.UI.Runtime.AriaTouchInputUiSystemHelper,string,UnityEngine.Vector2) (at Assets/Game/Scripts/Editor/SupportSmokeJourneyProbe.cs:290)
Game.UI.Runtime.AriaTouchInputUiSystemHelper:OnInputEvent (UnityEngine.InputSystem.LowLevel.InputEventPtr,UnityEngine.InputSystem.InputDevice) (at Assets/Game/Scripts/UI/Screens/AriaTouchInputUiSystemHelper.cs:162)
UnityEngine.InputSystem.LowLevel.NativeInputRuntime/<>c__DisplayClass7_0:<set_onUpdate>b__0 (UnityEngineInternal.Input.NativeInputUpdateType,UnityEngineInternal.Input.NativeInputEventBuffer*)
UnityEngineInternal.Input.NativeInputSystem:NotifyUpdate (UnityEngineInternal.Input.NativeInputUpdateType,intptr) (at /Users/bokken/build/output/unity/unity/Modules/Input/Private/Input.cs:132)

[SupportJourneyTouch] phase=Ended point=(961.24, 542.63) hit=
UnityEngine.Debug:Log (object)
Game.Editor.SupportSmokeJourneyProbe:TouchEvidence (Game.UI.Runtime.AriaTouchInputUiSystemHelper,string,UnityEngine.Vector2) (at Assets/Game/Scripts/Editor/SupportSmokeJourneyProbe.cs:290)
Game.UI.Runtime.AriaTouchInputUiSystemHelper:OnInputEvent (UnityEngine.InputSystem.LowLevel.InputEventPtr,UnityEngine.InputSystem.InputDevice) (at Assets/Game/Scripts/UI/Screens/AriaTouchInputUiSystemHelper.cs:162)
UnityEngine.InputSystem.LowLevel.NativeInputRuntime/<>c__DisplayClass7_0:<set_onUpdate>b__0 (UnityEngineInternal.Input.NativeInputUpdateType,UnityEngineInternal.Input.NativeInputEventBuffer*)
UnityEngineInternal.Input.NativeInputSystem:NotifyUpdate (UnityEngineInternal.Input.NativeInputUpdateType,intptr) (at /Users/bokken/build/output/unity/unity/Modules/Input/Private/Input.cs:132)

[SupportJourneyTouch] phase=Began point=(960.77, 542.69) hit=
UnityEngine.Debug:Log (object)
Game.Editor.SupportSmokeJourneyProbe:TouchEvidence (Game.UI.Runtime.AriaTouchInputUiSystemHelper,string,UnityEngine.Vector2) (at Assets/Game/Scripts/Editor/SupportSmokeJourneyProbe.cs:290)
Game.UI.Runtime.AriaTouchInputUiSystemHelper:OnInputEvent (UnityEngine.InputSystem.LowLevel.InputEventPtr,UnityEngine.InputSystem.InputDevice) (at Assets/Game/Scripts/UI/Screens/AriaTouchInputUiSystemHelper.cs:162)
UnityEngine.InputSystem.LowLevel.NativeInputRuntime/<>c__DisplayClass7_0:<set_onUpdate>b__0 (UnityEngineInternal.Input.NativeInputUpdateType,UnityEngineInternal.Input.NativeInputEventBuffer*)
UnityEngineInternal.Input.NativeInputSystem:NotifyUpdate (UnityEngineInternal.Input.NativeInputUpdateType,intptr) (at /Users/bokken/build/output/unity/unity/Modules/Input/Private/Input.cs:132)

[SupportJourneyTouch] phase=Ended point=(960.77, 542.69) hit=
UnityEngine.Debug:Log (object)
Game.Editor.SupportSmokeJourneyProbe:TouchEvidence (Game.UI.Runtime.AriaTouchInputUiSystemHelper,string,UnityEngine.Vector2) (at Assets/Game/Scripts/Editor/SupportSmokeJourneyProbe.cs:290)
Game.UI.Runtime.AriaTouchInputUiSystemHelper:OnInputEvent (UnityEngine.InputSystem.LowLevel.InputEventPtr,UnityEngine.InputSystem.InputDevice) (at Assets/Game/Scripts/UI/Screens/AriaTouchInputUiSystemHelper.cs:162)
UnityEngine.InputSystem.LowLevel.NativeInputRuntime/<>c__DisplayClass7_0:<set_onUpdate>b__0 (UnityEngineInternal.Input.NativeInputUpdateType,UnityEngineInternal.Input.NativeInputEventBuffer*)
UnityEngineInternal.Input.NativeInputSystem:NotifyUpdate (UnityEngineInternal.Input.NativeInputUpdateType,intptr) (at /Users/bokken/build/output/unity/unity/Modules/Input/Private/Input.cs:132)

[SupportJourneyTouch] phase=Began point=(960.35, 542.76) hit=
UnityEngine.Debug:Log (object)
Game.Editor.SupportSmokeJourneyProbe:TouchEvidence (Game.UI.Runtime.AriaTouchInputUiSystemHelper,string,UnityEngine.Vector2) (at Assets/Game/Scripts/Editor/SupportSmokeJourneyProbe.cs:290)
Game.UI.Runtime.AriaTouchInputUiSystemHelper:OnInputEvent (UnityEngine.InputSystem.LowLevel.InputEventPtr,UnityEngine.InputSystem.InputDevice) (at Assets/Game/Scripts/UI/Screens/AriaTouchInputUiSystemHelper.cs:162)
UnityEngine.InputSystem.LowLevel.NativeInputRuntime/<>c__DisplayClass7_0:<set_onUpdate>b__0 (UnityEngineInternal.Input.NativeInputUpdateType,UnityEngineInternal.Input.NativeInputEventBuffer*)
UnityEngineInternal.Input.NativeInputSystem:NotifyUpdate (UnityEngineInternal.Input.NativeInputUpdateType,intptr) (at /Users/bokken/build/output/unity/unity/Modules/Input/Private/Input.cs:132)

[SupportJourneyTouch] phase=Ended point=(960.35, 542.76) hit=
UnityEngine.Debug:Log (object)
Game.Editor.SupportSmokeJourneyProbe:TouchEvidence (Game.UI.Runtime.AriaTouchInputUiSystemHelper,string,UnityEngine.Vector2) (at Assets/Game/Scripts/Editor/SupportSmokeJourneyProbe.cs:290)
Game.UI.Runtime.AriaTouchInputUiSystemHelper:OnInputEvent (UnityEngine.InputSystem.LowLevel.InputEventPtr,UnityEngine.InputSystem.InputDevice) (at Assets/Game/Scripts/UI/Screens/AriaTouchInputUiSystemHelper.cs:162)
UnityEngine.InputSystem.LowLevel.NativeInputRuntime/<>c__DisplayClass7_0:<set_onUpdate>b__0 (UnityEngineInternal.Input.NativeInputUpdateType,UnityEngineInternal.Input.NativeInputEventBuffer*)
UnityEngineInternal.Input.NativeInputSystem:NotifyUpdate (UnityEngineInternal.Input.NativeInputUpdateType,intptr) (at /Users/bokken/build/output/unity/unity/Modules/Input/Private/Input.cs:132)

[SupportJourneyTouch] phase=Began point=(959.99, 542.81) hit=
UnityEngine.Debug:Log (object)
Game.Editor.SupportSmokeJourneyProbe:TouchEvidence (Game.UI.Runtime.AriaTouchInputUiSystemHelper,string,UnityEngine.Vector2) (at Assets/Game/Scripts/Editor/SupportSmokeJourneyProbe.cs:290)
Game.UI.Runtime.AriaTouchInputUiSystemHelper:OnInputEvent (UnityEngine.InputSystem.LowLevel.InputEventPtr,UnityEngine.InputSystem.InputDevice) (at Assets/Game/Scripts/UI/Screens/AriaTouchInputUiSystemHelper.cs:162)
UnityEngine.InputSystem.LowLevel.NativeInputRuntime/<>c__DisplayClass7_0:<set_onUpdate>b__0 (UnityEngineInternal.Input.NativeInputUpdateType,UnityEngineInternal.Input.NativeInputEventBuffer*)
UnityEngineInternal.Input.NativeInputSystem:NotifyUpdate (UnityEngineInternal.Input.NativeInputUpdateType,intptr) (at /Users/bokken/build/output/unity/unity/Modules/Input/Private/Input.cs:132)

[SupportJourneyTouch] phase=Ended point=(959.99, 542.81) hit=
UnityEngine.Debug:Log (object)
Game.Editor.SupportSmokeJourneyProbe:TouchEvidence (Game.UI.Runtime.AriaTouchInputUiSystemHelper,string,UnityEngine.Vector2) (at Assets/Game/Scripts/Editor/SupportSmokeJourneyProbe.cs:290)
Game.UI.Runtime.AriaTouchInputUiSystemHelper:OnInputEvent (UnityEngine.InputSystem.LowLevel.InputEventPtr,UnityEngine.InputSystem.InputDevice) (at Assets/Game/Scripts/UI/Screens/AriaTouchInputUiSystemHelper.cs:162)
UnityEngine.InputSystem.LowLevel.NativeInputRuntime/<>c__DisplayClass7_0:<set_onUpdate>b__0 (UnityEngineInternal.Input.NativeInputUpdateType,UnityEngineInternal.Input.NativeInputEventBuffer*)
UnityEngineInternal.Input.NativeInputSystem:NotifyUpdate (UnityEngineInternal.Input.NativeInputUpdateType,intptr) (at /Users/bokken/build/output/unity/unity/Modules/Input/Private/Input.cs:132)

[PerfDiag] slowUpdate frame=7951 total=85.2ms gc=0/0/0 cpuFrame=13.4ms cpuMain=10.2ms cpuRender=2.5ms gpu=8.3ms steps=RoadBuild=0.0ms, BuildingPlacement=0.1ms, Selection=83.8ms, DayNight=0.0ms, CitizenPopulation=0.0ms, MainMenu=1.3ms units=4946 models=13 sourceKeys=4946 sourceKeyFallbackVisuals=0 initialSpawnConfigs=2 drawCalls=762 batches=0 setPass=132 tris=1626684 verts=2997540 memory=alloc=11552MB reserved=12384MB mono=3592MB uiToolkit=0 gameplayInitialized=1 playRequested=1 simulationActive=1 focused=1 vSync=0 targetFps=-1 topSystems=disabled markers=disabled
[SupportJourneyTouch] phase=Began point=(959.66, 542.86) hit=
UnityEngine.Debug:Log (object)
Game.Editor.SupportSmokeJourneyProbe:TouchEvidence (Game.UI.Runtime.AriaTouchInputUiSystemHelper,string,UnityEngine.Vector2) (at Assets/Game/Scripts/Editor/SupportSmokeJourneyProbe.cs:290)
Game.UI.Runtime.AriaTouchInputUiSystemHelper:OnInputEvent (UnityEngine.InputSystem.LowLevel.InputEventPtr,UnityEngine.InputSystem.InputDevice) (at Assets/Game/Scripts/UI/Screens/AriaTouchInputUiSystemHelper.cs:162)
UnityEngine.InputSystem.LowLevel.NativeInputRuntime/<>c__DisplayClass7_0:<set_onUpdate>b__0 (UnityEngineInternal.Input.NativeInputUpdateType,UnityEngineInternal.Input.NativeInputEventBuffer*)
UnityEngineInternal.Input.NativeInputSystem:NotifyUpdate (UnityEngineInternal.Input.NativeInputUpdateType,intptr) (at /Users/bokken/build/output/unity/unity/Modules/Input/Private/Input.cs:132)

[SupportJourneyTouch] phase=Ended point=(959.66, 542.86) hit=
UnityEngine.Debug:Log (object)
Game.Editor.SupportSmokeJourneyProbe:TouchEvidence (Game.UI.Runtime.AriaTouchInputUiSystemHelper,string,UnityEngine.Vector2) (at Assets/Game/Scripts/Editor/SupportSmokeJourneyProbe.cs:290)
Game.UI.Runtime.AriaTouchInputUiSystemHelper:OnInputEvent (UnityEngine.InputSystem.LowLevel.InputEventPtr,UnityEngine.InputSystem.InputDevice) (at Assets/Game/Scripts/UI/Screens/AriaTouchInputUiSystemHelper.cs:162)
UnityEngine.InputSystem.LowLevel.NativeInputRuntime/<>c__DisplayClass7_0:<set_onUpdate>b__0 (UnityEngineInternal.Input.NativeInputUpdateType,UnityEngineInternal.Input.NativeInputEventBuffer*)
UnityEngineInternal.Input.NativeInputSystem:NotifyUpdate (UnityEngineInternal.Input.NativeInputUpdateType,intptr) (at /Users/bokken/build/output/unity/unity/Modules/Input/Private/Input.cs:132)

[FrameRateDiag] fps=37.9 avgFrame=26.4ms updateAvg=15.8ms updateMax=101.0ms cpuFrame=12.0ms cpuMain=9.1ms cpuRender=0.5ms gpu=0.3ms drawCalls=762 batches=0 setPass=132 tris=1626684 verts=2997540 units=4946 models=13 sourceKeys=4946 sourceKeyFallbackVisuals=0 initialSpawnConfigs=2 impostors=0 render=screen=1920x1080,batch=0,quality=1:Mobile,vSync=0,targetFps=-1,pipeline=Mobile_RPAsset_MobileCandidate,scale=0.75,msaa=0,camera=Main Camera,cameraData=post:1,aa:FastApproximateAntialiasing,stack:0 memory=alloc=11584MB reserved=12416MB mono=3615MB focused=1 playRequested=1 simulationActive=1 stepStats=none topSystems=disabled markers=disabled
[SupportJourneyTouch] phase=Began point=(959.35, 542.90) hit=
UnityEngine.Debug:Log (object)
Game.Editor.SupportSmokeJourneyProbe:TouchEvidence (Game.UI.Runtime.AriaTouchInputUiSystemHelper,string,UnityEngine.Vector2) (at Assets/Game/Scripts/Editor/SupportSmokeJourneyProbe.cs:290)
Game.UI.Runtime.AriaTouchInputUiSystemHelper:OnInputEvent (UnityEngine.InputSystem.LowLevel.InputEventPtr,UnityEngine.InputSystem.InputDevice) (at Assets/Game/Scripts/UI/Screens/AriaTouchInputUiSystemHelper.cs:162)
UnityEngine.InputSystem.LowLevel.NativeInputRuntime/<>c__DisplayClass7_0:<set_onUpdate>b__0 (UnityEngineInternal.Input.NativeInputUpdateType,UnityEngineInternal.Input.NativeInputEventBuffer*)
UnityEngineInternal.Input.NativeInputSystem:NotifyUpdate (UnityEngineInternal.Input.NativeInputUpdateType,intptr) (at /Users/bokken/build/output/unity/unity/Modules/Input/Private/Input.cs:132)

[SupportJourneyTouch] phase=Ended point=(959.35, 542.90) hit=
UnityEngine.Debug:Log (object)
Game.Editor.SupportSmokeJourneyProbe:TouchEvidence (Game.UI.Runtime.AriaTouchInputUiSystemHelper,string,UnityEngine.Vector2) (at Assets/Game/Scripts/Editor/SupportSmokeJourneyProbe.cs:290)
Game.UI.Runtime.AriaTouchInputUiSystemHelper:OnInputEvent (UnityEngine.InputSystem.LowLevel.InputEventPtr,UnityEngine.InputSystem.InputDevice) (at Assets/Game/Scripts/UI/Screens/AriaTouchInputUiSystemHelper.cs:162)
UnityEngine.InputSystem.LowLevel.NativeInputRuntime/<>c__DisplayClass7_0:<set_onUpdate>b__0 (UnityEngineInternal.Input.NativeInputUpdateType,UnityEngineInternal.Input.NativeInputEventBuffer*)
UnityEngineInternal.Input.NativeInputSystem:NotifyUpdate (UnityEngineInternal.Input.NativeInputUpdateType,intptr) (at /Users/bokken/build/output/unity/unity/Modules/Input/Private/Input.cs:132)

[SupportJourneyTouch] phase=Began point=(956.91, 543.31) hit=
UnityEngine.Debug:Log (object)
Game.Editor.SupportSmokeJourneyProbe:TouchEvidence (Game.UI.Runtime.AriaTouchInputUiSystemHelper,string,UnityEngine.Vector2) (at Assets/Game/Scripts/Editor/SupportSmokeJourneyProbe.cs:290)
Game.UI.Runtime.AriaTouchInputUiSystemHelper:OnInputEvent (UnityEngine.InputSystem.LowLevel.InputEventPtr,UnityEngine.InputSystem.InputDevice) (at Assets/Game/Scripts/UI/Screens/AriaTouchInputUiSystemHelper.cs:162)
UnityEngine.InputSystem.LowLevel.NativeInputRuntime/<>c__DisplayClass7_0:<set_onUpdate>b__0 (UnityEngineInternal.Input.NativeInputUpdateType,UnityEngineInternal.Input.NativeInputEventBuffer*)
UnityEngineInternal.Input.NativeInputSystem:NotifyUpdate (UnityEngineInternal.Input.NativeInputUpdateType,intptr) (at /Users/bokken/build/output/unity/unity/Modules/Input/Private/Input.cs:132)

[SupportJourneyTouch] phase=Ended point=(956.91, 543.31) hit=
UnityEngine.Debug:Log (object)
Game.Editor.SupportSmokeJourneyProbe:TouchEvidence (Game.UI.Runtime.AriaTouchInputUiSystemHelper,string,UnityEngine.Vector2) (at Assets/Game/Scripts/Editor/SupportSmokeJourneyProbe.cs:290)
Game.UI.Runtime.AriaTouchInputUiSystemHelper:OnInputEvent (UnityEngine.InputSystem.LowLevel.InputEventPtr,UnityEngine.InputSystem.InputDevice) (at Assets/Game/Scripts/UI/Screens/AriaTouchInputUiSystemHelper.cs:162)
UnityEngine.InputSystem.LowLevel.NativeInputRuntime/<>c__DisplayClass7_0:<set_onUpdate>b__0 (UnityEngineInternal.Input.NativeInputUpdateType,UnityEngineInternal.Input.NativeInputEventBuffer*)
UnityEngineInternal.Input.NativeInputSystem:NotifyUpdate (UnityEngineInternal.Input.NativeInputUpdateType,intptr) (at /Users/bokken/build/output/unity/unity/Modules/Input/Private/Input.cs:132)

[SupportJourneyTouch] phase=Began point=(956.91, 543.31) hit=
UnityEngine.Debug:Log (object)
Game.Editor.SupportSmokeJourneyProbe:TouchEvidence (Game.UI.Runtime.AriaTouchInputUiSystemHelper,string,UnityEngine.Vector2) (at Assets/Game/Scripts/Editor/SupportSmokeJourneyProbe.cs:290)
Game.UI.Runtime.AriaTouchInputUiSystemHelper:OnInputEvent (UnityEngine.InputSystem.LowLevel.InputEventPtr,UnityEngine.InputSystem.InputDevice) (at Assets/Game/Scripts/UI/Screens/AriaTouchInputUiSystemHelper.cs:162)
UnityEngine.InputSystem.LowLevel.NativeInputRuntime/<>c__DisplayClass7_0:<set_onUpdate>b__0 (UnityEngineInternal.Input.NativeInputUpdateType,UnityEngineInternal.Input.NativeInputEventBuffer*)
UnityEngineInternal.Input.NativeInputSystem:NotifyUpdate (UnityEngineInternal.Input.NativeInputUpdateType,intptr) (at /Users/bokken/build/output/unity/unity/Modules/Input/Private/Input.cs:132)

[SupportTestEncounter] explicitGrant=Smoke charges=2 ground=float2(0f, 0f)..float2(2048f, 1024f) reserve=Entity(1269:11) productionEnabled=false attempt=1
UnityEngine.Debug:Log (object)
Game.Editor.SupportSmokeJourneyProbe:InstallEncounter (Unity.Entities.EntityManager,Game.Components.CampaignMissionRuntimeComponent) (at Assets/Game/Scripts/Editor/SupportSmokeJourneyProbe.cs:163)
Game.Editor.SupportSmokeJourneyProbe:Tick () (at Assets/Game/Scripts/Editor/SupportSmokeJourneyProbe.cs:113)
UnityEditor.EditorApplication:Internal_CallUpdateFunctions () (at /Users/bokken/build/output/unity/unity/Editor/Mono/EditorApplication.cs:403)

[SupportJourneyTouch] phase=Ended point=(956.91, 543.31) hit=
UnityEngine.Debug:Log (object)
Game.Editor.SupportSmokeJourneyProbe:TouchEvidence (Game.UI.Runtime.AriaTouchInputUiSystemHelper,string,UnityEngine.Vector2) (at Assets/Game/Scripts/Editor/SupportSmokeJourneyProbe.cs:290)
Game.UI.Runtime.AriaTouchInputUiSystemHelper:OnInputEvent (UnityEngine.InputSystem.LowLevel.InputEventPtr,UnityEngine.InputSystem.InputDevice) (at Assets/Game/Scripts/UI/Screens/AriaTouchInputUiSystemHelper.cs:162)
UnityEngine.InputSystem.LowLevel.NativeInputRuntime/<>c__DisplayClass7_0:<set_onUpdate>b__0 (UnityEngineInternal.Input.NativeInputUpdateType,UnityEngineInternal.Input.NativeInputEventBuffer*)
UnityEngineInternal.Input.NativeInputSystem:NotifyUpdate (UnityEngineInternal.Input.NativeInputUpdateType,intptr) (at /Users/bokken/build/output/unity/unity/Modules/Input/Private/Input.cs:132)

[PerfDiag] slowUpdate frame=7963 total=106.8ms gc=0/0/0 cpuFrame=15.0ms cpuMain=10.4ms cpuRender=0.5ms gpu=7.2ms steps=RoadBuild=0.0ms, BuildingPlacement=0.1ms, Selection=92.0ms, DayNight=0.0ms, CitizenPopulation=0.0ms, MainMenu=14.6ms units=4946 models=13 sourceKeys=4946 sourceKeyFallbackVisuals=0 initialSpawnConfigs=2 drawCalls=759 batches=0 setPass=132 tris=1635932 verts=3013046 memory=alloc=11679MB reserved=12510MB mono=3687MB uiToolkit=0 gameplayInitialized=1 playRequested=1 simulationActive=1 focused=1 vSync=0 targetFps=-1 topSystems=disabled markers=disabled
[FreezeDetect] Frame gap frame=7964 Gap=160.7ms GC=0/0/0 LastSteps=RoadBuild=0.0ms, BuildingPlacement=0.1ms, Selection=92.0ms, DayNight=0.0ms, CitizenPopulation=0.0ms, MainMenu=14.6ms
[FrameRateDiag] fps=53.3 avgFrame=18.7ms updateAvg=4.7ms updateMax=106.8ms cpuFrame=14.5ms cpuMain=10.4ms cpuRender=2.4ms gpu=20.1ms drawCalls=769 batches=0 setPass=146 tris=1636704 verts=3014586 units=4946 models=13 sourceKeys=4946 sourceKeyFallbackVisuals=0 initialSpawnConfigs=2 impostors=0 render=screen=1920x1080,batch=0,quality=1:Mobile,vSync=0,targetFps=-1,pipeline=Mobile_RPAsset_MobileCandidate,scale=0.75,msaa=0,camera=Main Camera,cameraData=post:1,aa:FastApproximateAntialiasing,stack:0 memory=alloc=11680MB reserved=12512MB mono=3688MB focused=1 playRequested=1 simulationActive=1 stepStats=none topSystems=disabled markers=disabled
[PerfDiag] slowUpdate frame=8086 total=82.7ms gc=0/0/0 cpuFrame=16.9ms cpuMain=12.0ms cpuRender=2.9ms gpu=22.2ms steps=RoadBuild=0.0ms, BuildingPlacement=79.6ms, Selection=0.2ms, DayNight=0.0ms, CitizenPopulation=0.0ms, MainMenu=2.9ms units=4946 models=13 sourceKeys=4946 sourceKeyFallbackVisuals=0 initialSpawnConfigs=2 drawCalls=769 batches=0 setPass=146 tris=1636704 verts=3014586 memory=alloc=11687MB reserved=12517MB mono=3690MB uiToolkit=0 gameplayInitialized=1 playRequested=1 simulationActive=1 focused=1 vSync=0 targetFps=-1 topSystems=disabled markers=disabled
[SupportJourneyTouch] phase=Began point=(1644.33, 106.16) hit=V3GradientLayer
UnityEngine.Debug:Log (object)
Game.Editor.SupportSmokeJourneyProbe:TouchEvidence (Game.UI.Runtime.AriaTouchInputUiSystemHelper,string,UnityEngine.Vector2) (at Assets/Game/Scripts/Editor/SupportSmokeJourneyProbe.cs:290)
Game.UI.Runtime.AriaTouchInputUiSystemHelper:OnInputEvent (UnityEngine.InputSystem.LowLevel.InputEventPtr,UnityEngine.InputSystem.InputDevice) (at Assets/Game/Scripts/UI/Screens/AriaTouchInputUiSystemHelper.cs:162)
UnityEngine.InputSystem.LowLevel.NativeInputRuntime/<>c__DisplayClass7_0:<set_onUpdate>b__0 (UnityEngineInternal.Input.NativeInputUpdateType,UnityEngineInternal.Input.NativeInputEventBuffer*)
UnityEngineInternal.Input.NativeInputSystem:NotifyUpdate (UnityEngineInternal.Input.NativeInputUpdateType,intptr) (at /Users/bokken/build/output/unity/unity/Modules/Input/Private/Input.cs:132)

[SupportJourneyTouch] phase=Ended point=(1644.33, 106.16) hit=V3GradientLayer
UnityEngine.Debug:Log (object)
Game.Editor.SupportSmokeJourneyProbe:TouchEvidence (Game.UI.Runtime.AriaTouchInputUiSystemHelper,string,UnityEngine.Vector2) (at Assets/Game/Scripts/Editor/SupportSmokeJourneyProbe.cs:290)
Game.UI.Runtime.AriaTouchInputUiSystemHelper:OnInputEvent (UnityEngine.InputSystem.LowLevel.InputEventPtr,UnityEngine.InputSystem.InputDevice) (at Assets/Game/Scripts/UI/Screens/AriaTouchInputUiSystemHelper.cs:162)
UnityEngine.InputSystem.LowLevel.NativeInputRuntime/<>c__DisplayClass7_0:<set_onUpdate>b__0 (UnityEngineInternal.Input.NativeInputUpdateType,UnityEngineInternal.Input.NativeInputEventBuffer*)
UnityEngineInternal.Input.NativeInputSystem:NotifyUpdate (UnityEngineInternal.Input.NativeInputUpdateType,intptr) (at /Users/bokken/build/output/unity/unity/Modules/Input/Private/Input.cs:132)

[UiShellPresentation] stage=CommandStarted sequence=6 kind=ShowPopup region=PopupLayer route=Match
UnityEngine.Debug:Log (object,UnityEngine.Object)
Game.Composition.UiDiagnosticsComposition:Report (Game.UI.Contracts.UiDiagnosticSeverity,string,UnityEngine.Object) (at Assets/Game/Scripts/Composition/UiDiagnosticsComposition.cs:17)
Game.UI.Contracts.UiDiagnostics:Info (string,UnityEngine.Object) (at Assets/Game/Scripts/UI/Contracts/UiDiagnostics.cs:14)
Game.UI.Runtime.UIShellEcsPresentationSystem:LogTransition (string,Game.UI.Contracts.UiShellPresentationCommandModel) (at Assets/Game/Scripts/UI/Shell/UIShellEcsPresentationSystem.cs:138)
Game.UI.Runtime.UIShellEcsPresentationSystem:Update () (at Assets/Game/Scripts/UI/Shell/UIShellEcsPresentationSystem.cs:87)

[UiShellPresentation] stage=CommandCompleted sequence=6 kind=ShowPopup region=PopupLayer route=Match
UnityEngine.Debug:Log (object,UnityEngine.Object)
Game.Composition.UiDiagnosticsComposition:Report (Game.UI.Contracts.UiDiagnosticSeverity,string,UnityEngine.Object) (at Assets/Game/Scripts/Composition/UiDiagnosticsComposition.cs:17)
Game.UI.Contracts.UiDiagnostics:Info (string,UnityEngine.Object) (at Assets/Game/Scripts/UI/Contracts/UiDiagnostics.cs:14)
Game.UI.Runtime.UIShellEcsPresentationSystem:LogTransition (string,Game.UI.Contracts.UiShellPresentationCommandModel) (at Assets/Game/Scripts/UI/Shell/UIShellEcsPresentationSystem.cs:138)
Game.UI.Runtime.UIShellEcsPresentationSystem/<>c__DisplayClass24_0:<Update>b__0 (int) (at Assets/Game/Scripts/UI/Shell/UIShellEcsPresentationSystem.cs:100)
Game.UI.Runtime.UIShellView/<>c__DisplayClass19_0:<ExecuteCommandSequence>b__0 () (at Assets/Game/Scripts/UI/Shell/UIShellView.cs:99)
Game.UI.Runtime.UIMotionHostView/<SequenceRoutine>d__32:MoveNext () (at Assets/Game/Scripts/UI/Shell/UIMotionHostView.cs:268)
UnityEngine.SetupCoroutine:InvokeMoveNext (System.Collections.IEnumerator,intptr) (at /Users/bokken/build/output/unity/unity/Runtime/Export/Scripting/Coroutines.cs:17)

[UiShellPresentation] stage=CompletionFlushed sequence=6 kind=ShowPopup region=PopupLayer
UnityEngine.Debug:Log (object,UnityEngine.Object)
Game.Composition.UiDiagnosticsComposition:Report (Game.UI.Contracts.UiDiagnosticSeverity,string,UnityEngine.Object) (at Assets/Game/Scripts/Composition/UiDiagnosticsComposition.cs:17)
Game.UI.Contracts.UiDiagnostics:Info (string,UnityEngine.Object) (at Assets/Game/Scripts/UI/Contracts/UiDiagnostics.cs:14)
Game.UI.Runtime.UIShellEcsPresentationSystem:LogTransition (string,Game.UI.Contracts.UiShellTransitionCompleteModel) (at Assets/Game/Scripts/UI/Shell/UIShellEcsPresentationSystem.cs:146)
Game.UI.Runtime.UIShellEcsPresentationSystem:FlushPendingCompletion () (at Assets/Game/Scripts/UI/Shell/UIShellEcsPresentationSystem.cs:129)
Game.UI.Runtime.UIShellEcsPresentationSystem:Update () (at Assets/Game/Scripts/UI/Shell/UIShellEcsPresentationSystem.cs:67)

[SupportJourneyTouch] phase=Began point=(1715.20, 999.66) hit=Close
UnityEngine.Debug:Log (object)
Game.Editor.SupportSmokeJourneyProbe:TouchEvidence (Game.UI.Runtime.AriaTouchInputUiSystemHelper,string,UnityEngine.Vector2) (at Assets/Game/Scripts/Editor/SupportSmokeJourneyProbe.cs:290)
Game.UI.Runtime.AriaTouchInputUiSystemHelper:OnInputEvent (UnityEngine.InputSystem.LowLevel.InputEventPtr,UnityEngine.InputSystem.InputDevice) (at Assets/Game/Scripts/UI/Screens/AriaTouchInputUiSystemHelper.cs:162)
UnityEngine.InputSystem.LowLevel.NativeInputRuntime/<>c__DisplayClass7_0:<set_onUpdate>b__0 (UnityEngineInternal.Input.NativeInputUpdateType,UnityEngineInternal.Input.NativeInputEventBuffer*)
UnityEngineInternal.Input.NativeInputSystem:NotifyUpdate (UnityEngineInternal.Input.NativeInputUpdateType,intptr) (at /Users/bokken/build/output/unity/unity/Modules/Input/Private/Input.cs:132)

[SupportJourneyTouch] phase=Ended point=(1715.20, 999.66) hit=Close
UnityEngine.Debug:Log (object)
Game.Editor.SupportSmokeJourneyProbe:TouchEvidence (Game.UI.Runtime.AriaTouchInputUiSystemHelper,string,UnityEngine.Vector2) (at Assets/Game/Scripts/Editor/SupportSmokeJourneyProbe.cs:290)
Game.UI.Runtime.AriaTouchInputUiSystemHelper:OnInputEvent (UnityEngine.InputSystem.LowLevel.InputEventPtr,UnityEngine.InputSystem.InputDevice) (at Assets/Game/Scripts/UI/Screens/AriaTouchInputUiSystemHelper.cs:162)
UnityEngine.InputSystem.LowLevel.NativeInputRuntime/<>c__DisplayClass7_0:<set_onUpdate>b__0 (UnityEngineInternal.Input.NativeInputUpdateType,UnityEngineInternal.Input.NativeInputEventBuffer*)
UnityEngineInternal.Input.NativeInputSystem:NotifyUpdate (UnityEngineInternal.Input.NativeInputUpdateType,intptr) (at /Users/bokken/build/output/unity/unity/Modules/Input/Private/Input.cs:132)

[UiShellPresentation] stage=CommandStarted sequence=7 kind=HidePopup region=PopupLayer route=Match
UnityEngine.Debug:Log (object,UnityEngine.Object)
Game.Composition.UiDiagnosticsComposition:Report (Game.UI.Contracts.UiDiagnosticSeverity,string,UnityEngine.Object) (at Assets/Game/Scripts/Composition/UiDiagnosticsComposition.cs:17)
Game.UI.Contracts.UiDiagnostics:Info (string,UnityEngine.Object) (at Assets/Game/Scripts/UI/Contracts/UiDiagnostics.cs:14)
Game.UI.Runtime.UIShellEcsPresentationSystem:LogTransition (string,Game.UI.Contracts.UiShellPresentationCommandModel) (at Assets/Game/Scripts/UI/Shell/UIShellEcsPresentationSystem.cs:138)
Game.UI.Runtime.UIShellEcsPresentationSystem:Update () (at Assets/Game/Scripts/UI/Shell/UIShellEcsPresentationSystem.cs:87)

[UiShellPresentation] stage=CommandCompleted sequence=7 kind=HidePopup region=PopupLayer route=Match
UnityEngine.Debug:Log (object,UnityEngine.Object)
Game.Composition.UiDiagnosticsComposition:Report (Game.UI.Contracts.UiDiagnosticSeverity,string,UnityEngine.Object) (at Assets/Game/Scripts/Composition/UiDiagnosticsComposition.cs:17)
Game.UI.Contracts.UiDiagnostics:Info (string,UnityEngine.Object) (at Assets/Game/Scripts/UI/Contracts/UiDiagnostics.cs:14)
Game.UI.Runtime.UIShellEcsPresentationSystem:LogTransition (string,Game.UI.Contracts.UiShellPresentationCommandModel) (at Assets/Game/Scripts/UI/Shell/UIShellEcsPresentationSystem.cs:138)
Game.UI.Runtime.UIShellEcsPresentationSystem/<>c__DisplayClass24_0:<Update>b__0 (int) (at Assets/Game/Scripts/UI/Shell/UIShellEcsPresentationSystem.cs:100)
Game.UI.Runtime.UIShellView/<>c__DisplayClass19_0:<ExecuteCommandSequence>b__0 () (at Assets/Game/Scripts/UI/Shell/UIShellView.cs:99)
Game.UI.Runtime.UIMotionHostView/<SequenceRoutine>d__32:MoveNext () (at Assets/Game/Scripts/UI/Shell/UIMotionHostView.cs:268)
UnityEngine.SetupCoroutine:InvokeMoveNext (System.Collections.IEnumerator,intptr) (at /Users/bokken/build/output/unity/unity/Runtime/Export/Scripting/Coroutines.cs:17)

[UiShellPresentation] stage=CompletionFlushed sequence=7 kind=HidePopup region=PopupLayer
UnityEngine.Debug:Log (object,UnityEngine.Object)
Game.Composition.UiDiagnosticsComposition:Report (Game.UI.Contracts.UiDiagnosticSeverity,string,UnityEngine.Object) (at Assets/Game/Scripts/Composition/UiDiagnosticsComposition.cs:17)
Game.UI.Contracts.UiDiagnostics:Info (string,UnityEngine.Object) (at Assets/Game/Scripts/UI/Contracts/UiDiagnostics.cs:14)
Game.UI.Runtime.UIShellEcsPresentationSystem:LogTransition (string,Game.UI.Contracts.UiShellTransitionCompleteModel) (at Assets/Game/Scripts/UI/Shell/UIShellEcsPresentationSystem.cs:146)
Game.UI.Runtime.UIShellEcsPresentationSystem:FlushPendingCompletion () (at Assets/Game/Scripts/UI/Shell/UIShellEcsPresentationSystem.cs:129)
Game.UI.Runtime.UIShellEcsPresentationSystem:Update () (at Assets/Game/Scripts/UI/Shell/UIShellEcsPresentationSystem.cs:67)

[SupportJourneyState] stage=3 smokeStage=2 phase=Engage outcome=None gestures=153 covered=False damage=0
UnityEngine.Debug:Log (object)
Game.Editor.SupportSmokeJourneyProbe:Tick () (at Assets/Game/Scripts/Editor/SupportSmokeJourneyProbe.cs:102)
UnityEditor.EditorApplication:Internal_CallUpdateFunctions () (at /Users/bokken/build/output/unity/unity/Editor/Mono/EditorApplication.cs:403)

[SupportJourneyTouch] phase=Began point=(1644.33, 106.16) hit=V3GradientLayer
UnityEngine.Debug:Log (object)
Game.Editor.SupportSmokeJourneyProbe:TouchEvidence (Game.UI.Runtime.AriaTouchInputUiSystemHelper,string,UnityEngine.Vector2) (at Assets/Game/Scripts/Editor/SupportSmokeJourneyProbe.cs:290)
Game.UI.Runtime.AriaTouchInputUiSystemHelper:OnInputEvent (UnityEngine.InputSystem.LowLevel.InputEventPtr,UnityEngine.InputSystem.InputDevice) (at Assets/Game/Scripts/UI/Screens/AriaTouchInputUiSystemHelper.cs:162)
UnityEngine.InputSystem.LowLevel.NativeInputRuntime/<>c__DisplayClass7_0:<set_onUpdate>b__0 (UnityEngineInternal.Input.NativeInputUpdateType,UnityEngineInternal.Input.NativeInputEventBuffer*)
UnityEngineInternal.Input.NativeInputSystem:NotifyUpdate (UnityEngineInternal.Input.NativeInputUpdateType,intptr) (at /Users/bokken/build/output/unity/unity/Modules/Input/Private/Input.cs:132)

[SupportJourneyTouch] phase=Ended point=(1644.33, 106.16) hit=V3GradientLayer
UnityEngine.Debug:Log (object)
Game.Editor.SupportSmokeJourneyProbe:TouchEvidence (Game.UI.Runtime.AriaTouchInputUiSystemHelper,string,UnityEngine.Vector2) (at Assets/Game/Scripts/Editor/SupportSmokeJourneyProbe.cs:290)
Game.UI.Runtime.AriaTouchInputUiSystemHelper:OnInputEvent (UnityEngine.InputSystem.LowLevel.InputEventPtr,UnityEngine.InputSystem.InputDevice) (at Assets/Game/Scripts/UI/Screens/AriaTouchInputUiSystemHelper.cs:162)
UnityEngine.InputSystem.LowLevel.NativeInputRuntime/<>c__DisplayClass7_0:<set_onUpdate>b__0 (UnityEngineInternal.Input.NativeInputUpdateType,UnityEngineInternal.Input.NativeInputEventBuffer*)
UnityEngineInternal.Input.NativeInputSystem:NotifyUpdate (UnityEngineInternal.Input.NativeInputUpdateType,intptr) (at /Users/bokken/build/output/unity/unity/Modules/Input/Private/Input.cs:132)

[UiShellPresentation] stage=CommandStarted sequence=8 kind=ShowPopup region=PopupLayer route=Match
UnityEngine.Debug:Log (object,UnityEngine.Object)
Game.Composition.UiDiagnosticsComposition:Report (Game.UI.Contracts.UiDiagnosticSeverity,string,UnityEngine.Object) (at Assets/Game/Scripts/Composition/UiDiagnosticsComposition.cs:17)
Game.UI.Contracts.UiDiagnostics:Info (string,UnityEngine.Object) (at Assets/Game/Scripts/UI/Contracts/UiDiagnostics.cs:14)
Game.UI.Runtime.UIShellEcsPresentationSystem:LogTransition (string,Game.UI.Contracts.UiShellPresentationCommandModel) (at Assets/Game/Scripts/UI/Shell/UIShellEcsPresentationSystem.cs:138)
Game.UI.Runtime.UIShellEcsPresentationSystem:Update () (at Assets/Game/Scripts/UI/Shell/UIShellEcsPresentationSystem.cs:87)

[UiShellPresentation] stage=CommandCompleted sequence=8 kind=ShowPopup region=PopupLayer route=Match
UnityEngine.Debug:Log (object,UnityEngine.Object)
Game.Composition.UiDiagnosticsComposition:Report (Game.UI.Contracts.UiDiagnosticSeverity,string,UnityEngine.Object) (at Assets/Game/Scripts/Composition/UiDiagnosticsComposition.cs:17)
Game.UI.Contracts.UiDiagnostics:Info (string,UnityEngine.Object) (at Assets/Game/Scripts/UI/Contracts/UiDiagnostics.cs:14)
Game.UI.Runtime.UIShellEcsPresentationSystem:LogTransition (string,Game.UI.Contracts.UiShellPresentationCommandModel) (at Assets/Game/Scripts/UI/Shell/UIShellEcsPresentationSystem.cs:138)
Game.UI.Runtime.UIShellEcsPresentationSystem/<>c__DisplayClass24_0:<Update>b__0 (int) (at Assets/Game/Scripts/UI/Shell/UIShellEcsPresentationSystem.cs:100)
Game.UI.Runtime.UIShellView/<>c__DisplayClass19_0:<ExecuteCommandSequence>b__0 () (at Assets/Game/Scripts/UI/Shell/UIShellView.cs:99)
Game.UI.Runtime.UIMotionHostView/<SequenceRoutine>d__32:MoveNext () (at Assets/Game/Scripts/UI/Shell/UIMotionHostView.cs:268)
UnityEngine.SetupCoroutine:InvokeMoveNext (System.Collections.IEnumerator,intptr) (at /Users/bokken/build/output/unity/unity/Runtime/Export/Scripting/Coroutines.cs:17)

[UiShellPresentation] stage=CompletionFlushed sequence=8 kind=ShowPopup region=PopupLayer
UnityEngine.Debug:Log (object,UnityEngine.Object)
Game.Composition.UiDiagnosticsComposition:Report (Game.UI.Contracts.UiDiagnosticSeverity,string,UnityEngine.Object) (at Assets/Game/Scripts/Composition/UiDiagnosticsComposition.cs:17)
Game.UI.Contracts.UiDiagnostics:Info (string,UnityEngine.Object) (at Assets/Game/Scripts/UI/Contracts/UiDiagnostics.cs:14)
Game.UI.Runtime.UIShellEcsPresentationSystem:LogTransition (string,Game.UI.Contracts.UiShellTransitionCompleteModel) (at Assets/Game/Scripts/UI/Shell/UIShellEcsPresentationSystem.cs:146)
Game.UI.Runtime.UIShellEcsPresentationSystem:FlushPendingCompletion () (at Assets/Game/Scripts/UI/Shell/UIShellEcsPresentationSystem.cs:129)
Game.UI.Runtime.UIShellEcsPresentationSystem:Update () (at Assets/Game/Scripts/UI/Shell/UIShellEcsPresentationSystem.cs:67)

[SupportJourneyTouch] phase=Began point=(1524.68, 103.29) hit=BeginTargeting
UnityEngine.Debug:Log (object)
Game.Editor.SupportSmokeJourneyProbe:TouchEvidence (Game.UI.Runtime.AriaTouchInputUiSystemHelper,string,UnityEngine.Vector2) (at Assets/Game/Scripts/Editor/SupportSmokeJourneyProbe.cs:290)
Game.UI.Runtime.AriaTouchInputUiSystemHelper:OnInputEvent (UnityEngine.InputSystem.LowLevel.InputEventPtr,UnityEngine.InputSystem.InputDevice) (at Assets/Game/Scripts/UI/Screens/AriaTouchInputUiSystemHelper.cs:162)
UnityEngine.InputSystem.LowLevel.NativeInputRuntime/<>c__DisplayClass7_0:<set_onUpdate>b__0 (UnityEngineInternal.Input.NativeInputUpdateType,UnityEngineInternal.Input.NativeInputEventBuffer*)
UnityEngineInternal.Input.NativeInputSystem:NotifyUpdate (UnityEngineInternal.Input.NativeInputUpdateType,intptr) (at /Users/bokken/build/output/unity/unity/Modules/Input/Private/Input.cs:132)

[SupportJourneyTouch] phase=Ended point=(1524.68, 103.29) hit=BeginTargeting
UnityEngine.Debug:Log (object)
Game.Editor.SupportSmokeJourneyProbe:TouchEvidence (Game.UI.Runtime.AriaTouchInputUiSystemHelper,string,UnityEngine.Vector2) (at Assets/Game/Scripts/Editor/SupportSmokeJourneyProbe.cs:290)
Game.UI.Runtime.AriaTouchInputUiSystemHelper:OnInputEvent (UnityEngine.InputSystem.LowLevel.InputEventPtr,UnityEngine.InputSystem.InputDevice) (at Assets/Game/Scripts/UI/Screens/AriaTouchInputUiSystemHelper.cs:162)
UnityEngine.InputSystem.LowLevel.NativeInputRuntime/<>c__DisplayClass7_0:<set_onUpdate>b__0 (UnityEngineInternal.Input.NativeInputUpdateType,UnityEngineInternal.Input.NativeInputEventBuffer*)
UnityEngineInternal.Input.NativeInputSystem:NotifyUpdate (UnityEngineInternal.Input.NativeInputUpdateType,intptr) (at /Users/bokken/build/output/unity/unity/Modules/Input/Private/Input.cs:132)

[UiShellPresentation] stage=CommandStarted sequence=9 kind=HidePopup region=PopupLayer route=Match
UnityEngine.Debug:Log (object,UnityEngine.Object)
Game.Composition.UiDiagnosticsComposition:Report (Game.UI.Contracts.UiDiagnosticSeverity,string,UnityEngine.Object) (at Assets/Game/Scripts/Composition/UiDiagnosticsComposition.cs:17)
Game.UI.Contracts.UiDiagnostics:Info (string,UnityEngine.Object) (at Assets/Game/Scripts/UI/Contracts/UiDiagnostics.cs:14)
Game.UI.Runtime.UIShellEcsPresentationSystem:LogTransition (string,Game.UI.Contracts.UiShellPresentationCommandModel) (at Assets/Game/Scripts/UI/Shell/UIShellEcsPresentationSystem.cs:138)
Game.UI.Runtime.UIShellEcsPresentationSystem:Update () (at Assets/Game/Scripts/UI/Shell/UIShellEcsPresentationSystem.cs:87)

[FreezeDetect] Frame gap frame=8229 Gap=212.6ms GC=0/0/0 LastSteps=RoadBuild=0.0ms, BuildingPlacement=0.2ms, Selection=0.2ms, DayNight=0.0ms, CitizenPopulation=0.0ms, MainMenu=6.0ms
[UiShellPresentation] stage=CommandCompleted sequence=9 kind=HidePopup region=PopupLayer route=Match
UnityEngine.Debug:Log (object,UnityEngine.Object)
Game.Composition.UiDiagnosticsComposition:Report (Game.UI.Contracts.UiDiagnosticSeverity,string,UnityEngine.Object) (at Assets/Game/Scripts/Composition/UiDiagnosticsComposition.cs:17)
Game.UI.Contracts.UiDiagnostics:Info (string,UnityEngine.Object) (at Assets/Game/Scripts/UI/Contracts/UiDiagnostics.cs:14)
Game.UI.Runtime.UIShellEcsPresentationSystem:LogTransition (string,Game.UI.Contracts.UiShellPresentationCommandModel) (at Assets/Game/Scripts/UI/Shell/UIShellEcsPresentationSystem.cs:138)
Game.UI.Runtime.UIShellEcsPresentationSystem/<>c__DisplayClass24_0:<Update>b__0 (int) (at Assets/Game/Scripts/UI/Shell/UIShellEcsPresentationSystem.cs:100)
Game.UI.Runtime.UIShellView/<>c__DisplayClass19_0:<ExecuteCommandSequence>b__0 () (at Assets/Game/Scripts/UI/Shell/UIShellView.cs:99)
Game.UI.Runtime.UIMotionHostView/<SequenceRoutine>d__32:MoveNext () (at Assets/Game/Scripts/UI/Shell/UIMotionHostView.cs:268)
UnityEngine.SetupCoroutine:InvokeMoveNext (System.Collections.IEnumerator,intptr) (at /Users/bokken/build/output/unity/unity/Runtime/Export/Scripting/Coroutines.cs:17)

[UiShellPresentation] stage=CompletionFlushed sequence=9 kind=HidePopup region=PopupLayer
UnityEngine.Debug:Log (object,UnityEngine.Object)
Game.Composition.UiDiagnosticsComposition:Report (Game.UI.Contracts.UiDiagnosticSeverity,string,UnityEngine.Object) (at Assets/Game/Scripts/Composition/UiDiagnosticsComposition.cs:17)
Game.UI.Contracts.UiDiagnostics:Info (string,UnityEngine.Object) (at Assets/Game/Scripts/UI/Contracts/UiDiagnostics.cs:14)
Game.UI.Runtime.UIShellEcsPresentationSystem:LogTransition (string,Game.UI.Contracts.UiShellTransitionCompleteModel) (at Assets/Game/Scripts/UI/Shell/UIShellEcsPresentationSystem.cs:146)
Game.UI.Runtime.UIShellEcsPresentationSystem:FlushPendingCompletion () (at Assets/Game/Scripts/UI/Shell/UIShellEcsPresentationSystem.cs:129)
Game.UI.Runtime.UIShellEcsPresentationSystem:Update () (at Assets/Game/Scripts/UI/Shell/UIShellEcsPresentationSystem.cs:67)

[SupportJourneyTouch] phase=Began point=(956.91, 543.31) hit=
UnityEngine.Debug:Log (object)
Game.Editor.SupportSmokeJourneyProbe:TouchEvidence (Game.UI.Runtime.AriaTouchInputUiSystemHelper,string,UnityEngine.Vector2) (at Assets/Game/Scripts/Editor/SupportSmokeJourneyProbe.cs:290)
Game.UI.Runtime.AriaTouchInputUiSystemHelper:OnInputEvent (UnityEngine.InputSystem.LowLevel.InputEventPtr,UnityEngine.InputSystem.InputDevice) (at Assets/Game/Scripts/UI/Screens/AriaTouchInputUiSystemHelper.cs:162)
UnityEngine.InputSystem.LowLevel.NativeInputRuntime/<>c__DisplayClass7_0:<set_onUpdate>b__0 (UnityEngineInternal.Input.NativeInputUpdateType,UnityEngineInternal.Input.NativeInputEventBuffer*)
UnityEngineInternal.Input.NativeInputSystem:NotifyUpdate (UnityEngineInternal.Input.NativeInputUpdateType,intptr) (at /Users/bokken/build/output/unity/unity/Modules/Input/Private/Input.cs:132)

[SupportJourneyTouch] phase=Ended point=(956.91, 543.31) hit=
UnityEngine.Debug:Log (object)
Game.Editor.SupportSmokeJourneyProbe:TouchEvidence (Game.UI.Runtime.AriaTouchInputUiSystemHelper,string,UnityEngine.Vector2) (at Assets/Game/Scripts/Editor/SupportSmokeJourneyProbe.cs:290)
Game.UI.Runtime.AriaTouchInputUiSystemHelper:OnInputEvent (UnityEngine.InputSystem.LowLevel.InputEventPtr,UnityEngine.InputSystem.InputDevice) (at Assets/Game/Scripts/UI/Screens/AriaTouchInputUiSystemHelper.cs:162)
UnityEngine.InputSystem.LowLevel.NativeInputRuntime/<>c__DisplayClass7_0:<set_onUpdate>b__0 (UnityEngineInternal.Input.NativeInputUpdateType,UnityEngineInternal.Input.NativeInputEventBuffer*)
UnityEngineInternal.Input.NativeInputSystem:NotifyUpdate (UnityEngineInternal.Input.NativeInputUpdateType,intptr) (at /Users/bokken/build/output/unity/unity/Modules/Input/Private/Input.cs:132)

[FrameRateDiag] fps=37.3 avgFrame=26.8ms updateAvg=3.5ms updateMax=16.5ms cpuFrame=44.0ms cpuMain=20.8ms cpuRender=0.9ms gpu=11.0ms drawCalls=768 batches=0 setPass=149 tris=1636930 verts=3014912 units=4946 models=13 sourceKeys=4946 sourceKeyFallbackVisuals=0 initialSpawnConfigs=2 impostors=0 render=screen=1920x1080,batch=0,quality=1:Mobile,vSync=0,targetFps=-1,pipeline=Mobile_RPAsset_MobileCandidate,scale=0.75,msaa=0,camera=Main Camera,cameraData=post:1,aa:FastApproximateAntialiasing,stack:0 memory=alloc=11705MB reserved=12533MB mono=3696MB focused=1 playRequested=1 simulationActive=1 stepStats=none topSystems=disabled markers=disabled
[RenderSceneDiag] frame=8253 source=profilerCounters drawCalls=768 batches=0 setPass=149 tris=1636930 verts=3014912 topSystems=disabled markers=disabled
[PerfDiag] slowUpdate frame=8259 total=51.2ms gc=0/0/0 cpuFrame=25.5ms cpuMain=18.8ms cpuRender=4.4ms gpu=16.4ms steps=RoadBuild=0.0ms, BuildingPlacement=0.3ms, Selection=0.3ms, DayNight=0.0ms, CitizenPopulation=0.0ms, MainMenu=50.6ms units=4946 models=13 sourceKeys=4946 sourceKeyFallbackVisuals=0 initialSpawnConfigs=2 drawCalls=768 batches=0 setPass=149 tris=1636930 verts=3014912 memory=alloc=11705MB reserved=12534MB mono=3696MB uiToolkit=0 gameplayInitialized=1 playRequested=1 simulationActive=1 focused=1 vSync=0 targetFps=-1 topSystems=disabled markers=disabled
[SupportJourneyTouch] phase=Began point=(919.50, 558.80) hit=
UnityEngine.Debug:Log (object)
Game.Editor.SupportSmokeJourneyProbe:TouchEvidence (Game.UI.Runtime.AriaTouchInputUiSystemHelper,string,UnityEngine.Vector2) (at Assets/Game/Scripts/Editor/SupportSmokeJourneyProbe.cs:290)
Game.UI.Runtime.AriaTouchInputUiSystemHelper:OnInputEvent (UnityEngine.InputSystem.LowLevel.InputEventPtr,UnityEngine.InputSystem.InputDevice) (at Assets/Game/Scripts/UI/Screens/AriaTouchInputUiSystemHelper.cs:162)
UnityEngine.InputSystem.LowLevel.NativeInputRuntime/<>c__DisplayClass7_0:<set_onUpdate>b__0 (UnityEngineInternal.Input.NativeInputUpdateType,UnityEngineInternal.Input.NativeInputEventBuffer*)
UnityEngineInternal.Input.NativeInputSystem:NotifyUpdate (UnityEngineInternal.Input.NativeInputUpdateType,intptr) (at /Users/bokken/build/output/unity/unity/Modules/Input/Private/Input.cs:132)

[FreezeDetect] Frame gap frame=8273 Gap=180.7ms GC=0/0/0 LastSteps=RoadBuild=0.0ms, BuildingPlacement=0.1ms, Selection=0.1ms, DayNight=0.0ms, CitizenPopulation=0.0ms, MainMenu=1.6ms
[SupportJourneyTouch] phase=Ended point=(1009.50, 558.80) hit=
UnityEngine.Debug:Log (object)
Game.Editor.SupportSmokeJourneyProbe:TouchEvidence (Game.UI.Runtime.AriaTouchInputUiSystemHelper,string,UnityEngine.Vector2) (at Assets/Game/Scripts/Editor/SupportSmokeJourneyProbe.cs:290)
Game.UI.Runtime.AriaTouchInputUiSystemHelper:OnInputEvent (UnityEngine.InputSystem.LowLevel.InputEventPtr,UnityEngine.InputSystem.InputDevice) (at Assets/Game/Scripts/UI/Screens/AriaTouchInputUiSystemHelper.cs:162)
UnityEngine.InputSystem.LowLevel.NativeInputRuntime/<>c__DisplayClass7_0:<set_onUpdate>b__0 (UnityEngineInternal.Input.NativeInputUpdateType,UnityEngineInternal.Input.NativeInputEventBuffer*)
UnityEngineInternal.Input.NativeInputSystem:NotifyUpdate (UnityEngineInternal.Input.NativeInputUpdateType,intptr) (at /Users/bokken/build/output/unity/unity/Modules/Input/Private/Input.cs:132)

[SupportJourneyTouch] phase=Began point=(626.41, 64.31) hit=Propose
UnityEngine.Debug:Log (object)
Game.Editor.SupportSmokeJourneyProbe:TouchEvidence (Game.UI.Runtime.AriaTouchInputUiSystemHelper,string,UnityEngine.Vector2) (at Assets/Game/Scripts/Editor/SupportSmokeJourneyProbe.cs:290)
Game.UI.Runtime.AriaTouchInputUiSystemHelper:OnInputEvent (UnityEngine.InputSystem.LowLevel.InputEventPtr,UnityEngine.InputSystem.InputDevice) (at Assets/Game/Scripts/UI/Screens/AriaTouchInputUiSystemHelper.cs:162)
UnityEngine.InputSystem.LowLevel.NativeInputRuntime/<>c__DisplayClass7_0:<set_onUpdate>b__0 (UnityEngineInternal.Input.NativeInputUpdateType,UnityEngineInternal.Input.NativeInputEventBuffer*)
UnityEngineInternal.Input.NativeInputSystem:NotifyUpdate (UnityEngineInternal.Input.NativeInputUpdateType,intptr) (at /Users/bokken/build/output/unity/unity/Modules/Input/Private/Input.cs:132)

[SupportJourneyTouch] phase=Ended point=(626.41, 64.31) hit=Propose
UnityEngine.Debug:Log (object)
Game.Editor.SupportSmokeJourneyProbe:TouchEvidence (Game.UI.Runtime.AriaTouchInputUiSystemHelper,string,UnityEngine.Vector2) (at Assets/Game/Scripts/Editor/SupportSmokeJourneyProbe.cs:290)
Game.UI.Runtime.AriaTouchInputUiSystemHelper:OnInputEvent (UnityEngine.InputSystem.LowLevel.InputEventPtr,UnityEngine.InputSystem.InputDevice) (at Assets/Game/Scripts/UI/Screens/AriaTouchInputUiSystemHelper.cs:162)
UnityEngine.InputSystem.LowLevel.NativeInputRuntime/<>c__DisplayClass7_0:<set_onUpdate>b__0 (UnityEngineInternal.Input.NativeInputUpdateType,UnityEngineInternal.Input.NativeInputEventBuffer*)
UnityEngineInternal.Input.NativeInputSystem:NotifyUpdate (UnityEngineInternal.Input.NativeInputUpdateType,intptr) (at /Users/bokken/build/output/unity/unity/Modules/Input/Private/Input.cs:132)

[FrameRateDiag] fps=35.7 avgFrame=28.0ms updateAvg=4.6ms updateMax=51.2ms cpuFrame=24.6ms cpuMain=17.2ms cpuRender=5.1ms gpu=10.9ms drawCalls=773 batches=0 setPass=147 tris=1639490 verts=3024145 units=4946 models=13 sourceKeys=4946 sourceKeyFallbackVisuals=0 initialSpawnConfigs=2 impostors=0 render=screen=1920x1080,batch=0,quality=1:Mobile,vSync=0,targetFps=-1,pipeline=Mobile_RPAsset_MobileCandidate,scale=0.75,msaa=0,camera=Main Camera,cameraData=post:1,aa:FastApproximateAntialiasing,stack:0 memory=alloc=11707MB reserved=12540MB mono=3697MB focused=1 playRequested=1 simulationActive=1 stepStats=none topSystems=disabled markers=disabled
[SupportJourneyTouch] phase=Began point=(1512.92, 64.31) hit=ShowTarget
UnityEngine.Debug:Log (object)
Game.Editor.SupportSmokeJourneyProbe:TouchEvidence (Game.UI.Runtime.AriaTouchInputUiSystemHelper,string,UnityEngine.Vector2) (at Assets/Game/Scripts/Editor/SupportSmokeJourneyProbe.cs:290)
Game.UI.Runtime.AriaTouchInputUiSystemHelper:OnInputEvent (UnityEngine.InputSystem.LowLevel.InputEventPtr,UnityEngine.InputSystem.InputDevice) (at Assets/Game/Scripts/UI/Screens/AriaTouchInputUiSystemHelper.cs:162)
UnityEngine.InputSystem.LowLevel.NativeInputRuntime/<>c__DisplayClass7_0:<set_onUpdate>b__0 (UnityEngineInternal.Input.NativeInputUpdateType,UnityEngineInternal.Input.NativeInputEventBuffer*)
UnityEngineInternal.Input.NativeInputSystem:NotifyUpdate (UnityEngineInternal.Input.NativeInputUpdateType,intptr) (at /Users/bokken/build/output/unity/unity/Modules/Input/Private/Input.cs:132)

[FreezeDetect] Frame gap frame=8336 Gap=192.3ms GC=0/0/0 LastSteps=RoadBuild=0.0ms, BuildingPlacement=0.2ms, Selection=0.2ms, DayNight=0.0ms, CitizenPopulation=0.0ms, MainMenu=2.9ms
[SupportJourneyTouch] phase=Ended point=(1512.92, 64.31) hit=ShowTarget
UnityEngine.Debug:Log (object)
Game.Editor.SupportSmokeJourneyProbe:TouchEvidence (Game.UI.Runtime.AriaTouchInputUiSystemHelper,string,UnityEngine.Vector2) (at Assets/Game/Scripts/Editor/SupportSmokeJourneyProbe.cs:290)
Game.UI.Runtime.AriaTouchInputUiSystemHelper:OnInputEvent (UnityEngine.InputSystem.LowLevel.InputEventPtr,UnityEngine.InputSystem.InputDevice) (at Assets/Game/Scripts/UI/Screens/AriaTouchInputUiSystemHelper.cs:162)
UnityEngine.InputSystem.LowLevel.NativeInputRuntime/<>c__DisplayClass7_0:<set_onUpdate>b__0 (UnityEngineInternal.Input.NativeInputUpdateType,UnityEngineInternal.Input.NativeInputEventBuffer*)
UnityEngineInternal.Input.NativeInputSystem:NotifyUpdate (UnityEngineInternal.Input.NativeInputUpdateType,intptr) (at /Users/bokken/build/output/unity/unity/Modules/Input/Private/Input.cs:132)

[SupportJourneyState] stage=3 smokeStage=7 phase=Engage outcome=None gestures=159 covered=False damage=0
UnityEngine.Debug:Log (object)
Game.Editor.SupportSmokeJourneyProbe:Tick () (at Assets/Game/Scripts/Editor/SupportSmokeJourneyProbe.cs:102)
UnityEditor.EditorApplication:Internal_CallUpdateFunctions () (at /Users/bokken/build/output/unity/unity/Editor/Mono/EditorApplication.cs:403)

[SupportJourneyTouch] phase=Began point=(1178.18, 64.31) hit=Decline
UnityEngine.Debug:Log (object)
Game.Editor.SupportSmokeJourneyProbe:TouchEvidence (Game.UI.Runtime.AriaTouchInputUiSystemHelper,string,UnityEngine.Vector2) (at Assets/Game/Scripts/Editor/SupportSmokeJourneyProbe.cs:290)
Game.UI.Runtime.AriaTouchInputUiSystemHelper:OnInputEvent (UnityEngine.InputSystem.LowLevel.InputEventPtr,UnityEngine.InputSystem.InputDevice) (at Assets/Game/Scripts/UI/Screens/AriaTouchInputUiSystemHelper.cs:162)
UnityEngine.InputSystem.LowLevel.NativeInputRuntime/<>c__DisplayClass7_0:<set_onUpdate>b__0 (UnityEngineInternal.Input.NativeInputUpdateType,UnityEngineInternal.Input.NativeInputEventBuffer*)
UnityEngineInternal.Input.NativeInputSystem:NotifyUpdate (UnityEngineInternal.Input.NativeInputUpdateType,intptr) (at /Users/bokken/build/output/unity/unity/Modules/Input/Private/Input.cs:132)

[SupportJourneyTouch] phase=Ended point=(1178.18, 64.31) hit=Decline
UnityEngine.Debug:Log (object)
Game.Editor.SupportSmokeJourneyProbe:TouchEvidence (Game.UI.Runtime.AriaTouchInputUiSystemHelper,string,UnityEngine.Vector2) (at Assets/Game/Scripts/Editor/SupportSmokeJourneyProbe.cs:290)
Game.UI.Runtime.AriaTouchInputUiSystemHelper:OnInputEvent (UnityEngine.InputSystem.LowLevel.InputEventPtr,UnityEngine.InputSystem.InputDevice) (at Assets/Game/Scripts/UI/Screens/AriaTouchInputUiSystemHelper.cs:162)
UnityEngine.InputSystem.LowLevel.NativeInputRuntime/<>c__DisplayClass7_0:<set_onUpdate>b__0 (UnityEngineInternal.Input.NativeInputUpdateType,UnityEngineInternal.Input.NativeInputEventBuffer*)
UnityEngineInternal.Input.NativeInputSystem:NotifyUpdate (UnityEngineInternal.Input.NativeInputUpdateType,intptr) (at /Users/bokken/build/output/unity/unity/Modules/Input/Private/Input.cs:132)

[SupportJourneyTouch] phase=Began point=(960.03, 539.85) hit=
UnityEngine.Debug:Log (object)
Game.Editor.SupportSmokeJourneyProbe:TouchEvidence (Game.UI.Runtime.AriaTouchInputUiSystemHelper,string,UnityEngine.Vector2) (at Assets/Game/Scripts/Editor/SupportSmokeJourneyProbe.cs:290)
Game.UI.Runtime.AriaTouchInputUiSystemHelper:OnInputEvent (UnityEngine.InputSystem.LowLevel.InputEventPtr,UnityEngine.InputSystem.InputDevice) (at Assets/Game/Scripts/UI/Screens/AriaTouchInputUiSystemHelper.cs:162)
UnityEngine.InputSystem.LowLevel.NativeInputRuntime/<>c__DisplayClass7_0:<set_onUpdate>b__0 (UnityEngineInternal.Input.NativeInputUpdateType,UnityEngineInternal.Input.NativeInputEventBuffer*)
UnityEngineInternal.Input.NativeInputSystem:NotifyUpdate (UnityEngineInternal.Input.NativeInputUpdateType,intptr) (at /Users/bokken/build/output/unity/unity/Modules/Input/Private/Input.cs:132)

[FrameRateDiag] fps=38.2 avgFrame=26.2ms updateAvg=3.5ms updateMax=13.0ms cpuFrame=26.5ms cpuMain=19.7ms cpuRender=1.1ms gpu=0.3ms drawCalls=773 batches=0 setPass=150 tris=1628838 verts=3001693 units=4946 models=13 sourceKeys=4946 sourceKeyFallbackVisuals=0 initialSpawnConfigs=2 impostors=0 render=screen=1920x1080,batch=0,quality=1:Mobile,vSync=0,targetFps=-1,pipeline=Mobile_RPAsset_MobileCandidate,scale=0.75,msaa=0,camera=Main Camera,cameraData=post:1,aa:FastApproximateAntialiasing,stack:0 memory=alloc=11710MB reserved=12540MB mono=3698MB focused=1 playRequested=1 simulationActive=1 stepStats=none topSystems=disabled markers=disabled
[SupportJourneyTouch] phase=Ended point=(960.03, 539.85) hit=
UnityEngine.Debug:Log (object)
Game.Editor.SupportSmokeJourneyProbe:TouchEvidence (Game.UI.Runtime.AriaTouchInputUiSystemHelper,string,UnityEngine.Vector2) (at Assets/Game/Scripts/Editor/SupportSmokeJourneyProbe.cs:290)
Game.UI.Runtime.AriaTouchInputUiSystemHelper:OnInputEvent (UnityEngine.InputSystem.LowLevel.InputEventPtr,UnityEngine.InputSystem.InputDevice) (at Assets/Game/Scripts/UI/Screens/AriaTouchInputUiSystemHelper.cs:162)
UnityEngine.InputSystem.LowLevel.NativeInputRuntime/<>c__DisplayClass7_0:<set_onUpdate>b__0 (UnityEngineInternal.Input.NativeInputUpdateType,UnityEngineInternal.Input.NativeInputEventBuffer*)
UnityEngineInternal.Input.NativeInputSystem:NotifyUpdate (UnityEngineInternal.Input.NativeInputUpdateType,intptr) (at /Users/bokken/build/output/unity/unity/Modules/Input/Private/Input.cs:132)

[FreezeDetect] Update hitch frame=8413 BuildingPlacement=154.9ms, GC=0/0/0, Total=161.9ms
[PerfDiag] slowUpdate frame=8413 total=161.9ms gc=0/0/0 cpuFrame=27.9ms cpuMain=17.4ms cpuRender=4.4ms gpu=13.1ms steps=RoadBuild=0.0ms, BuildingPlacement=154.9ms, Selection=0.4ms, DayNight=0.0ms, CitizenPopulation=0.0ms, MainMenu=6.5ms units=4946 models=13 sourceKeys=4946 sourceKeyFallbackVisuals=0 initialSpawnConfigs=2 drawCalls=772 batches=0 setPass=149 tris=1628836 verts=3001689 memory=alloc=11716MB reserved=12545MB mono=3699MB uiToolkit=0 gameplayInitialized=1 playRequested=1 simulationActive=1 focused=1 vSync=0 targetFps=-1 topSystems=disabled markers=disabled
[FreezeDetect] Frame gap frame=8414 Gap=188.0ms GC=0/0/0 LastSteps=RoadBuild=0.0ms, BuildingPlacement=154.9ms, Selection=0.4ms, DayNight=0.0ms, CitizenPopulation=0.0ms, MainMenu=6.5ms
[SupportJourneyTouch] phase=Began point=(626.41, 64.31) hit=Propose
UnityEngine.Debug:Log (object)
Game.Editor.SupportSmokeJourneyProbe:TouchEvidence (Game.UI.Runtime.AriaTouchInputUiSystemHelper,string,UnityEngine.Vector2) (at Assets/Game/Scripts/Editor/SupportSmokeJourneyProbe.cs:290)
Game.UI.Runtime.AriaTouchInputUiSystemHelper:OnInputEvent (UnityEngine.InputSystem.LowLevel.InputEventPtr,UnityEngine.InputSystem.InputDevice) (at Assets/Game/Scripts/UI/Screens/AriaTouchInputUiSystemHelper.cs:162)
UnityEngine.InputSystem.LowLevel.NativeInputRuntime/<>c__DisplayClass7_0:<set_onUpdate>b__0 (UnityEngineInternal.Input.NativeInputUpdateType,UnityEngineInternal.Input.NativeInputEventBuffer*)
UnityEngineInternal.Input.NativeInputSystem:NotifyUpdate (UnityEngineInternal.Input.NativeInputUpdateType,intptr) (at /Users/bokken/build/output/unity/unity/Modules/Input/Private/Input.cs:132)

[SupportJourneyTouch] phase=Ended point=(626.41, 64.31) hit=Propose
UnityEngine.Debug:Log (object)
Game.Editor.SupportSmokeJourneyProbe:TouchEvidence (Game.UI.Runtime.AriaTouchInputUiSystemHelper,string,UnityEngine.Vector2) (at Assets/Game/Scripts/Editor/SupportSmokeJourneyProbe.cs:290)
Game.UI.Runtime.AriaTouchInputUiSystemHelper:OnInputEvent (UnityEngine.InputSystem.LowLevel.InputEventPtr,UnityEngine.InputSystem.InputDevice) (at Assets/Game/Scripts/UI/Screens/AriaTouchInputUiSystemHelper.cs:162)
UnityEngine.InputSystem.LowLevel.NativeInputRuntime/<>c__DisplayClass7_0:<set_onUpdate>b__0 (UnityEngineInternal.Input.NativeInputUpdateType,UnityEngineInternal.Input.NativeInputEventBuffer*)
UnityEngineInternal.Input.NativeInputSystem:NotifyUpdate (UnityEngineInternal.Input.NativeInputUpdateType,intptr) (at /Users/bokken/build/output/unity/unity/Modules/Input/Private/Input.cs:132)

[SupportJourneyTouch] phase=Began point=(897.99, 64.31) hit=Approve
UnityEngine.Debug:Log (object)
Game.Editor.SupportSmokeJourneyProbe:TouchEvidence (Game.UI.Runtime.AriaTouchInputUiSystemHelper,string,UnityEngine.Vector2) (at Assets/Game/Scripts/Editor/SupportSmokeJourneyProbe.cs:290)
Game.UI.Runtime.AriaTouchInputUiSystemHelper:OnInputEvent (UnityEngine.InputSystem.LowLevel.InputEventPtr,UnityEngine.InputSystem.InputDevice) (at Assets/Game/Scripts/UI/Screens/AriaTouchInputUiSystemHelper.cs:162)
UnityEngine.InputSystem.LowLevel.NativeInputRuntime/<>c__DisplayClass7_0:<set_onUpdate>b__0 (UnityEngineInternal.Input.NativeInputUpdateType,UnityEngineInternal.Input.NativeInputEventBuffer*)
UnityEngineInternal.Input.NativeInputSystem:NotifyUpdate (UnityEngineInternal.Input.NativeInputUpdateType,intptr) (at /Users/bokken/build/output/unity/unity/Modules/Input/Private/Input.cs:132)

[SupportJourneyTouch] phase=Ended point=(897.99, 64.31) hit=Approve
UnityEngine.Debug:Log (object)
Game.Editor.SupportSmokeJourneyProbe:TouchEvidence (Game.UI.Runtime.AriaTouchInputUiSystemHelper,string,UnityEngine.Vector2) (at Assets/Game/Scripts/Editor/SupportSmokeJourneyProbe.cs:290)
Game.UI.Runtime.AriaTouchInputUiSystemHelper:OnInputEvent (UnityEngine.InputSystem.LowLevel.InputEventPtr,UnityEngine.InputSystem.InputDevice) (at Assets/Game/Scripts/UI/Screens/AriaTouchInputUiSystemHelper.cs:162)
UnityEngine.InputSystem.LowLevel.NativeInputRuntime/<>c__DisplayClass7_0:<set_onUpdate>b__0 (UnityEngineInternal.Input.NativeInputUpdateType,UnityEngineInternal.Input.NativeInputEventBuffer*)
UnityEngineInternal.Input.NativeInputSystem:NotifyUpdate (UnityEngineInternal.Input.NativeInputUpdateType,intptr) (at /Users/bokken/build/output/unity/unity/Modules/Input/Private/Input.cs:132)

[FrameRateDiag] fps=43.6 avgFrame=22.9ms updateAvg=4.6ms updateMax=161.9ms cpuFrame=19.7ms cpuMain=13.1ms cpuRender=3.3ms gpu=14.1ms drawCalls=770 batches=0 setPass=144 tris=1631398 verts=3009883 units=4946 models=13 sourceKeys=4946 sourceKeyFallbackVisuals=0 initialSpawnConfigs=2 impostors=0 render=screen=1920x1080,batch=0,quality=1:Mobile,vSync=0,targetFps=-1,pipeline=Mobile_RPAsset_MobileCandidate,scale=0.75,msaa=0,camera=Main Camera,cameraData=post:1,aa:FastApproximateAntialiasing,stack:0 memory=alloc=11717MB reserved=12549MB mono=3700MB focused=1 playRequested=1 simulationActive=1 stepStats=none topSystems=disabled markers=disabled
[FreezeDetect] Frame gap frame=8508 Gap=157.6ms GC=0/0/0 LastSteps=RoadBuild=0.0ms, BuildingPlacement=0.1ms, Selection=0.2ms, DayNight=0.0ms, CitizenPopulation=0.0ms, MainMenu=2.2ms
[SupportJourneyState] stage=3 smokeStage=11 phase=Engage outcome=None gestures=163 covered=True damage=0
UnityEngine.Debug:Log (object)
Game.Editor.SupportSmokeJourneyProbe:Tick () (at Assets/Game/Scripts/Editor/SupportSmokeJourneyProbe.cs:102)
UnityEditor.EditorApplication:Internal_CallUpdateFunctions () (at /Users/bokken/build/output/unity/unity/Editor/Mono/EditorApplication.cs:403)

[FrameRateDiag] fps=52.7 avgFrame=19.0ms updateAvg=2.4ms updateMax=5.7ms cpuFrame=17.2ms cpuMain=12.3ms cpuRender=3.5ms gpu=7.2ms drawCalls=770 batches=0 setPass=144 tris=1631494 verts=3010171 units=4946 models=13 sourceKeys=4946 sourceKeyFallbackVisuals=0 initialSpawnConfigs=2 impostors=0 render=screen=1920x1080,batch=0,quality=1:Mobile,vSync=0,targetFps=-1,pipeline=Mobile_RPAsset_MobileCandidate,scale=0.75,msaa=0,camera=Main Camera,cameraData=post:1,aa:FastApproximateAntialiasing,stack:0 memory=alloc=11712MB reserved=12548MB mono=3702MB focused=1 playRequested=1 simulationActive=1 stepStats=none topSystems=disabled markers=disabled
[PerfDiag] slowUpdate frame=8876 total=115.4ms gc=0/0/0 cpuFrame=16.8ms cpuMain=12.7ms cpuRender=2.9ms gpu=12.5ms steps=RoadBuild=0.0ms, BuildingPlacement=111.1ms, Selection=0.3ms, DayNight=0.0ms, CitizenPopulation=0.0ms, MainMenu=3.9ms units=4946 models=13 sourceKeys=4946 sourceKeyFallbackVisuals=0 initialSpawnConfigs=2 drawCalls=770 batches=0 setPass=144 tris=1631430 verts=3009979 memory=alloc=11708MB reserved=12552MB mono=3707MB uiToolkit=0 gameplayInitialized=1 playRequested=1 simulationActive=1 focused=1 vSync=0 targetFps=-1 topSystems=disabled markers=disabled
[SupportJourneyState] stage=3 smokeStage=11 phase=Engage outcome=None gestures=163 covered=True damage=0
UnityEngine.Debug:Log (object)
Game.Editor.SupportSmokeJourneyProbe:Tick () (at Assets/Game/Scripts/Editor/SupportSmokeJourneyProbe.cs:102)
UnityEditor.EditorApplication:Internal_CallUpdateFunctions () (at /Users/bokken/build/output/unity/unity/Editor/Mono/EditorApplication.cs:403)

[FrameRateDiag] fps=48.5 avgFrame=20.6ms updateAvg=2.9ms updateMax=7.4ms cpuFrame=17.1ms cpuMain=11.0ms cpuRender=2.7ms gpu=7.9ms drawCalls=770 batches=0 setPass=144 tris=1631558 verts=3010363 units=4946 models=13 sourceKeys=4946 sourceKeyFallbackVisuals=0 initialSpawnConfigs=2 impostors=0 render=screen=1920x1080,batch=0,quality=1:Mobile,vSync=0,targetFps=-1,pipeline=Mobile_RPAsset_MobileCandidate,scale=0.75,msaa=0,camera=Main Camera,cameraData=post:1,aa:FastApproximateAntialiasing,stack:0 memory=alloc=11707MB reserved=12551MB mono=3710MB focused=1 playRequested=1 simulationActive=1 stepStats=none topSystems=disabled markers=disabled
[RenderSceneDiag] frame=9074 source=profilerCounters drawCalls=770 batches=0 setPass=144 tris=1631558 verts=3010363 topSystems=disabled markers=disabled
[SupportJourneyState] stage=3 smokeStage=11 phase=Engage outcome=None gestures=163 covered=True damage=0
UnityEngine.Debug:Log (object)
Game.Editor.SupportSmokeJourneyProbe:Tick () (at Assets/Game/Scripts/Editor/SupportSmokeJourneyProbe.cs:102)
UnityEditor.EditorApplication:Internal_CallUpdateFunctions () (at /Users/bokken/build/output/unity/unity/Editor/Mono/EditorApplication.cs:403)

[PerfDiag] slowUpdate frame=9337 total=88.7ms gc=0/0/0 cpuFrame=15.5ms cpuMain=11.4ms cpuRender=3.1ms gpu=6.9ms steps=RoadBuild=0.0ms, BuildingPlacement=85.7ms, Selection=0.3ms, DayNight=0.0ms, CitizenPopulation=0.0ms, MainMenu=2.8ms units=4946 models=13 sourceKeys=4946 sourceKeyFallbackVisuals=0 initialSpawnConfigs=2 drawCalls=770 batches=0 setPass=144 tris=1631302 verts=3009595 memory=alloc=11716MB reserved=12548MB mono=3719MB uiToolkit=0 gameplayInitialized=1 playRequested=1 simulationActive=1 focused=1 vSync=0 targetFps=-1 topSystems=disabled markers=disabled
[SupportJourneyState] stage=3 smokeStage=11 phase=Engage outcome=None gestures=163 covered=True damage=0
UnityEngine.Debug:Log (object)
Game.Editor.SupportSmokeJourneyProbe:Tick () (at Assets/Game/Scripts/Editor/SupportSmokeJourneyProbe.cs:102)
UnityEditor.EditorApplication:Internal_CallUpdateFunctions () (at /Users/bokken/build/output/unity/unity/Editor/Mono/EditorApplication.cs:403)

[FrameRateDiag] fps=47.1 avgFrame=21.2ms updateAvg=2.9ms updateMax=7.1ms cpuFrame=16.7ms cpuMain=11.0ms cpuRender=2.9ms gpu=7.0ms drawCalls=769 batches=0 setPass=143 tris=1628454 verts=3001051 units=4946 models=13 sourceKeys=4946 sourceKeyFallbackVisuals=0 initialSpawnConfigs=2 impostors=0 render=screen=1920x1080,batch=0,quality=1:Mobile,vSync=0,targetFps=-1,pipeline=Mobile_RPAsset_MobileCandidate,scale=0.75,msaa=0,camera=Main Camera,cameraData=post:1,aa:FastApproximateAntialiasing,stack:0 memory=alloc=7122MB reserved=11327MB mono=3729MB focused=1 playRequested=1 simulationActive=1 stepStats=none topSystems=disabled markers=disabled
[RenderSceneDiag] frame=9669 source=profilerCounters drawCalls=769 batches=0 setPass=143 tris=1628454 verts=3001051 topSystems=disabled markers=disabled
[SupportJourneyState] stage=3 smokeStage=11 phase=Engage outcome=None gestures=163 covered=True damage=0
UnityEngine.Debug:Log (object)
Game.Editor.SupportSmokeJourneyProbe:Tick () (at Assets/Game/Scripts/Editor/SupportSmokeJourneyProbe.cs:102)
UnityEditor.EditorApplication:Internal_CallUpdateFunctions () (at /Users/bokken/build/output/unity/unity/Editor/Mono/EditorApplication.cs:403)

[PerfDiag] slowUpdate frame=9787 total=89.9ms gc=0/0/0 cpuFrame=17.2ms cpuMain=12.5ms cpuRender=2.8ms gpu=7.0ms steps=RoadBuild=0.0ms, BuildingPlacement=86.5ms, Selection=0.2ms, DayNight=0.0ms, CitizenPopulation=0.0ms, MainMenu=3.2ms units=4946 models=13 sourceKeys=4946 sourceKeyFallbackVisuals=0 initialSpawnConfigs=2 drawCalls=769 batches=0 setPass=143 tris=1628454 verts=3001051 memory=alloc=6133MB reserved=10717MB mono=3736MB uiToolkit=0 gameplayInitialized=1 playRequested=1 simulationActive=1 focused=1 vSync=0 targetFps=-1 topSystems=disabled markers=disabled
[FrameRateDiag] fps=40.5 avgFrame=24.7ms updateAvg=5.4ms updateMax=89.9ms cpuFrame=29.5ms cpuMain=21.9ms cpuRender=3.8ms gpu=13.0ms drawCalls=769 batches=0 setPass=143 tris=1628454 verts=3001051 units=4946 models=13 sourceKeys=4946 sourceKeyFallbackVisuals=0 initialSpawnConfigs=2 impostors=0 render=screen=1920x1080,batch=0,quality=1:Mobile,vSync=0,targetFps=-1,pipeline=Mobile_RPAsset_MobileCandidate,scale=0.75,msaa=0,camera=Main Camera,cameraData=post:1,aa:FastApproximateAntialiasing,stack:0 memory=alloc=5849MB reserved=10499MB mono=3738MB focused=1 playRequested=1 simulationActive=1 stepStats=none topSystems=disabled markers=disabled
[FreezeDetect] Frame gap frame=9880 Gap=150.2ms GC=1/1/1 LastSteps=RoadBuild=0.0ms, BuildingPlacement=0.1ms, Selection=0.1ms, DayNight=0.0ms, CitizenPopulation=0.0ms, MainMenu=3.6ms
[FrameRateDiag] fps=47.8 avgFrame=20.9ms updateAvg=2.7ms updateMax=11.3ms cpuFrame=15.0ms cpuMain=10.8ms cpuRender=3.0ms gpu=8.6ms drawCalls=769 batches=0 setPass=143 tris=1628454 verts=3001051 units=4946 models=13 sourceKeys=4946 sourceKeyFallbackVisuals=0 initialSpawnConfigs=2 impostors=0 render=screen=1920x1080,batch=0,quality=1:Mobile,vSync=0,targetFps=-1,pipeline=Mobile_RPAsset_MobileCandidate,scale=0.75,msaa=0,camera=Main Camera,cameraData=post:1,aa:FastApproximateAntialiasing,stack:0 memory=alloc=5312MB reserved=10046MB mono=3305MB focused=1 playRequested=1 simulationActive=1 stepStats=none topSystems=disabled markers=disabled
[SupportJourneyState] stage=3 smokeStage=11 phase=Engage outcome=None gestures=163 covered=True damage=0
UnityEngine.Debug:Log (object)
Game.Editor.SupportSmokeJourneyProbe:Tick () (at Assets/Game/Scripts/Editor/SupportSmokeJourneyProbe.cs:102)
UnityEditor.EditorApplication:Internal_CallUpdateFunctions () (at /Users/bokken/build/output/unity/unity/Editor/Mono/EditorApplication.cs:403)

[FrameRateDiag] fps=46.9 avgFrame=21.3ms updateAvg=2.8ms updateMax=6.2ms cpuFrame=17.3ms cpuMain=13.0ms cpuRender=3.9ms gpu=7.0ms drawCalls=769 batches=0 setPass=143 tris=1628454 verts=3001051 units=4946 models=13 sourceKeys=4946 sourceKeyFallbackVisuals=0 initialSpawnConfigs=2 impostors=0 render=screen=1920x1080,batch=0,quality=1:Mobile,vSync=0,targetFps=-1,pipeline=Mobile_RPAsset_MobileCandidate,scale=0.75,msaa=0,camera=Main Camera,cameraData=post:1,aa:FastApproximateAntialiasing,stack:0 memory=alloc=5215MB reserved=9837MB mono=3305MB focused=1 playRequested=1 simulationActive=1 stepStats=none topSystems=disabled markers=disabled
[PerfDiag] slowUpdate frame=10174 total=97.2ms gc=0/0/0 cpuFrame=14.8ms cpuMain=11.2ms cpuRender=3.1ms gpu=11.6ms steps=RoadBuild=0.0ms, BuildingPlacement=94.6ms, Selection=0.2ms, DayNight=0.0ms, CitizenPopulation=0.0ms, MainMenu=2.4ms units=4946 models=13 sourceKeys=4946 sourceKeyFallbackVisuals=0 initialSpawnConfigs=2 drawCalls=769 batches=0 setPass=143 tris=1628454 verts=3001051 memory=alloc=5206MB reserved=9581MB mono=3305MB uiToolkit=0 gameplayInitialized=1 playRequested=1 simulationActive=1 focused=1 vSync=0 targetFps=-1 topSystems=disabled markers=disabled
[SupportJourneyState] stage=3 smokeStage=11 phase=Engage outcome=None gestures=163 covered=True damage=0
UnityEngine.Debug:Log (object)
Game.Editor.SupportSmokeJourneyProbe:Tick () (at Assets/Game/Scripts/Editor/SupportSmokeJourneyProbe.cs:102)
UnityEditor.EditorApplication:Internal_CallUpdateFunctions () (at /Users/bokken/build/output/unity/unity/Editor/Mono/EditorApplication.cs:403)

[SupportJourneyTouch] phase=Began point=(1673.24, 463.68) hit=V3GradientLayer
UnityEngine.Debug:Log (object)
Game.Editor.SupportSmokeJourneyProbe:TouchEvidence (Game.UI.Runtime.AriaTouchInputUiSystemHelper,string,UnityEngine.Vector2) (at Assets/Game/Scripts/Editor/SupportSmokeJourneyProbe.cs:290)
Game.UI.Runtime.AriaTouchInputUiSystemHelper:OnInputEvent (UnityEngine.InputSystem.LowLevel.InputEventPtr,UnityEngine.InputSystem.InputDevice) (at Assets/Game/Scripts/UI/Screens/AriaTouchInputUiSystemHelper.cs:162)
UnityEngine.InputSystem.LowLevel.NativeInputRuntime/<>c__DisplayClass7_0:<set_onUpdate>b__0 (UnityEngineInternal.Input.NativeInputUpdateType,UnityEngineInternal.Input.NativeInputEventBuffer*)
UnityEngineInternal.Input.NativeInputSystem:NotifyUpdate (UnityEngineInternal.Input.NativeInputUpdateType,intptr) (at /Users/bokken/build/output/unity/unity/Modules/Input/Private/Input.cs:132)

[SupportJourneyTouch] phase=Ended point=(1673.24, 463.68) hit=V3GradientLayer
UnityEngine.Debug:Log (object)
Game.Editor.SupportSmokeJourneyProbe:TouchEvidence (Game.UI.Runtime.AriaTouchInputUiSystemHelper,string,UnityEngine.Vector2) (at Assets/Game/Scripts/Editor/SupportSmokeJourneyProbe.cs:290)
Game.UI.Runtime.AriaTouchInputUiSystemHelper:OnInputEvent (UnityEngine.InputSystem.LowLevel.InputEventPtr,UnityEngine.InputSystem.InputDevice) (at Assets/Game/Scripts/UI/Screens/AriaTouchInputUiSystemHelper.cs:162)
UnityEngine.InputSystem.LowLevel.NativeInputRuntime/<>c__DisplayClass7_0:<set_onUpdate>b__0 (UnityEngineInternal.Input.NativeInputUpdateType,UnityEngineInternal.Input.NativeInputEventBuffer*)
UnityEngineInternal.Input.NativeInputSystem:NotifyUpdate (UnityEngineInternal.Input.NativeInputUpdateType,intptr) (at /Users/bokken/build/output/unity/unity/Modules/Input/Private/Input.cs:132)

[SupportJourneyState] stage=3 smokeStage=110 phase=Engage outcome=None gestures=1 covered=True damage=0
UnityEngine.Debug:Log (object)
Game.Editor.SupportSmokeJourneyProbe:Tick () (at Assets/Game/Scripts/Editor/SupportSmokeJourneyProbe.cs:102)
UnityEditor.EditorApplication:Internal_CallUpdateFunctions () (at /Users/bokken/build/output/unity/unity/Editor/Mono/EditorApplication.cs:403)

[SupportJourneyTouch] phase=Began point=(1673.24, 409.73) hit=V3GradientLayer
UnityEngine.Debug:Log (object)
Game.Editor.SupportSmokeJourneyProbe:TouchEvidence (Game.UI.Runtime.AriaTouchInputUiSystemHelper,string,UnityEngine.Vector2) (at Assets/Game/Scripts/Editor/SupportSmokeJourneyProbe.cs:290)
Game.UI.Runtime.AriaTouchInputUiSystemHelper:OnInputEvent (UnityEngine.InputSystem.LowLevel.InputEventPtr,UnityEngine.InputSystem.InputDevice) (at Assets/Game/Scripts/UI/Screens/AriaTouchInputUiSystemHelper.cs:162)
UnityEngine.InputSystem.LowLevel.NativeInputRuntime/<>c__DisplayClass7_0:<set_onUpdate>b__0 (UnityEngineInternal.Input.NativeInputUpdateType,UnityEngineInternal.Input.NativeInputEventBuffer*)
UnityEngineInternal.Input.NativeInputSystem:NotifyUpdate (UnityEngineInternal.Input.NativeInputUpdateType,intptr) (at /Users/bokken/build/output/unity/unity/Modules/Input/Private/Input.cs:132)

[SupportJourneyTouch] phase=Ended point=(1673.24, 409.73) hit=V3GradientLayer
UnityEngine.Debug:Log (object)
Game.Editor.SupportSmokeJourneyProbe:TouchEvidence (Game.UI.Runtime.AriaTouchInputUiSystemHelper,string,UnityEngine.Vector2) (at Assets/Game/Scripts/Editor/SupportSmokeJourneyProbe.cs:290)
Game.UI.Runtime.AriaTouchInputUiSystemHelper:OnInputEvent (UnityEngine.InputSystem.LowLevel.InputEventPtr,UnityEngine.InputSystem.InputDevice) (at Assets/Game/Scripts/UI/Screens/AriaTouchInputUiSystemHelper.cs:162)
UnityEngine.InputSystem.LowLevel.NativeInputRuntime/<>c__DisplayClass7_0:<set_onUpdate>b__0 (UnityEngineInternal.Input.NativeInputUpdateType,UnityEngineInternal.Input.NativeInputEventBuffer*)
UnityEngineInternal.Input.NativeInputSystem:NotifyUpdate (UnityEngineInternal.Input.NativeInputUpdateType,intptr) (at /Users/bokken/build/output/unity/unity/Modules/Input/Private/Input.cs:132)

[PerfDiag] slowUpdate frame=10709 total=141.6ms gc=0/0/0 cpuFrame=17.0ms cpuMain=11.1ms cpuRender=3.3ms gpu=25.1ms steps=RoadBuild=0.0ms, BuildingPlacement=136.7ms, Selection=0.2ms, DayNight=0.0ms, CitizenPopulation=0.0ms, MainMenu=4.6ms units=4946 models=13 sourceKeys=4946 sourceKeyFallbackVisuals=0 initialSpawnConfigs=2 drawCalls=769 batches=0 setPass=143 tris=1628640 verts=3001423 memory=alloc=5174MB reserved=9332MB mono=3306MB uiToolkit=0 gameplayInitialized=1 playRequested=1 simulationActive=1 focused=1 vSync=0 targetFps=-1 topSystems=disabled markers=disabled
[FreezeDetect] Frame gap frame=10710 Gap=161.7ms GC=0/0/0 LastSteps=RoadBuild=0.0ms, BuildingPlacement=136.7ms, Selection=0.2ms, DayNight=0.0ms, CitizenPopulation=0.0ms, MainMenu=4.6ms
[FrameRateDiag] fps=46.4 avgFrame=21.6ms updateAvg=4.7ms updateMax=141.6ms cpuFrame=15.7ms cpuMain=12.4ms cpuRender=2.8ms gpu=7.1ms drawCalls=769 batches=0 setPass=143 tris=1628640 verts=3001423 units=4946 models=13 sourceKeys=4946 sourceKeyFallbackVisuals=0 initialSpawnConfigs=2 impostors=0 render=screen=1920x1080,batch=0,quality=1:Mobile,vSync=0,targetFps=-1,pipeline=Mobile_RPAsset_MobileCandidate,scale=0.75,msaa=0,camera=Main Camera,cameraData=post:1,aa:FastApproximateAntialiasing,stack:0 memory=alloc=5174MB reserved=9319MB mono=3307MB focused=1 playRequested=1 simulationActive=1 stepStats=none topSystems=disabled markers=disabled
[RenderSceneDiag] frame=10796 source=profilerCounters drawCalls=769 batches=0 setPass=143 tris=1628640 verts=3001423 topSystems=disabled markers=disabled
[SupportJourneyState] stage=3 smokeStage=112 phase=Engage outcome=None gestures= covered=True damage=0
UnityEngine.Debug:Log (object)
Game.Editor.SupportSmokeJourneyProbe:Tick () (at Assets/Game/Scripts/Editor/SupportSmokeJourneyProbe.cs:102)
UnityEditor.EditorApplication:Internal_CallUpdateFunctions () (at /Users/bokken/build/output/unity/unity/Editor/Mono/EditorApplication.cs:403)

[PerfDiag] slowUpdate frame=11208 total=85.8ms gc=0/0/0 cpuFrame=12.5ms cpuMain=9.6ms cpuRender=2.6ms gpu=8.9ms steps=RoadBuild=0.0ms, BuildingPlacement=82.8ms, Selection=0.2ms, DayNight=0.0ms, CitizenPopulation=0.0ms, MainMenu=2.8ms units=4946 models=13 sourceKeys=4946 sourceKeyFallbackVisuals=0 initialSpawnConfigs=2 drawCalls=769 batches=0 setPass=143 tris=1628640 verts=3001423 memory=alloc=5162MB reserved=9169MB mono=3309MB uiToolkit=0 gameplayInitialized=1 playRequested=1 simulationActive=1 focused=1 vSync=0 targetFps=-1 topSystems=disabled markers=disabled
[SupportJourneyState] stage=3 smokeStage=112 phase=Engage outcome=None gestures= covered=True damage=0
UnityEngine.Debug:Log (object)
Game.Editor.SupportSmokeJourneyProbe:Tick () (at Assets/Game/Scripts/Editor/SupportSmokeJourneyProbe.cs:102)
UnityEditor.EditorApplication:Internal_CallUpdateFunctions () (at /Users/bokken/build/output/unity/unity/Editor/Mono/EditorApplication.cs:403)

[SupportJourneyState] stage=3 smokeStage=112 phase=Engage outcome=None gestures= covered=True damage=0
UnityEngine.Debug:Log (object)
Game.Editor.SupportSmokeJourneyProbe:Tick () (at Assets/Game/Scripts/Editor/SupportSmokeJourneyProbe.cs:102)
UnityEditor.EditorApplication:Internal_CallUpdateFunctions () (at /Users/bokken/build/output/unity/unity/Editor/Mono/EditorApplication.cs:403)

[PerfDiag] slowUpdate frame=11753 total=96.2ms gc=0/0/0 cpuFrame=16.2ms cpuMain=12.8ms cpuRender=0.7ms gpu=0.4ms steps=RoadBuild=0.0ms, BuildingPlacement=92.3ms, Selection=0.2ms, DayNight=0.0ms, CitizenPopulation=0.0ms, MainMenu=3.7ms units=4946 models=13 sourceKeys=4946 sourceKeyFallbackVisuals=0 initialSpawnConfigs=2 drawCalls=769 batches=0 setPass=143 tris=1628640 verts=3001423 memory=alloc=5135MB reserved=7683MB mono=3320MB uiToolkit=0 gameplayInitialized=1 playRequested=1 simulationActive=1 focused=1 vSync=0 targetFps=-1 topSystems=disabled markers=disabled
[SupportJourneyState] stage=3 smokeStage=112 phase=Engage outcome=None gestures= covered=True damage=0
UnityEngine.Debug:Log (object)
Game.Editor.SupportSmokeJourneyProbe:Tick () (at Assets/Game/Scripts/Editor/SupportSmokeJourneyProbe.cs:102)
UnityEditor.EditorApplication:Internal_CallUpdateFunctions () (at /Users/bokken/build/output/unity/unity/Editor/Mono/EditorApplication.cs:403)

[SupportJourneyState] stage=3 smokeStage=112 phase=Engage outcome=None gestures= covered=True damage=0
UnityEngine.Debug:Log (object)
Game.Editor.SupportSmokeJourneyProbe:Tick () (at Assets/Game/Scripts/Editor/SupportSmokeJourneyProbe.cs:102)
UnityEditor.EditorApplication:Internal_CallUpdateFunctions () (at /Users/bokken/build/output/unity/unity/Editor/Mono/EditorApplication.cs:403)

[PerfDiag] slowUpdate frame=12313 total=92.6ms gc=0/0/0 cpuFrame=14.8ms cpuMain=11.7ms cpuRender=2.9ms gpu=9.8ms steps=RoadBuild=0.0ms, BuildingPlacement=89.4ms, Selection=0.2ms, DayNight=0.0ms, CitizenPopulation=0.0ms, MainMenu=3.0ms units=4946 models=13 sourceKeys=4946 sourceKeyFallbackVisuals=0 initialSpawnConfigs=2 drawCalls=769 batches=0 setPass=143 tris=1628640 verts=3001423 memory=alloc=5111MB reserved=7187MB mono=3333MB uiToolkit=0 gameplayInitialized=1 playRequested=1 simulationActive=1 focused=1 vSync=0 targetFps=-1 topSystems=disabled markers=disabled
[SupportJourneyState] stage=3 smokeStage=112 phase=Engage outcome=None gestures= covered=True damage=0
UnityEngine.Debug:Log (object)
Game.Editor.SupportSmokeJourneyProbe:Tick () (at Assets/Game/Scripts/Editor/SupportSmokeJourneyProbe.cs:102)
UnityEditor.EditorApplication:Internal_CallUpdateFunctions () (at /Users/bokken/build/output/unity/unity/Editor/Mono/EditorApplication.cs:403)

[PerfDiag] slowUpdate frame=12841 total=82.7ms gc=0/0/0 cpuFrame=13.2ms cpuMain=10.5ms cpuRender=2.7ms gpu=6.7ms steps=RoadBuild=0.0ms, BuildingPlacement=79.6ms, Selection=0.2ms, DayNight=0.0ms, CitizenPopulation=0.0ms, MainMenu=2.9ms units=4946 models=13 sourceKeys=4946 sourceKeyFallbackVisuals=0 initialSpawnConfigs=2 drawCalls=769 batches=0 setPass=143 tris=1628640 verts=3001423 memory=alloc=5098MB reserved=7075MB mono=3353MB uiToolkit=0 gameplayInitialized=1 playRequested=1 simulationActive=1 focused=1 vSync=0 targetFps=-1 topSystems=disabled markers=disabled
[SupportJourneyState] stage=3 smokeStage=112 phase=Engage outcome=None gestures= covered=True damage=0
UnityEngine.Debug:Log (object)
Game.Editor.SupportSmokeJourneyProbe:Tick () (at Assets/Game/Scripts/Editor/SupportSmokeJourneyProbe.cs:102)
UnityEditor.EditorApplication:Internal_CallUpdateFunctions () (at /Users/bokken/build/output/unity/unity/Editor/Mono/EditorApplication.cs:403)

[SupportJourneyState] stage=3 smokeStage=112 phase=Engage outcome=None gestures= covered=True damage=0
UnityEngine.Debug:Log (object)
Game.Editor.SupportSmokeJourneyProbe:Tick () (at Assets/Game/Scripts/Editor/SupportSmokeJourneyProbe.cs:102)
UnityEditor.EditorApplication:Internal_CallUpdateFunctions () (at /Users/bokken/build/output/unity/unity/Editor/Mono/EditorApplication.cs:403)

[PerfDiag] slowUpdate frame=13406 total=74.9ms gc=0/0/0 cpuFrame=12.4ms cpuMain=9.8ms cpuRender=2.4ms gpu=10.3ms steps=RoadBuild=0.0ms, BuildingPlacement=72.1ms, Selection=0.2ms, DayNight=0.0ms, CitizenPopulation=0.0ms, MainMenu=2.6ms units=4946 models=13 sourceKeys=4946 sourceKeyFallbackVisuals=0 initialSpawnConfigs=2 drawCalls=769 batches=0 setPass=143 tris=1628640 verts=3001423 memory=alloc=5088MB reserved=6935MB mono=3375MB uiToolkit=0 gameplayInitialized=1 playRequested=1 simulationActive=1 focused=1 vSync=0 targetFps=-1 topSystems=disabled markers=disabled
[SupportJourneyProbeCorrection] retry normal ARIA Start confirmation; no gameplay state changed
UnityEngine.Debug:Log (object)
PipelineEvaluation.PipelineEval_f2910d63:Execute ()
System.Reflection.MethodBase:Invoke (object,object[])
Unity.Pipeline.Compilation.EvalCodeCompiler:ExecuteCompiledAssembly (System.Reflection.Assembly) (at ./Library/PackageCache/com.unity.pipeline@9bb4172c603c/Runtime/Compilation/EvalCodeCompiler.cs:190)
Unity.Pipeline.Compilation.EvalCodeCompiler:CompileAndExecuteOnMainThread (string,int,System.Diagnostics.Stopwatch) (at ./Library/PackageCache/com.unity.pipeline@9bb4172c603c/Runtime/Compilation/EvalCodeCompiler.cs:54)
Unity.Pipeline.Runtime.Commands.CodeEvalCommand:EvaluateSource (string,int,string) (at ./Library/PackageCache/com.unity.pipeline@9bb4172c603c/Runtime/Commands/CodeEvalCommand.cs:112)
Unity.Pipeline.Runtime.Commands.CodeEvalCommand:EvaluateCode (string,int) (at ./Library/PackageCache/com.unity.pipeline@9bb4172c603c/Runtime/Commands/CodeEvalCommand.cs:24)
System.Reflection.MethodBase:Invoke (object,object[])
Unity.Pipeline.BasePipelineServer:ExecuteCommandDirect (Unity.Pipeline.Commands.CommandInfo,object[]) (at ./Library/PackageCache/com.unity.pipeline@9bb4172c603c/Runtime/Common/BasePipelineServer.cs:2632)
Unity.Pipeline.BasePipelineServer/<>c__DisplayClass134_0:<ExecuteCommand>b__1 () (at ./Library/PackageCache/com.unity.pipeline@9bb4172c603c/Runtime/Common/BasePipelineServer.cs:2508)
Unity.Pipeline.Threading.Dispatcher/WorkItem`1<object>:ExecuteCore () (at ./Library/PackageCache/com.unity.pipeline@9bb4172c603c/Runtime/Common/Dispatcher.cs:284)
Unity.Pipeline.Threading.Dispatcher/WorkItem:Execute () (at ./Library/PackageCache/com.unity.pipeline@9bb4172c603c/Runtime/Common/Dispatcher.cs:229)
Unity.Pipeline.Threading.Dispatcher:ProcessWorkQueue (int) (at ./Library/PackageCache/com.unity.pipeline@9bb4172c603c/Runtime/Common/Dispatcher.cs:195)
Unity.Pipeline.Threading.Dispatcher:ProcessWorkQueue () (at ./Library/PackageCache/com.unity.pipeline@9bb4172c603c/Runtime/Common/Dispatcher.cs:210)
UnityEditor.EditorApplication:Internal_CallUpdateFunctions () (at /Users/bokken/build/output/unity/unity/Editor/Mono/EditorApplication.cs:403)

[SupportJourneyTouch] phase=Began point=(1673.24, 367.27) hit=V3GradientLayer
UnityEngine.Debug:Log (object)
Game.Editor.SupportSmokeJourneyProbe:TouchEvidence (Game.UI.Runtime.AriaTouchInputUiSystemHelper,string,UnityEngine.Vector2) (at Assets/Game/Scripts/Editor/SupportSmokeJourneyProbe.cs:290)
Game.UI.Runtime.AriaTouchInputUiSystemHelper:OnInputEvent (UnityEngine.InputSystem.LowLevel.InputEventPtr,UnityEngine.InputSystem.InputDevice) (at Assets/Game/Scripts/UI/Screens/AriaTouchInputUiSystemHelper.cs:162)
UnityEngine.InputSystem.LowLevel.NativeInputRuntime/<>c__DisplayClass7_0:<set_onUpdate>b__0 (UnityEngineInternal.Input.NativeInputUpdateType,UnityEngineInternal.Input.NativeInputEventBuffer*)
UnityEngineInternal.Input.NativeInputSystem:NotifyUpdate (UnityEngineInternal.Input.NativeInputUpdateType,intptr) (at /Users/bokken/build/output/unity/unity/Modules/Input/Private/Input.cs:132)

[FreezeDetect] Frame gap frame=13491 Gap=475.2ms GC=0/0/0 LastSteps=RoadBuild=0.0ms, BuildingPlacement=0.1ms, Selection=0.1ms, DayNight=0.0ms, CitizenPopulation=0.0ms, MainMenu=2.0ms
[SupportJourneyTouch] phase=Ended point=(1673.24, 367.27) hit=V3GradientLayer
UnityEngine.Debug:Log (object)
Game.Editor.SupportSmokeJourneyProbe:TouchEvidence (Game.UI.Runtime.AriaTouchInputUiSystemHelper,string,UnityEngine.Vector2) (at Assets/Game/Scripts/Editor/SupportSmokeJourneyProbe.cs:290)
Game.UI.Runtime.AriaTouchInputUiSystemHelper:OnInputEvent (UnityEngine.InputSystem.LowLevel.InputEventPtr,UnityEngine.InputSystem.InputDevice) (at Assets/Game/Scripts/UI/Screens/AriaTouchInputUiSystemHelper.cs:162)
UnityEngine.InputSystem.LowLevel.NativeInputRuntime/<>c__DisplayClass7_0:<set_onUpdate>b__0 (UnityEngineInternal.Input.NativeInputUpdateType,UnityEngineInternal.Input.NativeInputEventBuffer*)
UnityEngineInternal.Input.NativeInputSystem:NotifyUpdate (UnityEngineInternal.Input.NativeInputUpdateType,intptr) (at /Users/bokken/build/output/unity/unity/Modules/Input/Private/Input.cs:132)

[SupportJourneyTouch] phase=Began point=(1052.10, 106.16) hit=V3GradientLayer
UnityEngine.Debug:Log (object)
Game.Editor.SupportSmokeJourneyProbe:TouchEvidence (Game.UI.Runtime.AriaTouchInputUiSystemHelper,string,UnityEngine.Vector2) (at Assets/Game/Scripts/Editor/SupportSmokeJourneyProbe.cs:290)
Game.UI.Runtime.AriaTouchInputUiSystemHelper:OnInputEvent (UnityEngine.InputSystem.LowLevel.InputEventPtr,UnityEngine.InputSystem.InputDevice) (at Assets/Game/Scripts/UI/Screens/AriaTouchInputUiSystemHelper.cs:162)
UnityEngine.InputSystem.LowLevel.NativeInputRuntime/<>c__DisplayClass7_0:<set_onUpdate>b__0 (UnityEngineInternal.Input.NativeInputUpdateType,UnityEngineInternal.Input.NativeInputEventBuffer*)
UnityEngineInternal.Input.NativeInputSystem:NotifyUpdate (UnityEngineInternal.Input.NativeInputUpdateType,intptr) (at /Users/bokken/build/output/unity/unity/Modules/Input/Private/Input.cs:132)

[SupportJourneyTouch] phase=Ended point=(1052.10, 106.16) hit=V3GradientLayer
UnityEngine.Debug:Log (object)
Game.Editor.SupportSmokeJourneyProbe:TouchEvidence (Game.UI.Runtime.AriaTouchInputUiSystemHelper,string,UnityEngine.Vector2) (at Assets/Game/Scripts/Editor/SupportSmokeJourneyProbe.cs:290)
Game.UI.Runtime.AriaTouchInputUiSystemHelper:OnInputEvent (UnityEngine.InputSystem.LowLevel.InputEventPtr,UnityEngine.InputSystem.InputDevice) (at Assets/Game/Scripts/UI/Screens/AriaTouchInputUiSystemHelper.cs:162)
UnityEngine.InputSystem.LowLevel.NativeInputRuntime/<>c__DisplayClass7_0:<set_onUpdate>b__0 (UnityEngineInternal.Input.NativeInputUpdateType,UnityEngineInternal.Input.NativeInputEventBuffer*)
UnityEngineInternal.Input.NativeInputSystem:NotifyUpdate (UnityEngineInternal.Input.NativeInputUpdateType,intptr) (at /Users/bokken/build/output/unity/unity/Modules/Input/Private/Input.cs:132)

[SupportJourneyState] stage=3 smokeStage=112 phase=Engage outcome=None gestures= covered=True damage=0
UnityEngine.Debug:Log (object)
Game.Editor.SupportSmokeJourneyProbe:Tick () (at Assets/Game/Scripts/Editor/SupportSmokeJourneyProbe.cs:102)
UnityEditor.EditorApplication:Internal_CallUpdateFunctions () (at /Users/bokken/build/output/unity/unity/Editor/Mono/EditorApplication.cs:403)

[SupportJourneyTouch] phase=Began point=(498.72, 558.24) hit=
UnityEngine.Debug:Log (object)
Game.Editor.SupportSmokeJourneyProbe:TouchEvidence (Game.UI.Runtime.AriaTouchInputUiSystemHelper,string,UnityEngine.Vector2) (at Assets/Game/Scripts/Editor/SupportSmokeJourneyProbe.cs:290)
Game.UI.Runtime.AriaTouchInputUiSystemHelper:OnInputEvent (UnityEngine.InputSystem.LowLevel.InputEventPtr,UnityEngine.InputSystem.InputDevice) (at Assets/Game/Scripts/UI/Screens/AriaTouchInputUiSystemHelper.cs:162)
UnityEngine.InputSystem.LowLevel.NativeInputRuntime/<>c__DisplayClass7_0:<set_onUpdate>b__0 (UnityEngineInternal.Input.NativeInputUpdateType,UnityEngineInternal.Input.NativeInputEventBuffer*)
UnityEngineInternal.Input.NativeInputSystem:NotifyUpdate (UnityEngineInternal.Input.NativeInputUpdateType,intptr) (at /Users/bokken/build/output/unity/unity/Modules/Input/Private/Input.cs:132)

[SupportJourneyTouch] phase=Ended point=(498.72, 558.24) hit=
UnityEngine.Debug:Log (object)
Game.Editor.SupportSmokeJourneyProbe:TouchEvidence (Game.UI.Runtime.AriaTouchInputUiSystemHelper,string,UnityEngine.Vector2) (at Assets/Game/Scripts/Editor/SupportSmokeJourneyProbe.cs:290)
Game.UI.Runtime.AriaTouchInputUiSystemHelper:OnInputEvent (UnityEngine.InputSystem.LowLevel.InputEventPtr,UnityEngine.InputSystem.InputDevice) (at Assets/Game/Scripts/UI/Screens/AriaTouchInputUiSystemHelper.cs:162)
UnityEngine.InputSystem.LowLevel.NativeInputRuntime/<>c__DisplayClass7_0:<set_onUpdate>b__0 (UnityEngineInternal.Input.NativeInputUpdateType,UnityEngineInternal.Input.NativeInputEventBuffer*)
UnityEngineInternal.Input.NativeInputSystem:NotifyUpdate (UnityEngineInternal.Input.NativeInputUpdateType,intptr) (at /Users/bokken/build/output/unity/unity/Modules/Input/Private/Input.cs:132)

[FreezeDetect] Update hitch frame=13708 Selection=435.5ms, GC=0/0/0, Total=440.0ms
[PerfDiag] slowUpdate frame=13708 total=440.0ms gc=0/0/0 cpuFrame=21.7ms cpuMain=16.7ms cpuRender=0.9ms gpu=6.0ms steps=RoadBuild=0.0ms, BuildingPlacement=0.1ms, Selection=435.5ms, DayNight=0.0ms, CitizenPopulation=0.0ms, MainMenu=4.3ms units=4946 models=13 sourceKeys=4946 sourceKeyFallbackVisuals=0 initialSpawnConfigs=2 drawCalls=789 batches=0 setPass=148 tris=1629236 verts=3002421 memory=alloc=5147MB reserved=6730MB mono=3426MB uiToolkit=0 gameplayInitialized=1 playRequested=1 simulationActive=1 focused=1 vSync=0 targetFps=-1 topSystems=disabled markers=disabled
[AudioDiag] Playback event=VO.ARIA.Message.TacticalBannerAcceptedMoveTitle bus=Voice requestId=64 played=1 status=Presented reason=Played at=222.75 source=null
UnityEngine.Debug:Log (object)
Game.Runtime.AudioPlaybackPresentationDiagnostics:Log (Unity.Entities.EntityManager,Game.Components.AudioPlaybackRequestElement,Game.Configs.AudioEventCatalogEntry,Game.Runtime.AudioPlaybackPresentationResult,single) (at Assets/Game/Scripts/Audio/Runtime/AudioPlaybackPresentationDiagnostics.cs:32)
Game.Runtime.AudioPlaybackPresentationBridgeSystemHelper:DrainAcceptedRequests (Unity.Entities.EntityManager,Game.Configs.AudioEventCatalogConfig,Game.Configs.AudioMixerBusConfig,Game.Runtime.AudioPlaybackPresentationSystemHelper,single) (at Assets/Game/Scripts/Audio/Runtime/AudioPlaybackPresentationBridgeSystemHelper.cs:169)
Game.Runtime.AudioPlaybackPresentationRuntimeView:Update () (at Assets/Game/Scripts/Audio/Runtime/AudioPlaybackPresentationRuntimeView.cs:54)

[FreezeDetect] Frame gap frame=13709 Gap=531.5ms GC=0/0/0 LastSteps=RoadBuild=0.0ms, BuildingPlacement=0.1ms, Selection=435.5ms, DayNight=0.0ms, CitizenPopulation=0.0ms, MainMenu=4.3ms
[FrameRateDiag] fps=33.0 avgFrame=30.3ms updateAvg=10.2ms updateMax=440.0ms cpuFrame=528.6ms cpuMain=522.6ms cpuRender=0.5ms gpu=1.1ms drawCalls=773 batches=0 setPass=147 tris=1629524 verts=3003021 units=4946 models=13 sourceKeys=4946 sourceKeyFallbackVisuals=0 initialSpawnConfigs=2 impostors=0 render=screen=1920x1080,batch=0,quality=1:Mobile,vSync=0,targetFps=-1,pipeline=Mobile_RPAsset_MobileCandidate,scale=0.75,msaa=0,camera=Main Camera,cameraData=post:1,aa:FastApproximateAntialiasing,stack:0 memory=alloc=5166MB reserved=6733MB mono=3426MB focused=1 playRequested=1 simulationActive=1 stepStats=none topSystems=disabled markers=disabled
[RenderSceneDiag] frame=13712 source=profilerCounters drawCalls=773 batches=0 setPass=147 tris=1629524 verts=3003021 topSystems=disabled markers=disabled
[PerfDiag] slowUpdate frame=13851 total=103.0ms gc=0/0/0 cpuFrame=19.4ms cpuMain=14.3ms cpuRender=3.8ms gpu=13.6ms steps=RoadBuild=0.0ms, BuildingPlacement=98.2ms, Selection=0.2ms, DayNight=0.0ms, CitizenPopulation=0.0ms, MainMenu=4.5ms units=4946 models=13 sourceKeys=4946 sourceKeyFallbackVisuals=0 initialSpawnConfigs=2 drawCalls=770 batches=0 setPass=144 tris=1628822 verts=3001807 memory=alloc=5163MB reserved=6680MB mono=3434MB uiToolkit=0 gameplayInitialized=1 playRequested=1 simulationActive=1 focused=1 vSync=0 targetFps=-1 topSystems=disabled markers=disabled
[SupportJourneyState] stage=3 smokeStage=112 phase=Engage outcome=None gestures= covered=True damage=0
UnityEngine.Debug:Log (object)
Game.Editor.SupportSmokeJourneyProbe:Tick () (at Assets/Game/Scripts/Editor/SupportSmokeJourneyProbe.cs:102)
UnityEditor.EditorApplication:Internal_CallUpdateFunctions () (at /Users/bokken/build/output/unity/unity/Editor/Mono/EditorApplication.cs:403)

[SupportJourneyState] stage=3 smokeStage=112 phase=Engage outcome=None gestures= covered=True damage=0
UnityEngine.Debug:Log (object)
Game.Editor.SupportSmokeJourneyProbe:Tick () (at Assets/Game/Scripts/Editor/SupportSmokeJourneyProbe.cs:102)
UnityEditor.EditorApplication:Internal_CallUpdateFunctions () (at /Users/bokken/build/output/unity/unity/Editor/Mono/EditorApplication.cs:403)

[PerfDiag] slowUpdate frame=14366 total=81.1ms gc=0/0/0 cpuFrame=14.1ms cpuMain=11.2ms cpuRender=0.7ms gpu=0.4ms steps=RoadBuild=0.0ms, BuildingPlacement=77.7ms, Selection=0.2ms, DayNight=0.0ms, CitizenPopulation=0.0ms, MainMenu=3.2ms units=4946 models=13 sourceKeys=4946 sourceKeyFallbackVisuals=0 initialSpawnConfigs=2 drawCalls=772 batches=0 setPass=145 tris=1628952 verts=3002067 memory=alloc=5156MB reserved=6549MB mono=3450MB uiToolkit=0 gameplayInitialized=1 playRequested=1 simulationActive=1 focused=1 vSync=0 targetFps=-1 topSystems=disabled markers=disabled
[SupportJourneyState] stage=3 smokeStage=112 phase=Engage outcome=None gestures= covered=True damage=0
UnityEngine.Debug:Log (object)
Game.Editor.SupportSmokeJourneyProbe:Tick () (at Assets/Game/Scripts/Editor/SupportSmokeJourneyProbe.cs:102)
UnityEditor.EditorApplication:Internal_CallUpdateFunctions () (at /Users/bokken/build/output/unity/unity/Editor/Mono/EditorApplication.cs:403)

[SupportJourneyState] stage=3 smokeStage=112 phase=Engage outcome=None gestures= covered=True damage=0
UnityEngine.Debug:Log (object)
Game.Editor.SupportSmokeJourneyProbe:Tick () (at Assets/Game/Scripts/Editor/SupportSmokeJourneyProbe.cs:102)
UnityEditor.EditorApplication:Internal_CallUpdateFunctions () (at /Users/bokken/build/output/unity/unity/Editor/Mono/EditorApplication.cs:403)

[PerfDiag] slowUpdate frame=14927 total=80.6ms gc=0/0/0 cpuFrame=13.2ms cpuMain=10.4ms cpuRender=2.8ms gpu=8.9ms steps=RoadBuild=0.0ms, BuildingPlacement=76.7ms, Selection=0.2ms, DayNight=0.0ms, CitizenPopulation=0.0ms, MainMenu=3.6ms units=4946 models=13 sourceKeys=4946 sourceKeyFallbackVisuals=0 initialSpawnConfigs=2 drawCalls=773 batches=0 setPass=146 tris=1628954 verts=3002071 memory=alloc=5145MB reserved=6492MB mono=3468MB uiToolkit=0 gameplayInitialized=1 playRequested=1 simulationActive=1 focused=1 vSync=0 targetFps=-1 topSystems=disabled markers=disabled
[SupportJourneyState] stage=3 smokeStage=112 phase=Engage outcome=None gestures= covered=True damage=0
UnityEngine.Debug:Log (object)
Game.Editor.SupportSmokeJourneyProbe:Tick () (at Assets/Game/Scripts/Editor/SupportSmokeJourneyProbe.cs:102)
UnityEditor.EditorApplication:Internal_CallUpdateFunctions () (at /Users/bokken/build/output/unity/unity/Editor/Mono/EditorApplication.cs:403)

[PerfDiag] slowUpdate frame=15508 total=74.0ms gc=0/0/0 cpuFrame=16.4ms cpuMain=11.3ms cpuRender=2.8ms gpu=18.4ms steps=RoadBuild=0.0ms, BuildingPlacement=71.1ms, Selection=0.2ms, DayNight=0.0ms, CitizenPopulation=0.0ms, MainMenu=2.7ms units=4946 models=13 sourceKeys=4946 sourceKeyFallbackVisuals=0 initialSpawnConfigs=2 drawCalls=772 batches=0 setPass=145 tris=1628952 verts=3002067 memory=alloc=5131MB reserved=6441MB mono=3488MB uiToolkit=0 gameplayInitialized=1 playRequested=1 simulationActive=1 focused=1 vSync=0 targetFps=-1 topSystems=disabled markers=disabled
[SupportJourneyState] stage=3 smokeStage=112 phase=Engage outcome=None gestures= covered=True damage=0
UnityEngine.Debug:Log (object)
Game.Editor.SupportSmokeJourneyProbe:Tick () (at Assets/Game/Scripts/Editor/SupportSmokeJourneyProbe.cs:102)
UnityEditor.EditorApplication:Internal_CallUpdateFunctions () (at /Users/bokken/build/output/unity/unity/Editor/Mono/EditorApplication.cs:403)

[FreezeDetect] Frame gap frame=15652 Gap=165.4ms GC=0/0/0 LastSteps=RoadBuild=0.0ms, BuildingPlacement=0.1ms, Selection=0.2ms, DayNight=0.0ms, CitizenPopulation=0.0ms, MainMenu=2.3ms
[AudioDiag] Suppressed Alert.Unit.UnderAttack reason=GenericUnderAttackAlertDisabled sourceSystem=UnitAttackSystem requestedAt=235.45 damage=18 target=entity=758:5 name='Battle Tank' source='Unit_Veh_Tank_USA' faction=1 cell=(739,423) hp=1232/1250 attacker=entity=826:5 name='Light Armored Car' source='Unit_Veh_Light_Armored_Car' faction=2 cell=(652,424) hp=320/500
UnityEngine.Debug:Log (object)
Game.Runtime.UnitAttackSystem:LogSuppressedUnitUnderAttackAudio (Unity.Entities.EntityManager,Unity.Entities.Entity,Unity.Entities.Entity,int,single,string,string) (at Assets/Game/Scripts/Systems/UnitAttackSystem.cs:519)
Game.Runtime.UnitAttackSystem:TryEmitUnitUnderAttackAudio (Unity.Entities.EntityManager,Unity.Entities.Entity,single,Unity.Entities.Entity,int,string) (at Assets/Game/Scripts/Systems/UnitAttackSystem.cs:471)
Game.Runtime.UnitAttackSystem:OnUpdate (Unity.Entities.SystemState&) (at Assets/Game/Scripts/Systems/UnitAttackSystem.cs:395)
Game.Runtime.UnitAttackSystem:__codegen__OnUpdate (intptr,intptr)
Unity.Entities.SystemBaseRegistry/<>c__DisplayClass9_0:<SelectBurstFn>b__0 (intptr,intptr) (at ./Library/PackageCache/com.unity.entities@bab66ffaba49/Unity.Entities/SystemBaseRegistry.cs:251)
Unity.Entities.WorldUnmanagedImpl/Unity.Entities.UnmanagedUpdate_000015A0$BurstDirectCall:Invoke (void*)
Unity.Entities.WorldUnmanagedImpl:UnmanagedUpdate (void*)
Unity.Entities.WorldUnmanagedImpl:UpdateSystem (Unity.Entities.SystemHandle) (at ./Library/PackageCache/com.unity.entities@bab66ffaba49/Unity.Entities/WorldUnmanaged.cs:942)
Unity.Entities.ComponentSystemGroup:UpdateAllSystems () (at ./Library/PackageCache/com.unity.entities@bab66ffaba49/Unity.Entities/ComponentSystemGroup.cs:725)
Unity.Entities.ComponentSystemGroup:OnUpdate () (at ./Library/PackageCache/com.unity.entities@bab66ffaba49/Unity.Entities/ComponentSystemGroup.cs:687)
Unity.Entities.SystemBase:Update () (at ./Library/PackageCache/com.unity.entities@bab66ffaba49/Unity.Entities/SystemBase.cs:205)
Unity.Entities.ScriptBehaviourUpdateOrder/DummyDelegateWrapper:TriggerUpdate () (at ./Library/PackageCache/com.unity.entities@bab66ffaba49/Unity.Entities/ScriptBehaviourUpdateOrder.cs:523)

[AriaTouchInput] physicalTakeover device=AriaDemonstrationTouch1 type=FastTouchscreen generated=False
UnityEngine.Debug:Log (object)
Game.UI.Runtime.AriaTouchInputUiSystemHelper:OnInputEvent (UnityEngine.InputSystem.LowLevel.InputEventPtr,UnityEngine.InputSystem.InputDevice) (at Assets/Game/Scripts/UI/Screens/AriaTouchInputUiSystemHelper.cs:183)
UnityEngine.InputSystem.LowLevel.NativeInputRuntime/<>c__DisplayClass7_0:<set_onUpdate>b__0 (UnityEngineInternal.Input.NativeInputUpdateType,UnityEngineInternal.Input.NativeInputEventBuffer*)
UnityEngineInternal.Input.NativeInputSystem:NotifyUpdate (UnityEngineInternal.Input.NativeInputUpdateType,intptr) (at /Users/bokken/build/output/unity/unity/Modules/Input/Private/Input.cs:132)

[SupportJourneyTouch] phase=Began point=(1673.24, 446.46) hit=V3GradientLayer
UnityEngine.Debug:Log (object)
Game.Editor.SupportSmokeJourneyProbe:TouchEvidence (Game.UI.Runtime.AriaTouchInputUiSystemHelper,string,UnityEngine.Vector2) (at Assets/Game/Scripts/Editor/SupportSmokeJourneyProbe.cs:290)
Game.UI.Runtime.AriaTouchInputUiSystemHelper:OnInputEvent (UnityEngine.InputSystem.LowLevel.InputEventPtr,UnityEngine.InputSystem.InputDevice) (at Assets/Game/Scripts/UI/Screens/AriaTouchInputUiSystemHelper.cs:162)
UnityEngine.InputSystem.LowLevel.NativeInputRuntime/<>c__DisplayClass7_0:<set_onUpdate>b__0 (UnityEngineInternal.Input.NativeInputUpdateType,UnityEngineInternal.Input.NativeInputEventBuffer*)
UnityEngineInternal.Input.NativeInputSystem:NotifyUpdate (UnityEngineInternal.Input.NativeInputUpdateType,intptr) (at /Users/bokken/build/output/unity/unity/Modules/Input/Private/Input.cs:132)

[AudioDiag] Playback event=VO.ARIA.Message.WarningGroundAttackType bus=Voice requestId=78 played=1 status=Presented reason=Played at=252.43 source=null
UnityEngine.Debug:Log (object)
Game.Runtime.AudioPlaybackPresentationDiagnostics:Log (Unity.Entities.EntityManager,Game.Components.AudioPlaybackRequestElement,Game.Configs.AudioEventCatalogEntry,Game.Runtime.AudioPlaybackPresentationResult,single) (at Assets/Game/Scripts/Audio/Runtime/AudioPlaybackPresentationDiagnostics.cs:32)
Game.Runtime.AudioPlaybackPresentationBridgeSystemHelper:DrainAcceptedRequests (Unity.Entities.EntityManager,Game.Configs.AudioEventCatalogConfig,Game.Configs.AudioMixerBusConfig,Game.Runtime.AudioPlaybackPresentationSystemHelper,single) (at Assets/Game/Scripts/Audio/Runtime/AudioPlaybackPresentationBridgeSystemHelper.cs:169)
Game.Runtime.AudioPlaybackPresentationRuntimeView:Update () (at Assets/Game/Scripts/Audio/Runtime/AudioPlaybackPresentationRuntimeView.cs:54)

[SupportJourneyTouch] phase=Ended point=(1673.24, 446.46) hit=V3GradientLayer
UnityEngine.Debug:Log (object)
Game.Editor.SupportSmokeJourneyProbe:TouchEvidence (Game.UI.Runtime.AriaTouchInputUiSystemHelper,string,UnityEngine.Vector2) (at Assets/Game/Scripts/Editor/SupportSmokeJourneyProbe.cs:290)
Game.UI.Runtime.AriaTouchInputUiSystemHelper:OnInputEvent (UnityEngine.InputSystem.LowLevel.InputEventPtr,UnityEngine.InputSystem.InputDevice) (at Assets/Game/Scripts/UI/Screens/AriaTouchInputUiSystemHelper.cs:162)
UnityEngine.InputSystem.LowLevel.NativeInputRuntime/<>c__DisplayClass7_0:<set_onUpdate>b__0 (UnityEngineInternal.Input.NativeInputUpdateType,UnityEngineInternal.Input.NativeInputEventBuffer*)
UnityEngineInternal.Input.NativeInputSystem:NotifyUpdate (UnityEngineInternal.Input.NativeInputUpdateType,intptr) (at /Users/bokken/build/output/unity/unity/Modules/Input/Private/Input.cs:132)

[AudioDiag] Suppressed Alert.Unit.UnderAttack reason=GenericUnderAttackAlertDisabled sourceSystem=UnitAttackSystem requestedAt=235.88 damage=18 target=entity=758:5 name='Battle Tank' source='Unit_Veh_Tank_USA' faction=1 cell=(739,423) hp=1214/1250 attacker=entity=826:5 name='Light Armored Car' source='Unit_Veh_Light_Armored_Car' faction=2 cell=(652,424) hp=320/500
UnityEngine.Debug:Log (object)
Game.Runtime.UnitAttackSystem:LogSuppressedUnitUnderAttackAudio (Unity.Entities.EntityManager,Unity.Entities.Entity,Unity.Entities.Entity,int,single,string,string) (at Assets/Game/Scripts/Systems/UnitAttackSystem.cs:519)
Game.Runtime.UnitAttackSystem:TryEmitUnitUnderAttackAudio (Unity.Entities.EntityManager,Unity.Entities.Entity,single,Unity.Entities.Entity,int,string) (at Assets/Game/Scripts/Systems/UnitAttackSystem.cs:471)
Game.Runtime.UnitAttackSystem:OnUpdate (Unity.Entities.SystemState&) (at Assets/Game/Scripts/Systems/UnitAttackSystem.cs:395)
Game.Runtime.UnitAttackSystem:__codegen__OnUpdate (intptr,intptr)
Unity.Entities.SystemBaseRegistry/<>c__DisplayClass9_0:<SelectBurstFn>b__0 (intptr,intptr) (at ./Library/PackageCache/com.unity.entities@bab66ffaba49/Unity.Entities/SystemBaseRegistry.cs:251)
Unity.Entities.WorldUnmanagedImpl/Unity.Entities.UnmanagedUpdate_000015A0$BurstDirectCall:Invoke (void*)
Unity.Entities.WorldUnmanagedImpl:UnmanagedUpdate (void*)
Unity.Entities.WorldUnmanagedImpl:UpdateSystem (Unity.Entities.SystemHandle) (at ./Library/PackageCache/com.unity.entities@bab66ffaba49/Unity.Entities/WorldUnmanaged.cs:942)
Unity.Entities.ComponentSystemGroup:UpdateAllSystems () (at ./Library/PackageCache/com.unity.entities@bab66ffaba49/Unity.Entities/ComponentSystemGroup.cs:725)
Unity.Entities.ComponentSystemGroup:OnUpdate () (at ./Library/PackageCache/com.unity.entities@bab66ffaba49/Unity.Entities/ComponentSystemGroup.cs:687)
Unity.Entities.SystemBase:Update () (at ./Library/PackageCache/com.unity.entities@bab66ffaba49/Unity.Entities/SystemBase.cs:205)
Unity.Entities.ScriptBehaviourUpdateOrder/DummyDelegateWrapper:TriggerUpdate () (at ./Library/PackageCache/com.unity.entities@bab66ffaba49/Unity.Entities/ScriptBehaviourUpdateOrder.cs:523)

[SupportJourneyTouch] phase=Began point=(1644.33, 106.16) hit=V3GradientLayer
UnityEngine.Debug:Log (object)
Game.Editor.SupportSmokeJourneyProbe:TouchEvidence (Game.UI.Runtime.AriaTouchInputUiSystemHelper,string,UnityEngine.Vector2) (at Assets/Game/Scripts/Editor/SupportSmokeJourneyProbe.cs:290)
Game.UI.Runtime.AriaTouchInputUiSystemHelper:OnInputEvent (UnityEngine.InputSystem.LowLevel.InputEventPtr,UnityEngine.InputSystem.InputDevice) (at Assets/Game/Scripts/UI/Screens/AriaTouchInputUiSystemHelper.cs:162)
UnityEngine.InputSystem.LowLevel.NativeInputRuntime/<>c__DisplayClass7_0:<set_onUpdate>b__0 (UnityEngineInternal.Input.NativeInputUpdateType,UnityEngineInternal.Input.NativeInputEventBuffer*)
UnityEngineInternal.Input.NativeInputSystem:NotifyUpdate (UnityEngineInternal.Input.NativeInputUpdateType,intptr) (at /Users/bokken/build/output/unity/unity/Modules/Input/Private/Input.cs:132)

[SupportJourneyTouch] phase=Ended point=(1644.33, 106.16) hit=V3GradientLayer
UnityEngine.Debug:Log (object)
Game.Editor.SupportSmokeJourneyProbe:TouchEvidence (Game.UI.Runtime.AriaTouchInputUiSystemHelper,string,UnityEngine.Vector2) (at Assets/Game/Scripts/Editor/SupportSmokeJourneyProbe.cs:290)
Game.UI.Runtime.AriaTouchInputUiSystemHelper:OnInputEvent (UnityEngine.InputSystem.LowLevel.InputEventPtr,UnityEngine.InputSystem.InputDevice) (at Assets/Game/Scripts/UI/Screens/AriaTouchInputUiSystemHelper.cs:162)
UnityEngine.InputSystem.LowLevel.NativeInputRuntime/<>c__DisplayClass7_0:<set_onUpdate>b__0 (UnityEngineInternal.Input.NativeInputUpdateType,UnityEngineInternal.Input.NativeInputEventBuffer*)
UnityEngineInternal.Input.NativeInputSystem:NotifyUpdate (UnityEngineInternal.Input.NativeInputUpdateType,intptr) (at /Users/bokken/build/output/unity/unity/Modules/Input/Private/Input.cs:132)

[UiShellPresentation] stage=CommandStarted sequence=10 kind=ShowPopup region=PopupLayer route=Match
UnityEngine.Debug:Log (object,UnityEngine.Object)
Game.Composition.UiDiagnosticsComposition:Report (Game.UI.Contracts.UiDiagnosticSeverity,string,UnityEngine.Object) (at Assets/Game/Scripts/Composition/UiDiagnosticsComposition.cs:17)
Game.UI.Contracts.UiDiagnostics:Info (string,UnityEngine.Object) (at Assets/Game/Scripts/UI/Contracts/UiDiagnostics.cs:14)
Game.UI.Runtime.UIShellEcsPresentationSystem:LogTransition (string,Game.UI.Contracts.UiShellPresentationCommandModel) (at Assets/Game/Scripts/UI/Shell/UIShellEcsPresentationSystem.cs:138)
Game.UI.Runtime.UIShellEcsPresentationSystem:Update () (at Assets/Game/Scripts/UI/Shell/UIShellEcsPresentationSystem.cs:87)

[UiShellPresentation] stage=CommandCompleted sequence=10 kind=ShowPopup region=PopupLayer route=Match
UnityEngine.Debug:Log (object,UnityEngine.Object)
Game.Composition.UiDiagnosticsComposition:Report (Game.UI.Contracts.UiDiagnosticSeverity,string,UnityEngine.Object) (at Assets/Game/Scripts/Composition/UiDiagnosticsComposition.cs:17)
Game.UI.Contracts.UiDiagnostics:Info (string,UnityEngine.Object) (at Assets/Game/Scripts/UI/Contracts/UiDiagnostics.cs:14)
Game.UI.Runtime.UIShellEcsPresentationSystem:LogTransition (string,Game.UI.Contracts.UiShellPresentationCommandModel) (at Assets/Game/Scripts/UI/Shell/UIShellEcsPresentationSystem.cs:138)
Game.UI.Runtime.UIShellEcsPresentationSystem/<>c__DisplayClass24_0:<Update>b__0 (int) (at Assets/Game/Scripts/UI/Shell/UIShellEcsPresentationSystem.cs:100)
Game.UI.Runtime.UIShellView/<>c__DisplayClass19_0:<ExecuteCommandSequence>b__0 () (at Assets/Game/Scripts/UI/Shell/UIShellView.cs:99)
Game.UI.Runtime.UIMotionHostView/<SequenceRoutine>d__32:MoveNext () (at Assets/Game/Scripts/UI/Shell/UIMotionHostView.cs:268)
UnityEngine.SetupCoroutine:InvokeMoveNext (System.Collections.IEnumerator,intptr) (at /Users/bokken/build/output/unity/unity/Runtime/Export/Scripting/Coroutines.cs:17)

[UiShellPresentation] stage=CompletionFlushed sequence=10 kind=ShowPopup region=PopupLayer
UnityEngine.Debug:Log (object,UnityEngine.Object)
Game.Composition.UiDiagnosticsComposition:Report (Game.UI.Contracts.UiDiagnosticSeverity,string,UnityEngine.Object) (at Assets/Game/Scripts/Composition/UiDiagnosticsComposition.cs:17)
Game.UI.Contracts.UiDiagnostics:Info (string,UnityEngine.Object) (at Assets/Game/Scripts/UI/Contracts/UiDiagnostics.cs:14)
Game.UI.Runtime.UIShellEcsPresentationSystem:LogTransition (string,Game.UI.Contracts.UiShellTransitionCompleteModel) (at Assets/Game/Scripts/UI/Shell/UIShellEcsPresentationSystem.cs:146)
Game.UI.Runtime.UIShellEcsPresentationSystem:FlushPendingCompletion () (at Assets/Game/Scripts/UI/Shell/UIShellEcsPresentationSystem.cs:129)
Game.UI.Runtime.UIShellEcsPresentationSystem:Update () (at Assets/Game/Scripts/UI/Shell/UIShellEcsPresentationSystem.cs:67)

[SupportJourneyTouch] phase=Began point=(1524.68, 103.29) hit=BeginTargeting
UnityEngine.Debug:Log (object)
Game.Editor.SupportSmokeJourneyProbe:TouchEvidence (Game.UI.Runtime.AriaTouchInputUiSystemHelper,string,UnityEngine.Vector2) (at Assets/Game/Scripts/Editor/SupportSmokeJourneyProbe.cs:290)
Game.UI.Runtime.AriaTouchInputUiSystemHelper:OnInputEvent (UnityEngine.InputSystem.LowLevel.InputEventPtr,UnityEngine.InputSystem.InputDevice) (at Assets/Game/Scripts/UI/Screens/AriaTouchInputUiSystemHelper.cs:162)
UnityEngine.InputSystem.LowLevel.NativeInputRuntime/<>c__DisplayClass7_0:<set_onUpdate>b__0 (UnityEngineInternal.Input.NativeInputUpdateType,UnityEngineInternal.Input.NativeInputEventBuffer*)
UnityEngineInternal.Input.NativeInputSystem:NotifyUpdate (UnityEngineInternal.Input.NativeInputUpdateType,intptr) (at /Users/bokken/build/output/unity/unity/Modules/Input/Private/Input.cs:132)

[AudioDiag] Suppressed Alert.Unit.UnderAttack reason=GenericUnderAttackAlertDisabled sourceSystem=UnitAttackSystem requestedAt=237.09 damage=18 target=entity=394:19 name='Battle Tank' source='Unit_Veh_Tank_USA' faction=1 cell=(731,426) hp=1232/1250 attacker=entity=826:5 name='Light Armored Car' source='Unit_Veh_Light_Armored_Car' faction=2 cell=(659,424) hp=140/500
UnityEngine.Debug:Log (object)
Game.Runtime.UnitAttackSystem:LogSuppressedUnitUnderAttackAudio (Unity.Entities.EntityManager,Unity.Entities.Entity,Unity.Entities.Entity,int,single,string,string) (at Assets/Game/Scripts/Systems/UnitAttackSystem.cs:519)
Game.Runtime.UnitAttackSystem:TryEmitUnitUnderAttackAudio (Unity.Entities.EntityManager,Unity.Entities.Entity,single,Unity.Entities.Entity,int,string) (at Assets/Game/Scripts/Systems/UnitAttackSystem.cs:471)
Game.Runtime.UnitAttackSystem:OnUpdate (Unity.Entities.SystemState&) (at Assets/Game/Scripts/Systems/UnitAttackSystem.cs:395)
Game.Runtime.UnitAttackSystem:__codegen__OnUpdate (intptr,intptr)
Unity.Entities.SystemBaseRegistry/<>c__DisplayClass9_0:<SelectBurstFn>b__0 (intptr,intptr) (at ./Library/PackageCache/com.unity.entities@bab66ffaba49/Unity.Entities/SystemBaseRegistry.cs:251)
Unity.Entities.WorldUnmanagedImpl/Unity.Entities.UnmanagedUpdate_000015A0$BurstDirectCall:Invoke (void*)
Unity.Entities.WorldUnmanagedImpl:UnmanagedUpdate (void*)
Unity.Entities.WorldUnmanagedImpl:UpdateSystem (Unity.Entities.SystemHandle) (at ./Library/PackageCache/com.unity.entities@bab66ffaba49/Unity.Entities/WorldUnmanaged.cs:942)
Unity.Entities.ComponentSystemGroup:UpdateAllSystems () (at ./Library/PackageCache/com.unity.entities@bab66ffaba49/Unity.Entities/ComponentSystemGroup.cs:725)
Unity.Entities.ComponentSystemGroup:OnUpdate () (at ./Library/PackageCache/com.unity.entities@bab66ffaba49/Unity.Entities/ComponentSystemGroup.cs:687)
Unity.Entities.SystemBase:Update () (at ./Library/PackageCache/com.unity.entities@bab66ffaba49/Unity.Entities/SystemBase.cs:205)
Unity.Entities.ScriptBehaviourUpdateOrder/DummyDelegateWrapper:TriggerUpdate () (at ./Library/PackageCache/com.unity.entities@bab66ffaba49/Unity.Entities/ScriptBehaviourUpdateOrder.cs:523)

[AudioDiag] Playback event=VO.ARIA.Message.WarningGroundAttackType bus=Voice requestId=94 played=1 status=Presented reason=Played at=254.06 source=null
UnityEngine.Debug:Log (object)
Game.Runtime.AudioPlaybackPresentationDiagnostics:Log (Unity.Entities.EntityManager,Game.Components.AudioPlaybackRequestElement,Game.Configs.AudioEventCatalogEntry,Game.Runtime.AudioPlaybackPresentationResult,single) (at Assets/Game/Scripts/Audio/Runtime/AudioPlaybackPresentationDiagnostics.cs:32)
Game.Runtime.AudioPlaybackPresentationBridgeSystemHelper:DrainAcceptedRequests (Unity.Entities.EntityManager,Game.Configs.AudioEventCatalogConfig,Game.Configs.AudioMixerBusConfig,Game.Runtime.AudioPlaybackPresentationSystemHelper,single) (at Assets/Game/Scripts/Audio/Runtime/AudioPlaybackPresentationBridgeSystemHelper.cs:169)
Game.Runtime.AudioPlaybackPresentationRuntimeView:Update () (at Assets/Game/Scripts/Audio/Runtime/AudioPlaybackPresentationRuntimeView.cs:54)

[SupportJourneyTouch] phase=Ended point=(1524.68, 103.29) hit=BeginTargeting
UnityEngine.Debug:Log (object)
Game.Editor.SupportSmokeJourneyProbe:TouchEvidence (Game.UI.Runtime.AriaTouchInputUiSystemHelper,string,UnityEngine.Vector2) (at Assets/Game/Scripts/Editor/SupportSmokeJourneyProbe.cs:290)
Game.UI.Runtime.AriaTouchInputUiSystemHelper:OnInputEvent (UnityEngine.InputSystem.LowLevel.InputEventPtr,UnityEngine.InputSystem.InputDevice) (at Assets/Game/Scripts/UI/Screens/AriaTouchInputUiSystemHelper.cs:162)
UnityEngine.InputSystem.LowLevel.NativeInputRuntime/<>c__DisplayClass7_0:<set_onUpdate>b__0 (UnityEngineInternal.Input.NativeInputUpdateType,UnityEngineInternal.Input.NativeInputEventBuffer*)
UnityEngineInternal.Input.NativeInputSystem:NotifyUpdate (UnityEngineInternal.Input.NativeInputUpdateType,intptr) (at /Users/bokken/build/output/unity/unity/Modules/Input/Private/Input.cs:132)

[UiShellPresentation] stage=CommandStarted sequence=11 kind=HidePopup region=PopupLayer route=Match
UnityEngine.Debug:Log (object,UnityEngine.Object)
Game.Composition.UiDiagnosticsComposition:Report (Game.UI.Contracts.UiDiagnosticSeverity,string,UnityEngine.Object) (at Assets/Game/Scripts/Composition/UiDiagnosticsComposition.cs:17)
Game.UI.Contracts.UiDiagnostics:Info (string,UnityEngine.Object) (at Assets/Game/Scripts/UI/Contracts/UiDiagnostics.cs:14)
Game.UI.Runtime.UIShellEcsPresentationSystem:LogTransition (string,Game.UI.Contracts.UiShellPresentationCommandModel) (at Assets/Game/Scripts/UI/Shell/UIShellEcsPresentationSystem.cs:138)
Game.UI.Runtime.UIShellEcsPresentationSystem:Update () (at Assets/Game/Scripts/UI/Shell/UIShellEcsPresentationSystem.cs:87)

[UiShellPresentation] stage=CommandCompleted sequence=11 kind=HidePopup region=PopupLayer route=Match
UnityEngine.Debug:Log (object,UnityEngine.Object)
Game.Composition.UiDiagnosticsComposition:Report (Game.UI.Contracts.UiDiagnosticSeverity,string,UnityEngine.Object) (at Assets/Game/Scripts/Composition/UiDiagnosticsComposition.cs:17)
Game.UI.Contracts.UiDiagnostics:Info (string,UnityEngine.Object) (at Assets/Game/Scripts/UI/Contracts/UiDiagnostics.cs:14)
Game.UI.Runtime.UIShellEcsPresentationSystem:LogTransition (string,Game.UI.Contracts.UiShellPresentationCommandModel) (at Assets/Game/Scripts/UI/Shell/UIShellEcsPresentationSystem.cs:138)
Game.UI.Runtime.UIShellEcsPresentationSystem/<>c__DisplayClass24_0:<Update>b__0 (int) (at Assets/Game/Scripts/UI/Shell/UIShellEcsPresentationSystem.cs:100)
Game.UI.Runtime.UIShellView/<>c__DisplayClass19_0:<ExecuteCommandSequence>b__0 () (at Assets/Game/Scripts/UI/Shell/UIShellView.cs:99)
Game.UI.Runtime.UIMotionHostView/<SequenceRoutine>d__32:MoveNext () (at Assets/Game/Scripts/UI/Shell/UIMotionHostView.cs:268)
UnityEngine.SetupCoroutine:InvokeMoveNext (System.Collections.IEnumerator,intptr) (at /Users/bokken/build/output/unity/unity/Runtime/Export/Scripting/Coroutines.cs:17)

[UiShellPresentation] stage=CompletionFlushed sequence=11 kind=HidePopup region=PopupLayer
UnityEngine.Debug:Log (object,UnityEngine.Object)
Game.Composition.UiDiagnosticsComposition:Report (Game.UI.Contracts.UiDiagnosticSeverity,string,UnityEngine.Object) (at Assets/Game/Scripts/Composition/UiDiagnosticsComposition.cs:17)
Game.UI.Contracts.UiDiagnostics:Info (string,UnityEngine.Object) (at Assets/Game/Scripts/UI/Contracts/UiDiagnostics.cs:14)
Game.UI.Runtime.UIShellEcsPresentationSystem:LogTransition (string,Game.UI.Contracts.UiShellTransitionCompleteModel) (at Assets/Game/Scripts/UI/Shell/UIShellEcsPresentationSystem.cs:146)
Game.UI.Runtime.UIShellEcsPresentationSystem:FlushPendingCompletion () (at Assets/Game/Scripts/UI/Shell/UIShellEcsPresentationSystem.cs:129)
Game.UI.Runtime.UIShellEcsPresentationSystem:Update () (at Assets/Game/Scripts/UI/Shell/UIShellEcsPresentationSystem.cs:67)

[AudioDiag] Suppressed Alert.Unit.UnderAttack reason=GenericUnderAttackAlertDisabled sourceSystem=UnitAttackSystem requestedAt=237.52 damage=18 target=entity=394:19 name='Battle Tank' source='Unit_Veh_Tank_USA' faction=1 cell=(731,426) hp=1214/1250 attacker=entity=826:5 name='Light Armored Car' source='Unit_Veh_Light_Armored_Car' faction=2 cell=(659,424) hp=140/500
UnityEngine.Debug:Log (object)
Game.Runtime.UnitAttackSystem:LogSuppressedUnitUnderAttackAudio (Unity.Entities.EntityManager,Unity.Entities.Entity,Unity.Entities.Entity,int,single,string,string) (at Assets/Game/Scripts/Systems/UnitAttackSystem.cs:519)
Game.Runtime.UnitAttackSystem:TryEmitUnitUnderAttackAudio (Unity.Entities.EntityManager,Unity.Entities.Entity,single,Unity.Entities.Entity,int,string) (at Assets/Game/Scripts/Systems/UnitAttackSystem.cs:471)
Game.Runtime.UnitAttackSystem:OnUpdate (Unity.Entities.SystemState&) (at Assets/Game/Scripts/Systems/UnitAttackSystem.cs:395)
Game.Runtime.UnitAttackSystem:__codegen__OnUpdate (intptr,intptr)
Unity.Entities.SystemBaseRegistry/<>c__DisplayClass9_0:<SelectBurstFn>b__0 (intptr,intptr) (at ./Library/PackageCache/com.unity.entities@bab66ffaba49/Unity.Entities/SystemBaseRegistry.cs:251)
Unity.Entities.WorldUnmanagedImpl/Unity.Entities.UnmanagedUpdate_000015A0$BurstDirectCall:Invoke (void*)
Unity.Entities.WorldUnmanagedImpl:UnmanagedUpdate (void*)
Unity.Entities.WorldUnmanagedImpl:UpdateSystem (Unity.Entities.SystemHandle) (at ./Library/PackageCache/com.unity.entities@bab66ffaba49/Unity.Entities/WorldUnmanaged.cs:942)
Unity.Entities.ComponentSystemGroup:UpdateAllSystems () (at ./Library/PackageCache/com.unity.entities@bab66ffaba49/Unity.Entities/ComponentSystemGroup.cs:725)
Unity.Entities.ComponentSystemGroup:OnUpdate () (at ./Library/PackageCache/com.unity.entities@bab66ffaba49/Unity.Entities/ComponentSystemGroup.cs:687)
Unity.Entities.SystemBase:Update () (at ./Library/PackageCache/com.unity.entities@bab66ffaba49/Unity.Entities/SystemBase.cs:205)
Unity.Entities.ScriptBehaviourUpdateOrder/DummyDelegateWrapper:TriggerUpdate () (at ./Library/PackageCache/com.unity.entities@bab66ffaba49/Unity.Entities/ScriptBehaviourUpdateOrder.cs:523)

[SupportJourneyTouch] phase=Began point=(552.22, 566.66) hit=
UnityEngine.Debug:Log (object)
Game.Editor.SupportSmokeJourneyProbe:TouchEvidence (Game.UI.Runtime.AriaTouchInputUiSystemHelper,string,UnityEngine.Vector2) (at Assets/Game/Scripts/Editor/SupportSmokeJourneyProbe.cs:290)
Game.UI.Runtime.AriaTouchInputUiSystemHelper:OnInputEvent (UnityEngine.InputSystem.LowLevel.InputEventPtr,UnityEngine.InputSystem.InputDevice) (at Assets/Game/Scripts/UI/Screens/AriaTouchInputUiSystemHelper.cs:162)
UnityEngine.InputSystem.LowLevel.NativeInputRuntime/<>c__DisplayClass7_0:<set_onUpdate>b__0 (UnityEngineInternal.Input.NativeInputUpdateType,UnityEngineInternal.Input.NativeInputEventBuffer*)
UnityEngineInternal.Input.NativeInputSystem:NotifyUpdate (UnityEngineInternal.Input.NativeInputUpdateType,intptr) (at /Users/bokken/build/output/unity/unity/Modules/Input/Private/Input.cs:132)

[AudioDiag] Suppressed Alert.Unit.UnderAttack reason=GenericUnderAttackAlertDisabled sourceSystem=UnitAttackSystem requestedAt=237.95 damage=18 target=entity=394:19 name='Battle Tank' source='Unit_Veh_Tank_USA' faction=1 cell=(731,426) hp=1196/1250 attacker=entity=826:5 name='Light Armored Car' source='Unit_Veh_Light_Armored_Car' faction=2 cell=(659,424) hp=140/500
UnityEngine.Debug:Log (object)
Game.Runtime.UnitAttackSystem:LogSuppressedUnitUnderAttackAudio (Unity.Entities.EntityManager,Unity.Entities.Entity,Unity.Entities.Entity,int,single,string,string) (at Assets/Game/Scripts/Systems/UnitAttackSystem.cs:519)
Game.Runtime.UnitAttackSystem:TryEmitUnitUnderAttackAudio (Unity.Entities.EntityManager,Unity.Entities.Entity,single,Unity.Entities.Entity,int,string) (at Assets/Game/Scripts/Systems/UnitAttackSystem.cs:471)
Game.Runtime.UnitAttackSystem:OnUpdate (Unity.Entities.SystemState&) (at Assets/Game/Scripts/Systems/UnitAttackSystem.cs:395)
Game.Runtime.UnitAttackSystem:__codegen__OnUpdate (intptr,intptr)
Unity.Entities.SystemBaseRegistry/<>c__DisplayClass9_0:<SelectBurstFn>b__0 (intptr,intptr) (at ./Library/PackageCache/com.unity.entities@bab66ffaba49/Unity.Entities/SystemBaseRegistry.cs:251)
Unity.Entities.WorldUnmanagedImpl/Unity.Entities.UnmanagedUpdate_000015A0$BurstDirectCall:Invoke (void*)
Unity.Entities.WorldUnmanagedImpl:UnmanagedUpdate (void*)
Unity.Entities.WorldUnmanagedImpl:UpdateSystem (Unity.Entities.SystemHandle) (at ./Library/PackageCache/com.unity.entities@bab66ffaba49/Unity.Entities/WorldUnmanaged.cs:942)
Unity.Entities.ComponentSystemGroup:UpdateAllSystems () (at ./Library/PackageCache/com.unity.entities@bab66ffaba49/Unity.Entities/ComponentSystemGroup.cs:725)
Unity.Entities.ComponentSystemGroup:OnUpdate () (at ./Library/PackageCache/com.unity.entities@bab66ffaba49/Unity.Entities/ComponentSystemGroup.cs:687)
Unity.Entities.SystemBase:Update () (at ./Library/PackageCache/com.unity.entities@bab66ffaba49/Unity.Entities/SystemBase.cs:205)
Unity.Entities.ScriptBehaviourUpdateOrder/DummyDelegateWrapper:TriggerUpdate () (at ./Library/PackageCache/com.unity.entities@bab66ffaba49/Unity.Entities/ScriptBehaviourUpdateOrder.cs:523)

[SupportJourneyTouch] phase=Ended point=(552.22, 566.66) hit=
UnityEngine.Debug:Log (object)
Game.Editor.SupportSmokeJourneyProbe:TouchEvidence (Game.UI.Runtime.AriaTouchInputUiSystemHelper,string,UnityEngine.Vector2) (at Assets/Game/Scripts/Editor/SupportSmokeJourneyProbe.cs:290)
Game.UI.Runtime.AriaTouchInputUiSystemHelper:OnInputEvent (UnityEngine.InputSystem.LowLevel.InputEventPtr,UnityEngine.InputSystem.InputDevice) (at Assets/Game/Scripts/UI/Screens/AriaTouchInputUiSystemHelper.cs:162)
UnityEngine.InputSystem.LowLevel.NativeInputRuntime/<>c__DisplayClass7_0:<set_onUpdate>b__0 (UnityEngineInternal.Input.NativeInputUpdateType,UnityEngineInternal.Input.NativeInputEventBuffer*)
UnityEngineInternal.Input.NativeInputSystem:NotifyUpdate (UnityEngineInternal.Input.NativeInputUpdateType,intptr) (at /Users/bokken/build/output/unity/unity/Modules/Input/Private/Input.cs:132)

[SupportJourneyState] stage=3 smokeStage=14 phase=Engage outcome=None gestures=4 covered=True damage=0
UnityEngine.Debug:Log (object)
Game.Editor.SupportSmokeJourneyProbe:Tick () (at Assets/Game/Scripts/Editor/SupportSmokeJourneyProbe.cs:102)
UnityEditor.EditorApplication:Internal_CallUpdateFunctions () (at /Users/bokken/build/output/unity/unity/Editor/Mono/EditorApplication.cs:403)

[PerfDiag] slowUpdate frame=15898 total=32.2ms gc=0/0/0 cpuFrame=12.6ms cpuMain=10.1ms cpuRender=2.3ms gpu=8.9ms steps=RoadBuild=0.0ms, BuildingPlacement=0.1ms, Selection=0.1ms, DayNight=0.0ms, CitizenPopulation=0.0ms, MainMenu=32.0ms units=4946 models=13 sourceKeys=4946 sourceKeyFallbackVisuals=0 initialSpawnConfigs=2 drawCalls=776 batches=0 setPass=152 tris=1625362 verts=2995468 memory=alloc=5105MB reserved=6346MB mono=3502MB uiToolkit=0 gameplayInitialized=1 playRequested=1 simulationActive=1 focused=1 vSync=0 targetFps=-1 topSystems=disabled markers=disabled
[SupportJourneyTouch] phase=Began point=(143.54, 64.31) hit=Confirm
UnityEngine.Debug:Log (object)
Game.Editor.SupportSmokeJourneyProbe:TouchEvidence (Game.UI.Runtime.AriaTouchInputUiSystemHelper,string,UnityEngine.Vector2) (at Assets/Game/Scripts/Editor/SupportSmokeJourneyProbe.cs:290)
Game.UI.Runtime.AriaTouchInputUiSystemHelper:OnInputEvent (UnityEngine.InputSystem.LowLevel.InputEventPtr,UnityEngine.InputSystem.InputDevice) (at Assets/Game/Scripts/UI/Screens/AriaTouchInputUiSystemHelper.cs:162)
UnityEngine.InputSystem.LowLevel.NativeInputRuntime/<>c__DisplayClass7_0:<set_onUpdate>b__0 (UnityEngineInternal.Input.NativeInputUpdateType,UnityEngineInternal.Input.NativeInputEventBuffer*)
UnityEngineInternal.Input.NativeInputSystem:NotifyUpdate (UnityEngineInternal.Input.NativeInputUpdateType,intptr) (at /Users/bokken/build/output/unity/unity/Modules/Input/Private/Input.cs:132)

[SupportJourneyTouch] phase=Ended point=(143.54, 64.31) hit=Confirm
UnityEngine.Debug:Log (object)
Game.Editor.SupportSmokeJourneyProbe:TouchEvidence (Game.UI.Runtime.AriaTouchInputUiSystemHelper,string,UnityEngine.Vector2) (at Assets/Game/Scripts/Editor/SupportSmokeJourneyProbe.cs:290)
Game.UI.Runtime.AriaTouchInputUiSystemHelper:OnInputEvent (UnityEngine.InputSystem.LowLevel.InputEventPtr,UnityEngine.InputSystem.InputDevice) (at Assets/Game/Scripts/UI/Screens/AriaTouchInputUiSystemHelper.cs:162)
UnityEngine.InputSystem.LowLevel.NativeInputRuntime/<>c__DisplayClass7_0:<set_onUpdate>b__0 (UnityEngineInternal.Input.NativeInputUpdateType,UnityEngineInternal.Input.NativeInputEventBuffer*)
UnityEngineInternal.Input.NativeInputSystem:NotifyUpdate (UnityEngineInternal.Input.NativeInputUpdateType,intptr) (at /Users/bokken/build/output/unity/unity/Modules/Input/Private/Input.cs:132)

[AudioDiag] Suppressed Alert.Unit.UnderAttack reason=GenericUnderAttackAlertDisabled sourceSystem=UnitAttackSystem requestedAt=239.04 damage=12 target=entity=394:19 name='Battle Tank' source='Unit_Veh_Tank_USA' faction=1 cell=(731,426) hp=1184/1250 attacker=entity=826:5 name='Light Armored Car' source='Unit_Veh_Light_Armored_Car' faction=2 cell=(665,425) hp=140/500
UnityEngine.Debug:Log (object)
Game.Runtime.UnitAttackSystem:LogSuppressedUnitUnderAttackAudio (Unity.Entities.EntityManager,Unity.Entities.Entity,Unity.Entities.Entity,int,single,string,string) (at Assets/Game/Scripts/Systems/UnitAttackSystem.cs:519)
Game.Runtime.UnitAttackSystem:TryEmitUnitUnderAttackAudio (Unity.Entities.EntityManager,Unity.Entities.Entity,single,Unity.Entities.Entity,int,string) (at Assets/Game/Scripts/Systems/UnitAttackSystem.cs:471)
Game.Runtime.UnitAttackSystem:OnUpdate (Unity.Entities.SystemState&) (at Assets/Game/Scripts/Systems/UnitAttackSystem.cs:395)
Game.Runtime.UnitAttackSystem:__codegen__OnUpdate (intptr,intptr)
Unity.Entities.SystemBaseRegistry/<>c__DisplayClass9_0:<SelectBurstFn>b__0 (intptr,intptr) (at ./Library/PackageCache/com.unity.entities@bab66ffaba49/Unity.Entities/SystemBaseRegistry.cs:251)
Unity.Entities.WorldUnmanagedImpl/Unity.Entities.UnmanagedUpdate_000015A0$BurstDirectCall:Invoke (void*)
Unity.Entities.WorldUnmanagedImpl:UnmanagedUpdate (void*)
Unity.Entities.WorldUnmanagedImpl:UpdateSystem (Unity.Entities.SystemHandle) (at ./Library/PackageCache/com.unity.entities@bab66ffaba49/Unity.Entities/WorldUnmanaged.cs:942)
Unity.Entities.ComponentSystemGroup:UpdateAllSystems () (at ./Library/PackageCache/com.unity.entities@bab66ffaba49/Unity.Entities/ComponentSystemGroup.cs:725)
Unity.Entities.ComponentSystemGroup:OnUpdate () (at ./Library/PackageCache/com.unity.entities@bab66ffaba49/Unity.Entities/ComponentSystemGroup.cs:687)
Unity.Entities.SystemBase:Update () (at ./Library/PackageCache/com.unity.entities@bab66ffaba49/Unity.Entities/SystemBase.cs:205)
Unity.Entities.ScriptBehaviourUpdateOrder/DummyDelegateWrapper:TriggerUpdate () (at ./Library/PackageCache/com.unity.entities@bab66ffaba49/Unity.Entities/ScriptBehaviourUpdateOrder.cs:523)

[SupportLiveDamage] event=10 damage=12 healthAfter=1184 kind=DirectFire
UnityEngine.Debug:Log (object)
Game.Editor.SupportSmokeJourneyProbe:ObserveNativeSmoke (Unity.Entities.EntityManager) (at Assets/Game/Scripts/Editor/SupportSmokeJourneyProbe.cs:255)
Game.Editor.SupportSmokeJourneyProbe:Tick () (at Assets/Game/Scripts/Editor/SupportSmokeJourneyProbe.cs:103)
UnityEditor.EditorApplication:Internal_CallUpdateFunctions () (at /Users/bokken/build/output/unity/unity/Editor/Mono/EditorApplication.cs:403)

[FreezeDetect] Frame gap frame=15956 Gap=170.0ms GC=0/0/0 LastSteps=RoadBuild=0.0ms, BuildingPlacement=0.4ms, Selection=0.1ms, DayNight=0.0ms, CitizenPopulation=0.0ms, MainMenu=1.9ms
[AudioDiag] Suppressed Alert.Unit.UnderAttack reason=GenericUnderAttackAlertDisabled sourceSystem=UnitAttackSystem requestedAt=239.47 damage=12 target=entity=394:19 name='Battle Tank' source='Unit_Veh_Tank_USA' faction=1 cell=(731,426) hp=1172/1250 attacker=entity=826:5 name='Light Armored Car' source='Unit_Veh_Light_Armored_Car' faction=2 cell=(665,425) hp=140/500
UnityEngine.Debug:Log (object)
Game.Runtime.UnitAttackSystem:LogSuppressedUnitUnderAttackAudio (Unity.Entities.EntityManager,Unity.Entities.Entity,Unity.Entities.Entity,int,single,string,string) (at Assets/Game/Scripts/Systems/UnitAttackSystem.cs:519)
Game.Runtime.UnitAttackSystem:TryEmitUnitUnderAttackAudio (Unity.Entities.EntityManager,Unity.Entities.Entity,single,Unity.Entities.Entity,int,string) (at Assets/Game/Scripts/Systems/UnitAttackSystem.cs:471)
Game.Runtime.UnitAttackSystem:OnUpdate (Unity.Entities.SystemState&) (at Assets/Game/Scripts/Systems/UnitAttackSystem.cs:395)
Game.Runtime.UnitAttackSystem:__codegen__OnUpdate (intptr,intptr)
Unity.Entities.SystemBaseRegistry/<>c__DisplayClass9_0:<SelectBurstFn>b__0 (intptr,intptr) (at ./Library/PackageCache/com.unity.entities@bab66ffaba49/Unity.Entities/SystemBaseRegistry.cs:251)
Unity.Entities.WorldUnmanagedImpl/Unity.Entities.UnmanagedUpdate_000015A0$BurstDirectCall:Invoke (void*)
Unity.Entities.WorldUnmanagedImpl:UnmanagedUpdate (void*)
Unity.Entities.WorldUnmanagedImpl:UpdateSystem (Unity.Entities.SystemHandle) (at ./Library/PackageCache/com.unity.entities@bab66ffaba49/Unity.Entities/WorldUnmanaged.cs:942)
Unity.Entities.ComponentSystemGroup:UpdateAllSystems () (at ./Library/PackageCache/com.unity.entities@bab66ffaba49/Unity.Entities/ComponentSystemGroup.cs:725)
Unity.Entities.ComponentSystemGroup:OnUpdate () (at ./Library/PackageCache/com.unity.entities@bab66ffaba49/Unity.Entities/ComponentSystemGroup.cs:687)
Unity.Entities.SystemBase:Update () (at ./Library/PackageCache/com.unity.entities@bab66ffaba49/Unity.Entities/SystemBase.cs:205)
Unity.Entities.ScriptBehaviourUpdateOrder/DummyDelegateWrapper:TriggerUpdate () (at ./Library/PackageCache/com.unity.entities@bab66ffaba49/Unity.Entities/ScriptBehaviourUpdateOrder.cs:523)

[SupportLiveDamage] event=11 damage=12 healthAfter=1172 kind=DirectFire
UnityEngine.Debug:Log (object)
Game.Editor.SupportSmokeJourneyProbe:ObserveNativeSmoke (Unity.Entities.EntityManager) (at Assets/Game/Scripts/Editor/SupportSmokeJourneyProbe.cs:255)
Game.Editor.SupportSmokeJourneyProbe:Tick () (at Assets/Game/Scripts/Editor/SupportSmokeJourneyProbe.cs:103)
UnityEditor.EditorApplication:Internal_CallUpdateFunctions () (at /Users/bokken/build/output/unity/unity/Editor/Mono/EditorApplication.cs:403)

[SupportNormalSmoke] commits=2 fuel=2 charges=0 openClosePreviewShowDecline=no-spend cooldown=real-time
UnityEngine.Debug:Log (object)
Game.Editor.SupportSmokeJourneyProbe:SmokeJourney (Unity.Entities.EntityManager) (at Assets/Game/Scripts/Editor/SupportSmokeJourneyProbe.cs:238)
Game.Editor.SupportSmokeJourneyProbe:Tick () (at Assets/Game/Scripts/Editor/SupportSmokeJourneyProbe.cs:114)
UnityEditor.EditorApplication:Internal_CallUpdateFunctions () (at /Users/bokken/build/output/unity/unity/Editor/Mono/EditorApplication.cs:403)

[SupportJourneyTouch] phase=Began point=(1644.33, 106.16) hit=V3GradientLayer
UnityEngine.Debug:Log (object)
Game.Editor.SupportSmokeJourneyProbe:TouchEvidence (Game.UI.Runtime.AriaTouchInputUiSystemHelper,string,UnityEngine.Vector2) (at Assets/Game/Scripts/Editor/SupportSmokeJourneyProbe.cs:290)
Game.UI.Runtime.AriaTouchInputUiSystemHelper:OnInputEvent (UnityEngine.InputSystem.LowLevel.InputEventPtr,UnityEngine.InputSystem.InputDevice) (at Assets/Game/Scripts/UI/Screens/AriaTouchInputUiSystemHelper.cs:162)
UnityEngine.InputSystem.LowLevel.NativeInputRuntime/<>c__DisplayClass7_0:<set_onUpdate>b__0 (UnityEngineInternal.Input.NativeInputUpdateType,UnityEngineInternal.Input.NativeInputEventBuffer*)
UnityEngineInternal.Input.NativeInputSystem:NotifyUpdate (UnityEngineInternal.Input.NativeInputUpdateType,intptr) (at /Users/bokken/build/output/unity/unity/Modules/Input/Private/Input.cs:132)

[SupportJourneyTouch] phase=Ended point=(1644.33, 106.16) hit=V3GradientLayer
UnityEngine.Debug:Log (object)
Game.Editor.SupportSmokeJourneyProbe:TouchEvidence (Game.UI.Runtime.AriaTouchInputUiSystemHelper,string,UnityEngine.Vector2) (at Assets/Game/Scripts/Editor/SupportSmokeJourneyProbe.cs:290)
Game.UI.Runtime.AriaTouchInputUiSystemHelper:OnInputEvent (UnityEngine.InputSystem.LowLevel.InputEventPtr,UnityEngine.InputSystem.InputDevice) (at Assets/Game/Scripts/UI/Screens/AriaTouchInputUiSystemHelper.cs:162)
UnityEngine.InputSystem.LowLevel.NativeInputRuntime/<>c__DisplayClass7_0:<set_onUpdate>b__0 (UnityEngineInternal.Input.NativeInputUpdateType,UnityEngineInternal.Input.NativeInputEventBuffer*)
UnityEngineInternal.Input.NativeInputSystem:NotifyUpdate (UnityEngineInternal.Input.NativeInputUpdateType,intptr) (at /Users/bokken/build/output/unity/unity/Modules/Input/Private/Input.cs:132)

[UiShellPresentation] stage=CommandStarted sequence=12 kind=ShowPopup region=PopupLayer route=Match
UnityEngine.Debug:Log (object,UnityEngine.Object)
Game.Composition.UiDiagnosticsComposition:Report (Game.UI.Contracts.UiDiagnosticSeverity,string,UnityEngine.Object) (at Assets/Game/Scripts/Composition/UiDiagnosticsComposition.cs:17)
Game.UI.Contracts.UiDiagnostics:Info (string,UnityEngine.Object) (at Assets/Game/Scripts/UI/Contracts/UiDiagnostics.cs:14)
Game.UI.Runtime.UIShellEcsPresentationSystem:LogTransition (string,Game.UI.Contracts.UiShellPresentationCommandModel) (at Assets/Game/Scripts/UI/Shell/UIShellEcsPresentationSystem.cs:138)
Game.UI.Runtime.UIShellEcsPresentationSystem:Update () (at Assets/Game/Scripts/UI/Shell/UIShellEcsPresentationSystem.cs:87)

[UiShellPresentation] stage=CommandCompleted sequence=12 kind=ShowPopup region=PopupLayer route=Match
UnityEngine.Debug:Log (object,UnityEngine.Object)
Game.Composition.UiDiagnosticsComposition:Report (Game.UI.Contracts.UiDiagnosticSeverity,string,UnityEngine.Object) (at Assets/Game/Scripts/Composition/UiDiagnosticsComposition.cs:17)
Game.UI.Contracts.UiDiagnostics:Info (string,UnityEngine.Object) (at Assets/Game/Scripts/UI/Contracts/UiDiagnostics.cs:14)
Game.UI.Runtime.UIShellEcsPresentationSystem:LogTransition (string,Game.UI.Contracts.UiShellPresentationCommandModel) (at Assets/Game/Scripts/UI/Shell/UIShellEcsPresentationSystem.cs:138)
Game.UI.Runtime.UIShellEcsPresentationSystem/<>c__DisplayClass24_0:<Update>b__0 (int) (at Assets/Game/Scripts/UI/Shell/UIShellEcsPresentationSystem.cs:100)
Game.UI.Runtime.UIShellView/<>c__DisplayClass19_0:<ExecuteCommandSequence>b__0 () (at Assets/Game/Scripts/UI/Shell/UIShellView.cs:99)
Game.UI.Runtime.UIMotionHostView/<SequenceRoutine>d__32:MoveNext () (at Assets/Game/Scripts/UI/Shell/UIMotionHostView.cs:268)
UnityEngine.SetupCoroutine:InvokeMoveNext (System.Collections.IEnumerator,intptr) (at /Users/bokken/build/output/unity/unity/Runtime/Export/Scripting/Coroutines.cs:17)

[UiShellPresentation] stage=CompletionFlushed sequence=12 kind=ShowPopup region=PopupLayer
UnityEngine.Debug:Log (object,UnityEngine.Object)
Game.Composition.UiDiagnosticsComposition:Report (Game.UI.Contracts.UiDiagnosticSeverity,string,UnityEngine.Object) (at Assets/Game/Scripts/Composition/UiDiagnosticsComposition.cs:17)
Game.UI.Contracts.UiDiagnostics:Info (string,UnityEngine.Object) (at Assets/Game/Scripts/UI/Contracts/UiDiagnostics.cs:14)
Game.UI.Runtime.UIShellEcsPresentationSystem:LogTransition (string,Game.UI.Contracts.UiShellTransitionCompleteModel) (at Assets/Game/Scripts/UI/Shell/UIShellEcsPresentationSystem.cs:146)
Game.UI.Runtime.UIShellEcsPresentationSystem:FlushPendingCompletion () (at Assets/Game/Scripts/UI/Shell/UIShellEcsPresentationSystem.cs:129)
Game.UI.Runtime.UIShellEcsPresentationSystem:Update () (at Assets/Game/Scripts/UI/Shell/UIShellEcsPresentationSystem.cs:67)

[CampaignMissionNarrative] status=started stage=Comms sequence=seq.ch04.m02.comms session=campaign-m03-0000000000000001 attempt=1
UnityEngine.Debug:Log (object)
Game.Composition.CampaignMissionNarrativeCompositionUtility:LogStage (string,Game.Composition.CampaignMissionDebriefCompositionSystemHelper/SequenceStage,Unity.Collections.FixedString64Bytes&,Unity.Collections.FixedString64Bytes&,int) (at Assets/Game/Scripts/Composition/CampaignMissionMenuBootstrapRuntime.cs:269)
Game.Composition.CampaignMissionDebriefCompositionSystemHelper:Tick (single,Unity.Entities.EntityManager,Game.UI.Shell.Contracts.Ecs.UiShellStateComponent&) (at Assets/Game/Scripts/Composition/Narrative/CampaignMissionDebriefCompositionSystemHelper.cs:167)
Game.Composition.CampaignMissionMenuBootstrapRuntime:TickDebrief (Game.Composition.MenuBootstrapView,Unity.Entities.EntityManager,single) (at Assets/Game/Scripts/Composition/CampaignMissionMenuBootstrapRuntime.cs:59)
Game.Composition.CampaignMissionMenuBootstrapRuntime:Update (Game.Composition.MenuBootstrapView,single) (at Assets/Game/Scripts/Composition/CampaignMissionMenuBootstrapRuntime.cs:35)
Game.Composition.MenuBootstrapView:Update () (at Assets/Game/Scripts/Composition/MenuBootstrapView.cs:175)

[SupportJourneyTouch] phase=Began point=(1715.20, 999.66) hit=Close
UnityEngine.Debug:Log (object)
Game.Editor.SupportSmokeJourneyProbe:TouchEvidence (Game.UI.Runtime.AriaTouchInputUiSystemHelper,string,UnityEngine.Vector2) (at Assets/Game/Scripts/Editor/SupportSmokeJourneyProbe.cs:290)
Game.UI.Runtime.AriaTouchInputUiSystemHelper:OnInputEvent (UnityEngine.InputSystem.LowLevel.InputEventPtr,UnityEngine.InputSystem.InputDevice) (at Assets/Game/Scripts/UI/Screens/AriaTouchInputUiSystemHelper.cs:162)
UnityEngine.InputSystem.LowLevel.NativeInputRuntime/<>c__DisplayClass7_0:<set_onUpdate>b__0 (UnityEngineInternal.Input.NativeInputUpdateType,UnityEngineInternal.Input.NativeInputEventBuffer*)
UnityEngineInternal.Input.NativeInputSystem:NotifyUpdate (UnityEngineInternal.Input.NativeInputUpdateType,intptr) (at /Users/bokken/build/output/unity/unity/Modules/Input/Private/Input.cs:132)

[SupportJourneyTouch] phase=Ended point=(1715.20, 999.66) hit=Close
UnityEngine.Debug:Log (object)
Game.Editor.SupportSmokeJourneyProbe:TouchEvidence (Game.UI.Runtime.AriaTouchInputUiSystemHelper,string,UnityEngine.Vector2) (at Assets/Game/Scripts/Editor/SupportSmokeJourneyProbe.cs:290)
Game.UI.Runtime.AriaTouchInputUiSystemHelper:OnInputEvent (UnityEngine.InputSystem.LowLevel.InputEventPtr,UnityEngine.InputSystem.InputDevice) (at Assets/Game/Scripts/UI/Screens/AriaTouchInputUiSystemHelper.cs:162)
UnityEngine.InputSystem.LowLevel.NativeInputRuntime/<>c__DisplayClass7_0:<set_onUpdate>b__0 (UnityEngineInternal.Input.NativeInputUpdateType,UnityEngineInternal.Input.NativeInputEventBuffer*)
UnityEngineInternal.Input.NativeInputSystem:NotifyUpdate (UnityEngineInternal.Input.NativeInputUpdateType,intptr) (at /Users/bokken/build/output/unity/unity/Modules/Input/Private/Input.cs:132)

[UiShellPresentation] stage=CommandStarted sequence=13 kind=HidePopup region=PopupLayer route=Match
UnityEngine.Debug:Log (object,UnityEngine.Object)
Game.Composition.UiDiagnosticsComposition:Report (Game.UI.Contracts.UiDiagnosticSeverity,string,UnityEngine.Object) (at Assets/Game/Scripts/Composition/UiDiagnosticsComposition.cs:17)
Game.UI.Contracts.UiDiagnostics:Info (string,UnityEngine.Object) (at Assets/Game/Scripts/UI/Contracts/UiDiagnostics.cs:14)
Game.UI.Runtime.UIShellEcsPresentationSystem:LogTransition (string,Game.UI.Contracts.UiShellPresentationCommandModel) (at Assets/Game/Scripts/UI/Shell/UIShellEcsPresentationSystem.cs:138)
Game.UI.Runtime.UIShellEcsPresentationSystem:Update () (at Assets/Game/Scripts/UI/Shell/UIShellEcsPresentationSystem.cs:87)

[UiShellPresentation] stage=CommandCompleted sequence=13 kind=HidePopup region=PopupLayer route=Match
UnityEngine.Debug:Log (object,UnityEngine.Object)
Game.Composition.UiDiagnosticsComposition:Report (Game.UI.Contracts.UiDiagnosticSeverity,string,UnityEngine.Object) (at Assets/Game/Scripts/Composition/UiDiagnosticsComposition.cs:17)
Game.UI.Contracts.UiDiagnostics:Info (string,UnityEngine.Object) (at Assets/Game/Scripts/UI/Contracts/UiDiagnostics.cs:14)
Game.UI.Runtime.UIShellEcsPresentationSystem:LogTransition (string,Game.UI.Contracts.UiShellPresentationCommandModel) (at Assets/Game/Scripts/UI/Shell/UIShellEcsPresentationSystem.cs:138)
Game.UI.Runtime.UIShellEcsPresentationSystem/<>c__DisplayClass24_0:<Update>b__0 (int) (at Assets/Game/Scripts/UI/Shell/UIShellEcsPresentationSystem.cs:100)
Game.UI.Runtime.UIShellView/<>c__DisplayClass19_0:<ExecuteCommandSequence>b__0 () (at Assets/Game/Scripts/UI/Shell/UIShellView.cs:99)
Game.UI.Runtime.UIMotionHostView/<SequenceRoutine>d__32:MoveNext () (at Assets/Game/Scripts/UI/Shell/UIMotionHostView.cs:268)
UnityEngine.SetupCoroutine:InvokeMoveNext (System.Collections.IEnumerator,intptr) (at /Users/bokken/build/output/unity/unity/Runtime/Export/Scripting/Coroutines.cs:17)

[UiShellPresentation] stage=CompletionFlushed sequence=13 kind=HidePopup region=PopupLayer
UnityEngine.Debug:Log (object,UnityEngine.Object)
Game.Composition.UiDiagnosticsComposition:Report (Game.UI.Contracts.UiDiagnosticSeverity,string,UnityEngine.Object) (at Assets/Game/Scripts/Composition/UiDiagnosticsComposition.cs:17)
Game.UI.Contracts.UiDiagnostics:Info (string,UnityEngine.Object) (at Assets/Game/Scripts/UI/Contracts/UiDiagnostics.cs:14)
Game.UI.Runtime.UIShellEcsPresentationSystem:LogTransition (string,Game.UI.Contracts.UiShellTransitionCompleteModel) (at Assets/Game/Scripts/UI/Shell/UIShellEcsPresentationSystem.cs:146)
Game.UI.Runtime.UIShellEcsPresentationSystem:FlushPendingCompletion () (at Assets/Game/Scripts/UI/Shell/UIShellEcsPresentationSystem.cs:129)
Game.UI.Runtime.UIShellEcsPresentationSystem:Update () (at Assets/Game/Scripts/UI/Shell/UIShellEcsPresentationSystem.cs:67)

[Command Cache] Cleaned 8 expired entries
UnityEngine.Debug:Log (object)
Unity.AI.Tracing.ConsoleSink:LogToConsole (string,string,System.Exception) (at ./Library/PackageCache/com.unity.ai.assistant@6fee27370e6a/Modules/Unity.AI.Tracing/TraceSinks.cs:313)
Unity.AI.Tracing.ConsoleSink:Write (Unity.AI.Tracing.TraceEvent) (at ./Library/PackageCache/com.unity.ai.assistant@6fee27370e6a/Modules/Unity.AI.Tracing/TraceSinks.cs:277)
Unity.AI.Tracing.TraceWriter:WriteEventInternal (string,string,Unity.AI.Tracing.TraceEventOptions,string,System.Nullable`1<int>) (at ./Library/PackageCache/com.unity.ai.assistant@6fee27370e6a/Modules/Unity.AI.Tracing/TraceWriter.cs:373)
Unity.AI.Tracing.TraceWriter:Event (string,Unity.AI.Tracing.TraceEventOptions) (at ./Library/PackageCache/com.unity.ai.assistant@6fee27370e6a/Modules/Unity.AI.Tracing/TraceWriter.cs:297)
Unity.AI.Tracing.TraceLogger:Emit (string,string,string,string,Unity.AI.Tracing.TraceEventOptions,object,System.Exception) (at ./Library/PackageCache/com.unity.ai.assistant@6fee27370e6a/Modules/Unity.AI.Tracing/TraceLogger.cs:105)
Unity.AI.Tracing.TraceLogger:Info (string,string,string,Unity.AI.Tracing.TraceEventOptions) (at ./Library/PackageCache/com.unity.ai.assistant@6fee27370e6a/Modules/Unity.AI.Tracing/TraceLogger.cs:35)
Unity.AI.MCP.Editor.Helpers.McpLog:Log (string,Unity.AI.Tracing.TraceEventOptions) (at ./Library/PackageCache/com.unity.ai.assistant@6fee27370e6a/Modules/Unity.AI.MCP.Editor/Helpers/McpLog.cs:15)
Unity.AI.MCP.Editor.Bridge:CleanExpiredCommandResults () (at ./Library/PackageCache/com.unity.ai.assistant@6fee27370e6a/Modules/Unity.AI.MCP.Editor/Bridge.cs:1966)
Unity.AI.MCP.Editor.Bridge:ProcessCommands () (at ./Library/PackageCache/com.unity.ai.assistant@6fee27370e6a/Modules/Unity.AI.MCP.Editor/Bridge.cs:1493)
UnityEditor.EditorApplication:Internal_CallUpdateFunctions () (at /Users/bokken/build/output/unity/unity/Editor/Mono/EditorApplication.cs:403)

InvalidOperationException: ARIA stopped before normal victory.
Game.Editor.SupportSmokeJourneyProbe.Tick () (at Assets/Game/Scripts/Editor/SupportSmokeJourneyProbe.cs:127)
UnityEngine.Debug:LogException(Exception)
Game.Editor.SupportSmokeJourneyProbe:Tick() (at Assets/Game/Scripts/Editor/SupportSmokeJourneyProbe.cs:149)
UnityEditor.EditorApplication:Internal_CallUpdateFunctions() (at /Users/bokken/build/output/unity/unity/Editor/Mono/EditorApplication.cs:403)

[SupportSmokeJourney] result=Failed ARIA stopped before normal victory. evidence=Design/AgentReports/SupportSystem/Evidence/SmokeJourney/20260928-152932-en-smoke
UnityEngine.Debug:Log (object)
Game.Editor.SupportSmokeJourneyProbe:Complete (bool,string) (at Assets/Game/Scripts/Editor/SupportSmokeJourneyProbe.cs:312)
Game.Editor.SupportSmokeJourneyProbe:Tick () (at Assets/Game/Scripts/Editor/SupportSmokeJourneyProbe.cs:149)
UnityEditor.EditorApplication:Internal_CallUpdateFunctions () (at /Users/bokken/build/output/unity/unity/Editor/Mono/EditorApplication.cs:403)

[ExistingEditorValidation] result=Failed executeMethod=Game.Editor.SupportSmokeJourneyProbe.RunEnglish
UnityEngine.Debug:Log (object)
Game.Editor.ExistingEditorValidation/<Run>d__0:MoveNext () (at Assets/Game/Scripts/Editor/ExistingEditorValidation.cs:42)
System.Threading.Tasks.TaskCompletionSource`1<int>:TrySetResult (int)
Game.Editor.SupportSmokeJourneyProbe:Complete (bool,string) (at Assets/Game/Scripts/Editor/SupportSmokeJourneyProbe.cs:313)
Game.Editor.SupportSmokeJourneyProbe:Tick () (at Assets/Game/Scripts/Editor/SupportSmokeJourneyProbe.cs:149)
UnityEditor.EditorApplication:Internal_CallUpdateFunctions () (at /Users/bokken/build/output/unity/unity/Editor/Mono/EditorApplication.cs:403)

