[ExistingEditorValidation] project=/Users/farhad/Projects/WarlineCapture/Assets executeMethod=Game.Editor.CH04M04GroundedSignalInputProbe.RunPersianWatch
UnityEngine.Debug:Log (object)
Game.Editor.ExistingEditorValidation/<Run>d__9:MoveNext () (at Assets/Game/Scripts/Editor/ExistingEditorValidation.cs:90)
System.Runtime.CompilerServices.AsyncVoidMethodBuilder:Start<Game.Editor.ExistingEditorValidation/<Run>d__9> (Game.Editor.ExistingEditorValidation/<Run>d__9&)
Game.Editor.ExistingEditorValidation:Run (string,string)
PipelineEvaluation.PipelineEval_3e2a33be/<>c__DisplayClass0_0:<Execute>b__0 ()
UnityEditor.EditorApplication:Internal_CallUpdateFunctions () (at /Users/bokken/build/output/unity/unity/Editor/Mono/EditorApplication.cs:403)

[GroundedSignalRules] result=Passed insertion=required relay=required hardware=required recovery=cancel,complete,overflow failures=all stale=session,retry,source result=idempotent originals=both
UnityEngine.Debug:Log (object)
Game.Editor.CH04M04GroundedSignalRulesValidation:Run () (at Assets/Game/Scripts/Editor/CH04M04GroundedSignalRulesValidation.cs:50)
Game.Editor.CH04M04GroundedSignalInputProbe:Run (string,bool,bool) (at Assets/Game/Scripts/Editor/CH04M04GroundedSignalInputProbe.cs:71)
Game.Editor.CH04M04GroundedSignalInputProbe:RunPersianWatch () (at Assets/Game/Scripts/Editor/CH04M04GroundedSignalInputProbe.cs:65)
System.Reflection.MethodBase:Invoke (object,object[])
Game.Editor.ExistingEditorValidation/<Run>d__9:MoveNext () (at Assets/Game/Scripts/Editor/ExistingEditorValidation.cs:92)
System.Runtime.CompilerServices.AsyncVoidMethodBuilder:Start<Game.Editor.ExistingEditorValidation/<Run>d__9> (Game.Editor.ExistingEditorValidation/<Run>d__9&)
Game.Editor.ExistingEditorValidation:Run (string,string)
PipelineEvaluation.PipelineEval_3e2a33be/<>c__DisplayClass0_0:<Execute>b__0 ()
UnityEditor.EditorApplication:Internal_CallUpdateFunctions () (at /Users/bokken/build/output/unity/unity/Editor/Mono/EditorApplication.cs:403)

[GroundedSignalObjectives] result=Passed writer=published relay=exact-role guards=independent terminal=original-staff generic-contract=preserved
UnityEngine.Debug:Log (object)
Game.Editor.CH04M04GroundedSignalObjectiveValidation:Run () (at Assets/Game/Scripts/Editor/CH04M04GroundedSignalObjectiveValidation.cs:69)
Game.Editor.CH04M04GroundedSignalInputProbe:Run (string,bool,bool) (at Assets/Game/Scripts/Editor/CH04M04GroundedSignalInputProbe.cs:72)
Game.Editor.CH04M04GroundedSignalInputProbe:RunPersianWatch () (at Assets/Game/Scripts/Editor/CH04M04GroundedSignalInputProbe.cs:65)
System.Reflection.MethodBase:Invoke (object,object[])
Game.Editor.ExistingEditorValidation/<Run>d__9:MoveNext () (at Assets/Game/Scripts/Editor/ExistingEditorValidation.cs:92)
System.Runtime.CompilerServices.AsyncVoidMethodBuilder:Start<Game.Editor.ExistingEditorValidation/<Run>d__9> (Game.Editor.ExistingEditorValidation/<Run>d__9&)
Game.Editor.ExistingEditorValidation:Run (string,string)
PipelineEvaluation.PipelineEval_3e2a33be/<>c__DisplayClass0_0:<Execute>b__0 ()
UnityEditor.EditorApplication:Internal_CallUpdateFunctions () (at /Users/bokken/build/output/unity/unity/Editor/Mono/EditorApplication.cs:403)

[GroundedSignalMapReuse] result=Passed standalone=strict same-generation=reused physical-source=scene-only stale=reject monotonic=preserved new-world=generation1
UnityEngine.Debug:Log (object)
Game.Editor.CH04M04GroundedSignalMapReuseValidation:Run () (at Assets/Game/Scripts/Editor/CH04M04GroundedSignalMapReuseValidation.cs:50)
Game.Editor.CH04M04GroundedSignalInputProbe:Run (string,bool,bool) (at Assets/Game/Scripts/Editor/CH04M04GroundedSignalInputProbe.cs:73)
Game.Editor.CH04M04GroundedSignalInputProbe:RunPersianWatch () (at Assets/Game/Scripts/Editor/CH04M04GroundedSignalInputProbe.cs:65)
System.Reflection.MethodBase:Invoke (object,object[])
Game.Editor.ExistingEditorValidation/<Run>d__9:MoveNext () (at Assets/Game/Scripts/Editor/ExistingEditorValidation.cs:92)
System.Runtime.CompilerServices.AsyncVoidMethodBuilder:Start<Game.Editor.ExistingEditorValidation/<Run>d__9> (Game.Editor.ExistingEditorValidation/<Run>d__9&)
Game.Editor.ExistingEditorValidation:Run (string,string)
PipelineEvaluation.PipelineEval_3e2a33be/<>c__DisplayClass0_0:<Execute>b__0 ()
UnityEditor.EditorApplication:Internal_CallUpdateFunctions () (at /Users/bokken/build/output/unity/unity/Editor/Mono/EditorApplication.cs:403)

[MainMenuV3PrefabBuilder] gameView=1920x1080 selectedIndex=3
UnityEngine.Debug:Log (object)
Game.Editor.MainMenuV3PrefabBuilder:SetGameViewResolution (int,int) (at Assets/Game/Scripts/Editor/MainMenuV3PrefabBuilder.cs:427)
Game.Editor.CH04M04GroundedSignalInputProbe:Run (string,bool,bool) (at Assets/Game/Scripts/Editor/CH04M04GroundedSignalInputProbe.cs:79)
Game.Editor.CH04M04GroundedSignalInputProbe:RunPersianWatch () (at Assets/Game/Scripts/Editor/CH04M04GroundedSignalInputProbe.cs:65)
System.Reflection.MethodBase:Invoke (object,object[])
Game.Editor.ExistingEditorValidation/<Run>d__9:MoveNext () (at Assets/Game/Scripts/Editor/ExistingEditorValidation.cs:92)
System.Runtime.CompilerServices.AsyncVoidMethodBuilder:Start<Game.Editor.ExistingEditorValidation/<Run>d__9> (Game.Editor.ExistingEditorValidation/<Run>d__9&)
Game.Editor.ExistingEditorValidation:Run (string,string)
PipelineEvaluation.PipelineEval_3e2a33be/<>c__DisplayClass0_0:<Execute>b__0 ()
UnityEditor.EditorApplication:Internal_CallUpdateFunctions () (at /Users/bokken/build/output/unity/unity/Editor/Mono/EditorApplication.cs:403)

Ignoring invalid [Unity.Entities.UpdateAfterAttribute(Game.Runtime.SkirmishResultSettlementSystem)] attribute on Game.Runtime.SkirmishExpandedSessionControlSystem because OrderFirst/OrderLast has higher precedence.
UnityEngine.Debug:LogWarning (object)
Unity.Debug:LogWarning (object) (at ./Library/PackageCache/com.unity.entities@bab66ffaba49/Unity.Entities/Stubs/Unity/Debug.cs:13)
Unity.Entities.ComponentSystemSorter:WarnAboutAnySystemAttributeBadness (int,Unity.Entities.ComponentSystemGroup) (at ./Library/PackageCache/com.unity.entities@bab66ffaba49/Unity.Entities/ComponentSystemSorter.cs:522)
Unity.Entities.ComponentSystemGroup:GenerateMasterUpdateList () (at ./Library/PackageCache/com.unity.entities@bab66ffaba49/Unity.Entities/ComponentSystemGroup.cs:490)
Unity.Entities.ComponentSystemGroup:RecurseUpdate () (at ./Library/PackageCache/com.unity.entities@bab66ffaba49/Unity.Entities/ComponentSystemGroup.cs:410)
Unity.Entities.ComponentSystemGroup:SortSystems () (at ./Library/PackageCache/com.unity.entities@bab66ffaba49/Unity.Entities/ComponentSystemGroup.cs:598)
Unity.Entities.DefaultWorldInitialization:AddSystemToRootLevelSystemGroupsInternal (Unity.Entities.World,Unity.Collections.NativeList`1<Unity.Entities.SystemTypeIndex>) (at ./Library/PackageCache/com.unity.entities@bab66ffaba49/Unity.Entities/DefaultWorldInitialization.cs:304)
Unity.Entities.DefaultWorldInitialization:Initialize (string,bool) (at ./Library/PackageCache/com.unity.entities@bab66ffaba49/Unity.Entities/DefaultWorldInitialization.cs:156)
Unity.Entities.AutomaticWorldBootstrap:Initialize () (at ./Library/PackageCache/com.unity.entities@bab66ffaba49/Unity.Entities.Hybrid/Injection/AutomaticWorldBootstrap.cs:16)

Ignoring invalid [Unity.Entities.UpdateBeforeAttribute] attribute on Game.Rendering.OperationMapVehicleVisualOwnershipSystem targeting Game.Rendering.UnitRenderVisualExclusivitySystem.
This attribute can only order systems that are members of the same ComponentSystemGroup instance.
Make sure that both systems are in the same system group with [UpdateInGroup(typeof(Unity.Entities.PresentationSystemGroup))],
or by manually adding both systems to the same group's update list.
UnityEngine.Debug:LogWarning (object)
Unity.Debug:LogWarning (object) (at ./Library/PackageCache/com.unity.entities@bab66ffaba49/Unity.Entities/Stubs/Unity/Debug.cs:13)
Unity.Entities.ComponentSystemSorter:WarnAboutAnySystemAttributeBadness (int,Unity.Entities.ComponentSystemGroup) (at ./Library/PackageCache/com.unity.entities@bab66ffaba49/Unity.Entities/ComponentSystemSorter.cs:504)
Unity.Entities.ComponentSystemGroup:GenerateMasterUpdateList () (at ./Library/PackageCache/com.unity.entities@bab66ffaba49/Unity.Entities/ComponentSystemGroup.cs:490)
Unity.Entities.ComponentSystemGroup:RecurseUpdate () (at ./Library/PackageCache/com.unity.entities@bab66ffaba49/Unity.Entities/ComponentSystemGroup.cs:410)
Unity.Entities.ComponentSystemGroup:SortSystems () (at ./Library/PackageCache/com.unity.entities@bab66ffaba49/Unity.Entities/ComponentSystemGroup.cs:598)
Unity.Entities.DefaultWorldInitialization:AddSystemToRootLevelSystemGroupsInternal (Unity.Entities.World,Unity.Collections.NativeList`1<Unity.Entities.SystemTypeIndex>) (at ./Library/PackageCache/com.unity.entities@bab66ffaba49/Unity.Entities/DefaultWorldInitialization.cs:305)
Unity.Entities.DefaultWorldInitialization:Initialize (string,bool) (at ./Library/PackageCache/com.unity.entities@bab66ffaba49/Unity.Entities/DefaultWorldInitialization.cs:156)
Unity.Entities.AutomaticWorldBootstrap:Initialize () (at ./Library/PackageCache/com.unity.entities@bab66ffaba49/Unity.Entities.Hybrid/Injection/AutomaticWorldBootstrap.cs:16)

[FirstLaunchStartup] fix=LanguageChoiceAwakeOrder_2026-07-17 disposition=EnterMenu languageView=1 languageVisible=0 narrativeView=1
UnityEngine.Debug:Log (object)
Game.Composition.FirstLaunchNarrativeCompositionSystemHelper:LogStartupDisposition (Game.Composition.FirstLaunchNarrativeStartupDisposition) (at Assets/Game/Scripts/Composition/Narrative/FirstLaunchNarrativeCompositionSystemHelper.cs:319)
Game.Composition.FirstLaunchNarrativeCompositionSystemHelper:Initialize (Game.Configs.NarrativeSequenceConfig,Game.Configs.NarrativeSpeakerCatalog,Game.Configs.NarrativePunctuationConfig,Game.UI.Runtime.NarrativeSequenceView,Game.UI.Contracts.IGameTextResolver,Game.Runtime.SaveService,bool,bool,Game.UI.Runtime.FirstLaunchLanguageChoiceView,Game.Configs.NarrativeLocaleConfig,Game.UI.Runtime.UIShellView) (at Assets/Game/Scripts/Composition/Narrative/FirstLaunchNarrativeCompositionSystemHelper.cs:98)
Game.Composition.FirstLaunchNarrativeCompositionSystemHelper:InitializeShell (Game.Composition.MenuBootstrapView,Game.UI.Contracts.IGameTextResolver,bool,bool) (at Assets/Game/Scripts/Composition/Narrative/FirstLaunchNarrativeCompositionSystemHelper.cs:151)
Game.Composition.MenuBootstrapCompositionSystemHelper:Initialize (Game.Composition.MenuBootstrapView) (at Assets/Game/Scripts/Composition/MenuBootstrapCompositionSystemHelper.cs:115)
Game.Composition.MenuBootstrapView:Awake () (at Assets/Game/Scripts/Composition/MenuBootstrapView.cs:159)

[GroundedSignalInput] inputFixture=background-game-view-only nativeInputIsolated=3
UnityEngine.Debug:Log (object)
Game.Editor.CH04M04GroundedSignalInputProbe:ConfigureFixture () (at Assets/Game/Scripts/Editor/CH04M04GroundedSignalInputProbe.cs:322)
Game.Editor.CH04M04GroundedSignalInputProbe:Tick () (at Assets/Game/Scripts/Editor/CH04M04GroundedSignalInputProbe.cs:114)
UnityEditor.EditorApplication:Internal_CallUpdateFunctions () (at /Users/bokken/build/output/unity/unity/Editor/Mono/EditorApplication.cs:403)

[GroundedSignalInputState] phase=None outcome=None step=-1 clock=0 initialized=0 inserted=0 relay=0 hardware=0 recovery=0 aboard=0 secure=0 failure=None
UnityEngine.Debug:Log (object)
Game.Editor.CH04M04GroundedSignalInputProbe:Tick () (at Assets/Game/Scripts/Editor/CH04M04GroundedSignalInputProbe.cs:131)
UnityEditor.EditorApplication:Internal_CallUpdateFunctions () (at /Users/bokken/build/output/unity/unity/Editor/Mono/EditorApplication.cs:403)

[UiShellPresentation] stage=CommandStarted sequence=1 kind=EnterMenu region=None route=MainMenu
UnityEngine.Debug:Log (object,UnityEngine.Object)
Game.Composition.UiDiagnosticsComposition:Report (Game.UI.Contracts.UiDiagnosticSeverity,string,UnityEngine.Object) (at Assets/Game/Scripts/Composition/UiDiagnosticsComposition.cs:17)
Game.UI.Contracts.UiDiagnostics:Info (string,UnityEngine.Object) (at Assets/Game/Scripts/UI/Contracts/UiDiagnostics.cs:14)
Game.UI.Runtime.UIShellEcsPresentationSystem:LogTransition (string,Game.UI.Contracts.UiShellPresentationCommandModel) (at Assets/Game/Scripts/UI/Shell/UIShellEcsPresentationSystem.cs:138)
Game.UI.Runtime.UIShellEcsPresentationSystem:Update () (at Assets/Game/Scripts/UI/Shell/UIShellEcsPresentationSystem.cs:87)

[GroundedSignalInput] touch=ContinueButton
UnityEngine.Debug:Log (object)
Game.Editor.CH04M04GroundedSignalInputProbe:Gesture (UnityEngine.Vector2,string) (at Assets/Game/Scripts/Editor/CH04M04GroundedSignalInputProbe.cs:331)
Game.Editor.CH04M04GroundedSignalInputProbe:Tap (UnityEngine.UI.Button) (at Assets/Game/Scripts/Editor/CH04M04GroundedSignalInputProbe.cs:329)
Game.Editor.CH04M04GroundedSignalInputProbe:Tick () (at Assets/Game/Scripts/Editor/CH04M04GroundedSignalInputProbe.cs:199)
UnityEditor.EditorApplication:Internal_CallUpdateFunctions () (at /Users/bokken/build/output/unity/unity/Editor/Mono/EditorApplication.cs:403)

[UiShellPresentation] stage=CommandCompleted sequence=1 kind=EnterMenu region=None route=MainMenu
UnityEngine.Debug:Log (object,UnityEngine.Object)
Game.Composition.UiDiagnosticsComposition:Report (Game.UI.Contracts.UiDiagnosticSeverity,string,UnityEngine.Object) (at Assets/Game/Scripts/Composition/UiDiagnosticsComposition.cs:17)
Game.UI.Contracts.UiDiagnostics:Info (string,UnityEngine.Object) (at Assets/Game/Scripts/UI/Contracts/UiDiagnostics.cs:14)
Game.UI.Runtime.UIShellEcsPresentationSystem:LogTransition (string,Game.UI.Contracts.UiShellPresentationCommandModel) (at Assets/Game/Scripts/UI/Shell/UIShellEcsPresentationSystem.cs:138)
Game.UI.Runtime.UIShellEcsPresentationSystem/<>c__DisplayClass24_0:<Update>b__0 (int) (at Assets/Game/Scripts/UI/Shell/UIShellEcsPresentationSystem.cs:100)
Game.UI.Runtime.UIShellView/<>c__DisplayClass19_0:<ExecuteCommandSequence>b__0 () (at Assets/Game/Scripts/UI/Shell/UIShellView.cs:99)
Game.UI.Runtime.UIMotionHostView/<SequenceRoutine>d__32:MoveNext () (at Assets/Game/Scripts/UI/Shell/UIMotionHostView.cs:268)
UnityEngine.SetupCoroutine:InvokeMoveNext (System.Collections.IEnumerator,intptr) (at /Users/bokken/build/output/unity/unity/Runtime/Export/Scripting/Coroutines.cs:17)

[UiShellPresentation] stage=CompletionFlushed sequence=1 kind=EnterMenu region=None
UnityEngine.Debug:Log (object,UnityEngine.Object)
Game.Composition.UiDiagnosticsComposition:Report (Game.UI.Contracts.UiDiagnosticSeverity,string,UnityEngine.Object) (at Assets/Game/Scripts/Composition/UiDiagnosticsComposition.cs:17)
Game.UI.Contracts.UiDiagnostics:Info (string,UnityEngine.Object) (at Assets/Game/Scripts/UI/Contracts/UiDiagnostics.cs:14)
Game.UI.Runtime.UIShellEcsPresentationSystem:LogTransition (string,Game.UI.Contracts.UiShellTransitionCompleteModel) (at Assets/Game/Scripts/UI/Shell/UIShellEcsPresentationSystem.cs:146)
Game.UI.Runtime.UIShellEcsPresentationSystem:FlushPendingCompletion () (at Assets/Game/Scripts/UI/Shell/UIShellEcsPresentationSystem.cs:129)
Game.UI.Runtime.UIShellEcsPresentationSystem:Update () (at Assets/Game/Scripts/UI/Shell/UIShellEcsPresentationSystem.cs:67)

[UiShellPresentation] stage=CommandStarted sequence=2 kind=SwapMenuMiddle region=MiddleRegion route=Campaign
UnityEngine.Debug:Log (object,UnityEngine.Object)
Game.Composition.UiDiagnosticsComposition:Report (Game.UI.Contracts.UiDiagnosticSeverity,string,UnityEngine.Object) (at Assets/Game/Scripts/Composition/UiDiagnosticsComposition.cs:17)
Game.UI.Contracts.UiDiagnostics:Info (string,UnityEngine.Object) (at Assets/Game/Scripts/UI/Contracts/UiDiagnostics.cs:14)
Game.UI.Runtime.UIShellEcsPresentationSystem:LogTransition (string,Game.UI.Contracts.UiShellPresentationCommandModel) (at Assets/Game/Scripts/UI/Shell/UIShellEcsPresentationSystem.cs:138)
Game.UI.Runtime.UIShellEcsPresentationSystem:Update () (at Assets/Game/Scripts/UI/Shell/UIShellEcsPresentationSystem.cs:87)

[UiShellPresentation] stage=CommandCompleted sequence=2 kind=SwapMenuMiddle region=MiddleRegion route=Campaign
UnityEngine.Debug:Log (object,UnityEngine.Object)
Game.Composition.UiDiagnosticsComposition:Report (Game.UI.Contracts.UiDiagnosticSeverity,string,UnityEngine.Object) (at Assets/Game/Scripts/Composition/UiDiagnosticsComposition.cs:17)
Game.UI.Contracts.UiDiagnostics:Info (string,UnityEngine.Object) (at Assets/Game/Scripts/UI/Contracts/UiDiagnostics.cs:14)
Game.UI.Runtime.UIShellEcsPresentationSystem:LogTransition (string,Game.UI.Contracts.UiShellPresentationCommandModel) (at Assets/Game/Scripts/UI/Shell/UIShellEcsPresentationSystem.cs:138)
Game.UI.Runtime.UIShellEcsPresentationSystem/<>c__DisplayClass24_0:<Update>b__0 (int) (at Assets/Game/Scripts/UI/Shell/UIShellEcsPresentationSystem.cs:100)
Game.UI.Runtime.UIShellView/<>c__DisplayClass19_0:<ExecuteCommandSequence>b__0 () (at Assets/Game/Scripts/UI/Shell/UIShellView.cs:99)
Game.UI.Runtime.UIMotionHostView/<SequenceRoutine>d__32:MoveNext () (at Assets/Game/Scripts/UI/Shell/UIMotionHostView.cs:268)
UnityEngine.SetupCoroutine:InvokeMoveNext (System.Collections.IEnumerator,intptr) (at /Users/bokken/build/output/unity/unity/Runtime/Export/Scripting/Coroutines.cs:17)

[UiShellPresentation] stage=CompletionFlushed sequence=2 kind=SwapMenuMiddle region=MiddleRegion
UnityEngine.Debug:Log (object,UnityEngine.Object)
Game.Composition.UiDiagnosticsComposition:Report (Game.UI.Contracts.UiDiagnosticSeverity,string,UnityEngine.Object) (at Assets/Game/Scripts/Composition/UiDiagnosticsComposition.cs:17)
Game.UI.Contracts.UiDiagnostics:Info (string,UnityEngine.Object) (at Assets/Game/Scripts/UI/Contracts/UiDiagnostics.cs:14)
Game.UI.Runtime.UIShellEcsPresentationSystem:LogTransition (string,Game.UI.Contracts.UiShellTransitionCompleteModel) (at Assets/Game/Scripts/UI/Shell/UIShellEcsPresentationSystem.cs:146)
Game.UI.Runtime.UIShellEcsPresentationSystem:FlushPendingCompletion () (at Assets/Game/Scripts/UI/Shell/UIShellEcsPresentationSystem.cs:129)
Game.UI.Runtime.UIShellEcsPresentationSystem:Update () (at Assets/Game/Scripts/UI/Shell/UIShellEcsPresentationSystem.cs:67)

[GroundedSignalInput] touch=LaunchMissionButton
UnityEngine.Debug:Log (object)
Game.Editor.CH04M04GroundedSignalInputProbe:Gesture (UnityEngine.Vector2,string) (at Assets/Game/Scripts/Editor/CH04M04GroundedSignalInputProbe.cs:331)
Game.Editor.CH04M04GroundedSignalInputProbe:Tap (UnityEngine.UI.Button) (at Assets/Game/Scripts/Editor/CH04M04GroundedSignalInputProbe.cs:329)
Game.Editor.CH04M04GroundedSignalInputProbe:Tick () (at Assets/Game/Scripts/Editor/CH04M04GroundedSignalInputProbe.cs:197)
UnityEditor.EditorApplication:Internal_CallUpdateFunctions () (at /Users/bokken/build/output/unity/unity/Editor/Mono/EditorApplication.cs:403)

[UiShellPresentation] stage=CommandStarted sequence=3 kind=SwapMenuMiddle region=MiddleRegion route=MissionBriefing
UnityEngine.Debug:Log (object,UnityEngine.Object)
Game.Composition.UiDiagnosticsComposition:Report (Game.UI.Contracts.UiDiagnosticSeverity,string,UnityEngine.Object) (at Assets/Game/Scripts/Composition/UiDiagnosticsComposition.cs:17)
Game.UI.Contracts.UiDiagnostics:Info (string,UnityEngine.Object) (at Assets/Game/Scripts/UI/Contracts/UiDiagnostics.cs:14)
Game.UI.Runtime.UIShellEcsPresentationSystem:LogTransition (string,Game.UI.Contracts.UiShellPresentationCommandModel) (at Assets/Game/Scripts/UI/Shell/UIShellEcsPresentationSystem.cs:138)
Game.UI.Runtime.UIShellEcsPresentationSystem:Update () (at Assets/Game/Scripts/UI/Shell/UIShellEcsPresentationSystem.cs:87)

[UiShellPresentation] stage=CommandCompleted sequence=3 kind=SwapMenuMiddle region=MiddleRegion route=MissionBriefing
UnityEngine.Debug:Log (object,UnityEngine.Object)
Game.Composition.UiDiagnosticsComposition:Report (Game.UI.Contracts.UiDiagnosticSeverity,string,UnityEngine.Object) (at Assets/Game/Scripts/Composition/UiDiagnosticsComposition.cs:17)
Game.UI.Contracts.UiDiagnostics:Info (string,UnityEngine.Object) (at Assets/Game/Scripts/UI/Contracts/UiDiagnostics.cs:14)
Game.UI.Runtime.UIShellEcsPresentationSystem:LogTransition (string,Game.UI.Contracts.UiShellPresentationCommandModel) (at Assets/Game/Scripts/UI/Shell/UIShellEcsPresentationSystem.cs:138)
Game.UI.Runtime.UIShellEcsPresentationSystem/<>c__DisplayClass24_0:<Update>b__0 (int) (at Assets/Game/Scripts/UI/Shell/UIShellEcsPresentationSystem.cs:100)
Game.UI.Runtime.UIShellView/<>c__DisplayClass19_0:<ExecuteCommandSequence>b__0 () (at Assets/Game/Scripts/UI/Shell/UIShellView.cs:99)
Game.UI.Runtime.UIMotionHostView/<SequenceRoutine>d__32:MoveNext () (at Assets/Game/Scripts/UI/Shell/UIMotionHostView.cs:268)
UnityEngine.SetupCoroutine:InvokeMoveNext (System.Collections.IEnumerator,intptr) (at /Users/bokken/build/output/unity/unity/Runtime/Export/Scripting/Coroutines.cs:17)

[UiShellPresentation] stage=CompletionFlushed sequence=3 kind=SwapMenuMiddle region=MiddleRegion
UnityEngine.Debug:Log (object,UnityEngine.Object)
Game.Composition.UiDiagnosticsComposition:Report (Game.UI.Contracts.UiDiagnosticSeverity,string,UnityEngine.Object) (at Assets/Game/Scripts/Composition/UiDiagnosticsComposition.cs:17)
Game.UI.Contracts.UiDiagnostics:Info (string,UnityEngine.Object) (at Assets/Game/Scripts/UI/Contracts/UiDiagnostics.cs:14)
Game.UI.Runtime.UIShellEcsPresentationSystem:LogTransition (string,Game.UI.Contracts.UiShellTransitionCompleteModel) (at Assets/Game/Scripts/UI/Shell/UIShellEcsPresentationSystem.cs:146)
Game.UI.Runtime.UIShellEcsPresentationSystem:FlushPendingCompletion () (at Assets/Game/Scripts/UI/Shell/UIShellEcsPresentationSystem.cs:129)
Game.UI.Runtime.UIShellEcsPresentationSystem:Update () (at Assets/Game/Scripts/UI/Shell/UIShellEcsPresentationSystem.cs:67)

[GroundedSignalInput] touch=DeployOperationButton
UnityEngine.Debug:Log (object)
Game.Editor.CH04M04GroundedSignalInputProbe:Gesture (UnityEngine.Vector2,string) (at Assets/Game/Scripts/Editor/CH04M04GroundedSignalInputProbe.cs:331)
Game.Editor.CH04M04GroundedSignalInputProbe:Tap (UnityEngine.UI.Button) (at Assets/Game/Scripts/Editor/CH04M04GroundedSignalInputProbe.cs:329)
Game.Editor.CH04M04GroundedSignalInputProbe:Tick () (at Assets/Game/Scripts/Editor/CH04M04GroundedSignalInputProbe.cs:191)
UnityEditor.EditorApplication:Internal_CallUpdateFunctions () (at /Users/bokken/build/output/unity/unity/Editor/Mono/EditorApplication.cs:403)

[UiShellPresentation] stage=CommandStarted sequence=4 kind=ExitMenu region=None route=Match
UnityEngine.Debug:Log (object,UnityEngine.Object)
Game.Composition.UiDiagnosticsComposition:Report (Game.UI.Contracts.UiDiagnosticSeverity,string,UnityEngine.Object) (at Assets/Game/Scripts/Composition/UiDiagnosticsComposition.cs:17)
Game.UI.Contracts.UiDiagnostics:Info (string,UnityEngine.Object) (at Assets/Game/Scripts/UI/Contracts/UiDiagnostics.cs:14)
Game.UI.Runtime.UIShellEcsPresentationSystem:LogTransition (string,Game.UI.Contracts.UiShellPresentationCommandModel) (at Assets/Game/Scripts/UI/Shell/UIShellEcsPresentationSystem.cs:138)
Game.UI.Runtime.UIShellEcsPresentationSystem:Update () (at Assets/Game/Scripts/UI/Shell/UIShellEcsPresentationSystem.cs:87)

[UiShellPresentation] stage=CommandCompleted sequence=4 kind=ExitMenu region=None route=Match
UnityEngine.Debug:Log (object,UnityEngine.Object)
Game.Composition.UiDiagnosticsComposition:Report (Game.UI.Contracts.UiDiagnosticSeverity,string,UnityEngine.Object) (at Assets/Game/Scripts/Composition/UiDiagnosticsComposition.cs:17)
Game.UI.Contracts.UiDiagnostics:Info (string,UnityEngine.Object) (at Assets/Game/Scripts/UI/Contracts/UiDiagnostics.cs:14)
Game.UI.Runtime.UIShellEcsPresentationSystem:LogTransition (string,Game.UI.Contracts.UiShellPresentationCommandModel) (at Assets/Game/Scripts/UI/Shell/UIShellEcsPresentationSystem.cs:138)
Game.UI.Runtime.UIShellEcsPresentationSystem/<>c__DisplayClass24_0:<Update>b__0 (int) (at Assets/Game/Scripts/UI/Shell/UIShellEcsPresentationSystem.cs:100)
Game.UI.Runtime.UIShellView/<>c__DisplayClass19_0:<ExecuteCommandSequence>b__0 () (at Assets/Game/Scripts/UI/Shell/UIShellView.cs:99)
Game.UI.Runtime.UIMotionHostView/<SequenceRoutine>d__32:MoveNext () (at Assets/Game/Scripts/UI/Shell/UIMotionHostView.cs:268)
UnityEngine.SetupCoroutine:InvokeMoveNext (System.Collections.IEnumerator,intptr) (at /Users/bokken/build/output/unity/unity/Runtime/Export/Scripting/Coroutines.cs:17)

[UiShellPresentation] stage=CompletionFlushed sequence=4 kind=ExitMenu region=None
UnityEngine.Debug:Log (object,UnityEngine.Object)
Game.Composition.UiDiagnosticsComposition:Report (Game.UI.Contracts.UiDiagnosticSeverity,string,UnityEngine.Object) (at Assets/Game/Scripts/Composition/UiDiagnosticsComposition.cs:17)
Game.UI.Contracts.UiDiagnostics:Info (string,UnityEngine.Object) (at Assets/Game/Scripts/UI/Contracts/UiDiagnostics.cs:14)
Game.UI.Runtime.UIShellEcsPresentationSystem:LogTransition (string,Game.UI.Contracts.UiShellTransitionCompleteModel) (at Assets/Game/Scripts/UI/Shell/UIShellEcsPresentationSystem.cs:146)
Game.UI.Runtime.UIShellEcsPresentationSystem:FlushPendingCompletion () (at Assets/Game/Scripts/UI/Shell/UIShellEcsPresentationSystem.cs:129)
Game.UI.Runtime.UIShellEcsPresentationSystem:Update () (at Assets/Game/Scripts/UI/Shell/UIShellEcsPresentationSystem.cs:67)

[UiShellRoute] submitted deferred Match scene load request after loading feedback.
UnityEngine.Debug:Log (object)
Game.Composition.MenuBootstrapCompositionSystemHelper:QueueDeferredMatchLoadAfterLoadingFeedback (Unity.Entities.EntityManager,Game.UI.Shell.Contracts.Ecs.UiShellStateComponent) (at Assets/Game/Scripts/Composition/MenuBootstrapCompositionSystemHelper.cs:643)
Game.Composition.MenuBootstrapCompositionSystemHelper:Update (Game.Composition.MenuBootstrapView,single) (at Assets/Game/Scripts/Composition/MenuBootstrapCompositionSystemHelper.cs:157)
Game.Composition.MenuBootstrapView:Update () (at Assets/Game/Scripts/Composition/MenuBootstrapView.cs:174)

[UiShellRoute] submitted deferred Match gameplay start request.
UnityEngine.Debug:Log (object)
Game.Composition.MenuBootstrapCompositionSystemHelper:QueueDeferredMatchLoadAfterLoadingFeedback (Unity.Entities.EntityManager,Game.UI.Shell.Contracts.Ecs.UiShellStateComponent) (at Assets/Game/Scripts/Composition/MenuBootstrapCompositionSystemHelper.cs:658)
Game.Composition.MenuBootstrapCompositionSystemHelper:Update (Game.Composition.MenuBootstrapView,single) (at Assets/Game/Scripts/Composition/MenuBootstrapCompositionSystemHelper.cs:157)
Game.Composition.MenuBootstrapView:Update () (at Assets/Game/Scripts/Composition/MenuBootstrapView.cs:174)

[OperationMapLaunchIdentity] source=Campaign mission=saga.ch04.m04.grounded_signal scenario=scenario.ch04.m04.grounded_signal operationMap=opmap.ch04.grounded_signal
UnityEngine.Debug:Log (object)
Game.Composition.MatchSceneView:TryResolveOperationMapDefinition (Unity.Entities.World,Game.Configs.OperationMapDefinition&,bool&,Game.Components.OperationMapLoadResultCode&,string&) (at Assets/Game/Scripts/Composition/MatchSceneView.OperationMapLifecycle.cs:392)
Game.Composition.MatchSceneView:EnsureOperationMapSourceSceneLoad () (at Assets/Game/Scripts/Composition/MatchSceneView.OperationMapLifecycle.cs:329)
Game.Composition.MatchSceneView:EnsureMatchRuntimeBound () (at Assets/Game/Scripts/Composition/MatchSceneView.OperationMapLifecycle.cs:19)
Game.Composition.MatchSceneView:Awake () (at Assets/Game/Scripts/Composition/MatchSceneView.cs:229)

[OperationMapReadiness] ready=SourceContent, SubScene, Metadata, MapSurface, AuthoredConversion, PresentationManifest, RequiredPresentationPreload failed=None
UnityEngine.Debug:Log (object)
Game.Composition.MatchSceneView:TryPublishOperationMapReadiness (bool,bool,string&) (at Assets/Game/Scripts/Composition/MatchSceneView.OperationMapLifecycle.cs:282)
Game.Composition.MenuBootstrapCompositionSystemHelper:UpdateStaticMapPresentationForLoadedMatch (bool,Game.Composition.MatchSceneView) (at Assets/Game/Scripts/Composition/MenuBootstrapCompositionSystemHelper.cs:476)
Game.Composition.MenuBootstrapCompositionSystemHelper:UpdateStaticMapPresentation (Unity.Entities.EntityManager,Game.UI.Shell.Contracts.Ecs.UiShellStateComponent) (at Assets/Game/Scripts/Composition/MenuBootstrapCompositionSystemHelper.cs:453)
Game.Composition.MenuBootstrapCompositionSystemHelper:Update (Game.Composition.MenuBootstrapView,single) (at Assets/Game/Scripts/Composition/MenuBootstrapCompositionSystemHelper.cs:150)
Game.Composition.MenuBootstrapView:Update () (at Assets/Game/Scripts/Composition/MenuBootstrapView.cs:174)

[MapVehicleOwnershipRuntime] phase=CompositionInit configAssigned=0 placements=-1 authoringRootAssigned=1 configuredPacked=1
UnityEngine.Debug:Log (object)
Game.Runtime.BuildingGameplayCompositionSystemHelper:Initialize (Game.Configs.BuildingPlacementSystemConfig,UnityEngine.Camera,UnityEngine.Transform,UnityEngine.Transform,Game.Runtime.RoadGridProjectionSystem/RoadFootprintState,Game.Runtime.FactionVisualSettings,Game.Runtime.DayNightSystem,Game.Configs.RTSSelectionSystemConfig,Game.Configs.MapBuildingPlacementConfig,Game.Configs.MapVehiclePlacementConfig,UnityEngine.Transform,UnityEngine.Transform,System.Func`2<UnityEngine.GameObject, UnityEngine.Sprite>,Game.Runtime.BuildingProductionQueueCompositionSystemHelper/TryGetUnitProductionMetadataDelegate,Game.Runtime.BuildingProductionTransportPresentationSystemHelper/PrepareTransportDropVisualDelegate,System.Func`2<UnityEngine.GameObject, string>,Game.Runtime.BuildingDefinitionPrefabSystemHelper/TryGetBuildingDefinitionMetadataDelegate,Game.Runtime.BuildingDefinitionPrefabSystemHelper/TryGetUnitDefinitionMetadataDelegate,bool,System.Func`1<Game.Configs.MapVehiclePlacementConfig>,System.Func`1<UnityEngine.Transform>) (at Assets/Game/Scripts/Systems/BuildingGameplayCompositionSystemHelper.cs:470)
Game.Runtime.ManagedGameplayStartupSystemHelper:Initialize (Unity.Entities.EntityManager,Game.Configs.DayNightSystemConfig,Game.Configs.FactionVisualSettingsConfig,Game.Configs.RoadBuildSystemConfig,Game.Configs.BuildingPlacementSystemConfig,Game.Configs.MapBuildingPlacementConfig,Game.Configs.MapVehiclePlacementConfig,Game.Configs.RTSSelectionSystemConfig,Game.Configs.RuntimeCitySpawnerSystemConfig,Game.Configs.GameStringsConfig,UnityEngine.Camera,UnityEngine.Light,UnityEngine.Rendering.Volume,UnityEngine.Transform,UnityEngine.Transform,System.Func`3<UnityEngine.Transform, Game.Configs.RTSSelectionSystemConfig, Game.UI.Contracts.ISelectionRectangleView>,System.Func`2<UnityEngine.GameObject, UnityEngine.Sprite>,System.Func`2<UnityEngine.GameObject, UnityEngine.Sprite>,Game.Runtime.BuildingProductionQueueCompositionSystemHelper/TryGetUnitProductionMetadataDelegate,Game.Runtime.BuildingProductionTransportPresentationSystemHelper/PrepareTransportDropVisualDelegate,System.Func`2<UnityEngine.GameObject, string>,Game.Runtime.BuildingDefinitionPrefabSystemHelper/TryGetBuildingDefinitionMetadataDelegate,Game.Runtime.BuildingDefinitionPrefabSystemHelper/TryGetUnitDefinitionMetadataDelegate,UnityEngine.Transform,UnityEngine.Transform,Game.UI.Contracts.IMatchIntroStateQuery,bool,System.Func`1<Game.Configs.MapVehiclePlacementConfig>,System.Func`1<UnityEngine.Transform>) (at Assets/Game/Scripts/Systems/ManagedGameplayStartupSystemHelper.cs:177)
Game.Composition.MatchBootstrapCompositionSystemHelper:InitializeManagedRuntime (Game.Configs.DayNightSystemConfig,Game.Configs.FactionVisualSettingsConfig,Game.Configs.RoadBuildSystemConfig,Game.Configs.BuildingPlacementSystemConfig,Game.Configs.MapBuildingPlacementConfig,Game.Configs.MapVehiclePlacementConfig,Game.Configs.RTSSelectionSystemConfig,Game.Configs.RuntimeCitySpawnerSystemConfig,Game.Configs.GameStringsConfig,UnityEngine.Camera,UnityEngine.Light,UnityEngine.Rendering.Volume,UnityEngine.Transform,UnityEngine.Transform,System.Func`3<UnityEngine.Transform, Game.Configs.RTSSelectionSystemConfig, Game.UI.Contracts.ISelectionRectangleView>,UnityEngine.Transform,UnityEngine.Transform,Game.UI.Contracts.IMatchIntroStateQuery,bool) (at Assets/Game/Scripts/Composition/MatchBootstrapCompositionSystemHelper.cs:432)
Game.Composition.MatchBootstrapCompositionSystemHelper:InitializeManagedRuntimeIfNeeded () (at Assets/Game/Scripts/Composition/MatchBootstrapCompositionSystemHelper.cs:765)
Game.Composition.MatchGameplayStartupCompositionSystemHelper:AdvanceStep (Game.Runtime.BuildingRuntimeUpdateCompositionSystemHelper,Game.Runtime.BuildingRuntimeUpdateCompositionSystemHelper/Context&) (at Assets/Game/Scripts/Composition/MatchGameplayStartupCompositionSystemHelper.cs:158)
Game.Composition.MatchGameplayStartupCompositionSystemHelper:Advance (Game.Runtime.BuildingRuntimeUpdateCompositionSystemHelper,Game.Runtime.BuildingRuntimeUpdateCompositionSystemHelper/Context&) (at Assets/Game/Scripts/Composition/MatchGameplayStartupCompositionSystemHelper.cs:112)
Game.Composition.MatchBootstrapCompositionSystemHelper:Update () (at Assets/Game/Scripts/Composition/MatchBootstrapCompositionSystemHelper.cs:186)
Game.Composition.MatchSceneView:Update () (at Assets/Game/Scripts/Composition/MatchSceneView.cs:271)

[RuntimeGridBootstrap] RuntimeGridBootstrap_NoTacticalMapRuntimeLoader_2026-05-26 ready entity=46888 size=2048x1024 cellSize=1
UnityEngine.Debug:Log (object)
Game.Runtime.RuntimeGridBootstrapStartupSystemHelper:Ensure (Unity.Entities.EntityManager,int,int,single,UnityEngine.Vector3,UnityEngine.Vector2Int[]) (at Assets/Game/Scripts/Systems/RuntimeGridBootstrapStartupSystemHelper.cs:63)
Game.Composition.MatchBootstrapStartupConfigProjection:ProjectRuntimeStartupConfig (Unity.Entities.World,Game.Runtime.RuntimeGridBootstrapStartupSystemHelper,Game.Composition.MapSurfaceRuntimeBootstrapSceneSystemHelper,Game.Composition.MatchSceneView,Game.Configs.BuildingPlacementSystemConfig,Game.Runtime.AIStartupSystem,System.Collections.Generic.IReadOnlyList`1<Game.Configs.AIControllerConfig>,Game.Configs.AISettingsSnapshot,System.Collections.Generic.List`1<Game.Runtime.InitialFactionSpawnCellFallbackEntry>) (at Assets/Game/Scripts/Composition/MatchBootstrapStartupConfigProjection.cs:49)
Game.Composition.MatchGameplayStartupCompositionSystemHelper:AdvanceStep (Game.Runtime.BuildingRuntimeUpdateCompositionSystemHelper,Game.Runtime.BuildingRuntimeUpdateCompositionSystemHelper/Context&) (at Assets/Game/Scripts/Composition/MatchGameplayStartupCompositionSystemHelper.cs:181)
Game.Composition.MatchGameplayStartupCompositionSystemHelper:Advance (Game.Runtime.BuildingRuntimeUpdateCompositionSystemHelper,Game.Runtime.BuildingRuntimeUpdateCompositionSystemHelper/Context&) (at Assets/Game/Scripts/Composition/MatchGameplayStartupCompositionSystemHelper.cs:112)
Game.Composition.MatchBootstrapCompositionSystemHelper:Update () (at Assets/Game/Scripts/Composition/MatchBootstrapCompositionSystemHelper.cs:186)
Game.Composition.MatchSceneView:Update () (at Assets/Game/Scripts/Composition/MatchSceneView.cs:271)

[FrameRateDiag:PreGame] fps=6.4 avgFrame=157.3ms updateAvg=2.3ms updateMax=6.7ms cpuFrame=8.0ms cpuMain=3.7ms cpuRender=0.2ms gpu=1.2ms drawCalls=126 batches=0 setPass=86 tris=791730 verts=1294404 units=344 models=0 sourceKeys=344 sourceKeyFallbackVisuals=0 initialSpawnConfigs=0 impostors=0 render=screen=1920x1080,batch=0,quality=0:PC,vSync=0,targetFps=-1,pipeline=Mobile_RPAsset_MobileCandidate,scale=0.75,msaa=0,camera=Main Camera,cameraData=post:1,aa:FastApproximateAntialiasing,stack:0 memory=alloc=5636MB reserved=6636MB mono=2453MB focused=1 playRequested=0 simulationActive=0 lastSteps=MainMenu=0.1ms stepStats=none topSystems=disabled markers=disabled
[RenderSceneDiag] frame=244 source=profilerCounters drawCalls=126 batches=0 setPass=86 tris=791730 verts=1294404 topSystems=disabled markers=disabled
[GroundedSignalInputState] phase=Preparing outcome=None step=-1 clock=0 initialized=0 inserted=0 relay=0 hardware=0 recovery=0 aboard=0 secure=0 failure=None
UnityEngine.Debug:Log (object)
Game.Editor.CH04M04GroundedSignalInputProbe:Tick () (at Assets/Game/Scripts/Editor/CH04M04GroundedSignalInputProbe.cs:131)
UnityEditor.EditorApplication:Internal_CallUpdateFunctions () (at /Users/bokken/build/output/unity/unity/Editor/Mono/EditorApplication.cs:403)

[MapVehicleOwnershipRuntime] phase=RuntimeContextReady configAssigned=0 placements=-1 authoringRootAssigned=1 configuredPacked=1 positiveContract=0
UnityEngine.Debug:Log (object)
Game.Runtime.BuildingGameplayCompositionSystemHelper/<>c__DisplayClass16_0:<Initialize>g__EnsureRuntimeTickContext|38 () (at Assets/Game/Scripts/Systems/BuildingGameplayCompositionSystemHelper.cs:486)
Game.Runtime.BuildingGameplayCompositionSystemHelper/<>c__DisplayClass16_0:<Initialize>g__UpdateBuildingStartupTick|39 () (at Assets/Game/Scripts/Systems/BuildingGameplayCompositionSystemHelper.cs:606)
Game.Runtime.BuildingRuntimeUpdateCompositionSystemHelper:UpdateStartup (Game.Runtime.BuildingRuntimeUpdateCompositionSystemHelper/Context) (at Assets/Game/Scripts/Systems/BuildingRuntimeUpdateCompositionSystemHelper.cs:31)
Game.Composition.MatchGameplayStartupCompositionSystemHelper:AdvanceStep (Game.Runtime.BuildingRuntimeUpdateCompositionSystemHelper,Game.Runtime.BuildingRuntimeUpdateCompositionSystemHelper/Context&) (at Assets/Game/Scripts/Composition/MatchGameplayStartupCompositionSystemHelper.cs:288)
Game.Composition.MatchGameplayStartupCompositionSystemHelper:Advance (Game.Runtime.BuildingRuntimeUpdateCompositionSystemHelper,Game.Runtime.BuildingRuntimeUpdateCompositionSystemHelper/Context&) (at Assets/Game/Scripts/Composition/MatchGameplayStartupCompositionSystemHelper.cs:112)
Game.Composition.MatchBootstrapCompositionSystemHelper:Update () (at Assets/Game/Scripts/Composition/MatchBootstrapCompositionSystemHelper.cs:186)
Game.Composition.MatchSceneView:Update () (at Assets/Game/Scripts/Composition/MatchSceneView.cs:271)

[LoadingGate] waiting frame=251 gameplayInitialized=1 playRequested=1 simulationActive=0 city=null blockers=null decorations=null initialSpawn=configs:1,initialized:0,progress:0
UnityEngine.Debug:Log (object)
Game.Runtime.GameplayRuntimeUpdateCompositionSystemHelper:LogLoadingGateIfDue (Unity.Entities.World,bool,Game.Runtime.RuntimeGameplayStateSystem,Game.Runtime.RuntimeCityCompositionSystemHelper,Game.Runtime.RuntimeGridBlockerPresentationSystemHelper,Game.Runtime.RuntimeDecorationSpawnerPresentationSystemHelper) (at Assets/Game/Scripts/Systems/GameplayRuntimeUpdateCompositionSystemHelper.Runtime.cs:413)
Game.Runtime.GameplayRuntimeUpdateCompositionSystemHelper:Update (Unity.Entities.World,bool,Game.Runtime.RuntimeGameplayStateSystem,Game.Runtime.PerformanceDiagnosticsSystemHelper,System.Action,Game.Runtime.BuildingRuntimeUpdateCompositionSystemHelper,Game.Runtime.BuildingRuntimeUpdateCompositionSystemHelper/Context,System.Action,UnityEngine.Camera,Game.Runtime.RuntimeCityCompositionSystemHelper,Game.Runtime.RuntimeGridBlockerPresentationSystemHelper,Game.Runtime.RuntimeDecorationSpawnerPresentationSystemHelper,Game.Runtime.DayNightSystem,System.Action,Game.UI.Contracts.IMatchRuntimeUi,Game.Rendering.Contracts.IUnitImpostorRenderer,bool&) (at Assets/Game/Scripts/Systems/GameplayRuntimeUpdateCompositionSystemHelper.Runtime.cs:239)
Game.Composition.MatchBootstrapCompositionSystemHelper:UpdateRuntime (bool,Game.Runtime.RuntimeGameplayStateSystem,Game.Runtime.PerformanceDiagnosticsSystemHelper,System.Action,Game.Runtime.BuildingRuntimeUpdateCompositionSystemHelper,Game.Runtime.BuildingRuntimeUpdateCompositionSystemHelper/Context,System.Action,UnityEngine.Camera,Game.Runtime.RuntimeCityCompositionSystemHelper,Game.Runtime.RuntimeGridBlockerPresentationSystemHelper,Game.Runtime.RuntimeDecorationSpawnerPresentationSystemHelper,Game.Runtime.DayNightSystem,System.Action,Game.UI.Contracts.IMatchRuntimeUi,Game.Rendering.Contracts.IUnitImpostorRenderer,bool&) (at Assets/Game/Scripts/Composition/MatchBootstrapCompositionSystemHelper.cs:583)
Game.Composition.MatchBootstrapCompositionSystemHelper:Update () (at Assets/Game/Scripts/Composition/MatchBootstrapCompositionSystemHelper.cs:203)
Game.Composition.MatchSceneView:Update () (at Assets/Game/Scripts/Composition/MatchSceneView.cs:271)

[LoadingGate] ready frame=252 gameplayInitialized=1 playRequested=1 simulationActive=1
UnityEngine.Debug:Log (object)
Game.Runtime.GameplayRuntimeUpdateCompositionSystemHelper:Update (Unity.Entities.World,bool,Game.Runtime.RuntimeGameplayStateSystem,Game.Runtime.PerformanceDiagnosticsSystemHelper,System.Action,Game.Runtime.BuildingRuntimeUpdateCompositionSystemHelper,Game.Runtime.BuildingRuntimeUpdateCompositionSystemHelper/Context,System.Action,UnityEngine.Camera,Game.Runtime.RuntimeCityCompositionSystemHelper,Game.Runtime.RuntimeGridBlockerPresentationSystemHelper,Game.Runtime.RuntimeDecorationSpawnerPresentationSystemHelper,Game.Runtime.DayNightSystem,System.Action,Game.UI.Contracts.IMatchRuntimeUi,Game.Rendering.Contracts.IUnitImpostorRenderer,bool&) (at Assets/Game/Scripts/Systems/GameplayRuntimeUpdateCompositionSystemHelper.Runtime.cs:220)
Game.Composition.MatchBootstrapCompositionSystemHelper:UpdateRuntime (bool,Game.Runtime.RuntimeGameplayStateSystem,Game.Runtime.PerformanceDiagnosticsSystemHelper,System.Action,Game.Runtime.BuildingRuntimeUpdateCompositionSystemHelper,Game.Runtime.BuildingRuntimeUpdateCompositionSystemHelper/Context,System.Action,UnityEngine.Camera,Game.Runtime.RuntimeCityCompositionSystemHelper,Game.Runtime.RuntimeGridBlockerPresentationSystemHelper,Game.Runtime.RuntimeDecorationSpawnerPresentationSystemHelper,Game.Runtime.DayNightSystem,System.Action,Game.UI.Contracts.IMatchRuntimeUi,Game.Rendering.Contracts.IUnitImpostorRenderer,bool&) (at Assets/Game/Scripts/Composition/MatchBootstrapCompositionSystemHelper.cs:583)
Game.Composition.MatchBootstrapCompositionSystemHelper:Update () (at Assets/Game/Scripts/Composition/MatchBootstrapCompositionSystemHelper.cs:203)
Game.Composition.MatchSceneView:Update () (at Assets/Game/Scripts/Composition/MatchSceneView.cs:271)

[FreezeDetect] Frame gap frame=253 Gap=323.5ms GC=0/0/0 LastSteps=BuildingStartup=0.2ms, MainMenu=9.1ms
[FreezeDetect] Update hitch frame=253 BuildingPlacement=1129.3ms, GC=0/0/0, Total=1161.0ms
[PerfDiag] slowUpdate frame=253 total=1161.0ms gc=0/0/0 cpuFrame=26.8ms cpuMain=20.8ms cpuRender=2.9ms gpu=10.0ms steps=RoadBuild=9.5ms, BuildingPlacement=1129.3ms, Selection=20.7ms, DayNight=0.1ms, CitizenPopulation=0.1ms, MainMenu=1.0ms units=357 models=13 sourceKeys=357 sourceKeyFallbackVisuals=0 initialSpawnConfigs=1 drawCalls=89 batches=0 setPass=44 tris=422962 verts=699214 memory=alloc=5679MB reserved=6640MB mono=2458MB uiToolkit=0 gameplayInitialized=1 playRequested=1 simulationActive=1 focused=1 vSync=0 targetFps=-1 topSystems=disabled markers=disabled
[FrameRateDiag] fps=1.9 avgFrame=521.6ms updateAvg=130.8ms updateMax=1161.0ms cpuFrame=26.8ms cpuMain=20.8ms cpuRender=2.9ms gpu=10.0ms drawCalls=89 batches=0 setPass=44 tris=422962 verts=699214 units=357 models=13 sourceKeys=357 sourceKeyFallbackVisuals=0 initialSpawnConfigs=1 impostors=0 render=screen=1920x1080,batch=0,quality=0:PC,vSync=0,targetFps=-1,pipeline=Mobile_RPAsset_MobileCandidate,scale=0.75,msaa=0,camera=Main Camera,cameraData=post:1,aa:FastApproximateAntialiasing,stack:0 memory=alloc=5679MB reserved=6640MB mono=2458MB focused=1 playRequested=1 simulationActive=1 stepStats=none topSystems=disabled markers=disabled
[FreezeDetect] Frame gap frame=254 Gap=1215.6ms GC=0/0/0 LastSteps=RoadBuild=9.5ms, BuildingPlacement=1129.3ms, Selection=20.7ms, DayNight=0.1ms, CitizenPopulation=0.1ms, MainMenu=1.0ms
[UiShellPresentation] stage=CommandStarted sequence=5 kind=EnterMatchHud region=None route=Match
UnityEngine.Debug:Log (object,UnityEngine.Object)
Game.Composition.UiDiagnosticsComposition:Report (Game.UI.Contracts.UiDiagnosticSeverity,string,UnityEngine.Object) (at Assets/Game/Scripts/Composition/UiDiagnosticsComposition.cs:17)
Game.UI.Contracts.UiDiagnostics:Info (string,UnityEngine.Object) (at Assets/Game/Scripts/UI/Contracts/UiDiagnostics.cs:14)
Game.UI.Runtime.UIShellEcsPresentationSystem:LogTransition (string,Game.UI.Contracts.UiShellPresentationCommandModel) (at Assets/Game/Scripts/UI/Shell/UIShellEcsPresentationSystem.cs:138)
Game.UI.Runtime.UIShellEcsPresentationSystem:Update () (at Assets/Game/Scripts/UI/Shell/UIShellEcsPresentationSystem.cs:87)

[CampaignMissionNarrative] status=started stage=Brief sequence=seq.ch04.m04.brief session=campaign-m01-0000000000000001 attempt=1
UnityEngine.Debug:Log (object)
Game.Composition.CampaignMissionNarrativeCompositionUtility:LogStage (string,Game.Composition.CampaignMissionDebriefCompositionSystemHelper/SequenceStage,Unity.Collections.FixedString64Bytes&,Unity.Collections.FixedString64Bytes&,int) (at Assets/Game/Scripts/Composition/CampaignMissionMenuBootstrapRuntime.cs:269)
Game.Composition.CampaignMissionDebriefCompositionSystemHelper:Tick (single,Unity.Entities.EntityManager,Game.UI.Shell.Contracts.Ecs.UiShellStateComponent&) (at Assets/Game/Scripts/Composition/Narrative/CampaignMissionDebriefCompositionSystemHelper.cs:167)
Game.Composition.CampaignMissionMenuBootstrapRuntime:TickDebrief (Game.Composition.MenuBootstrapView,Unity.Entities.EntityManager,single) (at Assets/Game/Scripts/Composition/CampaignMissionMenuBootstrapRuntime.cs:59)
Game.Composition.CampaignMissionMenuBootstrapRuntime:Update (Game.Composition.MenuBootstrapView,single) (at Assets/Game/Scripts/Composition/CampaignMissionMenuBootstrapRuntime.cs:35)
Game.Composition.MenuBootstrapView:Update () (at Assets/Game/Scripts/Composition/MenuBootstrapView.cs:175)

[UiShellPresentation] stage=CommandCompleted sequence=5 kind=EnterMatchHud region=None route=Match
UnityEngine.Debug:Log (object,UnityEngine.Object)
Game.Composition.UiDiagnosticsComposition:Report (Game.UI.Contracts.UiDiagnosticSeverity,string,UnityEngine.Object) (at Assets/Game/Scripts/Composition/UiDiagnosticsComposition.cs:17)
Game.UI.Contracts.UiDiagnostics:Info (string,UnityEngine.Object) (at Assets/Game/Scripts/UI/Contracts/UiDiagnostics.cs:14)
Game.UI.Runtime.UIShellEcsPresentationSystem:LogTransition (string,Game.UI.Contracts.UiShellPresentationCommandModel) (at Assets/Game/Scripts/UI/Shell/UIShellEcsPresentationSystem.cs:138)
Game.UI.Runtime.UIShellEcsPresentationSystem/<>c__DisplayClass24_0:<Update>b__0 (int) (at Assets/Game/Scripts/UI/Shell/UIShellEcsPresentationSystem.cs:100)
Game.UI.Runtime.UIShellView/<>c__DisplayClass19_0:<ExecuteCommandSequence>b__0 () (at Assets/Game/Scripts/UI/Shell/UIShellView.cs:99)
Game.UI.Runtime.UIMotionHostView/<SequenceRoutine>d__32:MoveNext () (at Assets/Game/Scripts/UI/Shell/UIMotionHostView.cs:268)
UnityEngine.SetupCoroutine:InvokeMoveNext (System.Collections.IEnumerator,intptr) (at /Users/bokken/build/output/unity/unity/Runtime/Export/Scripting/Coroutines.cs:17)

[UiShellPresentation] stage=CompletionFlushed sequence=5 kind=EnterMatchHud region=None
UnityEngine.Debug:Log (object,UnityEngine.Object)
Game.Composition.UiDiagnosticsComposition:Report (Game.UI.Contracts.UiDiagnosticSeverity,string,UnityEngine.Object) (at Assets/Game/Scripts/Composition/UiDiagnosticsComposition.cs:17)
Game.UI.Contracts.UiDiagnostics:Info (string,UnityEngine.Object) (at Assets/Game/Scripts/UI/Contracts/UiDiagnostics.cs:14)
Game.UI.Runtime.UIShellEcsPresentationSystem:LogTransition (string,Game.UI.Contracts.UiShellTransitionCompleteModel) (at Assets/Game/Scripts/UI/Shell/UIShellEcsPresentationSystem.cs:146)
Game.UI.Runtime.UIShellEcsPresentationSystem:FlushPendingCompletion () (at Assets/Game/Scripts/UI/Shell/UIShellEcsPresentationSystem.cs:129)
Game.UI.Runtime.UIShellEcsPresentationSystem:Update () (at Assets/Game/Scripts/UI/Shell/UIShellEcsPresentationSystem.cs:67)

[PerfDiag:PreGame] slowUpdate frame=307 total=54.6ms gc=0/0/0 cpuFrame=11.1ms cpuMain=8.1ms cpuRender=1.4ms gpu=7.3ms steps=BuildingStartup=0.0ms, MainMenu=54.5ms units=357 models=13 sourceKeys=357 sourceKeyFallbackVisuals=0 initialSpawnConfigs=1 drawCalls=275 batches=0 setPass=66 tris=437367 verts=755240 memory=alloc=5723MB reserved=6680MB mono=2487MB uiToolkit=0 gameplayInitialized=1 playRequested=1 simulationActive=0 focused=1 vSync=0 targetFps=-1 topSystems=disabled markers=disabled
[GroundedSignalInputState] phase=InteractiveBrief outcome=None step=-1 clock=0 initialized=1 inserted=0 relay=0 hardware=0 recovery=0 aboard=0 secure=0 failure=None
UnityEngine.Debug:Log (object)
Game.Editor.CH04M04GroundedSignalInputProbe:Tick () (at Assets/Game/Scripts/Editor/CH04M04GroundedSignalInputProbe.cs:131)
UnityEditor.EditorApplication:Internal_CallUpdateFunctions () (at /Users/bokken/build/output/unity/unity/Editor/Mono/EditorApplication.cs:403)

[FrameRateDiag:PreGame] fps=32.5 avgFrame=30.7ms updateAvg=1.9ms updateMax=54.6ms cpuFrame=11.1ms cpuMain=8.7ms cpuRender=1.9ms gpu=5.0ms drawCalls=275 batches=0 setPass=66 tris=437367 verts=755240 units=357 models=13 sourceKeys=357 sourceKeyFallbackVisuals=0 initialSpawnConfigs=1 impostors=6 render=screen=1920x1080,batch=0,quality=0:PC,vSync=0,targetFps=-1,pipeline=Mobile_RPAsset_MobileCandidate,scale=0.75,msaa=0,camera=Main Camera,cameraData=post:1,aa:FastApproximateAntialiasing,stack:0 memory=alloc=5727MB reserved=6688MB mono=2488MB focused=1 playRequested=1 simulationActive=0 lastSteps=BuildingStartup=0.1ms, MainMenu=3.3ms stepStats=none topSystems=disabled markers=disabled
[FrameRateDiag:PreGame] fps=44.9 avgFrame=22.3ms updateAvg=2.5ms updateMax=5.7ms cpuFrame=22.0ms cpuMain=15.4ms cpuRender=0.7ms gpu=0.2ms drawCalls=275 batches=0 setPass=66 tris=437367 verts=755240 units=357 models=13 sourceKeys=357 sourceKeyFallbackVisuals=0 initialSpawnConfigs=1 impostors=6 render=screen=1920x1080,batch=0,quality=0:PC,vSync=0,targetFps=-1,pipeline=Mobile_RPAsset_MobileCandidate,scale=0.75,msaa=0,camera=Main Camera,cameraData=post:1,aa:FastApproximateAntialiasing,stack:0 memory=alloc=5725MB reserved=6695MB mono=2491MB focused=1 playRequested=1 simulationActive=0 lastSteps=BuildingStartup=0.1ms, MainMenu=1.8ms stepStats=none topSystems=disabled markers=disabled
[GroundedSignalInputState] phase=InteractiveBrief outcome=None step=-1 clock=0 initialized=1 inserted=0 relay=0 hardware=0 recovery=0 aboard=0 secure=0 failure=None
UnityEngine.Debug:Log (object)
Game.Editor.CH04M04GroundedSignalInputProbe:Tick () (at Assets/Game/Scripts/Editor/CH04M04GroundedSignalInputProbe.cs:131)
UnityEditor.EditorApplication:Internal_CallUpdateFunctions () (at /Users/bokken/build/output/unity/unity/Editor/Mono/EditorApplication.cs:403)

[GroundedSignalInputState] phase=InteractiveBrief outcome=None step=-1 clock=0 initialized=1 inserted=0 relay=0 hardware=0 recovery=0 aboard=0 secure=0 failure=None
UnityEngine.Debug:Log (object)
Game.Editor.CH04M04GroundedSignalInputProbe:Tick () (at Assets/Game/Scripts/Editor/CH04M04GroundedSignalInputProbe.cs:131)
UnityEditor.EditorApplication:Internal_CallUpdateFunctions () (at /Users/bokken/build/output/unity/unity/Editor/Mono/EditorApplication.cs:403)

[GroundedSignalInput] touch=InputSurface
UnityEngine.Debug:Log (object)
Game.Editor.CH04M04GroundedSignalInputProbe:Gesture (UnityEngine.Vector2,string) (at Assets/Game/Scripts/Editor/CH04M04GroundedSignalInputProbe.cs:331)
Game.Editor.CH04M04GroundedSignalInputProbe:Tap (UnityEngine.UI.Button) (at Assets/Game/Scripts/Editor/CH04M04GroundedSignalInputProbe.cs:329)
Game.Editor.CH04M04GroundedSignalInputProbe:Tick () (at Assets/Game/Scripts/Editor/CH04M04GroundedSignalInputProbe.cs:153)
UnityEditor.EditorApplication:Internal_CallUpdateFunctions () (at /Users/bokken/build/output/unity/unity/Editor/Mono/EditorApplication.cs:403)

[GroundedSignalInputState] phase=InteractiveBrief outcome=None step=-1 clock=0 initialized=1 inserted=0 relay=0 hardware=0 recovery=0 aboard=0 secure=0 failure=None
UnityEngine.Debug:Log (object)
Game.Editor.CH04M04GroundedSignalInputProbe:Tick () (at Assets/Game/Scripts/Editor/CH04M04GroundedSignalInputProbe.cs:131)
UnityEditor.EditorApplication:Internal_CallUpdateFunctions () (at /Users/bokken/build/output/unity/unity/Editor/Mono/EditorApplication.cs:403)

[GroundedSignalInputState] phase=InteractiveBrief outcome=None step=-1 clock=0 initialized=1 inserted=0 relay=0 hardware=0 recovery=0 aboard=0 secure=0 failure=None
UnityEngine.Debug:Log (object)
Game.Editor.CH04M04GroundedSignalInputProbe:Tick () (at Assets/Game/Scripts/Editor/CH04M04GroundedSignalInputProbe.cs:131)
UnityEditor.EditorApplication:Internal_CallUpdateFunctions () (at /Users/bokken/build/output/unity/unity/Editor/Mono/EditorApplication.cs:403)

[GroundedSignalInput] touch=InputSurface
UnityEngine.Debug:Log (object)
Game.Editor.CH04M04GroundedSignalInputProbe:Gesture (UnityEngine.Vector2,string) (at Assets/Game/Scripts/Editor/CH04M04GroundedSignalInputProbe.cs:331)
Game.Editor.CH04M04GroundedSignalInputProbe:Tap (UnityEngine.UI.Button) (at Assets/Game/Scripts/Editor/CH04M04GroundedSignalInputProbe.cs:329)
Game.Editor.CH04M04GroundedSignalInputProbe:Tick () (at Assets/Game/Scripts/Editor/CH04M04GroundedSignalInputProbe.cs:153)
UnityEditor.EditorApplication:Internal_CallUpdateFunctions () (at /Users/bokken/build/output/unity/unity/Editor/Mono/EditorApplication.cs:403)

[GroundedSignalInputState] phase=InteractiveBrief outcome=None step=-1 clock=0 initialized=1 inserted=0 relay=0 hardware=0 recovery=0 aboard=0 secure=0 failure=None
UnityEngine.Debug:Log (object)
Game.Editor.CH04M04GroundedSignalInputProbe:Tick () (at Assets/Game/Scripts/Editor/CH04M04GroundedSignalInputProbe.cs:131)
UnityEditor.EditorApplication:Internal_CallUpdateFunctions () (at /Users/bokken/build/output/unity/unity/Editor/Mono/EditorApplication.cs:403)

[FrameRateDiag:PreGame] fps=48.4 avgFrame=20.7ms updateAvg=2.3ms updateMax=7.2ms cpuFrame=13.0ms cpuMain=10.4ms cpuRender=1.9ms gpu=5.6ms drawCalls=275 batches=0 setPass=66 tris=437399 verts=755304 units=357 models=13 sourceKeys=357 sourceKeyFallbackVisuals=0 initialSpawnConfigs=1 impostors=6 render=screen=1920x1080,batch=0,quality=0:PC,vSync=0,targetFps=-1,pipeline=Mobile_RPAsset_MobileCandidate,scale=0.75,msaa=0,camera=Main Camera,cameraData=post:1,aa:FastApproximateAntialiasing,stack:0 memory=alloc=5590MB reserved=6729MB mono=2530MB focused=1 playRequested=1 simulationActive=0 lastSteps=BuildingStartup=0.1ms, MainMenu=1.4ms stepStats=none topSystems=disabled markers=disabled
[RenderSceneDiag] frame=1963 source=profilerCounters drawCalls=275 batches=0 setPass=66 tris=437399 verts=755304 topSystems=disabled markers=disabled
[GroundedSignalInputState] phase=InteractiveBrief outcome=None step=-1 clock=0 initialized=1 inserted=0 relay=0 hardware=0 recovery=0 aboard=0 secure=0 failure=None
UnityEngine.Debug:Log (object)
Game.Editor.CH04M04GroundedSignalInputProbe:Tick () (at Assets/Game/Scripts/Editor/CH04M04GroundedSignalInputProbe.cs:131)
UnityEditor.EditorApplication:Internal_CallUpdateFunctions () (at /Users/bokken/build/output/unity/unity/Editor/Mono/EditorApplication.cs:403)

[GroundedSignalInput] touch=InputSurface
UnityEngine.Debug:Log (object)
Game.Editor.CH04M04GroundedSignalInputProbe:Gesture (UnityEngine.Vector2,string) (at Assets/Game/Scripts/Editor/CH04M04GroundedSignalInputProbe.cs:331)
Game.Editor.CH04M04GroundedSignalInputProbe:Tap (UnityEngine.UI.Button) (at Assets/Game/Scripts/Editor/CH04M04GroundedSignalInputProbe.cs:329)
Game.Editor.CH04M04GroundedSignalInputProbe:Tick () (at Assets/Game/Scripts/Editor/CH04M04GroundedSignalInputProbe.cs:153)
UnityEditor.EditorApplication:Internal_CallUpdateFunctions () (at /Users/bokken/build/output/unity/unity/Editor/Mono/EditorApplication.cs:403)

[FreezeDetect] Update hitch frame=2479 BuildingPlacement=333.8ms, GC=0/0/0, Total=341.5ms
[PerfDiag] slowUpdate frame=2479 total=341.5ms gc=0/0/0 cpuFrame=15.1ms cpuMain=12.3ms cpuRender=0.5ms gpu=0.3ms steps=RoadBuild=0.0ms, BuildingPlacement=333.8ms, Selection=0.2ms, DayNight=0.0ms, CitizenPopulation=0.0ms, MainMenu=7.4ms units=357 models=13 sourceKeys=357 sourceKeyFallbackVisuals=0 initialSpawnConfigs=1 drawCalls=269 batches=0 setPass=60 tris=436829 verts=754164 memory=alloc=5003MB reserved=6267MB mono=2553MB uiToolkit=0 gameplayInitialized=1 playRequested=1 simulationActive=1 focused=1 vSync=0 targetFps=-1 topSystems=disabled markers=disabled
[FreezeDetect] Frame gap frame=2480 Gap=361.8ms GC=0/0/0 LastSteps=RoadBuild=0.0ms, BuildingPlacement=333.8ms, Selection=0.2ms, DayNight=0.0ms, CitizenPopulation=0.0ms, MainMenu=7.4ms
[GroundedSignalInputState] phase=FindSquad outcome=None step=-1 clock=0 initialized=1 inserted=0 relay=0 hardware=0 recovery=0 aboard=0 secure=0 failure=None
UnityEngine.Debug:Log (object)
Game.Editor.CH04M04GroundedSignalInputProbe:Tick () (at Assets/Game/Scripts/Editor/CH04M04GroundedSignalInputProbe.cs:131)
UnityEditor.EditorApplication:Internal_CallUpdateFunctions () (at /Users/bokken/build/output/unity/unity/Editor/Mono/EditorApplication.cs:403)

[PerfDiag] slowUpdate frame=2614 total=30.9ms gc=0/0/0 cpuFrame=11.4ms cpuMain=8.8ms cpuRender=1.6ms gpu=19.9ms steps=RoadBuild=0.0ms, BuildingPlacement=0.1ms, Selection=0.2ms, DayNight=0.0ms, CitizenPopulation=0.0ms, MainMenu=30.6ms units=357 models=13 sourceKeys=357 sourceKeyFallbackVisuals=0 initialSpawnConfigs=1 drawCalls=268 batches=0 setPass=61 tris=442468 verts=764376 memory=alloc=4864MB reserved=6124MB mono=2559MB uiToolkit=0 gameplayInitialized=1 playRequested=1 simulationActive=1 focused=1 vSync=0 targetFps=-1 topSystems=disabled markers=disabled
[PerfDiag] slowUpdate frame=2722 total=36.1ms gc=0/0/0 cpuFrame=14.7ms cpuMain=10.9ms cpuRender=1.7ms gpu=10.5ms steps=RoadBuild=0.0ms, BuildingPlacement=0.2ms, Selection=0.3ms, DayNight=0.0ms, CitizenPopulation=0.0ms, MainMenu=35.5ms units=357 models=13 sourceKeys=357 sourceKeyFallbackVisuals=0 initialSpawnConfigs=1 drawCalls=267 batches=0 setPass=61 tris=435086 verts=749873 memory=alloc=4868MB reserved=6123MB mono=2563MB uiToolkit=0 gameplayInitialized=1 playRequested=1 simulationActive=1 focused=1 vSync=0 targetFps=-1 topSystems=disabled markers=disabled
[GroundedSignalInputState] phase=FindSquad outcome=None step=-1 clock=0 initialized=1 inserted=0 relay=0 hardware=0 recovery=0 aboard=0 secure=0 failure=None
UnityEngine.Debug:Log (object)
Game.Editor.CH04M04GroundedSignalInputProbe:Tick () (at Assets/Game/Scripts/Editor/CH04M04GroundedSignalInputProbe.cs:131)
UnityEditor.EditorApplication:Internal_CallUpdateFunctions () (at /Users/bokken/build/output/unity/unity/Editor/Mono/EditorApplication.cs:403)

[FreezeDetect] Update hitch frame=3040 BuildingPlacement=311.1ms, GC=0/0/0, Total=315.0ms
[PerfDiag] slowUpdate frame=3040 total=315.0ms gc=0/0/0 cpuFrame=14.4ms cpuMain=9.7ms cpuRender=0.5ms gpu=1.1ms steps=RoadBuild=0.0ms, BuildingPlacement=311.1ms, Selection=0.4ms, DayNight=0.0ms, CitizenPopulation=0.0ms, MainMenu=3.5ms units=357 models=13 sourceKeys=357 sourceKeyFallbackVisuals=0 initialSpawnConfigs=1 drawCalls=265 batches=0 setPass=61 tris=427205 verts=735867 memory=alloc=5029MB reserved=6228MB mono=2593MB uiToolkit=0 gameplayInitialized=1 playRequested=1 simulationActive=1 focused=1 vSync=0 targetFps=-1 topSystems=disabled markers=disabled
[FreezeDetect] Frame gap frame=3041 Gap=332.5ms GC=0/0/0 LastSteps=RoadBuild=0.0ms, BuildingPlacement=311.1ms, Selection=0.4ms, DayNight=0.0ms, CitizenPopulation=0.0ms, MainMenu=3.5ms
[PerfDiag] slowUpdate frame=3240 total=41.4ms gc=0/0/0 cpuFrame=17.8ms cpuMain=13.2ms cpuRender=2.3ms gpu=5.3ms steps=RoadBuild=0.0ms, BuildingPlacement=0.1ms, Selection=0.2ms, DayNight=0.0ms, CitizenPopulation=0.0ms, MainMenu=41.1ms units=357 models=13 sourceKeys=357 sourceKeyFallbackVisuals=0 initialSpawnConfigs=1 drawCalls=228 batches=0 setPass=59 tris=363880 verts=587011 memory=alloc=4875MB reserved=6101MB mono=2601MB uiToolkit=0 gameplayInitialized=1 playRequested=1 simulationActive=1 focused=1 vSync=0 targetFps=-1 topSystems=disabled markers=disabled
[GroundedSignalInputState] phase=FindSquad outcome=None step=-1 clock=0 initialized=1 inserted=0 relay=0 hardware=0 recovery=0 aboard=0 secure=0 failure=None
UnityEngine.Debug:Log (object)
Game.Editor.CH04M04GroundedSignalInputProbe:Tick () (at Assets/Game/Scripts/Editor/CH04M04GroundedSignalInputProbe.cs:131)
UnityEditor.EditorApplication:Internal_CallUpdateFunctions () (at /Users/bokken/build/output/unity/unity/Editor/Mono/EditorApplication.cs:403)

[PerfDiag] slowUpdate frame=3385 total=37.8ms gc=0/0/0 cpuFrame=11.3ms cpuMain=8.6ms cpuRender=1.3ms gpu=5.8ms steps=RoadBuild=0.0ms, BuildingPlacement=0.1ms, Selection=0.2ms, DayNight=0.0ms, CitizenPopulation=0.0ms, MainMenu=37.6ms units=357 models=13 sourceKeys=357 sourceKeyFallbackVisuals=0 initialSpawnConfigs=1 drawCalls=172 batches=0 setPass=58 tris=362902 verts=535204 memory=alloc=4856MB reserved=6088MB mono=2608MB uiToolkit=0 gameplayInitialized=1 playRequested=1 simulationActive=1 focused=1 vSync=0 targetFps=-1 topSystems=disabled markers=disabled
[FreezeDetect] Update hitch frame=3600 BuildingPlacement=264.9ms, GC=0/0/0, Total=269.2ms
[PerfDiag] slowUpdate frame=3600 total=269.2ms gc=0/0/0 cpuFrame=13.3ms cpuMain=9.8ms cpuRender=1.7ms gpu=9.2ms steps=RoadBuild=0.0ms, BuildingPlacement=264.9ms, Selection=0.2ms, DayNight=0.0ms, CitizenPopulation=0.0ms, MainMenu=4.0ms units=357 models=13 sourceKeys=357 sourceKeyFallbackVisuals=0 initialSpawnConfigs=1 drawCalls=196 batches=0 setPass=59 tris=368517 verts=581376 memory=alloc=5013MB reserved=6207MB mono=2637MB uiToolkit=0 gameplayInitialized=1 playRequested=1 simulationActive=1 focused=1 vSync=0 targetFps=-1 topSystems=disabled markers=disabled
[GroundedSignalInputState] phase=FindSquad outcome=None step=-1 clock=0 initialized=1 inserted=0 relay=0 hardware=0 recovery=0 aboard=0 secure=0 failure=None
UnityEngine.Debug:Log (object)
Game.Editor.CH04M04GroundedSignalInputProbe:Tick () (at Assets/Game/Scripts/Editor/CH04M04GroundedSignalInputProbe.cs:131)
UnityEditor.EditorApplication:Internal_CallUpdateFunctions () (at /Users/bokken/build/output/unity/unity/Editor/Mono/EditorApplication.cs:403)

[FreezeDetect] Frame gap frame=3601 Gap=290.2ms GC=0/0/0 LastSteps=RoadBuild=0.0ms, BuildingPlacement=264.9ms, Selection=0.2ms, DayNight=0.0ms, CitizenPopulation=0.0ms, MainMenu=4.0ms
[FrameRateDiag] fps=43.5 avgFrame=23.0ms updateAvg=3.2ms updateMax=7.4ms cpuFrame=19.4ms cpuMain=14.2ms cpuRender=2.1ms gpu=5.4ms drawCalls=198 batches=0 setPass=59 tris=358226 verts=562534 units=357 models=13 sourceKeys=357 sourceKeyFallbackVisuals=0 initialSpawnConfigs=1 impostors=7 render=screen=1920x1080,batch=0,quality=0:PC,vSync=0,targetFps=-1,pipeline=Mobile_RPAsset_MobileCandidate,scale=0.75,msaa=0,camera=Main Camera,cameraData=post:1,aa:FastApproximateAntialiasing,stack:0 memory=alloc=4889MB reserved=6086MB mono=2648MB focused=1 playRequested=1 simulationActive=1 stepStats=none topSystems=disabled markers=disabled
[RenderSceneDiag] frame=3850 source=profilerCounters drawCalls=198 batches=0 setPass=59 tris=358226 verts=562534 topSystems=disabled markers=disabled
[GroundedSignalInputState] phase=FindSquad outcome=None step=-1 clock=0 initialized=1 inserted=0 relay=0 hardware=0 recovery=0 aboard=0 secure=0 failure=None
UnityEngine.Debug:Log (object)
Game.Editor.CH04M04GroundedSignalInputProbe:Tick () (at Assets/Game/Scripts/Editor/CH04M04GroundedSignalInputProbe.cs:131)
UnityEditor.EditorApplication:Internal_CallUpdateFunctions () (at /Users/bokken/build/output/unity/unity/Editor/Mono/EditorApplication.cs:403)

[FreezeDetect] Update hitch frame=4088 BuildingPlacement=306.2ms, GC=0/0/0, Total=314.1ms
[PerfDiag] slowUpdate frame=4088 total=314.1ms gc=0/0/0 cpuFrame=14.9ms cpuMain=10.6ms cpuRender=0.6ms gpu=5.6ms steps=RoadBuild=0.0ms, BuildingPlacement=306.2ms, Selection=0.7ms, DayNight=0.0ms, CitizenPopulation=0.0ms, MainMenu=7.1ms units=357 models=13 sourceKeys=357 sourceKeyFallbackVisuals=0 initialSpawnConfigs=1 drawCalls=175 batches=0 setPass=58 tris=360463 verts=530382 memory=alloc=4997MB reserved=6203MB mono=2679MB uiToolkit=0 gameplayInitialized=1 playRequested=1 simulationActive=1 focused=1 vSync=0 targetFps=-1 topSystems=disabled markers=disabled
[FreezeDetect] Frame gap frame=4089 Gap=338.9ms GC=0/0/0 LastSteps=RoadBuild=0.0ms, BuildingPlacement=306.2ms, Selection=0.7ms, DayNight=0.0ms, CitizenPopulation=0.0ms, MainMenu=7.1ms
[PerfDiag] slowUpdate frame=4133 total=31.4ms gc=0/0/0 cpuFrame=12.8ms cpuMain=9.5ms cpuRender=1.6ms gpu=7.3ms steps=RoadBuild=0.0ms, BuildingPlacement=0.1ms, Selection=0.1ms, DayNight=0.0ms, CitizenPopulation=0.0ms, MainMenu=31.2ms units=357 models=13 sourceKeys=357 sourceKeyFallbackVisuals=0 initialSpawnConfigs=1 drawCalls=267 batches=0 setPass=62 tris=400575 verts=742790 memory=alloc=4861MB reserved=6081MB mono=2681MB uiToolkit=0 gameplayInitialized=1 playRequested=1 simulationActive=1 focused=1 vSync=0 targetFps=-1 topSystems=disabled markers=disabled
[GroundedSignalInputState] phase=FindSquad outcome=None step=-1 clock=0 initialized=1 inserted=0 relay=0 hardware=0 recovery=0 aboard=0 secure=0 failure=None
UnityEngine.Debug:Log (object)
Game.Editor.CH04M04GroundedSignalInputProbe:Tick () (at Assets/Game/Scripts/Editor/CH04M04GroundedSignalInputProbe.cs:131)
UnityEditor.EditorApplication:Internal_CallUpdateFunctions () (at /Users/bokken/build/output/unity/unity/Editor/Mono/EditorApplication.cs:403)

[PerfDiag] slowUpdate frame=4239 total=54.1ms gc=0/0/0 cpuFrame=14.4ms cpuMain=10.9ms cpuRender=1.7ms gpu=10.0ms steps=RoadBuild=0.0ms, BuildingPlacement=0.1ms, Selection=0.2ms, DayNight=0.0ms, CitizenPopulation=0.0ms, MainMenu=53.8ms units=357 models=13 sourceKeys=357 sourceKeyFallbackVisuals=0 initialSpawnConfigs=1 drawCalls=292 batches=0 setPass=62 tris=467749 verts=823474 memory=alloc=4863MB reserved=6078MB mono=2685MB uiToolkit=0 gameplayInitialized=1 playRequested=1 simulationActive=1 focused=1 vSync=0 targetFps=-1 topSystems=disabled markers=disabled
[FrameRateDiag] fps=44.3 avgFrame=22.6ms updateAvg=3.9ms updateMax=15.9ms cpuFrame=22.3ms cpuMain=17.3ms cpuRender=2.3ms gpu=9.6ms drawCalls=265 batches=0 setPass=61 tris=438534 verts=757562 units=357 models=13 sourceKeys=357 sourceKeyFallbackVisuals=0 initialSpawnConfigs=1 impostors=6 render=screen=1920x1080,batch=0,quality=0:PC,vSync=0,targetFps=-1,pipeline=Mobile_RPAsset_MobileCandidate,scale=0.75,msaa=0,camera=Main Camera,cameraData=post:1,aa:FastApproximateAntialiasing,stack:0 memory=alloc=4873MB reserved=6038MB mono=2696MB focused=1 playRequested=1 simulationActive=1 stepStats=none topSystems=disabled markers=disabled
[RenderSceneDiag] frame=4474 source=profilerCounters drawCalls=265 batches=0 setPass=61 tris=438534 verts=757562 topSystems=disabled markers=disabled
[PerfDiag] slowUpdate frame=4489 total=92.6ms gc=1/1/1 cpuFrame=25.4ms cpuMain=16.9ms cpuRender=0.6ms gpu=6.2ms steps=RoadBuild=0.0ms, BuildingPlacement=0.5ms, Selection=0.2ms, DayNight=0.0ms, CitizenPopulation=0.0ms, MainMenu=91.9ms units=357 models=13 sourceKeys=357 sourceKeyFallbackVisuals=0 initialSpawnConfigs=1 drawCalls=265 batches=0 setPass=61 tris=438726 verts=758002 memory=alloc=4849MB reserved=6034MB mono=2445MB uiToolkit=0 gameplayInitialized=1 playRequested=1 simulationActive=1 focused=1 vSync=0 targetFps=-1 topSystems=disabled markers=disabled
[GroundedSignalInputState] phase=FindSquad outcome=None step=-1 clock=0 initialized=1 inserted=0 relay=0 hardware=0 recovery=0 aboard=0 secure=0 failure=None
UnityEngine.Debug:Log (object)
Game.Editor.CH04M04GroundedSignalInputProbe:Tick () (at Assets/Game/Scripts/Editor/CH04M04GroundedSignalInputProbe.cs:131)
UnityEditor.EditorApplication:Internal_CallUpdateFunctions () (at /Users/bokken/build/output/unity/unity/Editor/Mono/EditorApplication.cs:403)

[FreezeDetect] Update hitch frame=4540 BuildingPlacement=234.9ms, GC=0/0/0, Total=238.1ms
[PerfDiag] slowUpdate frame=4540 total=238.1ms gc=0/0/0 cpuFrame=13.3ms cpuMain=9.4ms cpuRender=0.6ms gpu=0.2ms steps=RoadBuild=0.0ms, BuildingPlacement=234.9ms, Selection=0.2ms, DayNight=0.0ms, CitizenPopulation=0.0ms, MainMenu=3.0ms units=357 models=13 sourceKeys=357 sourceKeyFallbackVisuals=0 initialSpawnConfigs=1 drawCalls=268 batches=0 setPass=61 tris=436929 verts=754529 memory=alloc=4997MB reserved=6149MB mono=2446MB uiToolkit=0 gameplayInitialized=1 playRequested=1 simulationActive=1 focused=1 vSync=0 targetFps=-1 topSystems=disabled markers=disabled
[FreezeDetect] Frame gap frame=4541 Gap=254.7ms GC=0/0/0 LastSteps=RoadBuild=0.0ms, BuildingPlacement=234.9ms, Selection=0.2ms, DayNight=0.0ms, CitizenPopulation=0.0ms, MainMenu=3.0ms
[FrameRateDiag] fps=51.0 avgFrame=19.6ms updateAvg=5.2ms updateMax=238.1ms cpuFrame=12.7ms cpuMain=9.7ms cpuRender=1.5ms gpu=9.2ms drawCalls=272 batches=0 setPass=62 tris=436901 verts=754451 units=357 models=13 sourceKeys=357 sourceKeyFallbackVisuals=0 initialSpawnConfigs=1 impostors=6 render=screen=1920x1080,batch=0,quality=0:PC,vSync=0,targetFps=-1,pipeline=Mobile_RPAsset_MobileCandidate,scale=0.75,msaa=0,camera=Main Camera,cameraData=post:1,aa:FastApproximateAntialiasing,stack:0 memory=alloc=4869MB reserved=6027MB mono=2447MB focused=1 playRequested=1 simulationActive=1 stepStats=none topSystems=disabled markers=disabled
[PerfDiag] slowUpdate frame=4746 total=82.3ms gc=0/0/0 cpuFrame=15.4ms cpuMain=10.7ms cpuRender=1.8ms gpu=11.3ms steps=RoadBuild=0.0ms, BuildingPlacement=0.1ms, Selection=0.1ms, DayNight=0.0ms, CitizenPopulation=0.0ms, MainMenu=82.0ms units=357 models=13 sourceKeys=357 sourceKeyFallbackVisuals=0 initialSpawnConfigs=1 drawCalls=274 batches=0 setPass=78 tris=436829 verts=754164 memory=alloc=4872MB reserved=6023MB mono=2450MB uiToolkit=0 gameplayInitialized=1 playRequested=1 simulationActive=1 focused=1 vSync=0 targetFps=-1 topSystems=disabled markers=disabled
[GroundedSignalInput] touch=WatchAriaPlay
UnityEngine.Debug:Log (object)
Game.Editor.CH04M04GroundedSignalInputProbe:Gesture (UnityEngine.Vector2,string) (at Assets/Game/Scripts/Editor/CH04M04GroundedSignalInputProbe.cs:331)
Game.Editor.CH04M04GroundedSignalInputProbe:Tap (UnityEngine.UI.Button) (at Assets/Game/Scripts/Editor/CH04M04GroundedSignalInputProbe.cs:329)
Game.Editor.CH04M04GroundedSignalInputProbe:Tick () (at Assets/Game/Scripts/Editor/CH04M04GroundedSignalInputProbe.cs:187)
UnityEditor.EditorApplication:Internal_CallUpdateFunctions () (at /Users/bokken/build/output/unity/unity/Editor/Mono/EditorApplication.cs:403)

[AudioDiag] Playback event=VO.ARIA.Tutorial.M01.FindSquad.Fa bus=Voice requestId=6 played=1 status=Presented reason=Played at=83.96 source=null
UnityEngine.Debug:Log (object)
Game.Runtime.AudioPlaybackPresentationDiagnostics:Log (Unity.Entities.EntityManager,Game.Components.AudioPlaybackRequestElement,Game.Configs.AudioEventCatalogEntry,Game.Runtime.AudioPlaybackPresentationResult,single) (at Assets/Game/Scripts/Audio/Runtime/AudioPlaybackPresentationDiagnostics.cs:32)
Game.Runtime.AudioPlaybackPresentationBridgeSystemHelper:DrainAcceptedRequests (Unity.Entities.EntityManager,Game.Configs.AudioEventCatalogConfig,Game.Configs.AudioMixerBusConfig,Game.Runtime.AudioPlaybackPresentationSystemHelper,single) (at Assets/Game/Scripts/Audio/Runtime/AudioPlaybackPresentationBridgeSystemHelper.cs:169)
Game.Runtime.AudioPlaybackPresentationRuntimeView:Update () (at Assets/Game/Scripts/Audio/Runtime/AudioPlaybackPresentationRuntimeView.cs:54)

[GroundedSignalInputState] phase=Engage outcome=None step=-1 clock=1090 initialized=1 inserted=0 relay=0 hardware=0 recovery=0 aboard=0 secure=0 failure=None
UnityEngine.Debug:Log (object)
Game.Editor.CH04M04GroundedSignalInputProbe:Tick () (at Assets/Game/Scripts/Editor/CH04M04GroundedSignalInputProbe.cs:131)
UnityEditor.EditorApplication:Internal_CallUpdateFunctions () (at /Users/bokken/build/output/unity/unity/Editor/Mono/EditorApplication.cs:403)

[GroundedSignalInput] touch=ConfirmWatchAria
UnityEngine.Debug:Log (object)
Game.Editor.CH04M04GroundedSignalInputProbe:Gesture (UnityEngine.Vector2,string) (at Assets/Game/Scripts/Editor/CH04M04GroundedSignalInputProbe.cs:331)
Game.Editor.CH04M04GroundedSignalInputProbe:Tap (UnityEngine.UI.Button) (at Assets/Game/Scripts/Editor/CH04M04GroundedSignalInputProbe.cs:329)
Game.Editor.CH04M04GroundedSignalInputProbe:Tick () (at Assets/Game/Scripts/Editor/CH04M04GroundedSignalInputProbe.cs:187)
UnityEditor.EditorApplication:Internal_CallUpdateFunctions () (at /Users/bokken/build/output/unity/unity/Editor/Mono/EditorApplication.cs:403)

[FrameRateDiag] fps=46.7 avgFrame=21.4ms updateAvg=5.7ms updateMax=82.3ms cpuFrame=16.1ms cpuMain=13.3ms cpuRender=1.5ms gpu=5.7ms drawCalls=288 batches=0 setPass=90 tris=437681 verts=755880 units=357 models=13 sourceKeys=357 sourceKeyFallbackVisuals=0 initialSpawnConfigs=1 impostors=6 render=screen=1920x1080,batch=0,quality=0:PC,vSync=0,targetFps=-1,pipeline=Mobile_RPAsset_MobileCandidate,scale=0.75,msaa=0,camera=Main Camera,cameraData=post:1,aa:FastApproximateAntialiasing,stack:0 memory=alloc=4880MB reserved=6023MB mono=2459MB focused=1 playRequested=1 simulationActive=1 stepStats=none topSystems=disabled markers=disabled
[FreezeDetect] Update hitch frame=5009 BuildingPlacement=300.4ms, GC=0/0/0, Total=310.1ms
[PerfDiag] slowUpdate frame=5009 total=310.1ms gc=0/0/0 cpuFrame=16.5ms cpuMain=14.1ms cpuRender=1.9ms gpu=6.8ms steps=RoadBuild=0.0ms, BuildingPlacement=300.4ms, Selection=0.2ms, DayNight=0.0ms, CitizenPopulation=0.0ms, MainMenu=9.4ms units=357 models=13 sourceKeys=357 sourceKeyFallbackVisuals=0 initialSpawnConfigs=1 drawCalls=288 batches=0 setPass=90 tris=437717 verts=755956 memory=alloc=5058MB reserved=6140MB mono=2499MB uiToolkit=0 gameplayInitialized=1 playRequested=1 simulationActive=1 focused=1 vSync=0 targetFps=-1 topSystems=disabled markers=disabled
[FreezeDetect] Frame gap frame=5010 Gap=336.7ms GC=0/0/0 LastSteps=RoadBuild=0.0ms, BuildingPlacement=300.4ms, Selection=0.2ms, DayNight=0.0ms, CitizenPopulation=0.0ms, MainMenu=9.4ms
[FrameRateDiag] fps=48.6 avgFrame=20.6ms updateAvg=9.0ms updateMax=310.1ms cpuFrame=20.2ms cpuMain=17.1ms cpuRender=1.6ms gpu=8.2ms drawCalls=286 batches=0 setPass=90 tris=436751 verts=754222 units=357 models=13 sourceKeys=357 sourceKeyFallbackVisuals=0 initialSpawnConfigs=1 impostors=6 render=screen=1920x1080,batch=0,quality=0:PC,vSync=0,targetFps=-1,pipeline=Mobile_RPAsset_MobileCandidate,scale=0.75,msaa=0,camera=Main Camera,cameraData=post:1,aa:FastApproximateAntialiasing,stack:0 memory=alloc=4935MB reserved=6020MB mono=2502MB focused=1 playRequested=1 simulationActive=1 stepStats=none topSystems=disabled markers=disabled
[RenderSceneDiag] frame=5026 source=profilerCounters drawCalls=286 batches=0 setPass=90 tris=436751 verts=754222 topSystems=disabled markers=disabled
[PerfDiag] slowUpdate frame=5037 total=58.5ms gc=0/0/0 cpuFrame=17.7ms cpuMain=14.7ms cpuRender=0.5ms gpu=0.3ms steps=RoadBuild=0.0ms, BuildingPlacement=0.1ms, Selection=0.1ms, DayNight=0.0ms, CitizenPopulation=0.0ms, MainMenu=58.3ms units=357 models=13 sourceKeys=357 sourceKeyFallbackVisuals=0 initialSpawnConfigs=1 drawCalls=285 batches=0 setPass=90 tris=431685 verts=744840 memory=alloc=4937MB reserved=6020MB mono=2503MB uiToolkit=0 gameplayInitialized=1 playRequested=1 simulationActive=1 focused=1 vSync=0 targetFps=-1 topSystems=disabled markers=disabled
[GroundedSignalInputState] phase=Engage outcome=None step=-1 clock=6101 initialized=1 inserted=0 relay=0 hardware=0 recovery=0 aboard=0 secure=0 failure=None
UnityEngine.Debug:Log (object)
Game.Editor.CH04M04GroundedSignalInputProbe:Tick () (at Assets/Game/Scripts/Editor/CH04M04GroundedSignalInputProbe.cs:131)
UnityEditor.EditorApplication:Internal_CallUpdateFunctions () (at /Users/bokken/build/output/unity/unity/Editor/Mono/EditorApplication.cs:403)

[PerfDiag] slowUpdate frame=5071 total=53.2ms gc=0/0/0 cpuFrame=16.4ms cpuMain=13.6ms cpuRender=1.5ms gpu=7.0ms steps=RoadBuild=0.0ms, BuildingPlacement=0.1ms, Selection=0.2ms, DayNight=0.0ms, CitizenPopulation=0.0ms, MainMenu=52.9ms units=357 models=13 sourceKeys=357 sourceKeyFallbackVisuals=0 initialSpawnConfigs=1 drawCalls=288 batches=0 setPass=91 tris=413944 verts=713628 memory=alloc=4919MB reserved=6017MB mono=2509MB uiToolkit=0 gameplayInitialized=1 playRequested=1 simulationActive=1 focused=1 vSync=0 targetFps=-1 topSystems=disabled markers=disabled
[PerfDiag] slowUpdate frame=5114 total=40.4ms gc=0/0/0 cpuFrame=16.4ms cpuMain=14.0ms cpuRender=1.4ms gpu=5.8ms steps=RoadBuild=0.0ms, BuildingPlacement=0.1ms, Selection=0.1ms, DayNight=0.0ms, CitizenPopulation=0.0ms, MainMenu=40.2ms units=357 models=13 sourceKeys=357 sourceKeyFallbackVisuals=0 initialSpawnConfigs=1 drawCalls=286 batches=0 setPass=90 tris=393710 verts=675186 memory=alloc=4925MB reserved=6014MB mono=2515MB uiToolkit=0 gameplayInitialized=1 playRequested=1 simulationActive=1 focused=1 vSync=0 targetFps=-1 topSystems=disabled markers=disabled
[FrameRateDiag] fps=51.3 avgFrame=19.5ms updateAvg=7.1ms updateMax=58.5ms cpuFrame=18.0ms cpuMain=15.8ms cpuRender=1.4ms gpu=10.9ms drawCalls=268 batches=0 setPass=89 tris=369785 verts=633028 units=357 models=13 sourceKeys=357 sourceKeyFallbackVisuals=0 initialSpawnConfigs=1 impostors=4 render=screen=1920x1080,batch=0,quality=0:PC,vSync=0,targetFps=-1,pipeline=Mobile_RPAsset_MobileCandidate,scale=0.75,msaa=0,camera=Main Camera,cameraData=post:1,aa:FastApproximateAntialiasing,stack:0 memory=alloc=4928MB reserved=6014MB mono=2517MB focused=1 playRequested=1 simulationActive=1 stepStats=none topSystems=disabled markers=disabled
[PerfDiag] slowUpdate frame=5172 total=38.6ms gc=0/0/0 cpuFrame=15.4ms cpuMain=13.2ms cpuRender=1.4ms gpu=8.9ms steps=RoadBuild=0.0ms, BuildingPlacement=0.0ms, Selection=0.1ms, DayNight=0.0ms, CitizenPopulation=0.0ms, MainMenu=38.4ms units=357 models=13 sourceKeys=357 sourceKeyFallbackVisuals=0 initialSpawnConfigs=1 drawCalls=264 batches=0 setPass=89 tris=352897 verts=602860 memory=alloc=4935MB reserved=6013MB mono=2524MB uiToolkit=0 gameplayInitialized=1 playRequested=1 simulationActive=1 focused=1 vSync=0 targetFps=-1 topSystems=disabled markers=disabled
[PerfDiag] slowUpdate frame=5274 total=33.4ms gc=0/0/0 cpuFrame=15.6ms cpuMain=13.2ms cpuRender=1.6ms gpu=4.4ms steps=RoadBuild=0.0ms, BuildingPlacement=0.0ms, Selection=0.1ms, DayNight=0.0ms, CitizenPopulation=0.0ms, MainMenu=33.2ms units=357 models=13 sourceKeys=357 sourceKeyFallbackVisuals=0 initialSpawnConfigs=1 drawCalls=251 batches=0 setPass=89 tris=333189 verts=568672 memory=alloc=4947MB reserved=6011MB mono=2539MB uiToolkit=0 gameplayInitialized=1 playRequested=1 simulationActive=1 focused=1 vSync=0 targetFps=-1 topSystems=disabled markers=disabled
[GroundedSignalInputState] phase=Engage outcome=None step=-1 clock=11108 initialized=1 inserted=0 relay=0 hardware=0 recovery=0 aboard=0 secure=0 failure=None
UnityEngine.Debug:Log (object)
Game.Editor.CH04M04GroundedSignalInputProbe:Tick () (at Assets/Game/Scripts/Editor/CH04M04GroundedSignalInputProbe.cs:131)
UnityEditor.EditorApplication:Internal_CallUpdateFunctions () (at /Users/bokken/build/output/unity/unity/Editor/Mono/EditorApplication.cs:403)

[FrameRateDiag] fps=54.5 avgFrame=18.4ms updateAvg=6.2ms updateMax=33.4ms cpuFrame=18.6ms cpuMain=14.9ms cpuRender=1.7ms gpu=12.3ms drawCalls=238 batches=0 setPass=90 tris=321428 verts=546908 units=357 models=13 sourceKeys=357 sourceKeyFallbackVisuals=0 initialSpawnConfigs=1 impostors=4 render=screen=1920x1080,batch=0,quality=0:PC,vSync=0,targetFps=-1,pipeline=Mobile_RPAsset_MobileCandidate,scale=0.75,msaa=0,camera=Main Camera,cameraData=post:1,aa:FastApproximateAntialiasing,stack:0 memory=alloc=4958MB reserved=6009MB mono=2551MB focused=1 playRequested=1 simulationActive=1 stepStats=none topSystems=disabled markers=disabled
[FreezeDetect] Update hitch frame=5427 BuildingPlacement=266.7ms, GC=0/0/0, Total=276.7ms
[PerfDiag] slowUpdate frame=5427 total=276.7ms gc=0/0/0 cpuFrame=17.3ms cpuMain=13.9ms cpuRender=1.7ms gpu=9.2ms steps=RoadBuild=0.0ms, BuildingPlacement=266.7ms, Selection=0.2ms, DayNight=0.0ms, CitizenPopulation=0.0ms, MainMenu=9.8ms units=357 models=13 sourceKeys=357 sourceKeyFallbackVisuals=0 initialSpawnConfigs=1 drawCalls=234 batches=0 setPass=89 tris=321429 verts=546863 memory=alloc=5119MB reserved=6129MB mono=2581MB uiToolkit=0 gameplayInitialized=1 playRequested=1 simulationActive=1 focused=1 vSync=0 targetFps=-1 topSystems=disabled markers=disabled
[FreezeDetect] Frame gap frame=5428 Gap=295.3ms GC=0/0/0 LastSteps=RoadBuild=0.0ms, BuildingPlacement=266.7ms, Selection=0.2ms, DayNight=0.0ms, CitizenPopulation=0.0ms, MainMenu=9.8ms
[FrameRateDiag] fps=49.1 avgFrame=20.4ms updateAvg=8.8ms updateMax=276.7ms cpuFrame=16.3ms cpuMain=13.6ms cpuRender=1.6ms gpu=5.1ms drawCalls=234 batches=0 setPass=89 tris=321429 verts=546863 units=357 models=13 sourceKeys=357 sourceKeyFallbackVisuals=0 initialSpawnConfigs=1 impostors=4 render=screen=1920x1080,batch=0,quality=0:PC,vSync=0,targetFps=-1,pipeline=Mobile_RPAsset_MobileCandidate,scale=0.75,msaa=0,camera=Main Camera,cameraData=post:1,aa:FastApproximateAntialiasing,stack:0 memory=alloc=4996MB reserved=6009MB mono=2587MB focused=1 playRequested=1 simulationActive=1 stepStats=none topSystems=disabled markers=disabled
[GroundedSignalInputState] phase=Engage outcome=None step=-1 clock=16126 initialized=1 inserted=0 relay=0 hardware=0 recovery=0 aboard=0 secure=0 failure=None
UnityEngine.Debug:Log (object)
Game.Editor.CH04M04GroundedSignalInputProbe:Tick () (at Assets/Game/Scripts/Editor/CH04M04GroundedSignalInputProbe.cs:131)
UnityEditor.EditorApplication:Internal_CallUpdateFunctions () (at /Users/bokken/build/output/unity/unity/Editor/Mono/EditorApplication.cs:403)

[PerfDiag] slowUpdate frame=5616 total=114.2ms gc=0/0/0 cpuFrame=24.6ms cpuMain=21.3ms cpuRender=1.5ms gpu=17.5ms steps=RoadBuild=0.0ms, BuildingPlacement=0.1ms, Selection=108.3ms, DayNight=0.0ms, CitizenPopulation=0.0ms, MainMenu=5.7ms units=357 models=13 sourceKeys=357 sourceKeyFallbackVisuals=0 initialSpawnConfigs=1 drawCalls=234 batches=0 setPass=89 tris=321325 verts=546635 memory=alloc=5001MB reserved=6008MB mono=2618MB uiToolkit=0 gameplayInitialized=1 playRequested=1 simulationActive=1 focused=1 vSync=0 targetFps=-1 topSystems=disabled markers=disabled
[FreezeDetect] Frame gap frame=5617 Gap=188.3ms GC=0/0/0 LastSteps=RoadBuild=0.0ms, BuildingPlacement=0.1ms, Selection=108.3ms, DayNight=0.0ms, CitizenPopulation=0.0ms, MainMenu=5.7ms
[FrameRateDiag] fps=45.7 avgFrame=21.9ms updateAvg=7.5ms updateMax=114.2ms cpuFrame=18.8ms cpuMain=14.6ms cpuRender=2.0ms gpu=10.6ms drawCalls=280 batches=0 setPass=139 tris=339319 verts=577317 units=357 models=13 sourceKeys=357 sourceKeyFallbackVisuals=0 initialSpawnConfigs=1 impostors=4 render=screen=1920x1080,batch=0,quality=0:PC,vSync=0,targetFps=-1,pipeline=Mobile_RPAsset_MobileCandidate,scale=0.75,msaa=0,camera=Main Camera,cameraData=post:1,aa:FastApproximateAntialiasing,stack:0 memory=alloc=5010MB reserved=6008MB mono=2626MB focused=1 playRequested=1 simulationActive=1 stepStats=none topSystems=disabled markers=disabled
[RenderSceneDiag] frame=5669 source=profilerCounters drawCalls=280 batches=0 setPass=139 tris=339319 verts=577317 topSystems=disabled markers=disabled
[FrameRateDiag] fps=54.8 avgFrame=18.3ms updateAvg=5.8ms updateMax=10.8ms cpuFrame=16.9ms cpuMain=14.4ms cpuRender=1.8ms gpu=7.4ms drawCalls=294 batches=0 setPass=155 tris=339699 verts=578077 units=357 models=13 sourceKeys=357 sourceKeyFallbackVisuals=0 initialSpawnConfigs=1 impostors=4 render=screen=1920x1080,batch=0,quality=0:PC,vSync=0,targetFps=-1,pipeline=Mobile_RPAsset_MobileCandidate,scale=0.75,msaa=0,camera=Main Camera,cameraData=post:1,aa:FastApproximateAntialiasing,stack:0 memory=alloc=5025MB reserved=6008MB mono=2642MB focused=1 playRequested=1 simulationActive=1 stepStats=none topSystems=disabled markers=disabled
[FreezeDetect] Update hitch frame=5839 BuildingPlacement=270.1ms, GC=0/0/0, Total=279.5ms
[PerfDiag] slowUpdate frame=5839 total=279.5ms gc=0/0/0 cpuFrame=15.9ms cpuMain=13.4ms cpuRender=1.7ms gpu=17.2ms steps=RoadBuild=0.0ms, BuildingPlacement=270.1ms, Selection=0.3ms, DayNight=0.0ms, CitizenPopulation=0.0ms, MainMenu=9.0ms units=357 models=13 sourceKeys=357 sourceKeyFallbackVisuals=0 initialSpawnConfigs=1 drawCalls=294 batches=0 setPass=155 tris=339699 verts=578077 memory=alloc=5184MB reserved=6131MB mono=2672MB uiToolkit=0 gameplayInitialized=1 playRequested=1 simulationActive=1 focused=1 vSync=0 targetFps=-1 topSystems=disabled markers=disabled
[FreezeDetect] Frame gap frame=5840 Gap=298.9ms GC=0/0/0 LastSteps=RoadBuild=0.0ms, BuildingPlacement=270.1ms, Selection=0.3ms, DayNight=0.0ms, CitizenPopulation=0.0ms, MainMenu=9.0ms
[GroundedSignalInputState] phase=Engage outcome=None step=-1 clock=21146 initialized=1 inserted=0 relay=0 hardware=0 recovery=0 aboard=0 secure=0 failure=None
UnityEngine.Debug:Log (object)
Game.Editor.CH04M04GroundedSignalInputProbe:Tick () (at Assets/Game/Scripts/Editor/CH04M04GroundedSignalInputProbe.cs:131)
UnityEditor.EditorApplication:Internal_CallUpdateFunctions () (at /Users/bokken/build/output/unity/unity/Editor/Mono/EditorApplication.cs:403)

[CampaignMissionNarrative] status=started stage=Comms sequence=seq.ch04.m04.comms session=campaign-m01-0000000000000001 attempt=1
UnityEngine.Debug:Log (object)
Game.Composition.CampaignMissionNarrativeCompositionUtility:LogStage (string,Game.Composition.CampaignMissionDebriefCompositionSystemHelper/SequenceStage,Unity.Collections.FixedString64Bytes&,Unity.Collections.FixedString64Bytes&,int) (at Assets/Game/Scripts/Composition/CampaignMissionMenuBootstrapRuntime.cs:269)
Game.Composition.CampaignMissionDebriefCompositionSystemHelper:Tick (single,Unity.Entities.EntityManager,Game.UI.Shell.Contracts.Ecs.UiShellStateComponent&) (at Assets/Game/Scripts/Composition/Narrative/CampaignMissionDebriefCompositionSystemHelper.cs:167)
Game.Composition.CampaignMissionMenuBootstrapRuntime:TickDebrief (Game.Composition.MenuBootstrapView,Unity.Entities.EntityManager,single) (at Assets/Game/Scripts/Composition/CampaignMissionMenuBootstrapRuntime.cs:59)
Game.Composition.CampaignMissionMenuBootstrapRuntime:Update (Game.Composition.MenuBootstrapView,single) (at Assets/Game/Scripts/Composition/CampaignMissionMenuBootstrapRuntime.cs:35)
Game.Composition.MenuBootstrapView:Update () (at Assets/Game/Scripts/Composition/MenuBootstrapView.cs:175)

[AudioDiag] Playback event=VO.ARIA.Message.TacticalFeedbackExitingPassengers bus=Voice requestId=10 played=0 status=Culled reason=GameplayInactive at=105.08 source=null
UnityEngine.Debug:Log (object)
Game.Runtime.AudioPlaybackPresentationDiagnostics:Log (Unity.Entities.EntityManager,Game.Components.AudioPlaybackRequestElement,Game.Configs.AudioEventCatalogEntry,Game.Runtime.AudioPlaybackPresentationResult,single) (at Assets/Game/Scripts/Audio/Runtime/AudioPlaybackPresentationDiagnostics.cs:32)
Game.Runtime.AudioPlaybackPresentationBridgeSystemHelper:DrainAcceptedRequests (Unity.Entities.EntityManager,Game.Configs.AudioEventCatalogConfig,Game.Configs.AudioMixerBusConfig,Game.Runtime.AudioPlaybackPresentationSystemHelper,single) (at Assets/Game/Scripts/Audio/Runtime/AudioPlaybackPresentationBridgeSystemHelper.cs:169)
Game.Runtime.AudioPlaybackPresentationRuntimeView:Update () (at Assets/Game/Scripts/Audio/Runtime/AudioPlaybackPresentationRuntimeView.cs:54)

[AudioDiag] Playback event=VO.ARIA.Tutorial.M01.MoveToCover.Fa bus=Voice requestId=11 played=0 status=Culled reason=GameplayInactive at=105.18 source=null
UnityEngine.Debug:Log (object)
Game.Runtime.AudioPlaybackPresentationDiagnostics:Log (Unity.Entities.EntityManager,Game.Components.AudioPlaybackRequestElement,Game.Configs.AudioEventCatalogEntry,Game.Runtime.AudioPlaybackPresentationResult,single) (at Assets/Game/Scripts/Audio/Runtime/AudioPlaybackPresentationDiagnostics.cs:32)
Game.Runtime.AudioPlaybackPresentationBridgeSystemHelper:DrainAcceptedRequests (Unity.Entities.EntityManager,Game.Configs.AudioEventCatalogConfig,Game.Configs.AudioMixerBusConfig,Game.Runtime.AudioPlaybackPresentationSystemHelper,single) (at Assets/Game/Scripts/Audio/Runtime/AudioPlaybackPresentationBridgeSystemHelper.cs:169)
Game.Runtime.AudioPlaybackPresentationRuntimeView:Update () (at Assets/Game/Scripts/Audio/Runtime/AudioPlaybackPresentationRuntimeView.cs:54)

[FrameRateDiag:PreGame] fps=38.7 avgFrame=25.8ms updateAvg=10.2ms updateMax=279.5ms cpuFrame=52.5ms cpuMain=47.5ms cpuRender=0.5ms gpu=6.2ms drawCalls=286 batches=0 setPass=143 tris=339777 verts=578233 units=359 models=15 sourceKeys=359 sourceKeyFallbackVisuals=0 initialSpawnConfigs=1 impostors=4 render=screen=1920x1080,batch=0,quality=0:PC,vSync=0,targetFps=-1,pipeline=Mobile_RPAsset_MobileCandidate,scale=0.75,msaa=0,camera=Main Camera,cameraData=post:1,aa:FastApproximateAntialiasing,stack:0 memory=alloc=5081MB reserved=6023MB mono=2677MB focused=1 playRequested=1 simulationActive=0 lastSteps=BuildingStartup=0.0ms, MainMenu=5.8ms stepStats=none topSystems=disabled markers=disabled
[FrameRateDiag:PreGame] fps=54.1 avgFrame=18.5ms updateAvg=6.3ms updateMax=12.3ms cpuFrame=17.8ms cpuMain=15.4ms cpuRender=1.5ms gpu=5.1ms drawCalls=283 batches=0 setPass=148 tris=331111 verts=560147 units=359 models=15 sourceKeys=359 sourceKeyFallbackVisuals=0 initialSpawnConfigs=1 impostors=4 render=screen=1920x1080,batch=0,quality=0:PC,vSync=0,targetFps=-1,pipeline=Mobile_RPAsset_MobileCandidate,scale=0.75,msaa=0,camera=Main Camera,cameraData=post:1,aa:FastApproximateAntialiasing,stack:0 memory=alloc=5163MB reserved=6090MB mono=2718MB focused=1 playRequested=1 simulationActive=0 lastSteps=BuildingStartup=0.0ms, MainMenu=5.4ms stepStats=none topSystems=disabled markers=disabled
[GroundedSignalInputState] phase=Engage outcome=None step=-1 clock=21378 initialized=1 inserted=1 relay=0 hardware=0 recovery=0 aboard=0 secure=0 failure=None
UnityEngine.Debug:Log (object)
Game.Editor.CH04M04GroundedSignalInputProbe:Tick () (at Assets/Game/Scripts/Editor/CH04M04GroundedSignalInputProbe.cs:131)
UnityEditor.EditorApplication:Internal_CallUpdateFunctions () (at /Users/bokken/build/output/unity/unity/Editor/Mono/EditorApplication.cs:403)

[FrameRateDiag:PreGame] fps=53.1 avgFrame=18.8ms updateAvg=6.1ms updateMax=11.2ms cpuFrame=16.6ms cpuMain=14.2ms cpuRender=1.5ms gpu=4.7ms drawCalls=283 batches=0 setPass=145 tris=331113 verts=560151 units=359 models=15 sourceKeys=359 sourceKeyFallbackVisuals=0 initialSpawnConfigs=1 impostors=4 render=screen=1920x1080,batch=0,quality=0:PC,vSync=0,targetFps=-1,pipeline=Mobile_RPAsset_MobileCandidate,scale=0.75,msaa=0,camera=Main Camera,cameraData=post:1,aa:FastApproximateAntialiasing,stack:0 memory=alloc=5165MB reserved=6103MB mono=2739MB focused=1 playRequested=1 simulationActive=0 lastSteps=BuildingStartup=0.0ms, MainMenu=6.2ms stepStats=none topSystems=disabled markers=disabled
[RenderSceneDiag] frame=6185 source=profilerCounters drawCalls=283 batches=0 setPass=145 tris=331113 verts=560151 topSystems=disabled markers=disabled
[GroundedSignalInputState] phase=Engage outcome=None step=-1 clock=21378 initialized=1 inserted=1 relay=0 hardware=0 recovery=0 aboard=0 secure=0 failure=None
UnityEngine.Debug:Log (object)
Game.Editor.CH04M04GroundedSignalInputProbe:Tick () (at Assets/Game/Scripts/Editor/CH04M04GroundedSignalInputProbe.cs:131)
UnityEditor.EditorApplication:Internal_CallUpdateFunctions () (at /Users/bokken/build/output/unity/unity/Editor/Mono/EditorApplication.cs:403)

[FrameRateDiag:PreGame] fps=53.3 avgFrame=18.8ms updateAvg=6.3ms updateMax=13.1ms cpuFrame=20.3ms cpuMain=17.8ms cpuRender=1.7ms gpu=5.8ms drawCalls=283 batches=0 setPass=145 tris=331113 verts=560151 units=359 models=15 sourceKeys=359 sourceKeyFallbackVisuals=0 initialSpawnConfigs=1 impostors=4 render=screen=1920x1080,batch=0,quality=0:PC,vSync=0,targetFps=-1,pipeline=Mobile_RPAsset_MobileCandidate,scale=0.75,msaa=0,camera=Main Camera,cameraData=post:1,aa:FastApproximateAntialiasing,stack:0 memory=alloc=5200MB reserved=6138MB mono=2782MB focused=1 playRequested=1 simulationActive=0 lastSteps=BuildingStartup=0.0ms, MainMenu=5.4ms stepStats=none topSystems=disabled markers=disabled
[FrameRateDiag:PreGame] fps=53.2 avgFrame=18.8ms updateAvg=6.2ms updateMax=12.8ms cpuFrame=19.9ms cpuMain=17.1ms cpuRender=1.4ms gpu=5.8ms drawCalls=281 batches=0 setPass=144 tris=331103 verts=560131 units=359 models=15 sourceKeys=359 sourceKeyFallbackVisuals=0 initialSpawnConfigs=1 impostors=4 render=screen=1920x1080,batch=0,quality=0:PC,vSync=0,targetFps=-1,pipeline=Mobile_RPAsset_MobileCandidate,scale=0.75,msaa=0,camera=Main Camera,cameraData=post:1,aa:FastApproximateAntialiasing,stack:0 memory=alloc=5234MB reserved=6172MB mono=2803MB focused=1 playRequested=1 simulationActive=0 lastSteps=BuildingStartup=0.1ms, MainMenu=5.2ms stepStats=none topSystems=disabled markers=disabled
[PerfDiag:PreGame] slowUpdate frame=6590 total=33.5ms gc=0/0/0 cpuFrame=28.2ms cpuMain=24.6ms cpuRender=1.6ms gpu=9.0ms steps=BuildingStartup=0.3ms, MainMenu=33.2ms units=359 models=15 sourceKeys=359 sourceKeyFallbackVisuals=0 initialSpawnConfigs=1 drawCalls=281 batches=0 setPass=144 tris=331103 verts=560131 memory=alloc=5237MB reserved=6182MB mono=2817MB uiToolkit=0 gameplayInitialized=1 playRequested=1 simulationActive=0 focused=1 vSync=0 targetFps=-1 topSystems=disabled markers=disabled
[PerfDiag:PreGame] slowUpdate frame=6602 total=83.6ms gc=1/1/1 cpuFrame=32.3ms cpuMain=27.4ms cpuRender=1.7ms gpu=12.2ms steps=BuildingStartup=0.1ms, MainMenu=83.4ms units=359 models=15 sourceKeys=359 sourceKeyFallbackVisuals=0 initialSpawnConfigs=1 drawCalls=282 batches=0 setPass=145 tris=331105 verts=560135 memory=alloc=5244MB reserved=6186MB mono=2456MB uiToolkit=0 gameplayInitialized=1 playRequested=1 simulationActive=0 focused=1 vSync=0 targetFps=-1 topSystems=disabled markers=disabled
[FrameRateDiag:PreGame] fps=42.3 avgFrame=23.7ms updateAvg=9.8ms updateMax=83.6ms cpuFrame=32.3ms cpuMain=27.4ms cpuRender=1.7ms gpu=12.2ms drawCalls=282 batches=0 setPass=145 tris=331105 verts=560135 units=359 models=15 sourceKeys=359 sourceKeyFallbackVisuals=0 initialSpawnConfigs=1 impostors=4 render=screen=1920x1080,batch=0,quality=0:PC,vSync=0,targetFps=-1,pipeline=Mobile_RPAsset_MobileCandidate,scale=0.75,msaa=0,camera=Main Camera,cameraData=post:1,aa:FastApproximateAntialiasing,stack:0 memory=alloc=5244MB reserved=6186MB mono=2456MB focused=1 playRequested=1 simulationActive=0 lastSteps=BuildingStartup=0.1ms, MainMenu=83.4ms stepStats=none topSystems=disabled markers=disabled
[GroundedSignalInputState] phase=Engage outcome=None step=-1 clock=21378 initialized=1 inserted=1 relay=0 hardware=0 recovery=0 aboard=0 secure=0 failure=None
UnityEngine.Debug:Log (object)
Game.Editor.CH04M04GroundedSignalInputProbe:Tick () (at Assets/Game/Scripts/Editor/CH04M04GroundedSignalInputProbe.cs:131)
UnityEditor.EditorApplication:Internal_CallUpdateFunctions () (at /Users/bokken/build/output/unity/unity/Editor/Mono/EditorApplication.cs:403)

[FrameRateDiag:PreGame] fps=46.9 avgFrame=21.3ms updateAvg=6.3ms updateMax=12.1ms cpuFrame=17.8ms cpuMain=15.1ms cpuRender=1.5ms gpu=6.7ms drawCalls=282 batches=0 setPass=144 tris=331105 verts=560135 units=359 models=15 sourceKeys=359 sourceKeyFallbackVisuals=0 initialSpawnConfigs=1 impostors=4 render=screen=1920x1080,batch=0,quality=0:PC,vSync=0,targetFps=-1,pipeline=Mobile_RPAsset_MobileCandidate,scale=0.75,msaa=0,camera=Main Camera,cameraData=post:1,aa:FastApproximateAntialiasing,stack:0 memory=alloc=5273MB reserved=6213MB mono=2470MB focused=1 playRequested=1 simulationActive=0 lastSteps=BuildingStartup=0.0ms, MainMenu=8.3ms stepStats=none topSystems=disabled markers=disabled
[RenderSceneDiag] frame=6700 source=profilerCounters drawCalls=282 batches=0 setPass=144 tris=331105 verts=560135 topSystems=disabled markers=disabled
[FrameRateDiag:PreGame] fps=54.2 avgFrame=18.4ms updateAvg=6.4ms updateMax=12.3ms cpuFrame=15.9ms cpuMain=13.4ms cpuRender=0.5ms gpu=0.2ms drawCalls=282 batches=0 setPass=144 tris=331105 verts=560135 units=359 models=15 sourceKeys=359 sourceKeyFallbackVisuals=0 initialSpawnConfigs=1 impostors=4 render=screen=1920x1080,batch=0,quality=0:PC,vSync=0,targetFps=-1,pipeline=Mobile_RPAsset_MobileCandidate,scale=0.75,msaa=0,camera=Main Camera,cameraData=post:1,aa:FastApproximateAntialiasing,stack:0 memory=alloc=5281MB reserved=6221MB mono=2486MB focused=1 playRequested=1 simulationActive=0 lastSteps=BuildingStartup=0.1ms, MainMenu=6.0ms stepStats=none topSystems=disabled markers=disabled
[GroundedSignalInputState] phase=Engage outcome=None step=-1 clock=21378 initialized=1 inserted=1 relay=0 hardware=0 recovery=0 aboard=0 secure=0 failure=None
UnityEngine.Debug:Log (object)
Game.Editor.CH04M04GroundedSignalInputProbe:Tick () (at Assets/Game/Scripts/Editor/CH04M04GroundedSignalInputProbe.cs:131)
UnityEditor.EditorApplication:Internal_CallUpdateFunctions () (at /Users/bokken/build/output/unity/unity/Editor/Mono/EditorApplication.cs:403)

[FrameRateDiag:PreGame] fps=47.3 avgFrame=21.1ms updateAvg=7.0ms updateMax=10.8ms cpuFrame=17.5ms cpuMain=14.3ms cpuRender=0.5ms gpu=10.7ms drawCalls=282 batches=0 setPass=144 tris=331105 verts=560135 units=359 models=15 sourceKeys=359 sourceKeyFallbackVisuals=0 initialSpawnConfigs=1 impostors=4 render=screen=1920x1080,batch=0,quality=0:PC,vSync=0,targetFps=-1,pipeline=Mobile_RPAsset_MobileCandidate,scale=0.75,msaa=0,camera=Main Camera,cameraData=post:1,aa:FastApproximateAntialiasing,stack:0 memory=alloc=5284MB reserved=6223MB mono=2500MB focused=1 playRequested=1 simulationActive=0 lastSteps=BuildingStartup=0.1ms, MainMenu=5.9ms stepStats=none topSystems=disabled markers=disabled
[FrameRateDiag:PreGame] fps=54.7 avgFrame=18.3ms updateAvg=6.5ms updateMax=11.8ms cpuFrame=16.8ms cpuMain=13.2ms cpuRender=1.5ms gpu=8.1ms drawCalls=282 batches=0 setPass=144 tris=331105 verts=560135 units=359 models=15 sourceKeys=359 sourceKeyFallbackVisuals=0 initialSpawnConfigs=1 impostors=4 render=screen=1920x1080,batch=0,quality=0:PC,vSync=0,targetFps=-1,pipeline=Mobile_RPAsset_MobileCandidate,scale=0.75,msaa=0,camera=Main Camera,cameraData=post:1,aa:FastApproximateAntialiasing,stack:0 memory=alloc=5263MB reserved=6226MB mono=2516MB focused=1 playRequested=1 simulationActive=0 lastSteps=BuildingStartup=0.1ms, MainMenu=8.7ms stepStats=none topSystems=disabled markers=disabled
[FreezeDetect] Update hitch frame=7097 BuildingPlacement=373.3ms, GC=0/0/0, Total=386.6ms
[PerfDiag] slowUpdate frame=7097 total=386.6ms gc=0/0/0 cpuFrame=21.9ms cpuMain=18.5ms cpuRender=0.6ms gpu=5.7ms steps=RoadBuild=0.0ms, BuildingPlacement=373.3ms, Selection=0.3ms, DayNight=0.0ms, CitizenPopulation=0.0ms, MainMenu=12.9ms units=359 models=15 sourceKeys=359 sourceKeyFallbackVisuals=0 initialSpawnConfigs=1 drawCalls=277 batches=0 setPass=141 tris=330871 verts=559683 memory=alloc=5414MB reserved=6346MB mono=2528MB uiToolkit=0 gameplayInitialized=1 playRequested=1 simulationActive=1 focused=1 vSync=0 targetFps=-1 topSystems=disabled markers=disabled
[FreezeDetect] Frame gap frame=7098 Gap=419.8ms GC=0/0/0 LastSteps=RoadBuild=0.0ms, BuildingPlacement=373.3ms, Selection=0.3ms, DayNight=0.0ms, CitizenPopulation=0.0ms, MainMenu=12.9ms
[FrameRateDiag] fps=43.4 avgFrame=23.1ms updateAvg=10.8ms updateMax=386.6ms cpuFrame=419.1ms cpuMain=405.5ms cpuRender=0.6ms gpu=3.3ms drawCalls=276 batches=0 setPass=140 tris=330869 verts=559679 units=359 models=15 sourceKeys=359 sourceKeyFallbackVisuals=0 initialSpawnConfigs=1 impostors=6 render=screen=1920x1080,batch=0,quality=0:PC,vSync=0,targetFps=-1,pipeline=Mobile_RPAsset_MobileCandidate,scale=0.75,msaa=0,camera=Main Camera,cameraData=post:1,aa:FastApproximateAntialiasing,stack:0 memory=alloc=5287MB reserved=6226MB mono=2529MB focused=1 playRequested=1 simulationActive=1 stepStats=none topSystems=disabled markers=disabled
[PerfDiag] slowUpdate frame=7124 total=27.8ms gc=0/0/0 cpuFrame=16.3ms cpuMain=13.9ms cpuRender=1.5ms gpu=5.6ms steps=RoadBuild=0.0ms, BuildingPlacement=0.1ms, Selection=1.9ms, DayNight=0.0ms, CitizenPopulation=0.0ms, MainMenu=25.7ms units=359 models=15 sourceKeys=359 sourceKeyFallbackVisuals=0 initialSpawnConfigs=1 drawCalls=276 batches=0 setPass=140 tris=330965 verts=559871 memory=alloc=5288MB reserved=6226MB mono=2532MB uiToolkit=0 gameplayInitialized=1 playRequested=1 simulationActive=1 focused=1 vSync=0 targetFps=-1 topSystems=disabled markers=disabled
[GroundedSignalInputState] phase=Engage outcome=None step=-1 clock=22326 initialized=1 inserted=1 relay=0 hardware=0 recovery=0 aboard=0 secure=0 failure=None
UnityEngine.Debug:Log (object)
Game.Editor.CH04M04GroundedSignalInputProbe:Tick () (at Assets/Game/Scripts/Editor/CH04M04GroundedSignalInputProbe.cs:131)
UnityEditor.EditorApplication:Internal_CallUpdateFunctions () (at /Users/bokken/build/output/unity/unity/Editor/Mono/EditorApplication.cs:403)

[FrameRateDiag] fps=46.1 avgFrame=21.7ms updateAvg=7.4ms updateMax=27.8ms cpuFrame=18.5ms cpuMain=15.4ms cpuRender=1.8ms gpu=11.3ms drawCalls=276 batches=0 setPass=140 tris=330897 verts=559739 units=359 models=15 sourceKeys=359 sourceKeyFallbackVisuals=0 initialSpawnConfigs=1 impostors=6 render=screen=1920x1080,batch=0,quality=0:PC,vSync=0,targetFps=-1,pipeline=Mobile_RPAsset_MobileCandidate,scale=0.75,msaa=0,camera=Main Camera,cameraData=post:1,aa:FastApproximateAntialiasing,stack:0 memory=alloc=5289MB reserved=6226MB mono=2543MB focused=1 playRequested=1 simulationActive=1 stepStats=none topSystems=disabled markers=disabled
[RenderSceneDiag] frame=7194 source=profilerCounters drawCalls=276 batches=0 setPass=140 tris=330897 verts=559739 topSystems=disabled markers=disabled
[FrameRateDiag] fps=45.9 avgFrame=21.8ms updateAvg=7.7ms updateMax=12.8ms cpuFrame=18.7ms cpuMain=16.1ms cpuRender=1.6ms gpu=8.8ms drawCalls=280 batches=0 setPass=140 tris=344618 verts=583218 units=359 models=15 sourceKeys=359 sourceKeyFallbackVisuals=0 initialSpawnConfigs=1 impostors=6 render=screen=1920x1080,batch=0,quality=0:PC,vSync=0,targetFps=-1,pipeline=Mobile_RPAsset_MobileCandidate,scale=0.75,msaa=0,camera=Main Camera,cameraData=post:1,aa:FastApproximateAntialiasing,stack:0 memory=alloc=5294MB reserved=6226MB mono=2557MB focused=1 playRequested=1 simulationActive=1 stepStats=none topSystems=disabled markers=disabled
[GroundedSignalInputState] phase=Engage outcome=None step=-1 clock=27344 initialized=1 inserted=1 relay=0 hardware=0 recovery=0 aboard=0 secure=0 failure=None
UnityEngine.Debug:Log (object)
Game.Editor.CH04M04GroundedSignalInputProbe:Tick () (at Assets/Game/Scripts/Editor/CH04M04GroundedSignalInputProbe.cs:131)
UnityEditor.EditorApplication:Internal_CallUpdateFunctions () (at /Users/bokken/build/output/unity/unity/Editor/Mono/EditorApplication.cs:403)

[FrameRateDiag] fps=44.7 avgFrame=22.4ms updateAvg=7.6ms updateMax=12.0ms cpuFrame=25.2ms cpuMain=22.0ms cpuRender=0.6ms gpu=0.2ms drawCalls=312 batches=0 setPass=143 tris=394067 verts=672834 units=359 models=15 sourceKeys=359 sourceKeyFallbackVisuals=0 initialSpawnConfigs=1 impostors=6 render=screen=1920x1080,batch=0,quality=0:PC,vSync=0,targetFps=-1,pipeline=Mobile_RPAsset_MobileCandidate,scale=0.75,msaa=0,camera=Main Camera,cameraData=post:1,aa:FastApproximateAntialiasing,stack:0 memory=alloc=5299MB reserved=6226MB mono=2570MB focused=1 playRequested=1 simulationActive=1 stepStats=none topSystems=disabled markers=disabled
[FreezeDetect] Update hitch frame=7451 BuildingPlacement=320.5ms, GC=0/0/0, Total=330.3ms
[PerfDiag] slowUpdate frame=7451 total=330.3ms gc=0/0/0 cpuFrame=20.4ms cpuMain=17.7ms cpuRender=1.7ms gpu=7.0ms steps=RoadBuild=0.0ms, BuildingPlacement=320.5ms, Selection=0.3ms, DayNight=0.0ms, CitizenPopulation=0.0ms, MainMenu=9.4ms units=359 models=15 sourceKeys=359 sourceKeyFallbackVisuals=0 initialSpawnConfigs=1 drawCalls=309 batches=0 setPass=144 tris=403388 verts=690557 memory=alloc=5431MB reserved=6346MB mono=2594MB uiToolkit=0 gameplayInitialized=1 playRequested=1 simulationActive=1 focused=1 vSync=0 targetFps=-1 topSystems=disabled markers=disabled
[FreezeDetect] Frame gap frame=7452 Gap=349.7ms GC=0/0/0 LastSteps=RoadBuild=0.0ms, BuildingPlacement=320.5ms, Selection=0.3ms, DayNight=0.0ms, CitizenPopulation=0.0ms, MainMenu=9.4ms
[FrameRateDiag] fps=40.7 avgFrame=24.6ms updateAvg=11.4ms updateMax=330.3ms cpuFrame=17.8ms cpuMain=15.2ms cpuRender=1.7ms gpu=5.3ms drawCalls=308 batches=0 setPass=144 tris=402919 verts=689714 units=359 models=15 sourceKeys=359 sourceKeyFallbackVisuals=0 initialSpawnConfigs=1 impostors=6 render=screen=1920x1080,batch=0,quality=0:PC,vSync=0,targetFps=-1,pipeline=Mobile_RPAsset_MobileCandidate,scale=0.75,msaa=0,camera=Main Camera,cameraData=post:1,aa:FastApproximateAntialiasing,stack:0 memory=alloc=5304MB reserved=6226MB mono=2595MB focused=1 playRequested=1 simulationActive=1 stepStats=none topSystems=disabled markers=disabled
[FrameRateDiag] fps=50.4 avgFrame=19.8ms updateAvg=7.3ms updateMax=12.6ms cpuFrame=20.9ms cpuMain=17.7ms cpuRender=1.8ms gpu=4.6ms drawCalls=308 batches=0 setPass=144 tris=407448 verts=698121 units=359 models=15 sourceKeys=359 sourceKeyFallbackVisuals=0 initialSpawnConfigs=1 impostors=6 render=screen=1920x1080,batch=0,quality=0:PC,vSync=0,targetFps=-1,pipeline=Mobile_RPAsset_MobileCandidate,scale=0.75,msaa=0,camera=Main Camera,cameraData=post:1,aa:FastApproximateAntialiasing,stack:0 memory=alloc=5311MB reserved=6226MB mono=2611MB focused=1 playRequested=1 simulationActive=1 stepStats=none topSystems=disabled markers=disabled
[GroundedSignalInputState] phase=Engage outcome=None step=-1 clock=32336 initialized=1 inserted=1 relay=0 hardware=0 recovery=0 aboard=0 secure=0 failure=None
UnityEngine.Debug:Log (object)
Game.Editor.CH04M04GroundedSignalInputProbe:Tick () (at Assets/Game/Scripts/Editor/CH04M04GroundedSignalInputProbe.cs:131)
UnityEditor.EditorApplication:Internal_CallUpdateFunctions () (at /Users/bokken/build/output/unity/unity/Editor/Mono/EditorApplication.cs:403)

[FrameRateDiag] fps=48.6 avgFrame=20.6ms updateAvg=7.1ms updateMax=12.5ms cpuFrame=19.9ms cpuMain=17.0ms cpuRender=1.7ms gpu=5.6ms drawCalls=310 batches=0 setPass=144 tris=410422 verts=704080 units=359 models=15 sourceKeys=359 sourceKeyFallbackVisuals=0 initialSpawnConfigs=1 impostors=6 render=screen=1920x1080,batch=0,quality=0:PC,vSync=0,targetFps=-1,pipeline=Mobile_RPAsset_MobileCandidate,scale=0.75,msaa=0,camera=Main Camera,cameraData=post:1,aa:FastApproximateAntialiasing,stack:0 memory=alloc=5307MB reserved=6226MB mono=2629MB focused=1 playRequested=1 simulationActive=1 stepStats=none topSystems=disabled markers=disabled
[RenderSceneDiag] frame=7658 source=profilerCounters drawCalls=310 batches=0 setPass=144 tris=410422 verts=704080 topSystems=disabled markers=disabled
[FrameRateDiag] fps=53.8 avgFrame=18.6ms updateAvg=6.9ms updateMax=12.0ms cpuFrame=22.7ms cpuMain=17.1ms cpuRender=0.5ms gpu=7.9ms drawCalls=311 batches=0 setPass=144 tris=410236 verts=703785 units=359 models=15 sourceKeys=359 sourceKeyFallbackVisuals=0 initialSpawnConfigs=1 impostors=6 render=screen=1920x1080,batch=0,quality=0:PC,vSync=0,targetFps=-1,pipeline=Mobile_RPAsset_MobileCandidate,scale=0.75,msaa=0,camera=Main Camera,cameraData=post:1,aa:FastApproximateAntialiasing,stack:0 memory=alloc=5311MB reserved=6226MB mono=2647MB focused=1 playRequested=1 simulationActive=1 stepStats=none topSystems=disabled markers=disabled
[PerfDiag] slowUpdate frame=7812 total=42.6ms gc=0/0/0 cpuFrame=27.9ms cpuMain=22.9ms cpuRender=0.5ms gpu=5.4ms steps=RoadBuild=0.0ms, BuildingPlacement=0.1ms, Selection=35.7ms, DayNight=0.0ms, CitizenPopulation=0.0ms, MainMenu=6.8ms units=359 models=15 sourceKeys=359 sourceKeyFallbackVisuals=0 initialSpawnConfigs=1 drawCalls=311 batches=0 setPass=144 tris=410332 verts=703977 memory=alloc=5315MB reserved=6226MB mono=2655MB uiToolkit=0 gameplayInitialized=1 playRequested=1 simulationActive=1 focused=1 vSync=0 targetFps=-1 topSystems=disabled markers=disabled
[GroundedSignalInputState] phase=Engage outcome=None step=-1 clock=37331 initialized=1 inserted=1 relay=0 hardware=0 recovery=0 aboard=0 secure=0 failure=None
UnityEngine.Debug:Log (object)
Game.Editor.CH04M04GroundedSignalInputProbe:Tick () (at Assets/Game/Scripts/Editor/CH04M04GroundedSignalInputProbe.cs:131)
UnityEditor.EditorApplication:Internal_CallUpdateFunctions () (at /Users/bokken/build/output/unity/unity/Editor/Mono/EditorApplication.cs:403)

[FreezeDetect] Update hitch frame=7825 BuildingPlacement=288.7ms, GC=0/0/0, Total=298.6ms
[PerfDiag] slowUpdate frame=7825 total=298.6ms gc=0/0/0 cpuFrame=32.1ms cpuMain=23.7ms cpuRender=0.6ms gpu=8.9ms steps=RoadBuild=0.0ms, BuildingPlacement=288.7ms, Selection=2.2ms, DayNight=0.0ms, CitizenPopulation=0.0ms, MainMenu=7.7ms units=359 models=15 sourceKeys=359 sourceKeyFallbackVisuals=0 initialSpawnConfigs=1 drawCalls=282 batches=0 setPass=111 tris=392600 verts=673819 memory=alloc=5467MB reserved=6350MB mono=2678MB uiToolkit=0 gameplayInitialized=1 playRequested=1 simulationActive=1 focused=1 vSync=0 targetFps=-1 topSystems=disabled markers=disabled
[FreezeDetect] Frame gap frame=7826 Gap=319.2ms GC=0/0/0 LastSteps=RoadBuild=0.0ms, BuildingPlacement=288.7ms, Selection=2.2ms, DayNight=0.0ms, CitizenPopulation=0.0ms, MainMenu=7.7ms
[FrameRateDiag] fps=30.8 avgFrame=32.5ms updateAvg=14.3ms updateMax=298.6ms cpuFrame=38.0ms cpuMain=32.7ms cpuRender=0.6ms gpu=0.4ms drawCalls=282 batches=0 setPass=111 tris=392600 verts=673819 units=359 models=15 sourceKeys=359 sourceKeyFallbackVisuals=0 initialSpawnConfigs=1 impostors=6 render=screen=1920x1080,batch=0,quality=0:PC,vSync=0,targetFps=-1,pipeline=Mobile_RPAsset_MobileCandidate,scale=0.75,msaa=0,camera=Main Camera,cameraData=post:1,aa:FastApproximateAntialiasing,stack:0 memory=alloc=5341MB reserved=6232MB mono=2679MB focused=1 playRequested=1 simulationActive=1 stepStats=none topSystems=disabled markers=disabled
[AudioDiag] Playback event=VO.ARIA.Tutorial.M01.MoveDestination.Fa bus=Voice requestId=16 played=1 status=Presented reason=Played at=148.11 source=null
UnityEngine.Debug:Log (object)
Game.Runtime.AudioPlaybackPresentationDiagnostics:Log (Unity.Entities.EntityManager,Game.Components.AudioPlaybackRequestElement,Game.Configs.AudioEventCatalogEntry,Game.Runtime.AudioPlaybackPresentationResult,single) (at Assets/Game/Scripts/Audio/Runtime/AudioPlaybackPresentationDiagnostics.cs:32)
Game.Runtime.AudioPlaybackPresentationBridgeSystemHelper:DrainAcceptedRequests (Unity.Entities.EntityManager,Game.Configs.AudioEventCatalogConfig,Game.Configs.AudioMixerBusConfig,Game.Runtime.AudioPlaybackPresentationSystemHelper,single) (at Assets/Game/Scripts/Audio/Runtime/AudioPlaybackPresentationBridgeSystemHelper.cs:169)
Game.Runtime.AudioPlaybackPresentationRuntimeView:Update () (at Assets/Game/Scripts/Audio/Runtime/AudioPlaybackPresentationRuntimeView.cs:54)

[GroundedSignalInputState] phase=Engage outcome=None step=-1 clock=42339 initialized=1 inserted=1 relay=0 hardware=0 recovery=0 aboard=0 secure=0 failure=None
UnityEngine.Debug:Log (object)
Game.Editor.CH04M04GroundedSignalInputProbe:Tick () (at Assets/Game/Scripts/Editor/CH04M04GroundedSignalInputProbe.cs:131)
UnityEditor.EditorApplication:Internal_CallUpdateFunctions () (at /Users/bokken/build/output/unity/unity/Editor/Mono/EditorApplication.cs:403)

[FrameRateDiag] fps=53.9 avgFrame=18.6ms updateAvg=5.6ms updateMax=10.9ms cpuFrame=15.9ms cpuMain=13.3ms cpuRender=1.8ms gpu=6.4ms drawCalls=286 batches=0 setPass=101 tris=430114 verts=744355 units=359 models=15 sourceKeys=359 sourceKeyFallbackVisuals=0 initialSpawnConfigs=1 impostors=6 render=screen=1920x1080,batch=0,quality=0:PC,vSync=0,targetFps=-1,pipeline=Mobile_RPAsset_MobileCandidate,scale=0.75,msaa=0,camera=Main Camera,cameraData=post:1,aa:FastApproximateAntialiasing,stack:0 memory=alloc=5244MB reserved=6195MB mono=2729MB focused=1 playRequested=1 simulationActive=1 stepStats=none topSystems=disabled markers=disabled
[RenderSceneDiag] frame=8170 source=profilerCounters drawCalls=286 batches=0 setPass=101 tris=430114 verts=744355 topSystems=disabled markers=disabled
[PerfDiag] slowUpdate frame=8211 total=45.9ms gc=0/0/0 cpuFrame=19.4ms cpuMain=15.8ms cpuRender=2.1ms gpu=10.4ms steps=RoadBuild=0.0ms, BuildingPlacement=0.1ms, Selection=0.2ms, DayNight=0.0ms, CitizenPopulation=0.0ms, MainMenu=45.6ms units=359 models=15 sourceKeys=359 sourceKeyFallbackVisuals=0 initialSpawnConfigs=1 drawCalls=302 batches=0 setPass=101 tris=450099 verts=849383 memory=alloc=5243MB reserved=6192MB mono=2735MB uiToolkit=0 gameplayInitialized=1 playRequested=1 simulationActive=1 focused=1 vSync=0 targetFps=-1 topSystems=disabled markers=disabled
[FreezeDetect] Update hitch frame=8246 BuildingPlacement=316.6ms, GC=0/0/0, Total=329.4ms
[PerfDiag] slowUpdate frame=8246 total=329.4ms gc=0/0/0 cpuFrame=21.6ms cpuMain=18.2ms cpuRender=2.0ms gpu=7.9ms steps=RoadBuild=0.0ms, BuildingPlacement=316.6ms, Selection=0.4ms, DayNight=0.0ms, CitizenPopulation=0.0ms, MainMenu=12.4ms units=359 models=15 sourceKeys=359 sourceKeyFallbackVisuals=0 initialSpawnConfigs=1 drawCalls=334 batches=0 setPass=102 tris=436498 verts=821670 memory=alloc=5391MB reserved=6311MB mono=2762MB uiToolkit=0 gameplayInitialized=1 playRequested=1 simulationActive=1 focused=1 vSync=0 targetFps=-1 topSystems=disabled markers=disabled
[FreezeDetect] Frame gap frame=8247 Gap=355.0ms GC=0/0/0 LastSteps=RoadBuild=0.0ms, BuildingPlacement=316.6ms, Selection=0.4ms, DayNight=0.0ms, CitizenPopulation=0.0ms, MainMenu=12.4ms
[FrameRateDiag] fps=41.1 avgFrame=24.3ms updateAvg=10.8ms updateMax=329.4ms cpuFrame=17.7ms cpuMain=14.9ms cpuRender=1.6ms gpu=5.1ms drawCalls=289 batches=0 setPass=101 tris=440629 verts=736758 units=359 models=15 sourceKeys=359 sourceKeyFallbackVisuals=0 initialSpawnConfigs=1 impostors=9 render=screen=1920x1080,batch=0,quality=0:PC,vSync=0,targetFps=-1,pipeline=Mobile_RPAsset_MobileCandidate,scale=0.75,msaa=0,camera=Main Camera,cameraData=post:1,aa:FastApproximateAntialiasing,stack:0 memory=alloc=5265MB reserved=6191MB mono=2763MB focused=1 playRequested=1 simulationActive=1 stepStats=none topSystems=disabled markers=disabled
[GroundedSignalInputState] phase=Engage outcome=None step=-1 clock=47326 initialized=1 inserted=1 relay=0 hardware=0 recovery=0 aboard=0 secure=0 failure=None
UnityEngine.Debug:Log (object)
Game.Editor.CH04M04GroundedSignalInputProbe:Tick () (at Assets/Game/Scripts/Editor/CH04M04GroundedSignalInputProbe.cs:131)
UnityEditor.EditorApplication:Internal_CallUpdateFunctions () (at /Users/bokken/build/output/unity/unity/Editor/Mono/EditorApplication.cs:403)

[PerfDiag] slowUpdate frame=8332 total=42.7ms gc=0/0/0 cpuFrame=20.5ms cpuMain=15.9ms cpuRender=0.6ms gpu=7.6ms steps=RoadBuild=0.0ms, BuildingPlacement=0.1ms, Selection=0.2ms, DayNight=0.0ms, CitizenPopulation=0.0ms, MainMenu=42.3ms units=359 models=15 sourceKeys=359 sourceKeyFallbackVisuals=0 initialSpawnConfigs=1 drawCalls=258 batches=0 setPass=98 tris=302252 verts=450519 memory=alloc=5263MB reserved=6188MB mono=2776MB uiToolkit=0 gameplayInitialized=1 playRequested=1 simulationActive=1 focused=1 vSync=0 targetFps=-1 topSystems=disabled markers=disabled
[FrameRateDiag] fps=47.6 avgFrame=21.0ms updateAvg=6.8ms updateMax=42.7ms cpuFrame=23.6ms cpuMain=18.4ms cpuRender=0.6ms gpu=0.2ms drawCalls=255 batches=0 setPass=98 tris=311314 verts=466548 units=359 models=15 sourceKeys=359 sourceKeyFallbackVisuals=0 initialSpawnConfigs=1 impostors=9 render=screen=1920x1080,batch=0,quality=0:PC,vSync=0,targetFps=-1,pipeline=Mobile_RPAsset_MobileCandidate,scale=0.75,msaa=0,camera=Main Camera,cameraData=post:1,aa:FastApproximateAntialiasing,stack:0 memory=alloc=5262MB reserved=6188MB mono=2779MB focused=1 playRequested=1 simulationActive=1 stepStats=none topSystems=disabled markers=disabled
[FrameRateDiag] fps=43.2 avgFrame=23.2ms updateAvg=7.3ms updateMax=12.0ms cpuFrame=18.0ms cpuMain=15.0ms cpuRender=1.7ms gpu=6.1ms drawCalls=274 batches=0 setPass=98 tris=350596 verts=544887 units=359 models=15 sourceKeys=359 sourceKeyFallbackVisuals=0 initialSpawnConfigs=1 impostors=6 render=screen=1920x1080,batch=0,quality=0:PC,vSync=0,targetFps=-1,pipeline=Mobile_RPAsset_MobileCandidate,scale=0.75,msaa=0,camera=Main Camera,cameraData=post:1,aa:FastApproximateAntialiasing,stack:0 memory=alloc=5254MB reserved=6183MB mono=2792MB focused=1 playRequested=1 simulationActive=1 stepStats=none topSystems=disabled markers=disabled
[FrameRateDiag] fps=49.7 avgFrame=20.1ms updateAvg=6.4ms updateMax=16.2ms cpuFrame=19.4ms cpuMain=15.2ms cpuRender=0.5ms gpu=6.1ms drawCalls=270 batches=0 setPass=98 tris=349680 verts=544209 units=359 models=15 sourceKeys=359 sourceKeyFallbackVisuals=0 initialSpawnConfigs=1 impostors=6 render=screen=1920x1080,batch=0,quality=0:PC,vSync=0,targetFps=-1,pipeline=Mobile_RPAsset_MobileCandidate,scale=0.75,msaa=0,camera=Main Camera,cameraData=post:1,aa:FastApproximateAntialiasing,stack:0 memory=alloc=5229MB reserved=6169MB mono=2808MB focused=1 playRequested=1 simulationActive=1 stepStats=none topSystems=disabled markers=disabled
[GroundedSignalInputState] phase=Engage outcome=None step=-1 clock=52330 initialized=1 inserted=1 relay=0 hardware=0 recovery=0 aboard=0 secure=0 failure=None
UnityEngine.Debug:Log (object)
Game.Editor.CH04M04GroundedSignalInputProbe:Tick () (at Assets/Game/Scripts/Editor/CH04M04GroundedSignalInputProbe.cs:131)
UnityEditor.EditorApplication:Internal_CallUpdateFunctions () (at /Users/bokken/build/output/unity/unity/Editor/Mono/EditorApplication.cs:403)

[FreezeDetect] Update hitch frame=8610 BuildingPlacement=826.8ms, GC=0/0/0, Total=882.5ms
[PerfDiag] slowUpdate frame=8610 total=882.5ms gc=0/0/0 cpuFrame=17.1ms cpuMain=14.4ms cpuRender=1.6ms gpu=7.9ms steps=RoadBuild=0.0ms, BuildingPlacement=826.8ms, Selection=3.1ms, DayNight=0.0ms, CitizenPopulation=0.0ms, MainMenu=52.6ms units=359 models=15 sourceKeys=359 sourceKeyFallbackVisuals=0 initialSpawnConfigs=1 drawCalls=270 batches=0 setPass=98 tris=349680 verts=544209 memory=alloc=5356MB reserved=6287MB mono=2841MB uiToolkit=0 gameplayInitialized=1 playRequested=1 simulationActive=1 focused=1 vSync=0 targetFps=-1 topSystems=disabled markers=disabled
[FrameRateDiag] fps=48.6 avgFrame=20.6ms updateAvg=18.0ms updateMax=882.5ms cpuFrame=17.1ms cpuMain=14.4ms cpuRender=1.6ms gpu=7.9ms drawCalls=270 batches=0 setPass=98 tris=349680 verts=544209 units=359 models=15 sourceKeys=359 sourceKeyFallbackVisuals=0 initialSpawnConfigs=1 impostors=6 render=screen=1920x1080,batch=0,quality=0:PC,vSync=0,targetFps=-1,pipeline=Mobile_RPAsset_MobileCandidate,scale=0.75,msaa=0,camera=Main Camera,cameraData=post:1,aa:FastApproximateAntialiasing,stack:0 memory=alloc=5356MB reserved=6287MB mono=2841MB focused=1 playRequested=1 simulationActive=1 stepStats=none topSystems=disabled markers=disabled
[RenderSceneDiag] frame=8610 source=profilerCounters drawCalls=270 batches=0 setPass=98 tris=349680 verts=544209 topSystems=disabled markers=disabled
[FreezeDetect] Frame gap frame=8611 Gap=965.6ms GC=0/0/0 LastSteps=RoadBuild=0.0ms, BuildingPlacement=826.8ms, Selection=3.1ms, DayNight=0.0ms, CitizenPopulation=0.0ms, MainMenu=52.6ms
[FrameRateDiag] fps=25.7 avgFrame=38.9ms updateAvg=9.6ms updateMax=24.1ms cpuFrame=22.7ms cpuMain=18.4ms cpuRender=1.5ms gpu=18.9ms drawCalls=272 batches=0 setPass=98 tris=351588 verts=547104 units=359 models=15 sourceKeys=359 sourceKeyFallbackVisuals=0 initialSpawnConfigs=1 impostors=6 render=screen=1920x1080,batch=0,quality=0:PC,vSync=0,targetFps=-1,pipeline=Mobile_RPAsset_MobileCandidate,scale=0.75,msaa=0,camera=Main Camera,cameraData=post:1,aa:FastApproximateAntialiasing,stack:0 memory=alloc=5212MB reserved=6157MB mono=2853MB focused=1 playRequested=1 simulationActive=1 stepStats=none topSystems=disabled markers=disabled
[PerfDiag] slowUpdate frame=8685 total=28.1ms gc=0/0/0 cpuFrame=24.4ms cpuMain=21.6ms cpuRender=1.6ms gpu=4.4ms steps=RoadBuild=0.0ms, BuildingPlacement=0.3ms, Selection=0.1ms, DayNight=0.0ms, CitizenPopulation=0.0ms, MainMenu=27.7ms units=359 models=15 sourceKeys=359 sourceKeyFallbackVisuals=0 initialSpawnConfigs=1 drawCalls=272 batches=0 setPass=98 tris=351588 verts=547104 memory=alloc=5212MB reserved=6157MB mono=2854MB uiToolkit=0 gameplayInitialized=1 playRequested=1 simulationActive=1 focused=1 vSync=0 targetFps=-1 topSystems=disabled markers=disabled
[FreezeDetect] Update hitch frame=8703 Selection=368.8ms, GC=0/0/0, Total=385.1ms
[PerfDiag] slowUpdate frame=8703 total=385.1ms gc=0/0/0 cpuFrame=28.2ms cpuMain=24.5ms cpuRender=1.6ms gpu=13.1ms steps=RoadBuild=0.0ms, BuildingPlacement=0.0ms, Selection=368.8ms, DayNight=0.0ms, CitizenPopulation=0.0ms, MainMenu=16.1ms units=359 models=15 sourceKeys=359 sourceKeyFallbackVisuals=0 initialSpawnConfigs=1 drawCalls=272 batches=0 setPass=98 tris=351684 verts=547296 memory=alloc=5228MB reserved=6157MB mono=2869MB uiToolkit=0 gameplayInitialized=1 playRequested=1 simulationActive=1 focused=1 vSync=0 targetFps=-1 topSystems=disabled markers=disabled
[GroundedSignalInputState] phase=Engage outcome=None step=-1 clock=56342 initialized=1 inserted=1 relay=0 hardware=0 recovery=0 aboard=0 secure=0 failure=None
UnityEngine.Debug:Log (object)
Game.Editor.CH04M04GroundedSignalInputProbe:Tick () (at Assets/Game/Scripts/Editor/CH04M04GroundedSignalInputProbe.cs:131)
UnityEditor.EditorApplication:Internal_CallUpdateFunctions () (at /Users/bokken/build/output/unity/unity/Editor/Mono/EditorApplication.cs:403)

[AudioDiag] Playback event=VO.ARIA.Message.TacticalBannerAcceptedMoveTitle bus=Voice requestId=18 played=1 status=Presented reason=Played at=165.02 source=null
UnityEngine.Debug:Log (object)
Game.Runtime.AudioPlaybackPresentationDiagnostics:Log (Unity.Entities.EntityManager,Game.Components.AudioPlaybackRequestElement,Game.Configs.AudioEventCatalogEntry,Game.Runtime.AudioPlaybackPresentationResult,single) (at Assets/Game/Scripts/Audio/Runtime/AudioPlaybackPresentationDiagnostics.cs:32)
Game.Runtime.AudioPlaybackPresentationBridgeSystemHelper:DrainAcceptedRequests (Unity.Entities.EntityManager,Game.Configs.AudioEventCatalogConfig,Game.Configs.AudioMixerBusConfig,Game.Runtime.AudioPlaybackPresentationSystemHelper,single) (at Assets/Game/Scripts/Audio/Runtime/AudioPlaybackPresentationBridgeSystemHelper.cs:169)
Game.Runtime.AudioPlaybackPresentationRuntimeView:Update () (at Assets/Game/Scripts/Audio/Runtime/AudioPlaybackPresentationRuntimeView.cs:54)

[FreezeDetect] Frame gap frame=8704 Gap=481.3ms GC=0/0/0 LastSteps=RoadBuild=0.0ms, BuildingPlacement=0.0ms, Selection=368.8ms, DayNight=0.0ms, CitizenPopulation=0.0ms, MainMenu=16.1ms
[FreezeDetect] Frame gap frame=8705 Gap=150.7ms GC=0/0/0 LastSteps=RoadBuild=0.1ms, BuildingPlacement=0.3ms, Selection=2.8ms, DayNight=0.0ms, CitizenPopulation=0.0ms, MainMenu=19.8ms
[FrameRateDiag] fps=24.4 avgFrame=41.0ms updateAvg=19.2ms updateMax=385.1ms cpuFrame=25.7ms cpuMain=22.3ms cpuRender=1.8ms gpu=4.4ms drawCalls=263 batches=0 setPass=95 tris=351644 verts=547224 units=359 models=15 sourceKeys=359 sourceKeyFallbackVisuals=0 initialSpawnConfigs=1 impostors=6 render=screen=1920x1080,batch=0,quality=0:PC,vSync=0,targetFps=-1,pipeline=Mobile_RPAsset_MobileCandidate,scale=0.75,msaa=0,camera=Main Camera,cameraData=post:1,aa:FastApproximateAntialiasing,stack:0 memory=alloc=5227MB reserved=6152MB mono=2876MB focused=1 playRequested=1 simulationActive=1 stepStats=none topSystems=disabled markers=disabled
[PerfDiag] slowUpdate frame=8770 total=26.8ms gc=0/0/0 cpuFrame=31.5ms cpuMain=27.9ms cpuRender=0.6ms gpu=0.3ms steps=RoadBuild=0.0ms, BuildingPlacement=0.1ms, Selection=0.5ms, DayNight=0.0ms, CitizenPopulation=0.0ms, MainMenu=26.1ms units=359 models=15 sourceKeys=359 sourceKeyFallbackVisuals=0 initialSpawnConfigs=1 drawCalls=261 batches=0 setPass=93 tris=351606 verts=547148 memory=alloc=5227MB reserved=6152MB mono=2884MB uiToolkit=0 gameplayInitialized=1 playRequested=1 simulationActive=1 focused=1 vSync=0 targetFps=-1 topSystems=disabled markers=disabled
[FrameRateDiag] fps=30.6 avgFrame=32.7ms updateAvg=13.8ms updateMax=42.7ms cpuFrame=30.6ms cpuMain=21.6ms cpuRender=2.3ms gpu=8.6ms drawCalls=261 batches=0 setPass=93 tris=351606 verts=547148 units=359 models=15 sourceKeys=359 sourceKeyFallbackVisuals=0 initialSpawnConfigs=1 impostors=6 render=screen=1920x1080,batch=0,quality=0:PC,vSync=0,targetFps=-1,pipeline=Mobile_RPAsset_MobileCandidate,scale=0.75,msaa=0,camera=Main Camera,cameraData=post:1,aa:FastApproximateAntialiasing,stack:0 memory=alloc=5228MB reserved=6152MB mono=2890MB focused=1 playRequested=1 simulationActive=1 stepStats=none topSystems=disabled markers=disabled
[PerfDiag] slowUpdate frame=8821 total=82.5ms gc=1/1/1 cpuFrame=29.8ms cpuMain=26.9ms cpuRender=0.5ms gpu=0.2ms steps=RoadBuild=0.0ms, BuildingPlacement=70.2ms, Selection=0.2ms, DayNight=0.0ms, CitizenPopulation=0.0ms, MainMenu=12.1ms units=359 models=15 sourceKeys=359 sourceKeyFallbackVisuals=0 initialSpawnConfigs=1 drawCalls=269 batches=0 setPass=93 tris=365060 verts=574952 memory=alloc=5226MB reserved=6152MB mono=2458MB uiToolkit=0 gameplayInitialized=1 playRequested=1 simulationActive=1 focused=1 vSync=0 targetFps=-1 topSystems=disabled markers=disabled
[FreezeDetect] Update hitch frame=8869 BuildingPlacement=270.9ms, GC=0/0/0, Total=282.3ms
[PerfDiag] slowUpdate frame=8869 total=282.3ms gc=0/0/0 cpuFrame=18.7ms cpuMain=15.7ms cpuRender=1.7ms gpu=10.3ms steps=RoadBuild=0.0ms, BuildingPlacement=270.9ms, Selection=0.2ms, DayNight=0.0ms, CitizenPopulation=0.0ms, MainMenu=11.2ms units=359 models=15 sourceKeys=359 sourceKeyFallbackVisuals=0 initialSpawnConfigs=1 drawCalls=269 batches=0 setPass=93 tris=365060 verts=574952 memory=alloc=5372MB reserved=6273MB mono=2466MB uiToolkit=0 gameplayInitialized=1 playRequested=1 simulationActive=1 focused=1 vSync=0 targetFps=-1 topSystems=disabled markers=disabled
[FrameRateDiag] fps=40.3 avgFrame=24.8ms updateAvg=14.0ms updateMax=282.3ms cpuFrame=18.7ms cpuMain=15.7ms cpuRender=1.7ms gpu=10.3ms drawCalls=269 batches=0 setPass=93 tris=365060 verts=574952 units=359 models=15 sourceKeys=359 sourceKeyFallbackVisuals=0 initialSpawnConfigs=1 impostors=5 render=screen=1920x1080,batch=0,quality=0:PC,vSync=0,targetFps=-1,pipeline=Mobile_RPAsset_MobileCandidate,scale=0.75,msaa=0,camera=Main Camera,cameraData=post:1,aa:FastApproximateAntialiasing,stack:0 memory=alloc=5372MB reserved=6273MB mono=2466MB focused=1 playRequested=1 simulationActive=1 stepStats=none topSystems=disabled markers=disabled
[GroundedSignalInputState] phase=Engage outcome=None step=-1 clock=61534 initialized=1 inserted=1 relay=0 hardware=0 recovery=0 aboard=0 secure=0 failure=None
UnityEngine.Debug:Log (object)
Game.Editor.CH04M04GroundedSignalInputProbe:Tick () (at Assets/Game/Scripts/Editor/CH04M04GroundedSignalInputProbe.cs:131)
UnityEditor.EditorApplication:Internal_CallUpdateFunctions () (at /Users/bokken/build/output/unity/unity/Editor/Mono/EditorApplication.cs:403)

[FreezeDetect] Frame gap frame=8870 Gap=309.8ms GC=0/0/0 LastSteps=RoadBuild=0.0ms, BuildingPlacement=270.9ms, Selection=0.2ms, DayNight=0.0ms, CitizenPopulation=0.0ms, MainMenu=11.2ms
[FrameRateDiag] fps=43.3 avgFrame=23.1ms updateAvg=7.2ms updateMax=12.4ms cpuFrame=17.3ms cpuMain=14.8ms cpuRender=1.4ms gpu=9.7ms drawCalls=307 batches=0 setPass=93 tris=447828 verts=766046 units=359 models=15 sourceKeys=359 sourceKeyFallbackVisuals=0 initialSpawnConfigs=1 impostors=5 render=screen=1920x1080,batch=0,quality=0:PC,vSync=0,targetFps=-1,pipeline=Mobile_RPAsset_MobileCandidate,scale=0.75,msaa=0,camera=Main Camera,cameraData=post:1,aa:FastApproximateAntialiasing,stack:0 memory=alloc=5238MB reserved=6155MB mono=2480MB focused=1 playRequested=1 simulationActive=1 stepStats=none topSystems=disabled markers=disabled
[RenderSceneDiag] frame=8968 source=profilerCounters drawCalls=307 batches=0 setPass=93 tris=447828 verts=766046 topSystems=disabled markers=disabled
[FrameRateDiag] fps=48.3 avgFrame=20.7ms updateAvg=7.8ms updateMax=12.4ms cpuFrame=20.6ms cpuMain=17.0ms cpuRender=0.5ms gpu=12.6ms drawCalls=307 batches=0 setPass=93 tris=447828 verts=766046 units=359 models=15 sourceKeys=359 sourceKeyFallbackVisuals=0 initialSpawnConfigs=1 impostors=5 render=screen=1920x1080,batch=0,quality=0:PC,vSync=0,targetFps=-1,pipeline=Mobile_RPAsset_MobileCandidate,scale=0.75,msaa=0,camera=Main Camera,cameraData=post:1,aa:FastApproximateAntialiasing,stack:0 memory=alloc=5235MB reserved=6155MB mono=2494MB focused=1 playRequested=1 simulationActive=1 stepStats=none topSystems=disabled markers=disabled
[GroundedSignalInputState] phase=Engage outcome=None step=-1 clock=66840 initialized=1 inserted=1 relay=0 hardware=0 recovery=0 aboard=0 secure=0 failure=None
UnityEngine.Debug:Log (object)
Game.Editor.CH04M04GroundedSignalInputProbe:Tick () (at Assets/Game/Scripts/Editor/CH04M04GroundedSignalInputProbe.cs:131)
UnityEditor.EditorApplication:Internal_CallUpdateFunctions () (at /Users/bokken/build/output/unity/unity/Editor/Mono/EditorApplication.cs:403)

[FrameRateDiag] fps=47.8 avgFrame=20.9ms updateAvg=7.6ms updateMax=13.9ms cpuFrame=17.5ms cpuMain=14.2ms cpuRender=0.5ms gpu=6.0ms drawCalls=307 batches=0 setPass=93 tris=447828 verts=766046 units=359 models=15 sourceKeys=359 sourceKeyFallbackVisuals=0 initialSpawnConfigs=1 impostors=5 render=screen=1920x1080,batch=0,quality=0:PC,vSync=0,targetFps=-1,pipeline=Mobile_RPAsset_MobileCandidate,scale=0.75,msaa=0,camera=Main Camera,cameraData=post:1,aa:FastApproximateAntialiasing,stack:0 memory=alloc=5207MB reserved=6155MB mono=2509MB focused=1 playRequested=1 simulationActive=1 stepStats=none topSystems=disabled markers=disabled
[FreezeDetect] Update hitch frame=9251 BuildingPlacement=341.3ms, GC=0/0/0, Total=355.6ms
[PerfDiag] slowUpdate frame=9251 total=355.6ms gc=0/0/0 cpuFrame=20.8ms cpuMain=16.5ms cpuRender=0.5ms gpu=0.2ms steps=RoadBuild=0.0ms, BuildingPlacement=341.3ms, Selection=0.2ms, DayNight=0.0ms, CitizenPopulation=0.0ms, MainMenu=13.9ms units=359 models=15 sourceKeys=359 sourceKeyFallbackVisuals=0 initialSpawnConfigs=1 drawCalls=307 batches=0 setPass=93 tris=447828 verts=766046 memory=alloc=5352MB reserved=6275MB mono=2532MB uiToolkit=0 gameplayInitialized=1 playRequested=1 simulationActive=1 focused=1 vSync=0 targetFps=-1 topSystems=disabled markers=disabled
[FrameRateDiag] fps=51.2 avgFrame=19.5ms updateAvg=11.3ms updateMax=355.6ms cpuFrame=20.8ms cpuMain=16.5ms cpuRender=0.5ms gpu=0.2ms drawCalls=307 batches=0 setPass=93 tris=447828 verts=766046 units=359 models=15 sourceKeys=359 sourceKeyFallbackVisuals=0 initialSpawnConfigs=1 impostors=5 render=screen=1920x1080,batch=0,quality=0:PC,vSync=0,targetFps=-1,pipeline=Mobile_RPAsset_MobileCandidate,scale=0.75,msaa=0,camera=Main Camera,cameraData=post:1,aa:FastApproximateAntialiasing,stack:0 memory=alloc=5352MB reserved=6275MB mono=2532MB focused=1 playRequested=1 simulationActive=1 stepStats=none topSystems=disabled markers=disabled
[FreezeDetect] Frame gap frame=9252 Gap=383.1ms GC=0/0/0 LastSteps=RoadBuild=0.0ms, BuildingPlacement=341.3ms, Selection=0.2ms, DayNight=0.0ms, CitizenPopulation=0.0ms, MainMenu=13.9ms
[GroundedSignalInputState] phase=Engage outcome=None step=-1 clock=71810 initialized=1 inserted=1 relay=0 hardware=0 recovery=0 aboard=0 secure=0 failure=None
UnityEngine.Debug:Log (object)
Game.Editor.CH04M04GroundedSignalInputProbe:Tick () (at Assets/Game/Scripts/Editor/CH04M04GroundedSignalInputProbe.cs:131)
UnityEditor.EditorApplication:Internal_CallUpdateFunctions () (at /Users/bokken/build/output/unity/unity/Editor/Mono/EditorApplication.cs:403)

[FrameRateDiag] fps=41.5 avgFrame=24.1ms updateAvg=7.4ms updateMax=13.9ms cpuFrame=19.0ms cpuMain=14.8ms cpuRender=1.6ms gpu=6.9ms drawCalls=307 batches=0 setPass=93 tris=447828 verts=766046 units=359 models=15 sourceKeys=359 sourceKeyFallbackVisuals=0 initialSpawnConfigs=1 impostors=5 render=screen=1920x1080,batch=0,quality=0:PC,vSync=0,targetFps=-1,pipeline=Mobile_RPAsset_MobileCandidate,scale=0.75,msaa=0,camera=Main Camera,cameraData=post:1,aa:FastApproximateAntialiasing,stack:0 memory=alloc=5217MB reserved=6155MB mono=2547MB focused=1 playRequested=1 simulationActive=1 stepStats=none topSystems=disabled markers=disabled
[FrameRateDiag] fps=53.8 avgFrame=18.6ms updateAvg=7.0ms updateMax=13.4ms cpuFrame=18.2ms cpuMain=15.6ms cpuRender=0.5ms gpu=0.3ms drawCalls=307 batches=0 setPass=93 tris=447828 verts=766046 units=359 models=15 sourceKeys=359 sourceKeyFallbackVisuals=0 initialSpawnConfigs=1 impostors=5 render=screen=1920x1080,batch=0,quality=0:PC,vSync=0,targetFps=-1,pipeline=Mobile_RPAsset_MobileCandidate,scale=0.75,msaa=0,camera=Main Camera,cameraData=post:1,aa:FastApproximateAntialiasing,stack:0 memory=alloc=5184MB reserved=6155MB mono=2563MB focused=1 playRequested=1 simulationActive=1 stepStats=none topSystems=disabled markers=disabled
[RenderSceneDiag] frame=9458 source=profilerCounters drawCalls=307 batches=0 setPass=93 tris=447828 verts=766046 topSystems=disabled markers=disabled
[FrameRateDiag] fps=40.2 avgFrame=24.9ms updateAvg=9.3ms updateMax=18.2ms cpuFrame=20.7ms cpuMain=17.2ms cpuRender=2.2ms gpu=11.8ms drawCalls=307 batches=0 setPass=93 tris=447828 verts=766046 units=359 models=15 sourceKeys=359 sourceKeyFallbackVisuals=0 initialSpawnConfigs=1 impostors=5 render=screen=1920x1080,batch=0,quality=0:PC,vSync=0,targetFps=-1,pipeline=Mobile_RPAsset_MobileCandidate,scale=0.75,msaa=0,camera=Main Camera,cameraData=post:1,aa:FastApproximateAntialiasing,stack:0 memory=alloc=5176MB reserved=6155MB mono=2576MB focused=1 playRequested=1 simulationActive=1 stepStats=none topSystems=disabled markers=disabled
[GroundedSignalInputState] phase=Engage outcome=None step=-1 clock=76824 initialized=1 inserted=1 relay=0 hardware=0 recovery=0 aboard=0 secure=0 failure=None
UnityEngine.Debug:Log (object)
Game.Editor.CH04M04GroundedSignalInputProbe:Tick () (at Assets/Game/Scripts/Editor/CH04M04GroundedSignalInputProbe.cs:131)
UnityEditor.EditorApplication:Internal_CallUpdateFunctions () (at /Users/bokken/build/output/unity/unity/Editor/Mono/EditorApplication.cs:403)

[FreezeDetect] Update hitch frame=9623 BuildingPlacement=256.3ms, GC=0/0/0, Total=267.5ms
[PerfDiag] slowUpdate frame=9623 total=267.5ms gc=0/0/0 cpuFrame=17.7ms cpuMain=15.0ms cpuRender=1.7ms gpu=7.5ms steps=RoadBuild=0.0ms, BuildingPlacement=256.3ms, Selection=0.2ms, DayNight=0.0ms, CitizenPopulation=0.0ms, MainMenu=11.0ms units=359 models=15 sourceKeys=359 sourceKeyFallbackVisuals=0 initialSpawnConfigs=1 drawCalls=307 batches=0 setPass=93 tris=447828 verts=766046 memory=alloc=5320MB reserved=6275MB mono=2608MB uiToolkit=0 gameplayInitialized=1 playRequested=1 simulationActive=1 focused=1 vSync=0 targetFps=-1 topSystems=disabled markers=disabled
[FreezeDetect] Frame gap frame=9624 Gap=285.1ms GC=0/0/0 LastSteps=RoadBuild=0.0ms, BuildingPlacement=256.3ms, Selection=0.2ms, DayNight=0.0ms, CitizenPopulation=0.0ms, MainMenu=11.0ms
[FrameRateDiag] fps=44.4 avgFrame=22.5ms updateAvg=9.9ms updateMax=267.5ms cpuFrame=28.6ms cpuMain=20.4ms cpuRender=0.5ms gpu=5.0ms drawCalls=307 batches=0 setPass=93 tris=447828 verts=766046 units=359 models=15 sourceKeys=359 sourceKeyFallbackVisuals=0 initialSpawnConfigs=1 impostors=5 render=screen=1920x1080,batch=0,quality=0:PC,vSync=0,targetFps=-1,pipeline=Mobile_RPAsset_MobileCandidate,scale=0.75,msaa=0,camera=Main Camera,cameraData=post:1,aa:FastApproximateAntialiasing,stack:0 memory=alloc=5192MB reserved=6155MB mono=2609MB focused=1 playRequested=1 simulationActive=1 stepStats=none topSystems=disabled markers=disabled
[GroundedSignalInputState] phase=Engage outcome=None step=-1 clock=81817 initialized=1 inserted=1 relay=0 hardware=0 recovery=0 aboard=0 secure=0 failure=None
UnityEngine.Debug:Log (object)
Game.Editor.CH04M04GroundedSignalInputProbe:Tick () (at Assets/Game/Scripts/Editor/CH04M04GroundedSignalInputProbe.cs:131)
UnityEditor.EditorApplication:Internal_CallUpdateFunctions () (at /Users/bokken/build/output/unity/unity/Editor/Mono/EditorApplication.cs:403)

[FreezeDetect] Frame gap frame=9831 Gap=163.3ms GC=0/0/0 LastSteps=RoadBuild=0.0ms, BuildingPlacement=0.1ms, Selection=0.3ms, DayNight=0.0ms, CitizenPopulation=0.0ms, MainMenu=16.9ms
[FrameRateDiag] fps=41.7 avgFrame=24.0ms updateAvg=8.3ms updateMax=21.7ms cpuFrame=48.6ms cpuMain=39.3ms cpuRender=0.8ms gpu=7.8ms drawCalls=307 batches=0 setPass=93 tris=447858 verts=766106 units=359 models=15 sourceKeys=359 sourceKeyFallbackVisuals=0 initialSpawnConfigs=1 impostors=5 render=screen=1920x1080,batch=0,quality=0:PC,vSync=0,targetFps=-1,pipeline=Mobile_RPAsset_MobileCandidate,scale=0.75,msaa=0,camera=Main Camera,cameraData=post:1,aa:FastApproximateAntialiasing,stack:0 memory=alloc=5155MB reserved=6153MB mono=2646MB focused=1 playRequested=1 simulationActive=1 stepStats=none topSystems=disabled markers=disabled
[FrameRateDiag] fps=46.7 avgFrame=21.4ms updateAvg=7.5ms updateMax=13.6ms cpuFrame=16.4ms cpuMain=13.7ms cpuRender=1.4ms gpu=7.1ms drawCalls=307 batches=0 setPass=93 tris=447858 verts=766106 units=359 models=15 sourceKeys=359 sourceKeyFallbackVisuals=0 initialSpawnConfigs=1 impostors=5 render=screen=1920x1080,batch=0,quality=0:PC,vSync=0,targetFps=-1,pipeline=Mobile_RPAsset_MobileCandidate,scale=0.75,msaa=0,camera=Main Camera,cameraData=post:1,aa:FastApproximateAntialiasing,stack:0 memory=alloc=5160MB reserved=6152MB mono=2663MB focused=1 playRequested=1 simulationActive=1 stepStats=none topSystems=disabled markers=disabled
[RenderSceneDiag] frame=9925 source=profilerCounters drawCalls=307 batches=0 setPass=93 tris=447858 verts=766106 topSystems=disabled markers=disabled
[FreezeDetect] Update hitch frame=10006 BuildingPlacement=310.4ms, GC=0/0/0, Total=324.7ms
[PerfDiag] slowUpdate frame=10006 total=324.7ms gc=0/0/0 cpuFrame=20.0ms cpuMain=16.2ms cpuRender=1.6ms gpu=5.4ms steps=RoadBuild=0.0ms, BuildingPlacement=310.4ms, Selection=0.3ms, DayNight=0.0ms, CitizenPopulation=0.0ms, MainMenu=13.7ms units=359 models=15 sourceKeys=359 sourceKeyFallbackVisuals=0 initialSpawnConfigs=1 drawCalls=307 batches=0 setPass=93 tris=447858 verts=766106 memory=alloc=5313MB reserved=6272MB mono=2699MB uiToolkit=0 gameplayInitialized=1 playRequested=1 simulationActive=1 focused=1 vSync=0 targetFps=-1 topSystems=disabled markers=disabled
[FreezeDetect] Frame gap frame=10007 Gap=345.9ms GC=0/0/0 LastSteps=RoadBuild=0.0ms, BuildingPlacement=310.4ms, Selection=0.3ms, DayNight=0.0ms, CitizenPopulation=0.0ms, MainMenu=13.7ms
[FrameRateDiag] fps=43.7 avgFrame=22.9ms updateAvg=10.6ms updateMax=324.7ms cpuFrame=16.4ms cpuMain=14.0ms cpuRender=1.5ms gpu=4.6ms drawCalls=307 batches=0 setPass=93 tris=447858 verts=766106 units=359 models=15 sourceKeys=359 sourceKeyFallbackVisuals=0 initialSpawnConfigs=1 impostors=5 render=screen=1920x1080,batch=0,quality=0:PC,vSync=0,targetFps=-1,pipeline=Mobile_RPAsset_MobileCandidate,scale=0.75,msaa=0,camera=Main Camera,cameraData=post:1,aa:FastApproximateAntialiasing,stack:0 memory=alloc=5187MB reserved=6152MB mono=2700MB focused=1 playRequested=1 simulationActive=1 stepStats=none topSystems=disabled markers=disabled
[GroundedSignalInputState] phase=Engage outcome=None step=-1 clock=86822 initialized=1 inserted=1 relay=0 hardware=0 recovery=0 aboard=0 secure=0 failure=None
UnityEngine.Debug:Log (object)
Game.Editor.CH04M04GroundedSignalInputProbe:Tick () (at Assets/Game/Scripts/Editor/CH04M04GroundedSignalInputProbe.cs:131)
UnityEditor.EditorApplication:Internal_CallUpdateFunctions () (at /Users/bokken/build/output/unity/unity/Editor/Mono/EditorApplication.cs:403)

[AudioDiag] Suppressed Alert.Unit.UnderAttack reason=GenericUnderAttackAlertDisabled sourceSystem=UnitAttackSystem requestedAt=187.64 damage=13 target=entity=444:5 name='Rifleman Female I' source='Unit_Chr_Soldier_Female_02_Alt_01' faction=1 cell=(764,609) hp=112/125 attacker=entity=480:5 name='Insurgent Rifleman Female I' source='Unit_Chr_Insurgent_Female_01' faction=2 cell=(829,644) hp=95/95
UnityEngine.Debug:Log (object)
Game.Runtime.UnitAttackSystem:LogSuppressedUnitUnderAttackAudio (Unity.Entities.EntityManager,Unity.Entities.Entity,Unity.Entities.Entity,int,single,string,string) (at Assets/Game/Scripts/Systems/UnitAttackSystem.cs:519)
Game.Runtime.UnitAttackSystem:TryEmitUnitUnderAttackAudio (Unity.Entities.EntityManager,Unity.Entities.Entity,single,Unity.Entities.Entity,int,string) (at Assets/Game/Scripts/Systems/UnitAttackSystem.cs:471)
Game.Runtime.UnitAttackSystem:OnUpdate (Unity.Entities.SystemState&) (at Assets/Game/Scripts/Systems/UnitAttackSystem.cs:395)
Game.Runtime.UnitAttackSystem:__codegen__OnUpdate (intptr,intptr)
Unity.Entities.SystemBaseRegistry/<>c__DisplayClass9_0:<SelectBurstFn>b__0 (intptr,intptr) (at ./Library/PackageCache/com.unity.entities@bab66ffaba49/Unity.Entities/SystemBaseRegistry.cs:251)
Unity.Entities.WorldUnmanagedImpl/Unity.Entities.UnmanagedUpdate_000015A0$BurstDirectCall:Invoke (void*)
Unity.Entities.WorldUnmanagedImpl:UnmanagedUpdate (void*)
Unity.Entities.WorldUnmanagedImpl:UpdateSystem (Unity.Entities.SystemHandle) (at ./Library/PackageCache/com.unity.entities@bab66ffaba49/Unity.Entities/WorldUnmanaged.cs:942)
Unity.Entities.ComponentSystemGroup:UpdateAllSystems () (at ./Library/PackageCache/com.unity.entities@bab66ffaba49/Unity.Entities/ComponentSystemGroup.cs:725)
Unity.Entities.ComponentSystemGroup:OnUpdate () (at ./Library/PackageCache/com.unity.entities@bab66ffaba49/Unity.Entities/ComponentSystemGroup.cs:687)
Unity.Entities.SystemBase:Update () (at ./Library/PackageCache/com.unity.entities@bab66ffaba49/Unity.Entities/SystemBase.cs:205)
Unity.Entities.ScriptBehaviourUpdateOrder/DummyDelegateWrapper:TriggerUpdate () (at ./Library/PackageCache/com.unity.entities@bab66ffaba49/Unity.Entities/ScriptBehaviourUpdateOrder.cs:523)

[FrameRateDiag] fps=46.0 avgFrame=21.7ms updateAvg=7.3ms updateMax=13.8ms cpuFrame=21.3ms cpuMain=16.6ms cpuRender=0.6ms gpu=8.8ms drawCalls=310 batches=0 setPass=96 tris=447864 verts=766118 units=359 models=15 sourceKeys=359 sourceKeyFallbackVisuals=0 initialSpawnConfigs=1 impostors=5 render=screen=1920x1080,batch=0,quality=0:PC,vSync=0,targetFps=-1,pipeline=Mobile_RPAsset_MobileCandidate,scale=0.75,msaa=0,camera=Main Camera,cameraData=post:1,aa:FastApproximateAntialiasing,stack:0 memory=alloc=5193MB reserved=6151MB mono=2718MB focused=1 playRequested=1 simulationActive=1 stepStats=none topSystems=disabled markers=disabled
[AudioDiag] Suppressed Alert.Unit.UnderAttack reason=GenericUnderAttackAlertDisabled sourceSystem=UnitAttackSystem requestedAt=188.56 damage=13 target=entity=444:5 name='Rifleman Female I' source='Unit_Chr_Soldier_Female_02_Alt_01' faction=1 cell=(767,612) hp=99/125 attacker=entity=480:5 name='Insurgent Rifleman Female I' source='Unit_Chr_Insurgent_Female_01' faction=2 cell=(829,644) hp=95/95
UnityEngine.Debug:Log (object)
Game.Runtime.UnitAttackSystem:LogSuppressedUnitUnderAttackAudio (Unity.Entities.EntityManager,Unity.Entities.Entity,Unity.Entities.Entity,int,single,string,string) (at Assets/Game/Scripts/Systems/UnitAttackSystem.cs:519)
Game.Runtime.UnitAttackSystem:TryEmitUnitUnderAttackAudio (Unity.Entities.EntityManager,Unity.Entities.Entity,single,Unity.Entities.Entity,int,string) (at Assets/Game/Scripts/Systems/UnitAttackSystem.cs:471)
Game.Runtime.UnitAttackSystem:OnUpdate (Unity.Entities.SystemState&) (at Assets/Game/Scripts/Systems/UnitAttackSystem.cs:395)
Game.Runtime.UnitAttackSystem:__codegen__OnUpdate (intptr,intptr)
Unity.Entities.SystemBaseRegistry/<>c__DisplayClass9_0:<SelectBurstFn>b__0 (intptr,intptr) (at ./Library/PackageCache/com.unity.entities@bab66ffaba49/Unity.Entities/SystemBaseRegistry.cs:251)
Unity.Entities.WorldUnmanagedImpl/Unity.Entities.UnmanagedUpdate_000015A0$BurstDirectCall:Invoke (void*)
Unity.Entities.WorldUnmanagedImpl:UnmanagedUpdate (void*)
Unity.Entities.WorldUnmanagedImpl:UpdateSystem (Unity.Entities.SystemHandle) (at ./Library/PackageCache/com.unity.entities@bab66ffaba49/Unity.Entities/WorldUnmanaged.cs:942)
Unity.Entities.ComponentSystemGroup:UpdateAllSystems () (at ./Library/PackageCache/com.unity.entities@bab66ffaba49/Unity.Entities/ComponentSystemGroup.cs:725)
Unity.Entities.ComponentSystemGroup:OnUpdate () (at ./Library/PackageCache/com.unity.entities@bab66ffaba49/Unity.Entities/ComponentSystemGroup.cs:687)
Unity.Entities.SystemBase:Update () (at ./Library/PackageCache/com.unity.entities@bab66ffaba49/Unity.Entities/SystemBase.cs:205)
Unity.Entities.ScriptBehaviourUpdateOrder/DummyDelegateWrapper:TriggerUpdate () (at ./Library/PackageCache/com.unity.entities@bab66ffaba49/Unity.Entities/ScriptBehaviourUpdateOrder.cs:523)

[AudioDiag] Suppressed Alert.Unit.UnderAttack reason=GenericUnderAttackAlertDisabled sourceSystem=UnitAttackSystem requestedAt=189.49 damage=13 target=entity=444:5 name='Rifleman Female I' source='Unit_Chr_Soldier_Female_02_Alt_01' faction=1 cell=(771,616) hp=86/125 attacker=entity=480:5 name='Insurgent Rifleman Female I' source='Unit_Chr_Insurgent_Female_01' faction=2 cell=(829,644) hp=95/95
UnityEngine.Debug:Log (object)
Game.Runtime.UnitAttackSystem:LogSuppressedUnitUnderAttackAudio (Unity.Entities.EntityManager,Unity.Entities.Entity,Unity.Entities.Entity,int,single,string,string) (at Assets/Game/Scripts/Systems/UnitAttackSystem.cs:519)
Game.Runtime.UnitAttackSystem:TryEmitUnitUnderAttackAudio (Unity.Entities.EntityManager,Unity.Entities.Entity,single,Unity.Entities.Entity,int,string) (at Assets/Game/Scripts/Systems/UnitAttackSystem.cs:471)
Game.Runtime.UnitAttackSystem:OnUpdate (Unity.Entities.SystemState&) (at Assets/Game/Scripts/Systems/UnitAttackSystem.cs:395)
Game.Runtime.UnitAttackSystem:__codegen__OnUpdate (intptr,intptr)
Unity.Entities.SystemBaseRegistry/<>c__DisplayClass9_0:<SelectBurstFn>b__0 (intptr,intptr) (at ./Library/PackageCache/com.unity.entities@bab66ffaba49/Unity.Entities/SystemBaseRegistry.cs:251)
Unity.Entities.WorldUnmanagedImpl/Unity.Entities.UnmanagedUpdate_000015A0$BurstDirectCall:Invoke (void*)
Unity.Entities.WorldUnmanagedImpl:UnmanagedUpdate (void*)
Unity.Entities.WorldUnmanagedImpl:UpdateSystem (Unity.Entities.SystemHandle) (at ./Library/PackageCache/com.unity.entities@bab66ffaba49/Unity.Entities/WorldUnmanaged.cs:942)
Unity.Entities.ComponentSystemGroup:UpdateAllSystems () (at ./Library/PackageCache/com.unity.entities@bab66ffaba49/Unity.Entities/ComponentSystemGroup.cs:725)
Unity.Entities.ComponentSystemGroup:OnUpdate () (at ./Library/PackageCache/com.unity.entities@bab66ffaba49/Unity.Entities/ComponentSystemGroup.cs:687)
Unity.Entities.SystemBase:Update () (at ./Library/PackageCache/com.unity.entities@bab66ffaba49/Unity.Entities/SystemBase.cs:205)
Unity.Entities.ScriptBehaviourUpdateOrder/DummyDelegateWrapper:TriggerUpdate () (at ./Library/PackageCache/com.unity.entities@bab66ffaba49/Unity.Entities/ScriptBehaviourUpdateOrder.cs:523)

[FrameRateDiag] fps=45.4 avgFrame=22.0ms updateAvg=7.7ms updateMax=14.5ms cpuFrame=18.9ms cpuMain=16.2ms cpuRender=1.7ms gpu=9.4ms drawCalls=308 batches=0 setPass=94 tris=427241 verts=720093 units=359 models=15 sourceKeys=359 sourceKeyFallbackVisuals=0 initialSpawnConfigs=1 impostors=5 render=screen=1920x1080,batch=0,quality=0:PC,vSync=0,targetFps=-1,pipeline=Mobile_RPAsset_MobileCandidate,scale=0.75,msaa=0,camera=Main Camera,cameraData=post:1,aa:FastApproximateAntialiasing,stack:0 memory=alloc=5206MB reserved=6149MB mono=2735MB focused=1 playRequested=1 simulationActive=1 stepStats=none topSystems=disabled markers=disabled
[AudioDiag] Suppressed Alert.Unit.UnderAttack reason=GenericUnderAttackAlertDisabled sourceSystem=UnitAttackSystem requestedAt=190.44 damage=13 target=entity=444:5 name='Rifleman Female I' source='Unit_Chr_Soldier_Female_02_Alt_01' faction=1 cell=(774,619) hp=73/125 attacker=entity=480:5 name='Insurgent Rifleman Female I' source='Unit_Chr_Insurgent_Female_01' faction=2 cell=(829,644) hp=95/95
UnityEngine.Debug:Log (object)
Game.Runtime.UnitAttackSystem:LogSuppressedUnitUnderAttackAudio (Unity.Entities.EntityManager,Unity.Entities.Entity,Unity.Entities.Entity,int,single,string,string) (at Assets/Game/Scripts/Systems/UnitAttackSystem.cs:519)
Game.Runtime.UnitAttackSystem:TryEmitUnitUnderAttackAudio (Unity.Entities.EntityManager,Unity.Entities.Entity,single,Unity.Entities.Entity,int,string) (at Assets/Game/Scripts/Systems/UnitAttackSystem.cs:471)
Game.Runtime.UnitAttackSystem:OnUpdate (Unity.Entities.SystemState&) (at Assets/Game/Scripts/Systems/UnitAttackSystem.cs:395)
Game.Runtime.UnitAttackSystem:__codegen__OnUpdate (intptr,intptr)
Unity.Entities.SystemBaseRegistry/<>c__DisplayClass9_0:<SelectBurstFn>b__0 (intptr,intptr) (at ./Library/PackageCache/com.unity.entities@bab66ffaba49/Unity.Entities/SystemBaseRegistry.cs:251)
Unity.Entities.WorldUnmanagedImpl/Unity.Entities.UnmanagedUpdate_000015A0$BurstDirectCall:Invoke (void*)
Unity.Entities.WorldUnmanagedImpl:UnmanagedUpdate (void*)
Unity.Entities.WorldUnmanagedImpl:UpdateSystem (Unity.Entities.SystemHandle) (at ./Library/PackageCache/com.unity.entities@bab66ffaba49/Unity.Entities/WorldUnmanaged.cs:942)
Unity.Entities.ComponentSystemGroup:UpdateAllSystems () (at ./Library/PackageCache/com.unity.entities@bab66ffaba49/Unity.Entities/ComponentSystemGroup.cs:725)
Unity.Entities.ComponentSystemGroup:OnUpdate () (at ./Library/PackageCache/com.unity.entities@bab66ffaba49/Unity.Entities/ComponentSystemGroup.cs:687)
Unity.Entities.SystemBase:Update () (at ./Library/PackageCache/com.unity.entities@bab66ffaba49/Unity.Entities/SystemBase.cs:205)
Unity.Entities.ScriptBehaviourUpdateOrder/DummyDelegateWrapper:TriggerUpdate () (at ./Library/PackageCache/com.unity.entities@bab66ffaba49/Unity.Entities/ScriptBehaviourUpdateOrder.cs:523)

[AudioDiag] Suppressed Alert.Unit.UnderAttack reason=GenericUnderAttackAlertDisabled sourceSystem=UnitAttackSystem requestedAt=191.37 damage=13 target=entity=444:5 name='Rifleman Female I' source='Unit_Chr_Soldier_Female_02_Alt_01' faction=1 cell=(777,621) hp=60/125 attacker=entity=480:5 name='Insurgent Rifleman Female I' source='Unit_Chr_Insurgent_Female_01' faction=2 cell=(829,644) hp=95/95
UnityEngine.Debug:Log (object)
Game.Runtime.UnitAttackSystem:LogSuppressedUnitUnderAttackAudio (Unity.Entities.EntityManager,Unity.Entities.Entity,Unity.Entities.Entity,int,single,string,string) (at Assets/Game/Scripts/Systems/UnitAttackSystem.cs:519)
Game.Runtime.UnitAttackSystem:TryEmitUnitUnderAttackAudio (Unity.Entities.EntityManager,Unity.Entities.Entity,single,Unity.Entities.Entity,int,string) (at Assets/Game/Scripts/Systems/UnitAttackSystem.cs:471)
Game.Runtime.UnitAttackSystem:OnUpdate (Unity.Entities.SystemState&) (at Assets/Game/Scripts/Systems/UnitAttackSystem.cs:395)
Game.Runtime.UnitAttackSystem:__codegen__OnUpdate (intptr,intptr)
Unity.Entities.SystemBaseRegistry/<>c__DisplayClass9_0:<SelectBurstFn>b__0 (intptr,intptr) (at ./Library/PackageCache/com.unity.entities@bab66ffaba49/Unity.Entities/SystemBaseRegistry.cs:251)
Unity.Entities.WorldUnmanagedImpl/Unity.Entities.UnmanagedUpdate_000015A0$BurstDirectCall:Invoke (void*)
Unity.Entities.WorldUnmanagedImpl:UnmanagedUpdate (void*)
Unity.Entities.WorldUnmanagedImpl:UpdateSystem (Unity.Entities.SystemHandle) (at ./Library/PackageCache/com.unity.entities@bab66ffaba49/Unity.Entities/WorldUnmanaged.cs:942)
Unity.Entities.ComponentSystemGroup:UpdateAllSystems () (at ./Library/PackageCache/com.unity.entities@bab66ffaba49/Unity.Entities/ComponentSystemGroup.cs:725)
Unity.Entities.ComponentSystemGroup:OnUpdate () (at ./Library/PackageCache/com.unity.entities@bab66ffaba49/Unity.Entities/ComponentSystemGroup.cs:687)
Unity.Entities.SystemBase:Update () (at ./Library/PackageCache/com.unity.entities@bab66ffaba49/Unity.Entities/SystemBase.cs:205)
Unity.Entities.ScriptBehaviourUpdateOrder/DummyDelegateWrapper:TriggerUpdate () (at ./Library/PackageCache/com.unity.entities@bab66ffaba49/Unity.Entities/ScriptBehaviourUpdateOrder.cs:523)

[AudioDiag] Suppressed Alert.Unit.UnderAttack reason=GenericUnderAttackAlertDisabled sourceSystem=UnitAttackSystem requestedAt=191.48 damage=7 target=entity=444:5 name='Rifleman Female I' source='Unit_Chr_Soldier_Female_02_Alt_01' faction=1 cell=(778,621) hp=53/125 attacker=entity=473:5 name='Insurgent Raider Male III' source='Unit_Chr_Insurgent_Male_03' faction=2 cell=(827,643) hp=105/105
UnityEngine.Debug:Log (object)
Game.Runtime.UnitAttackSystem:LogSuppressedUnitUnderAttackAudio (Unity.Entities.EntityManager,Unity.Entities.Entity,Unity.Entities.Entity,int,single,string,string) (at Assets/Game/Scripts/Systems/UnitAttackSystem.cs:519)
Game.Runtime.UnitAttackSystem:TryEmitUnitUnderAttackAudio (Unity.Entities.EntityManager,Unity.Entities.Entity,single,Unity.Entities.Entity,int,string) (at Assets/Game/Scripts/Systems/UnitAttackSystem.cs:471)
Game.Runtime.UnitAttackSystem:OnUpdate (Unity.Entities.SystemState&) (at Assets/Game/Scripts/Systems/UnitAttackSystem.cs:395)
Game.Runtime.UnitAttackSystem:__codegen__OnUpdate (intptr,intptr)
Unity.Entities.SystemBaseRegistry/<>c__DisplayClass9_0:<SelectBurstFn>b__0 (intptr,intptr) (at ./Library/PackageCache/com.unity.entities@bab66ffaba49/Unity.Entities/SystemBaseRegistry.cs:251)
Unity.Entities.WorldUnmanagedImpl/Unity.Entities.UnmanagedUpdate_000015A0$BurstDirectCall:Invoke (void*)
Unity.Entities.WorldUnmanagedImpl:UnmanagedUpdate (void*)
Unity.Entities.WorldUnmanagedImpl:UpdateSystem (Unity.Entities.SystemHandle) (at ./Library/PackageCache/com.unity.entities@bab66ffaba49/Unity.Entities/WorldUnmanaged.cs:942)
Unity.Entities.ComponentSystemGroup:UpdateAllSystems () (at ./Library/PackageCache/com.unity.entities@bab66ffaba49/Unity.Entities/ComponentSystemGroup.cs:725)
Unity.Entities.ComponentSystemGroup:OnUpdate () (at ./Library/PackageCache/com.unity.entities@bab66ffaba49/Unity.Entities/ComponentSystemGroup.cs:687)
Unity.Entities.SystemBase:Update () (at ./Library/PackageCache/com.unity.entities@bab66ffaba49/Unity.Entities/SystemBase.cs:205)
Unity.Entities.ScriptBehaviourUpdateOrder/DummyDelegateWrapper:TriggerUpdate () (at ./Library/PackageCache/com.unity.entities@bab66ffaba49/Unity.Entities/ScriptBehaviourUpdateOrder.cs:523)

[AudioDiag] Suppressed Alert.Unit.UnderAttack reason=GenericUnderAttackAlertDisabled sourceSystem=UnitAttackSystem requestedAt=191.75 damage=7 target=entity=444:5 name='Rifleman Female I' source='Unit_Chr_Soldier_Female_02_Alt_01' faction=1 cell=(779,621) hp=46/125 attacker=entity=487:5 name='Insurgent Raider Male III' source='Unit_Chr_Insurgent_Male_03' faction=2 cell=(827,645) hp=105/105
UnityEngine.Debug:Log (object)
Game.Runtime.UnitAttackSystem:LogSuppressedUnitUnderAttackAudio (Unity.Entities.EntityManager,Unity.Entities.Entity,Unity.Entities.Entity,int,single,string,string) (at Assets/Game/Scripts/Systems/UnitAttackSystem.cs:519)
Game.Runtime.UnitAttackSystem:TryEmitUnitUnderAttackAudio (Unity.Entities.EntityManager,Unity.Entities.Entity,single,Unity.Entities.Entity,int,string) (at Assets/Game/Scripts/Systems/UnitAttackSystem.cs:471)
Game.Runtime.UnitAttackSystem:OnUpdate (Unity.Entities.SystemState&) (at Assets/Game/Scripts/Systems/UnitAttackSystem.cs:395)
Game.Runtime.UnitAttackSystem:__codegen__OnUpdate (intptr,intptr)
Unity.Entities.SystemBaseRegistry/<>c__DisplayClass9_0:<SelectBurstFn>b__0 (intptr,intptr) (at ./Library/PackageCache/com.unity.entities@bab66ffaba49/Unity.Entities/SystemBaseRegistry.cs:251)
Unity.Entities.WorldUnmanagedImpl/Unity.Entities.UnmanagedUpdate_000015A0$BurstDirectCall:Invoke (void*)
Unity.Entities.WorldUnmanagedImpl:UnmanagedUpdate (void*)
Unity.Entities.WorldUnmanagedImpl:UpdateSystem (Unity.Entities.SystemHandle) (at ./Library/PackageCache/com.unity.entities@bab66ffaba49/Unity.Entities/WorldUnmanaged.cs:942)
Unity.Entities.ComponentSystemGroup:UpdateAllSystems () (at ./Library/PackageCache/com.unity.entities@bab66ffaba49/Unity.Entities/ComponentSystemGroup.cs:725)
Unity.Entities.ComponentSystemGroup:OnUpdate () (at ./Library/PackageCache/com.unity.entities@bab66ffaba49/Unity.Entities/ComponentSystemGroup.cs:687)
Unity.Entities.SystemBase:Update () (at ./Library/PackageCache/com.unity.entities@bab66ffaba49/Unity.Entities/SystemBase.cs:205)
Unity.Entities.ScriptBehaviourUpdateOrder/DummyDelegateWrapper:TriggerUpdate () (at ./Library/PackageCache/com.unity.entities@bab66ffaba49/Unity.Entities/ScriptBehaviourUpdateOrder.cs:523)

[AudioDiag] Suppressed Alert.Unit.UnderAttack reason=GenericUnderAttackAlertDisabled sourceSystem=UnitAttackSystem requestedAt=191.94 damage=7 target=entity=444:5 name='Rifleman Female I' source='Unit_Chr_Soldier_Female_02_Alt_01' faction=1 cell=(780,621) hp=39/125 attacker=entity=473:5 name='Insurgent Raider Male III' source='Unit_Chr_Insurgent_Male_03' faction=2 cell=(827,643) hp=105/105
UnityEngine.Debug:Log (object)
Game.Runtime.UnitAttackSystem:LogSuppressedUnitUnderAttackAudio (Unity.Entities.EntityManager,Unity.Entities.Entity,Unity.Entities.Entity,int,single,string,string) (at Assets/Game/Scripts/Systems/UnitAttackSystem.cs:519)
Game.Runtime.UnitAttackSystem:TryEmitUnitUnderAttackAudio (Unity.Entities.EntityManager,Unity.Entities.Entity,single,Unity.Entities.Entity,int,string) (at Assets/Game/Scripts/Systems/UnitAttackSystem.cs:471)
Game.Runtime.UnitAttackSystem:OnUpdate (Unity.Entities.SystemState&) (at Assets/Game/Scripts/Systems/UnitAttackSystem.cs:395)
Game.Runtime.UnitAttackSystem:__codegen__OnUpdate (intptr,intptr)
Unity.Entities.SystemBaseRegistry/<>c__DisplayClass9_0:<SelectBurstFn>b__0 (intptr,intptr) (at ./Library/PackageCache/com.unity.entities@bab66ffaba49/Unity.Entities/SystemBaseRegistry.cs:251)
Unity.Entities.WorldUnmanagedImpl/Unity.Entities.UnmanagedUpdate_000015A0$BurstDirectCall:Invoke (void*)
Unity.Entities.WorldUnmanagedImpl:UnmanagedUpdate (void*)
Unity.Entities.WorldUnmanagedImpl:UpdateSystem (Unity.Entities.SystemHandle) (at ./Library/PackageCache/com.unity.entities@bab66ffaba49/Unity.Entities/WorldUnmanaged.cs:942)
Unity.Entities.ComponentSystemGroup:UpdateAllSystems () (at ./Library/PackageCache/com.unity.entities@bab66ffaba49/Unity.Entities/ComponentSystemGroup.cs:725)
Unity.Entities.ComponentSystemGroup:OnUpdate () (at ./Library/PackageCache/com.unity.entities@bab66ffaba49/Unity.Entities/ComponentSystemGroup.cs:687)
Unity.Entities.SystemBase:Update () (at ./Library/PackageCache/com.unity.entities@bab66ffaba49/Unity.Entities/SystemBase.cs:205)
Unity.Entities.ScriptBehaviourUpdateOrder/DummyDelegateWrapper:TriggerUpdate () (at ./Library/PackageCache/com.unity.entities@bab66ffaba49/Unity.Entities/ScriptBehaviourUpdateOrder.cs:523)

[GroundedSignalInputState] phase=Engage outcome=None step=-1 clock=91842 initialized=1 inserted=1 relay=0 hardware=0 recovery=0 aboard=0 secure=0 failure=None
UnityEngine.Debug:Log (object)
Game.Editor.CH04M04GroundedSignalInputProbe:Tick () (at Assets/Game/Scripts/Editor/CH04M04GroundedSignalInputProbe.cs:131)
UnityEditor.EditorApplication:Internal_CallUpdateFunctions () (at /Users/bokken/build/output/unity/unity/Editor/Mono/EditorApplication.cs:403)

[AudioDiag] Suppressed Alert.Unit.UnderAttack reason=GenericUnderAttackAlertDisabled sourceSystem=UnitAttackSystem requestedAt=192.19 damage=7 target=entity=444:5 name='Rifleman Female I' source='Unit_Chr_Soldier_Female_02_Alt_01' faction=1 cell=(781,621) hp=32/125 attacker=entity=487:5 name='Insurgent Raider Male III' source='Unit_Chr_Insurgent_Male_03' faction=2 cell=(827,645) hp=105/105
UnityEngine.Debug:Log (object)
Game.Runtime.UnitAttackSystem:LogSuppressedUnitUnderAttackAudio (Unity.Entities.EntityManager,Unity.Entities.Entity,Unity.Entities.Entity,int,single,string,string) (at Assets/Game/Scripts/Systems/UnitAttackSystem.cs:519)
Game.Runtime.UnitAttackSystem:TryEmitUnitUnderAttackAudio (Unity.Entities.EntityManager,Unity.Entities.Entity,single,Unity.Entities.Entity,int,string) (at Assets/Game/Scripts/Systems/UnitAttackSystem.cs:471)
Game.Runtime.UnitAttackSystem:OnUpdate (Unity.Entities.SystemState&) (at Assets/Game/Scripts/Systems/UnitAttackSystem.cs:395)
Game.Runtime.UnitAttackSystem:__codegen__OnUpdate (intptr,intptr)
Unity.Entities.SystemBaseRegistry/<>c__DisplayClass9_0:<SelectBurstFn>b__0 (intptr,intptr) (at ./Library/PackageCache/com.unity.entities@bab66ffaba49/Unity.Entities/SystemBaseRegistry.cs:251)
Unity.Entities.WorldUnmanagedImpl/Unity.Entities.UnmanagedUpdate_000015A0$BurstDirectCall:Invoke (void*)
Unity.Entities.WorldUnmanagedImpl:UnmanagedUpdate (void*)
Unity.Entities.WorldUnmanagedImpl:UpdateSystem (Unity.Entities.SystemHandle) (at ./Library/PackageCache/com.unity.entities@bab66ffaba49/Unity.Entities/WorldUnmanaged.cs:942)
Unity.Entities.ComponentSystemGroup:UpdateAllSystems () (at ./Library/PackageCache/com.unity.entities@bab66ffaba49/Unity.Entities/ComponentSystemGroup.cs:725)
Unity.Entities.ComponentSystemGroup:OnUpdate () (at ./Library/PackageCache/com.unity.entities@bab66ffaba49/Unity.Entities/ComponentSystemGroup.cs:687)
Unity.Entities.SystemBase:Update () (at ./Library/PackageCache/com.unity.entities@bab66ffaba49/Unity.Entities/SystemBase.cs:205)
Unity.Entities.ScriptBehaviourUpdateOrder/DummyDelegateWrapper:TriggerUpdate () (at ./Library/PackageCache/com.unity.entities@bab66ffaba49/Unity.Entities/ScriptBehaviourUpdateOrder.cs:523)

[FrameRateDiag] fps=46.2 avgFrame=21.6ms updateAvg=7.4ms updateMax=15.2ms cpuFrame=26.3ms cpuMain=21.4ms cpuRender=0.7ms gpu=9.5ms drawCalls=316 batches=0 setPass=100 tris=427309 verts=720229 units=359 models=15 sourceKeys=359 sourceKeyFallbackVisuals=0 initialSpawnConfigs=1 impostors=5 render=screen=1920x1080,batch=0,quality=0:PC,vSync=0,targetFps=-1,pipeline=Mobile_RPAsset_MobileCandidate,scale=0.75,msaa=0,camera=Main Camera,cameraData=post:1,aa:FastApproximateAntialiasing,stack:0 memory=alloc=5194MB reserved=6141MB mono=2753MB focused=1 playRequested=1 simulationActive=1 stepStats=none topSystems=disabled markers=disabled
[AudioDiag] Suppressed Alert.Unit.UnderAttack reason=GenericUnderAttackAlertDisabled sourceSystem=UnitAttackSystem requestedAt=192.30 damage=13 target=entity=444:5 name='Rifleman Female I' source='Unit_Chr_Soldier_Female_02_Alt_01' faction=1 cell=(782,621) hp=19/125 attacker=entity=480:5 name='Insurgent Rifleman Female I' source='Unit_Chr_Insurgent_Female_01' faction=2 cell=(829,644) hp=95/95
UnityEngine.Debug:Log (object)
Game.Runtime.UnitAttackSystem:LogSuppressedUnitUnderAttackAudio (Unity.Entities.EntityManager,Unity.Entities.Entity,Unity.Entities.Entity,int,single,string,string) (at Assets/Game/Scripts/Systems/UnitAttackSystem.cs:519)
Game.Runtime.UnitAttackSystem:TryEmitUnitUnderAttackAudio (Unity.Entities.EntityManager,Unity.Entities.Entity,single,Unity.Entities.Entity,int,string) (at Assets/Game/Scripts/Systems/UnitAttackSystem.cs:471)
Game.Runtime.UnitAttackSystem:OnUpdate (Unity.Entities.SystemState&) (at Assets/Game/Scripts/Systems/UnitAttackSystem.cs:395)
Game.Runtime.UnitAttackSystem:__codegen__OnUpdate (intptr,intptr)
Unity.Entities.SystemBaseRegistry/<>c__DisplayClass9_0:<SelectBurstFn>b__0 (intptr,intptr) (at ./Library/PackageCache/com.unity.entities@bab66ffaba49/Unity.Entities/SystemBaseRegistry.cs:251)
Unity.Entities.WorldUnmanagedImpl/Unity.Entities.UnmanagedUpdate_000015A0$BurstDirectCall:Invoke (void*)
Unity.Entities.WorldUnmanagedImpl:UnmanagedUpdate (void*)
Unity.Entities.WorldUnmanagedImpl:UpdateSystem (Unity.Entities.SystemHandle) (at ./Library/PackageCache/com.unity.entities@bab66ffaba49/Unity.Entities/WorldUnmanaged.cs:942)
Unity.Entities.ComponentSystemGroup:UpdateAllSystems () (at ./Library/PackageCache/com.unity.entities@bab66ffaba49/Unity.Entities/ComponentSystemGroup.cs:725)
Unity.Entities.ComponentSystemGroup:OnUpdate () (at ./Library/PackageCache/com.unity.entities@bab66ffaba49/Unity.Entities/ComponentSystemGroup.cs:687)
Unity.Entities.SystemBase:Update () (at ./Library/PackageCache/com.unity.entities@bab66ffaba49/Unity.Entities/SystemBase.cs:205)
Unity.Entities.ScriptBehaviourUpdateOrder/DummyDelegateWrapper:TriggerUpdate () (at ./Library/PackageCache/com.unity.entities@bab66ffaba49/Unity.Entities/ScriptBehaviourUpdateOrder.cs:523)

[AudioDiag] Suppressed Alert.Unit.UnderAttack reason=GenericUnderAttackAlertDisabled sourceSystem=UnitAttackSystem requestedAt=192.40 damage=7 target=entity=444:5 name='Rifleman Female I' source='Unit_Chr_Soldier_Female_02_Alt_01' faction=1 cell=(782,621) hp=12/125 attacker=entity=473:5 name='Insurgent Raider Male III' source='Unit_Chr_Insurgent_Male_03' faction=2 cell=(827,643) hp=105/105
UnityEngine.Debug:Log (object)
Game.Runtime.UnitAttackSystem:LogSuppressedUnitUnderAttackAudio (Unity.Entities.EntityManager,Unity.Entities.Entity,Unity.Entities.Entity,int,single,string,string) (at Assets/Game/Scripts/Systems/UnitAttackSystem.cs:519)
Game.Runtime.UnitAttackSystem:TryEmitUnitUnderAttackAudio (Unity.Entities.EntityManager,Unity.Entities.Entity,single,Unity.Entities.Entity,int,string) (at Assets/Game/Scripts/Systems/UnitAttackSystem.cs:471)
Game.Runtime.UnitAttackSystem:OnUpdate (Unity.Entities.SystemState&) (at Assets/Game/Scripts/Systems/UnitAttackSystem.cs:395)
Game.Runtime.UnitAttackSystem:__codegen__OnUpdate (intptr,intptr)
Unity.Entities.SystemBaseRegistry/<>c__DisplayClass9_0:<SelectBurstFn>b__0 (intptr,intptr) (at ./Library/PackageCache/com.unity.entities@bab66ffaba49/Unity.Entities/SystemBaseRegistry.cs:251)
Unity.Entities.WorldUnmanagedImpl/Unity.Entities.UnmanagedUpdate_000015A0$BurstDirectCall:Invoke (void*)
Unity.Entities.WorldUnmanagedImpl:UnmanagedUpdate (void*)
Unity.Entities.WorldUnmanagedImpl:UpdateSystem (Unity.Entities.SystemHandle) (at ./Library/PackageCache/com.unity.entities@bab66ffaba49/Unity.Entities/WorldUnmanaged.cs:942)
Unity.Entities.ComponentSystemGroup:UpdateAllSystems () (at ./Library/PackageCache/com.unity.entities@bab66ffaba49/Unity.Entities/ComponentSystemGroup.cs:725)
Unity.Entities.ComponentSystemGroup:OnUpdate () (at ./Library/PackageCache/com.unity.entities@bab66ffaba49/Unity.Entities/ComponentSystemGroup.cs:687)
Unity.Entities.SystemBase:Update () (at ./Library/PackageCache/com.unity.entities@bab66ffaba49/Unity.Entities/SystemBase.cs:205)
Unity.Entities.ScriptBehaviourUpdateOrder/DummyDelegateWrapper:TriggerUpdate () (at ./Library/PackageCache/com.unity.entities@bab66ffaba49/Unity.Entities/ScriptBehaviourUpdateOrder.cs:523)

[AudioDiag] Suppressed Alert.Unit.UnderAttack reason=GenericUnderAttackAlertDisabled sourceSystem=UnitAttackSystem requestedAt=192.66 damage=7 target=entity=444:5 name='Rifleman Female I' source='Unit_Chr_Soldier_Female_02_Alt_01' faction=1 cell=(783,621) hp=5/125 attacker=entity=487:5 name='Insurgent Raider Male III' source='Unit_Chr_Insurgent_Male_03' faction=2 cell=(827,645) hp=105/105
UnityEngine.Debug:Log (object)
Game.Runtime.UnitAttackSystem:LogSuppressedUnitUnderAttackAudio (Unity.Entities.EntityManager,Unity.Entities.Entity,Unity.Entities.Entity,int,single,string,string) (at Assets/Game/Scripts/Systems/UnitAttackSystem.cs:519)
Game.Runtime.UnitAttackSystem:TryEmitUnitUnderAttackAudio (Unity.Entities.EntityManager,Unity.Entities.Entity,single,Unity.Entities.Entity,int,string) (at Assets/Game/Scripts/Systems/UnitAttackSystem.cs:471)
Game.Runtime.UnitAttackSystem:OnUpdate (Unity.Entities.SystemState&) (at Assets/Game/Scripts/Systems/UnitAttackSystem.cs:395)
Game.Runtime.UnitAttackSystem:__codegen__OnUpdate (intptr,intptr)
Unity.Entities.SystemBaseRegistry/<>c__DisplayClass9_0:<SelectBurstFn>b__0 (intptr,intptr) (at ./Library/PackageCache/com.unity.entities@bab66ffaba49/Unity.Entities/SystemBaseRegistry.cs:251)
Unity.Entities.WorldUnmanagedImpl/Unity.Entities.UnmanagedUpdate_000015A0$BurstDirectCall:Invoke (void*)
Unity.Entities.WorldUnmanagedImpl:UnmanagedUpdate (void*)
Unity.Entities.WorldUnmanagedImpl:UpdateSystem (Unity.Entities.SystemHandle) (at ./Library/PackageCache/com.unity.entities@bab66ffaba49/Unity.Entities/WorldUnmanaged.cs:942)
Unity.Entities.ComponentSystemGroup:UpdateAllSystems () (at ./Library/PackageCache/com.unity.entities@bab66ffaba49/Unity.Entities/ComponentSystemGroup.cs:725)
Unity.Entities.ComponentSystemGroup:OnUpdate () (at ./Library/PackageCache/com.unity.entities@bab66ffaba49/Unity.Entities/ComponentSystemGroup.cs:687)
Unity.Entities.SystemBase:Update () (at ./Library/PackageCache/com.unity.entities@bab66ffaba49/Unity.Entities/SystemBase.cs:205)
Unity.Entities.ScriptBehaviourUpdateOrder/DummyDelegateWrapper:TriggerUpdate () (at ./Library/PackageCache/com.unity.entities@bab66ffaba49/Unity.Entities/ScriptBehaviourUpdateOrder.cs:523)

[AudioDiag] Suppressed Alert.Unit.UnderAttack reason=GenericUnderAttackAlertDisabled sourceSystem=UnitAttackSystem requestedAt=192.84 damage=7 target=entity=444:5 name='Rifleman Female I' source='Unit_Chr_Soldier_Female_02_Alt_01' faction=1 cell=(784,621) hp=0/125 attacker=entity=473:5 name='Insurgent Raider Male III' source='Unit_Chr_Insurgent_Male_03' faction=2 cell=(827,643) hp=105/105
UnityEngine.Debug:Log (object)
Game.Runtime.UnitAttackSystem:LogSuppressedUnitUnderAttackAudio (Unity.Entities.EntityManager,Unity.Entities.Entity,Unity.Entities.Entity,int,single,string,string) (at Assets/Game/Scripts/Systems/UnitAttackSystem.cs:519)
Game.Runtime.UnitAttackSystem:TryEmitUnitUnderAttackAudio (Unity.Entities.EntityManager,Unity.Entities.Entity,single,Unity.Entities.Entity,int,string) (at Assets/Game/Scripts/Systems/UnitAttackSystem.cs:471)
Game.Runtime.UnitAttackSystem:OnUpdate (Unity.Entities.SystemState&) (at Assets/Game/Scripts/Systems/UnitAttackSystem.cs:395)
Game.Runtime.UnitAttackSystem:__codegen__OnUpdate (intptr,intptr)
Unity.Entities.SystemBaseRegistry/<>c__DisplayClass9_0:<SelectBurstFn>b__0 (intptr,intptr) (at ./Library/PackageCache/com.unity.entities@bab66ffaba49/Unity.Entities/SystemBaseRegistry.cs:251)
Unity.Entities.WorldUnmanagedImpl/Unity.Entities.UnmanagedUpdate_000015A0$BurstDirectCall:Invoke (void*)
Unity.Entities.WorldUnmanagedImpl:UnmanagedUpdate (void*)
Unity.Entities.WorldUnmanagedImpl:UpdateSystem (Unity.Entities.SystemHandle) (at ./Library/PackageCache/com.unity.entities@bab66ffaba49/Unity.Entities/WorldUnmanaged.cs:942)
Unity.Entities.ComponentSystemGroup:UpdateAllSystems () (at ./Library/PackageCache/com.unity.entities@bab66ffaba49/Unity.Entities/ComponentSystemGroup.cs:725)
Unity.Entities.ComponentSystemGroup:OnUpdate () (at ./Library/PackageCache/com.unity.entities@bab66ffaba49/Unity.Entities/ComponentSystemGroup.cs:687)
Unity.Entities.SystemBase:Update () (at ./Library/PackageCache/com.unity.entities@bab66ffaba49/Unity.Entities/SystemBase.cs:205)
Unity.Entities.ScriptBehaviourUpdateOrder/DummyDelegateWrapper:TriggerUpdate () (at ./Library/PackageCache/com.unity.entities@bab66ffaba49/Unity.Entities/ScriptBehaviourUpdateOrder.cs:523)

[AudioDiag] Suppressed Alert.Unit.UnderAttack reason=GenericUnderAttackAlertDisabled sourceSystem=UnitAttackSystem requestedAt=193.15 damage=7 target=entity=424:5 name='Rifleman Male IV' source='Unit_Chr_Soldier_Male_02_Alt_04' faction=1 cell=(788,618) hp=118/125 attacker=entity=487:5 name='Insurgent Raider Male III' source='Unit_Chr_Insurgent_Male_03' faction=2 cell=(827,645) hp=105/105
UnityEngine.Debug:Log (object)
Game.Runtime.UnitAttackSystem:LogSuppressedUnitUnderAttackAudio (Unity.Entities.EntityManager,Unity.Entities.Entity,Unity.Entities.Entity,int,single,string,string) (at Assets/Game/Scripts/Systems/UnitAttackSystem.cs:519)
Game.Runtime.UnitAttackSystem:TryEmitUnitUnderAttackAudio (Unity.Entities.EntityManager,Unity.Entities.Entity,single,Unity.Entities.Entity,int,string) (at Assets/Game/Scripts/Systems/UnitAttackSystem.cs:471)
Game.Runtime.UnitAttackSystem:OnUpdate (Unity.Entities.SystemState&) (at Assets/Game/Scripts/Systems/UnitAttackSystem.cs:395)
Game.Runtime.UnitAttackSystem:__codegen__OnUpdate (intptr,intptr)
Unity.Entities.SystemBaseRegistry/<>c__DisplayClass9_0:<SelectBurstFn>b__0 (intptr,intptr) (at ./Library/PackageCache/com.unity.entities@bab66ffaba49/Unity.Entities/SystemBaseRegistry.cs:251)
Unity.Entities.WorldUnmanagedImpl/Unity.Entities.UnmanagedUpdate_000015A0$BurstDirectCall:Invoke (void*)
Unity.Entities.WorldUnmanagedImpl:UnmanagedUpdate (void*)
Unity.Entities.WorldUnmanagedImpl:UpdateSystem (Unity.Entities.SystemHandle) (at ./Library/PackageCache/com.unity.entities@bab66ffaba49/Unity.Entities/WorldUnmanaged.cs:942)
Unity.Entities.ComponentSystemGroup:UpdateAllSystems () (at ./Library/PackageCache/com.unity.entities@bab66ffaba49/Unity.Entities/ComponentSystemGroup.cs:725)
Unity.Entities.ComponentSystemGroup:OnUpdate () (at ./Library/PackageCache/com.unity.entities@bab66ffaba49/Unity.Entities/ComponentSystemGroup.cs:687)
Unity.Entities.SystemBase:Update () (at ./Library/PackageCache/com.unity.entities@bab66ffaba49/Unity.Entities/SystemBase.cs:205)
Unity.Entities.ScriptBehaviourUpdateOrder/DummyDelegateWrapper:TriggerUpdate () (at ./Library/PackageCache/com.unity.entities@bab66ffaba49/Unity.Entities/ScriptBehaviourUpdateOrder.cs:523)

[AudioDiag] Suppressed Alert.Unit.UnderAttack reason=GenericUnderAttackAlertDisabled sourceSystem=UnitAttackSystem requestedAt=193.27 damage=13 target=entity=424:5 name='Rifleman Male IV' source='Unit_Chr_Soldier_Male_02_Alt_04' faction=1 cell=(788,618) hp=105/125 attacker=entity=480:5 name='Insurgent Rifleman Female I' source='Unit_Chr_Insurgent_Female_01' faction=2 cell=(829,644) hp=95/95
UnityEngine.Debug:Log (object)
Game.Runtime.UnitAttackSystem:LogSuppressedUnitUnderAttackAudio (Unity.Entities.EntityManager,Unity.Entities.Entity,Unity.Entities.Entity,int,single,string,string) (at Assets/Game/Scripts/Systems/UnitAttackSystem.cs:519)
Game.Runtime.UnitAttackSystem:TryEmitUnitUnderAttackAudio (Unity.Entities.EntityManager,Unity.Entities.Entity,single,Unity.Entities.Entity,int,string) (at Assets/Game/Scripts/Systems/UnitAttackSystem.cs:471)
Game.Runtime.UnitAttackSystem:OnUpdate (Unity.Entities.SystemState&) (at Assets/Game/Scripts/Systems/UnitAttackSystem.cs:395)
Game.Runtime.UnitAttackSystem:__codegen__OnUpdate (intptr,intptr)
Unity.Entities.SystemBaseRegistry/<>c__DisplayClass9_0:<SelectBurstFn>b__0 (intptr,intptr) (at ./Library/PackageCache/com.unity.entities@bab66ffaba49/Unity.Entities/SystemBaseRegistry.cs:251)
Unity.Entities.WorldUnmanagedImpl/Unity.Entities.UnmanagedUpdate_000015A0$BurstDirectCall:Invoke (void*)
Unity.Entities.WorldUnmanagedImpl:UnmanagedUpdate (void*)
Unity.Entities.WorldUnmanagedImpl:UpdateSystem (Unity.Entities.SystemHandle) (at ./Library/PackageCache/com.unity.entities@bab66ffaba49/Unity.Entities/WorldUnmanaged.cs:942)
Unity.Entities.ComponentSystemGroup:UpdateAllSystems () (at ./Library/PackageCache/com.unity.entities@bab66ffaba49/Unity.Entities/ComponentSystemGroup.cs:725)
Unity.Entities.ComponentSystemGroup:OnUpdate () (at ./Library/PackageCache/com.unity.entities@bab66ffaba49/Unity.Entities/ComponentSystemGroup.cs:687)
Unity.Entities.SystemBase:Update () (at ./Library/PackageCache/com.unity.entities@bab66ffaba49/Unity.Entities/SystemBase.cs:205)
Unity.Entities.ScriptBehaviourUpdateOrder/DummyDelegateWrapper:TriggerUpdate () (at ./Library/PackageCache/com.unity.entities@bab66ffaba49/Unity.Entities/ScriptBehaviourUpdateOrder.cs:523)

[AudioDiag] Suppressed Alert.Unit.UnderAttack reason=GenericUnderAttackAlertDisabled sourceSystem=UnitAttackSystem requestedAt=193.35 damage=7 target=entity=424:5 name='Rifleman Male IV' source='Unit_Chr_Soldier_Male_02_Alt_04' faction=1 cell=(788,618) hp=98/125 attacker=entity=473:5 name='Insurgent Raider Male III' source='Unit_Chr_Insurgent_Male_03' faction=2 cell=(827,643) hp=105/105
UnityEngine.Debug:Log (object)
Game.Runtime.UnitAttackSystem:LogSuppressedUnitUnderAttackAudio (Unity.Entities.EntityManager,Unity.Entities.Entity,Unity.Entities.Entity,int,single,string,string) (at Assets/Game/Scripts/Systems/UnitAttackSystem.cs:519)
Game.Runtime.UnitAttackSystem:TryEmitUnitUnderAttackAudio (Unity.Entities.EntityManager,Unity.Entities.Entity,single,Unity.Entities.Entity,int,string) (at Assets/Game/Scripts/Systems/UnitAttackSystem.cs:471)
Game.Runtime.UnitAttackSystem:OnUpdate (Unity.Entities.SystemState&) (at Assets/Game/Scripts/Systems/UnitAttackSystem.cs:395)
Game.Runtime.UnitAttackSystem:__codegen__OnUpdate (intptr,intptr)
Unity.Entities.SystemBaseRegistry/<>c__DisplayClass9_0:<SelectBurstFn>b__0 (intptr,intptr) (at ./Library/PackageCache/com.unity.entities@bab66ffaba49/Unity.Entities/SystemBaseRegistry.cs:251)
Unity.Entities.WorldUnmanagedImpl/Unity.Entities.UnmanagedUpdate_000015A0$BurstDirectCall:Invoke (void*)
Unity.Entities.WorldUnmanagedImpl:UnmanagedUpdate (void*)
Unity.Entities.WorldUnmanagedImpl:UpdateSystem (Unity.Entities.SystemHandle) (at ./Library/PackageCache/com.unity.entities@bab66ffaba49/Unity.Entities/WorldUnmanaged.cs:942)
Unity.Entities.ComponentSystemGroup:UpdateAllSystems () (at ./Library/PackageCache/com.unity.entities@bab66ffaba49/Unity.Entities/ComponentSystemGroup.cs:725)
Unity.Entities.ComponentSystemGroup:OnUpdate () (at ./Library/PackageCache/com.unity.entities@bab66ffaba49/Unity.Entities/ComponentSystemGroup.cs:687)
Unity.Entities.SystemBase:Update () (at ./Library/PackageCache/com.unity.entities@bab66ffaba49/Unity.Entities/SystemBase.cs:205)
Unity.Entities.ScriptBehaviourUpdateOrder/DummyDelegateWrapper:TriggerUpdate () (at ./Library/PackageCache/com.unity.entities@bab66ffaba49/Unity.Entities/ScriptBehaviourUpdateOrder.cs:523)

[FreezeDetect] Update hitch frame=10361 BuildingPlacement=245.3ms, GC=0/0/0, Total=259.0ms
[PerfDiag] slowUpdate frame=10361 total=259.0ms gc=0/0/0 cpuFrame=19.9ms cpuMain=16.9ms cpuRender=0.5ms gpu=0.4ms steps=RoadBuild=0.0ms, BuildingPlacement=245.3ms, Selection=0.8ms, DayNight=0.0ms, CitizenPopulation=0.0ms, MainMenu=12.8ms units=359 models=15 sourceKeys=359 sourceKeyFallbackVisuals=0 initialSpawnConfigs=1 drawCalls=318 batches=0 setPass=103 tris=427271 verts=720153 memory=alloc=5349MB reserved=6261MB mono=2789MB uiToolkit=0 gameplayInitialized=1 playRequested=1 simulationActive=1 focused=1 vSync=0 targetFps=-1 topSystems=disabled markers=disabled
[FreezeDetect] Frame gap frame=10362 Gap=279.1ms GC=0/0/0 LastSteps=RoadBuild=0.0ms, BuildingPlacement=245.3ms, Selection=0.8ms, DayNight=0.0ms, CitizenPopulation=0.0ms, MainMenu=12.8ms
[FrameRateDiag] fps=39.7 avgFrame=25.2ms updateAvg=11.0ms updateMax=259.0ms cpuFrame=19.5ms cpuMain=16.1ms cpuRender=1.8ms gpu=6.1ms drawCalls=319 batches=0 setPass=105 tris=427297 verts=720205 units=359 models=15 sourceKeys=359 sourceKeyFallbackVisuals=0 initialSpawnConfigs=1 impostors=5 render=screen=1920x1080,batch=0,quality=0:PC,vSync=0,targetFps=-1,pipeline=Mobile_RPAsset_MobileCandidate,scale=0.75,msaa=0,camera=Main Camera,cameraData=post:1,aa:FastApproximateAntialiasing,stack:0 memory=alloc=5223MB reserved=6141MB mono=2790MB focused=1 playRequested=1 simulationActive=1 stepStats=none topSystems=disabled markers=disabled
[RenderSceneDiag] frame=10370 source=profilerCounters drawCalls=319 batches=0 setPass=105 tris=427297 verts=720205 topSystems=disabled markers=disabled
[GroundedSignalInputState] phase=Engage outcome=None step=-1 clock=96842 initialized=1 inserted=1 relay=0 hardware=0 recovery=0 aboard=0 secure=0 failure=None
UnityEngine.Debug:Log (object)
Game.Editor.CH04M04GroundedSignalInputProbe:Tick () (at Assets/Game/Scripts/Editor/CH04M04GroundedSignalInputProbe.cs:131)
UnityEditor.EditorApplication:Internal_CallUpdateFunctions () (at /Users/bokken/build/output/unity/unity/Editor/Mono/EditorApplication.cs:403)

[PerfDiag] slowUpdate frame=10553 total=39.7ms gc=0/0/0 cpuFrame=35.4ms cpuMain=29.7ms cpuRender=2.5ms gpu=14.3ms steps=RoadBuild=0.0ms, BuildingPlacement=0.1ms, Selection=22.9ms, DayNight=0.0ms, CitizenPopulation=0.0ms, MainMenu=16.7ms units=359 models=15 sourceKeys=359 sourceKeyFallbackVisuals=0 initialSpawnConfigs=1 drawCalls=327 batches=0 setPass=110 tris=443328 verts=743173 memory=alloc=5236MB reserved=6150MB mono=2824MB uiToolkit=0 gameplayInitialized=1 playRequested=1 simulationActive=1 focused=1 vSync=0 targetFps=-1 topSystems=disabled markers=disabled
[FrameRateDiag] fps=42.2 avgFrame=23.7ms updateAvg=7.6ms updateMax=39.7ms cpuFrame=26.7ms cpuMain=21.6ms cpuRender=1.8ms gpu=10.2ms drawCalls=338 batches=0 setPass=122 tris=444706 verts=745569 units=359 models=15 sourceKeys=359 sourceKeyFallbackVisuals=0 initialSpawnConfigs=1 impostors=5 render=screen=1920x1080,batch=0,quality=0:PC,vSync=0,targetFps=-1,pipeline=Mobile_RPAsset_MobileCandidate,scale=0.75,msaa=0,camera=Main Camera,cameraData=post:1,aa:FastApproximateAntialiasing,stack:0 memory=alloc=5237MB reserved=6150MB mono=2826MB focused=1 playRequested=1 simulationActive=1 stepStats=none topSystems=disabled markers=disabled
[FrameRateDiag] fps=54.4 avgFrame=18.4ms updateAvg=5.7ms updateMax=20.9ms cpuFrame=21.5ms cpuMain=18.8ms cpuRender=1.6ms gpu=4.7ms drawCalls=338 batches=0 setPass=127 tris=444558 verts=745273 units=359 models=15 sourceKeys=359 sourceKeyFallbackVisuals=0 initialSpawnConfigs=1 impostors=5 render=screen=1920x1080,batch=0,quality=0:PC,vSync=0,targetFps=-1,pipeline=Mobile_RPAsset_MobileCandidate,scale=0.75,msaa=0,camera=Main Camera,cameraData=post:1,aa:FastApproximateAntialiasing,stack:0 memory=alloc=5219MB reserved=6150MB mono=2843MB focused=1 playRequested=1 simulationActive=1 stepStats=none topSystems=disabled markers=disabled
[PerfDiag] slowUpdate frame=10676 total=31.6ms gc=0/0/0 cpuFrame=30.7ms cpuMain=27.8ms cpuRender=1.8ms gpu=4.7ms steps=RoadBuild=0.0ms, BuildingPlacement=0.0ms, Selection=0.6ms, DayNight=0.0ms, CitizenPopulation=0.0ms, MainMenu=30.9ms units=359 models=15 sourceKeys=359 sourceKeyFallbackVisuals=0 initialSpawnConfigs=1 drawCalls=338 batches=0 setPass=121 tris=444560 verts=745277 memory=alloc=5219MB reserved=6150MB mono=2843MB uiToolkit=0 gameplayInitialized=1 playRequested=1 simulationActive=1 focused=1 vSync=0 targetFps=-1 topSystems=disabled markers=disabled
[FreezeDetect] Update hitch frame=10747 BuildingPlacement=278.9ms, GC=0/0/0, Total=288.5ms
[PerfDiag] slowUpdate frame=10747 total=288.5ms gc=0/0/0 cpuFrame=20.0ms cpuMain=15.3ms cpuRender=1.9ms gpu=8.5ms steps=RoadBuild=0.0ms, BuildingPlacement=278.9ms, Selection=0.4ms, DayNight=0.0ms, CitizenPopulation=0.0ms, MainMenu=9.2ms units=359 models=15 sourceKeys=359 sourceKeyFallbackVisuals=0 initialSpawnConfigs=1 drawCalls=318 batches=0 setPass=115 tris=405011 verts=674659 memory=alloc=5356MB reserved=6265MB mono=2472MB uiToolkit=0 gameplayInitialized=1 playRequested=1 simulationActive=1 focused=1 vSync=0 targetFps=-1 topSystems=disabled markers=disabled
[GroundedSignalInputState] phase=Engage outcome=None step=-1 clock=101627 initialized=1 inserted=1 relay=0 hardware=0 recovery=0 aboard=0 secure=0 failure=None
UnityEngine.Debug:Log (object)
Game.Editor.CH04M04GroundedSignalInputProbe:Tick () (at Assets/Game/Scripts/Editor/CH04M04GroundedSignalInputProbe.cs:131)
UnityEditor.EditorApplication:Internal_CallUpdateFunctions () (at /Users/bokken/build/output/unity/unity/Editor/Mono/EditorApplication.cs:403)

[FreezeDetect] Frame gap frame=10748 Gap=314.0ms GC=0/0/0 LastSteps=RoadBuild=0.0ms, BuildingPlacement=278.9ms, Selection=0.4ms, DayNight=0.0ms, CitizenPopulation=0.0ms, MainMenu=9.2ms
[FrameRateDiag] fps=37.4 avgFrame=26.7ms updateAvg=10.9ms updateMax=288.5ms cpuFrame=19.6ms cpuMain=14.8ms cpuRender=1.3ms gpu=10.6ms drawCalls=317 batches=0 setPass=119 tris=402787 verts=670629 units=359 models=15 sourceKeys=359 sourceKeyFallbackVisuals=0 initialSpawnConfigs=1 impostors=5 render=screen=1920x1080,batch=0,quality=0:PC,vSync=0,targetFps=-1,pipeline=Mobile_RPAsset_MobileCandidate,scale=0.75,msaa=0,camera=Main Camera,cameraData=post:1,aa:FastApproximateAntialiasing,stack:0 memory=alloc=5229MB reserved=6145MB mono=2473MB focused=1 playRequested=1 simulationActive=1 stepStats=none topSystems=disabled markers=disabled
[FrameRateDiag] fps=55.0 avgFrame=18.2ms updateAvg=5.9ms updateMax=11.7ms cpuFrame=15.8ms cpuMain=13.3ms cpuRender=1.5ms gpu=5.5ms drawCalls=287 batches=0 setPass=101 tris=362841 verts=579695 units=358 models=14 sourceKeys=358 sourceKeyFallbackVisuals=0 initialSpawnConfigs=1 impostors=5 render=screen=1920x1080,batch=0,quality=0:PC,vSync=0,targetFps=-1,pipeline=Mobile_RPAsset_MobileCandidate,scale=0.75,msaa=0,camera=Main Camera,cameraData=post:1,aa:FastApproximateAntialiasing,stack:0 memory=alloc=5234MB reserved=6150MB mono=2489MB focused=1 playRequested=1 simulationActive=1 stepStats=none topSystems=disabled markers=disabled
[RenderSceneDiag] frame=10860 source=profilerCounters drawCalls=287 batches=0 setPass=101 tris=362841 verts=579695 topSystems=disabled markers=disabled
[GroundedSignalInputState] phase=Engage outcome=None step=-1 clock=106927 initialized=1 inserted=1 relay=0 hardware=0 recovery=0 aboard=0 secure=0 failure=None
UnityEngine.Debug:Log (object)
Game.Editor.CH04M04GroundedSignalInputProbe:Tick () (at Assets/Game/Scripts/Editor/CH04M04GroundedSignalInputProbe.cs:131)
UnityEditor.EditorApplication:Internal_CallUpdateFunctions () (at /Users/bokken/build/output/unity/unity/Editor/Mono/EditorApplication.cs:403)

[PerfDiag] slowUpdate frame=11099 total=36.7ms gc=0/0/0 cpuFrame=16.1ms cpuMain=13.3ms cpuRender=1.4ms gpu=5.3ms steps=RoadBuild=0.0ms, BuildingPlacement=0.1ms, Selection=0.1ms, DayNight=0.0ms, CitizenPopulation=0.0ms, MainMenu=36.4ms units=355 models=11 sourceKeys=355 sourceKeyFallbackVisuals=0 initialSpawnConfigs=1 drawCalls=234 batches=0 setPass=89 tris=322369 verts=555888 memory=alloc=5221MB reserved=6147MB mono=2524MB uiToolkit=0 gameplayInitialized=1 playRequested=1 simulationActive=1 focused=1 vSync=0 targetFps=-1 topSystems=disabled markers=disabled
[FreezeDetect] Update hitch frame=11178 BuildingPlacement=279.8ms, GC=0/0/0, Total=287.4ms
[PerfDiag] slowUpdate frame=11178 total=287.4ms gc=0/0/0 cpuFrame=16.2ms cpuMain=13.3ms cpuRender=0.4ms gpu=5.2ms steps=RoadBuild=0.0ms, BuildingPlacement=279.8ms, Selection=0.2ms, DayNight=0.0ms, CitizenPopulation=0.0ms, MainMenu=7.4ms units=355 models=11 sourceKeys=355 sourceKeyFallbackVisuals=0 initialSpawnConfigs=1 drawCalls=256 batches=0 setPass=91 tris=310566 verts=485942 memory=alloc=5375MB reserved=6283MB mono=2545MB uiToolkit=0 gameplayInitialized=1 playRequested=1 simulationActive=1 focused=1 vSync=0 targetFps=-1 topSystems=disabled markers=disabled
[FreezeDetect] Frame gap frame=11179 Gap=305.8ms GC=0/0/0 LastSteps=RoadBuild=0.0ms, BuildingPlacement=279.8ms, Selection=0.2ms, DayNight=0.0ms, CitizenPopulation=0.0ms, MainMenu=7.4ms
[FrameRateDiag] fps=50.0 avgFrame=20.0ms updateAvg=8.7ms updateMax=287.4ms cpuFrame=15.8ms cpuMain=13.4ms cpuRender=1.6ms gpu=5.9ms drawCalls=233 batches=0 setPass=91 tris=291858 verts=449501 units=355 models=11 sourceKeys=355 sourceKeyFallbackVisuals=0 initialSpawnConfigs=1 impostors=3 render=screen=1920x1080,batch=0,quality=0:PC,vSync=0,targetFps=-1,pipeline=Mobile_RPAsset_MobileCandidate,scale=0.75,msaa=0,camera=Main Camera,cameraData=post:1,aa:FastApproximateAntialiasing,stack:0 memory=alloc=5247MB reserved=6164MB mono=2547MB focused=1 playRequested=1 simulationActive=1 stepStats=none topSystems=disabled markers=disabled
[GroundedSignalInputState] phase=Engage outcome=None step=-1 clock=111936 initialized=1 inserted=1 relay=0 hardware=0 recovery=0 aboard=0 secure=0 failure=None
UnityEngine.Debug:Log (object)
Game.Editor.CH04M04GroundedSignalInputProbe:Tick () (at Assets/Game/Scripts/Editor/CH04M04GroundedSignalInputProbe.cs:131)
UnityEditor.EditorApplication:Internal_CallUpdateFunctions () (at /Users/bokken/build/output/unity/unity/Editor/Mono/EditorApplication.cs:403)

[FrameRateDiag] fps=51.0 avgFrame=19.6ms updateAvg=6.5ms updateMax=12.4ms cpuFrame=26.2ms cpuMain=18.9ms cpuRender=2.1ms gpu=6.3ms drawCalls=242 batches=0 setPass=92 tris=277524 verts=419743 units=355 models=11 sourceKeys=355 sourceKeyFallbackVisuals=0 initialSpawnConfigs=1 impostors=3 render=screen=1920x1080,batch=0,quality=0:PC,vSync=0,targetFps=-1,pipeline=Mobile_RPAsset_MobileCandidate,scale=0.75,msaa=0,camera=Main Camera,cameraData=post:1,aa:FastApproximateAntialiasing,stack:0 memory=alloc=5240MB reserved=6177MB mono=2597MB focused=1 playRequested=1 simulationActive=1 stepStats=none topSystems=disabled markers=disabled
[RenderSceneDiag] frame=11529 source=profilerCounters drawCalls=242 batches=0 setPass=92 tris=277524 verts=419743 topSystems=disabled markers=disabled
[GroundedSignalInputState] phase=Engage outcome=None step=-1 clock=116945 initialized=1 inserted=1 relay=0 hardware=0 recovery=0 aboard=0 secure=0 failure=None
UnityEngine.Debug:Log (object)
Game.Editor.CH04M04GroundedSignalInputProbe:Tick () (at Assets/Game/Scripts/Editor/CH04M04GroundedSignalInputProbe.cs:131)
UnityEditor.EditorApplication:Internal_CallUpdateFunctions () (at /Users/bokken/build/output/unity/unity/Editor/Mono/EditorApplication.cs:403)

[FreezeDetect] Update hitch frame=11601 BuildingPlacement=257.3ms, GC=0/0/0, Total=265.1ms
[PerfDiag] slowUpdate frame=11601 total=265.1ms gc=0/0/0 cpuFrame=16.0ms cpuMain=13.7ms cpuRender=1.4ms gpu=4.8ms steps=RoadBuild=0.0ms, BuildingPlacement=257.3ms, Selection=0.2ms, DayNight=0.0ms, CitizenPopulation=0.0ms, MainMenu=7.5ms units=355 models=11 sourceKeys=355 sourceKeyFallbackVisuals=0 initialSpawnConfigs=1 drawCalls=242 batches=0 setPass=92 tris=277524 verts=419743 memory=alloc=5394MB reserved=6313MB mono=2626MB uiToolkit=0 gameplayInitialized=1 playRequested=1 simulationActive=1 focused=1 vSync=0 targetFps=-1 topSystems=disabled markers=disabled
[FreezeDetect] Frame gap frame=11602 Gap=280.6ms GC=0/0/0 LastSteps=RoadBuild=0.0ms, BuildingPlacement=257.3ms, Selection=0.2ms, DayNight=0.0ms, CitizenPopulation=0.0ms, MainMenu=7.5ms
[FrameRateDiag] fps=45.3 avgFrame=22.1ms updateAvg=8.8ms updateMax=265.1ms cpuFrame=19.6ms cpuMain=14.5ms cpuRender=1.3ms gpu=7.8ms drawCalls=241 batches=0 setPass=92 tris=277434 verts=419614 units=355 models=11 sourceKeys=355 sourceKeyFallbackVisuals=0 initialSpawnConfigs=1 impostors=3 render=screen=1920x1080,batch=0,quality=0:PC,vSync=0,targetFps=-1,pipeline=Mobile_RPAsset_MobileCandidate,scale=0.75,msaa=0,camera=Main Camera,cameraData=post:1,aa:FastApproximateAntialiasing,stack:0 memory=alloc=5267MB reserved=6196MB mono=2629MB focused=1 playRequested=1 simulationActive=1 stepStats=none topSystems=disabled markers=disabled
[PerfDiag] slowUpdate frame=11702 total=25.2ms gc=0/0/0 cpuFrame=16.2ms cpuMain=13.8ms cpuRender=1.4ms gpu=5.3ms steps=RoadBuild=0.0ms, BuildingPlacement=0.1ms, Selection=20.1ms, DayNight=0.0ms, CitizenPopulation=0.0ms, MainMenu=4.9ms units=355 models=11 sourceKeys=355 sourceKeyFallbackVisuals=0 initialSpawnConfigs=1 drawCalls=242 batches=0 setPass=93 tris=277532 verts=419810 memory=alloc=5253MB reserved=6196MB mono=2642MB uiToolkit=0 gameplayInitialized=1 playRequested=1 simulationActive=1 focused=1 vSync=0 targetFps=-1 topSystems=disabled markers=disabled
[GroundedSignalInputState] phase=Engage outcome=None step=-1 clock=121952 initialized=1 inserted=1 relay=0 hardware=0 recovery=0 aboard=0 secure=0 failure=None
UnityEngine.Debug:Log (object)
Game.Editor.CH04M04GroundedSignalInputProbe:Tick () (at Assets/Game/Scripts/Editor/CH04M04GroundedSignalInputProbe.cs:131)
UnityEditor.EditorApplication:Internal_CallUpdateFunctions () (at /Users/bokken/build/output/unity/unity/Editor/Mono/EditorApplication.cs:403)

[FreezeDetect] Update hitch frame=12101 BuildingPlacement=258.5ms, GC=0/0/0, Total=266.6ms
[PerfDiag] slowUpdate frame=12101 total=266.6ms gc=0/0/0 cpuFrame=15.6ms cpuMain=13.2ms cpuRender=1.5ms gpu=5.5ms steps=RoadBuild=0.0ms, BuildingPlacement=258.5ms, Selection=0.2ms, DayNight=0.0ms, CitizenPopulation=0.0ms, MainMenu=7.8ms units=355 models=11 sourceKeys=355 sourceKeyFallbackVisuals=0 initialSpawnConfigs=1 drawCalls=251 batches=0 setPass=103 tris=312640 verts=490446 memory=alloc=5368MB reserved=6314MB mono=2713MB uiToolkit=0 gameplayInitialized=1 playRequested=1 simulationActive=1 focused=1 vSync=0 targetFps=-1 topSystems=disabled markers=disabled
[FreezeDetect] Frame gap frame=12102 Gap=286.8ms GC=0/0/0 LastSteps=RoadBuild=0.0ms, BuildingPlacement=258.5ms, Selection=0.2ms, DayNight=0.0ms, CitizenPopulation=0.0ms, MainMenu=7.8ms
[FrameRateDiag] fps=54.6 avgFrame=18.3ms updateAvg=7.2ms updateMax=266.6ms cpuFrame=16.8ms cpuMain=12.8ms cpuRender=0.4ms gpu=1.5ms drawCalls=253 batches=0 setPass=104 tris=305911 verts=524011 units=355 models=11 sourceKeys=355 sourceKeyFallbackVisuals=0 initialSpawnConfigs=1 impostors=6 render=screen=1920x1080,batch=0,quality=0:PC,vSync=0,targetFps=-1,pipeline=Mobile_RPAsset_MobileCandidate,scale=0.75,msaa=0,camera=Main Camera,cameraData=post:1,aa:FastApproximateAntialiasing,stack:0 memory=alloc=5241MB reserved=6193MB mono=2715MB focused=1 playRequested=1 simulationActive=1 stepStats=none topSystems=disabled markers=disabled
[RenderSceneDiag] frame=12116 source=profilerCounters drawCalls=253 batches=0 setPass=104 tris=305911 verts=524011 topSystems=disabled markers=disabled
[GroundedSignalInputState] phase=Engage outcome=None step=-1 clock=126970 initialized=1 inserted=1 relay=0 hardware=0 recovery=0 aboard=0 secure=0 failure=None
UnityEngine.Debug:Log (object)
Game.Editor.CH04M04GroundedSignalInputProbe:Tick () (at Assets/Game/Scripts/Editor/CH04M04GroundedSignalInputProbe.cs:131)
UnityEditor.EditorApplication:Internal_CallUpdateFunctions () (at /Users/bokken/build/output/unity/unity/Editor/Mono/EditorApplication.cs:403)

[PerfDiag] slowUpdate frame=12286 total=36.2ms gc=0/0/0 cpuFrame=14.7ms cpuMain=12.5ms cpuRender=1.4ms gpu=6.3ms steps=RoadBuild=0.0ms, BuildingPlacement=0.1ms, Selection=0.2ms, DayNight=0.0ms, CitizenPopulation=0.0ms, MainMenu=36.0ms units=355 models=11 sourceKeys=355 sourceKeyFallbackVisuals=0 initialSpawnConfigs=1 drawCalls=248 batches=0 setPass=106 tris=275061 verts=384927 memory=alloc=5237MB reserved=6192MB mono=2740MB uiToolkit=0 gameplayInitialized=1 playRequested=1 simulationActive=1 focused=1 vSync=0 targetFps=-1 topSystems=disabled markers=disabled
[GroundedSignalInputState] phase=Engage outcome=None step=-1 clock=131986 initialized=1 inserted=1 relay=0 hardware=0 recovery=0 aboard=0 secure=0 failure=None
UnityEngine.Debug:Log (object)
Game.Editor.CH04M04GroundedSignalInputProbe:Tick () (at Assets/Game/Scripts/Editor/CH04M04GroundedSignalInputProbe.cs:131)
UnityEditor.EditorApplication:Internal_CallUpdateFunctions () (at /Users/bokken/build/output/unity/unity/Editor/Mono/EditorApplication.cs:403)

[FreezeDetect] Update hitch frame=12547 BuildingPlacement=295.0ms, GC=0/0/0, Total=303.4ms
[PerfDiag] slowUpdate frame=12547 total=303.4ms gc=0/0/0 cpuFrame=23.6ms cpuMain=18.8ms cpuRender=0.7ms gpu=5.2ms steps=RoadBuild=0.0ms, BuildingPlacement=295.0ms, Selection=0.2ms, DayNight=0.0ms, CitizenPopulation=0.0ms, MainMenu=8.1ms units=355 models=11 sourceKeys=355 sourceKeyFallbackVisuals=0 initialSpawnConfigs=1 drawCalls=264 batches=0 setPass=106 tris=321926 verts=476818 memory=alloc=5351MB reserved=6305MB mono=2802MB uiToolkit=0 gameplayInitialized=1 playRequested=1 simulationActive=1 focused=1 vSync=0 targetFps=-1 topSystems=disabled markers=disabled
[FreezeDetect] Frame gap frame=12548 Gap=323.8ms GC=0/0/0 LastSteps=RoadBuild=0.0ms, BuildingPlacement=295.0ms, Selection=0.2ms, DayNight=0.0ms, CitizenPopulation=0.0ms, MainMenu=8.1ms
[FrameRateDiag] fps=34.8 avgFrame=28.8ms updateAvg=11.4ms updateMax=303.4ms cpuFrame=23.5ms cpuMain=14.1ms cpuRender=1.7ms gpu=12.0ms drawCalls=264 batches=0 setPass=106 tris=321926 verts=476818 units=355 models=11 sourceKeys=355 sourceKeyFallbackVisuals=0 initialSpawnConfigs=1 impostors=3 render=screen=1920x1080,batch=0,quality=0:PC,vSync=0,targetFps=-1,pipeline=Mobile_RPAsset_MobileCandidate,scale=0.75,msaa=0,camera=Main Camera,cameraData=post:1,aa:FastApproximateAntialiasing,stack:0 memory=alloc=5223MB reserved=6185MB mono=2804MB focused=1 playRequested=1 simulationActive=1 stepStats=none topSystems=disabled markers=disabled
[GroundedSignalInputState] phase=Engage outcome=None step=-1 clock=137007 initialized=1 inserted=1 relay=0 hardware=0 recovery=0 aboard=0 secure=0 failure=None
UnityEngine.Debug:Log (object)
Game.Editor.CH04M04GroundedSignalInputProbe:Tick () (at Assets/Game/Scripts/Editor/CH04M04GroundedSignalInputProbe.cs:131)
UnityEditor.EditorApplication:Internal_CallUpdateFunctions () (at /Users/bokken/build/output/unity/unity/Editor/Mono/EditorApplication.cs:403)

[PerfDiag] slowUpdate frame=12769 total=85.7ms gc=1/1/1 cpuFrame=26.1ms cpuMain=20.1ms cpuRender=0.5ms gpu=9.5ms steps=RoadBuild=0.0ms, BuildingPlacement=0.0ms, Selection=0.1ms, DayNight=0.0ms, CitizenPopulation=0.0ms, MainMenu=85.5ms units=355 models=11 sourceKeys=355 sourceKeyFallbackVisuals=0 initialSpawnConfigs=1 drawCalls=266 batches=0 setPass=106 tris=323834 verts=479713 memory=alloc=5184MB reserved=6178MB mono=2469MB uiToolkit=0 gameplayInitialized=1 playRequested=1 simulationActive=1 focused=1 vSync=0 targetFps=-1 topSystems=disabled markers=disabled
[FrameRateDiag] fps=42.7 avgFrame=23.4ms updateAvg=8.4ms updateMax=85.7ms cpuFrame=17.6ms cpuMain=13.9ms cpuRender=1.8ms gpu=10.6ms drawCalls=267 batches=0 setPass=107 tris=323932 verts=479909 units=355 models=11 sourceKeys=355 sourceKeyFallbackVisuals=0 initialSpawnConfigs=1 impostors=3 render=screen=1920x1080,batch=0,quality=0:PC,vSync=0,targetFps=-1,pipeline=Mobile_RPAsset_MobileCandidate,scale=0.75,msaa=0,camera=Main Camera,cameraData=post:1,aa:FastApproximateAntialiasing,stack:0 memory=alloc=5196MB reserved=6177MB mono=2474MB focused=1 playRequested=1 simulationActive=1 stepStats=none topSystems=disabled markers=disabled
[RenderSceneDiag] frame=12782 source=profilerCounters drawCalls=267 batches=0 setPass=107 tris=323932 verts=479909 topSystems=disabled markers=disabled
[AudioDiag] Playback event=VO.ARIA.Message.TacticalBannerAcceptedMoveTitle bus=Voice requestId=164 played=1 status=Presented reason=Played at=246.79 source=null
UnityEngine.Debug:Log (object)
Game.Runtime.AudioPlaybackPresentationDiagnostics:Log (Unity.Entities.EntityManager,Game.Components.AudioPlaybackRequestElement,Game.Configs.AudioEventCatalogEntry,Game.Runtime.AudioPlaybackPresentationResult,single) (at Assets/Game/Scripts/Audio/Runtime/AudioPlaybackPresentationDiagnostics.cs:32)
Game.Runtime.AudioPlaybackPresentationBridgeSystemHelper:DrainAcceptedRequests (Unity.Entities.EntityManager,Game.Configs.AudioEventCatalogConfig,Game.Configs.AudioMixerBusConfig,Game.Runtime.AudioPlaybackPresentationSystemHelper,single) (at Assets/Game/Scripts/Audio/Runtime/AudioPlaybackPresentationBridgeSystemHelper.cs:169)
Game.Runtime.AudioPlaybackPresentationRuntimeView:Update () (at Assets/Game/Scripts/Audio/Runtime/AudioPlaybackPresentationRuntimeView.cs:54)

[Command Cache] Cleaned 12 expired entries
UnityEngine.Debug:Log (object)
Unity.AI.Tracing.ConsoleSink:LogToConsole (string,string,System.Exception) (at ./Library/PackageCache/com.unity.ai.assistant@6fee27370e6a/Modules/Unity.AI.Tracing/TraceSinks.cs:313)
Unity.AI.Tracing.ConsoleSink:Write (Unity.AI.Tracing.TraceEvent) (at ./Library/PackageCache/com.unity.ai.assistant@6fee27370e6a/Modules/Unity.AI.Tracing/TraceSinks.cs:277)
Unity.AI.Tracing.TraceWriter:WriteEventInternal (string,string,Unity.AI.Tracing.TraceEventOptions,string,System.Nullable`1<int>) (at ./Library/PackageCache/com.unity.ai.assistant@6fee27370e6a/Modules/Unity.AI.Tracing/TraceWriter.cs:373)
Unity.AI.Tracing.TraceWriter:Event (string,Unity.AI.Tracing.TraceEventOptions) (at ./Library/PackageCache/com.unity.ai.assistant@6fee27370e6a/Modules/Unity.AI.Tracing/TraceWriter.cs:297)
Unity.AI.Tracing.TraceLogger:Emit (string,string,string,string,Unity.AI.Tracing.TraceEventOptions,object,System.Exception) (at ./Library/PackageCache/com.unity.ai.assistant@6fee27370e6a/Modules/Unity.AI.Tracing/TraceLogger.cs:105)
Unity.AI.Tracing.TraceLogger:Info (string,string,string,Unity.AI.Tracing.TraceEventOptions) (at ./Library/PackageCache/com.unity.ai.assistant@6fee27370e6a/Modules/Unity.AI.Tracing/TraceLogger.cs:35)
Unity.AI.MCP.Editor.Helpers.McpLog:Log (string,Unity.AI.Tracing.TraceEventOptions) (at ./Library/PackageCache/com.unity.ai.assistant@6fee27370e6a/Modules/Unity.AI.MCP.Editor/Helpers/McpLog.cs:15)
Unity.AI.MCP.Editor.Bridge:CleanExpiredCommandResults () (at ./Library/PackageCache/com.unity.ai.assistant@6fee27370e6a/Modules/Unity.AI.MCP.Editor/Bridge.cs:1966)
Unity.AI.MCP.Editor.Bridge:ProcessCommands () (at ./Library/PackageCache/com.unity.ai.assistant@6fee27370e6a/Modules/Unity.AI.MCP.Editor/Bridge.cs:1493)
UnityEditor.EditorApplication:Internal_CallUpdateFunctions () (at /Users/bokken/build/output/unity/unity/Editor/Mono/EditorApplication.cs:403)

[FreezeDetect] Update hitch frame=12975 BuildingPlacement=318.4ms, GC=0/0/0, Total=332.9ms
[PerfDiag] slowUpdate frame=12975 total=332.9ms gc=0/0/0 cpuFrame=25.2ms cpuMain=20.4ms cpuRender=1.9ms gpu=4.9ms steps=RoadBuild=0.0ms, BuildingPlacement=318.4ms, Selection=0.4ms, DayNight=0.0ms, CitizenPopulation=0.0ms, MainMenu=14.2ms units=355 models=11 sourceKeys=355 sourceKeyFallbackVisuals=0 initialSpawnConfigs=1 drawCalls=255 batches=0 setPass=100 tris=323648 verts=479349 memory=alloc=5340MB reserved=6292MB mono=2502MB uiToolkit=0 gameplayInitialized=1 playRequested=1 simulationActive=1 focused=1 vSync=0 targetFps=-1 topSystems=disabled markers=disabled
[GroundedSignalInputState] phase=Engage outcome=None step=-1 clock=141711 initialized=1 inserted=1 relay=0 hardware=0 recovery=0 aboard=0 secure=0 failure=None
UnityEngine.Debug:Log (object)
Game.Editor.CH04M04GroundedSignalInputProbe:Tick () (at Assets/Game/Scripts/Editor/CH04M04GroundedSignalInputProbe.cs:131)
UnityEditor.EditorApplication:Internal_CallUpdateFunctions () (at /Users/bokken/build/output/unity/unity/Editor/Mono/EditorApplication.cs:403)

[FreezeDetect] Frame gap frame=12976 Gap=358.8ms GC=0/0/0 LastSteps=RoadBuild=0.0ms, BuildingPlacement=318.4ms, Selection=0.4ms, DayNight=0.0ms, CitizenPopulation=0.0ms, MainMenu=14.2ms
[FrameRateDiag] fps=43.9 avgFrame=22.8ms updateAvg=10.1ms updateMax=332.9ms cpuFrame=24.3ms cpuMain=18.9ms cpuRender=1.8ms gpu=11.4ms drawCalls=259 batches=0 setPass=100 tris=371234 verts=563607 units=355 models=11 sourceKeys=355 sourceKeyFallbackVisuals=0 initialSpawnConfigs=1 impostors=3 render=screen=1920x1080,batch=0,quality=0:PC,vSync=0,targetFps=-1,pipeline=Mobile_RPAsset_MobileCandidate,scale=0.75,msaa=0,camera=Main Camera,cameraData=post:1,aa:FastApproximateAntialiasing,stack:0 memory=alloc=5212MB reserved=6172MB mono=2504MB focused=1 playRequested=1 simulationActive=1 stepStats=none topSystems=disabled markers=disabled
[GroundedSignalInputState] phase=Engage outcome=None step=-1 clock=147034 initialized=1 inserted=1 relay=0 hardware=0 recovery=0 aboard=0 secure=0 failure=None
UnityEngine.Debug:Log (object)
Game.Editor.CH04M04GroundedSignalInputProbe:Tick () (at Assets/Game/Scripts/Editor/CH04M04GroundedSignalInputProbe.cs:131)
UnityEditor.EditorApplication:Internal_CallUpdateFunctions () (at /Users/bokken/build/output/unity/unity/Editor/Mono/EditorApplication.cs:403)

[FreezeDetect] Update hitch frame=13412 BuildingPlacement=281.5ms, GC=0/0/0, Total=291.8ms
[PerfDiag] slowUpdate frame=13412 total=291.8ms gc=0/0/0 cpuFrame=15.1ms cpuMain=13.0ms cpuRender=1.4ms gpu=6.5ms steps=RoadBuild=0.0ms, BuildingPlacement=281.5ms, Selection=0.2ms, DayNight=0.0ms, CitizenPopulation=0.0ms, MainMenu=10.0ms units=355 models=11 sourceKeys=355 sourceKeyFallbackVisuals=0 initialSpawnConfigs=1 drawCalls=260 batches=0 setPass=101 tris=371236 verts=563611 memory=alloc=5320MB reserved=6278MB mono=2578MB uiToolkit=0 gameplayInitialized=1 playRequested=1 simulationActive=1 focused=1 vSync=0 targetFps=-1 topSystems=disabled markers=disabled
[FreezeDetect] Frame gap frame=13413 Gap=312.8ms GC=0/0/0 LastSteps=RoadBuild=0.0ms, BuildingPlacement=281.5ms, Selection=0.2ms, DayNight=0.0ms, CitizenPopulation=0.0ms, MainMenu=10.0ms
[FrameRateDiag] fps=51.7 avgFrame=19.3ms updateAvg=8.6ms updateMax=291.8ms cpuFrame=15.1ms cpuMain=12.9ms cpuRender=1.5ms gpu=4.3ms drawCalls=259 batches=0 setPass=100 tris=371234 verts=563607 units=355 models=11 sourceKeys=355 sourceKeyFallbackVisuals=0 initialSpawnConfigs=1 impostors=3 render=screen=1920x1080,batch=0,quality=0:PC,vSync=0,targetFps=-1,pipeline=Mobile_RPAsset_MobileCandidate,scale=0.75,msaa=0,camera=Main Camera,cameraData=post:1,aa:FastApproximateAntialiasing,stack:0 memory=alloc=5191MB reserved=6157MB mono=2582MB focused=1 playRequested=1 simulationActive=1 stepStats=none topSystems=disabled markers=disabled
[RenderSceneDiag] frame=13438 source=profilerCounters drawCalls=259 batches=0 setPass=100 tris=371234 verts=563607 topSystems=disabled markers=disabled
[GroundedSignalInputState] phase=Engage outcome=None step=-1 clock=152041 initialized=1 inserted=1 relay=0 hardware=0 recovery=0 aboard=0 secure=0 failure=None
UnityEngine.Debug:Log (object)
Game.Editor.CH04M04GroundedSignalInputProbe:Tick () (at Assets/Game/Scripts/Editor/CH04M04GroundedSignalInputProbe.cs:131)
UnityEditor.EditorApplication:Internal_CallUpdateFunctions () (at /Users/bokken/build/output/unity/unity/Editor/Mono/EditorApplication.cs:403)

[GroundedSignalInputState] phase=Engage outcome=None step=-1 clock=157064 initialized=1 inserted=1 relay=0 hardware=0 recovery=0 aboard=0 secure=0 failure=None
UnityEngine.Debug:Log (object)
Game.Editor.CH04M04GroundedSignalInputProbe:Tick () (at Assets/Game/Scripts/Editor/CH04M04GroundedSignalInputProbe.cs:131)
UnityEditor.EditorApplication:Internal_CallUpdateFunctions () (at /Users/bokken/build/output/unity/unity/Editor/Mono/EditorApplication.cs:403)

[FreezeDetect] Update hitch frame=13863 BuildingPlacement=267.5ms, GC=0/0/0, Total=278.0ms
[PerfDiag] slowUpdate frame=13863 total=278.0ms gc=0/0/0 cpuFrame=16.8ms cpuMain=13.7ms cpuRender=0.5ms gpu=0.2ms steps=RoadBuild=0.0ms, BuildingPlacement=267.5ms, Selection=0.4ms, DayNight=0.0ms, CitizenPopulation=0.0ms, MainMenu=10.0ms units=355 models=11 sourceKeys=355 sourceKeyFallbackVisuals=0 initialSpawnConfigs=1 drawCalls=260 batches=0 setPass=102 tris=371240 verts=563619 memory=alloc=5299MB reserved=6263MB mono=2665MB uiToolkit=0 gameplayInitialized=1 playRequested=1 simulationActive=1 focused=1 vSync=0 targetFps=-1 topSystems=disabled markers=disabled
[FreezeDetect] Frame gap frame=13864 Gap=293.1ms GC=0/0/0 LastSteps=RoadBuild=0.0ms, BuildingPlacement=267.5ms, Selection=0.4ms, DayNight=0.0ms, CitizenPopulation=0.0ms, MainMenu=10.0ms
[FrameRateDiag] fps=47.0 avgFrame=21.3ms updateAvg=8.7ms updateMax=278.0ms cpuFrame=15.2ms cpuMain=13.0ms cpuRender=1.4ms gpu=5.0ms drawCalls=262 batches=0 setPass=104 tris=371254 verts=563647 units=355 models=11 sourceKeys=355 sourceKeyFallbackVisuals=0 initialSpawnConfigs=1 impostors=3 render=screen=1920x1080,batch=0,quality=0:PC,vSync=0,targetFps=-1,pipeline=Mobile_RPAsset_MobileCandidate,scale=0.75,msaa=0,camera=Main Camera,cameraData=post:1,aa:FastApproximateAntialiasing,stack:0 memory=alloc=5172MB reserved=6143MB mono=2669MB focused=1 playRequested=1 simulationActive=1 stepStats=none topSystems=disabled markers=disabled
[GroundedSignalInputState] phase=Engage outcome=None step=-1 clock=162079 initialized=1 inserted=1 relay=0 hardware=0 recovery=0 aboard=0 secure=0 failure=None
UnityEngine.Debug:Log (object)
Game.Editor.CH04M04GroundedSignalInputProbe:Tick () (at Assets/Game/Scripts/Editor/CH04M04GroundedSignalInputProbe.cs:131)
UnityEditor.EditorApplication:Internal_CallUpdateFunctions () (at /Users/bokken/build/output/unity/unity/Editor/Mono/EditorApplication.cs:403)

[FreezeDetect] Update hitch frame=14332 BuildingPlacement=251.0ms, GC=0/0/0, Total=258.3ms
[PerfDiag] slowUpdate frame=14332 total=258.3ms gc=0/0/0 cpuFrame=15.9ms cpuMain=12.7ms cpuRender=0.4ms gpu=6.7ms steps=RoadBuild=0.0ms, BuildingPlacement=251.0ms, Selection=0.3ms, DayNight=0.0ms, CitizenPopulation=0.0ms, MainMenu=7.0ms units=355 models=11 sourceKeys=355 sourceKeyFallbackVisuals=0 initialSpawnConfigs=1 drawCalls=278 batches=0 setPass=121 tris=360918 verts=547181 memory=alloc=5327MB reserved=6259MB mono=2758MB uiToolkit=0 gameplayInitialized=1 playRequested=1 simulationActive=1 focused=1 vSync=0 targetFps=-1 topSystems=disabled markers=disabled
[FreezeDetect] Frame gap frame=14333 Gap=283.1ms GC=0/0/0 LastSteps=RoadBuild=0.0ms, BuildingPlacement=251.0ms, Selection=0.3ms, DayNight=0.0ms, CitizenPopulation=0.0ms, MainMenu=7.0ms
[GroundedSignalInputState] phase=Engage outcome=None step=-1 clock=167102 initialized=1 inserted=1 relay=0 hardware=0 recovery=0 aboard=0 secure=0 failure=None
UnityEngine.Debug:Log (object)
Game.Editor.CH04M04GroundedSignalInputProbe:Tick () (at Assets/Game/Scripts/Editor/CH04M04GroundedSignalInputProbe.cs:131)
UnityEditor.EditorApplication:Internal_CallUpdateFunctions () (at /Users/bokken/build/output/unity/unity/Editor/Mono/EditorApplication.cs:403)

[AudioDiag] Playback event=VO.ARIA.Tutorial.M01.ConfirmThreat.Fa bus=Voice requestId=352 played=1 status=Presented reason=Played at=278.80 source=null
UnityEngine.Debug:Log (object)
Game.Runtime.AudioPlaybackPresentationDiagnostics:Log (Unity.Entities.EntityManager,Game.Components.AudioPlaybackRequestElement,Game.Configs.AudioEventCatalogEntry,Game.Runtime.AudioPlaybackPresentationResult,single) (at Assets/Game/Scripts/Audio/Runtime/AudioPlaybackPresentationDiagnostics.cs:32)
Game.Runtime.AudioPlaybackPresentationBridgeSystemHelper:DrainAcceptedRequests (Unity.Entities.EntityManager,Game.Configs.AudioEventCatalogConfig,Game.Configs.AudioMixerBusConfig,Game.Runtime.AudioPlaybackPresentationSystemHelper,single) (at Assets/Game/Scripts/Audio/Runtime/AudioPlaybackPresentationBridgeSystemHelper.cs:169)
Game.Runtime.AudioPlaybackPresentationRuntimeView:Update () (at Assets/Game/Scripts/Audio/Runtime/AudioPlaybackPresentationRuntimeView.cs:54)

[FrameRateDiag] fps=53.4 avgFrame=18.7ms updateAvg=5.5ms updateMax=16.7ms cpuFrame=20.0ms cpuMain=15.8ms cpuRender=1.6ms gpu=8.8ms drawCalls=196 batches=0 setPass=120 tris=315388 verts=467583 units=355 models=11 sourceKeys=355 sourceKeyFallbackVisuals=0 initialSpawnConfigs=1 impostors=2 render=screen=1920x1080,batch=0,quality=0:PC,vSync=0,targetFps=-1,pipeline=Mobile_RPAsset_MobileCandidate,scale=0.75,msaa=0,camera=Main Camera,cameraData=post:1,aa:FastApproximateAntialiasing,stack:0 memory=alloc=5188MB reserved=6133MB mono=2797MB focused=1 playRequested=1 simulationActive=1 stepStats=none topSystems=disabled markers=disabled
[RenderSceneDiag] frame=14590 source=profilerCounters drawCalls=196 batches=0 setPass=120 tris=315388 verts=467583 topSystems=disabled markers=disabled
[GroundedSignalInputState] phase=Engage outcome=None step=-1 clock=172107 initialized=1 inserted=1 relay=1 hardware=0 recovery=0 aboard=0 secure=0 failure=None
UnityEngine.Debug:Log (object)
Game.Editor.CH04M04GroundedSignalInputProbe:Tick () (at Assets/Game/Scripts/Editor/CH04M04GroundedSignalInputProbe.cs:131)
UnityEditor.EditorApplication:Internal_CallUpdateFunctions () (at /Users/bokken/build/output/unity/unity/Editor/Mono/EditorApplication.cs:403)

[FreezeDetect] Update hitch frame=14779 BuildingPlacement=278.1ms, GC=0/0/0, Total=285.6ms
[PerfDiag] slowUpdate frame=14779 total=285.6ms gc=0/0/0 cpuFrame=14.9ms cpuMain=12.7ms cpuRender=1.5ms gpu=11.4ms steps=RoadBuild=0.0ms, BuildingPlacement=278.1ms, Selection=0.2ms, DayNight=0.0ms, CitizenPopulation=0.0ms, MainMenu=7.3ms units=355 models=11 sourceKeys=355 sourceKeyFallbackVisuals=0 initialSpawnConfigs=1 drawCalls=187 batches=0 setPass=108 tris=314712 verts=466445 memory=alloc=5359MB reserved=6270MB mono=2854MB uiToolkit=0 gameplayInitialized=1 playRequested=1 simulationActive=1 focused=1 vSync=0 targetFps=-1 topSystems=disabled markers=disabled
[FreezeDetect] Frame gap frame=14780 Gap=304.7ms GC=0/0/0 LastSteps=RoadBuild=0.0ms, BuildingPlacement=278.1ms, Selection=0.2ms, DayNight=0.0ms, CitizenPopulation=0.0ms, MainMenu=7.3ms
[FrameRateDiag] fps=47.5 avgFrame=21.0ms updateAvg=9.4ms updateMax=285.6ms cpuFrame=27.8ms cpuMain=25.0ms cpuRender=1.3ms gpu=5.5ms drawCalls=186 batches=0 setPass=107 tris=314710 verts=466441 units=355 models=11 sourceKeys=355 sourceKeyFallbackVisuals=0 initialSpawnConfigs=1 impostors=2 render=screen=1920x1080,batch=0,quality=0:PC,vSync=0,targetFps=-1,pipeline=Mobile_RPAsset_MobileCandidate,scale=0.75,msaa=0,camera=Main Camera,cameraData=post:1,aa:FastApproximateAntialiasing,stack:0 memory=alloc=5218MB reserved=6151MB mono=2858MB focused=1 playRequested=1 simulationActive=1 stepStats=none topSystems=disabled markers=disabled
[PerfDiag] slowUpdate frame=14806 total=29.4ms gc=0/0/0 cpuFrame=27.2ms cpuMain=24.1ms cpuRender=1.4ms gpu=4.3ms steps=RoadBuild=0.0ms, BuildingPlacement=0.0ms, Selection=0.7ms, DayNight=0.0ms, CitizenPopulation=0.0ms, MainMenu=28.6ms units=355 models=11 sourceKeys=355 sourceKeyFallbackVisuals=0 initialSpawnConfigs=1 drawCalls=190 batches=0 setPass=111 tris=314722 verts=466465 memory=alloc=5218MB reserved=6151MB mono=2859MB uiToolkit=0 gameplayInitialized=1 playRequested=1 simulationActive=1 focused=1 vSync=0 targetFps=-1 topSystems=disabled markers=disabled
[FrameRateDiag] fps=52.3 avgFrame=19.1ms updateAvg=7.3ms updateMax=67.6ms cpuFrame=16.6ms cpuMain=13.7ms cpuRender=0.5ms gpu=6.1ms drawCalls=190 batches=0 setPass=105 tris=336053 verts=499489 units=352 models=8 sourceKeys=352 sourceKeyFallbackVisuals=0 initialSpawnConfigs=1 impostors=2 render=screen=1920x1080,batch=0,quality=0:PC,vSync=0,targetFps=-1,pipeline=Mobile_RPAsset_MobileCandidate,scale=0.75,msaa=0,camera=Main Camera,cameraData=post:1,aa:FastApproximateAntialiasing,stack:0 memory=alloc=5224MB reserved=6151MB mono=2491MB focused=1 playRequested=1 simulationActive=1 stepStats=none topSystems=disabled markers=disabled
[GroundedSignalInputState] phase=Engage outcome=None step=-1 clock=177116 initialized=1 inserted=1 relay=1 hardware=0 recovery=0 aboard=0 secure=0 failure=None
UnityEngine.Debug:Log (object)
Game.Editor.CH04M04GroundedSignalInputProbe:Tick () (at Assets/Game/Scripts/Editor/CH04M04GroundedSignalInputProbe.cs:131)
UnityEditor.EditorApplication:Internal_CallUpdateFunctions () (at /Users/bokken/build/output/unity/unity/Editor/Mono/EditorApplication.cs:403)

[PerfDiag] slowUpdate frame=14958 total=40.4ms gc=0/0/0 cpuFrame=15.1ms cpuMain=12.8ms cpuRender=1.3ms gpu=6.5ms steps=RoadBuild=0.0ms, BuildingPlacement=0.1ms, Selection=0.2ms, DayNight=0.0ms, CitizenPopulation=0.0ms, MainMenu=40.1ms units=352 models=8 sourceKeys=352 sourceKeyFallbackVisuals=0 initialSpawnConfigs=1 drawCalls=187 batches=0 setPass=105 tris=239499 verts=400280 memory=alloc=5228MB reserved=6151MB mono=2498MB uiToolkit=0 gameplayInitialized=1 playRequested=1 simulationActive=1 focused=1 vSync=0 targetFps=-1 topSystems=disabled markers=disabled
[FrameRateDiag] fps=52.3 avgFrame=19.1ms updateAvg=6.5ms updateMax=40.4ms cpuFrame=18.8ms cpuMain=16.2ms cpuRender=1.6ms gpu=4.5ms drawCalls=195 batches=0 setPass=105 tris=264617 verts=407077 units=352 models=8 sourceKeys=352 sourceKeyFallbackVisuals=0 initialSpawnConfigs=1 impostors=1 render=screen=1920x1080,batch=0,quality=0:PC,vSync=0,targetFps=-1,pipeline=Mobile_RPAsset_MobileCandidate,scale=0.75,msaa=0,camera=Main Camera,cameraData=post:1,aa:FastApproximateAntialiasing,stack:0 memory=alloc=5207MB reserved=6150MB mono=2506MB focused=1 playRequested=1 simulationActive=1 stepStats=none topSystems=disabled markers=disabled
[PerfDiag] slowUpdate frame=15014 total=30.3ms gc=0/0/0 cpuFrame=18.3ms cpuMain=14.5ms cpuRender=0.6ms gpu=6.5ms steps=RoadBuild=0.0ms, BuildingPlacement=0.0ms, Selection=0.2ms, DayNight=0.0ms, CitizenPopulation=0.0ms, MainMenu=30.0ms units=352 models=8 sourceKeys=352 sourceKeyFallbackVisuals=0 initialSpawnConfigs=1 drawCalls=207 batches=0 setPass=104 tris=303522 verts=478662 memory=alloc=5207MB reserved=6150MB mono=2507MB uiToolkit=0 gameplayInitialized=1 playRequested=1 simulationActive=1 focused=1 vSync=0 targetFps=-1 topSystems=disabled markers=disabled
[PerfDiag] slowUpdate frame=15062 total=33.8ms gc=0/0/0 cpuFrame=16.3ms cpuMain=13.7ms cpuRender=1.7ms gpu=4.2ms steps=RoadBuild=0.0ms, BuildingPlacement=0.0ms, Selection=0.2ms, DayNight=0.0ms, CitizenPopulation=0.0ms, MainMenu=33.5ms units=352 models=8 sourceKeys=352 sourceKeyFallbackVisuals=0 initialSpawnConfigs=1 drawCalls=140 batches=0 setPass=110 tris=304014 verts=458275 memory=alloc=5211MB reserved=6150MB mono=2514MB uiToolkit=0 gameplayInitialized=1 playRequested=1 simulationActive=1 focused=1 vSync=0 targetFps=-1 topSystems=disabled markers=disabled
[PerfDiag] slowUpdate frame=15159 total=29.2ms gc=0/0/0 cpuFrame=17.2ms cpuMain=12.6ms cpuRender=1.5ms gpu=4.5ms steps=RoadBuild=0.0ms, BuildingPlacement=0.1ms, Selection=0.2ms, DayNight=0.0ms, CitizenPopulation=0.0ms, MainMenu=28.9ms units=351 models=7 sourceKeys=351 sourceKeyFallbackVisuals=0 initialSpawnConfigs=1 drawCalls=193 batches=0 setPass=105 tris=324618 verts=518598 memory=alloc=5216MB reserved=6150MB mono=2528MB uiToolkit=0 gameplayInitialized=1 playRequested=1 simulationActive=1 focused=1 vSync=0 targetFps=-1 topSystems=disabled markers=disabled
[GroundedSignalInputState] phase=Engage outcome=None step=-1 clock=180570 initialized=1 inserted=1 relay=1 hardware=0 recovery=0 aboard=0 secure=0 failure=None
UnityEngine.Debug:Log (object)
Game.Editor.CH04M04GroundedSignalInputProbe:Tick () (at Assets/Game/Scripts/Editor/CH04M04GroundedSignalInputProbe.cs:131)
UnityEditor.EditorApplication:Internal_CallUpdateFunctions () (at /Users/bokken/build/output/unity/unity/Editor/Mono/EditorApplication.cs:403)

[PerfDiag] slowUpdate frame=15266 total=33.3ms gc=0/0/0 cpuFrame=16.0ms cpuMain=13.7ms cpuRender=1.4ms gpu=5.2ms steps=RoadBuild=0.0ms, BuildingPlacement=0.1ms, Selection=0.2ms, DayNight=0.0ms, CitizenPopulation=0.0ms, MainMenu=33.1ms units=351 models=7 sourceKeys=351 sourceKeyFallbackVisuals=0 initialSpawnConfigs=1 drawCalls=196 batches=0 setPass=106 tris=268727 verts=415956 memory=alloc=5222MB reserved=6150MB mono=2543MB uiToolkit=0 gameplayInitialized=1 playRequested=1 simulationActive=1 focused=1 vSync=0 targetFps=-1 topSystems=disabled markers=disabled
InvalidOperationException: ARIA stopped before victory: Blocked
Game.Editor.CH04M04GroundedSignalInputProbe.Tick () (at Assets/Game/Scripts/Editor/CH04M04GroundedSignalInputProbe.cs:142)
UnityEngine.Debug:LogException(Exception)
Game.Editor.CH04M04GroundedSignalInputProbe:Tick() (at Assets/Game/Scripts/Editor/CH04M04GroundedSignalInputProbe.cs:201)
UnityEditor.EditorApplication:Internal_CallUpdateFunctions() (at /Users/bokken/build/output/unity/unity/Editor/Mono/EditorApplication.cs:403)

[GroundedSignalInput] result=Failed ARIA stopped before victory: Blocked
UnityEngine.Debug:Log (object)
Game.Editor.CH04M04GroundedSignalInputProbe:Complete (bool,string) (at Assets/Game/Scripts/Editor/CH04M04GroundedSignalInputProbe.cs:348)
Game.Editor.CH04M04GroundedSignalInputProbe:Tick () (at Assets/Game/Scripts/Editor/CH04M04GroundedSignalInputProbe.cs:201)
UnityEditor.EditorApplication:Internal_CallUpdateFunctions () (at /Users/bokken/build/output/unity/unity/Editor/Mono/EditorApplication.cs:403)

[ExistingEditorValidation] result=Failed executeMethod=Game.Editor.CH04M04GroundedSignalInputProbe.RunPersianWatch
UnityEngine.Debug:Log (object)
Game.Editor.ExistingEditorValidation/<Run>d__9:MoveNext () (at Assets/Game/Scripts/Editor/ExistingEditorValidation.cs:109)
UnityEngine.UnitySynchronizationContext:ExecuteTasks () (at /Users/bokken/build/output/unity/unity/Runtime/Export/Scripting/UnitySynchronizationContext.cs:110)

